{
    "IMAGE_INFO": {
        "FILE_NAME": "100322@2_04001_220723_P1_T1.jpg",
        "DATE": "2022-07-23 13:11:53",
        "RESOLUTION": "4032 x 2268",
        "IMAGE_PHOTOGRAPHER": "김현아",
        "FOCUS_DISTANCE": "4.2",
        "EXPOSURE_TIME": "0.00157",
        "SENSITIVITY_ISO": null,
        "PLACE": "주택가분리수거장",
        "REGION_NAME": null,
        "Direction": "2",
        "HEIGHT": null,
        "DAY/NIGHT": "주간",
        "WEATHER": "흐림",
        "IMAGE_HEIGHT": 2268,
        "IMAGE_WIDTH": 4032,
        "IMAGE_SIZE": "3.2 MB"
    },
    "ANNOTATION_INFO": [
        {
            "ID": "1",
            "CLASS": "플라스틱",
            "DETAILS": "PE",
            "DAMAGE": "원형",
            "DIRTINESS": "이물질(외부)",
            "COVER": "없음",
            "TRANSPARENCY": "불투명",
            "SHAPE": "일반용기형",
            "SHAPE_TYPE": "BOX",
            "POINTS": [
                [
                    1054.7081021087681,
                    693.8041065482797,
                    2064.1065482796903,
                    961.5715871254164
                ]
            ]
        }
    ]
}