{
    "IMAGE_INFO": {
        "FILE_NAME": "100310@5_04001_220723_P1_T1.jpg",
        "DATE": "2022-07-23 13:19:30",
        "RESOLUTION": "4032 x 2268",
        "IMAGE_PHOTOGRAPHER": "김현아",
        "FOCUS_DISTANCE": "4.2",
        "EXPOSURE_TIME": "0.00128",
        "SENSITIVITY_ISO": null,
        "PLACE": "주택가분리수거장",
        "REGION_NAME": null,
        "Direction": "5",
        "HEIGHT": null,
        "DAY/NIGHT": "주간",
        "WEATHER": "흐림",
        "IMAGE_HEIGHT": 2268,
        "IMAGE_WIDTH": 4032,
        "IMAGE_SIZE": "4.2 MB"
    },
    "ANNOTATION_INFO": [
        {
            "ID": "1",
            "CLASS": "플라스틱",
            "DETAILS": "PE",
            "DAMAGE": "원형",
            "DIRTINESS": "이물질(외부)",
            "COVER": "없음",
            "TRANSPARENCY": "불투명",
            "SHAPE": "손잡이용기형",
            "SHAPE_TYPE": "BOX",
            "POINTS": [
                [
                    742.5749167591565,
                    589.5918978912321,
                    2330.9300776914542,
                    836.7183129855716
                ]
            ]
        }
    ]
}