{
    "IMAGE_INFO": {
        "FILE_NAME": "100360@3_04001_220723_P1_T1.jpg",
        "DATE": "2022-07-23 13:11:41",
        "RESOLUTION": "4032 x 2268",
        "IMAGE_PHOTOGRAPHER": "김현아",
        "FOCUS_DISTANCE": "4.2",
        "EXPOSURE_TIME": "0.00177",
        "SENSITIVITY_ISO": null,
        "PLACE": "주택가분리수거장",
        "REGION_NAME": null,
        "Direction": "3",
        "HEIGHT": null,
        "DAY/NIGHT": "주간",
        "WEATHER": "흐림",
        "IMAGE_HEIGHT": 2268,
        "IMAGE_WIDTH": 4032,
        "IMAGE_SIZE": "4.3 MB"
    },
    "ANNOTATION_INFO": [
        {
            "ID": "1",
            "CLASS": "플라스틱",
            "DETAILS": "PE",
            "DAMAGE": "원형",
            "DIRTINESS": "오염없음",
            "COVER": "없음",
            "TRANSPARENCY": "불투명",
            "SHAPE": "스프레이용기형",
            "SHAPE_TYPE": "BOX",
            "POINTS": [
                [
                    1772.110987791343,
                    505.2514974472809,
                    1052.19089900111,
                    1376.6724759156496
                ]
            ]
        }
    ]
}