{
    "IMAGE_INFO": {
        "FILE_NAME": "10077@2_04001_220722_P1_T1.jpg",
        "DATE": "2022-07-22 13:15:44",
        "RESOLUTION": "4032 x 2268",
        "IMAGE_PHOTOGRAPHER": "유은주",
        "FOCUS_DISTANCE": null,
        "EXPOSURE_TIME": null,
        "SENSITIVITY_ISO": null,
        "PLACE": "주택가분리수거장",
        "REGION_NAME": null,
        "Direction": "2",
        "HEIGHT": null,
        "DAY/NIGHT": "주간",
        "WEATHER": "흐림",
        "IMAGE_HEIGHT": 2268,
        "IMAGE_WIDTH": 4032,
        "IMAGE_SIZE": "4.8 MB"
    },
    "ANNOTATION_INFO": [
        {
            "ID": "1",
            "CLASS": "플라스틱",
            "DETAILS": "PE",
            "DAMAGE": "원형",
            "DIRTINESS": "이물질(외부)",
            "COVER": "없음",
            "TRANSPARENCY": "투명",
            "SHAPE": "파이프형",
            "SHAPE_TYPE": "BOX",
            "POINTS": [
                [
                    775.5718501294963,
                    1006.1490652873409,
                    2103.4414908776985,
                    724.5909262825877
                ]
            ]
        }
    ]
}