{
    "IMAGE_INFO": {
        "FILE_NAME": "10070@2_04001_220722_P1_T1.jpg",
        "DATE": "2022-07-22 13:17:16",
        "RESOLUTION": "4032 x 2268",
        "IMAGE_PHOTOGRAPHER": "유은주",
        "FOCUS_DISTANCE": null,
        "EXPOSURE_TIME": null,
        "SENSITIVITY_ISO": null,
        "PLACE": "주택가분리수거장",
        "REGION_NAME": null,
        "Direction": "2",
        "HEIGHT": null,
        "DAY/NIGHT": "주간",
        "WEATHER": "흐림",
        "IMAGE_HEIGHT": 2268,
        "IMAGE_WIDTH": 4032,
        "IMAGE_SIZE": "3.9 MB"
    },
    "ANNOTATION_INFO": [
        {
            "ID": "1",
            "CLASS": "플라스틱",
            "DETAILS": "PE",
            "DAMAGE": "원형",
            "DIRTINESS": "이물질(외부)",
            "COVER": "없음",
            "TRANSPARENCY": "불투명",
            "SHAPE": "손잡이용기형",
            "SHAPE_TYPE": "BOX",
            "POINTS": [
                [
                    694.7961622952139,
                    876.9461591087301,
                    1973.3517007263695,
                    918.354998407148
                ]
            ]
        }
    ]
}