{
    "IMAGE_INFO": {
        "FILE_NAME": "10081@4_04001_220722_P1_T1.jpg",
        "DATE": "2022-07-22 13:11:17",
        "RESOLUTION": "4032 x 2268",
        "IMAGE_PHOTOGRAPHER": "유은주",
        "FOCUS_DISTANCE": null,
        "EXPOSURE_TIME": null,
        "SENSITIVITY_ISO": null,
        "PLACE": "주택가분리수거장",
        "REGION_NAME": null,
        "Direction": "4",
        "HEIGHT": null,
        "DAY/NIGHT": "주간",
        "WEATHER": "흐림",
        "IMAGE_HEIGHT": 2268,
        "IMAGE_WIDTH": 4032,
        "IMAGE_SIZE": "3.8 MB"
    },
    "ANNOTATION_INFO": [
        {
            "ID": "1",
            "CLASS": "플라스틱",
            "DETAILS": "PE",
            "DAMAGE": "찌그러짐",
            "DIRTINESS": "오염없음",
            "COVER": "없음",
            "TRANSPARENCY": "불투명",
            "SHAPE": "손잡이용기형",
            "SHAPE_TYPE": "BOX",
            "POINTS": [
                [
                    1352.9915298451247,
                    303.21182857156896,
                    1585.608621636889,
                    1665.0458440734026
                ]
            ]
        }
    ]
}