{
    "IMAGE_INFO": {
        "FILE_NAME": "10085@1_04001_220722_P1_T1.jpg",
        "DATE": "2022-07-22 13:11:13",
        "RESOLUTION": "4032 x 2268",
        "IMAGE_PHOTOGRAPHER": "유은주",
        "FOCUS_DISTANCE": null,
        "EXPOSURE_TIME": null,
        "SENSITIVITY_ISO": null,
        "PLACE": "주택가분리수거장",
        "REGION_NAME": null,
        "Direction": "1",
        "HEIGHT": null,
        "DAY/NIGHT": "주간",
        "WEATHER": "흐림",
        "IMAGE_HEIGHT": 2268,
        "IMAGE_WIDTH": 4032,
        "IMAGE_SIZE": "6.0 MB"
    },
    "ANNOTATION_INFO": [
        {
            "ID": "1",
            "CLASS": "플라스틱",
            "DETAILS": "PE",
            "DAMAGE": "찌그러짐",
            "DIRTINESS": "오염없음",
            "COVER": "없음",
            "TRANSPARENCY": "불투명",
            "SHAPE": "손잡이용기형",
            "SHAPE_TYPE": "BOX",
            "POINTS": [
                [
                    1270.2892521442361,
                    968.6615410761706,
                    1012.2094050115722,
                    687.4268881933763
                ]
            ]
        }
    ]
}