{
    "IMAGE_INFO": {
        "FILE_NAME": "1009823@4_04001_221020_P1_T1.jpg",
        "DATE": "2022-09-22 12:00:21",
        "RESOLUTION": "4000 x 2250",
        "IMAGE_PHOTOGRAPHER": "신미경",
        "FOCUS_DISTANCE": "4.6",
        "EXPOSURE_TIME": "0.00400",
        "SENSITIVITY_ISO": null,
        "PLACE": "주택가분리수거장",
        "REGION_NAME": null,
        "Direction": "4",
        "HEIGHT": null,
        "DAY/NIGHT": "주간",
        "WEATHER": "맑음",
        "IMAGE_HEIGHT": 2250,
        "IMAGE_WIDTH": 4000,
        "IMAGE_SIZE": "3.3 MB"
    },
    "ANNOTATION_INFO": [
        {
            "ID": "1",
            "CLASS": "플라스틱",
            "DETAILS": "PE",
            "DAMAGE": "원형",
            "DIRTINESS": "이물질(외부)",
            "COVER": "없음",
            "TRANSPARENCY": "불투명",
            "SHAPE": "일반용기형",
            "SHAPE_TYPE": "POLYGON",
            "POINTS": [
                [
                    2384.3053318534967,
                    719.1765349611544
                ],
                [
                    2377.75900554939,
                    681.2078423973365
                ],
                [
                    2371.2126792452837,
                    587.5953762486128
                ],
                [
                    2359.4292918978917,
                    515.5857869034407
                ],
                [
                    2333.8986193118762,
                    457.97811542730307
                ],
                [
                    2284.801172031077,
                    402.988974472808
                ],
                [
                    2169.5858290788024,
                    331.6340177580466
                ],
                [
                    2064.189975582687,
                    310.68577358490563
                ],
                [
                    1963.376550499446,
                    310.68577358490563
                ],
                [
                    1837.0324528301896,
                    328.36085460599327
                ],
                [
                    1746.0385172031083,
                    376.80366925638185
                ],
                [
                    1665.518703662598,
                    446.1947280799112
                ],
                [
                    1639.3333984461717,
                    505.1116648168702
                ],
                [
                    1629.5139089900117,
                    537.843296337403
                ],
                [
                    1607.9110321864605,
                    717.2126370699225
                ],
                [
                    1555.5404217536077,
                    793.1500221975583
                ],
                [
                    1532.628279689235,
                    872.3605704772475
                ],
                [
                    1519.5356270810219,
                    977.7564239733631
                ],
                [
                    1493.3503218645953,
                    1250.0835982241956
                ],
                [
                    1462.582588235294,
                    1533.5395271920092
                ],
                [
                    1446.216772475028,
                    1715.527398446171
                ],
                [
                    1461.9279556048834,
                    1776.4082330743622
                ],
                [
                    1526.081953385128,
                    1841.2168634850166
                ],
                [
                    1627.5500110987796,
                    1892.9328412874584
                ],
                [
                    1749.3116803551613,
                    1928.2830033296336
                ],
                [
                    1907.0781442841294,
                    1947.267349611543
                ],
                [
                    2142.7458912319653,
                    1943.9941864594896
                ],
                [
                    2309.0225793562713,
                    1909.298657047725
                ],
                [
                    2416.3823307436187,
                    1868.7114339622642
                ],
                [
                    2492.319715871255,
                    1814.37692563818
                ],
                [
                    2540.762530521643,
                    1735.1663773584908
                ],
                [
                    2540.762530521643,
                    1685.414297447281
                ],
                [
                    2513.9225926748063,
                    1388.211083240843
                ],
                [
                    2458.9334517203115,
                    894.6180799112092
                ],
                [
                    2449.1139622641513,
                    821.2992253052156
                ],
                [
                    2407.8721065482796,
                    749.2896359600437
                ]
            ]
        }
    ]
}