{
    "IMAGE_INFO": {
        "FILE_NAME": "1010199@4_04001_221020_P1_T1.jpg",
        "DATE": "2022-09-23 13:43:39",
        "RESOLUTION": "4000 x 2250",
        "IMAGE_PHOTOGRAPHER": "신미경",
        "FOCUS_DISTANCE": "4.6",
        "EXPOSURE_TIME": "0.00673",
        "SENSITIVITY_ISO": null,
        "PLACE": "주택가분리수거장",
        "REGION_NAME": null,
        "Direction": "4",
        "HEIGHT": null,
        "DAY/NIGHT": "주간",
        "WEATHER": "맑음",
        "IMAGE_HEIGHT": 2250,
        "IMAGE_WIDTH": 4000,
        "IMAGE_SIZE": "6.6 MB"
    },
    "ANNOTATION_INFO": [
        {
            "ID": "1",
            "CLASS": "플라스틱",
            "DETAILS": "PE",
            "DAMAGE": "원형",
            "DIRTINESS": "이물질(외부)",
            "COVER": "없음",
            "TRANSPARENCY": "불투명",
            "SHAPE": "스프레이용기형",
            "SHAPE_TYPE": "POLYGON",
            "POINTS": [
                [
                    2095.9661400932305,
                    377.57785033518326
                ],
                [
                    2078.202029034407,
                    336.35170580244176
                ],
                [
                    2053.3993079334077,
                    310.2082970743619
                ],
                [
                    2029.93727445949,
                    286.7462636004439
                ],
                [
                    1946.814641580467,
                    291.1034983884573
                ],
                [
                    1908.2698723018873,
                    329.31309576026644
                ],
                [
                    1909.9457318357386,
                    394.33644567369595
                ],
                [
                    1914.9733104372926,
                    438.57913736736964
                ],
                [
                    1902.169743598669,
                    510.7081317043286
                ],
                [
                    1904.1807750392904,
                    600.400133956049
                ],
                [
                    1908.2028379205328,
                    696.125230529634
                ],
                [
                    1925.0955020217539,
                    801.9054843063266
                ],
                [
                    1937.5638969536076,
                    906.8813255067707
                ],
                [
                    1935.552865512986,
                    951.5262234885687
                ],
                [
                    1932.3352152079915,
                    1026.3365930796897
                ],
                [
                    1932.737421496116,
                    1077.4167916714769
                ],
                [
                    1921.0734391405108,
                    1115.6263890432858
                ],
                [
                    1902.9741561749172,
                    1161.8801121775812
                ],
                [
                    1882.4616354805773,
                    1174.7507133975591
                ],
                [
                    1845.056450685017,
                    1268.0625722423981
                ],
                [
                    1815.293185363818,
                    1361.3744310872373
                ],
                [
                    1791.9652206526082,
                    1479.6230797957835
                ],
                [
                    1785.5299200426193,
                    1550.0091802175368
                ],
                [
                    1786.0125675883692,
                    1647.5039844588691
                ],
                [
                    1791.8043381373598,
                    1797.124723641111
                ],
                [
                    1804.8358218725873,
                    1837.184469938292
                ],
                [
                    1832.34673198029,
                    1903.307183705928
                ],
                [
                    1871.9238307317219,
                    1941.9189873658615
                ],
                [
                    1922.6018230353845,
                    1971.3604876565607
                ],
                [
                    1990.6551269860172,
                    1995.0102173982698
                ],
                [
                    2063.5349063941417,
                    2000.319340401511
                ],
                [
                    2125.796439795784,
                    1991.631684578026
                ],
                [
                    2186.6100305601794,
                    1961.7075367415773
                ],
                [
                    2225.2218342201127,
                    1932.2660364508781
                ],
                [
                    2258.524514876806,
                    1880.6227490557173
                ],
                [
                    2285.5527774387588,
                    1798.5726662783588
                ],
                [
                    2304.858679268725,
                    1661.9834108313444
                ],
                [
                    2312.098392454963,
                    1514.7759093778482
                ],
                [
                    2303.4107366314774,
                    1391.7007852118102
                ],
                [
                    2281.691597072765,
                    1257.5247674935415
                ],
                [
                    2262.868342788548,
                    1142.6546516052397
                ],
                [
                    2300.5148513569834,
                    1116.5916841347848
                ],
                [
                    2326.0951712816886,
                    1081.3584132950955
                ],
                [
                    2337.678712379669,
                    1036.4721915404227
                ],
                [
                    2340.5745976541634,
                    953.4568136715662
                ],
                [
                    2332.369589376428,
                    824.5899189565383
                ],
                [
                    2315.476925275207,
                    726.129819623708
                ],
                [
                    2267.6948182460396,
                    601.1241052746734
                ],
                [
                    2197.71092411241,
                    490.11516975236475
                ]
            ]
        }
    ]
}