{
    "IMAGE_INFO": {
        "FILE_NAME": "1010410@5_04001_221020_P1_T1.jpg",
        "DATE": "2022-09-23 13:43:44",
        "RESOLUTION": "4000 x 2250",
        "IMAGE_PHOTOGRAPHER": "신미경",
        "FOCUS_DISTANCE": "4.6",
        "EXPOSURE_TIME": "0.00567",
        "SENSITIVITY_ISO": null,
        "PLACE": "주택가분리수거장",
        "REGION_NAME": null,
        "Direction": "5",
        "HEIGHT": null,
        "DAY/NIGHT": "주간",
        "WEATHER": "맑음",
        "IMAGE_HEIGHT": 2250,
        "IMAGE_WIDTH": 4000,
        "IMAGE_SIZE": "5.7 MB"
    },
    "ANNOTATION_INFO": [
        {
            "ID": "1",
            "CLASS": "플라스틱",
            "DETAILS": "PE",
            "DAMAGE": "원형",
            "DIRTINESS": "이물질(외부)",
            "COVER": "없음",
            "TRANSPARENCY": "불투명",
            "SHAPE": "스프레이용기형",
            "SHAPE_TYPE": "POLYGON",
            "POINTS": [
                [
                    2413.475160932298,
                    555.4844950055493
                ],
                [
                    2480.5750055493904,
                    510.47850166481675
                ],
                [
                    2626.2307658157606,
                    482.6566148723639
                ],
                [
                    2645.8697447280797,
                    391.0080466148722
                ],
                [
                    2640.141709211987,
                    318.9984572697001
                ],
                [
                    2596.7722974472813,
                    248.6254495005547
                ],
                [
                    2454.389700332963,
                    259.2632297447278
                ],
                [
                    2200.719556048835,
                    254.35348501664794
                ],
                [
                    1983.054206437292,
                    264.991265260821
                ],
                [
                    1780.1180910099888,
                    290.35827968923394
                ],
                [
                    1699.9255937846833,
                    313.27042175360685
                ],
                [
                    1629.5525860155385,
                    349.2752164261929
                ],
                [
                    1521.5382019977806,
                    452.3798557158711
                ],
                [
                    1447.0737402885684,
                    581.6698002219755
                ],
                [
                    1415.1603995560488,
                    705.2317092119866
                ],
                [
                    1435.6176692563818,
                    760.8754827968924
                ],
                [
                    1489.6248612652607,
                    805.8814761376249
                ],
                [
                    1545.2686348501663,
                    821.429001109878
                ],
                [
                    1717.1097003329637,
                    823.0655826859046
                ],
                [
                    1712.1999556048834,
                    940.8994561598224
                ],
                [
                    1723.6560266370698,
                    975.2676692563819
                ],
                [
                    1638.5537846836849,
                    1111.9222308546061
                ],
                [
                    1577.181975582686,
                    1179.0220754716984
                ],
                [
                    1523.174783573807,
                    1234.665849056604
                ],
                [
                    1478.9870810210878,
                    1307.4937291897895
                ],
                [
                    1435.6176692563818,
                    1396.687425083241
                ],
                [
                    1431.5262153163153,
                    1489.9725749167594
                ],
                [
                    1429.0713429522755,
                    1561.9821642619315
                ],
                [
                    1460.1663928967814,
                    1695.3635627081023
                ],
                [
                    1532.1759822419533,
                    1814.834017758047
                ],
                [
                    1638.553784683685,
                    1917.1203662597118
                ],
                [
                    1690.9243951165374,
                    1946.5788346281913
                ],
                [
                    1785.027835738069,
                    1971.1275582685907
                ],
                [
                    2019.8772918978918,
                    1967.8543951165375
                ],
                [
                    2127.8916759156496,
                    1920.393529411765
                ],
                [
                    2212.175627081021,
                    1840.2010321864598
                ],
                [
                    2292.3681243063265,
                    1740.369556048835
                ],
                [
                    2345.5570255271923,
                    1638.9014983351833
                ],
                [
                    2364.3777136514987,
                    1520.2493340732522
                ],
                [
                    2353.7399334073257,
                    1401.5971698113208
                ],
                [
                    2307.097358490567,
                    1299.3108213096561
                ],
                [
                    2227.7231520532746,
                    1184.7501109877915
                ],
                [
                    2181.898867924529,
                    1133.1977913429525
                ],
                [
                    2100.8880799112103,
                    990.8151942286352
                ],
                [
                    2129.5282574916764,
                    931.0799667036629
                ],
                [
                    2125.4368035516104,
                    813.2460932297448
                ],
                [
                    2172.8976692563824,
                    795.243695893452
                ],
                [
                    2186.808612652609,
                    741.2365038845728
                ],
                [
                    2212.993917869035,
                    688.047602663707
                ],
                [
                    2268.6376914539414,
                    641.4050277469479
                ],
                [
                    2308.7339400665937,
                    661.0440066592676
                ],
                [
                    2353.739933407326,
                    731.417014428413
                ],
                [
                    2433.9324306326307,
                    899.9849167591565
                ],
                [
                    2467.482352941177,
                    940.0811653718091
                ],
                [
                    2498.577402885683,
                    949.900654827969
                ],
                [
                    2500.2139844617095,
                    889.3471365149834
                ],
                [
                    2491.212785793563,
                    868.071576026637
                ],
                [
                    2494.485948945616,
                    781.3327524972254
                ],
                [
                    2448.6616648168706,
                    640.5867369589345
                ],
                [
                    2412.6568701442848,
                    577.5783462819093
                ]
            ]
        }
    ]
}