{
    "IMAGE_INFO": {
        "FILE_NAME": "1010027@2_04001_221020_P1_T1.jpg",
        "DATE": "2022-09-21 11:45:04",
        "RESOLUTION": "4000 x 2250",
        "IMAGE_PHOTOGRAPHER": "신미경",
        "FOCUS_DISTANCE": "4.6",
        "EXPOSURE_TIME": "0.01667",
        "SENSITIVITY_ISO": null,
        "PLACE": "주택가분리수거장",
        "REGION_NAME": null,
        "Direction": "2",
        "HEIGHT": null,
        "DAY/NIGHT": "주간",
        "WEATHER": "맑음",
        "IMAGE_HEIGHT": 2250,
        "IMAGE_WIDTH": 4000,
        "IMAGE_SIZE": "5.0 MB"
    },
    "ANNOTATION_INFO": [
        {
            "ID": "1",
            "CLASS": "플라스틱",
            "DETAILS": "PE",
            "DAMAGE": "원형",
            "DIRTINESS": "이물질(외부)",
            "COVER": "없음",
            "TRANSPARENCY": "불투명",
            "SHAPE": "스프레이용기형",
            "SHAPE_TYPE": "POLYGON",
            "POINTS": [
                [
                    1630.7587658157602,
                    673.7855613762483
                ],
                [
                    1587.553012208657,
                    739.7725305216425
                ],
                [
                    1543.5616994450609,
                    842.6807800221973
                ],
                [
                    1527.8505163152051,
                    929.0922872364039
                ],
                [
                    1519.9949247502773,
                    997.4359338512763
                ],
                [
                    1497.2137092119863,
                    1033.5716550499444
                ],
                [
                    1509.7826557158712,
                    1095.6308284128745
                ],
                [
                    1541.2050219755827,
                    1100.3441833518314
                ],
                [
                    1584.4107755826858,
                    1061.066225527192
                ],
                [
                    1637.8287982241952,
                    946.3745886792451
                ],
                [
                    1694.3890574916759,
                    867.0331138734738
                ],
                [
                    1765.8749407325195,
                    758.6259502774693
                ],
                [
                    1808.2951351831298,
                    738.9869713651497
                ],
                [
                    1856.2142437291895,
                    761.7681869034407
                ],
                [
                    1866.4265127635958,
                    803.4028221975582
                ],
                [
                    1893.135524084351,
                    871.7464688124304
                ],
                [
                    1917.4878579356268,
                    874.8887054384016
                ],
                [
                    1911.9889438401776,
                    957.3724168701443
                ],
                [
                    1915.1311804661486,
                    981.7247507214206
                ],
                [
                    1884.49437336293,
                    1039.070569145394
                ],
                [
                    1796.5117478357379,
                    1152.976646836848
                ],
                [
                    1739.9514885682574,
                    1219.7491751387347
                ],
                [
                    1695.1746166481685,
                    1278.6661118756938
                ],
                [
                    1653.4142918890122,
                    1353.5770330388457
                ],
                [
                    1629.2819146015538,
                    1435.0238063840177
                ],
                [
                    1622.2433045593782,
                    1513.9567904284127
                ],
                [
                    1634.8122510632627,
                    1609.9835417180914
                ],
                [
                    1665.4804805327412,
                    1713.0489030499448
                ],
                [
                    1734.3583073740288,
                    1816.6170222419537
                ],
                [
                    1797.7057977536072,
                    1884.4893333629304
                ],
                [
                    1874.1249924972253,
                    1932.7540879378475
                ],
                [
                    1966.632438765816,
                    1949.8478551831304
                ],
                [
                    2017.9137405016654,
                    1951.858886623752
                ],
                [
                    2096.343966685905,
                    1939.2899401198672
                ],
                [
                    2200.917601598225,
                    1929.2347829167595
                ],
                [
                    2307.5022679511662,
                    1875.4396918801335
                ],
                [
                    2375.3745790721428,
                    1798.5177392763599
                ],
                [
                    2439.2248273118757,
                    1699.4744408257495
                ],
                [
                    2488.495097607103,
                    1592.8897744728083
                ],
                [
                    2502.0695598312986,
                    1521.4981583307438
                ],
                [
                    2503.075075551609,
                    1456.6423943706993
                ],
                [
                    2497.041981229745,
                    1413.907976257492
                ],
                [
                    2474.920635382908,
                    1330.9529293318533
                ],
                [
                    2435.2027644306327,
                    1258.0530396093232
                ],
                [
                    2382.4131891143174,
                    1187.6669391875696
                ],
                [
                    2324.0932773362933,
                    1115.2698073251943
                ],
                [
                    2291.9167742863488,
                    1068.5133263307437
                ],
                [
                    2266.77888127858,
                    1020.7513296159824
                ],
                [
                    2263.7623341176472,
                    996.1161944683686
                ],
                [
                    2281.3588592230853,
                    939.3045562708105
                ],
                [
                    2289.9057428457263,
                    824.1730062952278
                ],
                [
                    2326.1043087769144,
                    792.4992611054386
                ],
                [
                    2370.8497583307435,
                    774.3999781398447
                ],
                [
                    2475.4233932430625,
                    750.2676008523864
                ],
                [
                    2521.6771163773583,
                    723.1186764039957
                ],
                [
                    2548.826040825749,
                    684.4063211720312
                ],
                [
                    2547.820525105438,
                    632.6222615760267
                ],
                [
                    2522.6826320976693,
                    550.169972510544
                ],
                [
                    2479.9482139844617,
                    472.7452620466149
                ],
                [
                    2409.5621135627084,
                    398.3370987436183
                ],
                [
                    2345.2091074628192,
                    351.5806177491677
                ],
                [
                    2278.845069922309,
                    333.48133478357386
                ],
                [
                    2143.100447680355,
                    331.4703033429523
                ],
                [
                    1750.9493167591563,
                    383.75712079911216
                ],
                [
                    1671.5135748546056,
                    397.8343408834629
                ],
                [
                    1577.497855005549,
                    422.4694760310766
                ],
                [
                    1418.626371196448,
                    450.1211583396227
                ],
                [
                    1416.112581895671,
                    498.38591291453946
                ],
                [
                    1429.184286259711,
                    594.915422064373
                ],
                [
                    1447.2835692253047,
                    674.3511639689236
                ],
                [
                    1603.1385058734736,
                    664.2960067658158
                ]
            ]
        }
    ]
}