{
    "IMAGE_INFO": {
        "FILE_NAME": "10149@3_04001_220718_P1_T1.jpg",
        "DATE": "2022-07-18 12:52:32",
        "RESOLUTION": "4032 x 2268",
        "IMAGE_PHOTOGRAPHER": "이승종",
        "FOCUS_DISTANCE": null,
        "EXPOSURE_TIME": null,
        "SENSITIVITY_ISO": null,
        "PLACE": "주택가분리수거장",
        "REGION_NAME": null,
        "Direction": "3",
        "HEIGHT": null,
        "DAY/NIGHT": "주간",
        "WEATHER": "맑음",
        "IMAGE_HEIGHT": 2268,
        "IMAGE_WIDTH": 4032,
        "IMAGE_SIZE": "3.3 MB"
    },
    "ANNOTATION_INFO": [
        {
            "ID": "1",
            "CLASS": "플라스틱",
            "DETAILS": "PE",
            "DAMAGE": "원형",
            "DIRTINESS": "오염없음",
            "COVER": "없음",
            "TRANSPARENCY": "불투명",
            "SHAPE": "손잡이용기형",
            "SHAPE_TYPE": "BOX",
            "POINTS": [
                [
                    1386.6237623762377,
                    349.0057840093986,
                    1190.6459060189823,
                    1688.2635203099676
                ]
            ]
        }
    ]
}