{
    "IMAGE_INFO": {
        "FILE_NAME": "10144@4_04001_220718_P1_T1.jpg",
        "DATE": "2022-07-18 12:48:25",
        "RESOLUTION": "4032 x 2268",
        "IMAGE_PHOTOGRAPHER": "이승종",
        "FOCUS_DISTANCE": null,
        "EXPOSURE_TIME": null,
        "SENSITIVITY_ISO": null,
        "PLACE": "주택가분리수거장",
        "REGION_NAME": null,
        "Direction": "4",
        "HEIGHT": null,
        "DAY/NIGHT": "주간",
        "WEATHER": "맑음",
        "IMAGE_HEIGHT": 2268,
        "IMAGE_WIDTH": 4032,
        "IMAGE_SIZE": "3.6 MB"
    },
    "ANNOTATION_INFO": [
        {
            "ID": "1",
            "CLASS": "플라스틱",
            "DETAILS": "PE",
            "DAMAGE": "원형",
            "DIRTINESS": "이물질(외부)",
            "COVER": "없음",
            "TRANSPARENCY": "불투명",
            "SHAPE": "파이프형",
            "SHAPE_TYPE": "BOX",
            "POINTS": [
                [
                    1347.538414256805,
                    228.59175401080668,
                    1085.6887540600264,
                    1763.0322360882033
                ]
            ]
        }
    ]
}