{
    "IMAGE_INFO": {
        "FILE_NAME": "101846@3_04001_220808_P1_T1.jpg",
        "DATE": "2022-08-08 07:27:07",
        "RESOLUTION": "4000 x 2250",
        "IMAGE_PHOTOGRAPHER": "황서현",
        "FOCUS_DISTANCE": "4.6",
        "EXPOSURE_TIME": "0.04167",
        "SENSITIVITY_ISO": null,
        "PLACE": "주택가분리수거장",
        "REGION_NAME": null,
        "Direction": "3",
        "HEIGHT": null,
        "DAY/NIGHT": "주간",
        "WEATHER": "비",
        "IMAGE_HEIGHT": 2250,
        "IMAGE_WIDTH": 4000,
        "IMAGE_SIZE": "3.8 MB"
    },
    "ANNOTATION_INFO": [
        {
            "ID": "1",
            "CLASS": "플라스틱",
            "DETAILS": "PE",
            "DAMAGE": "찌그러짐",
            "DIRTINESS": "오염없음",
            "COVER": "없음",
            "TRANSPARENCY": "불투명",
            "SHAPE": "튜브형",
            "SHAPE_TYPE": "BOX",
            "POINTS": [
                [
                    1491.2945733677218,
                    358.6956018927443,
                    910.2707621247116,
                    1302.2324021916024
                ]
            ]
        }
    ]
}