{
    "IMAGE_INFO": {
        "FILE_NAME": "104793@4_04001_220802_P1_T1.jpg",
        "DATE": "2022-08-02 17:25:59",
        "RESOLUTION": "4624 x 2600",
        "IMAGE_PHOTOGRAPHER": "이윤경",
        "FOCUS_DISTANCE": "4.7",
        "EXPOSURE_TIME": "0.03300",
        "SENSITIVITY_ISO": null,
        "PLACE": "주택가분리수거장",
        "REGION_NAME": null,
        "Direction": "4",
        "HEIGHT": null,
        "DAY/NIGHT": "주간",
        "WEATHER": "비",
        "IMAGE_HEIGHT": 2600,
        "IMAGE_WIDTH": 4624,
        "IMAGE_SIZE": "3.2 MB"
    },
    "ANNOTATION_INFO": [
        {
            "ID": "1",
            "CLASS": "플라스틱",
            "DETAILS": "PE",
            "DAMAGE": "원형",
            "DIRTINESS": "이물질(외부)",
            "COVER": "없음",
            "TRANSPARENCY": "불투명",
            "SHAPE": "일반용기형",
            "SHAPE_TYPE": "POLYGON",
            "POINTS": [
                [
                    2243.8594136186744,
                    800.2719657145743
                ],
                [
                    2234.6123625791793,
                    777.8148417615146
                ],
                [
                    2226.245983067255,
                    766.8064476668773
                ],
                [
                    2208.6325525158354,
                    719.6905209418298
                ],
                [
                    2183.0930782162773,
                    658.9241855394324
                ],
                [
                    2176.488041759495,
                    646.1544483896532
                ],
                [
                    2164.1586403735014,
                    644.3931053345112
                ],
                [
                    2157.1132681529334,
                    640.4300834604419
                ],
                [
                    2150.0678959323654,
                    634.2653827674451
                ],
                [
                    2130.693122325804,
                    632.0637039485175
                ],
                [
                    2115.7217063570974,
                    634.7057185312304
                ],
                [
                    2103.832640734889,
                    640.4300834604419
                ],
                [
                    2080.9351810180437,
                    643.0720980431548
                ],
                [
                    2056.716714009842,
                    658.9241855394324
                ],
                [
                    2045.267984151419,
                    702.5174261541958
                ],
                [
                    2040.8646265135644,
                    767.6871191944483
                ],
                [
                    2047.560187886683,
                    867.8436020309512
                ],
                [
                    2058.9957186116376,
                    935.0273450400595
                ],
                [
                    2060.425159952257,
                    950.0364791165624
                ],
                [
                    2036.839377832038,
                    975.0517025774005
                ],
                [
                    2024.689126436774,
                    1007.2141327413352
                ],
                [
                    1996.1002996243876,
                    1083.689244464469
                ],
                [
                    1988.890861252004,
                    1111.2018172098321
                ],
                [
                    1985.4260827200485,
                    1127.535773146193
                ],
                [
                    1988.395892890296,
                    1162.6785268274539
                ],
                [
                    1990.8707346988353,
                    1207.7206477428729
                ],
                [
                    2000.7403091444596,
                    1361.9122255987847
                ],
                [
                    1998.5979190360827,
                    1388.906340964331
                ],
                [
                    1994.7416168410048,
                    1417.6143684165784
                ],
                [
                    1992.599226732628,
                    1449.7502200422286
                ],
                [
                    1993.4561827759787,
                    1480.600637602853
                ],
                [
                    1984.4973896497777,
                    1567.8266522966933
                ],
                [
                    1976.6365808408739,
                    1603.9863728176513
                ],
                [
                    1949.5639254602295,
                    1753.4951617203697
                ],
                [
                    1938.1317830570606,
                    1800.3125068000154
                ],
                [
                    1918.871743302653,
                    1840.1792880746705
                ],
                [
                    1904.7339803396146,
                    1870.3398490624852
                ],
                [
                    1904.7339803396146,
                    1884.9488707909577
                ],
                [
                    1915.101673179176,
                    1876.9374717785695
                ],
                [
                    1937.250835154602,
                    1837.8229942474975
                ],
                [
                    1942.9059403398178,
                    1840.650546840105
                ],
                [
                    1937.722093920037,
                    1857.6158623957508
                ],
                [
                    1929.7106949076485,
                    1882.5925769637845
                ],
                [
                    1926.4118835496067,
                    1900.5004100502995
                ],
                [
                    1929.239436142214,
                    1908.9830678281223
                ],
                [
                    1937.722093920037,
                    1902.8567038774727
                ],
                [
                    1973.066501327632,
                    1803.4211043707717
                ],
                [
                    1970.2389487350245,
                    1830.7541127659786
                ],
                [
                    1968.8251724387203,
                    1870.8111078279194
                ],
                [
                    1968.8251724387203,
                    1905.68425647008
                ],
                [
                    1975.8940539202397,
                    1928.304677210941
                ],
                [
                    1985.4397739746473,
                    1955.1946914943603
                ],
                [
                    2005.7282548030023,
                    1986.5496164109088
                ],
                [
                    2030.6277540014378,
                    2014.215726631393
                ],
                [
                    2078.539995454616,
                    2054.743678274372
                ],
                [
                    2106.1299949328895,
                    2076.5857611946717
                ],
                [
                    2134.869577722758,
                    2094.979094180188
                ],
                [
                    2175.104993628574,
                    2114.9052049144966
                ],
                [
                    2223.004298278355,
                    2132.1489545884174
                ],
                [
                    2282.016241606885,
                    2147.859926513546
                ],
                [
                    2369.7677677252836,
                    2159.738954066692
                ],
                [
                    2430.3832139882147,
                    2162.7075043596487
                ],
                [
                    2478.1507454469256,
                    2163.0392233281123
                ],
                [
                    2542.5042253287997,
                    2154.414530148067
                ],
                [
                    2606.8577052106734,
                    2140.4823334726098
                ],
                [
                    2682.1438170248416,
                    2112.52523128535
                ],
                [
                    2726.509778762766,
                    2090.126881670087
                ],
                [
                    2763.983940619071,
                    2066.00558208442
                ],
                [
                    2803.1810524457806,
                    2028.9621577207165
                ],
                [
                    2847.5685763898364,
                    1989.7659709391555
                ],
                [
                    2870.6402446190164,
                    1956.9063222491113
                ],
                [
                    2891.614488463725,
                    1910.0638443292612
                ],
                [
                    2895.809337232667,
                    1876.5050541777266
                ],
                [
                    2893.1673657728593,
                    1832.600518252227
                ],
                [
                    2884.8007486789356,
                    1755.2093101334312
                ],
                [
                    2874.3424773115307,
                    1682.6986286527576
                ],
                [
                    2814.8124419633314,
                    1259.5032529717798
                ],
                [
                    2805.521098076527,
                    1175.04435330889
                ],
                [
                    2801.9984119662436,
                    1148.6242074817605
                ],
                [
                    2795.833711273246,
                    1094.02257277236
                ],
                [
                    2783.504309887252,
                    1033.2562373699625
                ],
                [
                    2767.6522223909747,
                    1002.4327339049781
                ],
                [
                    2739.4707335087037,
                    960.1605005815711
                ],
                [
                    2711.2892446264323,
                    931.098340171729
                ],
                [
                    2669.0170113030254,
                    902.0361797618866
                ],
                [
                    2645.5482216431137,
                    882.0977768622406
                ],
                [
                    2634.756300884208,
                    860.5139353444306
                ],
                [
                    2624.414043490258,
                    839.8294205565294
                ],
                [
                    2607.776498986946,
                    817.3462523088108
                ],
                [
                    2578.5483802649114,
                    793.9637573311833
                ],
                [
                    2556.964538747102,
                    782.2725098423696
                ],
                [
                    2521.7989404124796,
                    761.5991854277693
                ],
                [
                    2482.1939277994206,
                    749.9759752043715
                ],
                [
                    2434.40961910323,
                    742.227168388773
                ],
                [
                    2383.1813962667725,
                    744.3796147264392
                ],
                [
                    2347.02029779398,
                    750.4064644719048
                ],
                [
                    2304.832349575721,
                    767.1955459057016
                ],
                [
                    2263.0748906249955,
                    785.7065844096314
                ]
            ]
        }
    ]
}