{
    "IMAGE_INFO": {
        "FILE_NAME": "104761@1_04001_220802_P1_T1.jpg",
        "DATE": "2022-08-02 17:25:51",
        "RESOLUTION": "4624 x 2600",
        "IMAGE_PHOTOGRAPHER": "이윤경",
        "FOCUS_DISTANCE": "4.7",
        "EXPOSURE_TIME": "0.03300",
        "SENSITIVITY_ISO": null,
        "PLACE": "주택가분리수거장",
        "REGION_NAME": null,
        "Direction": "1",
        "HEIGHT": null,
        "DAY/NIGHT": "주간",
        "WEATHER": "비",
        "IMAGE_HEIGHT": 2600,
        "IMAGE_WIDTH": 4624,
        "IMAGE_SIZE": "2.9 MB"
    },
    "ANNOTATION_INFO": [
        {
            "ID": "1",
            "CLASS": "플라스틱",
            "DETAILS": "PE",
            "DAMAGE": "원형",
            "DIRTINESS": "이물질(외부)",
            "COVER": "없음",
            "TRANSPARENCY": "불투명",
            "SHAPE": "일반용기형",
            "SHAPE_TYPE": "POLYGON",
            "POINTS": [
                [
                    3049.8209291306,
                    1253.9290642776025
                ],
                [
                    3055.3251261779183,
                    1237.4164731356468
                ],
                [
                    3064.1318414536286,
                    1223.65598051735
                ],
                [
                    3071.8377173198737,
                    1205.4921302611988
                ],
                [
                    3076.791494662461,
                    1177.9711450246057
                ],
                [
                    3078.9931734813886,
                    1144.3955430359622
                ],
                [
                    3071.8377173198737,
                    1130.0846307129336
                ],
                [
                    3063.0310020441643,
                    1121.828335141956
                ],
                [
                    3053.673867063723,
                    1114.6728789804415
                ],
                [
                    3044.8671517880125,
                    1114.6728789804415
                ],
                [
                    3041.564633559622,
                    1114.6728789804415
                ],
                [
                    3034.4091773981077,
                    1108.0678425236595
                ],
                [
                    3023.4007833034707,
                    1083.8493755154573
                ],
                [
                    3013.260411804184,
                    1066.1185031439022
                ],
                [
                    3000.1373834130172,
                    1048.6894810618833
                ],
                [
                    2982.7478566063564,
                    1032.0287237520702
                ],
                [
                    2966.9004067460705,
                    1018.2261061318206
                ],
                [
                    2946.4520843457003,
                    1008.5131529916451
                ],
                [
                    2929.3266143353912,
                    1001.1006361215113
                ],
                [
                    2912.2011443250817,
                    994.9661394014005
                ],
                [
                    2889.96359371468,
                    991.6432870113402
                ],
                [
                    2867.7260431042782,
                    988.576038651285
                ],
                [
                    2852.1341972739965,
                    988.3204346212802
                ],
                [
                    2829.1298345735804,
                    988.3204346212802
                ],
                [
                    2804.847451723142,
                    991.1320789513312
                ],
                [
                    2786.4439615628094,
                    994.4549313413911
                ],
                [
                    2764.513097881463,
                    999.6576762316945
                ],
                [
                    2747.1879968028347,
                    1005.5305918515685
                ],
                [
                    2723.1090427613517,
                    1015.808194186348
                ],
                [
                    2703.728421215767,
                    1026.379442302121
                ],
                [
                    2684.347799670183,
                    1038.418919322863
                ],
                [
                    2662.911657657643,
                    1056.9186035254663
                ],
                [
                    2641.769161426096,
                    1079.5293286619813
                ],
                [
                    2635.3089542442344,
                    1082.1721406909244
                ],
                [
                    2610.34906285977,
                    1081.2912033479433
                ],
                [
                    2573.936986016551,
                    1082.4657864719181
                ],
                [
                    2559.1310260322484,
                    1024.3881717414104
                ],
                [
                    2547.710346062638,
                    995.3972148954753
                ],
                [
                    2534.093381483486,
                    985.7335626134968
                ],
                [
                    2512.1305353880807,
                    983.0980210820483
                ],
                [
                    2459.419704759108,
                    983.0980210820483
                ],
                [
                    2180.220812304093,
                    978.9795142997248
                ],
                [
                    1740.6007765842066,
                    973.9280355206508
                ],
                [
                    1711.664268820381,
                    976.4442535870704
                ],
                [
                    1694.0507423554438,
                    982.1057442365145
                ],
                [
                    1683.3568155731602,
                    986.509125852749
                ],
                [
                    1670.1466707244572,
                    988.3962894025636
                ],
                [
                    1653.1621987761248,
                    996.5739981184273
                ],
                [
                    1642.4682719938417,
                    1006.009815867501
                ],
                [
                    1622.9675819790893,
                    1024.252396849043
                ],
                [
                    1611.0155461635964,
                    1041.2368687973756
                ],
                [
                    1607.8702735805716,
                    1081.4963578600893
                ],
                [
                    1602.9712834777117,
                    1380.559119591608
                ],
                [
                    1621.7005468573336,
                    1620.4821344057057
                ],
                [
                    1632.2105959723806,
                    1634.7457724904127
                ],
                [
                    1643.4713628813597,
                    1640.7515148418684
                ],
                [
                    1655.4828475842708,
                    1649.0094105751195
                ],
                [
                    1674.2507924325691,
                    1655.7658707205069
                ],
                [
                    1855.9244985641,
                    1661.0208952780306
                ],
                [
                    2181.7360211305636,
                    1652.0122817508475
                ],
                [
                    2413.6467041828264,
                    1645.1343523978555
                ],
                [
                    2454.198716481148,
                    1645.7582295101379
                ],
                [
                    2474.7866611864506,
                    1640.1433354996007
                ],
                [
                    2491.007466105779,
                    1620.8031450188628
                ],
                [
                    2513.467042147926,
                    1592.1047978538966
                ],
                [
                    2537.79824952692,
                    1566.5258362503396
                ],
                [
                    2557.76231711994,
                    1553.4244168924204
                ],
                [
                    2605.176977653362,
                    1552.1766626678566
                ],
                [
                    2660.078163534167,
                    1547.8095228818834
                ],
                [
                    2674.0494432876517,
                    1526.190096713742
                ],
                [
                    2680.9947896976305,
                    1519.8958765296982
                ],
                [
                    2699.1269417387275,
                    1530.5527963144102
                ],
                [
                    2710.4122657473076,
                    1535.2550146513186
                ],
                [
                    2729.221139094942,
                    1515.5056976363028
                ],
                [
                    2745.6789032741212,
                    1492.4648277854512
                ],
                [
                    2756.9642272827023,
                    1442.6213134142208
                ],
                [
                    2764.4336181625426,
                    1409.551047329182
                ],
                [
                    2767.134644777654,
                    1371.436560649277
                ],
                [
                    2768.034986982692,
                    1362.433138598906
                ],
                [
                    2780.939891921557,
                    1363.333480803943
                ],
                [
                    2807.650044004325,
                    1363.6335948722888
                ],
                [
                    2842.4632759324268,
                    1359.431997915449
                ],
                [
                    2879.677420407295,
                    1350.128461796732
                ],
                [
                    2914.858830505525,
                    1339.2085832300645
                ],
                [
                    2949.3368588781527,
                    1319.0964000126983
                ],
                [
                    2968.730749837756,
                    1304.3714087285553
                ],
                [
                    2989.9203714417663,
                    1286.4141022844783
                ],
                [
                    2999.9764630504496,
                    1274.921426160269
                ],
                [
                    3004.2862165970278,
                    1270.6116726136904
                ],
                [
                    3012.187431432422,
                    1268.4567958404011
                ],
                [
                    3026.1941304588017,
                    1266.301919067112
                ],
                [
                    3037.3276604541297,
                    1261.9921655205337
                ],
                [
                    3046.4223637421337,
                    1256.6841325225312
                ]
            ]
        }
    ]
}