{
    "IMAGE_INFO": {
        "FILE_NAME": "104998@4_04001_220804_P1_T1.jpg",
        "DATE": "2022-08-04 09:57:26",
        "RESOLUTION": "4000 x 2250",
        "IMAGE_PHOTOGRAPHER": "이윤경",
        "FOCUS_DISTANCE": "4.6",
        "EXPOSURE_TIME": "0.00834",
        "SENSITIVITY_ISO": null,
        "PLACE": "주택가분리수거장",
        "REGION_NAME": null,
        "Direction": "4",
        "HEIGHT": null,
        "DAY/NIGHT": "주간",
        "WEATHER": "맑음",
        "IMAGE_HEIGHT": 2250,
        "IMAGE_WIDTH": 4000,
        "IMAGE_SIZE": "4.3 MB"
    },
    "ANNOTATION_INFO": [
        {
            "ID": "1",
            "CLASS": "플라스틱",
            "DETAILS": "PE",
            "DAMAGE": "원형",
            "DIRTINESS": "오염없음",
            "COVER": "없음",
            "TRANSPARENCY": "불투명",
            "SHAPE": "일반용기형",
            "SHAPE_TYPE": "POLYGON",
            "POINTS": [
                [
                    1376.1471293375396,
                    1402.6067034700313
                ],
                [
                    1404.0567823343847,
                    1471.2179337539433
                ],
                [
                    1440.1067507886437,
                    1530.5259463722396
                ],
                [
                    1507.5550788643534,
                    1601.4629810725548
                ],
                [
                    1578.492113564669,
                    1652.6306782334382
                ],
                [
                    1666.8726813880128,
                    1699.1467665615141
                ],
                [
                    1743.6242271293377,
                    1725.893517350158
                ],
                [
                    1832.0047949526816,
                    1739.8483438485803
                ],
                [
                    1906.4305362776024,
                    1747.9886593059935
                ],
                [
                    2016.9062460567825,
                    1743.337050473186
                ],
                [
                    2118.078738170347,
                    1723.567712933754
                ],
                [
                    2227.337214950158,
                    1664.1206730306626
                ],
                [
                    2299.357516315458,
                    1615.7641849711042
                ],
                [
                    2352.8583116153945,
                    1565.3499740153943
                ],
                [
                    2390.926185194196,
                    1513.9069016116089
                ],
                [
                    2428.994058772997,
                    1456.290660519369
                ],
                [
                    2460.888763663344,
                    1372.9528832252365
                ],
                [
                    2471.177378144101,
                    1313.2789192368452
                ],
                [
                    2470.1485166960256,
                    1244.3452022157728
                ],
                [
                    2454.7155949748894,
                    1180.5557924350787
                ],
                [
                    2424.4110449849222,
                    1080.5399770990125
                ],
                [
                    2402.2639388774446,
                    1015.4409076315796
                ],
                [
                    2387.3886296415767,
                    961.1959206532167
                ],
                [
                    2311.199230048844,
                    681.8933132239563
                ],
                [
                    2287.143839697161,
                    594.5747719116721
                ],
                [
                    2260.579417393922,
                    524.2902271668162
                ],
                [
                    2219.6032443485237,
                    462.43939992847993
                ],
                [
                    2178.6270713031263,
                    421.4632268830822
                ],
                [
                    2118.322514745749,
                    381.2601891781637
                ],
                [
                    2054.9254168264542,
                    351.1079108994748
                ],
                [
                    1958.2834992665537,
                    333.3257980684532
                ],
                [
                    1892.5669953258214,
                    331.77952738749474
                ],
                [
                    1788.9668597016084,
                    357.2929936233084
                ],
                [
                    1715.5190023560842,
                    396.72289598774773
                ],
                [
                    1662.1726638630191,
                    436.15279835218706
                ],
                [
                    1612.69200207235,
                    500.3230316119609
                ],
                [
                    1581.0025971390025,
                    562.7362362599449
                ],
                [
                    1512.0533137447064,
                    763.838312826642
                ],
                [
                    1374.6185875934636,
                    1151.433886234827
                ],
                [
                    1359.5839236065863,
                    1206.9464917248363
                ],
                [
                    1350.3318226915849,
                    1265.9286350579712
                ],
                [
                    1354.9578731490853,
                    1327.2238036198562
                ],
                [
                    1363.053461449712,
                    1359.6061568223615
                ]
            ]
        }
    ]
}