{
    "IMAGE_INFO": {
        "FILE_NAME": "1049875@1_04001_221027_P1_T1.jpg",
        "DATE": "2022-10-28 17:28:19",
        "RESOLUTION": "4000 x 2252",
        "IMAGE_PHOTOGRAPHER": "박성준",
        "FOCUS_DISTANCE": "1.74",
        "EXPOSURE_TIME": "0.02000",
        "SENSITIVITY_ISO": null,
        "PLACE": "삼오자원",
        "REGION_NAME": null,
        "Direction": "1",
        "HEIGHT": null,
        "DAY/NIGHT": "야간",
        "WEATHER": "맑음",
        "IMAGE_HEIGHT": 2252,
        "IMAGE_WIDTH": 4000,
        "IMAGE_SIZE": "1.8 MB"
    },
    "ANNOTATION_INFO": [
        {
            "ID": "1",
            "CLASS": "플라스틱",
            "DETAILS": "PE",
            "DAMAGE": "원형",
            "DIRTINESS": "이물질(외부)",
            "COVER": "없음",
            "TRANSPARENCY": "불투명",
            "SHAPE": "일반용기형",
            "SHAPE_TYPE": "POLYGON",
            "POINTS": [
                [
                    2154.128929811321,
                    898.7523946193118
                ],
                [
                    2125.9547051897894,
                    901.3732527236403
                ],
                [
                    2105.643054881243,
                    858.7843085283017
                ],
                [
                    2082.055331942286,
                    833.2309420110986
                ],
                [
                    2055.191536372919,
                    822.7475095937846
                ],
                [
                    1418.97823154717,
                    845.0248034805771
                ],
                [
                    1390.8040069256385,
                    853.5425923196449
                ],
                [
                    1372.4580001953386,
                    888.2689622019977
                ],
                [
                    1361.3193532519426,
                    960.3425600710322
                ],
                [
                    1354.111993465039,
                    1090.0750362352942
                ],
                [
                    1371.8027856692568,
                    1260.4308130166485
                ],
                [
                    1390.1487923995562,
                    1352.1608466681469
                ],
                [
                    1419.6334460732523,
                    1386.8872165504997
                ],
                [
                    1453.0493869034408,
                    1400.6467215982248
                ],
                [
                    2077.468830259712,
                    1369.8516388723644
                ],
                [
                    2122.023418033297,
                    1333.1596254117649
                ],
                [
                    2144.3007119200893,
                    1280.0872487991126
                ],
                [
                    2160.6810750721424,
                    1276.1559616426196
                ],
                [
                    2175.09579464595,
                    1295.1571828990016
                ],
                [
                    2205.8908773718094,
                    1320.0553348901224
                ],
                [
                    2397.868733513874,
                    1300.3988991076585
                ],
                [
                    2414.9043111920096,
                    1253.878667755827
                ],
                [
                    2425.3877436093235,
                    1188.357215147614
                ],
                [
                    2425.3877436093235,
                    1078.936389291898
                ],
                [
                    2408.352165931188,
                    957.0664874406216
                ],
                [
                    2383.4540139400674,
                    881.0616024150943
                ],
                [
                    2358.5558619489466,
                    847.6456615849056
                ],
                [
                    2171.1645074894564,
                    858.784308528302
                ]
            ]
        }
    ]
}