{
    "IMAGE_INFO": {
        "FILE_NAME": "104985@2_04001_220804_P1_T1.jpg",
        "DATE": "2022-08-04 09:57:04",
        "RESOLUTION": "4000 x 2250",
        "IMAGE_PHOTOGRAPHER": "이윤경",
        "FOCUS_DISTANCE": "4.6",
        "EXPOSURE_TIME": "0.00834",
        "SENSITIVITY_ISO": null,
        "PLACE": "주택가분리수거장",
        "REGION_NAME": null,
        "Direction": "2",
        "HEIGHT": null,
        "DAY/NIGHT": "주간",
        "WEATHER": "맑음",
        "IMAGE_HEIGHT": 2250,
        "IMAGE_WIDTH": 4000,
        "IMAGE_SIZE": "4.1 MB"
    },
    "ANNOTATION_INFO": [
        {
            "ID": "1",
            "CLASS": "플라스틱",
            "DETAILS": "PE",
            "DAMAGE": "원형",
            "DIRTINESS": "이물질(외부)",
            "COVER": "없음",
            "TRANSPARENCY": "불투명",
            "SHAPE": "일반용기형",
            "SHAPE_TYPE": "POLYGON",
            "POINTS": [
                [
                    1119.5139037974684,
                    1443.2053601973525
                ],
                [
                    1134.4461569620255,
                    1450.1737450074788
                ],
                [
                    1332.5473822784813,
                    1455.1511627289979
                ],
                [
                    1389.2899443037977,
                    1500.9434057669728
                ],
                [
                    1448.0234734177218,
                    1548.7266158935552
                ],
                [
                    1529.6531240506336,
                    1548.7266158935552
                ],
                [
                    1786.487878481013,
                    1548.7266158935552
                ],
                [
                    2358.667928141773,
                    1547.18958930115
                ],
                [
                    2857.524641863292,
                    1552.3501759948208
                ],
                [
                    2934.933442268355,
                    1550.6299804302637
                ],
                [
                    2971.0575491240515,
                    1529.9876336555803
                ],
                [
                    3007.1816559797476,
                    1491.7992921224159
                ],
                [
                    3045.7140366258236,
                    1446.3861292181123
                ],
                [
                    3084.2464172718996,
                    1354.1836469578589
                ],
                [
                    3108.1915395305323,
                    1276.9867746463487
                ],
                [
                    3122.4595296211937,
                    1134.3068737397361
                ],
                [
                    3122.4595296211937,
                    1012.2362918529676
                ],
                [
                    3114.532868459715,
                    907.6043645214517
                ],
                [
                    3100.264878369054,
                    833.0937496035539
                ],
                [
                    3073.696333535986,
                    757.0844503718489
                ],
                [
                    3040.96898858563,
                    700.9804304569543
                ],
                [
                    3000.761107646622,
                    657.0322815236201
                ],
                [
                    2968.0337626962673,
                    626.1750705704281
                ],
                [
                    2946.5272217288907,
                    610.2789315945413
                ],
                [
                    2856.7607898650595,
                    607.4737305987965
                ],
                [
                    2330.170254272495,
                    604.6047954364284
                ],
                [
                    1576.081210557755,
                    589.9518803689855
                ],
                [
                    1443.5871748859036,
                    591.7076912915022
                ],
                [
                    1337.3459297084244,
                    680.7479729640564
                ],
                [
                    1318.1213234382135,
                    684.795258494627
                ],
                [
                    1173.430865720313,
                    683.7834371119843
                ],
                [
                    1148.8615113132835,
                    714.4438591076698
                ],
                [
                    1133.6431996657898,
                    727.8717811495759
                ],
                [
                    1116.6344984127088,
                    725.1861967411947
                ],
                [
                    1101.4161867652153,
                    715.3390539104636
                ],
                [
                    1081.721901103753,
                    713.5486643048762
                ],
                [
                    1064.713199850672,
                    720.7102227272261
                ],
                [
                    1046.8093037947972,
                    731.4525603607509
                ],
                [
                    1035.1717713584785,
                    746.6708720082444
                ],
                [
                    1023.5342389221601,
                    763.6795732613255
                ],
                [
                    1013.6870960914288,
                    782.478664119994
                ],
                [
                    1011.0015116830477,
                    793.2210017535189
                ],
                [
                    974.2985247685044,
                    768.1555472752941
                ],
                [
                    937.5955378539612,
                    752.9372356278004
                ],
                [
                    889.971689977541,
                    739.5472984917668
                ],
                [
                    836.1149372825136,
                    736.3792542155887
                ],
                [
                    804.4344945207328,
                    746.6753981131675
                ],
                [
                    779.0901403113082,
                    758.5555641488352
                ],
                [
                    772.754051758952,
                    760.9315973559687
                ],
                [
                    751.3697528947498,
                    752.219475596479
                ],
                [
                    732.3614872376814,
                    745.0913759750784
                ],
                [
                    718.1052879948801,
                    747.4674091822119
                ],
                [
                    700.6810444759006,
                    758.5555641488352
                ],
                [
                    669.0006017141199,
                    834.5886267771092
                ],
                [
                    660.2884799546301,
                    859.1409699174892
                ],
                [
                    661.8725020927191,
                    873.3971691602908
                ],
                [
                    651.1208187725804,
                    924.8182280383757
                ],
                [
                    644.8143324259406,
                    977.3722809270386
                ],
                [
                    649.0186566570337,
                    1036.9335408675233
                ],
                [
                    658.0876643117836,
                    1096.6970568323516
                ],
                [
                    681.3358955800358,
                    1175.7410431444084
                ],
                [
                    722.583341463152,
                    1262.9123631267128
                ],
                [
                    780.8608916913054,
                    1346.9005972790517
                ],
                [
                    835.7103507295675,
                    1399.178987924895
                ],
                [
                    890.5598097678294,
                    1440.3160822035916
                ],
                [
                    930.8398812490531,
                    1456.5995153555755
                ],
                [
                    985.6893402873151,
                    1466.8837889252497
                ],
                [
                    1017.6301417019502,
                    1463.5630074109993
                ],
                [
                    1049.1728808465396,
                    1454.3428221225809
                ],
                [
                    1064.7016139638758,
                    1454.8280950324977
                ],
                [
                    1088.9652594597135,
                    1454.8280950324977
                ],
                [
                    1111.2878133158843,
                    1447.0637284738295
                ]
            ]
        }
    ]
}