{
    "IMAGE_INFO": {
        "FILE_NAME": "104968@4_04001_220804_P1_T1.jpg",
        "DATE": "2022-08-04 09:54:15",
        "RESOLUTION": "4000 x 2250",
        "IMAGE_PHOTOGRAPHER": "이윤경",
        "FOCUS_DISTANCE": "4.6",
        "EXPOSURE_TIME": "0.00834",
        "SENSITIVITY_ISO": null,
        "PLACE": "주택가분리수거장",
        "REGION_NAME": null,
        "Direction": "4",
        "HEIGHT": null,
        "DAY/NIGHT": "주간",
        "WEATHER": "맑음",
        "IMAGE_HEIGHT": 2250,
        "IMAGE_WIDTH": 4000,
        "IMAGE_SIZE": "4.9 MB"
    },
    "ANNOTATION_INFO": [
        {
            "ID": "1",
            "CLASS": "플라스틱",
            "DETAILS": "PE",
            "DAMAGE": "원형",
            "DIRTINESS": "이물질(외부)",
            "COVER": "없음",
            "TRANSPARENCY": "불투명",
            "SHAPE": "손잡이용기형",
            "SHAPE_TYPE": "POLYGON",
            "POINTS": [
                [
                    1607.8929068369016,
                    1617.1241137884408
                ],
                [
                    1618.4617883855396,
                    1709.6018273390232
                ],
                [
                    1622.8654890308055,
                    1725.4551496619802
                ],
                [
                    1625.507709417965,
                    1734.262550952512
                ],
                [
                    1636.957331095656,
                    1735.1432910815652
                ],
                [
                    1635.1958508375496,
                    1746.5929127592563
                ],
                [
                    1640.4802916118688,
                    1756.2810541788413
                ],
                [
                    1647.526212644294,
                    1758.9232745660004
                ],
                [
                    1672.1869362577827,
                    1782.703258050436
                ],
                [
                    1717.1046828394942,
                    1811.7676823091901
                ],
                [
                    1764.6646498083649,
                    1823.2173039868817
                ],
                [
                    1822.793498325874,
                    1830.263225019307
                ],
                [
                    1888.8490080048612,
                    1822.3365638578282
                ],
                [
                    1949.6200769095299,
                    1801.1988007605523
                ],
                [
                    1998.941524136507,
                    1767.7306758565321
                ],
                [
                    2037.3845765957342,
                    1734.6286570093569
                ],
                [
                    2066.6054203014082,
                    1692.550642073186
                ],
                [
                    2072.8965510678654,
                    1667.4758854392228
                ],
                [
                    2076.7265854940547,
                    1666.5183768326751
                ],
                [
                    2076.2478311907817,
                    1652.155747734462
                ],
                [
                    2075.2903225842338,
                    1638.7506272427968
                ],
                [
                    2081.514128526793,
                    1640.186890152618
                ],
                [
                    2082.950391436614,
                    1624.8667524478574
                ],
                [
                    2075.2903225842338,
                    1589.9176883088724
                ],
                [
                    2056.1401504532832,
                    1523.3708401538183
                ],
                [
                    2073.4549700872035,
                    1488.6347259289296
                ],
                [
                    2083.6030293028366,
                    1456.866888384338
                ],
                [
                    2084.926689200528,
                    1434.8058900894828
                ],
                [
                    2174.935562243538,
                    1395.5373131246404
                ],
                [
                    2251.707836309634,
                    1357.5923960574896
                ],
                [
                    2316.4351582827117,
                    1319.4752267156528
                ],
                [
                    2356.691362019218,
                    1286.9449610699908
                ],
                [
                    2398.9807073585785,
                    1248.3152706157678
                ],
                [
                    2442.8965659802216,
                    1188.947535812435
                ],
                [
                    2475.1654454513528,
                    1133.1429595632562
                ],
                [
                    2512.166830633494,
                    1029.8971589743785
                ],
                [
                    2527.6835405485854,
                    968.4271158492087
                ],
                [
                    2532.677790836756,
                    899.4097133705811
                ],
                [
                    2525.1436418146372,
                    833.3962171767788
                ],
                [
                    2517.6094927925183,
                    797.5193170714517
                ],
                [
                    2478.380708854979,
                    671.3580162278491
                ],
                [
                    2455.069688763718,
                    609.6523748098044
                ],
                [
                    2422.492515353477,
                    517.6866617426926
                ],
                [
                    2391.3654803944387,
                    464.55603310571377
                ],
                [
                    2357.0184073361897,
                    422.69553781597284
                ],
                [
                    2324.281353327546,
                    379.76169649316154
                ],
                [
                    2281.6867347021407,
                    347.0997272767236
                ],
                [
                    2246.8432057716163,
                    330.1619007132744
                ],
                [
                    2234.260820324483,
                    323.3867700878947
                ],
                [
                    2222.6463106809742,
                    308.8686330335096
                ],
                [
                    2196.513663983081,
                    291.44686856824745
                ],
                [
                    2153.9271286235517,
                    268.70178718304413
                ],
                [
                    2007.4313176971232,
                    215.09465555073166
                ],
                [
                    1863.3135760716013,
                    179.64323247707392
                ],
                [
                    1723.8199331078613,
                    154.9813729475729
                ],
                [
                    1578.160825261746,
                    148.04522495490073
                ],
                [
                    1445.864383768297,
                    148.70545963135245
                ],
                [
                    1378.8356939936255,
                    151.8474294645402
                ],
                [
                    1328.5641766626218,
                    161.797000602968
                ],
                [
                    1278.2926593316176,
                    184.8381127130115
                ],
                [
                    1236.399728222448,
                    212.06851793397183
                ],
                [
                    1193.0077501642195,
                    252.81171415319747
                ],
                [
                    1162.777608423983,
                    290.72748514942623
                ],
                [
                    1144.3320982096016,
                    327.6185055781894
                ],
                [
                    1138.6959700885404,
                    338.3783865365787
                ],
                [
                    1117.176208171762,
                    353.74964504856337
                ],
                [
                    1099.5876189759088,
                    373.4196420130164
                ],
                [
                    1079.3394659392964,
                    413.6137368468893
                ],
                [
                    1072.519162689591,
                    435.5276782348127
                ],
                [
                    1073.9117520805269,
                    448.06098275323654
                ],
                [
                    1072.8673100373248,
                    495.4090220450601
                ],
                [
                    1073.327438505977,
                    609.1026651724741
                ],
                [
                    1079.1423135121815,
                    714.3254659863815
                ],
                [
                    1087.3831685758214,
                    791.4363240818684
                ],
                [
                    1112.7646254470292,
                    897.6339158475769
                ],
                [
                    1144.0116874995338,
                    962.0809813308679
                ],
                [
                    1178.5283754648137,
                    1029.6849999874478
                ],
                [
                    1267.6847926967873,
                    1161.6917882921532
                ],
                [
                    1284.4146391469687,
                    1257.7358912341556
                ],
                [
                    1335.778289723065,
                    1352.3917615815324
                ],
                [
                    1376.869210183942,
                    1383.20995192719
                ],
                [
                    1439.2393573120582,
                    1424.3008723880669
                ],
                [
                    1532.4276947858327,
                    1456.5865956073274
                ],
                [
                    1537.5217948966826,
                    1503.6962792920526
                ],
                [
                    1549.9645952227556,
                    1553.467480596345
                ],
                [
                    1573.227221919327,
                    1585.385968389315
                ]
            ]
        }
    ]
}