{
    "IMAGE_INFO": {
        "FILE_NAME": "1050205@5_04001_221027_P1_T1.jpg",
        "DATE": "2022-10-28 19:47:54",
        "RESOLUTION": "4000 x 2252",
        "IMAGE_PHOTOGRAPHER": "박성준",
        "FOCUS_DISTANCE": "4.25",
        "EXPOSURE_TIME": "0.02500",
        "SENSITIVITY_ISO": null,
        "PLACE": "삼오자원",
        "REGION_NAME": null,
        "Direction": "5",
        "HEIGHT": null,
        "DAY/NIGHT": "야간",
        "WEATHER": "맑음",
        "IMAGE_HEIGHT": 2252,
        "IMAGE_WIDTH": 4000,
        "IMAGE_SIZE": "2.1 MB"
    },
    "ANNOTATION_INFO": [
        {
            "ID": "1",
            "CLASS": "플라스틱",
            "DETAILS": "PE",
            "DAMAGE": "원형",
            "DIRTINESS": "이물질(외부)",
            "COVER": "없음",
            "TRANSPARENCY": "불투명",
            "SHAPE": "일반용기형",
            "SHAPE_TYPE": "POLYGON",
            "POINTS": [
                [
                    1547.726766170921,
                    933.5296332075469
                ],
                [
                    1522.3372032852385,
                    935.986687680355
                ],
                [
                    1509.232912763596,
                    958.9191960932296
                ],
                [
                    1506.775858290788,
                    986.7658134517202
                ],
                [
                    1495.3096040843507,
                    989.2228679245283
                ],
                [
                    1461.7298596226415,
                    1001.5081402885681
                ],
                [
                    1449.4445872586016,
                    1012.1553763374029
                ],
                [
                    1416.683860954495,
                    1013.7934126526083
                ],
                [
                    1397.027425172031,
                    996.5940313429522
                ],
                [
                    1311.8495367813541,
                    1007.2412673917869
                ],
                [
                    1299.564264417314,
                    1026.8977031742509
                ],
                [
                    1266.8035381132074,
                    1030.1737758046613
                ],
                [
                    1243.05201154273,
                    1064.5725384239734
                ],
                [
                    1235.6808481243063,
                    1158.7596265482798
                ],
                [
                    1243.8710297003329,
                    1270.9651141398447
                ],
                [
                    1273.3556833740288,
                    1373.3423838401777
                ],
                [
                    1304.47837336293,
                    1432.3116911875695
                ],
                [
                    1376.5519712319642,
                    1422.4834732963375
                ],
                [
                    1405.2176067480575,
                    1442.1399090788013
                ],
                [
                    1431.4261877913427,
                    1424.9405277691455
                ],
                [
                    1434.7022604217534,
                    1411.0172190899004
                ],
                [
                    1445.3494964705883,
                    1417.5693643507213
                ],
                [
                    1483.0243317203106,
                    1435.5877638179802
                ],
                [
                    1496.9476403995561,
                    1403.6460556714765
                ],
                [
                    1528.0703303884573,
                    1400.3699830410656
                ],
                [
                    1544.4506935405104,
                    1424.121509611543
                ],
                [
                    1557.554984062153,
                    1417.5693643507213
                ],
                [
                    1564.1071293229745,
                    1451.9681269700336
                ],
                [
                    1587.0396377358488,
                    1460.1583085460602
                ],
                [
                    1616.524291409545,
                    1453.6061632852388
                ],
                [
                    1713.9874521642619,
                    1707.5017921420645
                ],
                [
                    1764.7665779356269,
                    1776.2993173806883
                ],
                [
                    2014.5671160044394,
                    1761.5569905438404
                ],
                [
                    2679.6098599778024,
                    1676.3791021531629
                ],
                [
                    2719.7417497003335,
                    1644.4373940066587
                ],
                [
                    2736.9411310099895,
                    1605.9435405993338
                ],
                [
                    2761.5116757380692,
                    1524.86074299667
                ],
                [
                    2769.7018573140963,
                    1393.8178377802437
                ],
                [
                    2765.6067665260816,
                    1267.6890415094333
                ],
                [
                    2746.7693489012213,
                    1017.0694852830184
                ],
                [
                    2709.913531809101,
                    806.5818187791336
                ],
                [
                    2648.487169988901,
                    588.722988856825
                ],
                [
                    2595.2509897447276,
                    503.54510046614786
                ],
                [
                    2547.747936603773,
                    476.51750126526
                ],
                [
                    1655.8371629744718,
                    578.0757528079904
                ],
                [
                    1614.067236936736,
                    596.094152275249
                ],
                [
                    1587.039637735848,
                    643.5972054162035
                ]
            ]
        }
    ]
}