{
    "IMAGE_INFO": {
        "FILE_NAME": "105241@5_04001_220804_P1_T1.jpg",
        "DATE": "2022-08-04 09:45:27",
        "RESOLUTION": "4000 x 2250",
        "IMAGE_PHOTOGRAPHER": "이윤경",
        "FOCUS_DISTANCE": "4.6",
        "EXPOSURE_TIME": "0.00834",
        "SENSITIVITY_ISO": null,
        "PLACE": "주택가분리수거장",
        "REGION_NAME": null,
        "Direction": "5",
        "HEIGHT": null,
        "DAY/NIGHT": "주간",
        "WEATHER": "맑음",
        "IMAGE_HEIGHT": 2250,
        "IMAGE_WIDTH": 4000,
        "IMAGE_SIZE": "3.5 MB"
    },
    "ANNOTATION_INFO": [
        {
            "ID": "1",
            "CLASS": "플라스틱",
            "DETAILS": "PE",
            "DAMAGE": "원형",
            "DIRTINESS": "이물질(외부)",
            "COVER": "없음",
            "TRANSPARENCY": "불투명",
            "SHAPE": "일반용기형",
            "SHAPE_TYPE": "POLYGON",
            "POINTS": [
                [
                    823.38711290347,
                    606.0927404668771
                ],
                [
                    816.909096378549,
                    610.2843982182966
                ],
                [
                    808.1447210801261,
                    631.2426869753945
                ],
                [
                    795.5697478258675,
                    652.5820355280758
                ],
                [
                    794.0455086435331,
                    674.6835036719244
                ],
                [
                    789.0917313009463,
                    697.1660316113566
                ],
                [
                    781.8515951848581,
                    710.122064661199
                ],
                [
                    774.2303992731861,
                    724.6023368933757
                ],
                [
                    763.9417847924291,
                    752.8007617665618
                ],
                [
                    758.225887858675,
                    780.2370670485808
                ],
                [
                    751.8162988878291,
                    827.9259704496234
                ],
                [
                    742.8196507657507,
                    939.8330877288884
                ],
                [
                    747.5946230395792,
                    1035.3325332054612
                ],
                [
                    749.2374592375053,
                    1056.6433132659497
                ],
                [
                    749.9340478334943,
                    1065.002376417818
                ],
                [
                    749.9340478334943,
                    1076.4960882516368
                ],
                [
                    749.2374592375053,
                    1090.4278601714175
                ],
                [
                    751.6755193234669,
                    1117.5948154149894
                ],
                [
                    769.374279254259,
                    1223.5368453111737
                ],
                [
                    793.3821521696595,
                    1310.5653846295004
                ],
                [
                    816.8979258960009,
                    1380.1688165380374
                ],
                [
                    837.3740482152953,
                    1414.766402525811
                ],
                [
                    857.1440973511659,
                    1444.0684396379047
                ],
                [
                    874.0898537533407,
                    1456.4247203478235
                ],
                [
                    893.8599028892113,
                    1465.956708324047
                ],
                [
                    931.6348182023925,
                    1463.8384887737752
                ],
                [
                    984.2372703674766,
                    1462.073305815215
                ],
                [
                    1027.3077345563374,
                    1462.073305815215
                ],
                [
                    1092.319052836286,
                    1461.539990214967
                ],
                [
                    1130.62376528856,
                    1459.8500764303078
                ],
                [
                    1155.1275151661177,
                    1456.4702488609896
                ],
                [
                    1172.0266530127092,
                    1448.3023322351369
                ],
                [
                    1182.166135720664,
                    1436.4729357425226
                ],
                [
                    1200.7551873519149,
                    1428.5866714141137
                ],
                [
                    1215.6827591164042,
                    1420.7004070857042
                ],
                [
                    1235.5483393572074,
                    1413.9305595845794
                ],
                [
                    1262.1755224716712,
                    1407.5265535190758
                ],
                [
                    1287.7915467336868,
                    1405.8412887649959
                ],
                [
                    1305.6553531269346,
                    1405.8412887649959
                ],
                [
                    1319.1374711595747,
                    1425.7274128631395
                ],
                [
                    1335.0714347065443,
                    1463.7756177694184
                ],
                [
                    1360.008197234531,
                    1498.0055837239838
                ],
                [
                    1387.268260619162,
                    1524.9558736610622
                ],
                [
                    1416.0238805571382,
                    1546.5064477110684
                ],
                [
                    1442.0266468583109,
                    1558.8435266130848
                ],
                [
                    1464.9925937374492,
                    1568.1437860930662
                ],
                [
                    1488.1483418304647,
                    1575.9256358620305
                ],
                [
                    1516.0131745716062,
                    1579.3131822168011
                ],
                [
                    1545.3514291823074,
                    1580.8274147128373
                ],
                [
                    1576.3931953510494,
                    1580.2595775268237
                ],
                [
                    1611.2205427598817,
                    1578.177507844774
                ],
                [
                    1759.6853106915278,
                    1570.5201903015727
                ],
                [
                    1842.267087327146,
                    1567.7674644137187
                ],
                [
                    2107.9009058674023,
                    1556.994797217637
                ],
                [
                    2579.743479761155,
                    1538.4415056916753
                ],
                [
                    2667.7377966548856,
                    1535.801676184863
                ],
                [
                    2710.8550119328133,
                    1534.0417898469886
                ],
                [
                    2729.773790064966,
                    1527.4422160799588
                ],
                [
                    2746.0527386903054,
                    1525.2423581576156
                ],
                [
                    2764.0915736535208,
                    1530.5220171712392
                ],
                [
                    2783.0103517856724,
                    1530.5220171712392
                ],
                [
                    2876.5704530113826,
                    1522.6704589837298
                ],
                [
                    2931.8726462299796,
                    1505.7598709747374
                ],
                [
                    2977.576938146175,
                    1470.1105232801049
                ],
                [
                    3013.6833287599693,
                    1427.1484888788812
                ],
                [
                    3054.9293342489136,
                    1361.8130298998842
                ],
                [
                    3080.8414003485977,
                    1295.5086254683386
                ],
                [
                    3110.5640644041187,
                    1199.4815569812722
                ],
                [
                    3124.282217045128,
                    1101.9302493118714
                ],
                [
                    3133.52831839462,
                    1000.5357309062476
                ],
                [
                    3128.955600847617,
                    909.0813799661845
                ],
                [
                    3122.096524527112,
                    819.1512682084557
                ],
                [
                    3099.232936792096,
                    736.842352362399
                ],
                [
                    3076.3693490570804,
                    668.2515891573515
                ],
                [
                    3046.481113673327,
                    598.1732544546857
                ],
                [
                    3021.6739640923097,
                    552.2070655251549
                ],
                [
                    2985.1928617672856,
                    508.42974273512567
                ],
                [
                    2938.497050791255,
                    470.48939631710033
                ],
                [
                    2902.01594846623,
                    445.6822467360837
                ],
                [
                    2858.2386256762006,
                    435.4675380850769
                ],
                [
                    2810.813192653669,
                    433.2786719455754
                ],
                [
                    2730.5547675386156,
                    431.81942785257445
                ],
                [
                    2614.544862145038,
                    434.00829399207595
                ],
                [
                    2528.4494606579806,
                    431.81942785257445
                ],
                [
                    2419.7357757294076,
                    431.08980580607397
                ],
                [
                    2238.428373905802,
                    439.42583601459324
                ],
                [
                    2119.681634844646,
                    440.00792787273616
                ],
                [
                    2008.5020899393485,
                    442.33629530530783
                ],
                [
                    1890.3374427363358,
                    439.42583601459324
                ],
                [
                    1642.1438441851424,
                    443.17785780362186
                ],
                [
                    1524.3042733636653,
                    446.0803102869094
                ],
                [
                    1480.7674861143514,
                    447.821781776882
                ],
                [
                    1436.6502083683797,
                    458.2706107167174
                ],
                [
                    1409.9476455221336,
                    471.0414016431829
                ],
                [
                    1373.9572347293672,
                    492.5195500195112
                ],
                [
                    1337.966823936601,
                    523.8660368390174
                ],
                [
                    1308.9422991037247,
                    558.1149761418112
                ],
                [
                    1290.3666032106842,
                    602.2322538877828
                ],
                [
                    1278.4444780648519,
                    642.0951245416218
                ],
                [
                    1269.254364471933,
                    639.4979185262317
                ],
                [
                    1253.59450972561,
                    633.2331963747453
                ],
                [
                    1231.778226837608,
                    637.7159942284442
                ],
                [
                    1191.433046154317,
                    638.6125537991842
                ],
                [
                    1172.0075887882879,
                    632.9343431844987
                ],
                [
                    1144.8119484758474,
                    623.0721879063608
                ],
                [
                    1134.05323362697,
                    612.3134730574833
                ],
                [
                    1129.2715825830242,
                    597.6696667353999
                ],
                [
                    1121.8002528268594,
                    591.9914561207145
                ],
                [
                    1114.9266294511874,
                    589.6006305987416
                ],
                [
                    1087.976927269144,
                    591.9923413023492
                ],
                [
                    1018.1259042919937,
                    595.8729536899687
                ],
                [
                    904.5868595645572,
                    600.8812968746211
                ],
                [
                    872.510019250446,
                    601.974825521693
                ],
                [
                    841.1621980343826,
                    603.797373266813
                ]
            ]
        }
    ]
}