{
    "IMAGE_INFO": {
        "FILE_NAME": "106081@2_04001_220802_P1_T1.jpg",
        "DATE": "2022-08-02 17:28:52",
        "RESOLUTION": "4624 x 2600",
        "IMAGE_PHOTOGRAPHER": "이정미",
        "FOCUS_DISTANCE": "4.7",
        "EXPOSURE_TIME": "0.01600",
        "SENSITIVITY_ISO": null,
        "PLACE": "주택가분리수거장",
        "REGION_NAME": null,
        "Direction": "2",
        "HEIGHT": null,
        "DAY/NIGHT": "주간",
        "WEATHER": "비",
        "IMAGE_HEIGHT": 2600,
        "IMAGE_WIDTH": 4624,
        "IMAGE_SIZE": "2.5 MB"
    },
    "ANNOTATION_INFO": [
        {
            "ID": "1",
            "CLASS": "플라스틱",
            "DETAILS": "PE",
            "DAMAGE": "원형",
            "DIRTINESS": "이물질(외부)",
            "COVER": "없음",
            "TRANSPARENCY": "불투명",
            "SHAPE": "일반용기형",
            "SHAPE_TYPE": "BOX",
            "POINTS": [
                [
                    1384.9716088328078,
                    643.3408832807568,
                    2027.455394321768,
                    1159.025867507887
                ]
            ]
        }
    ]
}