{
    "IMAGE_INFO": {
        "FILE_NAME": "106074@1_04001_220802_P1_T1.jpg",
        "DATE": "2022-08-02 17:29:15",
        "RESOLUTION": "4624 x 2600",
        "IMAGE_PHOTOGRAPHER": "이정미",
        "FOCUS_DISTANCE": "4.7",
        "EXPOSURE_TIME": "0.02500",
        "SENSITIVITY_ISO": null,
        "PLACE": "주택가분리수거장",
        "REGION_NAME": null,
        "Direction": "1",
        "HEIGHT": null,
        "DAY/NIGHT": "주간",
        "WEATHER": "비",
        "IMAGE_HEIGHT": 2600,
        "IMAGE_WIDTH": 4624,
        "IMAGE_SIZE": "3.8 MB"
    },
    "ANNOTATION_INFO": [
        {
            "ID": "1",
            "CLASS": "플라스틱",
            "DETAILS": "PE",
            "DAMAGE": "원형",
            "DIRTINESS": "이물질(외부)",
            "COVER": "없음",
            "TRANSPARENCY": "불투명",
            "SHAPE": "일반용기형",
            "SHAPE_TYPE": "BOX",
            "POINTS": [
                [
                    1549.8606800353314,
                    827.4414864353312,
                    1724.2585275356473,
                    873.5867194952684
                ]
            ]
        }
    ]
}