{
    "IMAGE_INFO": {
        "FILE_NAME": "106045@4_04001_220802_P1_T1.jpg",
        "DATE": "2022-08-02 17:32:29",
        "RESOLUTION": "4624 x 2600",
        "IMAGE_PHOTOGRAPHER": "이정미",
        "FOCUS_DISTANCE": "4.7",
        "EXPOSURE_TIME": "0.02500",
        "SENSITIVITY_ISO": null,
        "PLACE": "주택가분리수거장",
        "REGION_NAME": null,
        "Direction": "4",
        "HEIGHT": null,
        "DAY/NIGHT": "주간",
        "WEATHER": "비",
        "IMAGE_HEIGHT": 2600,
        "IMAGE_WIDTH": 4624,
        "IMAGE_SIZE": "2.5 MB"
    },
    "ANNOTATION_INFO": [
        {
            "ID": "1",
            "CLASS": "플라스틱",
            "DETAILS": "PE",
            "DAMAGE": "원형",
            "DIRTINESS": "이물질(외부)",
            "COVER": "없음",
            "TRANSPARENCY": "불투명",
            "SHAPE": "일반용기형",
            "SHAPE_TYPE": "BOX",
            "POINTS": [
                [
                    1604.2553191489362,
                    437.4822695035461,
                    1191.2056737588653,
                    1788.6524822695035
                ]
            ]
        }
    ]
}