{
    "IMAGE_INFO": {
        "FILE_NAME": "1066830@3_04001_221017_P1_T1.jpg",
        "DATE": "2022-10-17 12:49:50",
        "RESOLUTION": "4000 x 2252",
        "IMAGE_PHOTOGRAPHER": "이연주",
        "FOCUS_DISTANCE": "7",
        "EXPOSURE_TIME": "0.01667",
        "SENSITIVITY_ISO": null,
        "PLACE": "성남시재활용센터",
        "REGION_NAME": null,
        "Direction": "3",
        "HEIGHT": null,
        "DAY/NIGHT": "주간",
        "WEATHER": "맑음",
        "IMAGE_HEIGHT": 2252,
        "IMAGE_WIDTH": 4000,
        "IMAGE_SIZE": "2.9 MB"
    },
    "ANNOTATION_INFO": [
        {
            "ID": "1",
            "CLASS": "플라스틱",
            "DETAILS": "PE",
            "DAMAGE": "원형",
            "DIRTINESS": "오염없음",
            "COVER": "없음",
            "TRANSPARENCY": "불투명",
            "SHAPE": "일반용기형",
            "SHAPE_TYPE": "POLYGON",
            "POINTS": [
                [
                    2664.0685105438406,
                    1778.1796998890122
                ],
                [
                    2668.1636013318534,
                    1703.444293007769
                ],
                [
                    2543.2633322974475,
                    941.7574064372915
                ],
                [
                    2455.218880355161,
                    492.32119245282956
                ],
                [
                    2474.6705615982246,
                    452.3940572696997
                ],
                [
                    2455.218880355161,
                    422.70464905660316
                ],
                [
                    2374.340837291898,
                    437.03746681464975
                ],
                [
                    2356.9367014428417,
                    356.1594237513867
                ],
                [
                    2251.4881136514987,
                    309.0658796892335
                ],
                [
                    1768.2674006659267,
                    310.0896523862369
                ],
                [
                    1669.9852217536068,
                    366.3971507214201
                ],
                [
                    1641.319586237514,
                    463.6555569367364
                ],
                [
                    1587.0596332963373,
                    489.24987436181965
                ],
                [
                    1561.4653158712542,
                    581.3894170921194
                ],
                [
                    1422.232229078801,
                    1196.6768079911205
                ],
                [
                    1299.379505438401,
                    1703.4442930077685
                ],
                [
                    1295.284414650388,
                    1781.2510179800215
                ],
                [
                    1327.021368257491,
                    1826.2970166481682
                ],
                [
                    1375.1386850166477,
                    1855.986424861265
                ],
                [
                    1500.038954051054,
                    1867.2479245283014
                ],
                [
                    2163.4436617092115,
                    1874.4143334073244
                ],
                [
                    2459.313971143174,
                    1884.652060377358
                ],
                [
                    2581.1429220865703,
                    1863.152833740288
                ],
                [
                    2632.331556936737,
                    1828.344562042175
                ]
            ]
        }
    ]
}