{
    "IMAGE_INFO": {
        "FILE_NAME": "1066883@4_04001_221017_P1_T1.jpg",
        "DATE": "2022-10-17 12:51:59",
        "RESOLUTION": "4000 x 2252",
        "IMAGE_PHOTOGRAPHER": "이연주",
        "FOCUS_DISTANCE": "7",
        "EXPOSURE_TIME": "0.01667",
        "SENSITIVITY_ISO": null,
        "PLACE": "성남시재활용센터",
        "REGION_NAME": null,
        "Direction": "4",
        "HEIGHT": null,
        "DAY/NIGHT": "주간",
        "WEATHER": "맑음",
        "IMAGE_HEIGHT": 2252,
        "IMAGE_WIDTH": 4000,
        "IMAGE_SIZE": "3.3 MB"
    },
    "ANNOTATION_INFO": [
        {
            "ID": "1",
            "CLASS": "플라스틱",
            "DETAILS": "PE",
            "DAMAGE": "찌그러짐",
            "DIRTINESS": "오염없음",
            "COVER": "없음",
            "TRANSPARENCY": "불투명",
            "SHAPE": "일반용기형",
            "SHAPE_TYPE": "POLYGON",
            "POINTS": [
                [
                    2590.7204436386232,
                    423.8812838144284
                ],
                [
                    2583.9062125673695,
                    387.7134419746948
                ],
                [
                    2562.939347732741,
                    369.8916068652608
                ],
                [
                    2544.0691693815756,
                    367.27074876093224
                ],
                [
                    2508.425499162708,
                    364.6498906566037
                ],
                [
                    2490.6036640532734,
                    322.19198936648166
                ],
                [
                    2424.033868203329,
                    294.41089346059925
                ],
                [
                    2200.7367577145383,
                    282.8791178015537
                ],
                [
                    2132.070275381131,
                    321.66781774561593
                ],
                [
                    2127.8769024142052,
                    367.79492038179797
                ],
                [
                    2039.8160701087672,
                    362.0290325522752
                ],
                [
                    2031.9534957957815,
                    308.56352722397327
                ],
                [
                    1962.7628418415084,
                    268.7264840381797
                ],
                [
                    1834.3407947294104,
                    277.6374015928967
                ],
                [
                    1736.8448732483891,
                    278.1615732137624
                ],
                [
                    1619.954601795337,
                    273.9682002468368
                ],
                [
                    1587.980132922529,
                    279.2099164554938
                ],
                [
                    1531.3695978690328,
                    303.845982636182
                ],
                [
                    1510.9269046552702,
                    363.0773757940066
                ],
                [
                    1462.7031155356253,
                    371.9882933487236
                ],
                [
                    1443.308765563594,
                    389.8101284581575
                ],
                [
                    1360.2799808184666,
                    648.6460748416428
                ],
                [
                    1207.0541326070036,
                    1148.3283975805018
                ],
                [
                    1059.866741467914,
                    1656.3135987938738
                ],
                [
                    1004.0110135484643,
                    1837.467310965061
                ],
                [
                    1024.3908061677232,
                    1894.8326531526038
                ],
                [
                    1054.5830915295878,
                    1900.1163030909302
                ],
                [
                    1245.549296443381,
                    1903.8903387611633
                ],
                [
                    1357.2607522822802,
                    1918.9864814420953
                ],
                [
                    2003.3756590261826,
                    1927.2893599166084
                ],
                [
                    2624.581930346547,
                    1945.4047311337274
                ],
                [
                    2740.0674218556787,
                    1926.5345527825618
                ],
                [
                    2907.634605614027,
                    1912.1932172356765
                ],
                [
                    2940.846119512078,
                    1882.7557390078582
                ],
                [
                    2946.1297694504046,
                    1849.5442251098073
                ],
                [
                    2919.711519758773,
                    1776.3279331072854
                ],
                [
                    2804.226028249641,
                    1260.0398534194007
                ],
                [
                    2706.855907957628,
                    823.0065228064105
                ],
                [
                    2620.053087542268,
                    467.4923626704547
                ],
                [
                    2602.6925234591954,
                    434.2808487724036
                ]
            ]
        }
    ]
}