{
    "IMAGE_INFO": {
        "FILE_NAME": "1066886@2_04001_221017_P1_T1.jpg",
        "DATE": "2022-10-17 12:49:10",
        "RESOLUTION": "4000 x 2252",
        "IMAGE_PHOTOGRAPHER": "이연주",
        "FOCUS_DISTANCE": "7",
        "EXPOSURE_TIME": "0.02500",
        "SENSITIVITY_ISO": null,
        "PLACE": "성남시재활용센터",
        "REGION_NAME": null,
        "Direction": "2",
        "HEIGHT": null,
        "DAY/NIGHT": "주간",
        "WEATHER": "맑음",
        "IMAGE_HEIGHT": 2252,
        "IMAGE_WIDTH": 4000,
        "IMAGE_SIZE": "3.1 MB"
    },
    "ANNOTATION_INFO": [
        {
            "ID": "1",
            "CLASS": "플라스틱",
            "DETAILS": "PE",
            "DAMAGE": "원형",
            "DIRTINESS": "오염없음",
            "COVER": "없음",
            "TRANSPARENCY": "불투명",
            "SHAPE": "일반용기형",
            "SHAPE_TYPE": "POLYGON",
            "POINTS": [
                [
                    2852.1579500110993,
                    219.94886588235298
                ],
                [
                    2821.035260022198,
                    233.05315640399562
                ],
                [
                    2811.207042130966,
                    246.9764650832409
                ],
                [
                    2531.1028322308553,
                    317.41202663706997
                ],
                [
                    2366.4801825527193,
                    337.0684624195339
                ],
                [
                    2274.750148901221,
                    343.62060768035525
                ],
                [
                    2147.802334472808,
                    341.1635532075473
                ],
                [
                    1920.1152866592677,
                    325.6022082130966
                ],
                [
                    1694.8852933185349,
                    296.11755453940077
                ],
                [
                    1660.486530699223,
                    253.5286103440622
                ],
                [
                    1579.4037330965593,
                    233.05315640399564
                ],
                [
                    1486.0356631298557,
                    227.32002930077698
                ],
                [
                    1446.7227915649278,
                    237.9672653496116
                ],
                [
                    1439.3516281465038,
                    266.6329008657048
                ],
                [
                    1394.3056294783573,
                    267.45191902330754
                ],
                [
                    1353.3547215982242,
                    234.69119271920096
                ],
                [
                    1299.299523196448,
                    227.320029300777
                ],
                [
                    1175.6277813984457,
                    212.57770246392903
                ],
                [
                    1154.3333093007766,
                    223.22493851276366
                ],
                [
                    1149.4192003551607,
                    240.4243198224196
                ],
                [
                    1122.3916011542726,
                    251.07155587125422
                ],
                [
                    1098.6400745837955,
                    260.8997737624862
                ],
                [
                    1095.3640019533848,
                    298.5746090122087
                ],
                [
                    1009.367095405105,
                    568.0315828634853
                ],
                [
                    943.0266246392893,
                    765.4149588457274
                ],
                [
                    910.2658983351828,
                    856.3259743396231
                ],
                [
                    838.1923004661481,
                    1097.9363308324089
                ],
                [
                    784.1371020643722,
                    1330.5374875915654
                ],
                [
                    737.4530670810205,
                    1543.4822085682583
                ],
                [
                    676.0267052608207,
                    1780.9974742730308
                ],
                [
                    656.3702694783566,
                    1874.3655442397346
                ],
                [
                    658.008305793562,
                    1915.3164521198676
                ],
                [
                    698.9592136736953,
                    1931.696815271921
                ],
                [
                    815.2597920532735,
                    1921.0495792230863
                ],
                [
                    1369.735084750277,
                    1888.2888529189797
                ],
                [
                    2055.2532826637066,
                    1866.1753626637076
                ],
                [
                    2722.7530811098777,
                    1846.518926881244
                ],
                [
                    3321.4553543174256,
                    1840.7857997780254
                ],
                [
                    3431.2037874361818,
                    1834.2336545172043
                ],
                [
                    3451.6792413762482,
                    1815.3962368923428
                ],
                [
                    3454.955314006659,
                    1785.911583218647
                ],
                [
                    3388.614843240844,
                    1621.2889335405116
                ],
                [
                    3203.516739622642,
                    1196.2185097447289
                ],
                [
                    3114.2437604439524,
                    957.8842258823537
                ],
                [
                    3038.0750717869046,
                    821.9272117203114
                ],
                [
                    3017.5996178468376,
                    803.0897940954503
                ],
                [
                    3004.495327325196,
                    753.1296864816877
                ],
                [
                    2967.6395102330753,
                    672.0468888790241
                ],
                [
                    2994.6671094339636,
                    649.1143804661494
                ],
                [
                    2967.6395102330757,
                    581.9548915427309
                ],
                [
                    2948.8020926082145,
                    351.8107892563823
                ],
                [
                    2884.9186763152065,
                    233.05315640399604
                ]
            ]
        }
    ]
}