{
    "IMAGE_INFO": {
        "FILE_NAME": "1066855@3_04001_221017_P1_T1.jpg",
        "DATE": "2022-10-17 12:50:29",
        "RESOLUTION": "4000 x 2252",
        "IMAGE_PHOTOGRAPHER": "이연주",
        "FOCUS_DISTANCE": "7",
        "EXPOSURE_TIME": "0.02500",
        "SENSITIVITY_ISO": null,
        "PLACE": "성남시재활용센터",
        "REGION_NAME": null,
        "Direction": "3",
        "HEIGHT": null,
        "DAY/NIGHT": "주간",
        "WEATHER": "맑음",
        "IMAGE_HEIGHT": 2252,
        "IMAGE_WIDTH": 4000,
        "IMAGE_SIZE": "3.2 MB"
    },
    "ANNOTATION_INFO": [
        {
            "ID": "1",
            "CLASS": "플라스틱",
            "DETAILS": "PE",
            "DAMAGE": "원형",
            "DIRTINESS": "오염없음",
            "COVER": "없음",
            "TRANSPARENCY": "불투명",
            "SHAPE": "일반용기형",
            "SHAPE_TYPE": "POLYGON",
            "POINTS": [
                [
                    2350.231790099889,
                    241.3417161376249
                ],
                [
                    2334.670445105439,
                    218.4092077247503
                ],
                [
                    2308.4618640621534,
                    205.30491720310772
                ],
                [
                    2267.51095618202,
                    194.65768115427306
                ],
                [
                    1660.6185013984461,
                    196.29571746947838
                ],
                [
                    1616.3915208879023,
                    195.47669931187573
                ],
                [
                    1569.7074859045504,
                    211.857062463929
                ],
                [
                    1539.403814073252,
                    228.2374256159823
                ],
                [
                    1512.376214872364,
                    298.67298716981145
                ],
                [
                    1461.5970891009988,
                    562.3968339178692
                ],
                [
                    1357.4179794539398,
                    1083.2923821531635
                ],
                [
                    1338.9802426899887,
                    1154.7474575095766
                ],
                [
                    1303.7559097678134,
                    1235.2602184745488
                ],
                [
                    1284.1309242826012,
                    1310.7409318792106
                ],
                [
                    1266.5187578215134,
                    1428.4908447904827
                ],
                [
                    1248.4033866043947,
                    1529.6350007527292
                ],
                [
                    1237.3328819717108,
                    1587.0003429402723
                ],
                [
                    1250.416205628519,
                    1652.920165980343
                ],
                [
                    1286.6469480627568,
                    1694.6861607309224
                ],
                [
                    1311.3039811082795,
                    1727.3944698729426
                ],
                [
                    1332.4385808615846,
                    1777.211740720019
                ],
                [
                    1389.8039230491272,
                    1835.0802876635928
                ],
                [
                    1444.1500367004835,
                    1852.1892493686496
                ],
                [
                    1528.1852309576736,
                    1854.7052731488047
                ],
                [
                    2000.0906511636174,
                    1849.7738665397005
                ],
                [
                    2350.9250070684843,
                    1847.962329417989
                ],
                [
                    2445.7287831047393,
                    1844.3392551745649
                ],
                [
                    2480.7518341245022,
                    1834.6777238587683
                ],
                [
                    2525.436416460062,
                    1793.0123700593952
                ],
                [
                    2556.8363932364014,
                    1739.2701021152761
                ],
                [
                    2574.3479187462826,
                    1690.9624455362928
                ],
                [
                    2609.3709697660456,
                    1654.127857394818
                ],
                [
                    2622.655575325266,
                    1588.308675305953
                ],
                [
                    2564.0825417232486,
                    1399.9088146479182
                ],
                [
                    2514.5671937297902,
                    1269.478141884663
                ],
                [
                    2501.2825881705703,
                    1244.720467887934
                ],
                [
                    2494.64028539096,
                    1169.84360019051
                ],
                [
                    2462.636462907383,
                    835.9169240882871
                ],
                [
                    2408.290349256026,
                    530.9748419334545
                ],
                [
                    2370.8519154073138,
                    304.53270171946986
                ]
            ]
        }
    ]
}