{
    "IMAGE_INFO": {
        "FILE_NAME": "1066765@1_04001_221017_P1_T1.jpg",
        "DATE": "2022-10-17 12:50:03",
        "RESOLUTION": "4000 x 2252",
        "IMAGE_PHOTOGRAPHER": "이연주",
        "FOCUS_DISTANCE": "7",
        "EXPOSURE_TIME": "0.01667",
        "SENSITIVITY_ISO": null,
        "PLACE": "성남시재활용센터",
        "REGION_NAME": null,
        "Direction": "1",
        "HEIGHT": null,
        "DAY/NIGHT": "주간",
        "WEATHER": "맑음",
        "IMAGE_HEIGHT": 2252,
        "IMAGE_WIDTH": 4000,
        "IMAGE_SIZE": "3.8 MB"
    },
    "ANNOTATION_INFO": [
        {
            "ID": "1",
            "CLASS": "플라스틱",
            "DETAILS": "PE",
            "DAMAGE": "원형",
            "DIRTINESS": "오염없음",
            "COVER": "없음",
            "TRANSPARENCY": "불투명",
            "SHAPE": "기타 형태",
            "SHAPE_TYPE": "POLYGON",
            "POINTS": [
                [
                    2587.76625154273,
                    954.5337697669256
                ],
                [
                    2552.548470765816,
                    950.4386789789123
                ],
                [
                    2519.7877444617093,
                    949.6196608213096
                ],
                [
                    1454.2451214206433,
                    939.7914429300778
                ],
                [
                    1410.0181409100996,
                    961.085915027747
                ],
                [
                    1399.3709048612648,
                    974.1902055493897
                ],
                [
                    1326.4782888346278,
                    1320.6348862153163
                ],
                [
                    1326.4782888346276,
                    1379.6041935627084
                ],
                [
                    1364.972142241953,
                    1418.0980469700335
                ],
                [
                    1406.7420682796887,
                    1430.3833193340736
                ],
                [
                    2183.9902998446173,
                    1426.2882285460603
                ],
                [
                    2374.821530566038,
                    1414.0029561820206
                ],
                [
                    2416.5914566037736,
                    1406.6317927635966
                ],
                [
                    2587.76625154273,
                    1432.8403738068816
                ],
                [
                    2650.011631520533,
                    1432.021355649279
                ],
                [
                    2690.9625394006657,
                    1405.8127746059943
                ],
                [
                    2697.5146846614875,
                    1361.5857940954502
                ],
                [
                    2690.143521243064,
                    1300.978450432853
                ],
                [
                    2630.355195738069,
                    1006.131913695894
                ],
                [
                    2622.165014162042,
                    986.4754779134302
                ],
                [
                    2609.879741798002,
                    967.6380602885688
                ]
            ]
        }
    ]
}