{
    "IMAGE_INFO": {
        "FILE_NAME": "1066943@3_04001_221017_P1_T1.jpg",
        "DATE": "2022-10-17 12:50:50",
        "RESOLUTION": "4000 x 2252",
        "IMAGE_PHOTOGRAPHER": "이연주",
        "FOCUS_DISTANCE": "7",
        "EXPOSURE_TIME": "0.01667",
        "SENSITIVITY_ISO": null,
        "PLACE": "성남시재활용센터",
        "REGION_NAME": null,
        "Direction": "3",
        "HEIGHT": null,
        "DAY/NIGHT": "주간",
        "WEATHER": "맑음",
        "IMAGE_HEIGHT": 2252,
        "IMAGE_WIDTH": 4000,
        "IMAGE_SIZE": "3.1 MB"
    },
    "ANNOTATION_INFO": [
        {
            "ID": "1",
            "CLASS": "플라스틱",
            "DETAILS": "PE",
            "DAMAGE": "원형",
            "DIRTINESS": "오염없음",
            "COVER": "없음",
            "TRANSPARENCY": "투명",
            "SHAPE": "일반용기형",
            "SHAPE_TYPE": "POLYGON",
            "POINTS": [
                [
                    2778.8294307658152,
                    380.6875778912318
                ],
                [
                    2726.412268679245,
                    345.46979711431726
                ],
                [
                    2664.1668887014425,
                    315.16612528301874
                ],
                [
                    2553.599437425083,
                    297.1477258157601
                ],
                [
                    2373.4154427524963,
                    297.1477258157601
                ],
                [
                    1486.4187780688117,
                    309.4329981798001
                ],
                [
                    1390.5936536292998,
                    327.4513976470587
                ],
                [
                    1310.3298741842389,
                    351.2029242175359
                ],
                [
                    1256.274675782463,
                    387.23972315205316
                ],
                [
                    1234.161185527191,
                    437.19983076581565
                ],
                [
                    1016.3023556048827,
                    906.4972350721423
                ],
                [
                    764.8637812208648,
                    1434.7639467258605
                ],
                [
                    629.7257852164252,
                    1709.135029522753
                ],
                [
                    637.0969486348491,
                    1767.2853187125427
                ],
                [
                    659.2104388901209,
                    1807.417208435073
                ],
                [
                    728.0079641287448,
                    1836.0828439511663
                ],
                [
                    1099.8422076803542,
                    1835.2638257935635
                ],
                [
                    1239.0752944728072,
                    1903.2423328745847
                ],
                [
                    1405.3359804661482,
                    1904.0613510321873
                ],
                [
                    2171.9369759822416,
                    1903.2423328745847
                ],
                [
                    2837.798738113207,
                    1904.88036918979
                ],
                [
                    2949.1852075471697,
                    1840.9969528967822
                ],
                [
                    3244.8507624417316,
                    1845.911061842398
                ],
                [
                    3330.8476689900112,
                    1822.9785534295238
                ],
                [
                    3379.169740288568,
                    1774.6564821309667
                ],
                [
                    3390.635994495005,
                    1709.9540476803563
                ],
                [
                    3315.2863239955605,
                    1535.5031801109888
                ],
                [
                    3305.458106104328,
                    1451.1443098779146
                ],
                [
                    3047.467386459489,
                    930.2487616426204
                ],
                [
                    2830.4275746947837,
                    484.7028839067712
                ]
            ]
        }
    ]
}