{
    "IMAGE_INFO": {
        "FILE_NAME": "1066841@4_04001_221017_P1_T1.jpg",
        "DATE": "2022-10-17 12:50:14",
        "RESOLUTION": "4000 x 2252",
        "IMAGE_PHOTOGRAPHER": "이연주",
        "FOCUS_DISTANCE": "7",
        "EXPOSURE_TIME": "0.02500",
        "SENSITIVITY_ISO": null,
        "PLACE": "성남시재활용센터",
        "REGION_NAME": null,
        "Direction": "4",
        "HEIGHT": null,
        "DAY/NIGHT": "주간",
        "WEATHER": "맑음",
        "IMAGE_HEIGHT": 2252,
        "IMAGE_WIDTH": 4000,
        "IMAGE_SIZE": "2.9 MB"
    },
    "ANNOTATION_INFO": [
        {
            "ID": "1",
            "CLASS": "플라스틱",
            "DETAILS": "PE",
            "DAMAGE": "원형",
            "DIRTINESS": "오염없음",
            "COVER": "없음",
            "TRANSPARENCY": "불투명",
            "SHAPE": "기타 형태",
            "SHAPE_TYPE": "POLYGON",
            "POINTS": [
                [
                    2356.361789087681,
                    258.10375454827965
                ],
                [
                    2329.4979935183133,
                    244.99946402663707
                ],
                [
                    2312.462415840178,
                    238.44731876581574
                ],
                [
                    1995.076499405994,
                    235.56437485105437
                ],
                [
                    1679.7872694552725,
                    233.9918599884573
                ],
                [
                    1631.0393087147618,
                    248.1444937518313
                ],
                [
                    1612.9553877948947,
                    260.72461265260824
                ],
                [
                    1580.7188331116542,
                    392.81586111076587
                ],
                [
                    1526.4670703520535,
                    653.0670708705884
                ],
                [
                    1414.03225767636,
                    1076.0735689092123
                ],
                [
                    1311.032534176249,
                    1591.8584438410662
                ],
                [
                    1299.2386727067706,
                    1717.659632848835
                ],
                [
                    1317.3225936266374,
                    1795.499118547392
                ],
                [
                    1300.8111875693678,
                    1826.1631583680357
                ],
                [
                    1307.1012470197566,
                    1888.277495440622
                ],
                [
                    1354.2766928976696,
                    1945.6742879254173
                ],
                [
                    1436.0474657527197,
                    1973.979555452165
                ],
                [
                    1508.383149432187,
                    1983.4146446277475
                ],
                [
                    1960.4811724288575,
                    1975.552070314762
                ],
                [
                    2494.3499682805773,
                    1975.552070314762
                ],
                [
                    2565.113137097447,
                    1968.475753433075
                ],
                [
                    2627.2274741700335,
                    1926.0178521429527
                ],
                [
                    2665.7540883036627,
                    1870.9798319520537
                ],
                [
                    2662.609058578468,
                    1737.3160686312992
                ],
                [
                    2655.5327416967807,
                    1659.476582932742
                ],
                [
                    2549.387988471476,
                    1128.7528168062156
                ],
                [
                    2431.4493737766925,
                    543.777287920089
                ],
                [
                    2381.1288981735847,
                    314.9763754122086
                ],
                [
                    2371.6938089980026,
                    270.15970182819086
                ]
            ]
        }
    ]
}