{
    "IMAGE_INFO": {
        "FILE_NAME": "1070912@2_04001_221018_P1_T1.jpg",
        "DATE": "2022-10-18 13:29:30",
        "RESOLUTION": "4000 x 2252",
        "IMAGE_PHOTOGRAPHER": "이연주",
        "FOCUS_DISTANCE": "7",
        "EXPOSURE_TIME": "0.01667",
        "SENSITIVITY_ISO": null,
        "PLACE": "성남시재활용센터",
        "REGION_NAME": null,
        "Direction": "2",
        "HEIGHT": null,
        "DAY/NIGHT": "주간",
        "WEATHER": "맑음",
        "IMAGE_HEIGHT": 2252,
        "IMAGE_WIDTH": 4000,
        "IMAGE_SIZE": "3.4 MB"
    },
    "ANNOTATION_INFO": [
        {
            "ID": "1",
            "CLASS": "플라스틱",
            "DETAILS": "PE",
            "DAMAGE": "찌그러짐",
            "DIRTINESS": "오염없음",
            "COVER": "없음",
            "TRANSPARENCY": "불투명",
            "SHAPE": "일반용기형",
            "SHAPE_TYPE": "POLYGON",
            "POINTS": [
                [
                    2835.4830602512775,
                    561.76385445505
                ],
                [
                    2798.266875169812,
                    575.9164882184241
                ],
                [
                    2781.49338330211,
                    595.3108381904551
                ],
                [
                    2770.485779263929,
                    620.471075992009
                ],
                [
                    2789.355957615095,
                    651.9213732439512
                ],
                [
                    2793.025158961155,
                    685.4683569793564
                ],
                [
                    2758.429831984018,
                    647.7280002770258
                ],
                [
                    2732.7454225615984,
                    644.0587989309656
                ],
                [
                    2708.6335280017765,
                    649.8246867604885
                ],
                [
                    2685.04580506282,
                    631.4786800301888
                ],
                [
                    2697.1017523427313,
                    624.1402773380689
                ],
                [
                    2720.1653036608213,
                    614.7051881624863
                ],
                [
                    2737.987138770256,
                    585.8757490148726
                ],
                [
                    2697.6259239635965,
                    572.247286872364
                ],
                [
                    2677.7074023706996,
                    543.9420193456161
                ],
                [
                    2682.424946958491,
                    498.8632599511654
                ],
                [
                    2692.38420775494,
                    483.13811132519425
                ],
                [
                    2691.860036134074,
                    461.6470748697003
                ],
                [
                    2474.852985095672,
                    368.8686979764705
                ],
                [
                    2444.975202706327,
                    384.5938466024417
                ],
                [
                    2335.94750556626,
                    405.0365398162042
                ],
                [
                    2333.3266474619318,
                    432.2934641012209
                ],
                [
                    2331.2299609784686,
                    455.8811870401776
                ],
                [
                    2316.553155594229,
                    518.2576099231965
                ],
                [
                    2227.443980047059,
                    442.2527248976693
                ],
                [
                    2181.8410490317424,
                    504.6291477806882
                ],
                [
                    2172.930131477026,
                    519.3059531649279
                ],
                [
                    2168.2125868892344,
                    540.7969896204218
                ],
                [
                    2154.059953125861,
                    543.9420193456161
                ],
                [
                    2035.0729951893456,
                    502.5324612972254
                ],
                [
                    2099.021932934961,
                    514.5884085771366
                ],
                [
                    2161.3983558179807,
                    505.1533194015538
                ],
                [
                    2173.4543030978916,
                    485.2347978086571
                ],
                [
                    2170.833444993563,
                    467.93713432008883
                ],
                [
                    2173.9784747187573,
                    438.58352355160935
                ],
                [
                    2208.5738016958935,
                    405.0365398162042
                ],
                [
                    2222.202263838402,
                    290.76712646748047
                ],
                [
                    2223.2506070801332,
                    242.01916572696993
                ],
                [
                    2282.4820002379583,
                    202.70629416204204
                ],
                [
                    2283.0061718588245,
                    174.9251982561597
                ],
                [
                    2258.370105678136,
                    131.94312534517186
                ],
                [
                    2147.7698936754723,
                    140.85404289988884
                ],
                [
                    1930.7628426370707,
                    166.0142807014427
                ],
                [
                    1797.0990793163157,
                    201.13377929944494
                ],
                [
                    1524.2572672232982,
                    293.30411711247046
                ],
                [
                    1521.9928458211584,
                    314.4387168657757
                ],
                [
                    1455.5698180250563,
                    376.33290185759813
                ],
                [
                    1453.3053966229165,
                    390.67423740448385
                ],
                [
                    1364.9929619394625,
                    438.9818939834672
                ],
                [
                    1378.5794903523015,
                    392.9386588066237
                ],
                [
                    1343.8583621861574,
                    391.4290445385305
                ],
                [
                    1271.3968773176823,
                    426.9049798387214
                ],
                [
                    1044.260314540375,
                    564.9441085131663
                ],
                [
                    885.5696626784147,
                    693.2009367303672
                ],
                [
                    820.3543262967871,
                    774.7201072074016
                ],
                [
                    757.3128344612138,
                    829.0662208587578
                ],
                [
                    718.1836326322373,
                    920.3676917930364
                ],
                [
                    607.7958065836024,
                    1139.5781758171472
                ],
                [
                    508.65180015741475,
                    1240.2748289719082
                ],
                [
                    465.37803327071305,
                    1322.8155324780248
                ],
                [
                    422.9056324374687,
                    1471.0682523676508
                ],
                [
                    426.11109665129845,
                    1509.5338229336076
                ],
                [
                    451.7548103619366,
                    1523.1570458423842
                ],
                [
                    528.6859514938507,
                    1501.5201623990333
                ],
                [
                    624.0485118552859,
                    1487.896939490257
                ],
                [
                    675.3359392765622,
                    1495.9106000248312
                ],
                [
                    713.0001437890618,
                    1520.7529476820118
                ],
                [
                    781.9176243864015,
                    1602.4922851346707
                ],
                [
                    898.1157021377302,
                    1704.2657739237654
                ],
                [
                    1080.8271623260264,
                    1811.6488250870625
                ],
                [
                    1348.483424180811,
                    1902.2031891277527
                ],
                [
                    1567.256356774692,
                    1954.2919826024863
                ],
                [
                    1733.9404958938396,
                    1978.3329642062095
                ],
                [
                    1899.8232689595293,
                    1987.1479907942414
                ],
                [
                    2012.0145164435708,
                    1986.346624740784
                ],
                [
                    2050.480087009528,
                    1977.5315981527522
                ],
                [
                    2121.80166576724,
                    1981.5384284200393
                ],
                [
                    2209.9519316475585,
                    1960.7029110301457
                ],
                [
                    2233.191547197824,
                    1952.6892504955713
                ],
                [
                    2375.033338659791,
                    1939.8673936402524
                ],
                [
                    2649.901894995692,
                    1874.9567433102
                ],
                [
                    2867.713188325425,
                    1770.4586099393498
                ],
                [
                    3027.345306174147,
                    1658.9084552980742
                ],
                [
                    3139.8571000795714,
                    1555.05141476999
                ],
                [
                    3226.4046338529747,
                    1438.6930638079698
                ],
                [
                    3280.256432645315,
                    1314.6415987327584
                ],
                [
                    3294.681021607548,
                    1171.3573483745681
                ],
                [
                    3271.6016792679743,
                    1033.8429336012714
                ],
                [
                    3216.788241211485,
                    897.2901580921236
                ],
                [
                    3087.928579815529,
                    727.0800083377637
                ],
                [
                    2941.7594116648925,
                    618.4147714889349
                ]
            ]
        }
    ]
}