{
    "IMAGE_INFO": {
        "FILE_NAME": "1070932@4_04001_221018_P1_T1.jpg",
        "DATE": "2022-10-18 13:29:52",
        "RESOLUTION": "4000 x 2252",
        "IMAGE_PHOTOGRAPHER": "이연주",
        "FOCUS_DISTANCE": "7",
        "EXPOSURE_TIME": "0.00833",
        "SENSITIVITY_ISO": null,
        "PLACE": "성남시재활용센터",
        "REGION_NAME": null,
        "Direction": "4",
        "HEIGHT": null,
        "DAY/NIGHT": "주간",
        "WEATHER": "맑음",
        "IMAGE_HEIGHT": 2252,
        "IMAGE_WIDTH": 4000,
        "IMAGE_SIZE": "3.7 MB"
    },
    "ANNOTATION_INFO": [
        {
            "ID": "1",
            "CLASS": "플라스틱",
            "DETAILS": "PE",
            "DAMAGE": "찌그러짐",
            "DIRTINESS": "오염없음",
            "COVER": "없음",
            "TRANSPARENCY": "불투명",
            "SHAPE": "기타 형태",
            "SHAPE_TYPE": "POLYGON",
            "POINTS": [
                [
                    2116.0613817536077,
                    386.9196342197559
                ],
                [
                    1951.6025357069925,
                    312.2251782463929
                ],
                [
                    1853.320356794673,
                    273.56752120754714
                ],
                [
                    1832.3534919600445,
                    272.912306681465
                ],
                [
                    1812.6970561775806,
                    306.3282475116537
                ],
                [
                    1791.07497681687,
                    373.8153436981132
                ],
                [
                    1775.3498281908992,
                    396.74785211098776
                ],
                [
                    1755.6933924084353,
                    398.05828116315206
                ],
                [
                    1726.8639532608215,
                    408.54171358046614
                ],
                [
                    1711.7940191609327,
                    431.4742219933408
                ],
                [
                    1676.4124347524973,
                    427.54293483684796
                ],
                [
                    1620.0639855094341,
                    458.33801756270816
                ],
                [
                    1553.2321038490566,
                    486.51224218423977
                ],
                [
                    1534.230882592675,
                    512.0656087014429
                ],
                [
                    1452.984281358491,
                    609.6925730876806
                ],
                [
                    1394.014974011099,
                    705.3538938956716
                ],
                [
                    1366.4959639156496,
                    765.6336302952277
                ],
                [
                    1371.7376801243065,
                    780.7035643951167
                ],
                [
                    1341.5978119245285,
                    785.9452806037738
                ],
                [
                    1294.422366046615,
                    868.5023108901223
                ],
                [
                    1262.5789400790236,
                    975.8264502623755
                ],
                [
                    1245.281276590455,
                    1077.2536588998894
                ],
                [
                    1246.0675340217538,
                    1216.4212242397339
                ],
                [
                    1253.1438509034408,
                    1298.1919970947838
                ],
                [
                    1300.3192967813543,
                    1313.9171457207551
                ],
                [
                    1374.2274953234187,
                    1308.413343701665
                ],
                [
                    1395.4564459684798,
                    1300.5507693886796
                ],
                [
                    1371.868723029523,
                    1360.30633416737
                ],
                [
                    1397.0289608310763,
                    1435.000790140733
                ],
                [
                    1419.044168907436,
                    1483.7487508812437
                ],
                [
                    1387.593871655494,
                    1497.9013846446176
                ],
                [
                    1327.0520494455052,
                    1556.0844345607109
                ],
                [
                    1355.3573169722533,
                    1595.3973061256388
                ],
                [
                    1477.2272188235293,
                    1699.9695444883466
                ],
                [
                    1617.1810415946727,
                    1782.5265747746955
                ],
                [
                    1792.516448774251,
                    1843.8546544159828
                ],
                [
                    1970.2106282477253,
                    1866.6561199236412
                ],
                [
                    2148.691065152498,
                    1855.6485158854614
                ],
                [
                    2308.3013237061045,
                    1817.1219017518324
                ],
                [
                    2415.2323343627086,
                    1768.3739410113217
                ],
                [
                    2526.8808896071037,
                    1683.4581384310775
                ],
                [
                    2598.430315855272,
                    1598.5423358508335
                ],
                [
                    2660.544652927859,
                    1504.1914440950065
                ],
                [
                    2699.8575244927856,
                    1381.5352848124317
                ],
                [
                    2706.933841374473,
                    1271.4592444306334
                ],
                [
                    2683.346118435517,
                    1159.8106891862383
                ],
                [
                    2698.285009630189,
                    1071.7498568807998
                ],
                [
                    2684.9186332981135,
                    931.0097766783582
                ],
                [
                    2647.178276595783,
                    808.3536173957833
                ],
                [
                    2610.224177324751,
                    787.9109241820208
                ],
                [
                    2572.48382062242,
                    729.7278742659275
                ],
                [
                    2568.552533465927,
                    681.7661709567157
                ],
                [
                    2477.3466714352953,
                    575.6214177314102
                ],
                [
                    2393.2171262863494,
                    490.70561515116606
                ],
                [
                    2265.0571649846843,
                    419.9424463342958
                ]
            ]
        }
    ]
}