{
    "IMAGE_INFO": {
        "FILE_NAME": "1071924@1_04001_221019_P1_T1.jpg",
        "DATE": "2022-10-19 10:21:11",
        "RESOLUTION": "4000 x 2252",
        "IMAGE_PHOTOGRAPHER": "이연주",
        "FOCUS_DISTANCE": "7",
        "EXPOSURE_TIME": "0.02500",
        "SENSITIVITY_ISO": null,
        "PLACE": "성남시재활용센터",
        "REGION_NAME": null,
        "Direction": "1",
        "HEIGHT": null,
        "DAY/NIGHT": "주간",
        "WEATHER": "맑음",
        "IMAGE_HEIGHT": 2252,
        "IMAGE_WIDTH": 4000,
        "IMAGE_SIZE": "3.5 MB"
    },
    "ANNOTATION_INFO": [
        {
            "ID": "1",
            "CLASS": "플라스틱",
            "DETAILS": "PE",
            "DAMAGE": "찌그러짐",
            "DIRTINESS": "오염없음",
            "COVER": "없음",
            "TRANSPARENCY": "불투명",
            "SHAPE": "일반용기형",
            "SHAPE_TYPE": "POLYGON",
            "POINTS": [
                [
                    2687.0374957219656,
                    1286.4740752448213
                ],
                [
                    2659.864438896288,
                    1262.9240926625666
                ],
                [
                    2645.3721419225926,
                    1233.9394987151768
                ],
                [
                    2607.9337080738806,
                    1116.1895858039047
                ],
                [
                    2588.610645442287,
                    1051.5780951295144
                ],
                [
                    2559.626051494897,
                    1015.3473526952769
                ],
                [
                    2550.5683658863372,
                    1011.7242784518531
                ],
                [
                    2536.0760689126428,
                    970.6627703597172
                ],
                [
                    2505.883783550778,
                    959.793547629446
                ],
                [
                    2229.9262953433354,
                    956.1704733860223
                ],
                [
                    2202.14939281042,
                    993.6089072347344
                ],
                [
                    2167.126341790657,
                    993.0050615274971
                ],
                [
                    2160.484039011047,
                    970.05892465248
                ],
                [
                    2147.8032791590635,
                    957.9820105077342
                ],
                [
                    2119.4225309189105,
                    951.9435534353612
                ],
                [
                    1843.4650427114684,
                    957.9820105077342
                ],
                [
                    1825.3496714943499,
                    993.0050615274971
                ],
                [
                    1776.438169208129,
                    994.816598649209
                ],
                [
                    1766.7766378923325,
                    961.0012390439207
                ],
                [
                    1726.3189755074338,
                    954.3589362643105
                ],
                [
                    1465.457629980924,
                    959.793547629446
                ],
                [
                    1434.6614989118218,
                    979.1166102610395
                ],
                [
                    1437.0768817407713,
                    1003.2704385505311
                ],
                [
                    1393.5999908196861,
                    1025.0088840110736
                ],
                [
                    1377.2961567242792,
                    1052.7857865439892
                ],
                [
                    1368.23847111572,
                    1165.7049337973629
                ],
                [
                    1352.5384827275504,
                    1284.0586924158717
                ],
                [
                    1362.200014043347,
                    1324.5163548007704
                ],
                [
                    1401.449985013771,
                    1352.8971030409236
                ],
                [
                    1461.8345557375003,
                    1360.7470972350081
                ],
                [
                    1899.0188477772997,
                    1354.104794455398
                ],
                [
                    2212.414769833454,
                    1346.2548002613128
                ],
                [
                    2411.6838532217607,
                    1341.4240346034146
                ],
                [
                    2556.002977251474,
                    1339.0086517744658
                ],
                [
                    2621.2183136331014,
                    1366.1817086001438
                ],
                [
                    2656.241364652864,
                    1365.5778628929065
                ],
                [
                    2689.452878550915,
                    1344.4432631396012
                ],
                [
                    2693.0759527943387,
                    1308.8163664126012
                ]
            ]
        }
    ]
}