{
    "IMAGE_INFO": {
        "FILE_NAME": "1071904@4_04001_221019_P1_T1.jpg",
        "DATE": "2022-10-19 10:16:24",
        "RESOLUTION": "4000 x 2252",
        "IMAGE_PHOTOGRAPHER": "이연주",
        "FOCUS_DISTANCE": "7",
        "EXPOSURE_TIME": "0.02500",
        "SENSITIVITY_ISO": null,
        "PLACE": "성남시재활용센터",
        "REGION_NAME": null,
        "Direction": "4",
        "HEIGHT": null,
        "DAY/NIGHT": "주간",
        "WEATHER": "맑음",
        "IMAGE_HEIGHT": 2252,
        "IMAGE_WIDTH": 4000,
        "IMAGE_SIZE": "2.9 MB"
    },
    "ANNOTATION_INFO": [
        {
            "ID": "1",
            "CLASS": "플라스틱",
            "DETAILS": "PE",
            "DAMAGE": "원형",
            "DIRTINESS": "오염없음",
            "COVER": "없음",
            "TRANSPARENCY": "불투명",
            "SHAPE": "일반용기형",
            "SHAPE_TYPE": "POLYGON",
            "POINTS": [
                [
                    2943.949569988901,
                    1766.3407284350722
                ],
                [
                    2913.645898157603,
                    1610.7272784905663
                ],
                [
                    2866.1428450166486,
                    1392.8684485682575
                ],
                [
                    2826.8299734517204,
                    1172.5525641731408
                ],
                [
                    2785.0600474139846,
                    944.8655163596003
                ],
                [
                    2712.1674313873477,
                    609.8870899001107
                ],
                [
                    2669.5784871920096,
                    401.0374597114314
                ],
                [
                    2660.5692874583797,
                    368.2767334073248
                ],
                [
                    2637.636779045505,
                    341.2491342064369
                ],
                [
                    2587.6766714317428,
                    321.59269842397293
                ],
                [
                    2518.0601280355163,
                    313.40251684794623
                ],
                [
                    2489.394492519423,
                    313.40251684794623
                ],
                [
                    2411.5877675471697,
                    287.193935804661
                ],
                [
                    2332.9620244173143,
                    269.99455449500505
                ],
                [
                    2103.636940288568,
                    250.3381187125412
                ],
                [
                    1775.6496528223745,
                    246.97031604847908
                ],
                [
                    1656.1385232649936,
                    251.37335766375097
                ],
                [
                    1564.3036552893223,
                    266.4695003446833
                ],
                [
                    1524.047274806836,
                    282.8236549156933
                ],
                [
                    1478.129840819,
                    275.904589520266
                ],
                [
                    1426.5513533258147,
                    279.678625190499
                ],
                [
                    1383.1499431181344,
                    297.9197975966256
                ],
                [
                    1354.8446755913865,
                    325.5960591783348
                ],
                [
                    1324.6523902295214,
                    414.2858974288121
                ],
                [
                    1301.3791702630845,
                    498.5726940640175
                ],
                [
                    1208.915296342374,
                    741.368988849012
                ],
                [
                    1154.5691826910177,
                    929.3159652266191
                ],
                [
                    1105.5067189779877,
                    1108.9600631297135
                ],
                [
                    1041.3481125840253,
                    1352.0079602927237
                ],
                [
                    983.227963262436,
                    1523.3491797213055
                ],
                [
                    932.6558852813127,
                    1700.7288562222598
                ],
                [
                    927.3722353429865,
                    1758.0941984098024
                ],
                [
                    953.790485034618,
                    1811.6855049271123
                ],
                [
                    1009.6462129540676,
                    1847.9162473613496
                ],
                [
                    1082.1076978225426,
                    1857.7287401039557
                ],
                [
                    1377.2372872347692,
                    1876.598918455121
                ],
                [
                    1812.761003579666,
                    1894.7142896722398
                ],
                [
                    2292.818340833313,
                    1908.3008180850788
                ],
                [
                    2601.5344586583788,
                    1924.1517679000578
                ],
                [
                    2782.688170829567,
                    1927.170996436244
                ],
                [
                    2896.6640480706055,
                    1897.733518208426
                ],
                [
                    2946.4813189176825,
                    1819.9883834016248
                ]
            ]
        }
    ]
}