{
    "IMAGE_INFO": {
        "FILE_NAME": "1071997@5_04001_221019_P1_T1.jpg",
        "DATE": "2022-10-19 10:23:06",
        "RESOLUTION": "4000 x 2252",
        "IMAGE_PHOTOGRAPHER": "이연주",
        "FOCUS_DISTANCE": "7",
        "EXPOSURE_TIME": "0.02500",
        "SENSITIVITY_ISO": null,
        "PLACE": "성남시재활용센터",
        "REGION_NAME": null,
        "Direction": "5",
        "HEIGHT": null,
        "DAY/NIGHT": "주간",
        "WEATHER": "맑음",
        "IMAGE_HEIGHT": 2252,
        "IMAGE_WIDTH": 4000,
        "IMAGE_SIZE": "3.0 MB"
    },
    "ANNOTATION_INFO": [
        {
            "ID": "1",
            "CLASS": "플라스틱",
            "DETAILS": "PE",
            "DAMAGE": "원형",
            "DIRTINESS": "오염없음",
            "COVER": "없음",
            "TRANSPARENCY": "불투명",
            "SHAPE": "일반용기형",
            "SHAPE_TYPE": "POLYGON",
            "POINTS": [
                [
                    3155.2859550641574,
                    463.39933657602836
                ],
                [
                    3026.666819422614,
                    457.05895665003686
                ],
                [
                    1806.4154142374941,
                    468.6527942289929
                ],
                [
                    861.8799589769214,
                    476.26125014018265
                ],
                [
                    807.5338453255653,
                    482.78278377834545
                ],
                [
                    743.4054312169649,
                    513.2166074231051
                ],
                [
                    691.2331621116628,
                    627.3434460909532
                ],
                [
                    412.9810602167186,
                    1302.3221776407984
                ],
                [
                    423.85028294698986,
                    1327.3213899204222
                ],
                [
                    335.80957883179263,
                    1433.8397726770806
                ],
                [
                    312.98421109822294,
                    1505.576642696871
                ],
                [
                    332.54881201271127,
                    1577.3135127166615
                ],
                [
                    399.9379929403931,
                    1589.2696577199597
                ],
                [
                    442.327961588451,
                    1571.8789013515257
                ],
                [
                    511.8909870621869,
                    1518.6197099731967
                ],
                [
                    578.1932457168417,
                    1489.272808601464
                ],
                [
                    735.7969753057749,
                    1480.577430417247
                ],
                [
                    777.1000216808059,
                    1518.6197099731967
                ],
                [
                    881.4445598914098,
                    1542.5319999797932
                ],
                [
                    1309.6919354640975,
                    1537.097388614658
                ],
                [
                    1360.7772822963723,
                    1489.2728086014645
                ],
                [
                    1579.2486591748248,
                    1479.4905081442203
                ],
                [
                    1630.3340060070996,
                    1512.098176335034
                ],
                [
                    1855.3269165237148,
                    1527.3150881574138
                ],
                [
                    2130.3182515995777,
                    1516.4458654271425
                ],
                [
                    2203.142043892394,
                    1481.6643526902747
                ],
                [
                    2495.524135336692,
                    1474.0558967790848
                ],
                [
                    2507.4802803399903,
                    1511.011254062007
                ],
                [
                    2585.738683997943,
                    1525.1412436113596
                ],
                [
                    2960.726868192301,
                    1501.2289536047629
                ],
                [
                    3090.07061868253,
                    1493.6204976935728
                ],
                [
                    3222.6751359918385,
                    1500.1420313317358
                ],
                [
                    3284.6297055543846,
                    1464.2735963218406
                ],
                [
                    3392.235010584071,
                    1465.3605185948677
                ],
                [
                    3535.7087506236508,
                    1451.230529045515
                ],
                [
                    3584.620252909872,
                    1402.3190267592943
                ],
                [
                    3598.750242459224,
                    1334.9298458316125
                ],
                [
                    3598.750242459224,
                    1264.2798980848493
                ],
                [
                    3327.019674202443,
                    652.3426583705775
                ],
                [
                    3269.4127937320054,
                    516.4773742421867
                ],
                [
                    3213.979757807622,
                    473.0004833211016
                ]
            ]
        }
    ]
}