{
    "IMAGE_INFO": {
        "FILE_NAME": "1071981@2_04001_221019_P1_T1.jpg",
        "DATE": "2022-10-19 10:21:37",
        "RESOLUTION": "4000 x 2252",
        "IMAGE_PHOTOGRAPHER": "이연주",
        "FOCUS_DISTANCE": "7",
        "EXPOSURE_TIME": "0.02500",
        "SENSITIVITY_ISO": null,
        "PLACE": "성남시재활용센터",
        "REGION_NAME": null,
        "Direction": "2",
        "HEIGHT": null,
        "DAY/NIGHT": "주간",
        "WEATHER": "맑음",
        "IMAGE_HEIGHT": 2252,
        "IMAGE_WIDTH": 4000,
        "IMAGE_SIZE": "3.1 MB"
    },
    "ANNOTATION_INFO": [
        {
            "ID": "1",
            "CLASS": "플라스틱",
            "DETAILS": "PE",
            "DAMAGE": "원형",
            "DIRTINESS": "오염없음",
            "COVER": "없음",
            "TRANSPARENCY": "불투명",
            "SHAPE": "일반용기형",
            "SHAPE_TYPE": "POLYGON",
            "POINTS": [
                [
                    3316.4636625971148,
                    1458.198743618202
                ],
                [
                    3246.079289678136,
                    1276.4790899001107
                ],
                [
                    3179.5340643729187,
                    1030.7736426193117
                ],
                [
                    3118.10770255272,
                    864.4105793562704
                ],
                [
                    3027.2478756936744,
                    664.7749034406211
                ],
                [
                    2993.9752630410662,
                    552.1599067702547
                ],
                [
                    2960.702650388458,
                    502.25098779134237
                ],
                [
                    2867.2833917869043,
                    460.0203640399549
                ],
                [
                    2709.8783396226427,
                    453.6217846836842
                ],
                [
                    2580.627036625972,
                    436.98547835738003
                ],
                [
                    2057.2232452830194,
                    419.06945615982175
                ],
                [
                    1407.127582685905,
                    436.98547835738003
                ],
                [
                    1247.1630987791348,
                    458.7406481687008
                ],
                [
                    1082.0797513873476,
                    460.0203640399549
                ],
                [
                    1016.8142419533855,
                    480.4958179800216
                ],
                [
                    963.0661753607106,
                    512.4887147613756
                ],
                [
                    928.5138468368483,
                    580.3136559378464
                ],
                [
                    814.6191342952277,
                    1012.857620421753
                ],
                [
                    730.157886792453,
                    1335.3460199778021
                ],
                [
                    621.3820377358492,
                    1696.2258956714759
                ],
                [
                    634.1791964483908,
                    1813.9597558268588
                ],
                [
                    741.6753296337405,
                    1857.4700954495006
                ],
                [
                    1444.2393429522758,
                    1843.3932208657047
                ],
                [
                    2379.7116448390684,
                    1829.3163462819093
                ],
                [
                    2869.8428235294123,
                    1824.1974827968925
                ],
                [
                    3084.8350899001116,
                    1826.7569145394007
                ],
                [
                    3194.8906548279697,
                    1829.3163462819093
                ],
                [
                    3263.9953118756944,
                    1761.4914051054384
                ],
                [
                    3293.42877691454,
                    1645.03726082131
                ]
            ]
        }
    ]
}