{
    "IMAGE_INFO": {
        "FILE_NAME": "1071938@3_04001_221019_P1_T1.jpg",
        "DATE": "2022-10-19 10:22:09",
        "RESOLUTION": "4000 x 2252",
        "IMAGE_PHOTOGRAPHER": "이연주",
        "FOCUS_DISTANCE": "7",
        "EXPOSURE_TIME": "0.02500",
        "SENSITIVITY_ISO": null,
        "PLACE": "성남시재활용센터",
        "REGION_NAME": null,
        "Direction": "3",
        "HEIGHT": null,
        "DAY/NIGHT": "주간",
        "WEATHER": "맑음",
        "IMAGE_HEIGHT": 2252,
        "IMAGE_WIDTH": 4000,
        "IMAGE_SIZE": "2.9 MB"
    },
    "ANNOTATION_INFO": [
        {
            "ID": "1",
            "CLASS": "플라스틱",
            "DETAILS": "PE",
            "DAMAGE": "원형",
            "DIRTINESS": "오염없음",
            "COVER": "없음",
            "TRANSPARENCY": "불투명",
            "SHAPE": "일반용기형",
            "SHAPE_TYPE": "POLYGON",
            "POINTS": [
                [
                    2569.1172080941174,
                    543.5116508981133
                ],
                [
                    2548.1503432594895,
                    535.1249049642621
                ],
                [
                    2527.7076500457265,
                    494.7636901576028
                ],
                [
                    2489.9672933433962,
                    458.1765110211766
                ],
                [
                    2428.3247107295892,
                    414.14609486845734
                ],
                [
                    2298.749486051587,
                    368.85766682566043
                ],
                [
                    2188.673445669789,
                    351.87450630961155
                ],
                [
                    1859.7033364144727,
                    343.0684230790677
                ],
                [
                    1637.035231870721,
                    348.7294765844173
                ],
                [
                    1519.4111201484566,
                    363.82561926534964
                ],
                [
                    1482.9287753362037,
                    379.55076789132073
                ],
                [
                    1379.1427944047941,
                    373.8897143859712
                ],
                [
                    1337.6284020322303,
                    396.5339284073696
                ],
                [
                    1313.0971701757153,
                    427.35521971427306
                ],
                [
                    1274.0988015833068,
                    582.7196881388679
                ],
                [
                    1180.2511145835108,
                    944.7755101032277
                ],
                [
                    1118.3569295916886,
                    1211.2224284216832
                ],
                [
                    1055.7079374658194,
                    1466.347239729439
                ],
                [
                    1007.4002808868361,
                    1663.3519017156052
                ],
                [
                    1017.9675807634887,
                    1719.2076296350544
                ],
                [
                    1058.7271660020058,
                    1770.5345147502244
                ],
                [
                    1126.659808066201,
                    1793.1787287716231
                ],
                [
                    1439.9047686955464,
                    1799.9719929780426
                ],
                [
                    1870.8996422361638,
                    1799.217185843996
                ],
                [
                    2404.5482860071206,
                    1801.481607246136
                ],
                [
                    2709.4903681619535,
                    1807.520064318509
                ],
                [
                    2766.1009032154493,
                    1789.40469310139
                ],
                [
                    2816.672981196573,
                    1759.9672148735722
                ],
                [
                    2843.0912308882043,
                    1715.433593964822
                ],
                [
                    2847.620073692484,
                    1659.5778660453725
                ],
                [
                    2755.5336033387966,
                    1302.5540916413236
                ],
                [
                    2655.144254510596,
                    897.9774677923376
                ]
            ]
        }
    ]
}