{
    "IMAGE_INFO": {
        "FILE_NAME": "1071979@1_04001_221019_P1_T1.jpg",
        "DATE": "2022-10-19 10:19:29",
        "RESOLUTION": "4000 x 2252",
        "IMAGE_PHOTOGRAPHER": "이연주",
        "FOCUS_DISTANCE": "7",
        "EXPOSURE_TIME": "0.02500",
        "SENSITIVITY_ISO": null,
        "PLACE": "성남시재활용센터",
        "REGION_NAME": null,
        "Direction": "1",
        "HEIGHT": null,
        "DAY/NIGHT": "주간",
        "WEATHER": "맑음",
        "IMAGE_HEIGHT": 2252,
        "IMAGE_WIDTH": 4000,
        "IMAGE_SIZE": "3.6 MB"
    },
    "ANNOTATION_INFO": [
        {
            "ID": "1",
            "CLASS": "플라스틱",
            "DETAILS": "PE",
            "DAMAGE": "원형",
            "DIRTINESS": "오염없음",
            "COVER": "없음",
            "TRANSPARENCY": "불투명",
            "SHAPE": "일반용기형",
            "SHAPE_TYPE": "POLYGON",
            "POINTS": [
                [
                    2443.000631830162,
                    778.605901488444
                ],
                [
                    2424.5497907756894,
                    762.8388191328036
                ],
                [
                    2400.3959624861973,
                    754.4520731989523
                ],
                [
                    2134.7709452692584,
                    753.9153214591854
                ],
                [
                    1882.7660034488954,
                    746.266609167513
                ],
                [
                    1812.3173376045447,
                    753.5127576543605
                ],
                [
                    1684.3020476702386,
                    765.1871079942816
                ],
                [
                    1592.51750017017,
                    768.8101822377054
                ],
                [
                    1555.8841939311071,
                    792.1588829175473
                ],
                [
                    1547.0277902249602,
                    829.1947529614346
                ],
                [
                    1529.7175466174913,
                    990.6228386962042
                ],
                [
                    1520.0560153016945,
                    1119.4432562401596
                ],
                [
                    1501.1355164749261,
                    1201.1637086196067
                ],
                [
                    1486.6432195012308,
                    1335.6200194311102
                ],
                [
                    1477.7868157950836,
                    1415.327652786433
                ],
                [
                    1452.0227322862925,
                    1437.4686620518003
                ],
                [
                    1441.1535095560214,
                    1457.5968522930434
                ],
                [
                    1453.2304237007672,
                    1482.1532443873598
                ],
                [
                    1471.7483587227107,
                    1495.8404137514053
                ],
                [
                    1505.161154523174,
                    1495.4378499465804
                ],
                [
                    1537.3662589091628,
                    1476.114787314987
                ],
                [
                    1569.973927099977,
                    1468.0635112184898
                ],
                [
                    1582.8559688543723,
                    1471.6865854619134
                ],
                [
                    1612.2431266065873,
                    1484.971191021134
                ],
                [
                    1819.160922286566,
                    1486.1788824356083
                ],
                [
                    1995.8864326046798,
                    1480.1404253632359
                ],
                [
                    2171.8068153131444,
                    1485.373754825959
                ],
                [
                    2455.2117339098468,
                    1477.3224787294619
                ],
                [
                    2555.4501213112376,
                    1463.2327455605919
                ],
                [
                    2596.511629403373,
                    1437.8712258566256
                ],
                [
                    2608.5885435481187,
                    1413.717397567134
                ],
                [
                    2595.7065017937234,
                    1331.9969451876873
                ],
                [
                    2546.9962814099154,
                    1132.3252979945555
                ],
                [
                    2487.416838295836,
                    905.6818758781587
                ],
                [
                    2454.0040424953722,
                    801.8204142333444
                ]
            ]
        }
    ]
}