{
    "IMAGE_INFO": {
        "FILE_NAME": "1071946@5_04001_221019_P1_T1.jpg",
        "DATE": "2022-10-19 10:16:28",
        "RESOLUTION": "4000 x 2252",
        "IMAGE_PHOTOGRAPHER": "이연주",
        "FOCUS_DISTANCE": "7",
        "EXPOSURE_TIME": "0.02500",
        "SENSITIVITY_ISO": null,
        "PLACE": "성남시재활용센터",
        "REGION_NAME": null,
        "Direction": "5",
        "HEIGHT": null,
        "DAY/NIGHT": "주간",
        "WEATHER": "맑음",
        "IMAGE_HEIGHT": 2252,
        "IMAGE_WIDTH": 4000,
        "IMAGE_SIZE": "2.8 MB"
    },
    "ANNOTATION_INFO": [
        {
            "ID": "1",
            "CLASS": "플라스틱",
            "DETAILS": "PE",
            "DAMAGE": "원형",
            "DIRTINESS": "오염없음",
            "COVER": "없음",
            "TRANSPARENCY": "불투명",
            "SHAPE": "일반용기형",
            "SHAPE_TYPE": "POLYGON",
            "POINTS": [
                [
                    3494.8580247886143,
                    1547.0873698608013
                ],
                [
                    3468.50351436608,
                    1468.592795437351
                ],
                [
                    3432.1761566186847,
                    1389.3682386478188
                ],
                [
                    3381.1632712712785,
                    1267.6329440687805
                ],
                [
                    3353.3380610817844,
                    1194.9782285739896
                ],
                [
                    3319.3294708501803,
                    1072.4700114896875
                ],
                [
                    3263.6790504711917,
                    908.2239791211441
                ],
                [
                    3194.1160249974555,
                    761.3687031210347
                ],
                [
                    3125.325922028983,
                    631.9041834893593
                ],
                [
                    3107.935165660549,
                    596.7362094998593
                ],
                [
                    3067.7431953868345,
                    497.0292063208378
                ],
                [
                    3030.2564538815436,
                    460.7018485734422
                ],
                [
                    2984.2675648183517,
                    436.74125091026644
                ],
                [
                    2927.071299428835,
                    425.5338745839423
                ],
                [
                    2869.875034039319,
                    424.37449082604667
                ],
                [
                    2774.0326433866157,
                    395.0034356260248
                ],
                [
                    2670.4610276812755,
                    376.83975675232693
                ],
                [
                    2547.5663493443417,
                    371.8157604681127
                ],
                [
                    2140.777234824039,
                    353.72937384494134
                ],
                [
                    1932.088158402831,
                    351.4106063291502
                ],
                [
                    1680.2700061879066,
                    352.33811333546663
                ],
                [
                    1344.976223404499,
                    359.7581693859985
                ],
                [
                    1209.0964469791347,
                    386.65587256917644
                ],
                [
                    1169.2136457075262,
                    405.66976619866426
                ],
                [
                    1112.1719648190624,
                    401.03223116708193
                ],
                [
                    1055.5940374337574,
                    413.5535757523544
                ],
                [
                    978.1472024063313,
                    451.1176095081719
                ],
                [
                    953.5682667389445,
                    510.9418114155848
                ],
                [
                    938.2644011347227,
                    555.9259012219342
                ],
                [
                    880.2952132399428,
                    640.7927922998922
                ],
                [
                    835.3111234335934,
                    735.3985069441733
                ],
                [
                    770.9421371952296,
                    866.1769948347971
                ],
                [
                    710.8396831859217,
                    1048.4877719963642
                ],
                [
                    678.7850410476243,
                    1190.73024648506
                ],
                [
                    612.6723416373853,
                    1355.6780924883826
                ],
                [
                    543.8884220489552,
                    1517.286913268966
                ],
                [
                    545.2240321380509,
                    1574.7181471000824
                ],
                [
                    565.9259885190348,
                    1613.4508396838592
                ],
                [
                    597.3128256127845,
                    1643.5020666885127
                ],
                [
                    696.1479722058687,
                    1671.549878559523
                ],
                [
                    920.5304671739516,
                    1670.8820735149757
                ],
                [
                    1295.1690971653045,
                    1676.892318915906
                ],
                [
                    1804.0365411107782,
                    1680.899149183193
                ],
                [
                    2309.5649598335126,
                    1694.2552500741497
                ],
                [
                    2991.928154352522,
                    1697.060031261251
                ],
                [
                    3270.0021749022535,
                    1696.2586652077937
                ],
                [
                    3399.823475562359,
                    1691.450468887049
                ],
                [
                    3446.30270666289,
                    1669.0122193902405
                ],
                [
                    3492.7819377634214,
                    1613.7179617016773
                ],
                [
                    3499.994232244538,
                    1580.8619535099224
                ]
            ]
        }
    ]
}