{
    "IMAGE_INFO": {
        "FILE_NAME": "1071890@4_04001_221019_P1_T1.jpg",
        "DATE": "2022-10-19 10:18:32",
        "RESOLUTION": "4000 x 2252",
        "IMAGE_PHOTOGRAPHER": "이연주",
        "FOCUS_DISTANCE": "7",
        "EXPOSURE_TIME": "0.02500",
        "SENSITIVITY_ISO": null,
        "PLACE": "성남시재활용센터",
        "REGION_NAME": null,
        "Direction": "4",
        "HEIGHT": null,
        "DAY/NIGHT": "주간",
        "WEATHER": "맑음",
        "IMAGE_HEIGHT": 2252,
        "IMAGE_WIDTH": 4000,
        "IMAGE_SIZE": "2.6 MB"
    },
    "ANNOTATION_INFO": [
        {
            "ID": "1",
            "CLASS": "플라스틱",
            "DETAILS": "PE",
            "DAMAGE": "원형",
            "DIRTINESS": "오염없음",
            "COVER": "없음",
            "TRANSPARENCY": "투명",
            "SHAPE": "일반용기형",
            "SHAPE_TYPE": "POLYGON",
            "POINTS": [
                [
                    2348.694691374029,
                    602.543440372919
                ],
                [
                    2346.729047795782,
                    504.9164759866814
                ],
                [
                    2338.8664734827967,
                    462.3275317913429
                ],
                [
                    2270.724162770255,
                    383.70178866148717
                ],
                [
                    2217.6517861576026,
                    350.94106235738064
                ],
                [
                    2148.854260918979,
                    320.1459796315205
                ],
                [
                    2023.7082864372917,
                    291.97175500998884
                ],
                [
                    1895.9414538512763,
                    286.0748242752496
                ],
                [
                    1786.5206279955603,
                    304.4208310055493
                ],
                [
                    1700.0323105527189,
                    337.8367718357379
                ],
                [
                    1617.4752802663704,
                    395.4956501309656
                ],
                [
                    1586.6801975405106,
                    450.5336703218645
                ],
                [
                    1583.4041249100997,
                    532.435486082131
                ],
                [
                    1555.8851148146507,
                    544.2293475516093
                ],
                [
                    1479.8802297891232,
                    637.9250247813541
                ],
                [
                    1465.4655102153165,
                    721.1372695937847
                ],
                [
                    1422.8765660199774,
                    1050.0549616870146
                ],
                [
                    1385.5293380332962,
                    1334.4180660066597
                ],
                [
                    1393.391912346282,
                    1394.6978024062157
                ],
                [
                    1408.461846446171,
                    1456.2879678579359
                ],
                [
                    1426.8078531764706,
                    1492.9799813185355
                ],
                [
                    1433.359998437292,
                    1529.6719947791348
                ],
                [
                    1413.703562654828,
                    1575.5370116048841
                ],
                [
                    1380.2876218246395,
                    1592.5725892830194
                ],
                [
                    1322.6287435294116,
                    1652.8523256825756
                ],
                [
                    1304.2827367991122,
                    1705.2694877691458
                ],
                [
                    1316.0765982685907,
                    1745.892788386238
                ],
                [
                    1352.1133972031078,
                    1783.8952308990015
                ],
                [
                    1415.0139917069923,
                    1812.0694555205332
                ],
                [
                    1485.7771605238624,
                    1817.3111717291904
                ],
                [
                    1551.2986131320756,
                    1795.68909236848
                ],
                [
                    1612.233564057714,
                    1750.4792900688128
                ],
                [
                    1663.34029709212,
                    1736.7197850210882
                ],
                [
                    1717.7231027569371,
                    1772.7565839556055
                ],
                [
                    1800.9353475693677,
                    1806.8277393118758
                ],
                [
                    1965.6562794264155,
                    1840.3747230472807
                ],
                [
                    2180.3045581709216,
                    1832.5121487342951
                ],
                [
                    2365.8613119573815,
                    1732.6574549593786
                ],
                [
                    2490.089986102553,
                    1633.5890186157603
                ],
                [
                    2563.998184644618,
                    1531.375552546948
                ],
                [
                    2595.4484818965598,
                    1418.1544824399555
                ],
                [
                    2587.585907583574,
                    1303.360897470366
                ],
                [
                    2460.2122037132085,
                    807.2324583209764
                ],
                [
                    2413.8230152665947,
                    685.3625564697003
                ],
                [
                    2372.9376288390695,
                    626.3932491223082
                ]
            ]
        }
    ]
}