{
    "IMAGE_INFO": {
        "FILE_NAME": "1071945@3_04001_221019_P1_T1.jpg",
        "DATE": "2022-10-19 10:18:12",
        "RESOLUTION": "4000 x 2252",
        "IMAGE_PHOTOGRAPHER": "이연주",
        "FOCUS_DISTANCE": "7",
        "EXPOSURE_TIME": "0.02500",
        "SENSITIVITY_ISO": null,
        "PLACE": "성남시재활용센터",
        "REGION_NAME": null,
        "Direction": "3",
        "HEIGHT": null,
        "DAY/NIGHT": "주간",
        "WEATHER": "맑음",
        "IMAGE_HEIGHT": 2252,
        "IMAGE_WIDTH": 4000,
        "IMAGE_SIZE": "2.7 MB"
    },
    "ANNOTATION_INFO": [
        {
            "ID": "1",
            "CLASS": "플라스틱",
            "DETAILS": "PE",
            "DAMAGE": "원형",
            "DIRTINESS": "오염없음",
            "COVER": "없음",
            "TRANSPARENCY": "불투명",
            "SHAPE": "기타 형태",
            "SHAPE_TYPE": "POLYGON",
            "POINTS": [
                [
                    2652.538686451498,
                    1496.9285766321864
                ],
                [
                    2674.0297229069924,
                    1427.7379226779133
                ],
                [
                    2683.464812082575,
                    1336.0078890264151
                ],
                [
                    2644.6761121385125,
                    1160.9345676572696
                ],
                [
                    2591.2106068102107,
                    900.9454437078796
                ],
                [
                    2538.7934447236394,
                    680.2691913234177
                ],
                [
                    2517.8265798890116,
                    637.8112900332956
                ],
                [
                    2489.5213123622625,
                    553.9438306947827
                ],
                [
                    2436.5799786548264,
                    497.3332956412867
                ],
                [
                    2385.2111598099873,
                    456.9720808346274
                ],
                [
                    2310.7787896470572,
                    423.9492687200879
                ],
                [
                    2192.840174952274,
                    396.16817281420543
                ],
                [
                    2039.782061659488,
                    382.5397106716972
                ],
                [
                    1897.7315524048822,
                    397.7406876768026
                ],
                [
                    1805.4773471325182,
                    418.70755251143083
                ],
                [
                    1726.3274323817968,
                    462.2137970432843
                ],
                [
                    1640.363286559821,
                    535.0736523436174
                ],
                [
                    1608.3888176870132,
                    613.699395473473
                ],
                [
                    1569.600117742951,
                    731.113838547391
                ],
                [
                    1531.3355894197546,
                    939.7341436519416
                ],
                [
                    1487.3051732670356,
                    1146.7819338938953
                ],
                [
                    1455.8548760150936,
                    1336.5320606472803
                ],
                [
                    1460.048248982019,
                    1395.2392821842395
                ],
                [
                    1482.0634570583788,
                    1470.1958239680353
                ],
                [
                    1536.5773056284122,
                    1565.5950589655938
                ],
                [
                    1635.121570351165,
                    1653.6558912710325
                ],
                [
                    1702.7397094428406,
                    1696.6379641820201
                ],
                [
                    1740.4800661451716,
                    1748.530954647725
                ],
                [
                    1808.0982052368474,
                    1793.6097140421755
                ],
                [
                    1894.062351058823,
                    1832.398413986238
                ],
                [
                    2000.9933617154268,
                    1858.6069950295234
                ],
                [
                    2108.972715613762,
                    1861.2278531338518
                ],
                [
                    2224.290472204217,
                    1844.4543612661494
                ],
                [
                    2335.9390274486123,
                    1802.5206315968933
                ],
                [
                    2424.5240313749164,
                    1762.159416790234
                ],
                [
                    2475.3686785988893,
                    1741.1925519556057
                ],
                [
                    2518.8749231307434,
                    1767.4011329988912
                ],
                [
                    2557.1394514539397,
                    1796.7547437673704
                ],
                [
                    2639.434395929856,
                    1819.2941234645962
                ],
                [
                    2725.3985417518306,
                    1801.4722883551617
                ],
                [
                    2775.719017354939,
                    1764.2561032736967
                ],
                [
                    2786.726621393119,
                    1718.1290006375148
                ],
                [
                    2782.5332484261935,
                    1657.325092617093
                ],
                [
                    2740.599518756937,
                    1613.2946764643739
                ],
                [
                    2688.7065282912317,
                    1572.9334616577146
                ],
                [
                    2663.5462904896776,
                    1537.2897914388466
                ]
            ]
        }
    ]
}