{
    "IMAGE_INFO": {
        "FILE_NAME": "1071974@4_04001_221019_P1_T1.jpg",
        "DATE": "2022-10-19 10:13:32",
        "RESOLUTION": "4000 x 2252",
        "IMAGE_PHOTOGRAPHER": "이연주",
        "FOCUS_DISTANCE": "7",
        "EXPOSURE_TIME": "0.02500",
        "SENSITIVITY_ISO": null,
        "PLACE": "성남시재활용센터",
        "REGION_NAME": null,
        "Direction": "4",
        "HEIGHT": null,
        "DAY/NIGHT": "주간",
        "WEATHER": "맑음",
        "IMAGE_HEIGHT": 2252,
        "IMAGE_WIDTH": 4000,
        "IMAGE_SIZE": "2.8 MB"
    },
    "ANNOTATION_INFO": [
        {
            "ID": "1",
            "CLASS": "플라스틱",
            "DETAILS": "PE",
            "DAMAGE": "원형",
            "DIRTINESS": "오염없음",
            "COVER": "없음",
            "TRANSPARENCY": "불투명",
            "SHAPE": "일반용기형",
            "SHAPE_TYPE": "POLYGON",
            "POINTS": [
                [
                    2629.384268907969,
                    491.3863408131411
                ],
                [
                    2616.384812710499,
                    471.67748786859056
                ],
                [
                    2600.030658139489,
                    459.0973689678136
                ],
                [
                    2576.1284322280126,
                    454.903996000888
                ],
                [
                    2553.903555503307,
                    365.5851518053719
                ],
                [
                    2540.9040993058375,
                    352.1663583112098
                ],
                [
                    2522.453258251365,
                    347.5536480475916
                ],
                [
                    2093.051866438179,
                    345.12149172677476
                ],
                [
                    2074.433290465029,
                    441.2336001287104
                ],
                [
                    2016.0615387654243,
                    437.7111668364929
                ],
                [
                    2003.4814198646473,
                    360.7208391637381
                ],
                [
                    1985.3660486475287,
                    342.60546794661946
                ],
                [
                    1543.6529138034493,
                    343.06841632216805
                ],
                [
                    1520.4652386455373,
                    442.34065059197883
                ],
                [
                    1479.8868071191912,
                    462.6298663551519
                ],
                [
                    1455.24990226391,
                    511.17906121703015
                ],
                [
                    1410.3237816454555,
                    713.3466040000754
                ],
                [
                    1301.950384876164,
                    1187.2447150399023
                ],
                [
                    1179.8672751697572,
                    1702.2893556474437
                ],
                [
                    1080.5312747932624,
                    1844.1979276138654
                ],
                [
                    1072.016760475277,
                    1895.2850135217773
                ],
                [
                    1089.3796916335214,
                    1960.7299078874682
                ],
                [
                    1134.1226296182285,
                    1990.113329847574
                ],
                [
                    1176.8621524692917,
                    1996.791380293053
                ],
                [
                    1277.0329091514718,
                    1970.746983555686
                ],
                [
                    1346.4846337844497,
                    1936.021121239197
                ],
                [
                    1472.699787203997,
                    1924.6684354818835
                ],
                [
                    1966.2077151248698,
                    1929.343070793718
                ],
                [
                    2565.2288400843063,
                    1928.6752657491695
                ],
                [
                    2799.6284107206075,
                    1927.3396556600737
                ],
                [
                    2871.0835504872293,
                    1901.963063967255
                ],
                [
                    2922.5045389174147,
                    1847.8708553588779
                ],
                [
                    2939.199665031111,
                    1789.1040114386656
                ],
                [
                    2921.8367338728663,
                    1691.604474934677
                ],
                [
                    2868.4123303090373,
                    1462.547344654759
                ],
                [
                    2718.8240003303144,
                    860.187194472584
                ]
            ]
        }
    ]
}