{
    "IMAGE_INFO": {
        "FILE_NAME": "1071851@3_04001_221019_P1_T1.jpg",
        "DATE": "2022-10-19 10:20:13",
        "RESOLUTION": "4000 x 2252",
        "IMAGE_PHOTOGRAPHER": "이연주",
        "FOCUS_DISTANCE": "7",
        "EXPOSURE_TIME": "0.02500",
        "SENSITIVITY_ISO": null,
        "PLACE": "성남시재활용센터",
        "REGION_NAME": null,
        "Direction": "3",
        "HEIGHT": null,
        "DAY/NIGHT": "주간",
        "WEATHER": "맑음",
        "IMAGE_HEIGHT": 2252,
        "IMAGE_WIDTH": 4000,
        "IMAGE_SIZE": "3.3 MB"
    },
    "ANNOTATION_INFO": [
        {
            "ID": "1",
            "CLASS": "플라스틱",
            "DETAILS": "PE",
            "DAMAGE": "원형",
            "DIRTINESS": "오염없음",
            "COVER": "없음",
            "TRANSPARENCY": "불투명",
            "SHAPE": "일반용기형",
            "SHAPE_TYPE": "POLYGON",
            "POINTS": [
                [
                    3327.016903515205,
                    1787.6643780546067
                ],
                [
                    3268.8338535991115,
                    1651.903928250389
                ],
                [
                    3241.052757693229,
                    1587.4308188839072
                ],
                [
                    3199.1190280239725,
                    1478.4031217438408
                ],
                [
                    3065.5600990273906,
                    1127.5226387363377
                ],
                [
                    2863.6491906699225,
                    635.0109837709213
                ],
                [
                    2759.2342037934736,
                    393.4727008760044
                ],
                [
                    2744.7670670575803,
                    373.9735165798002
                ],
                [
                    2729.6709243766486,
                    346.9262609431299
                ],
                [
                    2698.849633069745,
                    334.34614204235294
                ],
                [
                    2669.915359597958,
                    331.8301182621976
                ],
                [
                    2632.8040088406656,
                    314.2179518011099
                ],
                [
                    2539.082123029878,
                    300.3798210102552
                ],
                [
                    2419.5709934724973,
                    298.49280317513865
                ],
                [
                    1999.3950221865482,
                    292.20274372475023
                ],
                [
                    1467.2559926836843,
                    282.76765454916756
                ],
                [
                    1411.2744635752272,
                    287.79970210947835
                ],
                [
                    1359.6959760820416,
                    303.5248507354495
                ],
                [
                    1316.9235718194004,
                    304.7828626255271
                ],
                [
                    1277.296197281953,
                    312.95993991103217
                ],
                [
                    1260.942042710943,
                    336.2331598774694
                ],
                [
                    1244.587888139933,
                    407.31083166685903
                ],
                [
                    1161.559103394805,
                    617.3988173098336
                ],
                [
                    1043.9349916725412,
                    880.9523082811099
                ],
                [
                    954.6161474770252,
                    1090.4112879790457
                ],
                [
                    893.6025708082569,
                    1270.9359942051947
                ],
                [
                    821.7798594647114,
                    1456.4648671660834
                ],
                [
                    783.966664975553,
                    1558.6786585195903
                ],
                [
                    718.3844057834189,
                    1725.2930467374445
                ],
                [
                    825.9156776119632,
                    1750.6987867848482
                ],
                [
                    737.2910030279982,
                    1842.277617188279
                ],
                [
                    769.1958858782257,
                    1851.1400846466754
                ],
                [
                    990.1667411742454,
                    1852.3217469744616
                ],
                [
                    1104.1971558056139,
                    1855.86673395782
                ],
                [
                    1144.3736749503448,
                    1880.6816428413304
                ],
                [
                    1316.3055436432371,
                    1873.0008377107204
                ],
                [
                    1383.0694651631575,
                    1894.2707596108717
                ],
                [
                    1490.5941841974702,
                    1894.885063859522
                ],
                [
                    1765.5057259460052,
                    1900.639026361236
                ],
                [
                    2067.908421869394,
                    1903.1963430286642
                ],
                [
                    2320.443442777932,
                    1912.146951364663
                ],
                [
                    2583.207730356183,
                    1915.3435971989481
                ],
                [
                    2664.402534547029,
                    1912.1469513646632
                ],
                [
                    2909.90493462014,
                    1894.2457346926662
                ],
                [
                    2945.7073679641353,
                    1878.2625055212397
                ],
                [
                    3237.8807972178106,
                    1875.0658596869544
                ],
                [
                    3311.403651406373,
                    1865.4759221840984
                ],
                [
                    3320.354259742371,
                    1825.198184672104
                ]
            ]
        }
    ]
}