{
    "IMAGE_INFO": {
        "FILE_NAME": "1072153@5_04001_221019_P1_T1.jpg",
        "DATE": "2022-10-19 10:17:15",
        "RESOLUTION": "4000 x 2252",
        "IMAGE_PHOTOGRAPHER": "이연주",
        "FOCUS_DISTANCE": "7",
        "EXPOSURE_TIME": "0.02500",
        "SENSITIVITY_ISO": null,
        "PLACE": "성남시재활용센터",
        "REGION_NAME": null,
        "Direction": "5",
        "HEIGHT": null,
        "DAY/NIGHT": "주간",
        "WEATHER": "맑음",
        "IMAGE_HEIGHT": 2252,
        "IMAGE_WIDTH": 4000,
        "IMAGE_SIZE": "3.1 MB"
    },
    "ANNOTATION_INFO": [
        {
            "ID": "1",
            "CLASS": "플라스틱",
            "DETAILS": "PE",
            "DAMAGE": "원형",
            "DIRTINESS": "오염없음",
            "COVER": "없음",
            "TRANSPARENCY": "불투명",
            "SHAPE": "일반용기형",
            "SHAPE_TYPE": "POLYGON",
            "POINTS": [
                [
                    3500.764983120978,
                    1055.6791849695892
                ],
                [
                    3341.4168103778034,
                    742.2245556918976
                ],
                [
                    3323.070803647503,
                    710.2500868190895
                ],
                [
                    3290.047991532964,
                    679.8481328088786
                ],
                [
                    3266.984440214873,
                    671.985558495893
                ],
                [
                    3236.0583145837963,
                    665.171327424639
                ],
                [
                    3143.2799376905664,
                    666.2196706663703
                ],
                [
                    2512.8063121132964,
                    661.0827887818865
                ],
                [
                    1891.9774443599558,
                    654.792729331498
                ],
                [
                    1169.249613510322,
                    647.8736639360706
                ],
                [
                    715.107321192275,
                    640.3255925956045
                ],
                [
                    666.044857479245,
                    661.7117947269253
                ],
                [
                    640.8846196776913,
                    710.1452524949165
                ],
                [
                    551.0625707261441,
                    919.1513479124241
                ],
                [
                    384.40115552865143,
                    1285.987615059079
                ],
                [
                    306.9035974618176,
                    1464.3153293203961
                ],
                [
                    316.17866752498236,
                    1508.9516039993766
                ],
                [
                    358.4961746881717,
                    1537.9361979467665
                ],
                [
                    417.0450544618996,
                    1546.0518842520357
                ],
                [
                    693.5580807200004,
                    1539.0955817046622
                ],
                [
                    1121.7185025108456,
                    1539.4433968320304
                ],
                [
                    1793.6973285871359,
                    1533.8783547941318
                ],
                [
                    2348.810271867549,
                    1533.1827245393943
                ],
                [
                    2903.923215147962,
                    1535.965245558344
                ],
                [
                    3391.5600237188514,
                    1532.4870942846571
                ],
                [
                    3648.2475877169377,
                    1534.5739850488692
                ],
                [
                    3694.8548147843408,
                    1519.9657496993848
                ],
                [
                    3717.114982935936,
                    1483.792976453042
                ],
                [
                    3708.767419879088,
                    1449.011463716174
                ]
            ]
        }
    ]
}