{
    "IMAGE_INFO": {
        "FILE_NAME": "1072114@1_04001_221019_P1_T1.jpg",
        "DATE": "2022-10-19 10:20:08",
        "RESOLUTION": "4000 x 2252",
        "IMAGE_PHOTOGRAPHER": "이연주",
        "FOCUS_DISTANCE": "7",
        "EXPOSURE_TIME": "0.02500",
        "SENSITIVITY_ISO": null,
        "PLACE": "성남시재활용센터",
        "REGION_NAME": null,
        "Direction": "1",
        "HEIGHT": null,
        "DAY/NIGHT": "주간",
        "WEATHER": "맑음",
        "IMAGE_HEIGHT": 2252,
        "IMAGE_WIDTH": 4000,
        "IMAGE_SIZE": "3.5 MB"
    },
    "ANNOTATION_INFO": [
        {
            "ID": "1",
            "CLASS": "플라스틱",
            "DETAILS": "PE",
            "DAMAGE": "원형",
            "DIRTINESS": "오염없음",
            "COVER": "없음",
            "TRANSPARENCY": "불투명",
            "SHAPE": "일반용기형",
            "SHAPE_TYPE": "POLYGON",
            "POINTS": [
                [
                    2677.1135220668943,
                    1375.1035365004927
                ],
                [
                    2664.701138084794,
                    1318.7446038250123
                ],
                [
                    2648.2631160544456,
                    1248.96687765537
                ],
                [
                    2622.431938578184,
                    1149.6678057985705
                ],
                [
                    2584.5238469571764,
                    976.5653697238799
                ],
                [
                    2550.6413933844174,
                    847.4094823425703
                ],
                [
                    2545.2738759867525,
                    820.5718953542462
                ],
                [
                    2526.8230349322794,
                    802.1210542997732
                ],
                [
                    2496.630749570415,
                    797.4244765768166
                ],
                [
                    2476.502559329172,
                    802.1210542997732
                ],
                [
                    2446.9812136420146,
                    793.7343083659221
                ],
                [
                    2394.647919014783,
                    792.0569591791516
                ],
                [
                    1920.5619448660373,
                    788.5680728706695
                ],
                [
                    1589.6544973000016,
                    782.5296157982966
                ],
                [
                    1556.241701499538,
                    786.5552538465453
                ],
                [
                    1507.9340449205547,
                    808.2936993070876
                ],
                [
                    1481.7673976069386,
                    804.6706250636639
                ],
                [
                    1474.521249120091,
                    838.0834208641276
                ],
                [
                    1442.3161447341022,
                    979.544341879584
                ],
                [
                    1407.5346319972336,
                    1138.476532024439
                ],
                [
                    1374.6854255235253,
                    1251.5164484192596
                ],
                [
                    1346.1839081419255,
                    1363.5902116825011
                ],
                [
                    1348.5992909708746,
                    1381.4640446167252
                ],
                [
                    1367.922353602468,
                    1394.9901884588405
                ],
                [
                    1457.7745948393772,
                    1397.8886478535794
                ],
                [
                    1468.4022792867534,
                    1417.2117104851725
                ],
                [
                    1512.3622467736282,
                    1437.9840028141355
                ],
                [
                    1645.6913789316222,
                    1445.713227866773
                ],
                [
                    2091.087972589849,
                    1451.5101466562508
                ],
                [
                    2470.7861533006594,
                    1451.5101466562508
                ],
                [
                    2545.179944432293,
                    1442.331691906244
                ],
                [
                    2565.952236761256,
                    1409.4824854325354
                ],
                [
                    2619.5737355639276,
                    1406.5840260377965
                ],
                [
                    2664.0167796165924,
                    1402.7194135114778
                ],
                [
                    2675.6106171955485,
                    1391.1255759325218
                ],
                [
                    2678.509076590287,
                    1377.116355524617
                ]
            ]
        }
    ]
}