{
    "IMAGE_INFO": {
        "FILE_NAME": "1072134@1_04001_221019_P1_T1.jpg",
        "DATE": "2022-10-19 10:20:25",
        "RESOLUTION": "4000 x 2252",
        "IMAGE_PHOTOGRAPHER": "이연주",
        "FOCUS_DISTANCE": "7",
        "EXPOSURE_TIME": "0.02500",
        "SENSITIVITY_ISO": null,
        "PLACE": "성남시재활용센터",
        "REGION_NAME": null,
        "Direction": "1",
        "HEIGHT": null,
        "DAY/NIGHT": "주간",
        "WEATHER": "맑음",
        "IMAGE_HEIGHT": 2252,
        "IMAGE_WIDTH": 4000,
        "IMAGE_SIZE": "3.4 MB"
    },
    "ANNOTATION_INFO": [
        {
            "ID": "1",
            "CLASS": "플라스틱",
            "DETAILS": "PE",
            "DAMAGE": "원형",
            "DIRTINESS": "오염없음",
            "COVER": "없음",
            "TRANSPARENCY": "불투명",
            "SHAPE": "일반용기형",
            "SHAPE_TYPE": "POLYGON",
            "POINTS": [
                [
                    2667.692370276866,
                    1484.7330878539578
                ],
                [
                    2651.5898180838713,
                    1390.1305937201153
                ],
                [
                    2624.0812914208386,
                    1254.2653095917244
                ],
                [
                    2607.307799553136,
                    1178.4491263497089
                ],
                [
                    2580.805682402166,
                    1067.7440800228721
                ],
                [
                    2562.3548413476933,
                    981.8638016602351
                ],
                [
                    2543.2330606185124,
                    915.105304026779
                ],
                [
                    2531.156146473766,
                    871.1587553333982
                ],
                [
                    2517.40188314225,
                    864.1138887489632
                ],
                [
                    2493.5835246901124,
                    859.0818411886524
                ],
                [
                    2479.4937915212427,
                    817.148111519396
                ],
                [
                    2455.3399632317505,
                    796.348981603445
                ],
                [
                    2441.5856999002344,
                    795.342572091383
                ],
                [
                    2434.2053634784456,
                    801.0455593264019
                ],
                [
                    2369.795154706468,
                    795.0071022540288
                ],
                [
                    2354.363542188182,
                    790.310524531072
                ],
                [
                    2004.1330319905524,
                    786.6203563201775
                ],
                [
                    1624.7166459431203,
                    781.2528389225129
                ],
                [
                    1623.03929675635,
                    787.2912959948859
                ],
                [
                    1541.520126279316,
                    784.9430071334074
                ],
                [
                    1517.366297989824,
                    795.678041928737
                ],
                [
                    1500.9282759594757,
                    819.8318702182288
                ],
                [
                    1494.5543490497487,
                    846.3339873691989
                ],
                [
                    1456.6462574287407,
                    860.7591903754229
                ],
                [
                    1451.9496797057843,
                    875.8553330563552
                ],
                [
                    1434.5052481633734,
                    940.9364815030413
                ],
                [
                    1405.654842150925,
                    1072.7761275831833
                ],
                [
                    1374.4561472769983,
                    1213.0025195971766
                ],
                [
                    1338.8050967217087,
                    1408.358682802585
                ],
                [
                    1330.6894104164392,
                    1478.1767727030585
                ],
                [
                    1375.9517523246834,
                    1464.0786662070477
                ],
                [
                    1386.7108335979547,
                    1500.0659380521274
                ],
                [
                    1460.5403913007465,
                    1504.5179716824466
                ],
                [
                    1575.9222628865166,
                    1510.8250193253984
                ],
                [
                    1752.1485940866482,
                    1510.8250193253984
                ],
                [
                    2004.0594970022046,
                    1510.4540165228716
                ],
                [
                    2264.1324615733456,
                    1511.1960221279253
                ],
                [
                    2398.4354760879723,
                    1514.5350473506646
                ],
                [
                    2513.0753420686897,
                    1514.5350473506646
                ],
                [
                    2640.3293033353107,
                    1517.5030697708771
                ],
                [
                    2659.6214490666935,
                    1507.1149913001327
                ],
                [
                    2668.1545135248048,
                    1494.8718988167552
                ],
                [
                    2668.5255163273314,
                    1487.82284556875
                ]
            ]
        }
    ]
}