{
    "IMAGE_INFO": {
        "FILE_NAME": "1072146@3_04001_221019_P1_T1.jpg",
        "DATE": "2022-10-19 10:20:54",
        "RESOLUTION": "4000 x 2252",
        "IMAGE_PHOTOGRAPHER": "이연주",
        "FOCUS_DISTANCE": "7",
        "EXPOSURE_TIME": "0.02500",
        "SENSITIVITY_ISO": null,
        "PLACE": "성남시재활용센터",
        "REGION_NAME": null,
        "Direction": "3",
        "HEIGHT": null,
        "DAY/NIGHT": "주간",
        "WEATHER": "맑음",
        "IMAGE_HEIGHT": 2252,
        "IMAGE_WIDTH": 4000,
        "IMAGE_SIZE": "2.8 MB"
    },
    "ANNOTATION_INFO": [
        {
            "ID": "1",
            "CLASS": "플라스틱",
            "DETAILS": "PE",
            "DAMAGE": "찌그러짐",
            "DIRTINESS": "이물질(외부)",
            "COVER": "없음",
            "TRANSPARENCY": "불투명",
            "SHAPE": "일반용기형",
            "SHAPE_TYPE": "POLYGON",
            "POINTS": [
                [
                    2489.658689861043,
                    1673.778815481465
                ],
                [
                    2459.256735850832,
                    1481.4078306237511
                ],
                [
                    2388.7661362768117,
                    1035.9248534824058
                ],
                [
                    2317.8142656764294,
                    604.1751728077421
                ],
                [
                    2279.3191018400526,
                    372.44938265543135
                ],
                [
                    2258.939309220794,
                    321.87730467430805
                ],
                [
                    2249.8816236122348,
                    293.9494407145833
                ],
                [
                    2220.4441453844165,
                    263.7571553527187
                ],
                [
                    2160.0595746606873,
                    240.35813419727364
                ],
                [
                    1882.2905493315332,
                    238.84851992918044
                ],
                [
                    1580.3676957128869,
                    250.92543407392625
                ],
                [
                    1532.0600391339037,
                    266.0215767548586
                ],
                [
                    1521.4927392572508,
                    296.9686692507697
                ],
                [
                    1538.0984962062764,
                    332.4446045509608
                ],
                [
                    1558.4782888255352,
                    377.7330325937576
                ],
                [
                    1528.2860034636706,
                    706.0741359040353
                ],
                [
                    1511.680246514645,
                    795.1413777215357
                ],
                [
                    1476.9591183485006,
                    945.3479973968122
                ],
                [
                    1451.2956757909162,
                    1117.4440239594405
                ],
                [
                    1424.122618965238,
                    1346.150585575565
                ],
                [
                    1397.7043692736067,
                    1581.6504113981089
                ],
                [
                    1383.3630337267207,
                    1679.0205316901222
                ],
                [
                    1411.2908976864455,
                    1743.1791380840841
                ],
                [
                    1482.2427682868276,
                    1808.092551612093
                ],
                [
                    1553.9494460212557,
                    1833.0011870356316
                ],
                [
                    1592.444609857633,
                    1836.7752227058645
                ],
                [
                    1602.2571026002393,
                    1853.3809796548899
                ],
                [
                    2154.775924722361,
                    1849.6069439846565
                ],
                [
                    2314.795037140244,
                    1839.7944512420506
                ],
                [
                    2418.20361450463,
                    1806.5829373439994
                ],
                [
                    2468.7756924857536,
                    1756.765666496923
                ]
            ]
        }
    ]
}