{
    "IMAGE_INFO": {
        "FILE_NAME": "1072106@4_04001_221019_P1_T1.jpg",
        "DATE": "2022-10-19 10:19:38",
        "RESOLUTION": "4000 x 2252",
        "IMAGE_PHOTOGRAPHER": "이연주",
        "FOCUS_DISTANCE": "7",
        "EXPOSURE_TIME": "0.02500",
        "SENSITIVITY_ISO": null,
        "PLACE": "성남시재활용센터",
        "REGION_NAME": null,
        "Direction": "4",
        "HEIGHT": null,
        "DAY/NIGHT": "주간",
        "WEATHER": "맑음",
        "IMAGE_HEIGHT": 2252,
        "IMAGE_WIDTH": 4000,
        "IMAGE_SIZE": "2.8 MB"
    },
    "ANNOTATION_INFO": [
        {
            "ID": "1",
            "CLASS": "플라스틱",
            "DETAILS": "PE",
            "DAMAGE": "찌그러짐",
            "DIRTINESS": "오염없음",
            "COVER": "없음",
            "TRANSPARENCY": "불투명",
            "SHAPE": "일반용기형",
            "SHAPE_TYPE": "POLYGON",
            "POINTS": [
                [
                    2809.760163374029,
                    368.4167023307436
                ],
                [
                    2745.2624834628195,
                    333.6084306326304
                ],
                [
                    2684.859894339623,
                    321.3231582685904
                ],
                [
                    2508.77099045505,
                    314.1567493895671
                ],
                [
                    2186.282590899001,
                    280.3722503884572
                ],
                [
                    1973.3378699223088,
                    280.3722503884572
                ],
                [
                    1651.8732430632635,
                    295.72884084350716
                ],
                [
                    1223.9362557158713,
                    318.2518401775804
                ],
                [
                    1172.747620865705,
                    336.6797487236404
                ],
                [
                    1142.0344399556047,
                    333.6084306326304
                ],
                [
                    1105.1786228634853,
                    339.7510668146504
                ],
                [
                    1074.4654419533852,
                    363.2978388457269
                ],
                [
                    1076.512987347392,
                    395.0347924528302
                ],
                [
                    1101.083532075472,
                    412.4389283018868
                ],
                [
                    946.4938548279691,
                    826.0430978912322
                ],
                [
                    780.6426779134296,
                    1298.0023112097672
                ],
                [
                    651.64731809101,
                    1702.3925265260825
                ],
                [
                    646.5284546059933,
                    1783.2705695893458
                ],
                [
                    677.2416355160932,
                    1830.3641136514987
                ],
                [
                    737.6442246392897,
                    1868.243703440622
                ],
                [
                    835.9264035516093,
                    1884.624066592675
                ],
                [
                    1354.9791609322976,
                    1876.4338850166487
                ],
                [
                    2169.902227746948,
                    1852.8871129855722
                ],
                [
                    2832.2831627081027,
                    1841.6256133185357
                ],
                [
                    3248.958650388458,
                    1824.2214774694787
                ],
                [
                    3337.0031023307447,
                    1785.3181149833524
                ],
                [
                    3364.644965149834,
                    1686.0121633740291
                ],
                [
                    3350.3121473917877,
                    1589.7775298557165
                ],
                [
                    3022.704884350722,
                    786.1159627081024
                ],
                [
                    3016.5622481687014,
                    722.6420554938961
                ],
                [
                    2969.4687041065486,
                    656.0968301886796
                ],
                [
                    2821.0216630410655,
                    375.58311120976714
                ]
            ]
        }
    ]
}