{
    "IMAGE_INFO": {
        "FILE_NAME": "1072053@5_04001_221019_P1_T1.jpg",
        "DATE": "2022-10-19 10:14:29",
        "RESOLUTION": "4000 x 2252",
        "IMAGE_PHOTOGRAPHER": "이연주",
        "FOCUS_DISTANCE": "7",
        "EXPOSURE_TIME": "0.02500",
        "SENSITIVITY_ISO": null,
        "PLACE": "성남시재활용센터",
        "REGION_NAME": null,
        "Direction": "5",
        "HEIGHT": null,
        "DAY/NIGHT": "주간",
        "WEATHER": "맑음",
        "IMAGE_HEIGHT": 2252,
        "IMAGE_WIDTH": 4000,
        "IMAGE_SIZE": "2.6 MB"
    },
    "ANNOTATION_INFO": [
        {
            "ID": "1",
            "CLASS": "플라스틱",
            "DETAILS": "PE",
            "DAMAGE": "원형",
            "DIRTINESS": "오염없음",
            "COVER": "없음",
            "TRANSPARENCY": "불투명",
            "SHAPE": "일반용기형",
            "SHAPE_TYPE": "POLYGON",
            "POINTS": [
                [
                    3075.837983481465,
                    1724.9102150392898
                ],
                [
                    3068.499580789345,
                    1637.897725975583
                ],
                [
                    3047.3230473063704,
                    1479.9123994466595
                ],
                [
                    3025.93684517505,
                    1284.2915505395786
                ],
                [
                    3003.2926311536517,
                    1119.4919929394007
                ],
                [
                    2928.4409236940287,
                    881.7277457147171
                ],
                [
                    2848.5571686740955,
                    621.9482904136736
                ],
                [
                    2776.221484994628,
                    437.64954851729175
                ],
                [
                    2724.642997501443,
                    333.23456164084337
                ],
                [
                    2695.708724029656,
                    324.4284784102995
                ],
                [
                    2389.3828287957376,
                    299.26824060874566
                ],
                [
                    2352.271478038446,
                    296.12321088355145
                ],
                [
                    2312.6441035009984,
                    264.0439076865703
                ],
                [
                    2267.9846814032408,
                    239.51267583005531
                ],
                [
                    2192.503967998579,
                    220.64249747888994
                ],
                [
                    2152.247587516093,
                    213.72343208346263
                ],
                [
                    2088.71798706717,
                    186.0471705017534
                ],
                [
                    1996.8831190914987,
                    179.1281051063261
                ],
                [
                    1958.513756444129,
                    191.708224007103
                ],
                [
                    1876.7429835890791,
                    181.01512294144266
                ],
                [
                    1816.3584128653501,
                    189.19220022694765
                ],
                [
                    1766.0379372622424,
                    198.62728940253032
                ],
                [
                    1740.2486935156496,
                    217.49746775369573
                ],
                [
                    1667.2840038911434,
                    225.67454503920072
                ],
                [
                    1608.1574450574917,
                    245.17372933540494
                ],
                [
                    1550.917904058957,
                    298.6392346637068
                ],
                [
                    1218.8027650784463,
                    331.34754380572684
                ],
                [
                    1174.7723489257269,
                    338.26660920115415
                ],
                [
                    1160.9342181348723,
                    352.1047399920087
                ],
                [
                    1107.720315184586,
                    481.6799646700109
                ],
                [
                    1048.090551594903,
                    679.439433790224
                ],
                [
                    992.2348236754536,
                    884.7469742509036
                ],
                [
                    945.4367813645637,
                    1116.4727644032143
                ],
                [
                    909.9608460643726,
                    1354.9918187619448
                ],
                [
                    882.7877892386946,
                    1607.0974015335141
                ],
                [
                    881.2781749706012,
                    1789.0059208387481
                ],
                [
                    910.7156531984192,
                    1807.1212920558671
                ],
                [
                    984.6867523349875,
                    1819.1982062006127
                ],
                [
                    1127.3453006697978,
                    1838.068384551778
                ],
                [
                    1191.5039070637602,
                    1861.4674057072234
                ],
                [
                    1296.4220986962396,
                    1880.3375840583885
                ],
                [
                    1669.2968229152675,
                    1896.9433410074141
                ],
                [
                    1989.3350477510323,
                    1890.1500768009944
                ],
                [
                    1997.637926225545,
                    1896.9433410074141
                ],
                [
                    2226.3444878416694,
                    1880.3375840583885
                ],
                [
                    2526.7577271922223,
                    1860.7125985731768
                ],
                [
                    2737.348917591228,
                    1835.0491560155917
                ],
                [
                    2880.007465926037,
                    1797.3087993132608
                ],
                [
                    3061.9159852312714,
                    1755.7944069406967
                ],
                [
                    3077.012127912204,
                    1736.9242285895316
                ]
            ]
        }
    ]
}