{
    "IMAGE_INFO": {
        "FILE_NAME": "1072099@5_04001_221019_P1_T1.jpg",
        "DATE": "2022-10-19 10:15:13",
        "RESOLUTION": "4000 x 2252",
        "IMAGE_PHOTOGRAPHER": "이연주",
        "FOCUS_DISTANCE": "7",
        "EXPOSURE_TIME": "0.02500",
        "SENSITIVITY_ISO": null,
        "PLACE": "성남시재활용센터",
        "REGION_NAME": null,
        "Direction": "5",
        "HEIGHT": null,
        "DAY/NIGHT": "주간",
        "WEATHER": "맑음",
        "IMAGE_HEIGHT": 2252,
        "IMAGE_WIDTH": 4000,
        "IMAGE_SIZE": "3.0 MB"
    },
    "ANNOTATION_INFO": [
        {
            "ID": "1",
            "CLASS": "플라스틱",
            "DETAILS": "PE",
            "DAMAGE": "원형",
            "DIRTINESS": "오염없음",
            "COVER": "없음",
            "TRANSPARENCY": "불투명",
            "SHAPE": "일반용기형",
            "SHAPE_TYPE": "POLYGON",
            "POINTS": [
                [
                    3654.846600370433,
                    1691.7048258613988
                ],
                [
                    3651.9112392935845,
                    1669.4799491366928
                ],
                [
                    3599.494077207014,
                    1550.8074941726968
                ],
                [
                    3490.2986451482716,
                    1307.2563922536558
                ],
                [
                    3398.7153795506156,
                    1091.8847566723548
                ],
                [
                    3334.3051707786385,
                    934.3816680346278
                ],
                [
                    3258.8244573739776,
                    746.686294035036
                ],
                [
                    3192.904634333905,
                    569.0550151560658
                ],
                [
                    3143.5905682428597,
                    468.4140639498504
                ],
                [
                    3135.539292146362,
                    444.7634404163898
                ],
                [
                    3117.9271256852744,
                    422.6224311510224
                ],
                [
                    3097.2957306880007,
                    415.07435981055625
                ],
                [
                    3082.702792763099,
                    372.8051603039458
                ],
                [
                    3016.7829697230277,
                    353.6833795747648
                ],
                [
                    2984.0746605810077,
                    341.1032606739879
                ],
                [
                    2505.0237328394237,
                    342.6128749420812
                ],
                [
                    2137.684260936737,
                    343.1160796981121
                ],
                [
                    1674.735885388146,
                    345.12889872223644
                ],
                [
                    1195.1817528905299,
                    345.63210347826754
                ],
                [
                    996.9190790142857,
                    340.60005591795675
                ],
                [
                    908.8582467088473,
                    385.8884839607537
                ],
                [
                    891.7492850037906,
                    399.47501237359273
                ],
                [
                    889.2332612236353,
                    446.776259440514
                ],
                [
                    838.4095808644964,
                    453.82112602494914
                ],
                [
                    799.6628146501035,
                    512.696082480585
                ],
                [
                    759.4064341676175,
                    640.5100905124787
                ],
                [
                    679.9000827147073,
                    865.2413345559576
                ],
                [
                    591.1347637508254,
                    1130.933445740366
                ],
                [
                    496.93483342180775,
                    1393.6063283885878
                ],
                [
                    443.19256547768885,
                    1556.0408236354197
                ],
                [
                    380.99645763224777,
                    1739.006072928319
                ],
                [
                    387.0349147046207,
                    1781.2752724349295
                ],
                [
                    417.8310457737227,
                    1796.975260823099
                ],
                [
                    498.14252483628246,
                    1799.9944893592856
                ],
                [
                    723.9808193430297,
                    1793.9560322869127
                ],
                [
                    1076.6267123696082,
                    1793.3521865796758
                ],
                [
                    1661.7532026825443,
                    1787.313729507303
                ],
                [
                    2236.614315972446,
                    1786.1060380928284
                ],
                [
                    2748.67547570967,
                    1780.671426727693
                ],
                [
                    3194.3136076507917,
                    1772.8214325336082
                ],
                [
                    3366.40963421342,
                    1769.8022039974217
                ],
                [
                    3399.6211481114706,
                    1754.1022156092522
                ],
                [
                    3597.6825400853027,
                    1748.063758536879
                ],
                [
                    3645.3863509570488,
                    1727.5330044908112
                ],
                [
                    3658.670956516269,
                    1702.7753304940823
                ]
            ]
        }
    ]
}