{
    "IMAGE_INFO": {
        "FILE_NAME": "1072084@3_04001_221019_P1_T1.jpg",
        "DATE": "2022-10-19 10:16:45",
        "RESOLUTION": "4000 x 2252",
        "IMAGE_PHOTOGRAPHER": "이연주",
        "FOCUS_DISTANCE": "7",
        "EXPOSURE_TIME": "0.02500",
        "SENSITIVITY_ISO": null,
        "PLACE": "성남시재활용센터",
        "REGION_NAME": null,
        "Direction": "3",
        "HEIGHT": null,
        "DAY/NIGHT": "주간",
        "WEATHER": "맑음",
        "IMAGE_HEIGHT": 2252,
        "IMAGE_WIDTH": 4000,
        "IMAGE_SIZE": "2.6 MB"
    },
    "ANNOTATION_INFO": [
        {
            "ID": "1",
            "CLASS": "플라스틱",
            "DETAILS": "PE",
            "DAMAGE": "원형",
            "DIRTINESS": "오염없음",
            "COVER": "없음",
            "TRANSPARENCY": "불투명",
            "SHAPE": "기타 형태",
            "SHAPE_TYPE": "POLYGON",
            "POINTS": [
                [
                    2654.9249406437284,
                    715.1805121420643
                ],
                [
                    2640.510221069922,
                    662.763350055494
                ],
                [
                    2612.33599644839,
                    641.1412706947837
                ],
                [
                    2530.4341806881234,
                    623.4504784905661
                ],
                [
                    2495.707810805771,
                    530.4100157869035
                ],
                [
                    2471.4648733407316,
                    474.7167810699224
                ],
                [
                    2316.834245185349,
                    426.88612066592674
                ],
                [
                    1870.764195828634,
                    409.8505429877914
                ],
                [
                    1711.153937275027,
                    459.3847611596005
                ],
                [
                    1643.535798183351,
                    604.056128518535
                ],
                [
                    1543.6811044084345,
                    616.636247419312
                ],
                [
                    1502.7957179809093,
                    694.4757331178691
                ],
                [
                    1467.4141335724742,
                    787.254110011099
                ],
                [
                    1347.116746583795,
                    1072.6655575724756
                ],
                [
                    1283.4298946486117,
                    1229.1307864008884
                ],
                [
                    1207.9491812439505,
                    1415.4737976186461
                ],
                [
                    1186.7202305988892,
                    1460.2904712026639
                ],
                [
                    1196.9415772057705,
                    1499.603342767592
                ],
                [
                    1248.8345676714753,
                    1545.992531214207
                ],
                [
                    1325.887795938734,
                    1563.290194702775
                ],
                [
                    1477.6354801793557,
                    1562.5039372714766
                ],
                [
                    1532.6735003702545,
                    1586.0916602104328
                ],
                [
                    1640.390768458157,
                    1606.5343534241954
                ],
                [
                    1810.2223736186456,
                    1630.9083337944508
                ],
                [
                    1967.4738598783567,
                    1639.5571655387346
                ],
                [
                    2276.47303037869,
                    1648.9922547143174
                ],
                [
                    2444.7321206765814,
                    1645.847224989123
                ],
                [
                    2539.869269863707,
                    1637.9846506761376
                ],
                [
                    2616.136240699667,
                    1612.0381554432852
                ],
                [
                    2738.792399982241,
                    1618.328214893674
                ],
                [
                    2824.494459993784,
                    1620.6869871875695
                ],
                [
                    2885.036282203773,
                    1590.8092047982243
                ],
                [
                    2907.837747711431,
                    1544.420016351609
                ],
                [
                    2910.982777436625,
                    1513.7559765309654
                ],
                [
                    2833.143291738068,
                    1266.8711431032186
                ],
                [
                    2704.197073005104,
                    839.9333579081019
                ]
            ]
        }
    ]
}