{
    "IMAGE_INFO": {
        "FILE_NAME": "1072094@4_04001_221019_P1_T1.jpg",
        "DATE": "2022-10-19 10:14:14",
        "RESOLUTION": "4000 x 2252",
        "IMAGE_PHOTOGRAPHER": "이연주",
        "FOCUS_DISTANCE": "7",
        "EXPOSURE_TIME": "0.02500",
        "SENSITIVITY_ISO": null,
        "PLACE": "성남시재활용센터",
        "REGION_NAME": null,
        "Direction": "4",
        "HEIGHT": null,
        "DAY/NIGHT": "주간",
        "WEATHER": "맑음",
        "IMAGE_HEIGHT": 2252,
        "IMAGE_WIDTH": 4000,
        "IMAGE_SIZE": "2.3 MB"
    },
    "ANNOTATION_INFO": [
        {
            "ID": "1",
            "CLASS": "플라스틱",
            "DETAILS": "PE",
            "DAMAGE": "원형",
            "DIRTINESS": "오염없음",
            "COVER": "없음",
            "TRANSPARENCY": "불투명",
            "SHAPE": "일반용기형",
            "SHAPE_TYPE": "POLYGON",
            "POINTS": [
                [
                    3148.748099622642,
                    1856.2935566703663
                ],
                [
                    3134.0057727857943,
                    1673.652507524972
                ],
                [
                    3111.0732643729193,
                    1545.0666567813535
                ],
                [
                    3025.07635782464,
                    1048.7416532741395
                ],
                [
                    2952.1837417980028,
                    748.1619894339617
                ],
                [
                    2898.128543396227,
                    600.7387210654822
                ],
                [
                    2843.254326836849,
                    518.8369053052157
                ],
                [
                    2787.561092119868,
                    424.64981718090945
                ],
                [
                    2748.2482205549395,
                    409.90749034406144
                ],
                [
                    2471.420083285239,
                    391.88909087680287
                ],
                [
                    2429.650157247503,
                    376.32774588235225
                ],
                [
                    2369.861831742509,
                    318.17745669256306
                ],
                [
                    2123.337366304107,
                    256.7510948723633
                ],
                [
                    1914.4877361154277,
                    267.3983309211979
                ],
                [
                    1759.693304328524,
                    311.6253114317418
                ],
                [
                    1699.0859606659265,
                    326.3676382685899
                ],
                [
                    1631.9264717425083,
                    379.6038185127629
                ],
                [
                    1380.4878973584907,
                    407.4504358712535
                ],
                [
                    1238.7977560932295,
                    418.91669007769076
                ],
                [
                    1210.1321205771364,
                    475.4289429522746
                ],
                [
                    1154.4388858601553,
                    613.0239934295221
                ],
                [
                    1077.6149826770254,
                    847.2631865038841
                ],
                [
                    1031.422358588235,
                    1018.2741778113206
                ],
                [
                    982.2812691320753,
                    1233.5121496293007
                ],
                [
                    927.2432489411761,
                    1556.8605182508325
                ],
                [
                    900.7070606348499,
                    1844.8273024639288
                ],
                [
                    921.3463182064371,
                    1882.1745304506103
                ],
                [
                    972.4530512408433,
                    1894.951213709212
                ],
                [
                    1208.3302806304105,
                    1928.3671545394006
                ],
                [
                    1303.6639941753608,
                    1964.7315607369587
                ],
                [
                    1702.6896405593786,
                    1992.2505708324084
                ],
                [
                    2186.2379608079914,
                    2002.0787887236409
                ],
                [
                    2558.727418885683,
                    1981.4395311520534
                ],
                [
                    2852.5911338335186,
                    1948.0235903218647
                ],
                [
                    2953.821778113208,
                    1916.5732930699223
                ],
                [
                    3133.678165522753,
                    1889.0542829744725
                ]
            ]
        }
    ]
}