{
    "IMAGE_INFO": {
        "FILE_NAME": "1072039@4_04001_221019_P1_T1.jpg",
        "DATE": "2022-10-19 10:14:51",
        "RESOLUTION": "4000 x 2252",
        "IMAGE_PHOTOGRAPHER": "이연주",
        "FOCUS_DISTANCE": "7",
        "EXPOSURE_TIME": "0.02500",
        "SENSITIVITY_ISO": null,
        "PLACE": "성남시재활용센터",
        "REGION_NAME": null,
        "Direction": "4",
        "HEIGHT": null,
        "DAY/NIGHT": "주간",
        "WEATHER": "맑음",
        "IMAGE_HEIGHT": 2252,
        "IMAGE_WIDTH": 4000,
        "IMAGE_SIZE": "3.2 MB"
    },
    "ANNOTATION_INFO": [
        {
            "ID": "1",
            "CLASS": "플라스틱",
            "DETAILS": "PE",
            "DAMAGE": "원형",
            "DIRTINESS": "오염없음",
            "COVER": "없음",
            "TRANSPARENCY": "불투명",
            "SHAPE": "일반용기형",
            "SHAPE_TYPE": "POLYGON",
            "POINTS": [
                [
                    2974.139667036626,
                    1846.584512319645
                ],
                [
                    2935.2363045504994,
                    1673.5669265260822
                ],
                [
                    2914.7608506104325,
                    1555.8330663706993
                ],
                [
                    2812.3835809101,
                    1172.9420776914537
                ],
                [
                    2678.269357602663,
                    667.1983653718089
                ],
                [
                    2604.557723418424,
                    377.4706921198664
                ],
                [
                    2597.391314539401,
                    355.9714654827964
                ],
                [
                    2547.2264523862377,
                    352.90014739178645
                ],
                [
                    2474.538590899001,
                    320.13942108767986
                ],
                [
                    2350.662094561598,
                    308.87792142064325
                ],
                [
                    1554.1669362930072,
                    315.02055760266325
                ],
                [
                    1469.193802441731,
                    326.2820572696999
                ],
                [
                    1435.409303440621,
                    398.96991875693635
                ],
                [
                    1343.2697607103212,
                    691.7689100998887
                ],
                [
                    1190.7276288568248,
                    1213.892985571587
                ],
                [
                    1059.6847236403985,
                    1672.5431538290786
                ],
                [
                    1018.7338157602654,
                    1814.8475587125413
                ],
                [
                    1035.1141789123185,
                    1850.6796031076578
                ],
                [
                    1112.9209038845718,
                    1865.0124208657046
                ],
                [
                    1441.5519396226407,
                    1868.0837389567148
                ],
                [
                    2213.476553163152,
                    1882.4165567147613
                ],
                [
                    2768.361354938957,
                    1895.7256017758043
                ],
                [
                    2939.3313953385123,
                    1898.7969198668143
                ],
                [
                    2970.044576248612,
                    1867.059966259711
                ]
            ]
        }
    ]
}