{
    "IMAGE_INFO": {
        "FILE_NAME": "108282@4_04001_220808_P1_T1.jpg",
        "DATE": "2022-08-08 16:21:07",
        "RESOLUTION": "4032 x 3024",
        "IMAGE_PHOTOGRAPHER": "천길영",
        "FOCUS_DISTANCE": "3.99",
        "EXPOSURE_TIME": "0.03333",
        "SENSITIVITY_ISO": null,
        "PLACE": "주택가분리수거장",
        "REGION_NAME": null,
        "Direction": "4",
        "HEIGHT": null,
        "DAY/NIGHT": "주간",
        "WEATHER": "비",
        "IMAGE_HEIGHT": 3024,
        "IMAGE_WIDTH": 4032,
        "IMAGE_SIZE": "2.5 MB"
    },
    "ANNOTATION_INFO": [
        {
            "ID": "1",
            "CLASS": "플라스틱",
            "DETAILS": "PE",
            "DAMAGE": "찌그러짐",
            "DIRTINESS": "오염없음",
            "COVER": "없음",
            "TRANSPARENCY": "불투명",
            "SHAPE": "일반용기형",
            "SHAPE_TYPE": "BOX",
            "POINTS": [
                [
                    917.4459127509074,
                    188.25212622671492,
                    2037.4985818339303,
                    2334.126632848114
                ]
            ]
        }
    ]
}