{
    "IMAGE_INFO": {
        "FILE_NAME": "108252@2_04001_220808_P1_T1.jpg",
        "DATE": "2022-08-08 16:06:05",
        "RESOLUTION": "4032 x 3024",
        "IMAGE_PHOTOGRAPHER": "천길영",
        "FOCUS_DISTANCE": "3.99",
        "EXPOSURE_TIME": "0.06667",
        "SENSITIVITY_ISO": null,
        "PLACE": "주택가분리수거장",
        "REGION_NAME": null,
        "Direction": "2",
        "HEIGHT": null,
        "DAY/NIGHT": "주간",
        "WEATHER": "비",
        "IMAGE_HEIGHT": 3024,
        "IMAGE_WIDTH": 4032,
        "IMAGE_SIZE": "3.4 MB"
    },
    "ANNOTATION_INFO": [
        {
            "ID": "1",
            "CLASS": "플라스틱",
            "DETAILS": "PE",
            "DAMAGE": "원형",
            "DIRTINESS": "이물질(외부)",
            "COVER": "없음",
            "TRANSPARENCY": "불투명",
            "SHAPE": "일반용기형",
            "SHAPE_TYPE": "BOX",
            "POINTS": [
                [
                    368.73573582671463,
                    803.5417108745518,
                    3208.6753906834956,
                    974.9285006588829
                ]
            ]
        }
    ]
}