{
    "IMAGE_INFO": {
        "FILE_NAME": "1000645@0_04001_220913_P1_T3__0584.jpg",
        "DATE": "2022-11-01 04:20:40",
        "RESOLUTION": "1920 x 1080",
        "IMAGE_PHOTOGRAPHER": "김보배",
        "FOCUS_DISTANCE": "7.1",
        "EXPOSURE_TIME": "1/400",
        "SENSITIVITY_ISO": "5000",
        "PLACE": "삼오자원",
        "REGION_NAME": null,
        "Direction": "0",
        "HEIGHT": "100",
        "DAY/NIGHT": "주간",
        "WEATHER": "맑음",
        "IMAGE_HEIGHT": 1080,
        "IMAGE_WIDTH": 1920,
        "IMAGE_SIZE": "482.0 KB"
    },
    "ANNOTATION_INFO": [
        {
            "ID": "1",
            "CLASS": "플라스틱",
            "DETAILS": "PE",
            "DAMAGE": "찌그러짐",
            "DIRTINESS": "오염없음",
            "COVER": "겹침",
            "TRANSPARENCY": "불투명",
            "SHAPE": "일반용기형",
            "SHAPE_TYPE": "POLYGON",
            "POINTS": [
                [
                    432,
                    1080
                ],
                [
                    426.048,
                    1071.036
                ],
                [
                    407.03999999999996,
                    1055.052
                ],
                [
                    382.08000000000004,
                    1023.9480000000001
                ],
                [
                    366.912,
                    994.032
                ],
                [
                    358.08,
                    986.0400000000001
                ],
                [
                    355.00800000000004,
                    974.052
                ],
                [
                    339.072,
                    952.02
                ],
                [
                    321.024,
                    914.004
                ],
                [
                    315.072,
                    888.9480000000001
                ],
                [
                    307.96799999999996,
                    882.036
                ],
                [
                    305.088,
                    864
                ],
                [
                    281.088,
                    795.96
                ],
                [
                    264.96000000000004,
                    764.964
                ],
                [
                    259.008,
                    748.98
                ],
                [
                    259.008,
                    740.0160000000001
                ],
                [
                    246.91199999999998,
                    716.0400000000001
                ],
                [
                    240.96,
                    690.984
                ],
                [
                    221.952,
                    650.052
                ],
                [
                    206.976,
                    608.04
                ],
                [
                    203.904,
                    586.98
                ],
                [
                    193.92000000000002,
                    567
                ],
                [
                    191.04000000000002,
                    543.9960000000001
                ],
                [
                    182.016,
                    525.96
                ],
                [
                    178.94400000000002,
                    505.98
                ],
                [
                    169.92,
                    489.996
                ],
                [
                    167.04,
                    470.01599999999996
                ],
                [
                    157.05599999999998,
                    451.97999999999996
                ],
                [
                    153.98399999999998,
                    434.05199999999996
                ],
                [
                    144.96,
                    416.01599999999996
                ],
                [
                    142.07999999999998,
                    396.036
                ],
                [
                    135.936,
                    386.964
                ],
                [
                    129.98399999999998,
                    362.016
                ],
                [
                    129.98399999999998,
                    343.98
                ],
                [
                    123.072,
                    331.02
                ],
                [
                    116.92800000000001,
                    292.032
                ],
                [
                    114.048,
                    227.016
                ],
                [
                    116.92800000000001,
                    164.05200000000002
                ],
                [
                    125.95200000000001,
                    127.97999999999999
                ],
                [
                    135.936,
                    108
                ],
                [
                    144.96,
                    96.98400000000001
                ],
                [
                    172.992,
                    76.03200000000001
                ],
                [
                    262.08000000000004,
                    22.032
                ],
                [
                    339.072,
                    0
                ],
                [
                    993.024,
                    0
                ],
                [
                    1012.032,
                    29.052
                ],
                [
                    1021.056,
                    51.94799999999999
                ],
                [
                    1036.032,
                    111.996
                ],
                [
                    1046.0159999999998,
                    130.03199999999998
                ],
                [
                    1051.968,
                    169.02
                ],
                [
                    1057.92,
                    177.984
                ],
                [
                    1057.92,
                    197.964
                ],
                [
                    1070.016,
                    247.968
                ],
                [
                    1070.016,
                    266.00399999999996
                ],
                [
                    1083.0720000000001,
                    326.052
                ],
                [
                    1094.976,
                    363.96000000000004
                ],
                [
                    1100.928,
                    423.036
                ],
                [
                    1107.0720000000001,
                    435.996
                ],
                [
                    1113.024,
                    488.052
                ],
                [
                    1123.008,
                    520.02
                ],
                [
                    1128.96,
                    564.948
                ],
                [
                    1143.936,
                    625.968
                ],
                [
                    1160.0639999999999,
                    667.98
                ],
                [
                    1169.088,
                    704.052
                ],
                [
                    1171.968,
                    729
                ],
                [
                    1180.992,
                    752.004
                ],
                [
                    1186.944,
                    798.984
                ],
                [
                    1200,
                    837
                ],
                [
                    1200,
                    861.948
                ],
                [
                    1194.048,
                    878.04
                ],
                [
                    1150.08,
                    906.984
                ],
                [
                    1126.08,
                    920.052
                ],
                [
                    1080,
                    953.9639999999999
                ],
                [
                    1064.064,
                    963.0360000000001
                ],
                [
                    1036.032,
                    972
                ],
                [
                    1021.056,
                    974.052
                ],
                [
                    1014.9119999999999,
                    975.996
                ],
                [
                    1008.9599999999999,
                    980.9639999999999
                ],
                [
                    980.928,
                    990.036
                ],
                [
                    953.088,
                    994.032
                ],
                [
                    946.9440000000001,
                    999
                ],
                [
                    907.0079999999999,
                    1007.964
                ],
                [
                    884.928,
                    1017.036
                ],
                [
                    830.0160000000001,
                    1029.996
                ],
                [
                    826.9440000000001,
                    1034.964
                ],
                [
                    807.936,
                    1045.98
                ],
                [
                    798.912,
                    1048.0320000000002
                ],
                [
                    790.0799999999999,
                    1055.052
                ],
                [
                    764.928,
                    1060.02
                ],
                [
                    764.928,
                    1061.964
                ],
                [
                    753.024,
                    1065.96
                ],
                [
                    739.9680000000001,
                    1065.96
                ],
                [
                    734.016,
                    1071.036
                ],
                [
                    730.944,
                    1080
                ],
                [
                    432,
                    1080
                ]
            ]
        }
    ]
}