{
    "IMAGE_INFO": {
        "FILE_NAME": "1000730@0_04001_220906_P1_T3__0567.jpg",
        "DATE": "2022-10-21 15:28:42",
        "RESOLUTION": "1920 x 1080",
        "IMAGE_PHOTOGRAPHER": "이지은",
        "FOCUS_DISTANCE": "5.6",
        "EXPOSURE_TIME": "1/400",
        "SENSITIVITY_ISO": "12800",
        "PLACE": "삼오자원",
        "REGION_NAME": null,
        "Direction": "0",
        "HEIGHT": "100",
        "DAY/NIGHT": "주간",
        "WEATHER": "맑음",
        "IMAGE_HEIGHT": 1080,
        "IMAGE_WIDTH": 1920,
        "IMAGE_SIZE": "625.9 KB"
    },
    "ANNOTATION_INFO": [
        {
            "ID": "1",
            "CLASS": "플라스틱",
            "DETAILS": "PE",
            "DAMAGE": "원형",
            "DIRTINESS": "이물질(외부)",
            "COVER": "없음",
            "TRANSPARENCY": "불투명",
            "SHAPE": "일반용기형",
            "SHAPE_TYPE": "POLYGON",
            "POINTS": [
                [
                    1555.968,
                    972.972
                ],
                [
                    1541.952,
                    968.004
                ],
                [
                    1388.928,
                    864.972
                ],
                [
                    1364.9279999999999,
                    841.968
                ],
                [
                    1310.016,
                    803.952
                ],
                [
                    1266.048,
                    767.9879999999999
                ],
                [
                    1252.032,
                    759.024
                ],
                [
                    1249.92,
                    755.028
                ],
                [
                    1232.064,
                    743.04
                ],
                [
                    1215.936,
                    728.028
                ],
                [
                    1190.9759999999999,
                    712.044
                ],
                [
                    1162.944,
                    687.96
                ],
                [
                    1110.912,
                    654.048
                ],
                [
                    1099.008,
                    643.032
                ],
                [
                    1086.912,
                    627.048
                ],
                [
                    1086.912,
                    593.028
                ],
                [
                    1090.944,
                    575.9639999999999
                ],
                [
                    1107.0720000000001,
                    551.9879999999999
                ],
                [
                    1127.04,
                    532.0079999999999
                ],
                [
                    1138.944,
                    515.052
                ],
                [
                    1161.0240000000001,
                    478.98
                ],
                [
                    1162.944,
                    471.96
                ],
                [
                    1169.088,
                    466.992
                ],
                [
                    1171.008,
                    459.972
                ],
                [
                    1208.0639999999999,
                    415.044
                ],
                [
                    1224,
                    405
                ],
                [
                    1229.952,
                    405
                ],
                [
                    1243.968,
                    411.048
                ],
                [
                    1257.984,
                    424.98
                ],
                [
                    1270.08,
                    432.972
                ],
                [
                    1276.032,
                    434.05199999999996
                ],
                [
                    1291.968,
                    446.03999999999996
                ],
                [
                    1311.9360000000001,
                    467.964
                ],
                [
                    1339.9679999999998,
                    508.032
                ],
                [
                    1349.952,
                    519.048
                ],
                [
                    1363.008,
                    528.0120000000001
                ],
                [
                    1388.928,
                    560.952
                ],
                [
                    1401.0240000000001,
                    570.024
                ],
                [
                    1426.944,
                    597.996
                ],
                [
                    1481.088,
                    641.952
                ],
                [
                    1488.96,
                    651.024
                ],
                [
                    1523.904,
                    672.948
                ],
                [
                    1534.0800000000002,
                    675
                ],
                [
                    1579.9679999999998,
                    675.972
                ],
                [
                    1612.032,
                    682.992
                ],
                [
                    1626.048,
                    687.96
                ],
                [
                    1651.968,
                    704.052
                ],
                [
                    1656,
                    709.992
                ],
                [
                    1665.9840000000002,
                    716.0400000000001
                ],
                [
                    1670.016,
                    721.98
                ],
                [
                    1689.0240000000001,
                    736.992
                ],
                [
                    1699.008,
                    748.98
                ],
                [
                    1704.96,
                    760.968
                ],
                [
                    1708.992,
                    783.972
                ],
                [
                    1708.992,
                    829.0079999999999
                ],
                [
                    1714.944,
                    833.004
                ],
                [
                    1731.072,
                    837.972
                ],
                [
                    1761.0240000000001,
                    859.032
                ],
                [
                    1769.088,
                    878.04
                ],
                [
                    1765.056,
                    902.9879999999999
                ],
                [
                    1751.04,
                    929.9879999999999
                ],
                [
                    1734.9119999999998,
                    948.9960000000001
                ],
                [
                    1717.056,
                    960.0120000000001
                ],
                [
                    1699.008,
                    959.04
                ],
                [
                    1657.92,
                    937.98
                ],
                [
                    1650.048,
                    937.98
                ],
                [
                    1616.064,
                    959.04
                ],
                [
                    1592.064,
                    964.0079999999999
                ],
                [
                    1588.032,
                    968.004
                ],
                [
                    1575.936,
                    972
                ],
                [
                    1555.968,
                    972.972
                ]
            ]
        }
    ]
}