{
    "IMAGE_INFO": {
        "FILE_NAME": "1000649@0_04001_220913_P1_T3__0623.jpg",
        "DATE": "2022-11-01 04:20:41",
        "RESOLUTION": "1920 x 1080",
        "IMAGE_PHOTOGRAPHER": "김보배",
        "FOCUS_DISTANCE": "7.1",
        "EXPOSURE_TIME": "1/400",
        "SENSITIVITY_ISO": "5000",
        "PLACE": "삼오자원",
        "REGION_NAME": null,
        "Direction": "0",
        "HEIGHT": "100",
        "DAY/NIGHT": "주간",
        "WEATHER": "맑음",
        "IMAGE_HEIGHT": 1080,
        "IMAGE_WIDTH": 1920,
        "IMAGE_SIZE": "618.8 KB"
    },
    "ANNOTATION_INFO": [
        {
            "ID": "1",
            "CLASS": "플라스틱",
            "DETAILS": "PE",
            "DAMAGE": "찌그러짐",
            "DIRTINESS": "이물질(외부)",
            "COVER": "겹침",
            "TRANSPARENCY": "불투명",
            "SHAPE": "스프레이용기형",
            "SHAPE_TYPE": "POLYGON",
            "POINTS": [
                [
                    1014.9119999999999,
                    910.98
                ],
                [
                    993.9840000000002,
                    909.0360000000001
                ],
                [
                    989.9519999999999,
                    902.0160000000001
                ],
                [
                    987.072,
                    867.024
                ],
                [
                    987.072,
                    809.028
                ],
                [
                    990.912,
                    772.956
                ],
                [
                    990.912,
                    659.9879999999999
                ],
                [
                    994.944,
                    636.984
                ],
                [
                    994.944,
                    608.04
                ],
                [
                    990.912,
                    596.0519999999999
                ],
                [
                    979.968,
                    582.9839999999999
                ],
                [
                    964.9920000000001,
                    574.02
                ],
                [
                    936,
                    564.948
                ],
                [
                    926.976,
                    564.948
                ],
                [
                    920.0640000000001,
                    563.004
                ],
                [
                    901.056,
                    555.0120000000001
                ],
                [
                    891.072,
                    555.0120000000001
                ],
                [
                    883.0079999999999,
                    559.0079999999999
                ],
                [
                    865.9200000000001,
                    560.952
                ],
                [
                    833.088,
                    559.0079999999999
                ],
                [
                    831.936,
                    556.956
                ],
                [
                    829.056,
                    556.956
                ],
                [
                    845.952,
                    524.0160000000001
                ],
                [
                    848.064,
                    513
                ],
                [
                    853.0559999999999,
                    505.00800000000004
                ],
                [
                    864,
                    470.01599999999996
                ],
                [
                    864.96,
                    459.972
                ],
                [
                    875.904,
                    431.028
                ],
                [
                    886.08,
                    394.956
                ],
                [
                    886.08,
                    347.00399999999996
                ],
                [
                    865.9200000000001,
                    290.952
                ],
                [
                    865.9200000000001,
                    280.044
                ],
                [
                    873.024,
                    247.968
                ],
                [
                    877.0559999999999,
                    243.97199999999998
                ],
                [
                    888.96,
                    243
                ],
                [
                    900.096,
                    236.95200000000003
                ],
                [
                    917.952,
                    231.012
                ],
                [
                    932.928,
                    227.988
                ],
                [
                    955.9680000000001,
                    227.988
                ],
                [
                    973.056,
                    231.012
                ],
                [
                    994.944,
                    243.97199999999998
                ],
                [
                    1008,
                    255.95999999999998
                ],
                [
                    1026.048,
                    286.956
                ],
                [
                    1027.968,
                    305.964
                ],
                [
                    1036.992,
                    323.02799999999996
                ],
                [
                    1038.912,
                    343.008
                ],
                [
                    1046.0159999999998,
                    358.02000000000004
                ],
                [
                    1043.904,
                    365.04
                ],
                [
                    1032.96,
                    373.032
                ],
                [
                    1027.008,
                    381.99600000000004
                ],
                [
                    1026.048,
                    394.956
                ],
                [
                    1026.048,
                    398.952
                ],
                [
                    1032.96,
                    402.948
                ],
                [
                    1036.992,
                    412.02
                ],
                [
                    1037.952,
                    424.98
                ],
                [
                    1043.904,
                    446.03999999999996
                ],
                [
                    1043.904,
                    466.02
                ],
                [
                    1041.0240000000001,
                    471.96
                ],
                [
                    1035.0720000000001,
                    474.98400000000004
                ],
                [
                    1012.032,
                    482.976
                ],
                [
                    1004.928,
                    482.976
                ],
                [
                    998.976,
                    488.052
                ],
                [
                    997.0559999999999,
                    496.044
                ],
                [
                    1001.088,
                    509.004
                ],
                [
                    1001.088,
                    525.96
                ],
                [
                    998.0160000000001,
                    531.0360000000001
                ],
                [
                    998.0160000000001,
                    539.028
                ],
                [
                    1002.048,
                    543.9960000000001
                ],
                [
                    1037.952,
                    570.024
                ],
                [
                    1056.96,
                    589.032
                ],
                [
                    1060.0320000000002,
                    589.032
                ],
                [
                    1062.912,
                    590.976
                ],
                [
                    1090.944,
                    617.004
                ],
                [
                    1107.0720000000001,
                    639.0360000000001
                ],
                [
                    1117.056,
                    667.008
                ],
                [
                    1119.9360000000001,
                    690.0120000000001
                ],
                [
                    1121.088,
                    791.9639999999999
                ],
                [
                    1110.912,
                    820.044
                ],
                [
                    1108.992,
                    840.024
                ],
                [
                    1102.08,
                    856.98
                ],
                [
                    1066.944,
                    902.0160000000001
                ],
                [
                    1049.088,
                    910.98
                ],
                [
                    1032.96,
                    909.0360000000001
                ],
                [
                    1014.9119999999999,
                    910.98
                ]
            ]
        },
        {
            "ID": "2",
            "CLASS": "플라스틱",
            "DETAILS": "PE",
            "DAMAGE": "원형",
            "DIRTINESS": "이물질(외부)",
            "COVER": "없음",
            "TRANSPARENCY": "불투명",
            "SHAPE": "일반용기형",
            "SHAPE_TYPE": "POLYGON",
            "POINTS": [
                [
                    417.98400000000004,
                    1080
                ],
                [
                    422.01599999999996,
                    1072.008
                ],
                [
                    422.01599999999996,
                    1053.972
                ],
                [
                    420.096,
                    1033.992
                ],
                [
                    414.912,
                    1019.952
                ],
                [
                    412.992,
                    951.048
                ],
                [
                    407.03999999999996,
                    893.052
                ],
                [
                    404.928,
                    847.044
                ],
                [
                    407.03999999999996,
                    810.972
                ],
                [
                    404.928,
                    790.0200000000001
                ],
                [
                    399.93600000000004,
                    776.952
                ],
                [
                    399.93600000000004,
                    763.02
                ],
                [
                    395.904,
                    748.008
                ],
                [
                    398.016,
                    671.0039999999999
                ],
                [
                    395.904,
                    639.0360000000001
                ],
                [
                    398.016,
                    628.9920000000001
                ],
                [
                    408.96,
                    610.956
                ],
                [
                    438.912,
                    577.044
                ],
                [
                    465.024,
                    559.0079999999999
                ],
                [
                    480,
                    551.9879999999999
                ],
                [
                    517.0559999999999,
                    543.9960000000001
                ],
                [
                    601.92,
                    543.9960000000001
                ],
                [
                    672.9599999999999,
                    548.9639999999999
                ],
                [
                    710.0160000000001,
                    548.9639999999999
                ],
                [
                    767.0400000000001,
                    551.9879999999999
                ],
                [
                    779.904,
                    555.984
                ],
                [
                    889.9200000000001,
                    556.956
                ],
                [
                    925.056,
                    562.0319999999999
                ],
                [
                    961.92,
                    571.968
                ],
                [
                    985.92,
                    586.98
                ],
                [
                    997.0559999999999,
                    605.0160000000001
                ],
                [
                    998.976,
                    613.98
                ],
                [
                    998.976,
                    644.004
                ],
                [
                    993.9840000000002,
                    662.04
                ],
                [
                    993.9840000000002,
                    720.036
                ],
                [
                    989.9519999999999,
                    740.0160000000001
                ],
                [
                    992.0640000000001,
                    844.02
                ],
                [
                    989.9519999999999,
                    861.948
                ],
                [
                    993.9840000000002,
                    906.012
                ],
                [
                    989.9519999999999,
                    911.952
                ],
                [
                    988.0319999999999,
                    994.032
                ],
                [
                    989.9519999999999,
                    1002.996
                ],
                [
                    989.9519999999999,
                    1061.964
                ],
                [
                    988.0319999999999,
                    1064.0159999999998
                ],
                [
                    988.0319999999999,
                    1080
                ],
                [
                    417.98400000000004,
                    1080
                ]
            ]
        }
    ]
}