{
    "IMAGE_INFO": {
        "FILE_NAME": "1000653@0_04001_220913_P1_T3__0626.jpg",
        "DATE": "2022-11-01 04:20:41",
        "RESOLUTION": "1920 x 1080",
        "IMAGE_PHOTOGRAPHER": "김보배",
        "FOCUS_DISTANCE": "7.1",
        "EXPOSURE_TIME": "1/400",
        "SENSITIVITY_ISO": "5000",
        "PLACE": "삼오자원",
        "REGION_NAME": null,
        "Direction": "0",
        "HEIGHT": "100",
        "DAY/NIGHT": "주간",
        "WEATHER": "맑음",
        "IMAGE_HEIGHT": 1080,
        "IMAGE_WIDTH": 1920,
        "IMAGE_SIZE": "612.0 KB"
    },
    "ANNOTATION_INFO": [
        {
            "ID": "1",
            "CLASS": "플라스틱",
            "DETAILS": "PE",
            "DAMAGE": "원형",
            "DIRTINESS": "이물질(외부)",
            "COVER": "없음",
            "TRANSPARENCY": "불투명",
            "SHAPE": "손잡이용기형",
            "SHAPE_TYPE": "POLYGON",
            "POINTS": [
                [
                    851.904,
                    1017.036
                ],
                [
                    840.96,
                    1007.964
                ],
                [
                    834.048,
                    996.948
                ],
                [
                    831.936,
                    983.016
                ],
                [
                    825.024,
                    975.996
                ],
                [
                    806.976,
                    974.052
                ],
                [
                    800.0640000000001,
                    974.052
                ],
                [
                    795.072,
                    975.996
                ],
                [
                    786.048,
                    987.9839999999999
                ],
                [
                    771.072,
                    996.948
                ],
                [
                    743.04,
                    1003.968
                ],
                [
                    728.064,
                    1006.02
                ],
                [
                    711.936,
                    1006.02
                ],
                [
                    694.0799999999999,
                    1001.0519999999999
                ],
                [
                    652.9920000000001,
                    999
                ],
                [
                    591.936,
                    990.036
                ],
                [
                    576,
                    986.0400000000001
                ],
                [
                    548.928,
                    972
                ],
                [
                    531.072,
                    956.016
                ],
                [
                    513.024,
                    933.984
                ],
                [
                    504,
                    910.98
                ],
                [
                    485.952,
                    883.98
                ],
                [
                    470.01599999999996,
                    872.964
                ],
                [
                    450.048,
                    852.9839999999999
                ],
                [
                    446.976,
                    845.9639999999999
                ],
                [
                    428.928,
                    717.9839999999999
                ],
                [
                    417.98400000000004,
                    594
                ],
                [
                    411.072,
                    467.964
                ],
                [
                    411.072,
                    407.052
                ],
                [
                    407.03999999999996,
                    389.016
                ],
                [
                    402.048,
                    320.004
                ],
                [
                    398.016,
                    227.016
                ],
                [
                    404.928,
                    201.96
                ],
                [
                    428.928,
                    181.98000000000002
                ],
                [
                    465.984,
                    165.996
                ],
                [
                    528.96,
                    153.036
                ],
                [
                    569.088,
                    153.036
                ],
                [
                    620.928,
                    154.98
                ],
                [
                    660.096,
                    159.948
                ],
                [
                    728.064,
                    159.948
                ],
                [
                    757.0559999999999,
                    162
                ],
                [
                    782.016,
                    165.996
                ],
                [
                    812.928,
                    165.996
                ],
                [
                    834.048,
                    170.964
                ],
                [
                    846.912,
                    170.964
                ],
                [
                    849.9839999999999,
                    169.02
                ],
                [
                    883.968,
                    170.964
                ],
                [
                    916.9920000000001,
                    169.02
                ],
                [
                    940.0319999999999,
                    170.964
                ],
                [
                    950.976,
                    173.01600000000002
                ],
                [
                    963.0720000000001,
                    177.984
                ],
                [
                    974.016,
                    177.984
                ],
                [
                    989.9519999999999,
                    181.98000000000002
                ],
                [
                    1001.088,
                    191.052
                ],
                [
                    1006.08,
                    200.016
                ],
                [
                    1008,
                    262.98
                ],
                [
                    1003.0079999999999,
                    299.05199999999996
                ],
                [
                    1003.0079999999999,
                    439.02
                ],
                [
                    992.0640000000001,
                    810
                ],
                [
                    989.9519999999999,
                    848.016
                ],
                [
                    980.928,
                    915.948
                ],
                [
                    971.904,
                    949.9680000000001
                ],
                [
                    954.048,
                    972
                ],
                [
                    949.056,
                    990.036
                ],
                [
                    924.096,
                    999
                ],
                [
                    898.944,
                    1001.0519999999999
                ],
                [
                    888,
                    1003.968
                ],
                [
                    873.984,
                    1014.9839999999999
                ],
                [
                    863.04,
                    1014.9839999999999
                ],
                [
                    860.928,
                    1017.036
                ],
                [
                    851.904,
                    1017.036
                ]
            ]
        },
        {
            "ID": "2",
            "CLASS": "플라스틱",
            "DETAILS": "PE",
            "DAMAGE": "찌그러짐",
            "DIRTINESS": "이물질(외부)",
            "COVER": "겹침",
            "TRANSPARENCY": "불투명",
            "SHAPE": "손잡이용기형",
            "SHAPE_TYPE": "POLYGON",
            "POINTS": [
                [
                    1057.92,
                    551.016
                ],
                [
                    1003.0079999999999,
                    547.992
                ],
                [
                    999.936,
                    546.048
                ],
                [
                    998.0160000000001,
                    540
                ],
                [
                    999.936,
                    508.032
                ],
                [
                    998.976,
                    378.972
                ],
                [
                    1002.048,
                    358.02000000000004
                ],
                [
                    1003.0079999999999,
                    266.976
                ],
                [
                    1007.04,
                    257.03999999999996
                ],
                [
                    1006.08,
                    196.99200000000002
                ],
                [
                    998.0160000000001,
                    188.028
                ],
                [
                    984.96,
                    181.008
                ],
                [
                    969.9839999999999,
                    180.03599999999997
                ],
                [
                    958.08,
                    174.96
                ],
                [
                    937.92,
                    173.988
                ],
                [
                    926.976,
                    169.99200000000002
                ],
                [
                    854.976,
                    169.02
                ],
                [
                    846.912,
                    165.996
                ],
                [
                    868.992,
                    103.032
                ],
                [
                    877.0559999999999,
                    69.012
                ],
                [
                    887.0400000000001,
                    43.956
                ],
                [
                    888,
                    34.992
                ],
                [
                    892.032,
                    27
                ],
                [
                    898.944,
                    0
                ],
                [
                    1050.048,
                    0
                ],
                [
                    1056,
                    27
                ],
                [
                    1056,
                    43.956
                ],
                [
                    1047.936,
                    54
                ],
                [
                    1022.016,
                    60.047999999999995
                ],
                [
                    1016.064,
                    62.964
                ],
                [
                    1013.952,
                    69.012
                ],
                [
                    1013.952,
                    92.01599999999999
                ],
                [
                    1008,
                    104.00399999999999
                ],
                [
                    1008,
                    118.044
                ],
                [
                    1011.0719999999999,
                    123.012
                ],
                [
                    1012.032,
                    139.968
                ],
                [
                    1007.04,
                    154.98
                ],
                [
                    1007.04,
                    165.996
                ],
                [
                    1013.952,
                    173.988
                ],
                [
                    1054.0800000000002,
                    204.984
                ],
                [
                    1061.952,
                    215.028
                ],
                [
                    1073.088,
                    220.96800000000002
                ],
                [
                    1094.0159999999998,
                    238.032
                ],
                [
                    1113.024,
                    259.956
                ],
                [
                    1123.008,
                    281.01599999999996
                ],
                [
                    1128.96,
                    303.048
                ],
                [
                    1129.92,
                    347.00399999999996
                ],
                [
                    1129.92,
                    428.976
                ],
                [
                    1123.008,
                    450.036
                ],
                [
                    1117.056,
                    497.016
                ],
                [
                    1109.952,
                    508.032
                ],
                [
                    1086.912,
                    532.98
                ],
                [
                    1080,
                    543.024
                ],
                [
                    1071.9360000000001,
                    547.992
                ],
                [
                    1057.92,
                    551.016
                ]
            ]
        }
    ]
}