{
    "IMAGE_INFO": {
        "FILE_NAME": "1000732@0_04001_220906_P1_T3__1176.jpg",
        "DATE": "2022-10-21 15:30:18",
        "RESOLUTION": "1920 x 1080",
        "IMAGE_PHOTOGRAPHER": "이지은",
        "FOCUS_DISTANCE": "5.6",
        "EXPOSURE_TIME": "1/400",
        "SENSITIVITY_ISO": "12800",
        "PLACE": "삼오자원",
        "REGION_NAME": null,
        "Direction": "0",
        "HEIGHT": "100",
        "DAY/NIGHT": "주간",
        "WEATHER": "맑음",
        "IMAGE_HEIGHT": 1080,
        "IMAGE_WIDTH": 1920,
        "IMAGE_SIZE": "618.7 KB"
    },
    "ANNOTATION_INFO": [
        {
            "ID": "1",
            "CLASS": "플라스틱",
            "DETAILS": "PE",
            "DAMAGE": "찌그러짐",
            "DIRTINESS": "이물질(외부)",
            "COVER": "없음",
            "TRANSPARENCY": "불투명",
            "SHAPE": "손잡이용기형",
            "SHAPE_TYPE": "POLYGON",
            "POINTS": [
                [
                    1254.9119999999998,
                    1040.04
                ],
                [
                    1246.08,
                    1037.016
                ],
                [
                    1214.0159999999998,
                    1010.0160000000001
                ],
                [
                    1194.048,
                    1006.02
                ],
                [
                    1179.072,
                    999
                ],
                [
                    1161.984,
                    986.0400000000001
                ],
                [
                    1158.912,
                    979.02
                ],
                [
                    1150.08,
                    969.948
                ],
                [
                    1141.056,
                    963.0360000000001
                ],
                [
                    1129.92,
                    957.96
                ],
                [
                    1083.0720000000001,
                    972
                ],
                [
                    1062.912,
                    974.052
                ],
                [
                    1041.984,
                    980.9639999999999
                ],
                [
                    989.9519999999999,
                    987.9839999999999
                ],
                [
                    920.0640000000001,
                    987.9839999999999
                ],
                [
                    906.048,
                    983.016
                ],
                [
                    888,
                    983.016
                ],
                [
                    873.984,
                    980.9639999999999
                ],
                [
                    839.04,
                    972
                ],
                [
                    788.928,
                    952.02
                ],
                [
                    748.032,
                    926.9639999999999
                ],
                [
                    713.088,
                    899.964
                ],
                [
                    696,
                    883.98
                ],
                [
                    670.0799999999999,
                    849.96
                ],
                [
                    643.0079999999999,
                    824.04
                ],
                [
                    632.064,
                    806.0039999999999
                ],
                [
                    623.04,
                    798.984
                ],
                [
                    603.072,
                    767.0160000000001
                ],
                [
                    574.0799999999999,
                    731.0519999999999
                ],
                [
                    547.0079999999999,
                    705.996
                ],
                [
                    489.02399999999994,
                    663.984
                ],
                [
                    456.96,
                    632.0160000000001
                ],
                [
                    445.05600000000004,
                    616.032
                ],
                [
                    441.984,
                    609.9839999999999
                ],
                [
                    441.984,
                    585.036
                ],
                [
                    447.93600000000004,
                    571.968
                ],
                [
                    471.936,
                    542.052
                ],
                [
                    532.9920000000001,
                    477.036
                ],
                [
                    571.008,
                    440.964
                ],
                [
                    585.024,
                    420.984
                ],
                [
                    605.952,
                    400.032
                ],
                [
                    608.064,
                    393.98400000000004
                ],
                [
                    619.9680000000001,
                    380.05199999999996
                ],
                [
                    632.064,
                    370.98
                ],
                [
                    634.944,
                    363.96000000000004
                ],
                [
                    677.952,
                    324
                ],
                [
                    705.024,
                    304.02
                ],
                [
                    721.92,
                    294.94800000000004
                ],
                [
                    777.024,
                    251.964
                ],
                [
                    797.952,
                    231.98399999999998
                ],
                [
                    806.976,
                    227.016
                ],
                [
                    811.968,
                    219.99599999999998
                ],
                [
                    826.9440000000001,
                    219.99599999999998
                ],
                [
                    849.9839999999999,
                    234.036
                ],
                [
                    873.984,
                    251.964
                ],
                [
                    906.048,
                    281.01599999999996
                ],
                [
                    969.9839999999999,
                    331.02
                ],
                [
                    996.0960000000001,
                    346.03200000000004
                ],
                [
                    1025.0880000000002,
                    369.036
                ],
                [
                    1041.984,
                    378
                ],
                [
                    1054.0800000000002,
                    386.964
                ],
                [
                    1080,
                    412.02
                ],
                [
                    1108.992,
                    434.05199999999996
                ],
                [
                    1121.088,
                    446.03999999999996
                ],
                [
                    1129.92,
                    461.052
                ],
                [
                    1156.032,
                    493.02000000000004
                ],
                [
                    1205.952,
                    569.052
                ],
                [
                    1219.9679999999998,
                    605.0160000000001
                ],
                [
                    1228.992,
                    616.032
                ],
                [
                    1238.016,
                    639.0360000000001
                ],
                [
                    1239.9360000000001,
                    662.04
                ],
                [
                    1252.032,
                    698.004
                ],
                [
                    1257.984,
                    821.016
                ],
                [
                    1296,
                    867.996
                ],
                [
                    1306.944,
                    886.032
                ],
                [
                    1313.088,
                    899.964
                ],
                [
                    1315.968,
                    914.004
                ],
                [
                    1313.088,
                    920.052
                ],
                [
                    1315.968,
                    926.9639999999999
                ],
                [
                    1334.0159999999998,
                    947.052
                ],
                [
                    1342.08,
                    964.9799999999999
                ],
                [
                    1339.9679999999998,
                    986.0400000000001
                ],
                [
                    1330.944,
                    1003.968
                ],
                [
                    1319.0400000000002,
                    1017.036
                ],
                [
                    1306.944,
                    1026
                ],
                [
                    1292.9279999999999,
                    1034.964
                ],
                [
                    1277.952,
                    1040.04
                ],
                [
                    1254.9119999999998,
                    1040.04
                ]
            ]
        }
    ]
}