{
    "IMAGE_INFO": {
        "FILE_NAME": "1003868@0_04001_220913_P1_T3__0464.jpg",
        "DATE": "2022-10-18 14:07:50",
        "RESOLUTION": "1920 x 1080",
        "IMAGE_PHOTOGRAPHER": "이지은",
        "FOCUS_DISTANCE": "7.1",
        "EXPOSURE_TIME": "1/400",
        "SENSITIVITY_ISO": "5000",
        "PLACE": "삼오자원",
        "REGION_NAME": null,
        "Direction": "0",
        "HEIGHT": "100",
        "DAY/NIGHT": "주간",
        "WEATHER": "맑음",
        "IMAGE_HEIGHT": 1080,
        "IMAGE_WIDTH": 1920,
        "IMAGE_SIZE": "594.8 KB"
    },
    "ANNOTATION_INFO": [
        {
            "ID": "1",
            "CLASS": "플라스틱",
            "DETAILS": "PE",
            "DAMAGE": "찌그러짐",
            "DIRTINESS": "이물질(외부)",
            "COVER": "겹침",
            "TRANSPARENCY": "불투명",
            "SHAPE": "손잡이용기형",
            "SHAPE_TYPE": "BOX",
            "POINTS": [
                [
                    956.1758241758242,
                    0,
                    563.1032967032967,
                    732.4186712579411
                ]
            ]
        }
    ]
}