{
    "IMAGE_INFO": {
        "FILE_NAME": "1039911@0_04001_220913_P1_T3__1336.jpg",
        "DATE": "2022-10-25 18:28:02",
        "RESOLUTION": "1920 x 1080",
        "IMAGE_PHOTOGRAPHER": "김지영",
        "FOCUS_DISTANCE": "7.1",
        "EXPOSURE_TIME": "1/400",
        "SENSITIVITY_ISO": "5000",
        "PLACE": "삼오자원",
        "REGION_NAME": null,
        "Direction": "0",
        "HEIGHT": "100",
        "DAY/NIGHT": "주간",
        "WEATHER": "맑음",
        "IMAGE_HEIGHT": 1080,
        "IMAGE_WIDTH": 1920,
        "IMAGE_SIZE": "629.4 KB"
    },
    "ANNOTATION_INFO": [
        {
            "ID": "1",
            "CLASS": "플라스틱",
            "DETAILS": "PE",
            "DAMAGE": "원형",
            "DIRTINESS": "이물질(외부)",
            "COVER": "겹침",
            "TRANSPARENCY": "불투명",
            "SHAPE": "일반용기형",
            "SHAPE_TYPE": "BOX",
            "POINTS": [
                [
                    764.5292307692305,
                    615.12988004915,
                    218.75340659340668,
                    239.00835164835166
                ]
            ]
        }
    ]
}