{
    "IMAGE_INFO": {
        "FILE_NAME": "1039616@0_04001_220913_P1_T3__0894.jpg",
        "DATE": "2022-10-25 18:26:51",
        "RESOLUTION": "1920 x 1080",
        "IMAGE_PHOTOGRAPHER": "김지영",
        "FOCUS_DISTANCE": "7.1",
        "EXPOSURE_TIME": "1/400",
        "SENSITIVITY_ISO": "5000",
        "PLACE": "삼오자원",
        "REGION_NAME": null,
        "Direction": "0",
        "HEIGHT": "100",
        "DAY/NIGHT": "주간",
        "WEATHER": "맑음",
        "IMAGE_HEIGHT": 1080,
        "IMAGE_WIDTH": 1920,
        "IMAGE_SIZE": "602.7 KB"
    },
    "ANNOTATION_INFO": [
        {
            "ID": "1",
            "CLASS": "플라스틱",
            "DETAILS": "PE",
            "DAMAGE": "찌그러짐",
            "DIRTINESS": "이물질(외부)",
            "COVER": "겹침",
            "TRANSPARENCY": "불투명",
            "SHAPE": "손잡이용기형",
            "SHAPE_TYPE": "BOX",
            "POINTS": [
                [
                    226.19076923076926,
                    716.2621877414578,
                    885.4575824175824,
                    363.6553846153846
                ]
            ]
        }
    ]
}