{
    "IMAGE_INFO": {
        "FILE_NAME": "1041229@0_04001_221006_P1_T3__1964.jpg",
        "DATE": "2022-10-28 18:39:26",
        "RESOLUTION": "1920 x 1080",
        "IMAGE_PHOTOGRAPHER": "강윤정",
        "FOCUS_DISTANCE": "8.0",
        "EXPOSURE_TIME": "1/160",
        "SENSITIVITY_ISO": "5000",
        "PLACE": "강북재활용센터",
        "REGION_NAME": null,
        "Direction": "0",
        "HEIGHT": "115",
        "DAY/NIGHT": "주간",
        "WEATHER": "맑음",
        "IMAGE_HEIGHT": 1080,
        "IMAGE_WIDTH": 1920,
        "IMAGE_SIZE": "493.2 KB"
    },
    "ANNOTATION_INFO": [
        {
            "ID": "1",
            "CLASS": "플라스틱",
            "DETAILS": "PE",
            "DAMAGE": "원형",
            "DIRTINESS": "이물질(외부)",
            "COVER": "없음",
            "TRANSPARENCY": "불투명",
            "SHAPE": "일반용기형",
            "SHAPE_TYPE": "POLYGON",
            "POINTS": [
                [
                    1594.944,
                    956.9879999999999
                ],
                [
                    1588.032,
                    956.016
                ],
                [
                    1583.04,
                    955.044
                ],
                [
                    1579.008,
                    955.044
                ],
                [
                    1574.976,
                    953.9639999999999
                ],
                [
                    1571.904,
                    952.992
                ],
                [
                    1569.984,
                    952.992
                ],
                [
                    1568.0639999999999,
                    952.02
                ],
                [
                    1564.9920000000002,
                    952.02
                ],
                [
                    1563.0720000000001,
                    949.9680000000001
                ],
                [
                    1560,
                    948.9960000000001
                ],
                [
                    1558.08,
                    947.052
                ],
                [
                    1555.0079999999998,
                    942.948
                ],
                [
                    1555.0079999999998,
                    940.0319999999999
                ],
                [
                    1554.048,
                    936.0360000000001
                ],
                [
                    1554.048,
                    921.996
                ],
                [
                    1553.088,
                    918
                ],
                [
                    1553.088,
                    914.976
                ],
                [
                    1551.9360000000001,
                    913.032
                ],
                [
                    1550.016,
                    911.952
                ],
                [
                    1544.064,
                    906.012
                ],
                [
                    1540.992,
                    899.964
                ],
                [
                    1540.992,
                    886.032
                ],
                [
                    1541.952,
                    878.04
                ],
                [
                    1541.952,
                    860.004
                ],
                [
                    1542.912,
                    844.02
                ],
                [
                    1542.912,
                    830.952
                ],
                [
                    1544.064,
                    809.028
                ],
                [
                    1544.064,
                    779.976
                ],
                [
                    1545.024,
                    778.032
                ],
                [
                    1545.9840000000002,
                    776.952
                ],
                [
                    1545.9840000000002,
                    775.98
                ],
                [
                    1550.016,
                    771.984
                ],
                [
                    1555.0079999999998,
                    771.012
                ],
                [
                    1558.08,
                    770.04
                ],
                [
                    1561.92,
                    768.9599999999999
                ],
                [
                    1608,
                    768.9599999999999
                ],
                [
                    1612.992,
                    770.04
                ],
                [
                    1617.024,
                    771.012
                ],
                [
                    1622.016,
                    771.012
                ],
                [
                    1631.04,
                    772.956
                ],
                [
                    1633.92,
                    774.0360000000001
                ],
                [
                    1642.944,
                    775.98
                ],
                [
                    1643.904,
                    776.952
                ],
                [
                    1647.936,
                    779.004
                ],
                [
                    1649.088,
                    779.976
                ],
                [
                    1650.048,
                    782.028
                ],
                [
                    1651.008,
                    783
                ],
                [
                    1651.968,
                    785.052
                ],
                [
                    1652.9279999999999,
                    790.0200000000001
                ],
                [
                    1652.9279999999999,
                    798.0120000000001
                ],
                [
                    1651.968,
                    833.976
                ],
                [
                    1651.008,
                    851.0400000000001
                ],
                [
                    1650.048,
                    864.972
                ],
                [
                    1650.048,
                    875.0160000000001
                ],
                [
                    1647.936,
                    883.98
                ],
                [
                    1647.936,
                    905.04
                ],
                [
                    1645.056,
                    910.98
                ],
                [
                    1640.0639999999999,
                    915.948
                ],
                [
                    1636.992,
                    917.028
                ],
                [
                    1632.96,
                    920.052
                ],
                [
                    1632,
                    921.024
                ],
                [
                    1632,
                    921.996
                ],
                [
                    1632.96,
                    928.044
                ],
                [
                    1632,
                    937.98
                ],
                [
                    1631.04,
                    945.972
                ],
                [
                    1630.08,
                    948.9960000000001
                ],
                [
                    1628.928,
                    951.048
                ],
                [
                    1628.928,
                    952.02
                ],
                [
                    1626.048,
                    953.9639999999999
                ],
                [
                    1625.0880000000002,
                    955.044
                ],
                [
                    1622.976,
                    955.044
                ],
                [
                    1620.096,
                    956.016
                ],
                [
                    1616.064,
                    956.9879999999999
                ],
                [
                    1594.944,
                    956.9879999999999
                ]
            ]
        }
    ]
}