{
    "IMAGE_INFO": {
        "FILE_NAME": "1041556@0_04001_220907_P1_T3__1472.jpg",
        "DATE": "2022-10-24 17:57:03",
        "RESOLUTION": "1920 x 1080",
        "IMAGE_PHOTOGRAPHER": "김지영",
        "FOCUS_DISTANCE": "9.0",
        "EXPOSURE_TIME": "1/400",
        "SENSITIVITY_ISO": "4000",
        "PLACE": "용인시재활용센터",
        "REGION_NAME": null,
        "Direction": "0",
        "HEIGHT": "100",
        "DAY/NIGHT": "주간",
        "WEATHER": "맑음",
        "IMAGE_HEIGHT": 1080,
        "IMAGE_WIDTH": 1920,
        "IMAGE_SIZE": "587.2 KB"
    },
    "ANNOTATION_INFO": [
        {
            "ID": "1",
            "CLASS": "플라스틱",
            "DETAILS": "PE",
            "DAMAGE": "원형",
            "DIRTINESS": "이물질(외부)",
            "COVER": "겹침",
            "TRANSPARENCY": "불투명",
            "SHAPE": "일반용기형",
            "SHAPE_TYPE": "BOX",
            "POINTS": [
                [
                    735.8684835164835,
                    263.17425807112807,
                    214.5403780219782,
                    151.6690285714286
                ]
            ]
        }
    ]
}