{
    "IMAGE_INFO": {
        "FILE_NAME": "1042990@0_04001_220907_P1_T3__1553.jpg",
        "DATE": "2022-10-24 17:57:13",
        "RESOLUTION": "1920 x 1080",
        "IMAGE_PHOTOGRAPHER": "김지영",
        "FOCUS_DISTANCE": "9.0",
        "EXPOSURE_TIME": "1/400",
        "SENSITIVITY_ISO": "4000",
        "PLACE": "용인시재활용센터",
        "REGION_NAME": null,
        "Direction": "0",
        "HEIGHT": "100",
        "DAY/NIGHT": "주간",
        "WEATHER": "맑음",
        "IMAGE_HEIGHT": 1080,
        "IMAGE_WIDTH": 1920,
        "IMAGE_SIZE": "612.8 KB"
    },
    "ANNOTATION_INFO": [
        {
            "ID": "1",
            "CLASS": "플라스틱",
            "DETAILS": "PE",
            "DAMAGE": "원형",
            "DIRTINESS": "이물질(외부)",
            "COVER": "겹침",
            "TRANSPARENCY": "불투명",
            "SHAPE": "일반용기형",
            "SHAPE_TYPE": "POLYGON",
            "POINTS": [
                [
                    699.072,
                    308.016
                ],
                [
                    689.088,
                    300.996
                ],
                [
                    672.9599999999999,
                    296.028
                ],
                [
                    654.912,
                    296.028
                ],
                [
                    633.024,
                    293.976
                ],
                [
                    625.9200000000001,
                    294.94800000000004
                ],
                [
                    624.96,
                    293.976
                ],
                [
                    619.008,
                    293.976
                ],
                [
                    601.92,
                    294.94800000000004
                ],
                [
                    581.952,
                    300.024
                ],
                [
                    577.92,
                    296.028
                ],
                [
                    564.096,
                    289.98
                ],
                [
                    552.9599999999999,
                    282.96000000000004
                ],
                [
                    548.928,
                    277.02
                ],
                [
                    548.928,
                    266.976
                ],
                [
                    561.024,
                    236.95200000000003
                ],
                [
                    565.056,
                    232.95600000000002
                ],
                [
                    576,
                    208.98000000000002
                ],
                [
                    585.024,
                    196.01999999999998
                ],
                [
                    590.976,
                    177.984
                ],
                [
                    594.048,
                    174.96
                ],
                [
                    595.9680000000001,
                    165.996
                ],
                [
                    604.992,
                    146.988
                ],
                [
                    611.904,
                    141.048
                ],
                [
                    624,
                    135.972
                ],
                [
                    633.984,
                    134.028
                ],
                [
                    638.976,
                    131.00400000000002
                ],
                [
                    647.0400000000001,
                    128.952
                ],
                [
                    652.9920000000001,
                    123.984
                ],
                [
                    657.024,
                    123.984
                ],
                [
                    662.976,
                    119.988
                ],
                [
                    671.04,
                    116.964
                ],
                [
                    684.096,
                    108
                ],
                [
                    696,
                    105.94800000000001
                ],
                [
                    710.0160000000001,
                    100.98
                ],
                [
                    730.944,
                    91.044
                ],
                [
                    738.048,
                    91.044
                ],
                [
                    739.9680000000001,
                    88.992
                ],
                [
                    744,
                    88.992
                ],
                [
                    758.976,
                    84.02399999999999
                ],
                [
                    763.968,
                    84.99600000000001
                ],
                [
                    766.08,
                    85.968
                ],
                [
                    768,
                    93.96
                ],
                [
                    771.072,
                    130.03199999999998
                ],
                [
                    773.952,
                    132.948
                ],
                [
                    773.952,
                    138.024
                ],
                [
                    769.9200000000001,
                    150.984
                ],
                [
                    763.0079999999999,
                    164.05200000000002
                ],
                [
                    759.9359999999999,
                    181.98000000000002
                ],
                [
                    755.904,
                    186.948
                ],
                [
                    748.032,
                    216
                ],
                [
                    733.0559999999999,
                    231.012
                ],
                [
                    724.0319999999999,
                    246.024
                ],
                [
                    719.04,
                    259.956
                ],
                [
                    714.048,
                    289.008
                ],
                [
                    710.0160000000001,
                    296.028
                ],
                [
                    708.096,
                    305.964
                ],
                [
                    704.0640000000001,
                    304.99199999999996
                ],
                [
                    699.072,
                    308.016
                ]
            ]
        }
    ]
}