{
    "IMAGE_INFO": {
        "FILE_NAME": "1043208@0_04001_220907_P1_T3__1095.jpg",
        "DATE": "2022-10-24 17:56:20",
        "RESOLUTION": "1920 x 1080",
        "IMAGE_PHOTOGRAPHER": "김지영",
        "FOCUS_DISTANCE": "9.0",
        "EXPOSURE_TIME": "1/400",
        "SENSITIVITY_ISO": "4000",
        "PLACE": "용인시재활용센터",
        "REGION_NAME": null,
        "Direction": "0",
        "HEIGHT": "100",
        "DAY/NIGHT": "주간",
        "WEATHER": "맑음",
        "IMAGE_HEIGHT": 1080,
        "IMAGE_WIDTH": 1920,
        "IMAGE_SIZE": "525.4 KB"
    },
    "ANNOTATION_INFO": [
        {
            "ID": "1",
            "CLASS": "플라스틱",
            "DETAILS": "PE",
            "DAMAGE": "찌그러짐",
            "DIRTINESS": "이물질(외부)",
            "COVER": "없음",
            "TRANSPARENCY": "불투명",
            "SHAPE": "튜브형",
            "SHAPE_TYPE": "POLYGON",
            "POINTS": [
                [
                    681.024,
                    847.044
                ],
                [
                    654.912,
                    832.0319999999999
                ],
                [
                    651.072,
                    829.0079999999999
                ],
                [
                    648,
                    825.0120000000001
                ],
                [
                    633.024,
                    816.048
                ],
                [
                    629.952,
                    814.9680000000001
                ],
                [
                    627.072,
                    812.052
                ],
                [
                    624,
                    810.972
                ],
                [
                    614.976,
                    803.952
                ],
                [
                    611.904,
                    802.98
                ],
                [
                    595.9680000000001,
                    791.9639999999999
                ],
                [
                    588.096,
                    786.024
                ],
                [
                    586.9440000000001,
                    780.948
                ],
                [
                    590.976,
                    775.008
                ],
                [
                    595.9680000000001,
                    770.04
                ],
                [
                    605.952,
                    749.952
                ],
                [
                    624,
                    720.036
                ],
                [
                    634.944,
                    705.996
                ],
                [
                    644.928,
                    687.96
                ],
                [
                    653.952,
                    675.972
                ],
                [
                    658.944,
                    667.008
                ],
                [
                    672.9599999999999,
                    648.972
                ],
                [
                    678.912,
                    639.0360000000001
                ],
                [
                    701.952,
                    617.976
                ],
                [
                    716.928,
                    608.04
                ],
                [
                    731.904,
                    594
                ],
                [
                    734.976,
                    582.0120000000001
                ],
                [
                    735.9359999999999,
                    548.9639999999999
                ],
                [
                    738.048,
                    539.028
                ],
                [
                    743.04,
                    533.952
                ],
                [
                    762.048,
                    528.0120000000001
                ],
                [
                    786.048,
                    528.0120000000001
                ],
                [
                    800.0640000000001,
                    531.0360000000001
                ],
                [
                    810.048,
                    536.004
                ],
                [
                    811.968,
                    539.028
                ],
                [
                    812.928,
                    542.052
                ],
                [
                    814.0799999999999,
                    577.044
                ],
                [
                    816,
                    585.036
                ],
                [
                    821.952,
                    594.972
                ],
                [
                    826.9440000000001,
                    614.952
                ],
                [
                    824.0640000000001,
                    621.972
                ],
                [
                    820.0319999999999,
                    625.968
                ],
                [
                    806.016,
                    650.052
                ],
                [
                    796.032,
                    671.976
                ],
                [
                    790.0799999999999,
                    678.9960000000001
                ],
                [
                    787.968,
                    685.044
                ],
                [
                    772.9920000000001,
                    713.016
                ],
                [
                    772.9920000000001,
                    714.96
                ],
                [
                    757.0559999999999,
                    741.96
                ],
                [
                    745.9200000000001,
                    756
                ],
                [
                    725.952,
                    790.0200000000001
                ],
                [
                    715.008,
                    805.0319999999999
                ],
                [
                    710.0160000000001,
                    814.9680000000001
                ],
                [
                    696,
                    833.976
                ],
                [
                    694.0799999999999,
                    839.052
                ],
                [
                    689.088,
                    845.9639999999999
                ],
                [
                    686.976,
                    847.044
                ],
                [
                    681.024,
                    847.044
                ]
            ]
        },
        {
            "ID": "2",
            "CLASS": "플라스틱",
            "DETAILS": "PE",
            "DAMAGE": "찌그러짐",
            "DIRTINESS": "이물질(외부)",
            "COVER": "없음",
            "TRANSPARENCY": "불투명",
            "SHAPE": "튜브형",
            "SHAPE_TYPE": "POLYGON",
            "POINTS": [
                [
                    791.04,
                    910.98
                ],
                [
                    787.968,
                    909.0360000000001
                ],
                [
                    779.904,
                    894.024
                ],
                [
                    774.912,
                    887.004
                ],
                [
                    749.952,
                    853.9559999999999
                ],
                [
                    744.96,
                    849.96
                ],
                [
                    740.928,
                    844.992
                ],
                [
                    739.9680000000001,
                    841.968
                ],
                [
                    735.9359999999999,
                    837.972
                ],
                [
                    734.976,
                    834.948
                ],
                [
                    724.0319999999999,
                    821.016
                ],
                [
                    723.072,
                    813.024
                ],
                [
                    726.912,
                    806.0039999999999
                ],
                [
                    734.976,
                    802.008
                ],
                [
                    739.008,
                    798.984
                ],
                [
                    777.024,
                    764.964
                ],
                [
                    783.936,
                    760.968
                ],
                [
                    796.9920000000001,
                    751.032
                ],
                [
                    805.056,
                    740.988
                ],
                [
                    810.048,
                    737.964
                ],
                [
                    821.952,
                    726.948
                ],
                [
                    824.0640000000001,
                    721.98
                ],
                [
                    830.0160000000001,
                    718.9559999999999
                ],
                [
                    841.92,
                    708.048
                ],
                [
                    845.952,
                    702
                ],
                [
                    846.912,
                    695.952
                ],
                [
                    853.0559999999999,
                    682.02
                ],
                [
                    862.08,
                    667.98
                ],
                [
                    864.96,
                    658.044
                ],
                [
                    863.04,
                    652.9680000000001
                ],
                [
                    858.048,
                    645.948
                ],
                [
                    857.0880000000001,
                    629.964
                ],
                [
                    848.064,
                    613.008
                ],
                [
                    843.072,
                    600.048
                ],
                [
                    841.92,
                    594.972
                ],
                [
                    843.072,
                    590.004
                ],
                [
                    849.024,
                    579.96
                ],
                [
                    864.96,
                    567
                ],
                [
                    883.968,
                    558.0360000000001
                ],
                [
                    896.064,
                    555.0120000000001
                ],
                [
                    910.0799999999999,
                    555.0120000000001
                ],
                [
                    913.92,
                    556.956
                ],
                [
                    921.984,
                    564.948
                ],
                [
                    935.04,
                    594
                ],
                [
                    948.096,
                    605.988
                ],
                [
                    959.04,
                    624.996
                ],
                [
                    960,
                    647.028
                ],
                [
                    959.04,
                    654.048
                ],
                [
                    950.976,
                    678.024
                ],
                [
                    941.952,
                    687.96
                ],
                [
                    936,
                    690.984
                ],
                [
                    930.048,
                    697.0319999999999
                ],
                [
                    918.912,
                    714.96
                ],
                [
                    913.92,
                    726.948
                ],
                [
                    901.056,
                    748.98
                ],
                [
                    900.096,
                    753.9480000000001
                ],
                [
                    896.064,
                    759.024
                ],
                [
                    893.952,
                    764.964
                ],
                [
                    879.9359999999999,
                    789.048
                ],
                [
                    875.904,
                    794.9879999999999
                ],
                [
                    870.912,
                    798.984
                ],
                [
                    870.912,
                    802.008
                ],
                [
                    865.9200000000001,
                    809.028
                ],
                [
                    862.08,
                    813.024
                ],
                [
                    859.9680000000001,
                    817.02
                ],
                [
                    858.048,
                    817.992
                ],
                [
                    857.0880000000001,
                    821.016
                ],
                [
                    846.912,
                    832.0319999999999
                ],
                [
                    836.928,
                    848.016
                ],
                [
                    817.92,
                    871.992
                ],
                [
                    815.04,
                    879.012
                ],
                [
                    806.976,
                    887.004
                ],
                [
                    795.072,
                    907.956
                ],
                [
                    791.04,
                    910.98
                ]
            ]
        }
    ]
}