{
    "IMAGE_INFO": {
        "FILE_NAME": "1043097@0_04001_220907_P1_T3__1082.jpg",
        "DATE": "2022-10-24 17:56:18",
        "RESOLUTION": "1920 x 1080",
        "IMAGE_PHOTOGRAPHER": "김지영",
        "FOCUS_DISTANCE": "9.0",
        "EXPOSURE_TIME": "1/400",
        "SENSITIVITY_ISO": "4000",
        "PLACE": "용인시재활용센터",
        "REGION_NAME": null,
        "Direction": "0",
        "HEIGHT": "100",
        "DAY/NIGHT": "주간",
        "WEATHER": "맑음",
        "IMAGE_HEIGHT": 1080,
        "IMAGE_WIDTH": 1920,
        "IMAGE_SIZE": "492.7 KB"
    },
    "ANNOTATION_INFO": [
        {
            "ID": "1",
            "CLASS": "플라스틱",
            "DETAILS": "PE",
            "DAMAGE": "원형",
            "DIRTINESS": "이물질(외부)",
            "COVER": "없음",
            "TRANSPARENCY": "불투명",
            "SHAPE": "일반용기형",
            "SHAPE_TYPE": "POLYGON",
            "POINTS": [
                [
                    1129.92,
                    558.0360000000001
                ],
                [
                    1122.048,
                    550.044
                ],
                [
                    1113.9840000000002,
                    540
                ],
                [
                    1112.064,
                    536.004
                ],
                [
                    1109.952,
                    531.0360000000001
                ],
                [
                    1105.9199999999998,
                    525.96
                ],
                [
                    1102.08,
                    521.964
                ],
                [
                    1094.976,
                    506.952
                ],
                [
                    1089.984,
                    500.04
                ],
                [
                    1081.92,
                    488.052
                ],
                [
                    1078.08,
                    479.952
                ],
                [
                    1074.048,
                    475.95599999999996
                ],
                [
                    1070.016,
                    465.048
                ],
                [
                    1064.064,
                    458.02799999999996
                ],
                [
                    1061.952,
                    452.952
                ],
                [
                    1061.952,
                    435.024
                ],
                [
                    1060.0320000000002,
                    420.012
                ],
                [
                    1057.92,
                    416.988
                ],
                [
                    1054.0800000000002,
                    416.988
                ],
                [
                    1051.968,
                    416.01599999999996
                ],
                [
                    1050.048,
                    413.964
                ],
                [
                    1046.0159999999998,
                    405.97200000000004
                ],
                [
                    1040.0639999999999,
                    396.036
                ],
                [
                    1032,
                    380.05199999999996
                ],
                [
                    1035.0720000000001,
                    374.004
                ],
                [
                    1043.904,
                    363.96000000000004
                ],
                [
                    1051.968,
                    358.02000000000004
                ],
                [
                    1056,
                    357.048
                ],
                [
                    1060.0320000000002,
                    351.97200000000004
                ],
                [
                    1065.024,
                    351
                ],
                [
                    1070.9759999999999,
                    347.976
                ],
                [
                    1075.968,
                    346.03200000000004
                ],
                [
                    1081.92,
                    346.03200000000004
                ],
                [
                    1084.032,
                    347.976
                ],
                [
                    1088.0639999999999,
                    351
                ],
                [
                    1088.0639999999999,
                    351.97200000000004
                ],
                [
                    1107.0720000000001,
                    378
                ],
                [
                    1107.0720000000001,
                    385.992
                ],
                [
                    1113.9840000000002,
                    393.012
                ],
                [
                    1124.9279999999999,
                    398.952
                ],
                [
                    1131.072,
                    400.032
                ],
                [
                    1133.952,
                    401.976
                ],
                [
                    1143.936,
                    412.02
                ],
                [
                    1156.032,
                    429.94800000000004
                ],
                [
                    1166.0159999999998,
                    447.012
                ],
                [
                    1190.9759999999999,
                    482.976
                ],
                [
                    1203.0720000000001,
                    501.984
                ],
                [
                    1204.032,
                    505.98
                ],
                [
                    1205.952,
                    512.028
                ],
                [
                    1203.0720000000001,
                    517.9680000000001
                ],
                [
                    1194.048,
                    525.96
                ],
                [
                    1179.072,
                    536.976
                ],
                [
                    1174.0800000000002,
                    540
                ],
                [
                    1170.048,
                    543.024
                ],
                [
                    1160.0639999999999,
                    548.9639999999999
                ],
                [
                    1150.08,
                    554.04
                ],
                [
                    1143.936,
                    555.984
                ],
                [
                    1140.096,
                    558.0360000000001
                ],
                [
                    1129.92,
                    558.0360000000001
                ]
            ]
        }
    ]
}