{
    "IMAGE_INFO": {
        "FILE_NAME": "1043140@0_04001_220907_P1_T3__2038.jpg",
        "DATE": "2022-10-24 17:58:21",
        "RESOLUTION": "1920 x 1080",
        "IMAGE_PHOTOGRAPHER": "김지영",
        "FOCUS_DISTANCE": "9.0",
        "EXPOSURE_TIME": "1/400",
        "SENSITIVITY_ISO": "4000",
        "PLACE": "용인시재활용센터",
        "REGION_NAME": null,
        "Direction": "0",
        "HEIGHT": "100",
        "DAY/NIGHT": "주간",
        "WEATHER": "맑음",
        "IMAGE_HEIGHT": 1080,
        "IMAGE_WIDTH": 1920,
        "IMAGE_SIZE": "589.0 KB"
    },
    "ANNOTATION_INFO": [
        {
            "ID": "1",
            "CLASS": "플라스틱",
            "DETAILS": "PE",
            "DAMAGE": "원형",
            "DIRTINESS": "이물질(외부)",
            "COVER": "겹침",
            "TRANSPARENCY": "불투명",
            "SHAPE": "일반용기형",
            "SHAPE_TYPE": "POLYGON",
            "POINTS": [
                [
                    690.048,
                    582.9839999999999
                ],
                [
                    689.088,
                    579.96
                ],
                [
                    687.936,
                    578.016
                ],
                [
                    687.936,
                    571.968
                ],
                [
                    689.088,
                    563.004
                ],
                [
                    687.936,
                    560.952
                ],
                [
                    686.016,
                    559.9799999999999
                ],
                [
                    685.056,
                    555.0120000000001
                ],
                [
                    685.056,
                    544.9680000000001
                ],
                [
                    686.016,
                    537.948
                ],
                [
                    689.088,
                    528.984
                ],
                [
                    689.088,
                    525.96
                ],
                [
                    692.928,
                    513.972
                ],
                [
                    696,
                    509.976
                ],
                [
                    700.992,
                    492.048
                ],
                [
                    700.992,
                    489.996
                ],
                [
                    701.952,
                    486.97200000000004
                ],
                [
                    704.0640000000001,
                    482.00399999999996
                ],
                [
                    705.984,
                    478.98
                ],
                [
                    706.9440000000001,
                    475.95599999999996
                ],
                [
                    706.9440000000001,
                    471.96
                ],
                [
                    708.096,
                    467.964
                ],
                [
                    710.0160000000001,
                    463.96799999999996
                ],
                [
                    710.976,
                    461.052
                ],
                [
                    713.088,
                    456.948
                ],
                [
                    716.928,
                    444.96
                ],
                [
                    720,
                    439.02
                ],
                [
                    720.96,
                    439.02
                ],
                [
                    723.072,
                    438.048
                ],
                [
                    726.912,
                    438.048
                ],
                [
                    734.016,
                    439.02
                ],
                [
                    753.984,
                    443.988
                ],
                [
                    757.0559999999999,
                    443.988
                ],
                [
                    763.0079999999999,
                    446.03999999999996
                ],
                [
                    767.0400000000001,
                    447.984
                ],
                [
                    769.9200000000001,
                    448.956
                ],
                [
                    773.952,
                    450.036
                ],
                [
                    786.048,
                    454.032
                ],
                [
                    790.0799999999999,
                    458.02799999999996
                ],
                [
                    790.0799999999999,
                    459
                ],
                [
                    791.04,
                    461.052
                ],
                [
                    792,
                    465.048
                ],
                [
                    792,
                    478.98
                ],
                [
                    790.0799999999999,
                    489.024
                ],
                [
                    787.968,
                    497.016
                ],
                [
                    781.056,
                    517.9680000000001
                ],
                [
                    777.024,
                    527.04
                ],
                [
                    772.9920000000001,
                    540
                ],
                [
                    769.9200000000001,
                    546.048
                ],
                [
                    769.9200000000001,
                    551.016
                ],
                [
                    768,
                    552.96
                ],
                [
                    767.0400000000001,
                    555.0120000000001
                ],
                [
                    766.08,
                    560.952
                ],
                [
                    763.968,
                    566.028
                ],
                [
                    763.0079999999999,
                    567.972
                ],
                [
                    763.0079999999999,
                    569.052
                ],
                [
                    759.9359999999999,
                    575.9639999999999
                ],
                [
                    758.976,
                    578.016
                ],
                [
                    758.016,
                    578.988
                ],
                [
                    757.0559999999999,
                    578.988
                ],
                [
                    755.904,
                    579.96
                ],
                [
                    753.984,
                    581.0400000000001
                ],
                [
                    715.9680000000001,
                    581.0400000000001
                ],
                [
                    711.936,
                    582.9839999999999
                ],
                [
                    690.048,
                    582.9839999999999
                ]
            ]
        }
    ]
}