{
    "IMAGE_INFO": {
        "FILE_NAME": "1043196@0_04001_220907_P1_T3__2037.jpg",
        "DATE": "2022-10-24 17:58:21",
        "RESOLUTION": "1920 x 1080",
        "IMAGE_PHOTOGRAPHER": "김지영",
        "FOCUS_DISTANCE": "9.0",
        "EXPOSURE_TIME": "1/400",
        "SENSITIVITY_ISO": "4000",
        "PLACE": "용인시재활용센터",
        "REGION_NAME": null,
        "Direction": "0",
        "HEIGHT": "100",
        "DAY/NIGHT": "주간",
        "WEATHER": "맑음",
        "IMAGE_HEIGHT": 1080,
        "IMAGE_WIDTH": 1920,
        "IMAGE_SIZE": "615.0 KB"
    },
    "ANNOTATION_INFO": [
        {
            "ID": "1",
            "CLASS": "플라스틱",
            "DETAILS": "PE",
            "DAMAGE": "원형",
            "DIRTINESS": "이물질(외부)",
            "COVER": "겹침",
            "TRANSPARENCY": "불투명",
            "SHAPE": "일반용기형",
            "SHAPE_TYPE": "POLYGON",
            "POINTS": [
                [
                    682.9440000000001,
                    432
                ],
                [
                    681.024,
                    431.028
                ],
                [
                    678.912,
                    428.976
                ],
                [
                    678.912,
                    424.98
                ],
                [
                    680.0640000000001,
                    424.98
                ],
                [
                    680.0640000000001,
                    420.012
                ],
                [
                    682.9440000000001,
                    416.01599999999996
                ],
                [
                    682.9440000000001,
                    413.964
                ],
                [
                    677.952,
                    408.996
                ],
                [
                    677.952,
                    393.012
                ],
                [
                    680.0640000000001,
                    381.024
                ],
                [
                    682.9440000000001,
                    371.952
                ],
                [
                    684.096,
                    366.012
                ],
                [
                    686.016,
                    363.96000000000004
                ],
                [
                    687.936,
                    354.996
                ],
                [
                    689.088,
                    353.052
                ],
                [
                    690.048,
                    350.028
                ],
                [
                    691.008,
                    344.952
                ],
                [
                    692.928,
                    339.98400000000004
                ],
                [
                    696,
                    331.02
                ],
                [
                    696,
                    327.99600000000004
                ],
                [
                    696.96,
                    324.972
                ],
                [
                    700.992,
                    319.032
                ],
                [
                    701.952,
                    316.97999999999996
                ],
                [
                    701.952,
                    315.036
                ],
                [
                    702.9119999999999,
                    312.012
                ],
                [
                    702.9119999999999,
                    309.96
                ],
                [
                    704.0640000000001,
                    307.044
                ],
                [
                    710.0160000000001,
                    293.00399999999996
                ],
                [
                    710.976,
                    290.952
                ],
                [
                    714.048,
                    288.036
                ],
                [
                    723.072,
                    288.036
                ],
                [
                    725.952,
                    289.008
                ],
                [
                    730.944,
                    289.98
                ],
                [
                    733.0559999999999,
                    290.952
                ],
                [
                    742.08,
                    293.00399999999996
                ],
                [
                    748.992,
                    294.94800000000004
                ],
                [
                    758.976,
                    297.972
                ],
                [
                    759.9359999999999,
                    300.024
                ],
                [
                    763.968,
                    300.024
                ],
                [
                    767.0400000000001,
                    301.968
                ],
                [
                    773.952,
                    304.02
                ],
                [
                    777.024,
                    304.99199999999996
                ],
                [
                    778.944,
                    305.964
                ],
                [
                    778.944,
                    307.044
                ],
                [
                    781.056,
                    308.016
                ],
                [
                    782.976,
                    312.012
                ],
                [
                    783.936,
                    315.036
                ],
                [
                    783.936,
                    327.99600000000004
                ],
                [
                    782.976,
                    332.964
                ],
                [
                    778.944,
                    344.952
                ],
                [
                    777.024,
                    353.052
                ],
                [
                    774.912,
                    358.02000000000004
                ],
                [
                    772.032,
                    366.984
                ],
                [
                    768.96,
                    374.004
                ],
                [
                    767.0400000000001,
                    378
                ],
                [
                    759.9359999999999,
                    400.032
                ],
                [
                    758.976,
                    404.02799999999996
                ],
                [
                    758.016,
                    408.996
                ],
                [
                    757.0559999999999,
                    412.02
                ],
                [
                    755.904,
                    413.964
                ],
                [
                    754.944,
                    419.04
                ],
                [
                    752.064,
                    423.036
                ],
                [
                    749.952,
                    424.98
                ],
                [
                    748.992,
                    427.032
                ],
                [
                    744.96,
                    429.94800000000004
                ],
                [
                    743.04,
                    431.028
                ],
                [
                    730.944,
                    431.028
                ],
                [
                    715.9680000000001,
                    428.00399999999996
                ],
                [
                    710.976,
                    428.00399999999996
                ],
                [
                    706.9440000000001,
                    428.976
                ],
                [
                    705.984,
                    429.94800000000004
                ],
                [
                    701.952,
                    432
                ],
                [
                    682.9440000000001,
                    432
                ]
            ]
        }
    ]
}