{
    "IMAGE_INFO": {
        "FILE_NAME": "1060916@0_04001_220907_P1_T3__3094.jpg",
        "DATE": "2022-10-24 18:31:48",
        "RESOLUTION": "1920 x 1080",
        "IMAGE_PHOTOGRAPHER": "홍왕기",
        "FOCUS_DISTANCE": "5.6",
        "EXPOSURE_TIME": "1/400",
        "SENSITIVITY_ISO": "4000",
        "PLACE": "용인시재활용센터",
        "REGION_NAME": null,
        "Direction": "0",
        "HEIGHT": "100",
        "DAY/NIGHT": "주간",
        "WEATHER": "맑음",
        "IMAGE_HEIGHT": 1080,
        "IMAGE_WIDTH": 1920,
        "IMAGE_SIZE": "550.2 KB"
    },
    "ANNOTATION_INFO": [
        {
            "ID": "1",
            "CLASS": "플라스틱",
            "DETAILS": "PE",
            "DAMAGE": "원형",
            "DIRTINESS": "이물질(외부)",
            "COVER": "겹침",
            "TRANSPARENCY": "불투명",
            "SHAPE": "스프레이용기형",
            "SHAPE_TYPE": "BOX",
            "POINTS": [
                [
                    322.43715639810415,
                    34.16587677725111,
                    187.8142180094788,
                    386.1110900473935
                ]
            ]
        }
    ]
}