{
    "IMAGE_INFO": {
        "FILE_NAME": "1060187@0_04001_220907_P1_T3__1116.jpg",
        "DATE": "2022-11-01 16:22:04",
        "RESOLUTION": "1920 x 1080",
        "IMAGE_PHOTOGRAPHER": "김보배",
        "FOCUS_DISTANCE": "5.6",
        "EXPOSURE_TIME": "1/400",
        "SENSITIVITY_ISO": "4000",
        "PLACE": "용인시재활용센터",
        "REGION_NAME": null,
        "Direction": "0",
        "HEIGHT": "100",
        "DAY/NIGHT": "주간",
        "WEATHER": "맑음",
        "IMAGE_HEIGHT": 1080,
        "IMAGE_WIDTH": 1920,
        "IMAGE_SIZE": "633.7 KB"
    },
    "ANNOTATION_INFO": [
        {
            "ID": "1",
            "CLASS": "플라스틱",
            "DETAILS": "PE",
            "DAMAGE": "원형",
            "DIRTINESS": "이물질(외부)",
            "COVER": "겹침",
            "TRANSPARENCY": "불투명",
            "SHAPE": "일반용기형",
            "SHAPE_TYPE": "POLYGON",
            "POINTS": [
                [
                    718.4233640506332,
                    350.4278391225771
                ],
                [
                    805.0304324050635,
                    444.7996791225771
                ],
                [
                    785.9171483544307,
                    459.13464216055183
                ],
                [
                    772.1794754430382,
                    449.57800013523536
                ],
                [
                    756.6499321518991,
                    440.6186482365012
                ],
                [
                    737.536648101266,
                    444.2023889959949
                ],
                [
                    715.4369134177218,
                    457.9400619073873
                ],
                [
                    702.8938207594937,
                    451.96716064156453
                ],
                [
                    697.5182096202534,
                    442.410518616248
                ],
                [
                    683.7805367088608,
                    441.81322848966573
                ],
                [
                    654.5133205063294,
                    435.8403272238429
                ],
                [
                    637.1919068354432,
                    426.8809753251088
                ],
                [
                    630.0244253164558,
                    415.5324629200455
                ],
                [
                    632.413585822785,
                    397.6137591225771
                ],
                [
                    622.8569437974684,
                    395.82188874283025
                ],
                [
                    619.2732030379748,
                    391.043567730172
                ],
                [
                    641.9702278481014,
                    368.34654292004547
                ],
                [
                    663.4726724050635,
                    369.54112317321005
                ],
                [
                    687.3642774683545,
                    365.9573824137164
                ],
                [
                    713.6450430379749,
                    345.64951810991886
                ]
            ]
        },
        {
            "ID": "2",
            "CLASS": "플라스틱",
            "DETAILS": "PE",
            "DAMAGE": "원형",
            "DIRTINESS": "이물질(외부)",
            "COVER": "없음",
            "TRANSPARENCY": "불투명",
            "SHAPE": "일반용기형",
            "SHAPE_TYPE": "POLYGON",
            "POINTS": [
                [
                    716.928,
                    917.028
                ],
                [
                    715.9680000000001,
                    915.948
                ],
                [
                    713.088,
                    915.948
                ],
                [
                    710.0160000000001,
                    914.976
                ],
                [
                    709.056,
                    914.004
                ],
                [
                    705.024,
                    914.004
                ],
                [
                    700.0319999999999,
                    910.008
                ],
                [
                    699.072,
                    906.984
                ],
                [
                    696.96,
                    906.012
                ],
                [
                    695.04,
                    902.9879999999999
                ],
                [
                    690.048,
                    899.964
                ],
                [
                    689.088,
                    898.02
                ],
                [
                    686.016,
                    895.968
                ],
                [
                    686.016,
                    893.052
                ],
                [
                    684.096,
                    891
                ],
                [
                    682.9440000000001,
                    886.032
                ],
                [
                    678.912,
                    879.012
                ],
                [
                    672.9599999999999,
                    871.02
                ],
                [
                    672.9599999999999,
                    868.968
                ],
                [
                    665.088,
                    859.032
                ],
                [
                    660.096,
                    849.96
                ],
                [
                    657.024,
                    847.044
                ],
                [
                    656.064,
                    844.02
                ],
                [
                    646.08,
                    829.9799999999999
                ],
                [
                    643.968,
                    825.0120000000001
                ],
                [
                    643.968,
                    820.044
                ],
                [
                    646.08,
                    816.048
                ],
                [
                    646.08,
                    812.052
                ],
                [
                    634.944,
                    797.04
                ],
                [
                    634.944,
                    794.9879999999999
                ],
                [
                    628.992,
                    789.048
                ],
                [
                    627.072,
                    783.972
                ],
                [
                    624.96,
                    782.028
                ],
                [
                    624.96,
                    776.952
                ],
                [
                    633.984,
                    762.048
                ],
                [
                    648.96,
                    747.036
                ],
                [
                    652.9920000000001,
                    744.9839999999999
                ],
                [
                    656.064,
                    740.0160000000001
                ],
                [
                    657.984,
                    739.044
                ],
                [
                    660.096,
                    736.02
                ],
                [
                    668.928,
                    729.972
                ],
                [
                    686.016,
                    721.98
                ],
                [
                    691.008,
                    721.98
                ],
                [
                    695.04,
                    725.004
                ],
                [
                    696.96,
                    728.028
                ],
                [
                    700.0319999999999,
                    729.972
                ],
                [
                    700.0319999999999,
                    733.968
                ],
                [
                    697.92,
                    739.044
                ],
                [
                    701.952,
                    741.96
                ],
                [
                    704.0640000000001,
                    741.96
                ],
                [
                    704.0640000000001,
                    747.036
                ],
                [
                    709.056,
                    749.952
                ],
                [
                    713.088,
                    749.952
                ],
                [
                    715.008,
                    751.032
                ],
                [
                    718.08,
                    753.9480000000001
                ],
                [
                    719.04,
                    758.052
                ],
                [
                    721.92,
                    762.048
                ],
                [
                    724.0319999999999,
                    762.048
                ],
                [
                    726.912,
                    763.02
                ],
                [
                    730.944,
                    763.02
                ],
                [
                    735.9359999999999,
                    766.0440000000001
                ],
                [
                    744.96,
                    779.976
                ],
                [
                    748.992,
                    789.048
                ],
                [
                    753.984,
                    795.96
                ],
                [
                    758.016,
                    799.956
                ],
                [
                    768.96,
                    818.9639999999999
                ],
                [
                    772.9920000000001,
                    822.96
                ],
                [
                    777.984,
                    832.0319999999999
                ],
                [
                    785.088,
                    840.996
                ],
                [
                    790.0799999999999,
                    849.96
                ],
                [
                    790.0799999999999,
                    856.98
                ],
                [
                    788.928,
                    860.976
                ],
                [
                    786.048,
                    867.996
                ],
                [
                    783.936,
                    870.048
                ],
                [
                    768.96,
                    880.956
                ],
                [
                    761.088,
                    887.976
                ],
                [
                    733.0559999999999,
                    906.984
                ],
                [
                    724.992,
                    910.98
                ],
                [
                    724.0319999999999,
                    910.98
                ],
                [
                    720,
                    914.976
                ],
                [
                    720,
                    915.948
                ],
                [
                    718.08,
                    917.028
                ],
                [
                    716.928,
                    917.028
                ]
            ]
        }
    ]
}