{
    "IMAGE_INFO": {
        "FILE_NAME": "1060929@0_04001_220907_P1_T3__3523.jpg",
        "DATE": "2022-10-24 18:32:40",
        "RESOLUTION": "1920 x 1080",
        "IMAGE_PHOTOGRAPHER": "홍왕기",
        "FOCUS_DISTANCE": "5.6",
        "EXPOSURE_TIME": "1/400",
        "SENSITIVITY_ISO": "4000",
        "PLACE": "용인시재활용센터",
        "REGION_NAME": null,
        "Direction": "0",
        "HEIGHT": "100",
        "DAY/NIGHT": "주간",
        "WEATHER": "맑음",
        "IMAGE_HEIGHT": 1080,
        "IMAGE_WIDTH": 1920,
        "IMAGE_SIZE": "522.8 KB"
    },
    "ANNOTATION_INFO": [
        {
            "ID": "1",
            "CLASS": "플라스틱",
            "DETAILS": "PE",
            "DAMAGE": "원형",
            "DIRTINESS": "이물질(외부)",
            "COVER": "겹침",
            "TRANSPARENCY": "불투명",
            "SHAPE": "기타 형태",
            "SHAPE_TYPE": "POLYGON",
            "POINTS": [
                [
                    571.968,
                    97.956
                ],
                [
                    566.016,
                    96.012
                ],
                [
                    561.024,
                    92.988
                ],
                [
                    548.928,
                    92.01599999999999
                ],
                [
                    518.016,
                    89.964
                ],
                [
                    504,
                    88.02000000000001
                ],
                [
                    494.97599999999994,
                    85.968
                ],
                [
                    485.952,
                    85.968
                ],
                [
                    478.08,
                    81.972
                ],
                [
                    475.968,
                    80.028
                ],
                [
                    474.048,
                    80.028
                ],
                [
                    470.976,
                    73.98
                ],
                [
                    470.976,
                    65.988
                ],
                [
                    465.984,
                    62.964
                ],
                [
                    452.928,
                    46.007999999999996
                ],
                [
                    437.952,
                    33.048
                ],
                [
                    432,
                    27
                ],
                [
                    430.08,
                    23.976000000000003
                ],
                [
                    430.08,
                    0
                ],
                [
                    622.08,
                    0
                ],
                [
                    622.08,
                    7.992
                ],
                [
                    624,
                    8.964
                ],
                [
                    624,
                    38.016000000000005
                ],
                [
                    622.08,
                    43.956
                ],
                [
                    620.928,
                    50.004
                ],
                [
                    619.9680000000001,
                    54
                ],
                [
                    614.976,
                    62.964
                ],
                [
                    611.904,
                    69.012
                ],
                [
                    608.064,
                    76.03200000000001
                ],
                [
                    601.92,
                    84.02399999999999
                ],
                [
                    595.9680000000001,
                    89.964
                ],
                [
                    588.096,
                    96.012
                ],
                [
                    585.024,
                    97.956
                ],
                [
                    571.968,
                    97.956
                ]
            ]
        }
    ]
}