{
    "IMAGE_INFO": {
        "FILE_NAME": "1061041@0_04001_220907_P1_T3__3568.jpg",
        "DATE": "2022-10-24 18:32:46",
        "RESOLUTION": "1920 x 1080",
        "IMAGE_PHOTOGRAPHER": "홍왕기",
        "FOCUS_DISTANCE": "5.6",
        "EXPOSURE_TIME": "1/400",
        "SENSITIVITY_ISO": "4000",
        "PLACE": "용인시재활용센터",
        "REGION_NAME": null,
        "Direction": "0",
        "HEIGHT": "100",
        "DAY/NIGHT": "주간",
        "WEATHER": "맑음",
        "IMAGE_HEIGHT": 1080,
        "IMAGE_WIDTH": 1920,
        "IMAGE_SIZE": "551.7 KB"
    },
    "ANNOTATION_INFO": [
        {
            "ID": "1",
            "CLASS": "플라스틱",
            "DETAILS": "PE",
            "DAMAGE": "원형",
            "DIRTINESS": "오염없음",
            "COVER": "없음",
            "TRANSPARENCY": "불투명",
            "SHAPE": "일반용기형",
            "SHAPE_TYPE": "POLYGON",
            "POINTS": [
                [
                    1063.9412658227848,
                    489.4637398820709
                ],
                [
                    1101.2718987341773,
                    443.7337145656152
                ],
                [
                    1136.736,
                    417.60227152764054
                ],
                [
                    1188.9988860759495,
                    416.6690057048557
                ],
                [
                    1230.0625822784812,
                    432.5345246921975
                ],
                [
                    1268.3264810126584,
                    462.3990310213114
                ],
                [
                    1288.8583291139241,
                    495.06333481877977
                ],
                [
                    1291.6581265822786,
                    538.9268284896658
                ],
                [
                    1280.4589367088608,
                    583.7235879833369
                ],
                [
                    1236.595443037975,
                    630.3868791225774
                ],
                [
                    1196.4650126582278,
                    656.5183221605521
                ],
                [
                    1133.9362025316457,
                    650.9187272238431
                ],
                [
                    1091.0059746835443,
                    630.3868791225774
                ],
                [
                    1063.008,
                    585.5901196289065
                ],
                [
                    1061.1414683544303,
                    557.5921449453621
                ]
            ]
        }
    ]
}