{
    "IMAGE_INFO": {
        "FILE_NAME": "1061567@0_04001_220907_P1_T3__3537.jpg",
        "DATE": "2022-10-24 18:32:42",
        "RESOLUTION": "1920 x 1080",
        "IMAGE_PHOTOGRAPHER": "홍왕기",
        "FOCUS_DISTANCE": "5.6",
        "EXPOSURE_TIME": "1/400",
        "SENSITIVITY_ISO": "4000",
        "PLACE": "용인시재활용센터",
        "REGION_NAME": null,
        "Direction": "0",
        "HEIGHT": "100",
        "DAY/NIGHT": "주간",
        "WEATHER": "맑음",
        "IMAGE_HEIGHT": 1080,
        "IMAGE_WIDTH": 1920,
        "IMAGE_SIZE": "544.2 KB"
    },
    "ANNOTATION_INFO": [
        {
            "ID": "1",
            "CLASS": "플라스틱",
            "DETAILS": "PE",
            "DAMAGE": "원형",
            "DIRTINESS": "이물질(외부)",
            "COVER": "없음",
            "TRANSPARENCY": "불투명",
            "SHAPE": "일반용기형",
            "SHAPE_TYPE": "POLYGON",
            "POINTS": [
                [
                    684.096,
                    910.98
                ],
                [
                    620.928,
                    910.008
                ],
                [
                    614.976,
                    907.956
                ],
                [
                    590.0160000000001,
                    906.012
                ],
                [
                    569.088,
                    899.964
                ],
                [
                    556.9920000000001,
                    898.9920000000001
                ],
                [
                    547.968,
                    895.968
                ],
                [
                    523.968,
                    891.972
                ],
                [
                    451.968,
                    861.948
                ],
                [
                    440.06399999999996,
                    859.032
                ],
                [
                    436.032,
                    856.0079999999999
                ],
                [
                    432,
                    848.988
                ],
                [
                    432,
                    840.996
                ],
                [
                    440.06399999999996,
                    798.0120000000001
                ],
                [
                    460.03200000000004,
                    759.996
                ],
                [
                    467.904,
                    740.0160000000001
                ],
                [
                    467.904,
                    732.024
                ],
                [
                    480.96,
                    709.992
                ],
                [
                    481.92,
                    698.976
                ],
                [
                    485.952,
                    694.9799999999999
                ],
                [
                    486.912,
                    685.044
                ],
                [
                    491.904,
                    674.028
                ],
                [
                    491.904,
                    666.0360000000001
                ],
                [
                    499.968,
                    655.0200000000001
                ],
                [
                    510.91200000000003,
                    650.052
                ],
                [
                    518.016,
                    650.052
                ],
                [
                    536.064,
                    652.9680000000001
                ],
                [
                    543.936,
                    655.9920000000001
                ],
                [
                    580.992,
                    663.984
                ],
                [
                    586.9440000000001,
                    667.008
                ],
                [
                    594.048,
                    667.98
                ],
                [
                    604.992,
                    671.976
                ],
                [
                    672.9599999999999,
                    698.976
                ],
                [
                    705.984,
                    720.036
                ],
                [
                    710.0160000000001,
                    721.0079999999999
                ],
                [
                    718.08,
                    728.028
                ],
                [
                    723.072,
                    740.0160000000001
                ],
                [
                    724.0319999999999,
                    748.98
                ],
                [
                    730.944,
                    763.02
                ],
                [
                    731.904,
                    772.956
                ],
                [
                    737.0880000000001,
                    782.028
                ],
                [
                    744,
                    786.996
                ],
                [
                    744.96,
                    790.0200000000001
                ],
                [
                    748.032,
                    791.9639999999999
                ],
                [
                    752.064,
                    791.9639999999999
                ],
                [
                    761.088,
                    794.9879999999999
                ],
                [
                    766.08,
                    794.9879999999999
                ],
                [
                    773.952,
                    798.984
                ],
                [
                    788.928,
                    799.956
                ],
                [
                    801.984,
                    802.98
                ],
                [
                    807.936,
                    817.02
                ],
                [
                    844.0319999999999,
                    829.9799999999999
                ],
                [
                    851.904,
                    837
                ],
                [
                    846.912,
                    876.96
                ],
                [
                    844.0319999999999,
                    888.9480000000001
                ],
                [
                    839.04,
                    895.968
                ],
                [
                    831.936,
                    898.02
                ],
                [
                    825.984,
                    898.02
                ],
                [
                    802.9440000000001,
                    893.052
                ],
                [
                    788.928,
                    887.976
                ],
                [
                    768,
                    887.976
                ],
                [
                    752.064,
                    891.972
                ],
                [
                    742.08,
                    893.052
                ],
                [
                    734.016,
                    895.968
                ],
                [
                    724.0319999999999,
                    895.968
                ],
                [
                    720.96,
                    898.02
                ],
                [
                    701.952,
                    901.0440000000001
                ],
                [
                    684.096,
                    910.98
                ]
            ]
        },
        {
            "ID": "2",
            "CLASS": "플라스틱",
            "DETAILS": "PE",
            "DAMAGE": "원형",
            "DIRTINESS": "이물질(외부)",
            "COVER": "없음",
            "TRANSPARENCY": "불투명",
            "SHAPE": "일반용기형",
            "SHAPE_TYPE": "POLYGON",
            "POINTS": [
                [
                    840,
                    250.02
                ],
                [
                    835.9680000000001,
                    249.048
                ],
                [
                    821.952,
                    235.98
                ],
                [
                    797.952,
                    209.952
                ],
                [
                    783.936,
                    192.024
                ],
                [
                    768,
                    176.04000000000002
                ],
                [
                    752.064,
                    158.00400000000002
                ],
                [
                    749.952,
                    154.008
                ],
                [
                    748.032,
                    151.956
                ],
                [
                    748.032,
                    147.96
                ],
                [
                    749.952,
                    146.988
                ],
                [
                    749.952,
                    142.02
                ],
                [
                    752.064,
                    139.968
                ],
                [
                    753.024,
                    135.972
                ],
                [
                    755.904,
                    131.976
                ],
                [
                    759.9359999999999,
                    127.97999999999999
                ],
                [
                    762.048,
                    123.012
                ],
                [
                    771.072,
                    111.996
                ],
                [
                    783.936,
                    100.008
                ],
                [
                    807.936,
                    88.02000000000001
                ],
                [
                    812.928,
                    88.02000000000001
                ],
                [
                    816,
                    89.964
                ],
                [
                    830.976,
                    104.976
                ],
                [
                    844.0319999999999,
                    122.04
                ],
                [
                    845.952,
                    123.012
                ],
                [
                    855.9359999999999,
                    131.976
                ],
                [
                    855.9359999999999,
                    134.028
                ],
                [
                    867.072,
                    146.016
                ],
                [
                    889.9200000000001,
                    168.04799999999997
                ],
                [
                    902.976,
                    182.952
                ],
                [
                    903.936,
                    185.976
                ],
                [
                    903.936,
                    200.988
                ],
                [
                    902.976,
                    204.012
                ],
                [
                    897.984,
                    212.004
                ],
                [
                    893.952,
                    218.052
                ],
                [
                    873.984,
                    236.95200000000003
                ],
                [
                    868.032,
                    242.028
                ],
                [
                    864,
                    243.97199999999998
                ],
                [
                    859.9680000000001,
                    247.968
                ],
                [
                    855.9359999999999,
                    249.048
                ],
                [
                    849.9839999999999,
                    250.02
                ],
                [
                    840,
                    250.02
                ]
            ]
        }
    ]
}