{
    "IMAGE_INFO": {
        "FILE_NAME": "1061244@0_04001_220907_P1_T3__3551.jpg",
        "DATE": "2022-10-24 18:32:44",
        "RESOLUTION": "1920 x 1080",
        "IMAGE_PHOTOGRAPHER": "홍왕기",
        "FOCUS_DISTANCE": "5.6",
        "EXPOSURE_TIME": "1/400",
        "SENSITIVITY_ISO": "4000",
        "PLACE": "용인시재활용센터",
        "REGION_NAME": null,
        "Direction": "0",
        "HEIGHT": "100",
        "DAY/NIGHT": "주간",
        "WEATHER": "맑음",
        "IMAGE_HEIGHT": 1080,
        "IMAGE_WIDTH": 1920,
        "IMAGE_SIZE": "528.1 KB"
    },
    "ANNOTATION_INFO": [
        {
            "ID": "1",
            "CLASS": "플라스틱",
            "DETAILS": "PE",
            "DAMAGE": "원형",
            "DIRTINESS": "오염없음",
            "COVER": "없음",
            "TRANSPARENCY": "불투명",
            "SHAPE": "기타 형태",
            "SHAPE_TYPE": "POLYGON",
            "POINTS": [
                [
                    1139.4446582278483,
                    607.6093601352354
                ],
                [
                    1117.046278481013,
                    659.8722462111849
                ],
                [
                    1116.113012658228,
                    711.2018664643495
                ],
                [
                    1128.2454683544306,
                    759.7316892491594
                ],
                [
                    1152.5103797468357,
                    798.9288538061217
                ],
                [
                    1193.5740759493674,
                    827.8600943124505
                ],
                [
                    1247.7034936708862,
                    839.0592841858685
                ],
                [
                    1297.1665822784814,
                    832.5264234263747
                ],
                [
                    1338.230278481013,
                    809.1947778567544
                ],
                [
                    1374.6276455696207,
                    769.0643474770076
                ],
                [
                    1391.426430379747,
                    723.3343221605519
                ],
                [
                    1389.5598987341778,
                    673.8712335529569
                ],
                [
                    1380.2272405063295,
                    639.340398109919
                ],
                [
                    1360.6286582278483,
                    604.809562666881
                ],
                [
                    1311.1655696202536,
                    566.5456639327037
                ],
                [
                    1255.1696202531648,
                    555.346474059286
                ],
                [
                    1217.8389873417725,
                    557.2130057048557
                ],
                [
                    1171.1756962025318,
                    581.4779170972607
                ]
            ]
        }
    ]
}