{
    "IMAGE_INFO": {
        "FILE_NAME": "1061224@0_04001_220907_P1_T3__3469.jpg",
        "DATE": "2022-10-24 18:32:34",
        "RESOLUTION": "1920 x 1080",
        "IMAGE_PHOTOGRAPHER": "홍왕기",
        "FOCUS_DISTANCE": "5.6",
        "EXPOSURE_TIME": "1/400",
        "SENSITIVITY_ISO": "4000",
        "PLACE": "용인시재활용센터",
        "REGION_NAME": null,
        "Direction": "0",
        "HEIGHT": "100",
        "DAY/NIGHT": "주간",
        "WEATHER": "맑음",
        "IMAGE_HEIGHT": 1080,
        "IMAGE_WIDTH": 1920,
        "IMAGE_SIZE": "536.0 KB"
    },
    "ANNOTATION_INFO": [
        {
            "ID": "1",
            "CLASS": "플라스틱",
            "DETAILS": "PE",
            "DAMAGE": "원형",
            "DIRTINESS": "오염없음",
            "COVER": "없음",
            "TRANSPARENCY": "불투명",
            "SHAPE": "기타 형태",
            "SHAPE_TYPE": "POLYGON",
            "POINTS": [
                [
                    1507.008,
                    747.036
                ],
                [
                    1489.92,
                    741.96
                ],
                [
                    1472.064,
                    741.96
                ],
                [
                    1463.04,
                    740.988
                ],
                [
                    1454.976,
                    739.044
                ],
                [
                    1446.912,
                    736.02
                ],
                [
                    1438.08,
                    735.048
                ],
                [
                    1425.9840000000002,
                    735.048
                ],
                [
                    1420.992,
                    732.024
                ],
                [
                    1415.04,
                    729.972
                ],
                [
                    1406.0159999999998,
                    729
                ],
                [
                    1395.0720000000001,
                    729
                ],
                [
                    1390.08,
                    726.948
                ],
                [
                    1385.0880000000002,
                    724.032
                ],
                [
                    1373.952,
                    724.032
                ],
                [
                    1369.92,
                    722.952
                ],
                [
                    1366.08,
                    720.036
                ],
                [
                    1363.008,
                    709.992
                ],
                [
                    1361.088,
                    691.956
                ],
                [
                    1363.008,
                    640.008
                ],
                [
                    1361.088,
                    612.036
                ],
                [
                    1363.008,
                    559.9799999999999
                ],
                [
                    1363.008,
                    404.02799999999996
                ],
                [
                    1359.9360000000001,
                    342.036
                ],
                [
                    1359.9360000000001,
                    328.96799999999996
                ],
                [
                    1361.088,
                    324
                ],
                [
                    1364.9279999999999,
                    317.952
                ],
                [
                    1368,
                    317.952
                ],
                [
                    1372.992,
                    313.956
                ],
                [
                    1377.984,
                    312.984
                ],
                [
                    1382.976,
                    312.984
                ],
                [
                    1390.08,
                    311.03999999999996
                ],
                [
                    1393.92,
                    308.016
                ],
                [
                    1397.952,
                    307.044
                ],
                [
                    1412.9279999999999,
                    304.99199999999996
                ],
                [
                    1424.064,
                    300.996
                ],
                [
                    1435.0079999999998,
                    299.05199999999996
                ],
                [
                    1440.9599999999998,
                    296.028
                ],
                [
                    1463.04,
                    293.00399999999996
                ],
                [
                    1468.032,
                    289.98
                ],
                [
                    1473.9840000000002,
                    289.008
                ],
                [
                    1481.088,
                    286.956
                ],
                [
                    1521.0240000000001,
                    286.956
                ],
                [
                    1534.0800000000002,
                    289.98
                ],
                [
                    1541.952,
                    289.008
                ],
                [
                    1546.944,
                    289.008
                ],
                [
                    1550.9759999999999,
                    289.98
                ],
                [
                    1558.08,
                    296.028
                ],
                [
                    1566.912,
                    300.996
                ],
                [
                    1571.904,
                    316.97999999999996
                ],
                [
                    1570.944,
                    351
                ],
                [
                    1571.904,
                    371.952
                ],
                [
                    1574.976,
                    393.98400000000004
                ],
                [
                    1574.976,
                    474.012
                ],
                [
                    1569.0240000000001,
                    547.02
                ],
                [
                    1569.0240000000001,
                    591.948
                ],
                [
                    1566.912,
                    652.9680000000001
                ],
                [
                    1564.032,
                    671.976
                ],
                [
                    1564.032,
                    694.9799999999999
                ],
                [
                    1561.92,
                    706.968
                ],
                [
                    1561.92,
                    721.0079999999999
                ],
                [
                    1558.08,
                    741.96
                ],
                [
                    1551.9360000000001,
                    747.036
                ],
                [
                    1507.008,
                    747.036
                ]
            ]
        }
    ]
}