{
    "IMAGE_INFO": {
        "FILE_NAME": "1061256@0_04001_220907_P1_T3__2855.jpg",
        "DATE": "2022-10-24 18:31:20",
        "RESOLUTION": "1920 x 1080",
        "IMAGE_PHOTOGRAPHER": "홍왕기",
        "FOCUS_DISTANCE": "5.6",
        "EXPOSURE_TIME": "1/400",
        "SENSITIVITY_ISO": "4000",
        "PLACE": "용인시재활용센터",
        "REGION_NAME": null,
        "Direction": "0",
        "HEIGHT": "100",
        "DAY/NIGHT": "주간",
        "WEATHER": "맑음",
        "IMAGE_HEIGHT": 1080,
        "IMAGE_WIDTH": 1920,
        "IMAGE_SIZE": "581.1 KB"
    },
    "ANNOTATION_INFO": [
        {
            "ID": "1",
            "CLASS": "플라스틱",
            "DETAILS": "PE",
            "DAMAGE": "원형",
            "DIRTINESS": "이물질(외부)",
            "COVER": "겹침",
            "TRANSPARENCY": "불투명",
            "SHAPE": "일반용기형",
            "SHAPE_TYPE": "BOX",
            "POINTS": [
                [
                    362.5141990521327,
                    350.4444739336493,
                    227.12417061611376,
                    154.4444360189574
                ]
            ]
        }
    ]
}