{
    "IMAGE_INFO": {
        "FILE_NAME": "1061314@0_04001_220907_P1_T3__3356.jpg",
        "DATE": "2022-10-24 18:32:20",
        "RESOLUTION": "1920 x 1080",
        "IMAGE_PHOTOGRAPHER": "홍왕기",
        "FOCUS_DISTANCE": "5.6",
        "EXPOSURE_TIME": "1/400",
        "SENSITIVITY_ISO": "4000",
        "PLACE": "용인시재활용센터",
        "REGION_NAME": null,
        "Direction": "0",
        "HEIGHT": "100",
        "DAY/NIGHT": "주간",
        "WEATHER": "맑음",
        "IMAGE_HEIGHT": 1080,
        "IMAGE_WIDTH": 1920,
        "IMAGE_SIZE": "574.0 KB"
    },
    "ANNOTATION_INFO": [
        {
            "ID": "1",
            "CLASS": "플라스틱",
            "DETAILS": "PE",
            "DAMAGE": "찌그러짐",
            "DIRTINESS": "이물질(외부)",
            "COVER": "없음",
            "TRANSPARENCY": "불투명",
            "SHAPE": "일반용기형",
            "SHAPE_TYPE": "POLYGON",
            "POINTS": [
                [
                    500.92800000000005,
                    679.9680000000001
                ],
                [
                    489.984,
                    675.972
                ],
                [
                    474.048,
                    666.0360000000001
                ],
                [
                    460.03200000000004,
                    654.048
                ],
                [
                    437.952,
                    625.968
                ],
                [
                    436.032,
                    621
                ],
                [
                    417.98400000000004,
                    601.992
                ],
                [
                    399.93600000000004,
                    578.988
                ],
                [
                    395.904,
                    566.028
                ],
                [
                    398.016,
                    542.052
                ],
                [
                    395.904,
                    520.02
                ],
                [
                    399.93600000000004,
                    513
                ],
                [
                    406.08,
                    506.952
                ],
                [
                    412.03200000000004,
                    492.048
                ],
                [
                    417.98400000000004,
                    483.948
                ],
                [
                    432,
                    474.012
                ],
                [
                    444.096,
                    470.988
                ],
                [
                    454.08,
                    462.024
                ],
                [
                    457.91999999999996,
                    459.972
                ],
                [
                    470.01599999999996,
                    455.976
                ],
                [
                    474.048,
                    455.976
                ],
                [
                    489.984,
                    447.984
                ],
                [
                    498.04800000000006,
                    439.99199999999996
                ],
                [
                    500.92800000000005,
                    439.99199999999996
                ],
                [
                    502.08000000000004,
                    438.048
                ],
                [
                    505.92,
                    438.048
                ],
                [
                    512.064,
                    440.964
                ],
                [
                    518.016,
                    439.99199999999996
                ],
                [
                    524.928,
                    454.032
                ],
                [
                    529.9200000000001,
                    459
                ],
                [
                    532.032,
                    463.96799999999996
                ],
                [
                    550.0799999999999,
                    475.95599999999996
                ],
                [
                    555.072,
                    475.95599999999996
                ],
                [
                    560.0640000000001,
                    478.008
                ],
                [
                    571.968,
                    479.952
                ],
                [
                    605.952,
                    479.952
                ],
                [
                    643.968,
                    482.00399999999996
                ],
                [
                    649.9200000000001,
                    488.052
                ],
                [
                    652.032,
                    500.04
                ],
                [
                    656.064,
                    501.984
                ],
                [
                    657.024,
                    508.032
                ],
                [
                    662.016,
                    513
                ],
                [
                    667.968,
                    529.956
                ],
                [
                    667.968,
                    540
                ],
                [
                    666.048,
                    543.024
                ],
                [
                    653.952,
                    551.9879999999999
                ],
                [
                    652.032,
                    551.9879999999999
                ],
                [
                    651.072,
                    555.0120000000001
                ],
                [
                    646.08,
                    555.984
                ],
                [
                    632.064,
                    567.972
                ],
                [
                    627.072,
                    570.024
                ],
                [
                    619.9680000000001,
                    578.016
                ],
                [
                    625.9200000000001,
                    594
                ],
                [
                    627.072,
                    601.992
                ],
                [
                    625.9200000000001,
                    609.012
                ],
                [
                    619.9680000000001,
                    621
                ],
                [
                    609.024,
                    632.0160000000001
                ],
                [
                    601.92,
                    636.012
                ],
                [
                    590.0160000000001,
                    648
                ],
                [
                    576,
                    655.9920000000001
                ],
                [
                    571.968,
                    655.9920000000001
                ],
                [
                    564.096,
                    659.9879999999999
                ],
                [
                    553.92,
                    667.98
                ],
                [
                    536.064,
                    674.028
                ],
                [
                    528,
                    678.024
                ],
                [
                    519.9359999999999,
                    679.9680000000001
                ],
                [
                    500.92800000000005,
                    679.9680000000001
                ]
            ]
        }
    ]
}