{
    "IMAGE_INFO": {
        "FILE_NAME": "1061026@0_04001_220907_P1_T3__3507.jpg",
        "DATE": "2022-10-24 18:32:38",
        "RESOLUTION": "1920 x 1080",
        "IMAGE_PHOTOGRAPHER": "홍왕기",
        "FOCUS_DISTANCE": "5.6",
        "EXPOSURE_TIME": "1/400",
        "SENSITIVITY_ISO": "4000",
        "PLACE": "용인시재활용센터",
        "REGION_NAME": null,
        "Direction": "0",
        "HEIGHT": "100",
        "DAY/NIGHT": "주간",
        "WEATHER": "맑음",
        "IMAGE_HEIGHT": 1080,
        "IMAGE_WIDTH": 1920,
        "IMAGE_SIZE": "586.9 KB"
    },
    "ANNOTATION_INFO": [
        {
            "ID": "1",
            "CLASS": "플라스틱",
            "DETAILS": "PE",
            "DAMAGE": "원형",
            "DIRTINESS": "오염없음",
            "COVER": "없음",
            "TRANSPARENCY": "불투명",
            "SHAPE": "일반용기형",
            "SHAPE_TYPE": "POLYGON",
            "POINTS": [
                [
                    912,
                    829.9799999999999
                ],
                [
                    908.928,
                    828.0360000000001
                ],
                [
                    906.048,
                    825.0120000000001
                ],
                [
                    906.048,
                    818.9639999999999
                ],
                [
                    900.096,
                    810
                ],
                [
                    897.984,
                    802.008
                ],
                [
                    883.968,
                    771.984
                ],
                [
                    878.016,
                    753.9480000000001
                ],
                [
                    873.984,
                    745.956
                ],
                [
                    873.984,
                    740.988
                ],
                [
                    875.904,
                    737.964
                ],
                [
                    878.976,
                    735.048
                ],
                [
                    886.08,
                    732.024
                ],
                [
                    893.952,
                    729.972
                ],
                [
                    902.016,
                    725.976
                ],
                [
                    908.928,
                    724.032
                ],
                [
                    920.0640000000001,
                    717.9839999999999
                ],
                [
                    941.952,
                    709.992
                ],
                [
                    958.08,
                    704.052
                ],
                [
                    963.0720000000001,
                    702
                ],
                [
                    969.9839999999999,
                    702
                ],
                [
                    974.016,
                    704.052
                ],
                [
                    974.9760000000001,
                    705.024
                ],
                [
                    975.9359999999999,
                    708.048
                ],
                [
                    978.0479999999999,
                    712.044
                ],
                [
                    980.928,
                    716.0400000000001
                ],
                [
                    987.072,
                    728.028
                ],
                [
                    992.0640000000001,
                    741.96
                ],
                [
                    993.9840000000002,
                    749.952
                ],
                [
                    999.936,
                    759.996
                ],
                [
                    1002.048,
                    767.9879999999999
                ],
                [
                    1004.928,
                    771.012
                ],
                [
                    1006.08,
                    775.98
                ],
                [
                    1009.9200000000001,
                    783.972
                ],
                [
                    1009.9200000000001,
                    790.0200000000001
                ],
                [
                    1004.928,
                    794.9879999999999
                ],
                [
                    1002.048,
                    795.96
                ],
                [
                    998.976,
                    798.0120000000001
                ],
                [
                    996.0960000000001,
                    798.0120000000001
                ],
                [
                    989.9519999999999,
                    802.008
                ],
                [
                    985.92,
                    803.952
                ],
                [
                    982.0799999999999,
                    803.952
                ],
                [
                    978.0479999999999,
                    806.0039999999999
                ],
                [
                    974.9760000000001,
                    807.948
                ],
                [
                    969.9839999999999,
                    810
                ],
                [
                    965.952,
                    810
                ],
                [
                    958.08,
                    813.9960000000001
                ],
                [
                    950.976,
                    816.048
                ],
                [
                    940.0319999999999,
                    821.9879999999999
                ],
                [
                    921.024,
                    828.0360000000001
                ],
                [
                    916.032,
                    828.0360000000001
                ],
                [
                    915.072,
                    829.9799999999999
                ],
                [
                    912,
                    829.9799999999999
                ]
            ]
        }
    ]
}