{
    "IMAGE_INFO": {
        "FILE_NAME": "1061337@0_04001_220907_P1_T3__3528.jpg",
        "DATE": "2022-10-24 18:32:40",
        "RESOLUTION": "1920 x 1080",
        "IMAGE_PHOTOGRAPHER": "홍왕기",
        "FOCUS_DISTANCE": "5.6",
        "EXPOSURE_TIME": "1/400",
        "SENSITIVITY_ISO": "4000",
        "PLACE": "용인시재활용센터",
        "REGION_NAME": null,
        "Direction": "0",
        "HEIGHT": "100",
        "DAY/NIGHT": "주간",
        "WEATHER": "맑음",
        "IMAGE_HEIGHT": 1080,
        "IMAGE_WIDTH": 1920,
        "IMAGE_SIZE": "547.5 KB"
    },
    "ANNOTATION_INFO": [
        {
            "ID": "1",
            "CLASS": "플라스틱",
            "DETAILS": "PE",
            "DAMAGE": "찌그러짐",
            "DIRTINESS": "이물질(외부)",
            "COVER": "없음",
            "TRANSPARENCY": "불투명",
            "SHAPE": "일반용기형",
            "SHAPE_TYPE": "POLYGON",
            "POINTS": [
                [
                    691.968,
                    169.99200000000002
                ],
                [
                    644.928,
                    165.024
                ],
                [
                    601.92,
                    162.972
                ],
                [
                    585.024,
                    159.948
                ],
                [
                    522.048,
                    157.032
                ],
                [
                    507.072,
                    154.008
                ],
                [
                    484.032,
                    151.956
                ],
                [
                    422.01599999999996,
                    150.012
                ],
                [
                    398.976,
                    145.044
                ],
                [
                    388.992,
                    139.968
                ],
                [
                    379.008,
                    131.00400000000002
                ],
                [
                    369.024,
                    114.048
                ],
                [
                    359.04,
                    74.952
                ],
                [
                    356.928,
                    0
                ],
                [
                    979.968,
                    0
                ],
                [
                    984.96,
                    7.992
                ],
                [
                    984.96,
                    12.96
                ],
                [
                    993.024,
                    19.98
                ],
                [
                    994.944,
                    30.023999999999997
                ],
                [
                    1004.928,
                    42.01199999999999
                ],
                [
                    1014.9119999999999,
                    46.007999999999996
                ],
                [
                    1027.968,
                    46.007999999999996
                ],
                [
                    1032.96,
                    42.984
                ],
                [
                    1062.912,
                    43.956
                ],
                [
                    1083.0720000000001,
                    54.972
                ],
                [
                    1088.0639999999999,
                    61.02
                ],
                [
                    1088.0639999999999,
                    96.98400000000001
                ],
                [
                    1083.0720000000001,
                    115.02
                ],
                [
                    1075.0079999999998,
                    122.04
                ],
                [
                    1057.92,
                    127.008
                ],
                [
                    1045.056,
                    127.008
                ],
                [
                    1025.0880000000002,
                    124.956
                ],
                [
                    1022.9760000000001,
                    122.04
                ],
                [
                    1017.984,
                    119.988
                ],
                [
                    1003.0079999999999,
                    120.96000000000001
                ],
                [
                    988.0319999999999,
                    124.956
                ],
                [
                    973.056,
                    134.028
                ],
                [
                    963.0720000000001,
                    135.972
                ],
                [
                    916.9920000000001,
                    154.008
                ],
                [
                    879.9359999999999,
                    162.972
                ],
                [
                    859.9680000000001,
                    165.996
                ],
                [
                    734.976,
                    168.04799999999997
                ],
                [
                    721.92,
                    165.024
                ],
                [
                    710.0160000000001,
                    165.996
                ],
                [
                    700.0319999999999,
                    169.99200000000002
                ],
                [
                    691.968,
                    169.99200000000002
                ]
            ]
        }
    ]
}