{
    "IMAGE_INFO": {
        "FILE_NAME": "1061247@0_04001_220907_P1_T3__3365.jpg",
        "DATE": "2022-10-24 18:32:22",
        "RESOLUTION": "1920 x 1080",
        "IMAGE_PHOTOGRAPHER": "홍왕기",
        "FOCUS_DISTANCE": "5.6",
        "EXPOSURE_TIME": "1/400",
        "SENSITIVITY_ISO": "4000",
        "PLACE": "용인시재활용센터",
        "REGION_NAME": null,
        "Direction": "0",
        "HEIGHT": "100",
        "DAY/NIGHT": "주간",
        "WEATHER": "맑음",
        "IMAGE_HEIGHT": 1080,
        "IMAGE_WIDTH": 1920,
        "IMAGE_SIZE": "546.1 KB"
    },
    "ANNOTATION_INFO": [
        {
            "ID": "1",
            "CLASS": "플라스틱",
            "DETAILS": "PE",
            "DAMAGE": "찌그러짐",
            "DIRTINESS": "오염없음",
            "COVER": "없음",
            "TRANSPARENCY": "불투명",
            "SHAPE": "튜브형",
            "SHAPE_TYPE": "POLYGON",
            "POINTS": [
                [
                    514.944,
                    312.012
                ],
                [
                    500.92800000000005,
                    308.016
                ],
                [
                    495.9359999999999,
                    308.016
                ],
                [
                    471.936,
                    300.024
                ],
                [
                    460.03200000000004,
                    293.00399999999996
                ],
                [
                    455.03999999999996,
                    292.032
                ],
                [
                    441.984,
                    284.04
                ],
                [
                    418.944,
                    273.996
                ],
                [
                    387.072,
                    258.012
                ],
                [
                    383.04,
                    254.988
                ],
                [
                    366.912,
                    249.048
                ],
                [
                    347.904,
                    239.976
                ],
                [
                    344.064,
                    235.00799999999998
                ],
                [
                    337.91999999999996,
                    231.012
                ],
                [
                    327.93600000000004,
                    227.988
                ],
                [
                    325.05600000000004,
                    226.044
                ],
                [
                    331.008,
                    200.016
                ],
                [
                    335.03999999999996,
                    193.96800000000002
                ],
                [
                    337.91999999999996,
                    174.96
                ],
                [
                    342.91200000000003,
                    166.968
                ],
                [
                    345.024,
                    158.976
                ],
                [
                    350.01599999999996,
                    154.98
                ],
                [
                    355.968,
                    146.016
                ],
                [
                    366.912,
                    139.968
                ],
                [
                    377.08799999999997,
                    139.968
                ],
                [
                    390.91200000000003,
                    145.044
                ],
                [
                    398.016,
                    150.012
                ],
                [
                    408.96,
                    153.036
                ],
                [
                    417.024,
                    158.00400000000002
                ],
                [
                    427.96799999999996,
                    162
                ],
                [
                    436.032,
                    166.968
                ],
                [
                    451.968,
                    172.04399999999998
                ],
                [
                    493.0559999999999,
                    192.996
                ],
                [
                    502.08000000000004,
                    196.01999999999998
                ],
                [
                    510.91200000000003,
                    201.96
                ],
                [
                    532.9920000000001,
                    211.03199999999998
                ],
                [
                    547.968,
                    223.01999999999998
                ],
                [
                    551.04,
                    223.01999999999998
                ],
                [
                    553.92,
                    226.044
                ],
                [
                    555.072,
                    230.04
                ],
                [
                    558.912,
                    231.98399999999998
                ],
                [
                    565.056,
                    239.976
                ],
                [
                    566.016,
                    243.97199999999998
                ],
                [
                    566.016,
                    253.044
                ],
                [
                    562.9440000000001,
                    261.036
                ],
                [
                    562.9440000000001,
                    270.97200000000004
                ],
                [
                    570.048,
                    278.964
                ],
                [
                    570.048,
                    285.012
                ],
                [
                    566.016,
                    293.976
                ],
                [
                    560.0640000000001,
                    297.972
                ],
                [
                    548.928,
                    297.972
                ],
                [
                    546.048,
                    299.05199999999996
                ],
                [
                    532.032,
                    308.016
                ],
                [
                    518.976,
                    312.012
                ],
                [
                    514.944,
                    312.012
                ]
            ]
        }
    ]
}