{
    "IMAGE_INFO": {
        "FILE_NAME": "1061313@0_04001_220907_P1_T3__3542.jpg",
        "DATE": "2022-10-24 18:32:42",
        "RESOLUTION": "1920 x 1080",
        "IMAGE_PHOTOGRAPHER": "홍왕기",
        "FOCUS_DISTANCE": "5.6",
        "EXPOSURE_TIME": "1/400",
        "SENSITIVITY_ISO": "4000",
        "PLACE": "용인시재활용센터",
        "REGION_NAME": null,
        "Direction": "0",
        "HEIGHT": "100",
        "DAY/NIGHT": "주간",
        "WEATHER": "맑음",
        "IMAGE_HEIGHT": 1080,
        "IMAGE_WIDTH": 1920,
        "IMAGE_SIZE": "500.4 KB"
    },
    "ANNOTATION_INFO": [
        {
            "ID": "1",
            "CLASS": "플라스틱",
            "DETAILS": "PE",
            "DAMAGE": "원형",
            "DIRTINESS": "이물질(외부)",
            "COVER": "없음",
            "TRANSPARENCY": "불투명",
            "SHAPE": "일반용기형",
            "SHAPE_TYPE": "POLYGON",
            "POINTS": [
                [
                    1122.048,
                    890.028
                ],
                [
                    1113.9840000000002,
                    887.976
                ],
                [
                    1112.064,
                    886.032
                ],
                [
                    1108.032,
                    883.98
                ],
                [
                    1105.9199999999998,
                    879.012
                ],
                [
                    1095.936,
                    866.0519999999999
                ],
                [
                    1070.9759999999999,
                    821.9879999999999
                ],
                [
                    1068.096,
                    816.048
                ],
                [
                    1068.096,
                    813.024
                ],
                [
                    1059.072,
                    798.0120000000001
                ],
                [
                    1056,
                    789.048
                ],
                [
                    1054.0800000000002,
                    776.952
                ],
                [
                    1054.0800000000002,
                    762.048
                ],
                [
                    1057.92,
                    756
                ],
                [
                    1059.072,
                    756
                ],
                [
                    1061.952,
                    752.976
                ],
                [
                    1095.936,
                    732.024
                ],
                [
                    1100.928,
                    728.028
                ],
                [
                    1105.9199999999998,
                    725.976
                ],
                [
                    1113.9840000000002,
                    717.9839999999999
                ],
                [
                    1118.9759999999999,
                    716.0400000000001
                ],
                [
                    1124.9279999999999,
                    716.0400000000001
                ],
                [
                    1128,
                    717.9839999999999
                ],
                [
                    1128,
                    721.98
                ],
                [
                    1129.92,
                    724.032
                ],
                [
                    1137.984,
                    737.964
                ],
                [
                    1137.984,
                    740.988
                ],
                [
                    1142.016,
                    744.012
                ],
                [
                    1142.976,
                    748.008
                ],
                [
                    1146.048,
                    749.952
                ],
                [
                    1146.048,
                    752.976
                ],
                [
                    1150.08,
                    758.052
                ],
                [
                    1160.0639999999999,
                    775.98
                ],
                [
                    1163.904,
                    779.976
                ],
                [
                    1163.904,
                    783
                ],
                [
                    1167.936,
                    787.9680000000001
                ],
                [
                    1190.016,
                    825.984
                ],
                [
                    1194.048,
                    830.952
                ],
                [
                    1195.968,
                    837
                ],
                [
                    1194.048,
                    840.024
                ],
                [
                    1194.048,
                    843.048
                ],
                [
                    1190.016,
                    848.988
                ],
                [
                    1190.016,
                    849.96
                ],
                [
                    1180.0320000000002,
                    857.952
                ],
                [
                    1174.0800000000002,
                    861.948
                ],
                [
                    1170.048,
                    866.0519999999999
                ],
                [
                    1166.0159999999998,
                    867.996
                ],
                [
                    1153.92,
                    875.988
                ],
                [
                    1131.072,
                    887.976
                ],
                [
                    1126.08,
                    887.976
                ],
                [
                    1124.9279999999999,
                    890.028
                ],
                [
                    1122.048,
                    890.028
                ]
            ]
        }
    ]
}