{
    "IMAGE_INFO": {
        "FILE_NAME": "1061210@0_04001_220907_P1_T3__3375.jpg",
        "DATE": "2022-10-24 18:32:22",
        "RESOLUTION": "1920 x 1080",
        "IMAGE_PHOTOGRAPHER": "홍왕기",
        "FOCUS_DISTANCE": "5.6",
        "EXPOSURE_TIME": "1/400",
        "SENSITIVITY_ISO": "4000",
        "PLACE": "용인시재활용센터",
        "REGION_NAME": null,
        "Direction": "0",
        "HEIGHT": "100",
        "DAY/NIGHT": "주간",
        "WEATHER": "맑음",
        "IMAGE_HEIGHT": 1080,
        "IMAGE_WIDTH": 1920,
        "IMAGE_SIZE": "578.0 KB"
    },
    "ANNOTATION_INFO": [
        {
            "ID": "1",
            "CLASS": "플라스틱",
            "DETAILS": "PE",
            "DAMAGE": "원형",
            "DIRTINESS": "이물질(외부)",
            "COVER": "겹침",
            "TRANSPARENCY": "불투명",
            "SHAPE": "일반용기형",
            "SHAPE_TYPE": "POLYGON",
            "POINTS": [
                [
                    1059.072,
                    621.972
                ],
                [
                    1056,
                    616.032
                ],
                [
                    1056,
                    596.0519999999999
                ],
                [
                    1051.968,
                    573.048
                ],
                [
                    1046.976,
                    466.02
                ],
                [
                    1041.984,
                    452.952
                ],
                [
                    1040.0639999999999,
                    380.05199999999996
                ],
                [
                    1041.0240000000001,
                    375.94800000000004
                ],
                [
                    1059.072,
                    366.012
                ],
                [
                    1071.9360000000001,
                    362.988
                ],
                [
                    1076.9279999999999,
                    355.968
                ],
                [
                    1078.08,
                    327.024
                ],
                [
                    1081.92,
                    324
                ],
                [
                    1089.984,
                    321.948
                ],
                [
                    1113.9840000000002,
                    321.948
                ],
                [
                    1122.048,
                    324
                ],
                [
                    1126.08,
                    327.99600000000004
                ],
                [
                    1129.92,
                    355.968
                ],
                [
                    1137.024,
                    362.988
                ],
                [
                    1148.928,
                    366.012
                ],
                [
                    1156.032,
                    366.012
                ],
                [
                    1166.976,
                    371.952
                ],
                [
                    1171.968,
                    385.992
                ],
                [
                    1174.0800000000002,
                    525.96
                ],
                [
                    1177.92,
                    604.044
                ],
                [
                    1171.968,
                    612.036
                ],
                [
                    1161.0240000000001,
                    616.032
                ],
                [
                    1142.016,
                    617.976
                ],
                [
                    1136.064,
                    616.032
                ],
                [
                    1088.0639999999999,
                    617.976
                ],
                [
                    1061.952,
                    620.028
                ],
                [
                    1059.072,
                    621.972
                ]
            ]
        }
    ]
}