{
    "IMAGE_INFO": {
        "FILE_NAME": "1061464@0_04001_220907_P1_T3__3378.jpg",
        "DATE": "2022-10-24 18:32:22",
        "RESOLUTION": "1920 x 1080",
        "IMAGE_PHOTOGRAPHER": "홍왕기",
        "FOCUS_DISTANCE": "5.6",
        "EXPOSURE_TIME": "1/400",
        "SENSITIVITY_ISO": "4000",
        "PLACE": "용인시재활용센터",
        "REGION_NAME": null,
        "Direction": "0",
        "HEIGHT": "100",
        "DAY/NIGHT": "주간",
        "WEATHER": "맑음",
        "IMAGE_HEIGHT": 1080,
        "IMAGE_WIDTH": 1920,
        "IMAGE_SIZE": "558.4 KB"
    },
    "ANNOTATION_INFO": [
        {
            "ID": "1",
            "CLASS": "플라스틱",
            "DETAILS": "PE",
            "DAMAGE": "원형",
            "DIRTINESS": "오염없음",
            "COVER": "겹침",
            "TRANSPARENCY": "불투명",
            "SHAPE": "일반용기형",
            "SHAPE_TYPE": "POLYGON",
            "POINTS": [
                [
                    1095.936,
                    1080
                ],
                [
                    1095.936,
                    1072.008
                ],
                [
                    1094.976,
                    1071.036
                ],
                [
                    1094.0159999999998,
                    1059.048
                ],
                [
                    1093.056,
                    1045.008
                ],
                [
                    1093.056,
                    1040.04
                ],
                [
                    1094.0159999999998,
                    1038.96
                ],
                [
                    1094.0159999999998,
                    1033.992
                ],
                [
                    1091.904,
                    1028.052
                ],
                [
                    1091.904,
                    1007.964
                ],
                [
                    1088.0639999999999,
                    987.9839999999999
                ],
                [
                    1086.912,
                    982.044
                ],
                [
                    1085.952,
                    974.052
                ],
                [
                    1083.0720000000001,
                    944.028
                ],
                [
                    1080,
                    920.052
                ],
                [
                    1079.0400000000002,
                    910.98
                ],
                [
                    1079.0400000000002,
                    891
                ],
                [
                    1080,
                    888.9480000000001
                ],
                [
                    1083.0720000000001,
                    887.004
                ],
                [
                    1089.984,
                    883.98
                ],
                [
                    1094.0159999999998,
                    883.008
                ],
                [
                    1099.008,
                    879.9839999999999
                ],
                [
                    1103.04,
                    879.012
                ],
                [
                    1109.952,
                    875.988
                ],
                [
                    1112.064,
                    874.044
                ],
                [
                    1113.9840000000002,
                    872.964
                ],
                [
                    1116.096,
                    871.02
                ],
                [
                    1117.056,
                    867.996
                ],
                [
                    1118.016,
                    867.024
                ],
                [
                    1118.9759999999999,
                    864
                ],
                [
                    1118.9759999999999,
                    860.004
                ],
                [
                    1118.016,
                    836.028
                ],
                [
                    1118.9759999999999,
                    833.976
                ],
                [
                    1119.9360000000001,
                    833.976
                ],
                [
                    1122.048,
                    833.004
                ],
                [
                    1129.92,
                    832.0319999999999
                ],
                [
                    1166.976,
                    832.0319999999999
                ],
                [
                    1169.088,
                    833.976
                ],
                [
                    1170.048,
                    837
                ],
                [
                    1171.008,
                    839.052
                ],
                [
                    1171.968,
                    843.048
                ],
                [
                    1171.968,
                    864.972
                ],
                [
                    1172.9279999999999,
                    867.024
                ],
                [
                    1177.92,
                    871.02
                ],
                [
                    1180.0320000000002,
                    874.044
                ],
                [
                    1180.992,
                    875.0160000000001
                ],
                [
                    1182.912,
                    875.988
                ],
                [
                    1188.096,
                    876.96
                ],
                [
                    1193.088,
                    879.012
                ],
                [
                    1195.968,
                    879.9839999999999
                ],
                [
                    1199.0400000000002,
                    879.9839999999999
                ],
                [
                    1200.9599999999998,
                    880.956
                ],
                [
                    1204.032,
                    883.008
                ],
                [
                    1206.912,
                    883.008
                ],
                [
                    1209.0240000000001,
                    883.98
                ],
                [
                    1210.944,
                    883.98
                ],
                [
                    1213.056,
                    884.952
                ],
                [
                    1214.0159999999998,
                    886.032
                ],
                [
                    1214.976,
                    887.976
                ],
                [
                    1215.936,
                    888.9480000000001
                ],
                [
                    1217.088,
                    901.0440000000001
                ],
                [
                    1218.048,
                    917.028
                ],
                [
                    1218.048,
                    940.0319999999999
                ],
                [
                    1219.008,
                    956.016
                ],
                [
                    1219.008,
                    1002.024
                ],
                [
                    1220.928,
                    1022.976
                ],
                [
                    1220.928,
                    1052.028
                ],
                [
                    1222.08,
                    1068.012
                ],
                [
                    1224,
                    1080
                ],
                [
                    1095.936,
                    1080
                ]
            ]
        }
    ]
}