{
    "IMAGE_INFO": {
        "FILE_NAME": "1061373@0_04001_220907_P1_T3__3317.jpg",
        "DATE": "2022-10-24 18:32:16",
        "RESOLUTION": "1920 x 1080",
        "IMAGE_PHOTOGRAPHER": "홍왕기",
        "FOCUS_DISTANCE": "5.6",
        "EXPOSURE_TIME": "1/400",
        "SENSITIVITY_ISO": "4000",
        "PLACE": "용인시재활용센터",
        "REGION_NAME": null,
        "Direction": "0",
        "HEIGHT": "100",
        "DAY/NIGHT": "주간",
        "WEATHER": "맑음",
        "IMAGE_HEIGHT": 1080,
        "IMAGE_WIDTH": 1920,
        "IMAGE_SIZE": "577.5 KB"
    },
    "ANNOTATION_INFO": [
        {
            "ID": "1",
            "CLASS": "플라스틱",
            "DETAILS": "PE",
            "DAMAGE": "원형",
            "DIRTINESS": "이물질(외부)",
            "COVER": "겹침",
            "TRANSPARENCY": "불투명",
            "SHAPE": "스프레이용기형",
            "SHAPE_TYPE": "POLYGON",
            "POINTS": [
                [
                    469.056,
                    705.024
                ],
                [
                    464.064,
                    704.052
                ],
                [
                    462.91200000000003,
                    699.948
                ],
                [
                    455.03999999999996,
                    690.0120000000001
                ],
                [
                    450.048,
                    687.96
                ],
                [
                    432.96000000000004,
                    670.0319999999999
                ],
                [
                    432,
                    666.0360000000001
                ],
                [
                    412.992,
                    643.032
                ],
                [
                    414.912,
                    637.956
                ],
                [
                    421.056,
                    639.0360000000001
                ],
                [
                    423.936,
                    641.952
                ],
                [
                    427.008,
                    641.952
                ],
                [
                    435.072,
                    645.948
                ],
                [
                    444.096,
                    652.9680000000001
                ],
                [
                    462.91200000000003,
                    660.96
                ],
                [
                    465.984,
                    660.96
                ],
                [
                    475.00800000000004,
                    656.9639999999999
                ],
                [
                    480.96,
                    644.976
                ],
                [
                    489.02399999999994,
                    636.984
                ],
                [
                    504,
                    609.9839999999999
                ],
                [
                    504,
                    594
                ],
                [
                    493.0559999999999,
                    582.9839999999999
                ],
                [
                    493.0559999999999,
                    578.016
                ],
                [
                    505.92,
                    563.976
                ],
                [
                    512.064,
                    551.9879999999999
                ],
                [
                    512.064,
                    543.9960000000001
                ],
                [
                    502.08000000000004,
                    532.0079999999999
                ],
                [
                    475.968,
                    508.032
                ],
                [
                    475.968,
                    496.044
                ],
                [
                    507.072,
                    447.984
                ],
                [
                    528.96,
                    419.04
                ],
                [
                    534.912,
                    408.996
                ],
                [
                    537.984,
                    398.952
                ],
                [
                    541.056,
                    397.008
                ],
                [
                    541.056,
                    393.98400000000004
                ],
                [
                    567.936,
                    350.028
                ],
                [
                    585.024,
                    334.04400000000004
                ],
                [
                    595.9680000000001,
                    320.004
                ],
                [
                    604.0319999999999,
                    304.02
                ],
                [
                    624.96,
                    274.968
                ],
                [
                    630.912,
                    269.02799999999996
                ],
                [
                    641.088,
                    263.952
                ],
                [
                    643.968,
                    263.952
                ],
                [
                    678.912,
                    284.04
                ],
                [
                    694.0799999999999,
                    294.94800000000004
                ],
                [
                    716.928,
                    307.044
                ],
                [
                    792,
                    355.968
                ],
                [
                    788.928,
                    370.00800000000004
                ],
                [
                    788.928,
                    389.016
                ],
                [
                    759.9359999999999,
                    429.94800000000004
                ],
                [
                    748.032,
                    451.97999999999996
                ],
                [
                    720,
                    488.052
                ],
                [
                    715.9680000000001,
                    497.016
                ],
                [
                    696,
                    524.9879999999999
                ],
                [
                    687.936,
                    540
                ],
                [
                    665.088,
                    571.968
                ],
                [
                    643.968,
                    605.988
                ],
                [
                    638.976,
                    608.04
                ],
                [
                    630.912,
                    608.04
                ],
                [
                    620.928,
                    605.988
                ],
                [
                    598.08,
                    596.0519999999999
                ],
                [
                    588.096,
                    594.972
                ],
                [
                    584.0640000000001,
                    591.948
                ],
                [
                    579.072,
                    591.948
                ],
                [
                    566.976,
                    609.9839999999999
                ],
                [
                    555.072,
                    620.028
                ],
                [
                    550.0799999999999,
                    623.052
                ],
                [
                    541.056,
                    623.052
                ],
                [
                    536.064,
                    625.968
                ],
                [
                    527.0400000000001,
                    627.048
                ],
                [
                    513.024,
                    639.0360000000001
                ],
                [
                    499.00800000000004,
                    655.0200000000001
                ],
                [
                    489.984,
                    671.0039999999999
                ],
                [
                    489.02399999999994,
                    683.9639999999999
                ],
                [
                    483.072,
                    702
                ],
                [
                    475.00800000000004,
                    705.024
                ],
                [
                    469.056,
                    705.024
                ]
            ]
        }
    ]
}