{
    "IMAGE_INFO": {
        "FILE_NAME": "1061467@0_04001_220907_P1_T3__3536.jpg",
        "DATE": "2022-10-24 18:32:42",
        "RESOLUTION": "1920 x 1080",
        "IMAGE_PHOTOGRAPHER": "홍왕기",
        "FOCUS_DISTANCE": "5.6",
        "EXPOSURE_TIME": "1/400",
        "SENSITIVITY_ISO": "4000",
        "PLACE": "용인시재활용센터",
        "REGION_NAME": null,
        "Direction": "0",
        "HEIGHT": "100",
        "DAY/NIGHT": "주간",
        "WEATHER": "맑음",
        "IMAGE_HEIGHT": 1080,
        "IMAGE_WIDTH": 1920,
        "IMAGE_SIZE": "522.7 KB"
    },
    "ANNOTATION_INFO": [
        {
            "ID": "1",
            "CLASS": "플라스틱",
            "DETAILS": "PE",
            "DAMAGE": "원형",
            "DIRTINESS": "오염없음",
            "COVER": "겹침",
            "TRANSPARENCY": "불투명",
            "SHAPE": "일반용기형",
            "SHAPE_TYPE": "POLYGON",
            "POINTS": [
                [
                    745.9200000000001,
                    165.024
                ],
                [
                    742.08,
                    164.05200000000002
                ],
                [
                    739.9680000000001,
                    162
                ],
                [
                    735.9359999999999,
                    158.976
                ],
                [
                    729.9839999999999,
                    151.956
                ],
                [
                    711.936,
                    127.97999999999999
                ],
                [
                    701.952,
                    116.964
                ],
                [
                    696,
                    110.052
                ],
                [
                    687.936,
                    97.956
                ],
                [
                    663.936,
                    68.04
                ],
                [
                    660.096,
                    61.992
                ],
                [
                    657.984,
                    54
                ],
                [
                    666.048,
                    38.016000000000005
                ],
                [
                    686.976,
                    15.984
                ],
                [
                    696,
                    10.043999999999999
                ],
                [
                    700.0319999999999,
                    7.992
                ],
                [
                    704.0640000000001,
                    7.992
                ],
                [
                    705.984,
                    3.996
                ],
                [
                    714.048,
                    2.052
                ],
                [
                    723.072,
                    0
                ],
                [
                    729.024,
                    2.052
                ],
                [
                    740.928,
                    14.04
                ],
                [
                    753.024,
                    30.023999999999997
                ],
                [
                    769.9200000000001,
                    46.007999999999996
                ],
                [
                    779.904,
                    57.995999999999995
                ],
                [
                    797.952,
                    81.972
                ],
                [
                    807.936,
                    92.988
                ],
                [
                    812.928,
                    99.036
                ],
                [
                    814.0799999999999,
                    101.952
                ],
                [
                    814.0799999999999,
                    114.048
                ],
                [
                    812.928,
                    118.044
                ],
                [
                    807.936,
                    127.97999999999999
                ],
                [
                    804.096,
                    134.028
                ],
                [
                    788.928,
                    147.96
                ],
                [
                    782.976,
                    153.036
                ],
                [
                    777.984,
                    154.008
                ],
                [
                    773.952,
                    158.976
                ],
                [
                    771.072,
                    159.948
                ],
                [
                    768,
                    162
                ],
                [
                    763.968,
                    164.05200000000002
                ],
                [
                    758.976,
                    165.024
                ],
                [
                    745.9200000000001,
                    165.024
                ]
            ]
        },
        {
            "ID": "2",
            "CLASS": "플라스틱",
            "DETAILS": "PE",
            "DAMAGE": "원형",
            "DIRTINESS": "이물질(외부)",
            "COVER": "없음",
            "TRANSPARENCY": "불투명",
            "SHAPE": "일반용기형",
            "SHAPE_TYPE": "POLYGON",
            "POINTS": [
                [
                    672.9599999999999,
                    744.012
                ],
                [
                    615.9359999999999,
                    743.04
                ],
                [
                    610.944,
                    740.988
                ],
                [
                    595.9680000000001,
                    740.0160000000001
                ],
                [
                    575.04,
                    736.02
                ],
                [
                    566.976,
                    732.996
                ],
                [
                    556.9920000000001,
                    732.024
                ],
                [
                    523.0079999999999,
                    722.952
                ],
                [
                    437.952,
                    690.0120000000001
                ],
                [
                    427.008,
                    682.992
                ],
                [
                    425.088,
                    679.9680000000001
                ],
                [
                    425.088,
                    659.016
                ],
                [
                    433.92,
                    636.012
                ],
                [
                    435.072,
                    624.996
                ],
                [
                    445.05600000000004,
                    605.0160000000001
                ],
                [
                    452.928,
                    578.988
                ],
                [
                    456.96,
                    574.992
                ],
                [
                    465.024,
                    548.9639999999999
                ],
                [
                    471.936,
                    536.004
                ],
                [
                    473.088,
                    525.96
                ],
                [
                    476.928,
                    521.964
                ],
                [
                    480,
                    505.00800000000004
                ],
                [
                    488.06399999999996,
                    489.996
                ],
                [
                    499.968,
                    482.976
                ],
                [
                    512.064,
                    482.976
                ],
                [
                    555.072,
                    493.99199999999996
                ],
                [
                    603.072,
                    509.976
                ],
                [
                    634.944,
                    523.044
                ],
                [
                    648,
                    529.956
                ],
                [
                    670.0799999999999,
                    537.948
                ],
                [
                    702.9119999999999,
                    558.0360000000001
                ],
                [
                    708.096,
                    563.004
                ],
                [
                    713.088,
                    575.9639999999999
                ],
                [
                    723.072,
                    610.956
                ],
                [
                    725.952,
                    617.004
                ],
                [
                    734.016,
                    624.996
                ],
                [
                    748.992,
                    632.0160000000001
                ],
                [
                    763.0079999999999,
                    635.04
                ],
                [
                    768.96,
                    637.956
                ],
                [
                    787.968,
                    640.008
                ],
                [
                    792.9599999999999,
                    643.032
                ],
                [
                    793.92,
                    651.024
                ],
                [
                    801.024,
                    656.9639999999999
                ],
                [
                    834.048,
                    668.952
                ],
                [
                    840.96,
                    674.028
                ],
                [
                    839.04,
                    705.996
                ],
                [
                    831.936,
                    725.004
                ],
                [
                    824.0640000000001,
                    733.968
                ],
                [
                    816,
                    735.048
                ],
                [
                    811.008,
                    733.968
                ],
                [
                    777.984,
                    724.032
                ],
                [
                    753.984,
                    722.952
                ],
                [
                    690.048,
                    735.048
                ],
                [
                    672.9599999999999,
                    744.012
                ]
            ]
        }
    ]
}