{
    "IMAGE_INFO": {
        "FILE_NAME": "1004109@0_01002_220907_P1_T3__0877.jpg",
        "DATE": "2022-10-24 18:11:36",
        "RESOLUTION": "1920 x 1080",
        "IMAGE_PHOTOGRAPHER": "이지은",
        "FOCUS_DISTANCE": "5.6",
        "EXPOSURE_TIME": "1/400",
        "SENSITIVITY_ISO": "4000",
        "PLACE": "용인시재활용센터",
        "REGION_NAME": null,
        "Direction": "0",
        "HEIGHT": "100",
        "DAY/NIGHT": "주간",
        "WEATHER": "맑음",
        "IMAGE_HEIGHT": 1080,
        "IMAGE_WIDTH": 1920,
        "IMAGE_SIZE": "575.0 KB"
    },
    "ANNOTATION_INFO": [
        {
            "ID": "1",
            "CLASS": "금속캔",
            "DETAILS": "알루미늄캔",
            "DAMAGE": "찌그러짐",
            "DIRTINESS": "오염없음",
            "COVER": "없음",
            "TRANSPARENCY": "불투명",
            "SHAPE": "뚱뚱한 원통형",
            "SHAPE_TYPE": "BOX",
            "POINTS": [
                [
                    213.07759120879123,
                    317.6195503788204,
                    247.76671648351655,
                    263.31428571428586
                ]
            ]
        }
    ]
}