{
    "IMAGE_INFO": {
        "FILE_NAME": "1011360@0_01002_220906_P1_T3__2302.jpg",
        "DATE": "2022-10-21 12:27:17",
        "RESOLUTION": "1920 x 1080",
        "IMAGE_PHOTOGRAPHER": "김건무",
        "FOCUS_DISTANCE": "5.0",
        "EXPOSURE_TIME": "1/320",
        "SENSITIVITY_ISO": "6400",
        "PLACE": "삼오자원",
        "REGION_NAME": null,
        "Direction": "0",
        "HEIGHT": "100",
        "DAY/NIGHT": "주간",
        "WEATHER": "맑음",
        "IMAGE_HEIGHT": 1080,
        "IMAGE_WIDTH": 1920,
        "IMAGE_SIZE": "530.1 KB"
    },
    "ANNOTATION_INFO": [
        {
            "ID": "1",
            "CLASS": "금속캔",
            "DETAILS": "알루미늄캔",
            "DAMAGE": "찌그러짐",
            "DIRTINESS": "오염없음",
            "COVER": "없음",
            "TRANSPARENCY": "불투명",
            "SHAPE": "뚱뚱한 원통형",
            "SHAPE_TYPE": "POLYGON",
            "POINTS": [
                [
                    509.14184170212775,
                    357.07054978723403
                ],
                [
                    516.1695319148937,
                    332.47363404255316
                ],
                [
                    519.6833770212768,
                    321.43012085106375
                ],
                [
                    524.2011778723405,
                    318.4182536170212
                ],
                [
                    530.7268902127662,
                    318.4182536170212
                ],
                [
                    565.865341276596,
                    304.8648510638297
                ],
                [
                    575.9048987234045,
                    305.86880680851056
                ],
                [
                    598.995880851064,
                    305.86880680851056
                ],
                [
                    623.0908187234045,
                    300.3470502127659
                ],
                [
                    641.1620221276598,
                    299.34309446808504
                ],
                [
                    662.2450927659577,
                    299.34309446808504
                ],
                [
                    687.3439863829791,
                    303.8608953191488
                ],
                [
                    749.0872646808514,
                    319.9241872340425
                ],
                [
                    773.1822025531917,
                    326.95187744680845
                ],
                [
                    782.2178042553195,
                    335.4855012765957
                ],
                [
                    785.7316493617025,
                    348.53692595744684
                ],
                [
                    792.2573617021279,
                    355.56461617021273
                ],
                [
                    795.7712068085109,
                    367.1101072340425
                ],
                [
                    797.2771404255323,
                    389.69911148936166
                ],
                [
                    795.7712068085109,
                    419.8177838297873
                ],
                [
                    787.7395608510641,
                    454.4542570212766
                ],
                [
                    781.715826382979,
                    464.99579234042557
                ],
                [
                    777.1980255319152,
                    465.9997480851064
                ],
                [
                    770.6723131914897,
                    478.549194893617
                ],
                [
                    766.1545123404259,
                    484.07095148936173
                ],
                [
                    750.0912204255321,
                    487.58479659574476
                ],
                [
                    713.9488136170215,
                    490.59666382978725
                ],
                [
                    687.3439863829791,
                    490.59666382978725
                ],
                [
                    667.7668493617024,
                    487.08281872340433
                ],
                [
                    634.6363097872343,
                    485.0749072340426
                ],
                [
                    594.4780800000002,
                    478.0472170212766
                ],
                [
                    571.8890757446811,
                    476.5412834042553
                ],
                [
                    561.8495182978726,
                    473.0274382978724
                ],
                [
                    550.3040272340427,
                    460.97996936170216
                ],
                [
                    523.1972221276598,
                    443.9127217021277
                ],
                [
                    511.14975319148954,
                    438.8929429787234
                ],
                [
                    503.62008510638316,
                    428.8533855319149
                ],
                [
                    501.11019574468105,
                    408.2722927659574
                ],
                [
                    502.6161293617023,
                    382.6714212765957
                ],
                [
                    506.1299744680854,
                    366.1061514893617
                ]
            ]
        },
        {
            "ID": "2",
            "CLASS": "금속캔",
            "DETAILS": "알루미늄캔",
            "DAMAGE": "찌그러짐",
            "DIRTINESS": "오염없음",
            "COVER": "없음",
            "TRANSPARENCY": "불투명",
            "SHAPE": "뚱뚱한 원통형",
            "SHAPE_TYPE": "POLYGON",
            "POINTS": [
                [
                    1052.6456374468085,
                    654.5144987234042
                ],
                [
                    1060.1753055319148,
                    623.8938485106383
                ],
                [
                    1062.685194893617,
                    613.3523131914894
                ],
                [
                    1064.6931063829786,
                    606.3246229787235
                ],
                [
                    1075.736619574468,
                    598.794954893617
                ],
                [
                    1116.3968272340426,
                    582.7316629787234
                ],
                [
                    1131.9581412765956,
                    575.7039727659575
                ],
                [
                    1152.037256170213,
                    571.1861719148936
                ],
                [
                    1168.1005480851065,
                    572.6921055319149
                ],
                [
                    1183.159884255319,
                    578.2138621276596
                ],
                [
                    1189.1836187234042,
                    587.7514417021276
                ],
                [
                    1197.2152646808509,
                    592.2692425531915
                ],
                [
                    1203.7409770212766,
                    598.2929770212767
                ],
                [
                    1230.345804255319,
                    641.4630740425532
                ],
                [
                    1250.4249191489364,
                    671.5817463829787
                ],
                [
                    1270.0020561702127,
                    724.2894229787235
                ],
                [
                    1273.5159012765957,
                    734.8309582978724
                ],
                [
                    1274.5198570212765,
                    749.8902944680852
                ],
                [
                    1284.5594144680852,
                    802.5979710638298
                ],
                [
                    1286.0653480851063,
                    818.6612629787235
                ],
                [
                    1280.5435914893617,
                    827.6968646808511
                ],
                [
                    1268.4961225531918,
                    842.7562008510639
                ],
                [
                    1264.9822774468087,
                    848.7799353191492
                ],
                [
                    1257.4526093617023,
                    858.8194927659578
                ],
                [
                    1247.4130519148937,
                    863.8392714893619
                ],
                [
                    1228.3378927659576,
                    873.8788289361705
                ],
                [
                    1208.7607557446809,
                    879.9025634042555
                ],
                [
                    1178.140105531915,
                    881.4084970212768
                ],
                [
                    1157.5590127659573,
                    879.9025634042555
                ],
                [
                    1144.5075880851064,
                    875.8867404255321
                ],
                [
                    1131.4561634042552,
                    873.8788289361705
                ],
                [
                    1114.3889157446808,
                    861.3293821276599
                ],
                [
                    1106.357269787234,
                    849.7838910638301
                ],
                [
                    1094.3098008510638,
                    834.2225770212768
                ],
                [
                    1097.3216680851065,
                    812.135550638298
                ],
                [
                    1081.2583761702128,
                    754.4080953191491
                ],
                [
                    1063.6891506382979,
                    710.736020425532
                ],
                [
                    1061.1792612765958,
                    697.1826178723405
                ],
                [
                    1062.1832170212767,
                    685.1351489361704
                ],
                [
                    1056.661460425532,
                    666.5619676595745
                ]
            ]
        }
    ]
}