{
    "IMAGE_INFO": {
        "FILE_NAME": "1011284@0_01002_220906_P1_T3__2307.jpg",
        "DATE": "2022-10-21 12:27:18",
        "RESOLUTION": "1920 x 1080",
        "IMAGE_PHOTOGRAPHER": "김건무",
        "FOCUS_DISTANCE": "5.0",
        "EXPOSURE_TIME": "1/320",
        "SENSITIVITY_ISO": "6400",
        "PLACE": "삼오자원",
        "REGION_NAME": null,
        "Direction": "0",
        "HEIGHT": "100",
        "DAY/NIGHT": "주간",
        "WEATHER": "맑음",
        "IMAGE_HEIGHT": 1080,
        "IMAGE_WIDTH": 1920,
        "IMAGE_SIZE": "529.8 KB"
    },
    "ANNOTATION_INFO": [
        {
            "ID": "1",
            "CLASS": "금속캔",
            "DETAILS": "알루미늄캔",
            "DAMAGE": "찌그러짐",
            "DIRTINESS": "오염없음",
            "COVER": "없음",
            "TRANSPARENCY": "불투명",
            "SHAPE": "홀쭉한 원통형",
            "SHAPE_TYPE": "POLYGON",
            "POINTS": [
                [
                    860.5685106382979,
                    963.0833361702128
                ],
                [
                    853.6663148936171,
                    946.1415829787234
                ],
                [
                    851.7838978723404,
                    932.3371914893615
                ],
                [
                    851.7838978723404,
                    924.1800510638298
                ],
                [
                    860.5685106382979,
                    934.2196085106384
                ],
                [
                    871.235540425532,
                    934.8470808510638
                ],
                [
                    876.8827914893617,
                    924.8075234042553
                ],
                [
                    891.9421276595746,
                    907.2382978723404
                ],
                [
                    910.138825531915,
                    897.1987404255318
                ],
                [
                    944.0223319148937,
                    877.7470978723404
                ],
                [
                    982.9256170212768,
                    865.8251234042552
                ],
                [
                    1003.6322042553193,
                    859.5504
                ],
                [
                    1028.103625531915,
                    858.2954553191489
                ],
                [
                    1040.0256000000002,
                    862.6877617021275
                ],
                [
                    1053.8299914893616,
                    870.217429787234
                ],
                [
                    1060.7321872340428,
                    884.6492936170212
                ],
                [
                    1063.8695489361703,
                    885.2767659574467
                ],
                [
                    1067.006910638298,
                    902.8459914893617
                ],
                [
                    1058.2222978723407,
                    959.3185021276596
                ],
                [
                    1052.5750468085107,
                    991.3195914893618
                ],
                [
                    1046.927795744681,
                    1010.1437617021277
                ],
                [
                    1036.8882382978725,
                    1017.673429787234
                ],
                [
                    1029.3585702127662,
                    1026.4580425531915
                ],
                [
                    1016.1816510638299,
                    1024.575625531915
                ],
                [
                    989.8278127659576,
                    1012.0261787234042
                ],
                [
                    972.8860595744684,
                    1013.9085957446808
                ],
                [
                    957.1992510638299,
                    1013.2811234042554
                ],
                [
                    940.2574978723404,
                    1010.1437617021277
                ],
                [
                    922.6882723404257,
                    1005.1239829787233
                ],
                [
                    909.5113531914894,
                    1002.6140936170212
                ],
                [
                    903.236629787234,
                    993.2020085106383
                ],
                [
                    898.8443234042554,
                    992.5745361702126
                ],
                [
                    873.1179574468085,
                    1008.8888170212765
                ],
                [
                    866.2157617021277,
                    1014.5360680851063
                ],
                [
                    853.0388425531917,
                    1019.5558468085106
                ],
                [
                    846.1366468085107,
                    1011.3987063829786
                ],
                [
                    848.6465361702128,
                    1003.8690382978724
                ],
                [
                    856.1762042553191,
                    999.4767319148935
                ],
                [
                    856.8036765957448,
                    981.9075063829788
                ],
                [
                    863.0784000000001,
                    973.7503659574467
                ]
            ]
        }
    ]
}