{
    "IMAGE_INFO": {
        "FILE_NAME": "1011419@0_01002_220906_P1_T3__2248.jpg",
        "DATE": "2022-10-21 12:27:10",
        "RESOLUTION": "1920 x 1080",
        "IMAGE_PHOTOGRAPHER": "김건무",
        "FOCUS_DISTANCE": "5.0",
        "EXPOSURE_TIME": "1/320",
        "SENSITIVITY_ISO": "6400",
        "PLACE": "삼오자원",
        "REGION_NAME": null,
        "Direction": "0",
        "HEIGHT": "100",
        "DAY/NIGHT": "주간",
        "WEATHER": "맑음",
        "IMAGE_HEIGHT": 1080,
        "IMAGE_WIDTH": 1920,
        "IMAGE_SIZE": "525.6 KB"
    },
    "ANNOTATION_INFO": [
        {
            "ID": "1",
            "CLASS": "금속캔",
            "DETAILS": "알루미늄캔",
            "DAMAGE": "찌그러짐",
            "DIRTINESS": "오염없음",
            "COVER": "없음",
            "TRANSPARENCY": "불투명",
            "SHAPE": "홀쭉한 원통형",
            "SHAPE_TYPE": "POLYGON",
            "POINTS": [
                [
                    632.5882008510638,
                    160.40552170212771
                ],
                [
                    638.611935319149,
                    150.8679421276596
                ],
                [
                    698.8492799999999,
                    114.22355744680851
                ],
                [
                    752.0589344680851,
                    90.12861957446809
                ],
                [
                    804.2646331914893,
                    69.04554893617022
                ],
                [
                    810.790345531915,
                    67.0376374468085
                ],
                [
                    815.8101242553192,
                    67.53961531914894
                ],
                [
                    817.8180357446809,
                    67.0376374468085
                ],
                [
                    823.8417702127659,
                    69.04554893617022
                ],
                [
                    834.8852834042553,
                    77.57917276595744
                ],
                [
                    845.9287965957449,
                    98.66224340425534
                ],
                [
                    856.4703319148937,
                    117.23542468085107
                ],
                [
                    861.9920885106385,
                    138.31849531914895
                ],
                [
                    864,
                    147.35409702127663
                ],
                [
                    864,
                    155.38574297872344
                ],
                [
                    860.9881327659576,
                    168.93914553191493
                ],
                [
                    832.3753940425532,
                    191.02617191489367
                ],
                [
                    784.1855182978722,
                    223.1527557446809
                ],
                [
                    735.4936646808511,
                    246.74571574468092
                ],
                [
                    712.9046604255319,
                    254.77736170212773
                ],
                [
                    689.8136782978723,
                    260.2991182978724
                ],
                [
                    683.7899438297871,
                    259.2951625531916
                ],
                [
                    678.2681872340426,
                    264.3149412765958
                ],
                [
                    673.2484085106382,
                    265.31889702127665
                ],
                [
                    658.1890723404255,
                    255.27933957446814
                ],
                [
                    635.0980902127659,
                    212.61122042553197
                ],
                [
                    633.5921565957445,
                    204.07759659574472
                ],
                [
                    625.5605106382978,
                    198.55584000000005
                ],
                [
                    624.556554893617,
                    192.03012765957453
                ],
                [
                    629.5763336170212,
                    188.5162825531915
                ],
                [
                    626.0624885106383,
                    181.48859234042558
                ],
                [
                    623.0506212765956,
                    172.95496851063834
                ],
                [
                    622.0466655319149,
                    163.91936680851066
                ],
                [
                    627.5684221276595,
                    160.40552170212771
                ]
            ]
        },
        {
            "ID": "2",
            "CLASS": "금속캔",
            "DETAILS": "알루미늄캔",
            "DAMAGE": "찌그러짐",
            "DIRTINESS": "오염없음",
            "COVER": "없음",
            "TRANSPARENCY": "불투명",
            "SHAPE": "홀쭉한 원통형",
            "SHAPE_TYPE": "POLYGON",
            "POINTS": [
                [
                    633.6122553191489,
                    1080.0603574468087
                ],
                [
                    643.0243404255318,
                    1039.9021276595745
                ],
                [
                    660.5935659574468,
                    1013.5482893617022
                ],
                [
                    670.0056510638298,
                    1009.783455319149
                ],
                [
                    697.6144340425532,
                    971.5076425531915
                ],
                [
                    745.3023319148937,
                    920.6823829787236
                ],
                [
                    757.8517787234043,
                    911.2702978723406
                ],
                [
                    800.5198978723404,
                    892.4461276595746
                ],
                [
                    806.1671489361702,
                    885.5439319148936
                ],
                [
                    817.4616510638299,
                    886.1714042553193
                ],
                [
                    838.1682382978724,
                    899.3483234042553
                ],
                [
                    873.9341617021277,
                    932.6043574468085
                ],
                [
                    906.5627234042553,
                    963.3505021276598
                ],
                [
                    906.5627234042553,
                    970.880170212766
                ],
                [
                    905.3077787234042,
                    975.8999489361704
                ],
                [
                    900.2880000000001,
                    981.5472000000001
                ],
                [
                    899.033055319149,
                    994.0966468085106
                ],
                [
                    894.6407489361702,
                    1011.6658723404256
                ],
                [
                    886.4836085106382,
                    1037.3922382978724
                ],
                [
                    882.0913021276596,
                    1049.941685106383
                ],
                [
                    868.9143829787233,
                    1076.922995744681
                ],
                [
                    868.2869106382979,
                    1081.3153021276596
                ]
            ]
        }
    ]
}