{
    "IMAGE_INFO": {
        "FILE_NAME": "1011171@0_01002_220906_P1_T3__1465.jpg",
        "DATE": "2022-10-21 12:17:07",
        "RESOLUTION": "1920 x 1080",
        "IMAGE_PHOTOGRAPHER": "김건무",
        "FOCUS_DISTANCE": "5.0",
        "EXPOSURE_TIME": "1/320",
        "SENSITIVITY_ISO": "6400",
        "PLACE": "삼오자원",
        "REGION_NAME": null,
        "Direction": "0",
        "HEIGHT": "100",
        "DAY/NIGHT": "주간",
        "WEATHER": "맑음",
        "IMAGE_HEIGHT": 1080,
        "IMAGE_WIDTH": 1920,
        "IMAGE_SIZE": "663.4 KB"
    },
    "ANNOTATION_INFO": [
        {
            "ID": "1",
            "CLASS": "금속캔",
            "DETAILS": "알루미늄캔",
            "DAMAGE": "찌그러짐",
            "DIRTINESS": "이물질(외부)",
            "COVER": "겹침",
            "TRANSPARENCY": "불투명",
            "SHAPE": "홀쭉한 원통형",
            "SHAPE_TYPE": "POLYGON",
            "POINTS": [
                [
                    471.82214882580706,
                    -0.8043350182575654
                ],
                [
                    471.82214882580706,
                    78.24618667492854
                ],
                [
                    487.7258040776906,
                    114.73104284101441
                ],
                [
                    559.2922527111668,
                    199.394619328983
                ],
                [
                    585.4865084201516,
                    216.23378371333033
                ],
                [
                    610.7452549966727,
                    215.2982745808666
                ],
                [
                    650.9721476926136,
                    203.13665585883794
                ],
                [
                    664.5370301133378,
                    168.05506339144767
                ],
                [
                    662.3853591086712,
                    146.53835334478163
                ],
                [
                    653.0302677840338,
                    128.9507816544633
                ],
                [
                    644.049380112382,
                    124.46033781863731
                ],
                [
                    627.5844193810201,
                    96.39506384472509
                ],
                [
                    614.4872915265278,
                    50.36801452750906
                ],
                [
                    584.4611904109718,
                    0.07504356625834083
                ]
            ]
        },
        {
            "ID": "2",
            "CLASS": "금속캔",
            "DETAILS": "알루미늄캔",
            "DAMAGE": "찌그러짐",
            "DIRTINESS": "이물질(외부)",
            "COVER": "없음",
            "TRANSPARENCY": "불투명",
            "SHAPE": "홀쭉한 원통형",
            "SHAPE_TYPE": "POLYGON",
            "POINTS": [
                [
                    681.1001383780143,
                    135.9111834077443
                ],
                [
                    688.6648950157877,
                    99.52830624512002
                ],
                [
                    725.7682251915335,
                    45.49433026102457
                ],
                [
                    739.096605934277,
                    39.010253142933124
                ],
                [
                    754.2261192098237,
                    27.122778426432124
                ],
                [
                    776.9203891231437,
                    23.520513360825763
                ],
                [
                    782.6840132281139,
                    30.004590478917216
                ],
                [
                    788.4476373330842,
                    62.78520257593513
                ],
                [
                    792.4101289052511,
                    68.54882668090532
                ],
                [
                    811.1419072464042,
                    68.90905318746594
                ],
                [
                    832.035044626921,
                    75.39313030555739
                ],
                [
                    851.1270494746349,
                    91.2430965942254
                ],
                [
                    861.2133916583329,
                    111.05555445506039
                ],
                [
                    865.8963362436211,
                    134.8305038880624
                ],
                [
                    865.5361097370604,
                    152.12137620297295
                ],
                [
                    859.052032618969,
                    165.80998345227712
                ],
                [
                    850.0463699549531,
                    173.73496659661112
                ],
                [
                    842.121386810619,
                    173.73496659661112
                ],
                [
                    831.3145916138,
                    192.46674493776422
                ],
                [
                    818.3464373776169,
                    200.75195458865883
                ],
                [
                    770.7965385116129,
                    219.48373292981194
                ],
                [
                    726.8489047112154,
                    222.36554498229702
                ],
                [
                    709.1978058897441,
                    220.56441244949386
                ],
                [
                    704.8750878110164,
                    169.41224851788348
                ],
                [
                    687.2239889895453,
                    156.8043207882612
                ],
                [
                    682.9012709108176,
                    148.15888463080594
                ]
            ]
        },
        {
            "ID": "3",
            "CLASS": "금속캔",
            "DETAILS": "알루미늄캔",
            "DAMAGE": "찌그러짐",
            "DIRTINESS": "오염없음",
            "COVER": "없음",
            "TRANSPARENCY": "불투명",
            "SHAPE": "홀쭉한 원통형",
            "SHAPE_TYPE": "POLYGON",
            "POINTS": [
                [
                    901.1459532169795,
                    486.1703770968098
                ],
                [
                    953.3787966682717,
                    488.4217927628138
                ],
                [
                    1054.2422185052499,
                    511.3862325560544
                ],
                [
                    1099.7208149585304,
                    536.6020880152989
                ],
                [
                    1129.4395017497827,
                    546.9586000789171
                ],
                [
                    1145.6496945450115,
                    562.7185097409451
                ],
                [
                    1158.2576222746338,
                    582.9812507349809
                ],
                [
                    1163.2107367398426,
                    605.4954073950207
                ],
                [
                    1159.6084716742362,
                    631.6118291206667
                ],
                [
                    1148.8016764774172,
                    652.7751363811042
                ],
                [
                    1132.1412005489879,
                    668.535046043132
                ],
                [
                    1112.3287426881527,
                    680.2424075063526
                ],
                [
                    1064.1484474356678,
                    699.154299100786
                ],
                [
                    1050.639953439644,
                    682.4938231723567
                ],
                [
                    1042.5348570420294,
                    677.0904255739471
                ],
                [
                    1043.885706441632,
                    672.1373111087383
                ],
                [
                    1004.2607907199617,
                    650.0734375818994
                ],
                [
                    973.6415376623077,
                    638.3660761186786
                ],
                [
                    940.7708689386496,
                    636.5649435858754
                ],
                [
                    887.6374592209557,
                    612.6999375262334
                ],
                [
                    875.9300977577351,
                    610.4485218602294
                ],
                [
                    876.3803808909358,
                    593.3377627985991
                ],
                [
                    885.3860435549518,
                    554.6134133433306
                ],
                [
                    893.9414230857668,
                    529.3975578840862
                ],
                [
                    893.4911399525662,
                    502.38056989203847
                ]
            ]
        },
        {
            "ID": "4",
            "CLASS": "금속캔",
            "DETAILS": "알루미늄캔",
            "DAMAGE": "찌그러짐",
            "DIRTINESS": "오염없음",
            "COVER": "없음",
            "TRANSPARENCY": "불투명",
            "SHAPE": "홀쭉한 원통형",
            "SHAPE_TYPE": "POLYGON",
            "POINTS": [
                [
                    453.38354259272495,
                    793.7494576216609
                ],
                [
                    441.6761811295043,
                    777.9895479596329
                ],
                [
                    434.9219341314923,
                    745.1188792359749
                ],
                [
                    443.47731366230744,
                    707.7453791803089
                ],
                [
                    468.24288598835125,
                    677.5764092558555
                ],
                [
                    495.7101571135997,
                    665.418764659434
                ],
                [
                    523.6277113720491,
                    663.1673489934301
                ],
                [
                    552.8961150301008,
                    672.6232947906468
                ],
                [
                    573.6091391573373,
                    688.3832044526747
                ],
                [
                    597.4741452169795,
                    716.7510418443247
                ],
                [
                    597.9244283501803,
                    737.0137828383605
                ],
                [
                    595.6730126841763,
                    755.0251081663924
                ],
                [
                    570.4571572249317,
                    767.6330358960146
                ],
                [
                    575.4102716901406,
                    826.620126345319
                ],
                [
                    588.9187656861643,
                    863.9936264009849
                ],
                [
                    585.316500620558,
                    879.303252929812
                ],
                [
                    591.1701813521682,
                    887.8586324606272
                ],
                [
                    534.8847897020689,
                    914.425337319474
                ],
                [
                    519.124880040041,
                    928.3841144486988
                ],
                [
                    502.0141209784108,
                    932.8869457807068
                ],
                [
                    488.50562698238684,
                    930.185246981502
                ],
                [
                    469.59373538795353,
                    933.3372289139077
                ],
                [
                    452.93325945952404,
                    927.933831315498
                ],
                [
                    449.33099439391776,
                    918.9281686514821
                ],
                [
                    452.93325945952404,
                    909.4722228542654
                ],
                [
                    450.6818437935201,
                    849.5845661385597
                ],
                [
                    465.54118718914634,
                    821.2167287469093
                ]
            ]
        },
        {
            "ID": "5",
            "CLASS": "금속캔",
            "DETAILS": "알루미늄캔",
            "DAMAGE": "찌그러짐",
            "DIRTINESS": "이물질(외부)",
            "COVER": "없음",
            "TRANSPARENCY": "불투명",
            "SHAPE": "뚱뚱하고 긴 원통형",
            "SHAPE_TYPE": "POLYGON",
            "POINTS": [
                [
                    1415.2427296891851,
                    1080.2646345832156
                ],
                [
                    1445.7189295965538,
                    1023.7940288725031
                ],
                [
                    1462.7497471918482,
                    999.592340710769
                ],
                [
                    1525.709990765189,
                    937.0264950185826
                ],
                [
                    1536.0360443808618,
                    877.3648519058042
                ],
                [
                    1536.6097140261768,
                    844.6656821228391
                ],
                [
                    1558.4091605481533,
                    826.3082534727537
                ],
                [
                    1591.1083303311186,
                    817.703208793026
                ],
                [
                    1624.381169759399,
                    820.5715570196019
                ],
                [
                    1661.6696967048854,
                    837.7816463790572
                ],
                [
                    1681.7481342909164,
                    864.7441197088705
                ],
                [
                    1680.027125354971,
                    886.5435662308471
                ],
                [
                    1696.663545069111,
                    958.8259415405594
                ],
                [
                    1704.1212504582084,
                    971.4466737374933
                ],
                [
                    1701.2529022316328,
                    1014.4718971361314
                ],
                [
                    1715.5946433645122,
                    1080.4439063473767
                ]
            ]
        },
        {
            "ID": "6",
            "CLASS": "금속캔",
            "DETAILS": "알루미늄캔",
            "DAMAGE": "원형",
            "DIRTINESS": "이물질(외부)",
            "COVER": "없음",
            "TRANSPARENCY": "불투명",
            "SHAPE": "사각기둥형",
            "SHAPE_TYPE": "POLYGON",
            "POINTS": [
                [
                    1301.8133762627042,
                    402.70914512861896
                ],
                [
                    1472.020400612605,
                    418.018771657446
                ],
                [
                    1487.870366901273,
                    427.29460420138236
                ],
                [
                    1493.2737644996823,
                    440.62298494412596
                ],
                [
                    1497.956709084971,
                    587.5953996208655
                ],
                [
                    1504.4407862030625,
                    600.5635538570482
                ],
                [
                    1505.5214657227446,
                    612.0908020669887
                ],
                [
                    1488.230593407834,
                    645.2316406705672
                ],
                [
                    1463.7351909617107,
                    654.9577563477043
                ],
                [
                    1426.6318607859653,
                    653.5168503214619
                ],
                [
                    1266.6912918730425,
                    633.3441659540663
                ],
                [
                    1244.7174749728438,
                    623.2578237703684
                ],
                [
                    1237.8731713481916,
                    612.0908020669888
                ],
                [
                    1243.9970219597224,
                    573.5465658650006
                ],
                [
                    1247.9595135318896,
                    555.1750140304082
                ],
                [
                    1259.8469882483905,
                    425.1332451620186
                ],
                [
                    1272.8151424845735,
                    410.0037318864718
                ]
            ]
        }
    ]
}