{
    "IMAGE_INFO": {
        "FILE_NAME": "1011363@0_01002_220906_P1_T3__1999.jpg",
        "DATE": "2022-10-21 12:26:36",
        "RESOLUTION": "1920 x 1080",
        "IMAGE_PHOTOGRAPHER": "김건무",
        "FOCUS_DISTANCE": "5.0",
        "EXPOSURE_TIME": "1/320",
        "SENSITIVITY_ISO": "6400",
        "PLACE": "삼오자원",
        "REGION_NAME": null,
        "Direction": "0",
        "HEIGHT": "100",
        "DAY/NIGHT": "주간",
        "WEATHER": "맑음",
        "IMAGE_HEIGHT": 1080,
        "IMAGE_WIDTH": 1920,
        "IMAGE_SIZE": "538.8 KB"
    },
    "ANNOTATION_INFO": [
        {
            "ID": "1",
            "CLASS": "금속캔",
            "DETAILS": "알루미늄캔",
            "DAMAGE": "찌그러짐",
            "DIRTINESS": "이물질(전체)",
            "COVER": "없음",
            "TRANSPARENCY": "불투명",
            "SHAPE": "사각기둥형",
            "SHAPE_TYPE": "POLYGON",
            "POINTS": [
                [
                    1183.7461787234038,
                    541.0101446808511
                ],
                [
                    1190.7738689361697,
                    526.9547642553192
                ],
                [
                    1196.2956255319145,
                    520.4290519148935
                ],
                [
                    1201.8173821276591,
                    517.417184680851
                ],
                [
                    1211.8569395744678,
                    514.4053174468086
                ],
                [
                    1242.979567659574,
                    471.7371982978724
                ],
                [
                    1298.6991114893613,
                    427.0611676595744
                ],
                [
                    1322.2920714893614,
                    410.99787574468087
                ],
                [
                    1332.8336068085102,
                    407.98600851063827
                ],
                [
                    1344.8810757446806,
                    406.98205276595746
                ],
                [
                    1357.4305225531912,
                    408.48798638297876
                ],
                [
                    1368.4740357446806,
                    413.5077651063829
                ],
                [
                    1377.5096374468083,
                    422.5433668085106
                ],
                [
                    1410.6401770212763,
                    460.69368510638293
                ],
                [
                    1417.6678672340424,
                    477.7609327659574
                ],
                [
                    1419.675778723404,
                    489.8084017021277
                ],
                [
                    1418.1698451063826,
                    501.3538927659575
                ],
                [
                    1414.1540221276593,
                    512.3974059574468
                ],
                [
                    1403.6124868085103,
                    522.9389412765958
                ],
                [
                    1398.0907302127657,
                    549.0417906382979
                ],
                [
                    1391.0630399999995,
                    559.5833259574468
                ],
                [
                    1384.5373276595742,
                    571.6307948936171
                ],
                [
                    1364.9601906382977,
                    587.1921089361703
                ],
                [
                    1288.1575761702125,
                    639.899785531915
                ],
                [
                    1259.0428595744677,
                    656.465055319149
                ],
                [
                    1246.493412765957,
                    659.4769225531916
                ],
                [
                    1234.4459438297868,
                    658.9749446808511
                ],
                [
                    1221.3945191489358,
                    653.4531880851065
                ],
                [
                    1179.22837787234,
                    601.7494672340426
                ],
                [
                    1176.2165106382974,
                    585.686175319149
                ],
                [
                    1182.742222978723,
                    554.5635472340425
                ],
                [
                    1182.2402451063826,
                    547.5358570212767
                ]
            ]
        },
        {
            "ID": "2",
            "CLASS": "금속캔",
            "DETAILS": "알루미늄캔",
            "DAMAGE": "찌그러짐",
            "DIRTINESS": "이물질(외부)",
            "COVER": "없음",
            "TRANSPARENCY": "불투명",
            "SHAPE": "사각기둥형",
            "SHAPE_TYPE": "POLYGON",
            "POINTS": [
                [
                    1013.9021617021278,
                    822.7011063829785
                ],
                [
                    1020.8043574468086,
                    804.5044085106383
                ],
                [
                    1044.6483063829787,
                    769.993429787234
                ],
                [
                    1067.8647829787233,
                    743.6395914893616
                ],
                [
                    1073.5120340425533,
                    726.6978382978723
                ],
                [
                    1094.218621276596,
                    729.2077276595744
                ],
                [
                    1103.6307063829788,
                    730.4626723404255
                ],
                [
                    1114.9252085106382,
                    741.1297021276596
                ],
                [
                    1126.219710638298,
                    751.7967319148936
                ],
                [
                    1139.396629787234,
                    771.8758468085106
                ],
                [
                    1150.6911319148937,
                    788.1901276595744
                ],
                [
                    1165.122995744681,
                    798.2296851063829
                ],
                [
                    1245.4394553191491,
                    904.8999829787233
                ],
                [
                    1269.9108765957449,
                    938.1560170212767
                ],
                [
                    1279.322961702128,
                    948.1955744680852
                ],
                [
                    1285.5976851063833,
                    956.9801872340427
                ],
                [
                    1289.3625191489364,
                    969.5296340425531
                ],
                [
                    1293.7548255319152,
                    978.9417191489363
                ],
                [
                    1293.7548255319152,
                    990.2362212765958
                ],
                [
                    1286.852629787234,
                    990.8636936170212
                ],
                [
                    1261.7537361702127,
                    1001.5307234042554
                ],
                [
                    1237.9097872340428,
                    1012.1977531914894
                ],
                [
                    1219.085617021277,
                    1022.2373106382979
                ],
                [
                    1195.8691404255324,
                    1024.7471999999998
                ],
                [
                    1178.2999148936171,
                    1019.0999489361703
                ],
                [
                    1162.613106382979,
                    1008.4329191489362
                ],
                [
                    1109.2779574468086,
                    948.1955744680852
                ],
                [
                    1044.648306382979,
                    872.2714212765954
                ],
                [
                    1027.7065531914895,
                    849.6824170212764
                ],
                [
                    1018.2944680851067,
                    833.995608510638
                ]
            ]
        }
    ]
}