{
    "IMAGE_INFO": {
        "FILE_NAME": "1011430@0_01002_220906_P1_T3__2004.jpg",
        "DATE": "2022-10-21 12:26:37",
        "RESOLUTION": "1920 x 1080",
        "IMAGE_PHOTOGRAPHER": "김건무",
        "FOCUS_DISTANCE": "5.0",
        "EXPOSURE_TIME": "1/320",
        "SENSITIVITY_ISO": "6400",
        "PLACE": "삼오자원",
        "REGION_NAME": null,
        "Direction": "0",
        "HEIGHT": "100",
        "DAY/NIGHT": "주간",
        "WEATHER": "맑음",
        "IMAGE_HEIGHT": 1080,
        "IMAGE_WIDTH": 1920,
        "IMAGE_SIZE": "530.4 KB"
    },
    "ANNOTATION_INFO": [
        {
            "ID": "1",
            "CLASS": "금속캔",
            "DETAILS": "알루미늄캔",
            "DAMAGE": "찌그러짐",
            "DIRTINESS": "오염없음",
            "COVER": "없음",
            "TRANSPARENCY": "불투명",
            "SHAPE": "뚱뚱한 원통형",
            "SHAPE_TYPE": "POLYGON",
            "POINTS": [
                [
                    475.5676595744681,
                    611.3213617021278
                ],
                [
                    469.2929361702128,
                    584.3400510638298
                ],
                [
                    473.057770212766,
                    569.280714893617
                ],
                [
                    489.99952340425546,
                    537.2796255319149
                ],
                [
                    491.881940425532,
                    522.2202893617022
                ],
                [
                    496.2742468085108,
                    515.9455659574468
                ],
                [
                    503.17644255319146,
                    503.3961191489361
                ],
                [
                    526.3929191489362,
                    493.98403404255316
                ],
                [
                    541.4522553191489,
                    485.8268936170212
                ],
                [
                    550.8643404255319,
                    474.53239148936166
                ],
                [
                    574.7082893617022,
                    436.8840510638297
                ],
                [
                    569.0610382978724,
                    420.5697702127659
                ],
                [
                    570.3159829787235,
                    410.53021276595734
                ],
                [
                    579.100595744681,
                    403.000544680851
                ],
                [
                    593.5324595744681,
                    399.8631829787234
                ],
                [
                    606.7093787234044,
                    400.49065531914886
                ],
                [
                    620.513770212766,
                    405.5104340425532
                ],
                [
                    632.4357446808511,
                    413.6675744680851
                ],
                [
                    647.4950808510639,
                    416.17746382978714
                ],
                [
                    676.3588085106384,
                    432.491744680851
                ],
                [
                    703.9675914893618,
                    453.1983319148936
                ],
                [
                    721.5368170212768,
                    472.0225021276595
                ],
                [
                    728.4390127659576,
                    487.70931063829784
                ],
                [
                    735.968680851064,
                    502.14117446808507
                ],
                [
                    734.0862638297873,
                    516.5730382978724
                ],
                [
                    720.2818723404257,
                    548.5741276595744
                ],
                [
                    705.8500085106384,
                    554.8488510638298
                ],
                [
                    685.1434212765959,
                    563.6334638297872
                ],
                [
                    685.7708936170214,
                    585.5949957446809
                ],
                [
                    677.6137531914895,
                    615.7136680851064
                ],
                [
                    671.9665021276596,
                    631.4004765957446
                ],
                [
                    663.1818893617022,
                    630.7730042553192
                ],
                [
                    635.5731063829787,
                    659.6367319148936
                ],
                [
                    621.1412425531915,
                    667.7938723404255
                ],
                [
                    604.8269617021277,
                    680.9707914893617
                ],
                [
                    596.6698212765958,
                    685.3630978723405
                ],
                [
                    585.3753191489361,
                    687.8729872340426
                ],
                [
                    565.9236765957448,
                    685.990570212766
                ],
                [
                    535.1775319148936,
                    665.911455319149
                ],
                [
                    490.6269957446809,
                    642.6949787234043
                ],
                [
                    476.19513191489364,
                    632.6554212765958
                ],
                [
                    474.3127148936171,
                    626.3806978723404
                ],
                [
                    474.9401872340426,
                    620.1059744680852
                ]
            ]
        },
        {
            "ID": "2",
            "CLASS": "금속캔",
            "DETAILS": "알루미늄캔",
            "DAMAGE": "찌그러짐",
            "DIRTINESS": "오염없음",
            "COVER": "없음",
            "TRANSPARENCY": "불투명",
            "SHAPE": "홀쭉한 원통형",
            "SHAPE_TYPE": "POLYGON",
            "POINTS": [
                [
                    582.9231768510638,
                    151.29658417021275
                ],
                [
                    598.9864687659575,
                    128.8079754893617
                ],
                [
                    625.4909004255319,
                    109.130442893617
                ],
                [
                    656.8143196595745,
                    96.27980936170212
                ],
                [
                    703.3978662127661,
                    84.63392272340424
                ],
                [
                    705.4057777021278,
                    82.2244289361702
                ],
                [
                    741.5481845106384,
                    82.2244289361702
                ],
                [
                    768.0526161702129,
                    77.00385906382976
                ],
                [
                    782.9111611914894,
                    72.98803608510636
                ],
                [
                    793.7538832340426,
                    70.17695999999998
                ],
                [
                    801.7855291914894,
                    70.17695999999998
                ],
                [
                    810.620339744681,
                    72.98803608510636
                ],
                [
                    819.0535680000002,
                    74.99594757446806
                ],
                [
                    832.7073661276597,
                    85.83866961702125
                ],
                [
                    839.9358474893619,
                    98.2877208510638
                ],
                [
                    848.369075744681,
                    114.75259506382976
                ],
                [
                    855.1959748085109,
                    137.64278604255318
                ],
                [
                    855.9991394042555,
                    156.5171540425532
                ],
                [
                    853.188063319149,
                    166.5567114893617
                ],
                [
                    844.3532527659576,
                    181.81683880851062
                ],
                [
                    835.1168599148938,
                    189.4469024680851
                ],
                [
                    806.2029344680853,
                    191.85639625531914
                ],
                [
                    799.3760354042554,
                    193.86430774468084
                ],
                [
                    794.155465531915,
                    195.0690546382979
                ],
                [
                    792.5491363404257,
                    201.092789106383
                ],
                [
                    764.0367931914896,
                    214.7465872340426
                ],
                [
                    749.9814127659575,
                    223.17981548936177
                ],
                [
                    741.5481845106384,
                    215.95133412765963
                ],
                [
                    732.3117916595745,
                    219.96715710638304
                ],
                [
                    693.3583087659575,
                    224.38456238297874
                ],
                [
                    678.9013460425532,
                    228.40038536170215
                ],
                [
                    670.0665354893616,
                    236.432031319149
                ],
                [
                    665.6491302127661,
                    240.44785429787237
                ],
                [
                    659.6253957446809,
                    241.65260119148942
                ],
                [
                    651.5937497872342,
                    241.65260119148942
                ],
                [
                    644.365268425532,
                    244.46367727659577
                ],
                [
                    642.7589392340426,
                    248.4795002553192
                ],
                [
                    636.7352047659574,
                    249.28266485106388
                ],
                [
                    632.7193817872342,
                    246.07000646808513
                ],
                [
                    626.2940650212767,
                    237.63677821276602
                ],
                [
                    617.0576721702128,
                    221.97506859574474
                ],
                [
                    611.8371022978723,
                    207.9196881702128
                ],
                [
                    594.970645787234,
                    189.04532017021276
                ],
                [
                    583.3247591489361,
                    173.38361055319152
                ],
                [
                    578.9073538723404,
                    165.35196459574468
                ],
                [
                    576.8994423829788,
                    156.91873634042554
                ],
                [
                    578.5057715744681,
                    153.7060779574468
                ]
            ]
        }
    ]
}