{
    "IMAGE_INFO": {
        "FILE_NAME": "1011264@0_01002_220906_P1_T3__1951.jpg",
        "DATE": "2022-10-21 12:26:30",
        "RESOLUTION": "1920 x 1080",
        "IMAGE_PHOTOGRAPHER": "김건무",
        "FOCUS_DISTANCE": "5.0",
        "EXPOSURE_TIME": "1/320",
        "SENSITIVITY_ISO": "6400",
        "PLACE": "삼오자원",
        "REGION_NAME": null,
        "Direction": "0",
        "HEIGHT": "100",
        "DAY/NIGHT": "주간",
        "WEATHER": "맑음",
        "IMAGE_HEIGHT": 1080,
        "IMAGE_WIDTH": 1920,
        "IMAGE_SIZE": "452.1 KB"
    },
    "ANNOTATION_INFO": [
        {
            "ID": "1",
            "CLASS": "금속캔",
            "DETAILS": "알루미늄캔",
            "DAMAGE": "찌그러짐",
            "DIRTINESS": "오염없음",
            "COVER": "없음",
            "TRANSPARENCY": "불투명",
            "SHAPE": "홀쭉한 원통형",
            "SHAPE_TYPE": "POLYGON",
            "POINTS": [
                [
                    618.3029106382979,
                    553.1821276595745
                ],
                [
                    647.1666382978724,
                    537.4953191489362
                ],
                [
                    659.716085106383,
                    534.3579574468085
                ],
                [
                    682.3050893617022,
                    534.985429787234
                ],
                [
                    731.2479319148938,
                    568.2414638297873
                ],
                [
                    740.6600170212769,
                    587.0656340425531
                ],
                [
                    780.1907744680854,
                    642.2832
                ],
                [
                    791.4852765957448,
                    682.441429787234
                ],
                [
                    798.3874723404257,
                    714.4425191489362
                ],
                [
                    797.1325276595746,
                    723.8546042553193
                ],
                [
                    800.8973617021278,
                    729.5018553191491
                ],
                [
                    799.6424170212767,
                    740.1688851063831
                ],
                [
                    795.250110638298,
                    750.835914893617
                ],
                [
                    778.9358297872343,
                    763.3853617021276
                ],
                [
                    741.9149617021278,
                    779.072170212766
                ],
                [
                    703.0116765957448,
                    788.484255319149
                ],
                [
                    684.1875063829789,
                    787.2293106382979
                ],
                [
                    678.5402553191491,
                    780.3271148936171
                ],
                [
                    674.1479489361703,
                    774.0523914893618
                ],
                [
                    659.716085106383,
                    738.2864680851064
                ],
                [
                    646.5391659574469,
                    713.1875744680851
                ],
                [
                    643.4018042553193,
                    687.4612085106384
                ],
                [
                    641.5193872340427,
                    668.009565957447
                ],
                [
                    617.6754382978725,
                    659.852425531915
                ],
                [
                    600.7336851063831,
                    650.4403404255319
                ],
                [
                    583.7919319148937,
                    622.204085106383
                ],
                [
                    575.0073191489363,
                    605.8898042553191
                ],
                [
                    577.5172085106383,
                    593.3403574468085
                ],
                [
                    587.5567659574469,
                    577.6535489361703
                ],
                [
                    603.8710468085108,
                    561.3392680851064
                ]
            ]
        }
    ]
}