{
    "IMAGE_INFO": {
        "FILE_NAME": "1011368@0_01002_220906_P1_T3__2063.jpg",
        "DATE": "2022-10-21 12:26:45",
        "RESOLUTION": "1920 x 1080",
        "IMAGE_PHOTOGRAPHER": "김건무",
        "FOCUS_DISTANCE": "5.0",
        "EXPOSURE_TIME": "1/320",
        "SENSITIVITY_ISO": "6400",
        "PLACE": "삼오자원",
        "REGION_NAME": null,
        "Direction": "0",
        "HEIGHT": "100",
        "DAY/NIGHT": "주간",
        "WEATHER": "맑음",
        "IMAGE_HEIGHT": 1080,
        "IMAGE_WIDTH": 1920,
        "IMAGE_SIZE": "524.2 KB"
    },
    "ANNOTATION_INFO": [
        {
            "ID": "1",
            "CLASS": "금속캔",
            "DETAILS": "알루미늄캔",
            "DAMAGE": "찌그러짐",
            "DIRTINESS": "오염없음",
            "COVER": "없음",
            "TRANSPARENCY": "불투명",
            "SHAPE": "뚱뚱하고 긴 원통형",
            "SHAPE_TYPE": "POLYGON",
            "POINTS": [
                [
                    865.8628085106384,
                    364.1805957446809
                ],
                [
                    846.2542978723404,
                    286.53089361702126
                ],
                [
                    844.6856170212768,
                    272.4127659574469
                ],
                [
                    850.9603404255321,
                    260.6476595744681
                ],
                [
                    864.9855237446809,
                    248.7547057021276
                ],
                [
                    886.6709678297872,
                    238.71514825531906
                ],
                [
                    915.1242893617022,
                    233.0070127659574
                ],
                [
                    939.846699574468,
                    233.94571138723398
                ],
                [
                    967.0427234042554,
                    240.2548085106383
                ],
                [
                    984.2982127659576,
                    246.52953191489365
                ],
                [
                    992.9259574468086,
                    259.86331914893617
                ],
                [
                    1001.2084746893614,
                    282.1355871319149
                ],
                [
                    1000.7693617021276,
                    342.2190638297873
                ],
                [
                    996.0633191489364,
                    353.1998297872341
                ],
                [
                    995.7469554382976,
                    376.2664777531915
                ],
                [
                    992.1416170212766,
                    406.53497872340427
                ],
                [
                    962.3366808510638,
                    414.3783829787234
                ],
                [
                    987.4355744680852,
                    469.28221276595747
                ],
                [
                    989.7885957446811,
                    485.75336170212773
                ],
                [
                    989.7885957446811,
                    495.9497872340427
                ],
                [
                    984.2982127659576,
                    510.0679148936171
                ],
                [
                    985.8668936170213,
                    525.7547234042554
                ],
                [
                    984.2982127659576,
                    537.519829787234
                ],
                [
                    974.8861276595745,
                    546.1475744680852
                ],
                [
                    957.6306382978725,
                    563.4030638297872
                ],
                [
                    932.5317446808513,
                    573.5994893617022
                ],
                [
                    905.864170212766,
                    574.383829787234
                ],
                [
                    876.0592340425534,
                    566.5404255319149
                ],
                [
                    856.4507234042554,
                    551.6379574468086
                ],
                [
                    847.8229787234044,
                    533.5981276595745
                ],
                [
                    838.4108936170214,
                    521.8330212765959
                ],
                [
                    833.7048510638299,
                    506.14621276595756
                ],
                [
                    833.7048510638299,
                    478.69429787234054
                ],
                [
                    861.1567659574469,
                    388.4951489361703
                ]
            ]
        },
        {
            "ID": "2",
            "CLASS": "금속캔",
            "DETAILS": "알루미늄캔",
            "DAMAGE": "찌그러짐",
            "DIRTINESS": "오염없음",
            "COVER": "없음",
            "TRANSPARENCY": "불투명",
            "SHAPE": "뚱뚱한 원통형",
            "SHAPE_TYPE": "POLYGON",
            "POINTS": [
                [
                    1059.0239215346633,
                    239.51855174943125
                ],
                [
                    1068.1922202973515,
                    210.3764592537439
                ],
                [
                    1080.9623507168099,
                    191.05754400379382
                ],
                [
                    1093.7324811362685,
                    179.26973130890906
                ],
                [
                    1100.936144449809,
                    181.88924524110567
                ],
                [
                    1117.6355457675625,
                    181.23436675805652
                ],
                [
                    1123.2020128734805,
                    187.45571234702348
                ],
                [
                    1134.6623863268405,
                    186.80083386397433
                ],
                [
                    1141.211171157332,
                    188.43803007159724
                ],
                [
                    1149.069712953922,
                    193.67705793599046
                ],
                [
                    1155.945937025938,
                    202.51791745715403
                ],
                [
                    1160.530086407282,
                    204.15511366477693
                ],
                [
                    1167.406310479298,
                    210.3764592537439
                ],
                [
                    1193.6014498012644,
                    244.1027011307753
                ],
                [
                    1199.4953561487068,
                    253.598439134988
                ],
                [
                    1225.3630562291485,
                    271.28015817731523
                ],
                [
                    1227.327691678296,
                    279.1386999739051
                ],
                [
                    1229.9472056104923,
                    288.6344379781178
                ],
                [
                    1230.9295233350663,
                    297.47529749928134
                ],
                [
                    1227.0002524367715,
                    309.26311019416613
                ],
                [
                    1225.0356169876238,
                    316.1393342661823
                ],
                [
                    1222.7435422969518,
                    324.3253153042967
                ],
                [
                    1219.7965891232307,
                    332.51129634241113
                ],
                [
                    1211.6106080851162,
                    333.4936140669849
                ],
                [
                    1205.7167017376737,
                    336.76800648223065
                ],
                [
                    1175.264852275888,
                    331.856417859362
                ],
                [
                    1167.0788712377737,
                    328.5820254441162
                ],
                [
                    1166.0965535132,
                    333.1661748254603
                ],
                [
                    1162.1672826149052,
                    335.45824951613235
                ],
                [
                    1134.3349470853161,
                    334.8033710330832
                ],
                [
                    1128.4410407378734,
                    338.07776344832894
                ],
                [
                    1123.8568913565296,
                    340.369838139001
                ],
                [
                    1115.3434710768906,
                    340.0423988974764
                ],
                [
                    1105.5202938311531,
                    335.45824951613235
                ],
                [
                    1081.9446684413838,
                    314.82957730008394
                ],
                [
                    1063.6080709160074,
                    294.52834432556017
                ],
                [
                    1052.8025759456962,
                    274.55455059256093
                ],
                [
                    1050.1830620134997,
                    262.111859414627
                ],
                [
                    1049.855622771975,
                    251.63380368584058
                ],
                [
                    1052.8025759456962,
                    245.41245809687365
                ]
            ]
        }
    ]
}