{
    "IMAGE_INFO": {
        "FILE_NAME": "1011297@0_01002_220906_P1_T3__1941.jpg",
        "DATE": "2022-10-21 12:26:29",
        "RESOLUTION": "1920 x 1080",
        "IMAGE_PHOTOGRAPHER": "김건무",
        "FOCUS_DISTANCE": "5.0",
        "EXPOSURE_TIME": "1/320",
        "SENSITIVITY_ISO": "6400",
        "PLACE": "삼오자원",
        "REGION_NAME": null,
        "Direction": "0",
        "HEIGHT": "100",
        "DAY/NIGHT": "주간",
        "WEATHER": "맑음",
        "IMAGE_HEIGHT": 1080,
        "IMAGE_WIDTH": 1920,
        "IMAGE_SIZE": "561.5 KB"
    },
    "ANNOTATION_INFO": [
        {
            "ID": "1",
            "CLASS": "금속캔",
            "DETAILS": "알루미늄캔",
            "DAMAGE": "찌그러짐",
            "DIRTINESS": "이물질(외부)",
            "COVER": "없음",
            "TRANSPARENCY": "불투명",
            "SHAPE": "홀쭉한 원통형",
            "SHAPE_TYPE": "POLYGON",
            "POINTS": [
                [
                    1030.4149787234044,
                    698.9591489361702
                ],
                [
                    1015.512510638298,
                    658.9577872340425
                ],
                [
                    1006.8847659574467,
                    633.0745531914894
                ],
                [
                    1006.8847659574467,
                    623.6624680851062
                ],
                [
                    1010.8064680851065,
                    608.76
                ],
                [
                    1026.4932765957446,
                    590.7201702127659
                ],
                [
                    1058.6512340425534,
                    567.1899574468084
                ],
                [
                    1084.5344680851065,
                    553.8561702127658
                ],
                [
                    1097.0839148936172,
                    552.287489361702
                ],
                [
                    1111.9863829787237,
                    559.3465531914893
                ],
                [
                    1140.2226382978724,
                    578.1707234042552
                ],
                [
                    1178.6553191489363,
                    609.5443404255318
                ],
                [
                    1223.3627234042556,
                    659.7421276595744
                ],
                [
                    1253.1676595744682,
                    692.6844255319148
                ],
                [
                    1269.6388085106385,
                    701.312170212766
                ],
                [
                    1277.4822127659575,
                    713.0772765957446
                ],
                [
                    1284.5412765957446,
                    739.7448510638299
                ],
                [
                    1288.4629787234046,
                    775.0401702127658
                ],
                [
                    1275.9135319148938,
                    810.3354893617021
                ],
                [
                    1260.2267234042554,
                    832.2970212765957
                ],
                [
                    1238.2651914893618,
                    848.768170212766
                ],
                [
                    1215.5193191489363,
                    858.9645957446809
                ],
                [
                    1190.420425531915,
                    867.5923404255319
                ],
                [
                    1162.184170212766,
                    859.7489361702128
                ],
                [
                    1146.4973617021278,
                    846.4151489361702
                ],
                [
                    1108.8490212765957,
                    815.0415319148937
                ],
                [
                    1097.0839148936172,
                    803.2764255319149
                ],
                [
                    1066.4946382978724,
                    757.7846808510637
                ],
                [
                    1047.6704680851062,
                    731.1171063829786
                ]
            ]
        },
        {
            "ID": "2",
            "CLASS": "금속캔",
            "DETAILS": "알루미늄캔",
            "DAMAGE": "찌그러짐",
            "DIRTINESS": "오염없음",
            "COVER": "없음",
            "TRANSPARENCY": "불투명",
            "SHAPE": "뚱뚱한 원통형",
            "SHAPE_TYPE": "POLYGON",
            "POINTS": [
                [
                    1034.0425531914893,
                    1079.4255319148936
                ],
                [
                    1048.9156085106383,
                    1038.421685106383
                ],
                [
                    1098.3290553191491,
                    945.2420425531914
                ],
                [
                    1108.211744680851,
                    901.4758468085106
                ],
                [
                    1122.3298723404257,
                    871.8277787234041
                ],
                [
                    1153.3897531914893,
                    856.2978382978722
                ],
                [
                    1201.3913872340424,
                    857.7096510638297
                ],
                [
                    1260.6875234042554,
                    870.4159659574467
                ],
                [
                    1293.1592170212766,
                    890.181344680851
                ],
                [
                    1312.9245957446808,
                    917.0057872340425
                ],
                [
                    1324.2190978723404,
                    1029.9508085106381
                ],
                [
                    1308.6891574468086,
                    1070.893378723404
                ],
                [
                    1303.0419063829788,
                    1077.9524425531913
                ],
                [
                    1161.860629787234,
                    1079.364255319149
                ]
            ]
        }
    ]
}