{
    "IMAGE_INFO": {
        "FILE_NAME": "1011213@0_01002_220906_P1_T3__1549.jpg",
        "DATE": "2022-10-21 12:17:19",
        "RESOLUTION": "1920 x 1080",
        "IMAGE_PHOTOGRAPHER": "김건무",
        "FOCUS_DISTANCE": "5.0",
        "EXPOSURE_TIME": "1/320",
        "SENSITIVITY_ISO": "6400",
        "PLACE": "삼오자원",
        "REGION_NAME": null,
        "Direction": "0",
        "HEIGHT": "100",
        "DAY/NIGHT": "주간",
        "WEATHER": "맑음",
        "IMAGE_HEIGHT": 1080,
        "IMAGE_WIDTH": 1920,
        "IMAGE_SIZE": "613.1 KB"
    },
    "ANNOTATION_INFO": [
        {
            "ID": "1",
            "CLASS": "금속캔",
            "DETAILS": "알루미늄캔",
            "DAMAGE": "찌그러짐",
            "DIRTINESS": "이물질(외부)",
            "COVER": "없음",
            "TRANSPARENCY": "불투명",
            "SHAPE": "뚱뚱하고 긴 원통형",
            "SHAPE_TYPE": "POLYGON",
            "POINTS": [
                [
                    874.0487885414703,
                    52.79224449853902
                ],
                [
                    857.9844020758264,
                    65.30699699343006
                ],
                [
                    830.5452736464032,
                    106.11390593975213
                ],
                [
                    828.4345714595244,
                    121.59238864352947
                ],
                [
                    844.6166215589279,
                    152.54935405108415
                ],
                [
                    872.0557499883514,
                    195.466965184285
                ],
                [
                    910.0483893521684,
                    214.46328486619353
                ],
                [
                    979.5938607414325,
                    234.2964924685792
                ],
                [
                    1097.9008839843752,
                    277.7843504725554
                ],
                [
                    1123.9328776225464,
                    269.3415417250405
                ],
                [
                    1149.9648712607175,
                    242.60598069124325
                ],
                [
                    1160.5465248909359,
                    213.50643320814183
                ],
                [
                    1163.6985068233416,
                    179.28491508488136
                ],
                [
                    1155.5934104257271,
                    145.51368009482172
                ],
                [
                    1144.7866152289084,
                    132.00518609879785
                ],
                [
                    1122.722741702069,
                    130.20405356599466
                ],
                [
                    1087.1503741792062,
                    119.39725836917556
                ],
                [
                    1063.2853681195638,
                    121.19839090197874
                ],
                [
                    1006.5496933362638,
                    99.58480050834056
                ],
                [
                    979.5327053442159,
                    103.18706557394692
                ],
                [
                    965.5739282149914,
                    85.1757402459151
                ],
                [
                    934.9143138285738,
                    50.12957486863128
                ],
                [
                    920.3569098927873,
                    44.90781756974675
                ],
                [
                    909.3902446567673,
                    34.341925497170806
                ],
                [
                    903.1535171070092,
                    34.0820618492642
                ],
                [
                    879.505925147509,
                    51.752789906912646
                ]
            ]
        },
        {
            "ID": "2",
            "CLASS": "금속캔",
            "DETAILS": "알루미늄캔",
            "DAMAGE": "찌그러짐",
            "DIRTINESS": "오염없음",
            "COVER": "없음",
            "TRANSPARENCY": "불투명",
            "SHAPE": "뚱뚱하고 긴 원통형",
            "SHAPE_TYPE": "POLYGON",
            "POINTS": [
                [
                    1041.01820299438,
                    -1.4738391077683586
                ],
                [
                    1038.8274153957416,
                    11.670886484062422
                ],
                [
                    1041.456360514108,
                    42.34191286500092
                ],
                [
                    1061.173448901854,
                    51.10506325955476
                ],
                [
                    1073.8800169739573,
                    51.98137829901015
                ],
                [
                    1083.0813248882384,
                    55.04848093710401
                ],
                [
                    1084.8339549671493,
                    71.69846668675633
                ],
                [
                    1093.5971053617031,
                    73.0129392459394
                ],
                [
                    1132.5931246174678,
                    95.7971302717794
                ],
                [
                    1162.8259934786784,
                    97.98791787041787
                ],
                [
                    1197.0022800174386,
                    119.4576363370748
                ],
                [
                    1263.1640654963203,
                    141.80366984318712
                ],
                [
                    1285.071941482705,
                    143.1181424023702
                ],
                [
                    1302.1600847520847,
                    135.66946456699944
                ],
                [
                    1325.3824332976528,
                    110.25632842279326
                ],
                [
                    1341.5942615275771,
                    87.03397987722556
                ],
                [
                    1344.2232066459433,
                    66.00241893029632
                ],
                [
                    1339.4034739289389,
                    44.97085798336707
                ],
                [
                    1329.325850975202,
                    33.140604950719364
                ],
                [
                    1312.2377077058218,
                    23.93929703643782
                ],
                [
                    1265.3548530949588,
                    -0.5975240683129681
                ]
            ]
        }
    ]
}