{
    "IMAGE_INFO": {
        "FILE_NAME": "1011091@0_01002_220906_P1_T3__1539.jpg",
        "DATE": "2022-10-21 12:17:18",
        "RESOLUTION": "1920 x 1080",
        "IMAGE_PHOTOGRAPHER": "김건무",
        "FOCUS_DISTANCE": "5.0",
        "EXPOSURE_TIME": "1/320",
        "SENSITIVITY_ISO": "6400",
        "PLACE": "삼오자원",
        "REGION_NAME": null,
        "Direction": "0",
        "HEIGHT": "100",
        "DAY/NIGHT": "주간",
        "WEATHER": "맑음",
        "IMAGE_HEIGHT": 1080,
        "IMAGE_WIDTH": 1920,
        "IMAGE_SIZE": "624.1 KB"
    },
    "ANNOTATION_INFO": [
        {
            "ID": "1",
            "CLASS": "금속캔",
            "DETAILS": "알루미늄캔",
            "DAMAGE": "찌그러짐",
            "DIRTINESS": "오염없음",
            "COVER": "없음",
            "TRANSPARENCY": "불투명",
            "SHAPE": "홀쭉한 원통형",
            "SHAPE_TYPE": "BOX",
            "POINTS": [
                [
                    289.98083945157174,
                    637.7483934149011,
                    320.12316500994046,
                    281.42695825049714
                ]
            ]
        },
        {
            "ID": "2",
            "CLASS": "금속캔",
            "DETAILS": "알루미늄캔",
            "DAMAGE": "찌그러짐",
            "DIRTINESS": "오염없음",
            "COVER": "없음",
            "TRANSPARENCY": "불투명",
            "SHAPE": "홀쭉한 원통형",
            "SHAPE_TYPE": "BOX",
            "POINTS": [
                [
                    941.3865453760252,
                    117.61489679462281,
                    202.70195336324355,
                    201.1107348768268
                ]
            ]
        }
    ]
}