{
    "IMAGE_INFO": {
        "FILE_NAME": "1011324@0_01002_220906_P1_T3__2032.jpg",
        "DATE": "2022-10-21 12:26:40",
        "RESOLUTION": "1920 x 1080",
        "IMAGE_PHOTOGRAPHER": "김건무",
        "FOCUS_DISTANCE": "5.0",
        "EXPOSURE_TIME": "1/320",
        "SENSITIVITY_ISO": "6400",
        "PLACE": "삼오자원",
        "REGION_NAME": null,
        "Direction": "0",
        "HEIGHT": "100",
        "DAY/NIGHT": "주간",
        "WEATHER": "맑음",
        "IMAGE_HEIGHT": 1080,
        "IMAGE_WIDTH": 1920,
        "IMAGE_SIZE": "523.4 KB"
    },
    "ANNOTATION_INFO": [
        {
            "ID": "1",
            "CLASS": "금속캔",
            "DETAILS": "알루미늄캔",
            "DAMAGE": "찌그러짐",
            "DIRTINESS": "오염없음",
            "COVER": "없음",
            "TRANSPARENCY": "불투명",
            "SHAPE": "뚱뚱한 원통형",
            "SHAPE_TYPE": "POLYGON",
            "POINTS": [
                [
                    522.5864170212766,
                    250.15465531914896
                ],
                [
                    545.1754212765959,
                    233.84037446808512
                ],
                [
                    551.4501446808513,
                    224.42828936170213
                ],
                [
                    560.8622297872341,
                    222.54587234042555
                ],
                [
                    570.9017872340426,
                    224.42828936170213
                ],
                [
                    584.7061787234044,
                    228.19312340425535
                ],
                [
                    601.6479319148938,
                    238.8601531914894
                ],
                [
                    619.8446297872342,
                    258.9392680851064
                ],
                [
                    633.6490212765959,
                    282.1557446808511
                ],
                [
                    644.3160510638298,
                    301.60738723404256
                ],
                [
                    646.8259404255319,
                    314.7843063829788
                ],
                [
                    643.0611063829789,
                    319.17661276595754
                ],
                [
                    638.0413276595746,
                    319.17661276595754
                ],
                [
                    632.3940765957448,
                    327.3337531914894
                ],
                [
                    628.6292425531916,
                    340.5106723404256
                ],
                [
                    617.9622127659576,
                    353.0601191489363
                ],
                [
                    594.7457361702128,
                    373.7667063829788
                ],
                [
                    574.6666212765957,
                    385.0612085106384
                ],
                [
                    542.0380595744682,
                    397.61065531914903
                ],
                [
                    531.9985021276597,
                    399.4930723404256
                ],
                [
                    506.89960851063836,
                    395.1007659574469
                ],
                [
                    489.95785531914896,
                    393.2183489361703
                ],
                [
                    481.800714893617,
                    390.7084595744681
                ],
                [
                    474.27104680851073,
                    381.2963744680852
                ],
                [
                    467.9963234042554,
                    373.13923404255326
                ],
                [
                    463.6040170212766,
                    357.45242553191497
                ],
                [
                    455.44687659574475,
                    313.52936170212774
                ],
                [
                    449.7996255319149,
                    277.13596595744684
                ],
                [
                    452.9369872340426,
                    262.7041021276596
                ],
                [
                    459.21171063829786,
                    245.76234893617024
                ],
                [
                    466.7413787234043,
                    237.60520851063833
                ],
                [
                    479.29082553191495,
                    234.46784680851067
                ],
                [
                    489.95785531914896,
                    235.72279148936173
                ],
                [
                    509.40949787234047,
                    246.38982127659577
                ]
            ]
        },
        {
            "ID": "2",
            "CLASS": "금속캔",
            "DETAILS": "알루미늄캔",
            "DAMAGE": "찌그러짐",
            "DIRTINESS": "오염없음",
            "COVER": "없음",
            "TRANSPARENCY": "불투명",
            "SHAPE": "뚱뚱하고 긴 원통형",
            "SHAPE_TYPE": "POLYGON",
            "POINTS": [
                [
                    930.2767659574467,
                    178.8997787234043
                ],
                [
                    942.8262127659574,
                    160.7030808510639
                ],
                [
                    952.8657702127658,
                    154.42835744680855
                ],
                [
                    986.7492765957446,
                    142.50638297872342
                ],
                [
                    1003.6910297872338,
                    127.44704680851068
                ],
                [
                    1045.7316765957448,
                    77.87673191489363
                ],
                [
                    1070.8305702127661,
                    33.95366808510638
                ],
                [
                    1074.2890212765958,
                    17.82076595744676
                ],
                [
                    1093.1131914893617,
                    -1.0034042553191942
                ],
                [
                    1189.5870638297874,
                    -0.21906382978727862
                ],
                [
                    1202.92085106383,
                    24.879829787233998
                ],
                [
                    1202.92085106383,
                    40.56663829787229
                ],
                [
                    1195.6975659574468,
                    65.32728510638299
                ],
                [
                    1178.128340425532,
                    95.44595744680852
                ],
                [
                    1156.1668085106385,
                    122.4272680851064
                ],
                [
                    1137.970110638298,
                    145.64374468085109
                ],
                [
                    1118.5184680851064,
                    169.48769361702134
                ],
                [
                    1072.7129872340424,
                    218.4305361702128
                ],
                [
                    1036.3195914893618,
                    259.8437106382979
                ],
                [
                    1009.3382808510637,
                    272.3931574468086
                ],
                [
                    1001.8086127659574,
                    279.92282553191495
                ],
                [
                    986.7492765957446,
                    284.31513191489364
                ],
                [
                    965.4152170212765,
                    276.7854638297873
                ],
                [
                    946.5910468085106,
                    264.8634893617022
                ],
                [
                    931.5317106382978,
                    250.43162553191496
                ],
                [
                    920.8646808510637,
                    232.2349276595745
                ],
                [
                    913.9624851063829,
                    211.52834042553195
                ],
                [
                    917.0998468085105,
                    192.07669787234047
                ],
                [
                    923.3745702127659,
                    185.80197446808518
                ]
            ]
        },
        {
            "ID": "3",
            "CLASS": "금속캔",
            "DETAILS": "알루미늄캔",
            "DAMAGE": "찌그러짐",
            "DIRTINESS": "오염없음",
            "COVER": "없음",
            "TRANSPARENCY": "불투명",
            "SHAPE": "뚱뚱한 원통형",
            "SHAPE_TYPE": "POLYGON",
            "POINTS": [
                [
                    1162.919489361702,
                    115.86331914893614
                ],
                [
                    1195.0774468085108,
                    99.3921702127659
                ],
                [
                    1218.6076595744682,
                    97.03914893617016
                ],
                [
                    1229.588425531915,
                    97.82348936170207
                ],
                [
                    1245.2752340425534,
                    104.09821276595741
                ],
                [
                    1270.3741276595745,
                    119.0006808510638
                ],
                [
                    1316.6502127659573,
                    166.0611063829787
                ],
                [
                    1341.7491063829789,
                    191.16
                ],
                [
                    1348.8081702127663,
                    205.27812765957447
                ],
                [
                    1362.9262978723405,
                    225.67097872340423
                ],
                [
                    1366.0636595744681,
                    238.2204255319149
                ],
                [
                    1366.8480000000002,
                    256.26025531914894
                ],
                [
                    1373.9070638297874,
                    264.88800000000003
                ],
                [
                    1373.9070638297874,
                    274.300085106383
                ],
                [
                    1366.0636595744681,
                    292.33991489361705
                ],
                [
                    1344.8864680851066,
                    315.87012765957456
                ],
                [
                    1315.0815319148937,
                    336.2629787234042
                ],
                [
                    1297.8260425531917,
                    348.81242553191487
                ],
                [
                    1284.492255319149,
                    350.3811063829787
                ],
                [
                    1268.8054468085109,
                    348.02808510638295
                ],
                [
                    1229.588425531915,
                    328.4195744680851
                ],
                [
                    1177.0376170212767,
                    289.9868936170213
                ],
                [
                    1151.1543829787236,
                    270.37838297872344
                ],
                [
                    1133.1145531914894,
                    244.4951489361702
                ],
                [
                    1119.780765957447,
                    213.12153191489364
                ],
                [
                    1113.5060425531917,
                    196.6503829787234
                ],
                [
                    1111.9373617021276,
                    184.88527659574464
                ],
                [
                    1115.8590638297874,
                    173.12017021276594
                ],
                [
                    1147.2326808510638,
                    130.76578723404253
                ]
            ]
        },
        {
            "ID": "4",
            "CLASS": "금속캔",
            "DETAILS": "알루미늄캔",
            "DAMAGE": "찌그러짐",
            "DIRTINESS": "오염없음",
            "COVER": "없음",
            "TRANSPARENCY": "불투명",
            "SHAPE": "뚱뚱하고 긴 원통형",
            "SHAPE_TYPE": "POLYGON",
            "POINTS": [
                [
                    648.4289361702129,
                    539.0885106382979
                ],
                [
                    654.3114893617022,
                    502.81276595744686
                ],
                [
                    659.2136170212766,
                    485.16510638297876
                ],
                [
                    669.9982978723405,
                    471.4391489361702
                ],
                [
                    690.5872340425532,
                    465.5565957446809
                ],
                [
                    712.1565957446809,
                    465.5565957446809
                ],
                [
                    731.7651063829787,
                    472.4195744680852
                ],
                [
                    745.4910638297874,
                    483.20425531914896
                ],
                [
                    750.3931914893618,
                    495.94978723404256
                ],
                [
                    746.4714893617022,
                    529.284255319149
                ],
                [
                    745.4910638297874,
                    541.0493617021278
                ],
                [
                    749.4127659574469,
                    556.7361702127661
                ],
                [
                    772.9429787234043,
                    593.011914893617
                ],
                [
                    773.9234042553192,
                    624.3855319148937
                ],
                [
                    762.1582978723404,
                    716.5455319148937
                ],
                [
                    753.3344680851064,
                    840.0791489361702
                ],
                [
                    749.4127659574468,
                    878.3157446808511
                ],
                [
                    742.5497872340426,
                    891.0612765957449
                ],
                [
                    727.8434042553192,
                    899.8851063829788
                ],
                [
                    712.1565957446809,
                    903.8068085106382
                ],
                [
                    683.724255319149,
                    905.7676595744683
                ],
                [
                    652.3506382978723,
                    901.8459574468086
                ],
                [
                    623.9182978723404,
                    896.943829787234
                ],
                [
                    602.3489361702127,
                    891.0612765957449
                ],
                [
                    586.6621276595745,
                    884.1982978723405
                ],
                [
                    574.8970212765958,
                    863.6093617021277
                ],
                [
                    573.9165957446809,
                    820.4706382978724
                ],
                [
                    605.2902127659574,
                    716.5455319148937
                ],
                [
                    615.0944680851064,
                    619.4834042553191
                ],
                [
                    620.9770212765957,
                    581.2468085106383
                ],
                [
                    637.6442553191489,
                    555.7557446808511
                ]
            ]
        },
        {
            "ID": "5",
            "CLASS": "금속캔",
            "DETAILS": "알루미늄캔",
            "DAMAGE": "찌그러짐",
            "DIRTINESS": "오염없음",
            "COVER": "겹침",
            "TRANSPARENCY": "불투명",
            "SHAPE": "뚱뚱하고 긴 원통형",
            "SHAPE_TYPE": "POLYGON",
            "POINTS": [
                [
                    572.1836936170214,
                    0.4623319148936171
                ],
                [
                    581.5957787234045,
                    31.83594893617022
                ],
                [
                    633.6759829787236,
                    100.23043404255323
                ],
                [
                    727.7968340425532,
                    152.93811063829793
                ],
                [
                    745.9935319148938,
                    159.84030638297875
                ],
                [
                    779.249565957447,
                    157.33041702127665
                ],
                [
                    794.9363744680852,
                    144.15349787234047
                ],
                [
                    803.0935148936172,
                    130.34910638297873
                ],
                [
                    810.6231829787235,
                    100.23043404255323
                ],
                [
                    809.3682382978725,
                    73.2491234042553
                ],
                [
                    799.3286808510641,
                    56.934842553191494
                ],
                [
                    791.7990127659575,
                    46.89528510638301
                ],
                [
                    784.2693446808512,
                    28.698587234042556
                ],
                [
                    759.1704510638299,
                    -1.4200851063829891
                ]
            ]
        }
    ]
}