{
    "IMAGE_INFO": {
        "FILE_NAME": "1011403@0_01002_220906_P1_T3__2300.jpg",
        "DATE": "2022-10-21 12:27:17",
        "RESOLUTION": "1920 x 1080",
        "IMAGE_PHOTOGRAPHER": "김건무",
        "FOCUS_DISTANCE": "5.0",
        "EXPOSURE_TIME": "1/320",
        "SENSITIVITY_ISO": "6400",
        "PLACE": "삼오자원",
        "REGION_NAME": null,
        "Direction": "0",
        "HEIGHT": "100",
        "DAY/NIGHT": "주간",
        "WEATHER": "맑음",
        "IMAGE_HEIGHT": 1080,
        "IMAGE_WIDTH": 1920,
        "IMAGE_SIZE": "550.6 KB"
    },
    "ANNOTATION_INFO": [
        {
            "ID": "1",
            "CLASS": "금속캔",
            "DETAILS": "알루미늄캔",
            "DAMAGE": "찌그러짐",
            "DIRTINESS": "오염없음",
            "COVER": "없음",
            "TRANSPARENCY": "불투명",
            "SHAPE": "뚱뚱한 원통형",
            "SHAPE_TYPE": "POLYGON",
            "POINTS": [
                [
                    515.4513702127659,
                    127.97157446808512
                ],
                [
                    517.961259574468,
                    109.14740425531915
                ],
                [
                    523.6085106382978,
                    102.2452085106383
                ],
                [
                    531.1381787234043,
                    100.99026382978725
                ],
                [
                    538.040374468085,
                    99.73531914893618
                ],
                [
                    564.3942127659575,
                    84.67598297872341
                ],
                [
                    636.5535319148937,
                    74.00895319148935
                ],
                [
                    647.8480340425532,
                    75.26389787234044
                ],
                [
                    723.7721872340426,
                    94.71554042553193
                ],
                [
                    757.6556936170214,
                    105.38257021276597
                ],
                [
                    768.950195744681,
                    114.16718297872342
                ],
                [
                    773.9699744680852,
                    124.83421276595745
                ],
                [
                    774.5974468085108,
                    130.48146382978723
                ],
                [
                    781.4996425531916,
                    136.75618723404256
                ],
                [
                    784.0095319148937,
                    154.32541276595745
                ],
                [
                    785.2644765957448,
                    189.46386382978727
                ],
                [
                    778.362280851064,
                    223.97484255319154
                ],
                [
                    775.2249191489364,
                    232.75945531914897
                ],
                [
                    767.6952510638299,
                    241.5440680851064
                ],
                [
                    763.302944680851,
                    243.42648510638304
                ],
                [
                    760.1655829787235,
                    255.9759319148937
                ],
                [
                    744.4787744680852,
                    260.3682382978724
                ],
                [
                    659.7700085106383,
                    264.7605446808511
                ],
                [
                    577.5711319148936,
                    252.838570212766
                ],
                [
                    566.276629787234,
                    248.4462638297873
                ],
                [
                    521.7260936170212,
                    217.70011914893624
                ],
                [
                    514.1964255319149,
                    210.79792340425533
                ],
                [
                    512.3140085106382,
                    198.87594893617026
                ],
                [
                    509.17664680851055,
                    188.8363914893617
                ],
                [
                    512.3140085106382,
                    153.07046808510643
                ]
            ]
        },
        {
            "ID": "2",
            "CLASS": "금속캔",
            "DETAILS": "알루미늄캔",
            "DAMAGE": "찌그러짐",
            "DIRTINESS": "오염없음",
            "COVER": "없음",
            "TRANSPARENCY": "불투명",
            "SHAPE": "뚱뚱한 원통형",
            "SHAPE_TYPE": "POLYGON",
            "POINTS": [
                [
                    1021.860275744681,
                    377.7967455319149
                ],
                [
                    1029.8919217021278,
                    356.2116970212766
                ],
                [
                    1029.8919217021278,
                    349.6859846808511
                ],
                [
                    1029.8919217021278,
                    343.66225021276597
                ],
                [
                    1031.8998331914895,
                    336.1325821276596
                ],
                [
                    1036.9196119148937,
                    326.0930246808511
                ],
                [
                    1054.4888374468087,
                    315.5514893617022
                ],
                [
                    1085.1094876595746,
                    303.0020425531915
                ],
                [
                    1099.6668459574469,
                    298.98621957446807
                ],
                [
                    1112.7182706382982,
                    296.9783080851064
                ],
                [
                    1125.769695319149,
                    296.9783080851064
                ],
                [
                    1135.8092527659576,
                    301.49610893617023
                ],
                [
                    1145.3468323404256,
                    308.02182127659574
                ],
                [
                    1155.8883676595747,
                    312.5396221276596
                ],
                [
                    1161.9121021276599,
                    319.5673123404256
                ],
                [
                    1193.0347302127661,
                    368.7611438297873
                ],
                [
                    1203.5762655319152,
                    383.82048
                ],
                [
                    1212.1098893617022,
                    404.4015727659575
                ],
                [
                    1216.1257123404257,
                    421.468820425532
                ],
                [
                    1223.1534025531919,
                    433.01431148936183
                ],
                [
                    1225.1613140425534,
                    453.5954042553192
                ],
                [
                    1232.69098212766,
                    499.7773685106384
                ],
                [
                    1233.19296,
                    510.31890382978736
                ],
                [
                    1228.1731812765959,
                    526.8841736170214
                ],
                [
                    1217.631645957447,
                    541.9435097872341
                ],
                [
                    1205.5841770212767,
                    556.5008680851065
                ],
                [
                    1186.0070400000002,
                    568.0463591489363
                ],
                [
                    1157.394301276596,
                    576.5799829787235
                ],
                [
                    1135.3072748936172,
                    577.5839387234043
                ],
                [
                    1116.7340936170212,
                    574.5720714893617
                ],
                [
                    1102.176735319149,
                    573.5681157446809
                ],
                [
                    1090.1292663829788,
                    569.0503148936172
                ],
                [
                    1079.58773106383,
                    560.51669106383
                ],
                [
                    1066.0343285106385,
                    542.4454876595746
                ],
                [
                    1063.0224612765958,
                    529.3940629787235
                ],
                [
                    1050.9749923404256,
                    475.68243063829794
                ],
                [
                    1036.9196119148937,
                    439.03804595744685
                ],
                [
                    1030.3938995744682,
                    423.4767319148937
                ],
                [
                    1027.884010212766,
                    398.8798161702128
                ]
            ]
        },
        {
            "ID": "3",
            "CLASS": "금속캔",
            "DETAILS": "알루미늄캔",
            "DAMAGE": "찌그러짐",
            "DIRTINESS": "오염없음",
            "COVER": "없음",
            "TRANSPARENCY": "불투명",
            "SHAPE": "뚱뚱한 원통형",
            "SHAPE_TYPE": "POLYGON",
            "POINTS": [
                [
                    447.6868085106382,
                    848.476493617021
                ],
                [
                    489.7274553191489,
                    803.2984851063828
                ],
                [
                    549.3373276595744,
                    769.414978723404
                ],
                [
                    620.2417021276596,
                    751.2182808510636
                ],
                [
                    659.1449872340426,
                    743.6886127659573
                ],
                [
                    674.8317957446809,
                    744.9435574468083
                ],
                [
                    692.4010212765958,
                    750.590808510638
                ],
                [
                    703.6955234042554,
                    758.1204765957444
                ],
                [
                    716.6054099336171,
                    771.6691887931914
                ],
                [
                    731.9317787234042,
                    793.2589276595742
                ],
                [
                    744.1057656919149,
                    821.0156215557448
                ],
                [
                    748.2460595744681,
                    848.476493617021
                ],
                [
                    746.3636425531914,
                    862.9083574468084
                ],
                [
                    733.1867234042553,
                    889.2621957446806
                ],
                [
                    718.754859574468,
                    913.7336170212765
                ],
                [
                    702.4405787234043,
                    928.7929531914891
                ],
                [
                    634.6735659574468,
                    967.0687659574467
                ],
                [
                    607.0647829787233,
                    984.6379914893616
                ],
                [
                    581.3384170212765,
                    985.2654638297871
                ],
                [
                    570.6713872340425,
                    981.500629787234
                ],
                [
                    547.4549106382979,
                    982.755574468085
                ],
                [
                    531.7681021276595,
                    985.2654638297871
                ],
                [
                    493.4922893617021,
                    981.500629787234
                ],
                [
                    486.5900936170212,
                    980.8731574468084
                ],
                [
                    479.0604255319148,
                    980.8731574468084
                ],
                [
                    476.5505361702127,
                    978.9907404255317
                ],
                [
                    471.53075744680837,
                    960.1665702127657
                ],
                [
                    462.11867234042546,
                    925.6555914893615
                ],
                [
                    448.31428085106376,
                    895.5369191489359
                ],
                [
                    440.7846127659574,
                    881.1050553191487
                ],
                [
                    439.52966808510627,
                    862.9083574468084
                ],
                [
                    444.5494468085105,
                    854.1237446808509
                ]
            ]
        },
        {
            "ID": "4",
            "CLASS": "금속캔",
            "DETAILS": "알루미늄캔",
            "DAMAGE": "찌그러짐",
            "DIRTINESS": "오염없음",
            "COVER": "겹침",
            "TRANSPARENCY": "불투명",
            "SHAPE": "홀쭉한 원통형",
            "SHAPE_TYPE": "POLYGON",
            "POINTS": [
                [
                    945.5227341710233,
                    737.417224200427
                ],
                [
                    930.9219910176331,
                    709.7801032315098
                ],
                [
                    928.8361705671489,
                    688.9218987266667
                ],
                [
                    924.6645296661802,
                    681.6215271499715
                ],
                [
                    922.578709215696,
                    673.2782453480344
                ],
                [
                    925.7074398914225,
                    663.3705982082338
                ],
                [
                    936.1365421438439,
                    652.9414959558121
                ],
                [
                    941.8725483826759,
                    646.1625794917381
                ],
                [
                    958.5591119865505,
                    638.8622079150431
                ],
                [
                    1000.7969761088578,
                    625.8258300995161
                ],
                [
                    1023.7410010641852,
                    621.1327340859265
                ],
                [
                    1033.1271930913647,
                    619.5683687480632
                ],
                [
                    1040.9490197806808,
                    621.1327340859265
                ],
                [
                    1046.1635709068917,
                    629.4760158878636
                ],
                [
                    1052.4210322583447,
                    645.641124379117
                ],
                [
                    1077.4508776641567,
                    694.1364498528775
                ],
                [
                    1088.401435029199,
                    719.6877503713102
                ],
                [
                    1105.0879986330735,
                    729.5953975111108
                ],
                [
                    1113.4312804350106,
                    738.9815895382902
                ],
                [
                    1129.5963889262641,
                    759.8397940431333
                ],
                [
                    1147.325862755381,
                    766.6187105072073
                ],
                [
                    1170.7913428233294,
                    792.1700110256402
                ],
                [
                    1192.1710024407937,
                    810.9423950799991
                ],
                [
                    1197.3855535670048,
                    824.500228008147
                ],
                [
                    1198.9499189048677,
                    833.3649649227053
                ],
                [
                    1159.840785458287,
                    829.7147791343577
                ],
                [
                    1107.173819083558,
                    828.6718689091156
                ],
                [
                    1050.3352118078603,
                    834.4078751479475
                ],
                [
                    1024.7839112894276,
                    834.4078751479475
                ],
                [
                    1004.9686170098265,
                    809.3780297421358
                ],
                [
                    991.4107840816787,
                    794.2558314761245
                ],
                [
                    970.5525795768352,
                    776.0049025343866
                ]
            ]
        },
        {
            "ID": "5",
            "CLASS": "금속캔",
            "DETAILS": "알루미늄캔",
            "DAMAGE": "찌그러짐",
            "DIRTINESS": "오염없음",
            "COVER": "없음",
            "TRANSPARENCY": "불투명",
            "SHAPE": "뚱뚱한 원통형",
            "SHAPE_TYPE": "POLYGON",
            "POINTS": [
                [
                    1205.0508255319148,
                    911.8610042553192
                ],
                [
                    1227.639829787234,
                    890.5269446808511
                ],
                [
                    1243.954110638298,
                    876.095080851064
                ],
                [
                    1259.6409191489363,
                    862.9181617021279
                ],
                [
                    1284.7398127659576,
                    840.9566297872343
                ],
                [
                    1296.6617872340428,
                    832.7994893617022
                ],
                [
                    1306.701344680851,
                    830.9170723404256
                ],
                [
                    1323.015625531915,
                    832.1720170212767
                ],
                [
                    1334.3101276595746,
                    837.8192680851066
                ],
                [
                    1348.1145191489363,
                    845.3489361702128
                ],
                [
                    1396.4298893617024,
                    871.7027744680852
                ],
                [
                    1405.2145021276597,
                    894.2917787234045
                ],
                [
                    1409.6068085106385,
                    909.9785872340427
                ],
                [
                    1410.2342808510639,
                    944.489565957447
                ],
                [
                    1410.2342808510639,
                    961.4313191489364
                ],
                [
                    1439.725480851064,
                    989.0401021276598
                ],
                [
                    1454.7848170212767,
                    1008.4917446808513
                ],
                [
                    1459.1771234042558,
                    1027.3159148936172
                ],
                [
                    1460.4320680851065,
                    1047.395029787234
                ],
                [
                    1456.6672340425534,
                    1071.2389787234044
                ],
                [
                    1454.784817021277,
                    1079.3961191489366
                ],
                [
                    1255.2486127659577,
                    1079.3961191489366
                ],
                [
                    1248.346417021277,
                    1068.7290893617026
                ],
                [
                    1235.7969702127662,
                    1012.8840510638303
                ],
                [
                    1213.8354382978725,
                    975.2357106382982
                ],
                [
                    1207.5607148936172,
                    957.0390127659578
                ],
                [
                    1208.1881872340427,
                    941.3522042553195
                ],
                [
                    1206.3057702127662,
                    930.6851744680855
                ],
                [
                    1203.7958808510639,
                    923.7829787234045
                ],
                [
                    1202.540936170213,
                    920.0181446808514
                ]
            ]
        }
    ]
}