{
    "IMAGE_INFO": {
        "FILE_NAME": "1011293@0_01002_220906_P1_T3__2183.jpg",
        "DATE": "2022-10-21 12:27:01",
        "RESOLUTION": "1920 x 1080",
        "IMAGE_PHOTOGRAPHER": "김건무",
        "FOCUS_DISTANCE": "5.0",
        "EXPOSURE_TIME": "1/320",
        "SENSITIVITY_ISO": "6400",
        "PLACE": "삼오자원",
        "REGION_NAME": null,
        "Direction": "0",
        "HEIGHT": "100",
        "DAY/NIGHT": "주간",
        "WEATHER": "맑음",
        "IMAGE_HEIGHT": 1080,
        "IMAGE_WIDTH": 1920,
        "IMAGE_SIZE": "569.9 KB"
    },
    "ANNOTATION_INFO": [
        {
            "ID": "1",
            "CLASS": "금속캔",
            "DETAILS": "알루미늄캔",
            "DAMAGE": "찌그러짐",
            "DIRTINESS": "오염없음",
            "COVER": "없음",
            "TRANSPARENCY": "불투명",
            "SHAPE": "뚱뚱하고 긴 원통형",
            "SHAPE_TYPE": "POLYGON",
            "POINTS": [
                [
                    832.5749106382979,
                    363.9845106382979
                ],
                [
                    876.4979744680852,
                    275.5109106382979
                ],
                [
                    929.8331234042555,
                    206.48895319148937
                ],
                [
                    954.9320170212768,
                    154.40874893617024
                ],
                [
                    980.0309106382981,
                    123.66260425531914
                ],
                [
                    996.9726638297873,
                    114.25051914893615
                ],
                [
                    1008.267165957447,
                    107.97579574468084
                ],
                [
                    1023.3265021276598,
                    103.58348936170212
                ],
                [
                    1039.6407829787238,
                    103.58348936170212
                ],
                [
                    1060.3473702127662,
                    110.48568510638297
                ],
                [
                    1079.7990127659575,
                    123.0351319148936
                ],
                [
                    1091.093514893617,
                    136.21205106382976
                ],
                [
                    1099.250655319149,
                    153.15380425531913
                ],
                [
                    1100.5056000000002,
                    161.31094468085104
                ],
                [
                    1100.5056000000002,
                    176.37028085106382
                ],
                [
                    1102.3880170212767,
                    192.05708936170214
                ],
                [
                    1087.9561531914896,
                    252.92190638297876
                ],
                [
                    1072.2693446808512,
                    303.74716595744684
                ],
                [
                    1056.582536170213,
                    328.2185872340426
                ],
                [
                    1040.8957276595747,
                    337.63067234042563
                ],
                [
                    1025.2089191489363,
                    370.2592340425532
                ],
                [
                    1017.6792510638301,
                    385.94604255319155
                ],
                [
                    1010.7770553191491,
                    395.3581276595745
                ],
                [
                    1003.4385702127661,
                    407.09627234042546
                ],
                [
                    994.0264851063832,
                    419.01824680851064
                ],
                [
                    983.7957446808512,
                    427.35921702127666
                ],
                [
                    968.7364085106383,
                    446.18338723404264
                ],
                [
                    950.539710638298,
                    452.45811063829797
                ],
                [
                    929.20565106383,
                    454.3405276595746
                ],
                [
                    906.6166468085107,
                    449.3207489361703
                ],
                [
                    879.0078638297873,
                    433.633940425532
                ],
                [
                    856.4188595744681,
                    416.6921872340427
                ],
                [
                    843.8694127659576,
                    398.49548936170214
                ],
                [
                    833.829855319149,
                    383.43615319148944
                ],
                [
                    831.3199659574468,
                    372.7691234042554
                ]
            ]
        },
        {
            "ID": "2",
            "CLASS": "금속캔",
            "DETAILS": "알루미늄캔",
            "DAMAGE": "찌그러짐",
            "DIRTINESS": "오염없음",
            "COVER": "없음",
            "TRANSPARENCY": "불투명",
            "SHAPE": "뚱뚱한 원통형",
            "SHAPE_TYPE": "POLYGON",
            "POINTS": [
                [
                    1057.5517848510638,
                    326.06198440851057
                ],
                [
                    1072.008747574468,
                    319.957933480851
                ],
                [
                    1101.2439388595747,
                    319.957933480851
                ],
                [
                    1121.4836866723404,
                    322.20679434893617
                ],
                [
                    1148.4700170893618,
                    330.55970614468083
                ],
                [
                    1163.5695114893617,
                    339.87641545531915
                ],
                [
                    1172.5649549617021,
                    352.40578314893617
                ],
                [
                    1184.4517909787235,
                    360.11616326808513
                ],
                [
                    1190.8771077446809,
                    369.43287257872333
                ],
                [
                    1200.1938170553192,
                    409.91236820425536
                ],
                [
                    1204.6915387914896,
                    453.6045222127661
                ],
                [
                    1189.9133102297874,
                    529.7445258893619
                ],
                [
                    1179.6328034042554,
                    562.8349072340428
                ],
                [
                    1171.9224232851066,
                    572.7941482212767
                ],
                [
                    1161.9631822978727,
                    584.3597184000001
                ],
                [
                    1140.1171052936172,
                    595.9252885787236
                ],
                [
                    1137.8682444255319,
                    603.3144028595747
                ],
                [
                    1132.4067251744682,
                    609.7397196255321
                ],
                [
                    1120.841154995745,
                    613.2736438468087
                ],
                [
                    1103.1715338893619,
                    615.201238876596
                ],
                [
                    1067.8322916765958,
                    609.0971879489365
                ],
                [
                    1037.9545687148939,
                    600.4230103148939
                ],
                [
                    1022.5338084765958,
                    594.6402252255322
                ],
                [
                    1017.072289225532,
                    588.2149084595746
                ],
                [
                    1013.5383650042554,
                    584.680984238298
                ],
                [
                    1012.8958333276596,
                    575.0430090893618
                ],
                [
                    996.5112755744682,
                    545.1652861276598
                ],
                [
                    993.6198830297874,
                    528.1381966978724
                ],
                [
                    985.9095029106384,
                    483.8035110127661
                ],
                [
                    985.2669712340427,
                    472.55920667234057
                ],
                [
                    1001.3302631489363,
                    424.6905967659576
                ],
                [
                    1017.39355506383,
                    388.38755703829787
                ],
                [
                    1040.203429582979,
                    336.9850229106383
                ]
            ]
        },
        {
            "ID": "3",
            "CLASS": "금속캔",
            "DETAILS": "알루미늄캔",
            "DAMAGE": "찌그러짐",
            "DIRTINESS": "오염없음",
            "COVER": "없음",
            "TRANSPARENCY": "불투명",
            "SHAPE": "뚱뚱하고 긴 원통형",
            "SHAPE_TYPE": "POLYGON",
            "POINTS": [
                [
                    1010.7697021276596,
                    959.715574468085
                ],
                [
                    975.0037787234041,
                    859.9474723404255
                ],
                [
                    963.0818042553192,
                    846.1430808510637
                ],
                [
                    959.9444425531916,
                    837.3584680851062
                ],
                [
                    959.9444425531916,
                    821.671659574468
                ],
                [
                    969.3565276595745,
                    805.3573787234042
                ],
                [
                    977.5136680851065,
                    785.2782638297871
                ],
                [
                    994.4554212765959,
                    775.8661787234042
                ],
                [
                    1007.632340425532,
                    763.9442042553192
                ],
                [
                    1050.9279319148936,
                    750.1398127659573
                ],
                [
                    1101.7531914893618,
                    738.2178382978723
                ],
                [
                    1115.5575829787235,
                    739.4727829787232
                ],
                [
                    1121.204834042553,
                    743.8650893617021
                ],
                [
                    1133.7542808510639,
                    743.8650893617021
                ],
                [
                    1142.5388936170216,
                    747.0024510638297
                ],
                [
                    1158.8531744680852,
                    763.9442042553192
                ],
                [
                    1170.7751489361704,
                    780.2584851063829
                ],
                [
                    1176.4224000000002,
                    793.4354042553191
                ],
                [
                    1193.3641531914895,
                    824.8090212765957
                ],
                [
                    1200.8938212765956,
                    832.3386893617021
                ],
                [
                    1242.9344680851066,
                    923.3221787234042
                ],
                [
                    1268.0333617021279,
                    1000.5012765957448
                ],
                [
                    1280.5828085106384,
                    1052.5814808510636
                ],
                [
                    1270.5432510638298,
                    1078.3078468085105
                ],
                [
                    1082.9290212765957,
                    1078.935319148936
                ],
                [
                    1041.5158468085106,
                    1077.680374468085
                ],
                [
                    1020.1817872340426,
                    1021.207863829787
                ],
                [
                    1008.2598127659575,
                    1001.1287489361702
                ]
            ]
        }
    ]
}