{
    "IMAGE_INFO": {
        "FILE_NAME": "1011312@0_01002_220906_P1_T3__1903.jpg",
        "DATE": "2022-10-21 12:26:24",
        "RESOLUTION": "1920 x 1080",
        "IMAGE_PHOTOGRAPHER": "김건무",
        "FOCUS_DISTANCE": "5.0",
        "EXPOSURE_TIME": "1/320",
        "SENSITIVITY_ISO": "6400",
        "PLACE": "삼오자원",
        "REGION_NAME": null,
        "Direction": "0",
        "HEIGHT": "100",
        "DAY/NIGHT": "주간",
        "WEATHER": "맑음",
        "IMAGE_HEIGHT": 1080,
        "IMAGE_WIDTH": 1920,
        "IMAGE_SIZE": "497.6 KB"
    },
    "ANNOTATION_INFO": [
        {
            "ID": "1",
            "CLASS": "금속캔",
            "DETAILS": "알루미늄캔",
            "DAMAGE": "찌그러짐",
            "DIRTINESS": "오염없음",
            "COVER": "없음",
            "TRANSPARENCY": "불투명",
            "SHAPE": "뚱뚱한 원통형",
            "SHAPE_TYPE": "POLYGON",
            "POINTS": [
                [
                    881.8520782978727,
                    535.9658553191489
                ],
                [
                    894.9035029787237,
                    506.34916085106374
                ],
                [
                    906.4489940425536,
                    490.7878468085105
                ],
                [
                    923.516241702128,
                    477.73642212765947
                ],
                [
                    938.5755778723407,
                    472.7166434042552
                ],
                [
                    949.6190910638302,
                    471.7126876595743
                ],
                [
                    962.1685378723407,
                    471.7126876595743
                ],
                [
                    973.7140289361705,
                    478.7403778723403
                ],
                [
                    981.7456748936173,
                    477.73642212765947
                ],
                [
                    996.3030331914898,
                    480.2463114893615
                ],
                [
                    1013.8722587234047,
                    487.2740017021275
                ],
                [
                    1049.5126876595748,
                    507.8550944680849
                ],
                [
                    1087.1610280851069,
                    532.9539880851063
                ],
                [
                    1100.212452765958,
                    545.0014570212765
                ],
                [
                    1116.2757446808514,
                    596.2031999999998
                ],
                [
                    1126.31530212766,
                    644.8950536170213
                ],
                [
                    1126.31530212766,
                    657.4445004255319
                ],
                [
                    1116.2757446808514,
                    679.0295489361702
                ],
                [
                    1105.232231489362,
                    689.0691063829787
                ],
                [
                    1093.1847625531918,
                    691.5789957446808
                ],
                [
                    1084.1491608510644,
                    698.6066859574468
                ],
                [
                    1068.0858689361708,
                    702.1205310638297
                ],
                [
                    1024.4137940425533,
                    705.1323982978723
                ],
                [
                    995.299077446809,
                    710.654154893617
                ],
                [
                    976.725896170213,
                    714.168
                ],
                [
                    970.2001838297875,
                    713.6660221276596
                ],
                [
                    963.674471489362,
                    711.1561327659573
                ],
                [
                    956.646781276596,
                    711.1561327659573
                ],
                [
                    951.1250246808513,
                    711.6581106382978
                ],
                [
                    945.1012902127663,
                    708.6462434042553
                ],
                [
                    908.4569055319151,
                    665.4761463829788
                ],
                [
                    897.9153702127661,
                    649.9148323404255
                ],
                [
                    889.381746382979,
                    650.4168102127659
                ],
                [
                    887.8758127659577,
                    645.3970314893617
                ],
                [
                    890.8876800000003,
                    620.8001157446807
                ],
                [
                    893.3975693617023,
                    593.6933106382978
                ],
                [
                    884.8639455319151,
                    580.6418859574468
                ],
                [
                    880.8481225531917,
                    559.0568374468083
                ]
            ]
        }
    ]
}