{
    "IMAGE_INFO": {
        "FILE_NAME": "1011146@0_01002_220906_P1_T3__1313.jpg",
        "DATE": "2022-10-21 12:16:44",
        "RESOLUTION": "1920 x 1080",
        "IMAGE_PHOTOGRAPHER": "김건무",
        "FOCUS_DISTANCE": "5.0",
        "EXPOSURE_TIME": "1/320",
        "SENSITIVITY_ISO": "6400",
        "PLACE": "삼오자원",
        "REGION_NAME": null,
        "Direction": "0",
        "HEIGHT": "100",
        "DAY/NIGHT": "주간",
        "WEATHER": "맑음",
        "IMAGE_HEIGHT": 1080,
        "IMAGE_WIDTH": 1920,
        "IMAGE_SIZE": "648.1 KB"
    },
    "ANNOTATION_INFO": [
        {
            "ID": "1",
            "CLASS": "금속캔",
            "DETAILS": "알루미늄캔",
            "DAMAGE": "찌그러짐",
            "DIRTINESS": "오염없음",
            "COVER": "없음",
            "TRANSPARENCY": "불투명",
            "SHAPE": "홀쭉한 원통형",
            "SHAPE_TYPE": "BOX",
            "POINTS": [
                [
                    1502.5662007903413,
                    835.589738638607,
                    232.41856327365736,
                    244.41026136139305
                ]
            ]
        },
        {
            "ID": "2",
            "CLASS": "금속캔",
            "DETAILS": "알루미늄캔",
            "DAMAGE": "찌그러짐",
            "DIRTINESS": "오염없음",
            "COVER": "없음",
            "TRANSPARENCY": "불투명",
            "SHAPE": "홀쭉한 원통형",
            "SHAPE_TYPE": "BOX",
            "POINTS": [
                [
                    568.5960778235893,
                    0,
                    149.62708053679114,
                    254.8240473564651
                ]
            ]
        },
        {
            "ID": "3",
            "CLASS": "금속캔",
            "DETAILS": "알루미늄캔",
            "DAMAGE": "찌그러짐",
            "DIRTINESS": "이물질(외부)",
            "COVER": "없음",
            "TRANSPARENCY": "불투명",
            "SHAPE": "홀쭉한 원통형",
            "SHAPE_TYPE": "BOX",
            "POINTS": [
                [
                    531.8834582839474,
                    282.86184748771177,
                    203.95786339519225,
                    261.30417006125856
                ]
            ]
        },
        {
            "ID": "4",
            "CLASS": "금속캔",
            "DETAILS": "알루미늄캔",
            "DAMAGE": "찌그러짐",
            "DIRTINESS": "이물질(외부)",
            "COVER": "겹침",
            "TRANSPARENCY": "불투명",
            "SHAPE": "뚱뚱하고 긴 원통형",
            "SHAPE_TYPE": "BOX",
            "POINTS": [
                [
                    719.0896059680595,
                    0,
                    291.2387489322523,
                    182.6788841944319
                ]
            ]
        },
        {
            "ID": "5",
            "CLASS": "금속캔",
            "DETAILS": "알루미늄캔",
            "DAMAGE": "찌그러짐",
            "DIRTINESS": "오염없음",
            "COVER": "없음",
            "TRANSPARENCY": "불투명",
            "SHAPE": "뚱뚱하고 긴 원통형",
            "SHAPE_TYPE": "BOX",
            "POINTS": [
                [
                    889.6082730154053,
                    60.51924779461708,
                    269.2277033248083,
                    263.1156214833762
                ]
            ]
        },
        {
            "ID": "6",
            "CLASS": "금속캔",
            "DETAILS": "알루미늄캔",
            "DAMAGE": "찌그러짐",
            "DIRTINESS": "이물질(외부)",
            "COVER": "없음",
            "TRANSPARENCY": "불투명",
            "SHAPE": "뚱뚱하고 긴 원통형",
            "SHAPE_TYPE": "BOX",
            "POINTS": [
                [
                    700.0717860261468,
                    156.563315673901,
                    273.80136842148363,
                    254.637224396931
                ]
            ]
        }
    ]
}