{
    "IMAGE_INFO": {
        "FILE_NAME": "1011371@0_01002_220906_P1_T3__2242.jpg",
        "DATE": "2022-10-21 12:27:09",
        "RESOLUTION": "1920 x 1080",
        "IMAGE_PHOTOGRAPHER": "김건무",
        "FOCUS_DISTANCE": "5.0",
        "EXPOSURE_TIME": "1/320",
        "SENSITIVITY_ISO": "6400",
        "PLACE": "삼오자원",
        "REGION_NAME": null,
        "Direction": "0",
        "HEIGHT": "100",
        "DAY/NIGHT": "주간",
        "WEATHER": "맑음",
        "IMAGE_HEIGHT": 1080,
        "IMAGE_WIDTH": 1920,
        "IMAGE_SIZE": "568.6 KB"
    },
    "ANNOTATION_INFO": [
        {
            "ID": "1",
            "CLASS": "금속캔",
            "DETAILS": "알루미늄캔",
            "DAMAGE": "찌그러짐",
            "DIRTINESS": "이물질(외부)",
            "COVER": "없음",
            "TRANSPARENCY": "불투명",
            "SHAPE": "뚱뚱한 원통형",
            "SHAPE_TYPE": "POLYGON",
            "POINTS": [
                [
                    673.7337191489363,
                    315.3039319148936
                ],
                [
                    672.4787744680851,
                    298.98965106382974
                ],
                [
                    690.0480000000001,
                    253.1841702127659
                ],
                [
                    713.8919489361704,
                    221.81055319148928
                ],
                [
                    738.3633702127661,
                    209.8885787234042
                ],
                [
                    758.4424851063832,
                    208.63363404255313
                ],
                [
                    787.9336851063832,
                    211.14352340425523
                ],
                [
                    792.3259914893617,
                    206.75121702127652
                ],
                [
                    797.9732425531917,
                    206.75121702127652
                ],
                [
                    811.1501617021278,
                    233.73252765957443
                ],
                [
                    826.2094978723406,
                    249.41933617021272
                ],
                [
                    858.2105872340427,
                    270.1259234042553
                ],
                [
                    862.6028936170214,
                    274.51822978723396
                ],
                [
                    851.3083914893618,
                    272.0083404255319
                ],
                [
                    875.1523404255321,
                    287.0676765957447
                ],
                [
                    875.1523404255321,
                    293.9698723404255
                ],
                [
                    867.6226723404258,
                    294.59734468085105
                ],
                [
                    870.7600340425533,
                    327.8533787234042
                ],
                [
                    857.5831148936172,
                    371.7764425531915
                ],
                [
                    852.5633361702128,
                    376.79622127659576
                ],
                [
                    841.8963063829789,
                    376.16874893617023
                ],
                [
                    817.424885106383,
                    391.22808510638293
                ],
                [
                    808.6402723404256,
                    404.40500425531917
                ],
                [
                    796.7182978723406,
                    408.7973106382978
                ],
                [
                    787.3062127659575,
                    411.9346723404255
                ],
                [
                    766.599625531915,
                    405.65994893617017
                ],
                [
                    757.8150127659576,
                    405.03247659574464
                ],
                [
                    739.6183148936171,
                    388.09072340425536
                ],
                [
                    709.4996425531916,
                    367.38413617021274
                ],
                [
                    685.0282212765958,
                    341.65777021276597
                ],
                [
                    678.126025531915,
                    333.50062978723406
                ],
                [
                    678.126025531915,
                    325.9709617021277
                ]
            ]
        },
        {
            "ID": "2",
            "CLASS": "금속캔",
            "DETAILS": "알루미늄캔",
            "DAMAGE": "찌그러짐",
            "DIRTINESS": "오염없음",
            "COVER": "겹침",
            "TRANSPARENCY": "불투명",
            "SHAPE": "뚱뚱한 원통형",
            "SHAPE_TYPE": "POLYGON",
            "POINTS": [
                [
                    402.7563574468085,
                    597.5684425531914
                ],
                [
                    405.89371914893616,
                    590.0387744680851
                ],
                [
                    406.5211914893616,
                    574.351965957447
                ],
                [
                    459.8563404255319,
                    526.0365957446809
                ],
                [
                    505.6618212765957,
                    494.0355063829787
                ],
                [
                    542.0552170212766,
                    470.819029787234
                ],
                [
                    634.2936510638299,
                    477.0937531914893
                ],
                [
                    663.1573787234043,
                    486.50583829787234
                ],
                [
                    668.1771574468086,
                    484.62342127659576
                ],
                [
                    670.0595744680852,
                    488.38825531914887
                ],
                [
                    685.118910638298,
                    532.3113191489361
                ],
                [
                    687.6288000000001,
                    540.468459574468
                ],
                [
                    702.6881361702128,
                    553.6453787234043
                ],
                [
                    712.1002212765958,
                    572.4695489361702
                ],
                [
                    708.9628595744681,
                    574.351965957447
                ],
                [
                    702.0606638297874,
                    569.3321872340425
                ],
                [
                    718.3749446808512,
                    594.4310808510638
                ],
                [
                    719.0024170212768,
                    601.3332765957447
                ],
                [
                    709.5903319148937,
                    602.5882212765957
                ],
                [
                    693.9035234042553,
                    612.6277787234043
                ],
                [
                    675.0793531914894,
                    627.687114893617
                ],
                [
                    661.9024340425532,
                    644.6288680851064
                ],
                [
                    655.6277106382979,
                    662.1980936170212
                ],
                [
                    649.9804595744681,
                    681.0222638297872
                ],
                [
                    611.7046468085106,
                    697.9640170212766
                ],
                [
                    566.5266382978725,
                    709.2585191489362
                ],
                [
                    503.77940425531915,
                    727.4552170212767
                ],
                [
                    478.0530382978723,
                    726.2002723404256
                ],
                [
                    459.8563404255319,
                    713.650825531915
                ],
                [
                    451.8265572765958,
                    710.8805351489361
                ],
                [
                    428.48272340425524,
                    650.9035914893617
                ],
                [
                    410.28602553191485,
                    616.3926127659574
                ]
            ]
        },
        {
            "ID": "3",
            "CLASS": "금속캔",
            "DETAILS": "알루미늄캔",
            "DAMAGE": "찌그러짐",
            "DIRTINESS": "오염없음",
            "COVER": "겹침",
            "TRANSPARENCY": "불투명",
            "SHAPE": "뚱뚱하고 긴 원통형",
            "SHAPE_TYPE": "POLYGON",
            "POINTS": [
                [
                    448.00432039722216,
                    534.83814961496
                ],
                [
                    435.78271619516573,
                    521.2585893904527
                ],
                [
                    416.7713318808556,
                    475.08808462712807
                ],
                [
                    402.5127936451229,
                    436.3863379872824
                ],
                [
                    393.0071014879678,
                    436.3863379872824
                ],
                [
                    389.61221143184105,
                    430.2755358862541
                ],
                [
                    398.43892557777076,
                    403.7953934484649
                ],
                [
                    381.4644752971367,
                    374.59933896577434
                ],
                [
                    380.7854972859113,
                    369.8464928871968
                ],
                [
                    354.98433285934755,
                    344.0453284606331
                ],
                [
                    351.58944280322066,
                    334.5396363034779
                ],
                [
                    349.55250876954454,
                    311.4543839218156
                ],
                [
                    344.12068467974177,
                    304.664603809562
                ],
                [
                    342.0837506460656,
                    298.55380170853374
                ],
                [
                    344.79966269096707,
                    280.90037341667426
                ],
                [
                    355.66331087057284,
                    261.8889891023641
                ],
                [
                    389.61221143184093,
                    233.37191263089886
                ],
                [
                    418.8082659145316,
                    225.90315450741988
                ],
                [
                    435.10373818394027,
                    228.61906655232133
                ],
                [
                    446.6463643747714,
                    237.44578069825104
                ],
                [
                    472.44752880133524,
                    243.55658279927928
                ],
                [
                    507.75438538505415,
                    270.03672523706854
                ],
                [
                    517.9390555534346,
                    331.1447462473511
                ],
                [
                    513.8651874860824,
                    352.1930645953373
                ],
                [
                    524.7288356656882,
                    384.10503112292935
                ],
                [
                    535.5924838452939,
                    402.43743742601424
                ],
                [
                    553.9248901483788,
                    409.9061955494933
                ],
                [
                    569.5413844065621,
                    420.7698437290991
                ],
                [
                    580.4050325861679,
                    437.74429400973315
                ],
                [
                    586.5158346871962,
                    456.07670031281793
                ],
                [
                    594.6635708219005,
                    474.4091066159027
                ],
                [
                    542.3822639575476,
                    471.01421655977595
                ]
            ]
        },
        {
            "ID": "4",
            "CLASS": "금속캔",
            "DETAILS": "알루미늄캔",
            "DAMAGE": "찌그러짐",
            "DIRTINESS": "오염없음",
            "COVER": "없음",
            "TRANSPARENCY": "불투명",
            "SHAPE": "뚱뚱하고 긴 원통형",
            "SHAPE_TYPE": "POLYGON",
            "POINTS": [
                [
                    469.2252868085107,
                    241.75162417021278
                ],
                [
                    471.2331982978723,
                    207.2155465531915
                ],
                [
                    479.6664265531915,
                    198.380736
                ],
                [
                    486.4933256170213,
                    193.96333072340423
                ],
                [
                    491.3123131914894,
                    187.93959625531915
                ],
                [
                    502.1550352340426,
                    180.711114893617
                ],
                [
                    527.0531377021277,
                    170.6715574468085
                ],
                [
                    559.1797215319149,
                    161.43516459574465
                ],
                [
                    578.054089531915,
                    157.01775931914892
                ],
                [
                    588.4952292765958,
                    158.62408851063824
                ],
                [
                    596.928457531915,
                    161.0335822978723
                ],
                [
                    606.9680149787234,
                    161.0335822978723
                ],
                [
                    616.6059901276598,
                    167.0573167659574
                ],
                [
                    630.6613705531915,
                    184.72693787234041
                ],
                [
                    632.6692820425533,
                    191.15225463829788
                ],
                [
                    623.0313068936172,
                    209.62504034042556
                ],
                [
                    612.9917494468085,
                    213.23928102127658
                ],
                [
                    622.6297245957447,
                    222.87725617021275
                ],
                [
                    633.472446638298,
                    229.70415523404253
                ],
                [
                    653.5515615319151,
                    265.0433974468085
                ],
                [
                    670.8196003404257,
                    297.5715635744681
                ],
                [
                    674.0322587234043,
                    311.22536170212766
                ],
                [
                    678.8512462978725,
                    329.69814740425534
                ],
                [
                    682.0639046808512,
                    347.7693508085107
                ],
                [
                    678.8512462978725,
                    365.43897191489367
                ],
                [
                    668.0085242553193,
                    383.91175761702135
                ],
                [
                    660.7800428936171,
                    395.15606195744687
                ],
                [
                    643.110421787234,
                    407.2035308936171
                ],
                [
                    628.6534590638299,
                    414.43201225531914
                ],
                [
                    610.9838379574469,
                    417.2430883404256
                ],
                [
                    601.3458628085106,
                    414.8335945531916
                ],
                [
                    594.1173814468086,
                    413.62884765957455
                ],
                [
                    586.0857354893618,
                    414.8335945531916
                ],
                [
                    577.2509249361702,
                    416.439923744681
                ],
                [
                    568.0145320851063,
                    417.2430883404256
                ],
                [
                    551.1480755744681,
                    408.80986008510644
                ],
                [
                    533.4784544680851,
                    397.16397344680854
                ],
                [
                    524.6436439148937,
                    384.3133399148937
                ],
                [
                    513.8009218723405,
                    352.1867560851064
                ],
                [
                    518.6199094468085,
                    329.69814740425534
                ],
                [
                    507.3756051063831,
                    269.4608027234043
                ]
            ]
        },
        {
            "ID": "5",
            "CLASS": "금속캔",
            "DETAILS": "알루미늄캔",
            "DAMAGE": "찌그러짐",
            "DIRTINESS": "오염없음",
            "COVER": "겹침",
            "TRANSPARENCY": "불투명",
            "SHAPE": "홀쭉한 원통형",
            "SHAPE_TYPE": "POLYGON",
            "POINTS": [
                [
                    624.9585293617023,
                    222.78901787234048
                ],
                [
                    626.4644629787235,
                    206.22374808510645
                ],
                [
                    638.0099540425533,
                    179.6189208510639
                ],
                [
                    650.559400851064,
                    157.02991659574474
                ],
                [
                    666.6226927659575,
                    138.95871319148944
                ],
                [
                    687.203785531915,
                    128.41717787234043
                ],
                [
                    693.7294978723405,
                    120.88750978723402
                ],
                [
                    720.3343251063831,
                    100.808394893617
                ],
                [
                    729.3699268085107,
                    93.78070468085106
                ],
                [
                    735.8956391489363,
                    87.75697021276596
                ],
                [
                    744.931240851064,
                    84.24312510638298
                ],
                [
                    767.5202451063831,
                    78.21939063829787
                ],
                [
                    781.0736476595746,
                    76.21147914893616
                ],
                [
                    785.0894706382982,
                    73.70158978723403
                ],
                [
                    791.1132051063831,
                    72.19565617021276
                ],
                [
                    798.140895319149,
                    72.69763404255319
                ],
                [
                    815.2081429787235,
                    82.23521361702129
                ],
                [
                    834.7852800000001,
                    98.80048340425532
                ],
                [
                    849.844616170213,
                    119.8835540425532
                ],
                [
                    857.3742842553193,
                    135.9468459574468
                ],
                [
                    855.3663727659576,
                    152.51211574468087
                ],
                [
                    849.3426382978724,
                    163.55562893617022
                ],
                [
                    844.3228595744683,
                    174.5991421276596
                ],
                [
                    837.7971472340428,
                    180.6228765957447
                ],
                [
                    827.255611914894,
                    198.19210212765964
                ],
                [
                    822.2358331914895,
                    221.78506212765961
                ],
                [
                    807.1764970212769,
                    223.79297361702135
                ],
                [
                    799.14485106383,
                    207.2277038297873
                ],
                [
                    792.117160851064,
                    206.72572595744688
                ],
                [
                    787.0973821276597,
                    211.2435268085107
                ],
                [
                    751.4569531914896,
                    208.7336374468086
                ],
                [
                    739.9114621276598,
                    209.235615319149
                ],
                [
                    712.8046570212766,
                    221.78506212765961
                ],
                [
                    689.2116970212768,
                    254.4136238297873
                ],
                [
                    676.1602723404256,
                    287.042185531915
                ],
                [
                    658.0890689361704,
                    274.49273872340433
                ],
                [
                    632.990175319149,
                    228.8127523404256
                ]
            ]
        }
    ]
}