{
    "IMAGE_INFO": {
        "FILE_NAME": "1011294@0_01002_220906_P1_T3__1907.jpg",
        "DATE": "2022-10-21 12:26:24",
        "RESOLUTION": "1920 x 1080",
        "IMAGE_PHOTOGRAPHER": "김건무",
        "FOCUS_DISTANCE": "5.0",
        "EXPOSURE_TIME": "1/320",
        "SENSITIVITY_ISO": "6400",
        "PLACE": "삼오자원",
        "REGION_NAME": null,
        "Direction": "0",
        "HEIGHT": "100",
        "DAY/NIGHT": "주간",
        "WEATHER": "맑음",
        "IMAGE_HEIGHT": 1080,
        "IMAGE_WIDTH": 1920,
        "IMAGE_SIZE": "524.4 KB"
    },
    "ANNOTATION_INFO": [
        {
            "ID": "1",
            "CLASS": "금속캔",
            "DETAILS": "알루미늄캔",
            "DAMAGE": "찌그러짐",
            "DIRTINESS": "오염없음",
            "COVER": "없음",
            "TRANSPARENCY": "불투명",
            "SHAPE": "홀쭉한 원통형",
            "SHAPE_TYPE": "POLYGON",
            "POINTS": [
                [
                    1066.8837691914894,
                    32.82872782978721
                ],
                [
                    1097.0024415319149,
                    18.371765106382952
                ],
                [
                    1115.8768095319151,
                    13.552777531914867
                ],
                [
                    1126.3179492765958,
                    15.560689021276568
                ],
                [
                    1135.5543421276598,
                    22.387588085106355
                ],
                [
                    1140.774912,
                    29.214487148936144
                ],
                [
                    1155.2318747234044,
                    39.254044595744666
                ],
                [
                    1173.704660425532,
                    57.72683029787233
                ],
                [
                    1208.6423203404256,
                    97.0818954893617
                ],
                [
                    1216.6739662978725,
                    106.71987063829786
                ],
                [
                    1223.5008653617022,
                    138.04328987234044
                ],
                [
                    1224.7056122553195,
                    177.39835506382983
                ],
                [
                    1223.9024476595746,
                    185.83158331914896
                ],
                [
                    1217.0755485957447,
                    200.6901283404256
                ],
                [
                    1208.2407380425534,
                    212.33601497872345
                ],
                [
                    1186.555293957447,
                    228.8008891914894
                ],
                [
                    1164.066685276596,
                    239.6436112340426
                ],
                [
                    1148.8065579574472,
                    244.46259880851068
                ],
                [
                    1134.3495952340425,
                    245.26576340425535
                ],
                [
                    1123.1052908936172,
                    243.25785191489365
                ],
                [
                    1114.2704803404258,
                    239.6436112340426
                ],
                [
                    1099.0103530212768,
                    229.20247148936176
                ],
                [
                    1082.1438965106386,
                    205.50911591489367
                ],
                [
                    1069.2932629787235,
                    181.4141780425532
                ],
                [
                    1063.6711108085108,
                    168.16196221276599
                ],
                [
                    1064.4742754042556,
                    141.25594825531917
                ],
                [
                    1056.844211744681,
                    133.6258845957447
                ],
                [
                    1046.8046542978725,
                    123.18474485106384
                ],
                [
                    1041.584084425532,
                    113.948352
                ],
                [
                    1039.5761729361702,
                    101.09771846808512
                ],
                [
                    1041.584084425532,
                    78.20752748936171
                ],
                [
                    1041.584084425532,
                    62.54581787234041
                ],
                [
                    1049.6157303829789,
                    46.48252595744679
                ],
                [
                    1057.6473763404256,
                    38.450879999999984
                ]
            ]
        },
        {
            "ID": "2",
            "CLASS": "금속캔",
            "DETAILS": "알루미늄캔",
            "DAMAGE": "원형",
            "DIRTINESS": "오염없음",
            "COVER": "없음",
            "TRANSPARENCY": "불투명",
            "SHAPE": "홀쭉한 원통형",
            "SHAPE_TYPE": "POLYGON",
            "POINTS": [
                [
                    414.2239046808511,
                    0.4402723404255181
                ],
                [
                    405.6902808510639,
                    26.04114382978722
                ],
                [
                    405.18830297872347,
                    40.59850212765958
                ],
                [
                    406.69423659574466,
                    55.657838297872345
                ],
                [
                    409.7061038297873,
                    65.69739574468088
                ],
                [
                    417.7377497872341,
                    77.24288680851066
                ],
                [
                    459.90389106382986,
                    93.30617872340429
                ],
                [
                    563.3113327659574,
                    134.97034212765962
                ],
                [
                    598.4497838297873,
                    145.51187744680854
                ],
                [
                    611.5012085106384,
                    146.013855319149
                ],
                [
                    622.5447217021278,
                    141.49605446808513
                ],
                [
                    634.0902127659576,
                    127.44067404255323
                ],
                [
                    644.6317480851066,
                    109.3694706382979
                ],
                [
                    650.1535046808513,
                    84.77255489361706
                ],
                [
                    651.6594382978725,
                    64.19146212765958
                ],
                [
                    645.6357038297874,
                    52.64597106382978
                ],
                [
                    640.6159251063831,
                    44.112347234042566
                ],
                [
                    630.0743897872342,
                    37.08465702127659
                ],
                [
                    529.1768374468086,
                    4.95807319148936
                ],
                [
                    521.1451914893618,
                    0.942250212765945
                ],
                [
                    515.1214570212767,
                    -0.5636834042553355
                ],
                [
                    444.34257702127667,
                    -0.061705531914908726
                ]
            ]
        }
    ]
}