{
    "IMAGE_INFO": {
        "FILE_NAME": "1011289@0_01002_220906_P1_T3__2280.jpg",
        "DATE": "2022-10-21 12:27:14",
        "RESOLUTION": "1920 x 1080",
        "IMAGE_PHOTOGRAPHER": "김건무",
        "FOCUS_DISTANCE": "5.0",
        "EXPOSURE_TIME": "1/320",
        "SENSITIVITY_ISO": "6400",
        "PLACE": "삼오자원",
        "REGION_NAME": null,
        "Direction": "0",
        "HEIGHT": "100",
        "DAY/NIGHT": "주간",
        "WEATHER": "맑음",
        "IMAGE_HEIGHT": 1080,
        "IMAGE_WIDTH": 1920,
        "IMAGE_SIZE": "553.9 KB"
    },
    "ANNOTATION_INFO": [
        {
            "ID": "1",
            "CLASS": "금속캔",
            "DETAILS": "알루미늄캔",
            "DAMAGE": "찌그러짐",
            "DIRTINESS": "오염없음",
            "COVER": "없음",
            "TRANSPARENCY": "불투명",
            "SHAPE": "뚱뚱하고 긴 원통형",
            "SHAPE_TYPE": "POLYGON",
            "POINTS": [
                [
                    463.87602628085125,
                    103.01786226382977
                ],
                [
                    469.33754553191505,
                    95.62874798297871
                ],
                [
                    475.4415964595746,
                    91.45229208510638
                ],
                [
                    482.83071074042573,
                    90.80976040851063
                ],
                [
                    489.89855918297883,
                    92.41608959999999
                ],
                [
                    497.93020514042564,
                    87.5971020255319
                ],
                [
                    512.0659020255321,
                    82.77811445106381
                ],
                [
                    525.061716970213,
                    80.94984829276592
                ],
                [
                    533.8001477719151,
                    80.69283562212763
                ],
                [
                    540.4824772085109,
                    83.0059496578723
                ],
                [
                    546.1200808851066,
                    88.56089954042552
                ],
                [
                    546.7626125617024,
                    92.09482376170212
                ],
                [
                    573.7489429787237,
                    107.19431816170211
                ],
                [
                    585.6357789957449,
                    115.54722995744682
                ],
                [
                    614.5497044425534,
                    145.1036870808511
                ],
                [
                    640.893503182979,
                    180.12166345531918
                ],
                [
                    654.0654025531918,
                    208.71432306382982
                ],
                [
                    661.7757826723408,
                    209.35685474042555
                ],
                [
                    669.8074286297876,
                    211.92698144680858
                ],
                [
                    673.9838845276599,
                    222.52875411063835
                ],
                [
                    676.8752770723407,
                    228.95407087659578
                ],
                [
                    678.802872102128,
                    232.48799509787236
                ],
                [
                    681.0517329702133,
                    235.0581218042554
                ],
                [
                    682.9793280000004,
                    235.7006534808511
                ],
                [
                    683.6218596765962,
                    237.94951434893622
                ],
                [
                    684.2643913531919,
                    246.94495782127666
                ],
                [
                    684.9069230297875,
                    251.7639453957447
                ],
                [
                    682.0155304851068,
                    262.6869838978724
                ],
                [
                    675.5902137191493,
                    281.96293419574477
                ],
                [
                    672.3775553361706,
                    292.5647068595745
                ],
                [
                    666.2735044085111,
                    306.05787206808515
                ],
                [
                    652.7970142774469,
                    323.0557840340426
                ],
                [
                    636.3482033565958,
                    335.9064175659575
                ],
                [
                    624.1876795914897,
                    342.0396459574469
                ],
                [
                    610.0519827063833,
                    346.53736769361706
                ],
                [
                    594.9524883063833,
                    351.0350894297873
                ],
                [
                    573.7489429787238,
                    349.1074944000001
                ],
                [
                    551.7910347165958,
                    340.5326456374468
                ],
                [
                    542.9074225021279,
                    352.9626844595745
                ],
                [
                    541.3010933106386,
                    357.78167203404263
                ],
                [
                    532.626915676596,
                    355.5328111659575
                ],
                [
                    527.1653964255322,
                    338.82698757446815
                ],
                [
                    512.3871678638301,
                    290.63711182978733
                ],
                [
                    508.2107119659578,
                    283.24799754893615
                ],
                [
                    506.28311693617053,
                    281.320402519149
                ],
                [
                    505.9618510978727,
                    276.180149106383
                ],
                [
                    508.8532436425536,
                    269.75483234042554
                ],
                [
                    504.998053582979,
                    255.94040129361704
                ],
                [
                    496.0026101106386,
                    247.58748949787235
                ],
                [
                    489.57729334468115,
                    242.12597024680852
                ],
                [
                    483.7945082553195,
                    237.30698267234044
                ],
                [
                    479.29678651914924,
                    231.84546342127658
                ],
                [
                    480.90311571063853,
                    228.31153919999997
                ],
                [
                    482.83071074042584,
                    228.31153919999997
                ],
                [
                    471.5864064000003,
                    206.78672803404254
                ],
                [
                    465.16108963404287,
                    199.07634791489357
                ],
                [
                    459.69957038297895,
                    193.93609450212765
                ],
                [
                    451.98919026383004,
                    187.83204357446806
                ],
                [
                    448.1340002042556,
                    181.72799264680847
                ],
                [
                    446.20640517446833,
                    168.23482743829783
                ],
                [
                    445.8851393361705,
                    155.06292806808509
                ],
                [
                    447.170202689362,
                    148.63761130212762
                ],
                [
                    444.600075982979,
                    145.10368708085105
                ],
                [
                    443.31501262978753,
                    140.28469950638294
                ],
                [
                    444.2788101446811,
                    132.25305354893612
                ],
                [
                    449.4190635574471,
                    122.29381256170208
                ],
                [
                    454.55931697021305,
                    111.37077405957442
                ]
            ]
        },
        {
            "ID": "2",
            "CLASS": "금속캔",
            "DETAILS": "알루미늄캔",
            "DAMAGE": "찌그러짐",
            "DIRTINESS": "오염없음",
            "COVER": "없음",
            "TRANSPARENCY": "불투명",
            "SHAPE": "뚱뚱한 원통형",
            "SHAPE_TYPE": "POLYGON",
            "POINTS": [
                [
                    561.173514893617,
                    501.6254706382978
                ],
                [
                    562.6794485106383,
                    489.57800170212766
                ],
                [
                    565.6913157446809,
                    479.5384442553191
                ],
                [
                    573.2209838297873,
                    473.0127319148936
                ],
                [
                    579.2447182978724,
                    468.9969089361702
                ],
                [
                    588.7822978723406,
                    468.4949310638298
                ],
                [
                    595.8099880851065,
                    469.4988868085106
                ],
                [
                    593.8020765957448,
                    461.46724085106376
                ],
                [
                    593.8020765957448,
                    450.92570553191496
                ],
                [
                    595.3080102127659,
                    444.39999319148933
                ],
                [
                    600.3277889361702,
                    434.8624136170213
                ],
                [
                    603.8416340425532,
                    430.84659063829787
                ],
                [
                    608.8614127659575,
                    427.83472340425527
                ],
                [
                    616.3910808510639,
                    426.83076765957446
                ],
                [
                    618.3989923404257,
                    426.83076765957446
                ],
                [
                    631.4504170212766,
                    419.30109957446797
                ],
                [
                    640.9879965957447,
                    414.2813208510638
                ],
                [
                    656.549310638298,
                    414.2813208510638
                ],
                [
                    673.1145804255322,
                    420.3050553191489
                ],
                [
                    689.1778723404257,
                    428.33670127659576
                ],
                [
                    706.7470978723406,
                    440.8861480851064
                ],
                [
                    719.7985225531917,
                    453.93757276595744
                ],
                [
                    728.8341242553192,
                    472.00877617021274
                ],
                [
                    731.8459914893618,
                    489.57800170212766
                ],
                [
                    730.3400578723406,
                    499.61755914893615
                ],
                [
                    722.8103897872342,
                    506.64524936170216
                ],
                [
                    717.2886331914895,
                    513.1709617021277
                ],
                [
                    704.2372085106384,
                    538.7718331914893
                ],
                [
                    697.2095182978725,
                    547.3054570212765
                ],
                [
                    695.7716930385702,
                    556.8836767242894
                ],
                [
                    694.6202762741107,
                    565.4370584031321
                ],
                [
                    689.5211448886469,
                    576.7867379385193
                ],
                [
                    684.2575253939746,
                    585.5046077265705
                ],
                [
                    680.3098107729703,
                    590.2747628936173
                ],
                [
                    675.2106793875065,
                    593.8935012962045
                ],
                [
                    666.6572977086639,
                    596.3608229343321
                ],
                [
                    653.8272251904001,
                    596.3608229343321
                ],
                [
                    641.4906169997618,
                    596.5253110435407
                ],
                [
                    629.1540088091234,
                    591.9196439857022
                ],
                [
                    611.5537811238128,
                    583.0372860884428
                ],
                [
                    594.1180415477106,
                    569.7137492425534
                ],
                [
                    576.3536942065562,
                    548.101222325039
                ],
                [
                    570.2142084279704,
                    535.4129517159616
                ],
                [
                    567.3491150646304,
                    522.3153820549785
                ],
                [
                    563.2561245455731,
                    513.7201019649583
                ],
                [
                    561.6189283379503,
                    509.2178123939955
                ]
            ]
        },
        {
            "ID": "3",
            "CLASS": "금속캔",
            "DETAILS": "알루미늄캔",
            "DAMAGE": "찌그러짐",
            "DIRTINESS": "오염없음",
            "COVER": "없음",
            "TRANSPARENCY": "불투명",
            "SHAPE": "뚱뚱한 원통형",
            "SHAPE_TYPE": "POLYGON",
            "POINTS": [
                [
                    702.5655829787235,
                    823.3947574468086
                ],
                [
                    722.6446978723404,
                    798.2958638297873
                ],
                [
                    764.6853446808512,
                    714.214570212766
                ],
                [
                    771.587540425532,
                    697.2728170212768
                ],
                [
                    778.489736170213,
                    687.8607319148937
                ],
                [
                    785.3919319148938,
                    679.7035914893618
                ],
                [
                    789.1567659574469,
                    673.4288680851065
                ],
                [
                    799.1963234042555,
                    667.1541446808511
                ],
                [
                    823.6677446808511,
                    663.389310638298
                ],
                [
                    861.9435574468088,
                    664.0167829787235
                ],
                [
                    896.4545361702128,
                    669.0365617021276
                ],
                [
                    913.3962893617022,
                    678.4486468085107
                ],
                [
                    920.9259574468088,
                    690.3706212765958
                ],
                [
                    921.5534297872342,
                    698.5277617021278
                ],
                [
                    933.4754042553194,
                    714.214570212766
                ],
                [
                    940.3776000000001,
                    733.6662127659575
                ],
                [
                    940.3776000000001,
                    755.0002723404257
                ],
                [
                    937.8677106382981,
                    770.0596085106383
                ],
                [
                    930.9655148936172,
                    794.5310297872343
                ],
                [
                    923.4358468085109,
                    837.1991489361703
                ],
                [
                    910.2589276595746,
                    894.9266042553191
                ],
                [
                    905.2391489361704,
                    917.5156085106385
                ],
                [
                    893.9446468085108,
                    932.5749446808512
                ],
                [
                    879.5127829787236,
                    945.7518638297875
                ],
                [
                    854.4138893617023,
                    952.6540595744683
                ],
                [
                    834.9622468085107,
                    961.4386723404256
                ],
                [
                    807.3534638297873,
                    965.203506382979
                ],
                [
                    764.6853446808512,
                    957.6738382978725
                ],
                [
                    737.0765617021276,
                    945.1243914893619
                ],
                [
                    725.1545872340427,
                    936.9672510638298
                ],
                [
                    714.4875574468086,
                    928.810110638298
                ],
                [
                    705.7029446808511,
                    915.0057191489362
                ],
                [
                    700.6831659574468,
                    879.8672680851065
                ],
                [
                    701.3106382978724,
                    867.3178212765959
                ],
                [
                    702.5655829787235,
                    842.2189276595747
                ]
            ]
        },
        {
            "ID": "4",
            "CLASS": "금속캔",
            "DETAILS": "알루미늄캔",
            "DAMAGE": "찌그러짐",
            "DIRTINESS": "오염없음",
            "COVER": "없음",
            "TRANSPARENCY": "불투명",
            "SHAPE": "뚱뚱한 원통형",
            "SHAPE_TYPE": "POLYGON",
            "POINTS": [
                [
                    938.338314893617,
                    708.4986893617022
                ],
                [
                    949.0053446808512,
                    680.2624340425532
                ],
                [
                    974.1042382978721,
                    653.908595744681
                ],
                [
                    991.0459914893618,
                    641.3591489361702
                ],
                [
                    999.2031319148936,
                    635.0844255319149
                ],
                [
                    1006.7328,
                    628.182229787234
                ],
                [
                    1013.0075234042554,
                    620.0250893617022
                ],
                [
                    1024.9294978723403,
                    610.6130042553192
                ],
                [
                    1065.0877276595745,
                    611.8679489361704
                ],
                [
                    1087.0492595744681,
                    614.3778382978724
                ],
                [
                    1108.3833191489362,
                    619.3976170212766
                ],
                [
                    1124.0701276595746,
                    628.8097021276595
                ],
                [
                    1132.2272680851065,
                    647.6338723404256
                ],
                [
                    1159.2085787234043,
                    677.1250723404255
                ],
                [
                    1169.2481361702128,
                    694.0668255319149
                ],
                [
                    1177.4052765957447,
                    707.8712170212767
                ],
                [
                    1178.6602212765956,
                    731.715165957447
                ],
                [
                    1175.5228595744682,
                    753.0492255319149
                ],
                [
                    1176.7778042553193,
                    764.9712000000001
                ],
                [
                    1160.4635234042553,
                    847.7975489361704
                ],
                [
                    1152.9338553191492,
                    874.7788595744681
                ],
                [
                    1141.0118808510638,
                    894.8579744680852
                ],
                [
                    1130.3448510638298,
                    906.1524765957448
                ],
                [
                    1124.6976,
                    909.2898382978724
                ],
                [
                    1104.6184851063826,
                    904.2700595744682
                ],
                [
                    1056.3031148936168,
                    883.5634723404256
                ],
                [
                    990.418519148936,
                    898.6228085106385
                ],
                [
                    979.1240170212764,
                    890.4656680851064
                ],
                [
                    968.4569872340423,
                    886.0733617021278
                ],
                [
                    954.6525957446809,
                    882.3085276595746
                ],
                [
                    934.5734808510638,
                    847.7975489361704
                ],
                [
                    930.8086468085104,
                    824.5810723404257
                ],
                [
                    931.4361191489361,
                    791.952510638298
                ],
                [
                    943.358093617021,
                    749.9118638297873
                ]
            ]
        },
        {
            "ID": "5",
            "CLASS": "금속캔",
            "DETAILS": "알루미늄캔",
            "DAMAGE": "찌그러짐",
            "DIRTINESS": "오염없음",
            "COVER": "없음",
            "TRANSPARENCY": "불투명",
            "SHAPE": "뚱뚱한 원통형",
            "SHAPE_TYPE": "POLYGON",
            "POINTS": [
                [
                    878.9710978723405,
                    956.3723234042554
                ],
                [
                    883.9908765957446,
                    939.430570212766
                ],
                [
                    897.7952680851064,
                    929.3910127659574
                ],
                [
                    992.5435914893618,
                    898.6448680851064
                ],
                [
                    1059.055659574468,
                    884.2130042553191
                ],
                [
                    1128.0776170212769,
                    911.194314893617
                ],
                [
                    1148.784204255319,
                    931.2734297872341
                ],
                [
                    1155.0589276595742,
                    939.430570212766
                ],
                [
                    1160.7061787234043,
                    938.8030978723405
                ],
                [
                    1165.7259574468087,
                    941.9404595744682
                ],
                [
                    1166.9809021276596,
                    948.842655319149
                ],
                [
                    1162.588595744681,
                    981.4712170212767
                ],
                [
                    1164.4710127659575,
                    991.5107744680852
                ],
                [
                    1172.6281531914894,
                    999.0404425531915
                ],
                [
                    1177.6479319148937,
                    1009.7074723404256
                ],
                [
                    1179.5303489361702,
                    1021.6294468085107
                ],
                [
                    1180.1578212765958,
                    1034.1788936170215
                ],
                [
                    1175.1380425531918,
                    1039.826144680851
                ],
                [
                    1166.9809021276596,
                    1034.8063659574468
                ],
                [
                    1163.2160680851066,
                    1031.6690042553191
                ],
                [
                    1168.8633191489364,
                    1059.2777872340428
                ],
                [
                    1175.765514893617,
                    1079.9843744680852
                ],
                [
                    1038.3490723404254,
                    1079.9843744680852
                ],
                [
                    877.7161531914893,
                    1081.2393191489361
                ],
                [
                    876.4612085106382,
                    1035.4338382978724
                ],
                [
                    874.5787914893616,
                    977.078910638298
                ]
            ]
        }
    ]
}