{
    "IMAGE_INFO": {
        "FILE_NAME": "1011296@0_01002_220906_P1_T3__2124.jpg",
        "DATE": "2022-10-21 12:26:53",
        "RESOLUTION": "1920 x 1080",
        "IMAGE_PHOTOGRAPHER": "김건무",
        "FOCUS_DISTANCE": "5.0",
        "EXPOSURE_TIME": "1/320",
        "SENSITIVITY_ISO": "6400",
        "PLACE": "삼오자원",
        "REGION_NAME": null,
        "Direction": "0",
        "HEIGHT": "100",
        "DAY/NIGHT": "주간",
        "WEATHER": "맑음",
        "IMAGE_HEIGHT": 1080,
        "IMAGE_WIDTH": 1920,
        "IMAGE_SIZE": "578.9 KB"
    },
    "ANNOTATION_INFO": [
        {
            "ID": "1",
            "CLASS": "금속캔",
            "DETAILS": "알루미늄캔",
            "DAMAGE": "찌그러짐",
            "DIRTINESS": "오염없음",
            "COVER": "겹침",
            "TRANSPARENCY": "불투명",
            "SHAPE": "뚱뚱하고 긴 원통형",
            "SHAPE_TYPE": "POLYGON",
            "POINTS": [
                [
                    661.8871394042553,
                    612.1660963404254
                ],
                [
                    678.7535959148936,
                    590.4806522553191
                ],
                [
                    690.3994825531915,
                    585.2600823829787
                ],
                [
                    700.4390400000001,
                    585.661664680851
                ],
                [
                    708.0691036595746,
                    588.4727407659573
                ],
                [
                    718.1086611063831,
                    573.2126134468084
                ],
                [
                    745.0146750638298,
                    559.1572330212764
                ],
                [
                    777.1412588936171,
                    518.1958386382977
                ],
                [
                    804.0472728510639,
                    512.5736864680849
                ],
                [
                    820.9137293617024,
                    508.5578634893616
                ],
                [
                    838.5833504680852,
                    508.5578634893616
                ],
                [
                    855.8513892765959,
                    512.9752687659573
                ],
                [
                    869.5051874042555,
                    518.1958386382977
                ],
                [
                    885.1668970212768,
                    527.4322314893615
                ],
                [
                    900.0254420425534,
                    545.9050171914893
                ],
                [
                    902.033353531915,
                    555.5429923404254
                ],
                [
                    902.4349358297875,
                    562.3698914042552
                ],
                [
                    897.2143659574471,
                    572.0078665531914
                ],
                [
                    900.8286066382981,
                    595.2996398297871
                ],
                [
                    900.8286066382981,
                    613.3708432340425
                ],
                [
                    896.8127836595747,
                    624.615147574468
                ],
                [
                    891.1906314893619,
                    630.6388820425531
                ],
                [
                    880.749491744681,
                    638.2689457021276
                ],
                [
                    889.1827200000001,
                    653.5290730212765
                ],
                [
                    867.0956936170213,
                    674.8129348085106
                ],
                [
                    849.0244902127661,
                    692.0809736170212
                ],
                [
                    837.7801858723407,
                    714.9711645957445
                ],
                [
                    823.3232231489363,
                    739.8692670638296
                ],
                [
                    816.4963240851065,
                    748.7040776170212
                ],
                [
                    796.4172091914894,
                    753.121482893617
                ],
                [
                    796.4172091914894,
                    753.121482893617
                ],
                [
                    768.3064483404257,
                    759.9483819574467
                ],
                [
                    752.6447387234044,
                    760.349964255319
                ],
                [
                    730.5577123404257,
                    758.3420527659573
                ],
                [
                    718.5102434042554,
                    751.9167359999999
                ],
                [
                    693.210558638298,
                    734.6486971914892
                ],
                [
                    659.8792279148938,
                    704.5300248510638
                ],
                [
                    643.8159360000001,
                    681.6398338723403
                ],
                [
                    643.0127714042554,
                    670.7971118297871
                ],
                [
                    647.0285943829789,
                    646.3005916595744
                ],
                [
                    651.0444173617022,
                    630.6388820425531
                ]
            ]
        },
        {
            "ID": "2",
            "CLASS": "금속캔",
            "DETAILS": "알루미늄캔",
            "DAMAGE": "찌그러짐",
            "DIRTINESS": "오염없음",
            "COVER": "없음",
            "TRANSPARENCY": "불투명",
            "SHAPE": "홀쭉한 원통형",
            "SHAPE_TYPE": "POLYGON",
            "POINTS": [
                [
                    969.3383897872338,
                    730.3646297872341
                ],
                [
                    985.9036595744678,
                    713.79936
                ],
                [
                    992.4293719148932,
                    709.2815591489361
                ],
                [
                    997.4491506382976,
                    710.285514893617
                ],
                [
                    997.9511285106379,
                    716.3092493617022
                ],
                [
                    1004.9788187234038,
                    721.3290280851063
                ],
                [
                    1008.4926638297868,
                    727.3527625531914
                ],
                [
                    1015.520354042553,
                    735.8863863829787
                ],
                [
                    1021.5440885106381,
                    738.8982536170213
                ],
                [
                    1120.433729361702,
                    772.0287931914893
                ],
                [
                    1164.6077821276592,
                    787.5901072340425
                ],
                [
                    1184.6868970212763,
                    793.1118638297871
                ],
                [
                    1195.7304102127657,
                    798.1316425531915
                ],
                [
                    1209.206128928973,
                    804.9570972734728
                ],
                [
                    1212.2238089788634,
                    816.1225134580676
                ],
                [
                    1209.206128928973,
                    826.6843936326843
                ],
                [
                    1201.0583927942687,
                    845.9975459519836
                ],
                [
                    1189.7066757446808,
                    862.8867880851064
                ],
                [
                    1160.0899812765954,
                    907.5628187234042
                ],
                [
                    1145.0306451063827,
                    922.1201770212766
                ],
                [
                    1136.4970212765957,
                    924.6300663829786
                ],
                [
                    1125.9554859574466,
                    919.108309787234
                ],
                [
                    1117.4218621276596,
                    864.894699574468
                ],
                [
                    1071.7418757446806,
                    862.3848102127658
                ],
                [
                    1052.6667165957444,
                    855.8590978723404
                ],
                [
                    1014.5163982978721,
                    840.7997617021275
                ],
                [
                    1002.468929361702,
                    834.7760272340425
                ],
                [
                    981.8878365957445,
                    834.7760272340425
                ],
                [
                    968.8364119148935,
                    838.7918502127659
                ],
                [
                    958.2948765957443,
                    839.2938280851064
                ],
                [
                    949.761252765957,
                    839.2938280851064
                ],
                [
                    938.6720438390211,
                    835.3986433137916
                ],
                [
                    932.1232590085294,
                    825.6482303439484
                ],
                [
                    930.3769163870651,
                    809.3490325436142
                ],
                [
                    932.4143161121069,
                    792.3221919843361
                ],
                [
                    942.7335625531912,
                    768.0129702127658
                ],
                [
                    959.2988323404251,
                    742.4120987234041
                ],
                [
                    964.6677551455733,
                    736.2512537180811
                ]
            ]
        }
    ]
}