{
    "IMAGE_INFO": {
        "FILE_NAME": "1011390@0_01002_220906_P1_T3__2122.jpg",
        "DATE": "2022-10-21 12:26:53",
        "RESOLUTION": "1920 x 1080",
        "IMAGE_PHOTOGRAPHER": "김건무",
        "FOCUS_DISTANCE": "5.0",
        "EXPOSURE_TIME": "1/320",
        "SENSITIVITY_ISO": "6400",
        "PLACE": "삼오자원",
        "REGION_NAME": null,
        "Direction": "0",
        "HEIGHT": "100",
        "DAY/NIGHT": "주간",
        "WEATHER": "맑음",
        "IMAGE_HEIGHT": 1080,
        "IMAGE_WIDTH": 1920,
        "IMAGE_SIZE": "564.3 KB"
    },
    "ANNOTATION_INFO": [
        {
            "ID": "1",
            "CLASS": "금속캔",
            "DETAILS": "알루미늄캔",
            "DAMAGE": "찌그러짐",
            "DIRTINESS": "오염없음",
            "COVER": "겹침",
            "TRANSPARENCY": "불투명",
            "SHAPE": "뚱뚱하고 긴 원통형",
            "SHAPE_TYPE": "POLYGON",
            "POINTS": [
                [
                    654.7085617021277,
                    355.9376680851064
                ],
                [
                    656.5909787234043,
                    349.66294468085107
                ],
                [
                    667.8854808510639,
                    341.5058042553191
                ],
                [
                    676.0426212765958,
                    325.19152340425535
                ],
                [
                    687.9645957446809,
                    315.77943829787233
                ],
                [
                    699.886570212766,
                    319.54427234042555
                ],
                [
                    714.9459063829787,
                    321.42668936170213
                ],
                [
                    749.456885106383,
                    296.9552680851064
                ],
                [
                    758.868970212766,
                    285.66076595744676
                ],
                [
                    768.9085276595746,
                    274.36626382978716
                ],
                [
                    788.9876425531914,
                    263.0717617021276
                ],
                [
                    807.8118127659575,
                    258.6794553191489
                ],
                [
                    831.6557617021278,
                    259.30692765957446
                ],
                [
                    858.6370723404256,
                    267.46406808510636
                ],
                [
                    879.9711319148937,
                    284.4058212765957
                ],
                [
                    884.9909106382981,
                    298.83768510638293
                ],
                [
                    884.3634382978726,
                    305.7398808510638
                ],
                [
                    878.7161872340428,
                    312.6420765957447
                ],
                [
                    883.1084936170214,
                    333.3486638297872
                ],
                [
                    883.1084936170214,
                    344.6431659574468
                ],
                [
                    881.2260765957449,
                    359.7025021276596
                ],
                [
                    876.833770212766,
                    369.74205957446804
                ],
                [
                    863.0293787234045,
                    374.13436595744685
                ],
                [
                    872.4414638297875,
                    387.9387574468085
                ],
                [
                    849.8524595744682,
                    410.5277617021277
                ],
                [
                    837.9304851063831,
                    416.80248510638296
                ],
                [
                    820.3612595744681,
                    445.0387404255319
                ],
                [
                    800.2821446808512,
                    464.4903829787235
                ],
                [
                    773.3008340425532,
                    473.27499574468084
                ],
                [
                    746.3195234042555,
                    475.1574127659575
                ],
                [
                    719.9656851063831,
                    468.2552170212766
                ],
                [
                    654.7085617021277,
                    413.6651234042553
                ],
                [
                    642.7865872340427,
                    395.46842553191493
                ],
                [
                    645.9239489361703,
                    373.50689361702126
                ]
            ]
        },
        {
            "ID": "2",
            "CLASS": "금속캔",
            "DETAILS": "알루미늄캔",
            "DAMAGE": "찌그러짐",
            "DIRTINESS": "오염없음",
            "COVER": "없음",
            "TRANSPARENCY": "불투명",
            "SHAPE": "홀쭉한 원통형",
            "SHAPE_TYPE": "POLYGON",
            "POINTS": [
                [
                    937.2892595744682,
                    442.4161021276596
                ],
                [
                    955.4859574468086,
                    427.3567659574469
                ],
                [
                    968.6628765957447,
                    420.454570212766
                ],
                [
                    989.996936170213,
                    459.9853276595745
                ],
                [
                    1079.725480851064,
                    486.3391659574468
                ],
                [
                    1123.0210723404257,
                    497.6336680851065
                ],
                [
                    1153.1397446808514,
                    500.1435574468086
                ],
                [
                    1166.3166638297873,
                    506.4182808510639
                ],
                [
                    1167.5716085106383,
                    515.8303659574469
                ],
                [
                    1158.786995744681,
                    546.5765106382979
                ],
                [
                    1143.1001872340426,
                    573.5578212765959
                ],
                [
                    1121.7661276595747,
                    598.0292425531916
                ],
                [
                    1105.451846808511,
                    611.8336340425533
                ],
                [
                    1094.7848170212767,
                    611.8336340425533
                ],
                [
                    1091.0199829787234,
                    597.4017702127661
                ],
                [
                    1080.9804255319152,
                    542.8116765957448
                ],
                [
                    1047.7243914893618,
                    546.5765106382979
                ],
                [
                    1028.2727489361703,
                    540.9292595744682
                ],
                [
                    988.741991489362,
                    524.6149787234043
                ],
                [
                    959.2507914893617,
                    537.164425531915
                ],
                [
                    946.7013446808513,
                    542.1842042553193
                ],
                [
                    937.9167319148937,
                    543.4391489361703
                ],
                [
                    922.8573957446811,
                    543.4391489361703
                ],
                [
                    916.5826723404258,
                    538.419370212766
                ],
                [
                    910.9354212765959,
                    523.9875063829788
                ],
                [
                    909.0530042553193,
                    494.4963063829788
                ],
                [
                    916.5826723404258,
                    475.67213617021287
                ],
                [
                    927.2497021276596,
                    455.59302127659583
                ]
            ]
        }
    ]
}