{
    "IMAGE_INFO": {
        "FILE_NAME": "1011298@0_01002_220906_P1_T3__2061.jpg",
        "DATE": "2022-10-21 12:26:45",
        "RESOLUTION": "1920 x 1080",
        "IMAGE_PHOTOGRAPHER": "김건무",
        "FOCUS_DISTANCE": "5.0",
        "EXPOSURE_TIME": "1/320",
        "SENSITIVITY_ISO": "6400",
        "PLACE": "삼오자원",
        "REGION_NAME": null,
        "Direction": "0",
        "HEIGHT": "100",
        "DAY/NIGHT": "주간",
        "WEATHER": "맑음",
        "IMAGE_HEIGHT": 1080,
        "IMAGE_WIDTH": 1920,
        "IMAGE_SIZE": "566.9 KB"
    },
    "ANNOTATION_INFO": [
        {
            "ID": "1",
            "CLASS": "금속캔",
            "DETAILS": "알루미늄캔",
            "DAMAGE": "찌그러짐",
            "DIRTINESS": "오염없음",
            "COVER": "없음",
            "TRANSPARENCY": "불투명",
            "SHAPE": "뚱뚱하고 긴 원통형",
            "SHAPE_TYPE": "POLYGON",
            "POINTS": [
                [
                    820.56714893617,
                    244.29171063829796
                ],
                [
                    820.56714893617,
                    224.84006808510648
                ],
                [
                    839.3913191489361,
                    178.40711489361706
                ],
                [
                    849.4308765957446,
                    133.8565787234043
                ],
                [
                    845.6660425531915,
                    106.24779574468089
                ],
                [
                    835.6264851063829,
                    77.3840680851064
                ],
                [
                    828.0968170212766,
                    60.44231489361704
                ],
                [
                    828.0968170212766,
                    47.8928680851064
                ],
                [
                    838.1363744680849,
                    27.81375319148937
                ],
                [
                    861.9803234042552,
                    14.009361702127665
                ],
                [
                    883.3143829787234,
                    8.362110638297874
                ],
                [
                    915.3154723404255,
                    8.362110638297874
                ],
                [
                    931.0022808510638,
                    10.872000000000002
                ],
                [
                    942.924255319149,
                    15.89177872340426
                ],
                [
                    954.2187574468086,
                    19.02914042553192
                ],
                [
                    962.3758978723405,
                    25.931336170212777
                ],
                [
                    970.5330382978723,
                    40.99067234042554
                ],
                [
                    976.1802893617021,
                    55.42253617021278
                ],
                [
                    975.5528170212765,
                    101.85548936170217
                ],
                [
                    971.160510638298,
                    115.65988085106389
                ],
                [
                    969.2780936170211,
                    136.36646808510642
                ],
                [
                    967.3956765957447,
                    145.15108085106388
                ],
                [
                    967.3956765957447,
                    154.56316595744684
                ],
                [
                    957.3561191489362,
                    162.72030638297878
                ],
                [
                    940.4143659574468,
                    164.60272340425539
                ],
                [
                    959.8660085106382,
                    212.91809361702138
                ],
                [
                    963.6308425531914,
                    227.3499574468086
                ],
                [
                    959.8660085106382,
                    251.82137872340434
                ],
                [
                    959.8660085106382,
                    258.7235744680852
                ],
                [
                    957.9835914893616,
                    272.5279659574469
                ],
                [
                    951.7088680851065,
                    285.7048851063831
                ],
                [
                    939.7868936170213,
                    298.2543319148937
                ],
                [
                    923.4726127659575,
                    308.29388936170227
                ],
                [
                    907.1583319148936,
                    313.3136680851065
                ],
                [
                    886.4517446808511,
                    312.05872340425543
                ],
                [
                    870.1374638297873,
                    310.8037787234043
                ],
                [
                    845.038570212766,
                    296.3719148936171
                ],
                [
                    833.1165957446808,
                    281.9400510638299
                ],
                [
                    825.5869276595744,
                    270.6455489361703
                ],
                [
                    821.1946212765955,
                    258.7235744680852
                ]
            ]
        },
        {
            "ID": "2",
            "CLASS": "금속캔",
            "DETAILS": "알루미늄캔",
            "DAMAGE": "찌그러짐",
            "DIRTINESS": "오염없음",
            "COVER": "없음",
            "TRANSPARENCY": "불투명",
            "SHAPE": "홀쭉한 원통형",
            "SHAPE_TYPE": "POLYGON",
            "POINTS": [
                [
                    548.0701276595746,
                    1079.6583829787235
                ],
                [
                    536.3050212765958,
                    1015.3424680851064
                ],
                [
                    508.0687659574467,
                    886.7106382978724
                ],
                [
                    511.2061276595744,
                    858.4743829787235
                ],
                [
                    511.99046808510644,
                    831.8068085106381
                ],
                [
                    511.99046808510644,
                    822.3947234042553
                ],
                [
                    512.7748085106383,
                    813.7669787234042
                ],
                [
                    525.3242553191488,
                    802.0018723404255
                ],
                [
                    553.5605106382978,
                    791.0211063829787
                ],
                [
                    586.5028085106384,
                    788.6680851063829
                ],
                [
                    619.4451063829788,
                    792.5897872340425
                ],
                [
                    640.6222978723404,
                    798.0801702127659
                ],
                [
                    653.171744680851,
                    805.923574468085
                ],
                [
                    655.5247659574469,
                    819.2573617021276
                ],
                [
                    652.3874042553192,
                    821.6103829787234
                ],
                [
                    655.5247659574469,
                    852.1996595744681
                ],
                [
                    655.5247659574469,
                    870.2394893617021
                ],
                [
                    652.3874042553192,
                    893.7697021276596
                ],
                [
                    672.780255319149,
                    936.9084255319148
                ],
                [
                    693.9574468085107,
                    969.0663829787234
                ],
                [
                    700.232170212766,
                    992.5965957446807
                ],
                [
                    703.3695319148936,
                    1024.7545531914893
                ],
                [
                    703.3695319148936,
                    1042.7943829787232
                ],
                [
                    711.2129361702127,
                    1079.6583829787235
                ]
            ]
        },
        {
            "ID": "3",
            "CLASS": "금속캔",
            "DETAILS": "알루미늄캔",
            "DAMAGE": "찌그러짐",
            "DIRTINESS": "오염없음",
            "COVER": "없음",
            "TRANSPARENCY": "불투명",
            "SHAPE": "뚱뚱한 원통형",
            "SHAPE_TYPE": "POLYGON",
            "POINTS": [
                [
                    1202.1977872340426,
                    1061.9494468085106
                ],
                [
                    1192.7857021276598,
                    995.2805106382979
                ],
                [
                    1191.2170212765961,
                    930.180255319149
                ],
                [
                    1222.5906382978724,
                    874.4920851063829
                ],
                [
                    1235.1400851063831,
                    853.3148936170212
                ],
                [
                    1266.5137021276598,
                    813.3135319148937
                ],
                [
                    1292.396936170213,
                    803.1171063829787
                ],
                [
                    1296.3186382978727,
                    792.9206808510638
                ],
                [
                    1301.809021276596,
                    785.0772765957446
                ],
                [
                    1315.9271489361704,
                    783.5085957446809
                ],
                [
                    1343.3790638297876,
                    790.567659574468
                ],
                [
                    1381.0274042553194,
                    803.1171063829787
                ],
                [
                    1422.5974468085108,
                    818.8039148936169
                ],
                [
                    1428.8721702127662,
                    824.2942978723403
                ],
                [
                    1432.0095319148938,
                    830.5690212765957
                ],
                [
                    1432.7938723404257,
                    838.412425531915
                ],
                [
                    1442.2059574468087,
                    858.0209361702127
                ],
                [
                    1452.4023829787236,
                    879.9824680851065
                ],
                [
                    1464.9518297872341,
                    939.5923404255319
                ],
                [
                    1455.539744680851,
                    1007.0456170212765
                ],
                [
                    1442.9902978723405,
                    1048.6156595744678
                ],
                [
                    1420.244425531915,
                    1061.1651063829786
                ],
                [
                    1414.7540425531915,
                    1079.2049361702127
                ],
                [
                    1333.1826382978727,
                    1078.420595744681
                ],
                [
                    1208.472510638298,
                    1078.420595744681
                ]
            ]
        },
        {
            "ID": "4",
            "CLASS": "금속캔",
            "DETAILS": "알루미늄캔",
            "DAMAGE": "찌그러짐",
            "DIRTINESS": "오염없음",
            "COVER": "없음",
            "TRANSPARENCY": "불투명",
            "SHAPE": "뚱뚱한 원통형",
            "SHAPE_TYPE": "POLYGON",
            "POINTS": [
                [
                    818.7827744680852,
                    1037.409395744681
                ],
                [
                    794.3113531914893,
                    1010.428085106383
                ],
                [
                    782.3893787234043,
                    984.0742468085107
                ],
                [
                    782.3893787234043,
                    967.7599659574469
                ],
                [
                    783.6443234042554,
                    941.4061276595744
                ],
                [
                    792.4289361702129,
                    911.287455319149
                ],
                [
                    805.6058553191489,
                    883.6786723404256
                ],
                [
                    823.175080851064,
                    859.2072510638299
                ],
                [
                    853.921225531915,
                    831.5984680851062
                ],
                [
                    862.7058382978724,
                    829.7160510638297
                ],
                [
                    875.8827574468086,
                    832.8534127659574
                ],
                [
                    891.5695659574469,
                    839.1281361702128
                ],
                [
                    929.8453787234045,
                    862.9720851063828
                ],
                [
                    944.9047148936172,
                    863.5995574468085
                ],
                [
                    959.9640510638299,
                    869.8742808510638
                ],
                [
                    974.3959148936173,
                    876.7764765957446
                ],
                [
                    996.9849191489363,
                    886.1885617021276
                ],
                [
                    1004.5145872340426,
                    894.3457021276596
                ],
                [
                    1013.2992,
                    900.6204255319149
                ],
                [
                    1018.3189787234044,
                    911.9149276595747
                ],
                [
                    1020.2013957446808,
                    937.6412936170212
                ],
                [
                    1008.9068936170215,
                    974.6621617021276
                ],
                [
                    1015.8090893617023,
                    998.5061106382979
                ],
                [
                    1015.8090893617023,
                    1012.3105021276596
                ],
                [
                    1008.9068936170215,
                    1016.0753361702128
                ],
                [
                    1003.8871148936171,
                    1014.1929191489362
                ],
                [
                    1002.0046978723404,
                    1006.0357787234042
                ],
                [
                    996.9849191489363,
                    1022.3500595744682
                ],
                [
                    1000.1222808510638,
                    1038.664340425532
                ],
                [
                    996.3574468085109,
                    1043.0566468085105
                ],
                [
                    990.0827234042555,
                    1041.174229787234
                ],
                [
                    965.6113021276597,
                    1059.9984
                ],
                [
                    956.8266893617022,
                    1063.7632340425532
                ],
                [
                    946.1596595744683,
                    1063.7632340425532
                ],
                [
                    936.1201021276597,
                    1067.5280680851065
                ],
                [
                    923.5706553191492,
                    1078.8225702127659
                ],
                [
                    902.8640680851064,
                    1078.8225702127659
                ],
                [
                    892.824510638298,
                    1049.9588425531915
                ],
                [
                    878.3926468085108,
                    1046.1940085106382
                ],
                [
                    880.9025361702128,
                    1033.6445617021275
                ],
                [
                    886.5497872340427,
                    1007.9181957446808
                ],
                [
                    884.6673702127661,
                    984.7017191489363
                ],
                [
                    879.0201191489361,
                    1007.9181957446808
                ],
                [
                    858.9410042553192,
                    1028.6247829787235
                ],
                [
                    850.7838638297873,
                    1036.1544510638298
                ],
                [
                    846.3915574468084,
                    1041.174229787234
                ],
                [
                    835.0970553191489,
                    1043.0566468085105
                ]
            ]
        }
    ]
}