{
    "IMAGE_INFO": {
        "FILE_NAME": "1011436@0_01002_220906_P1_T3__2305.jpg",
        "DATE": "2022-10-21 12:27:18",
        "RESOLUTION": "1920 x 1080",
        "IMAGE_PHOTOGRAPHER": "김건무",
        "FOCUS_DISTANCE": "5.0",
        "EXPOSURE_TIME": "1/320",
        "SENSITIVITY_ISO": "6400",
        "PLACE": "삼오자원",
        "REGION_NAME": null,
        "Direction": "0",
        "HEIGHT": "100",
        "DAY/NIGHT": "주간",
        "WEATHER": "맑음",
        "IMAGE_HEIGHT": 1080,
        "IMAGE_WIDTH": 1920,
        "IMAGE_SIZE": "545.5 KB"
    },
    "ANNOTATION_INFO": [
        {
            "ID": "1",
            "CLASS": "금속캔",
            "DETAILS": "알루미늄캔",
            "DAMAGE": "찌그러짐",
            "DIRTINESS": "오염없음",
            "COVER": "없음",
            "TRANSPARENCY": "불투명",
            "SHAPE": "뚱뚱한 원통형",
            "SHAPE_TYPE": "POLYGON",
            "POINTS": [
                [
                    484.0613800851064,
                    818.5419451914894
                ],
                [
                    492.89619063829787,
                    779.1868800000001
                ],
                [
                    499.72308970212765,
                    765.5330818723404
                ],
                [
                    506.1484064680851,
                    761.1156765957447
                ],
                [
                    512.1721409361702,
                    761.1156765957447
                ],
                [
                    549.5950446679151,
                    741.5679484187234
                ],
                [
                    574.062650912681,
                    734.988424050383
                ],
                [
                    597.7091703829788,
                    733.0049157446808
                ],
                [
                    631.0405011063831,
                    726.9811812765957
                ],
                [
                    646.4374189644258,
                    727.1752388629787
                ],
                [
                    679.6319591489362,
                    744.6508023829787
                ],
                [
                    778.421204425532,
                    771.1552340425533
                ],
                [
                    792.8781671489363,
                    776.3758039148937
                ],
                [
                    800.1066485106385,
                    785.210614468085
                ],
                [
                    804.9256360851066,
                    797.6596657021277
                ],
                [
                    806.9335475744681,
                    802.8802355744682
                ],
                [
                    812.555699744681,
                    808.5023877446811
                ],
                [
                    814.5636112340427,
                    820.1482743829789
                ],
                [
                    810.146205957447,
                    895.6457463829787
                ],
                [
                    798.5003193191491,
                    931.7881531914894
                ],
                [
                    790.4686733617023,
                    939.4182168510639
                ],
                [
                    788.0591795744683,
                    940.6229637446809
                ],
                [
                    779.6259513191492,
                    956.6862556595746
                ],
                [
                    772.7990522553192,
                    961.5052432340426
                ],
                [
                    744.286709106383,
                    967.93056
                ],
                [
                    715.7743659574469,
                    973.1511298723404
                ],
                [
                    663.970249531915,
                    974.7574590638299
                ],
                [
                    592.4886005106383,
                    957.8910025531916
                ],
                [
                    534.6607496170213,
                    939.8197991489362
                ],
                [
                    513.3768878297874,
                    929.3786594042555
                ],
                [
                    501.73100119148944,
                    914.9216966808513
                ],
                [
                    494.9041021276595,
                    903.6773923404255
                ],
                [
                    486.0692915744681,
                    902.4726454468087
                ],
                [
                    482.8566331914894,
                    898.0552401702129
                ],
                [
                    478.840810212766,
                    891.2283411063831
                ],
                [
                    477.23448102127657,
                    883.5982774468084
                ],
                [
                    478.4392279148936,
                    858.7001749787235
                ],
                [
                    482.8566331914894,
                    829.7862495319149
                ]
            ]
        },
        {
            "ID": "2",
            "CLASS": "금속캔",
            "DETAILS": "알루미늄캔",
            "DAMAGE": "찌그러짐",
            "DIRTINESS": "오염없음",
            "COVER": "없음",
            "TRANSPARENCY": "불투명",
            "SHAPE": "홀쭉한 원통형",
            "SHAPE_TYPE": "POLYGON",
            "POINTS": [
                [
                    846.2029235744682,
                    651.4541984680851
                ],
                [
                    838.9744422127662,
                    634.9893242553192
                ],
                [
                    839.7776068085107,
                    615.7133739574467
                ],
                [
                    848.6124173617021,
                    623.3434376170213
                ],
                [
                    859.0535571063831,
                    612.500715574468
                ],
                [
                    883.9516595744683,
                    593.2247652765957
                ],
                [
                    914.4719142127661,
                    579.5709671489361
                ],
                [
                    934.551029106383,
                    570.3345742978722
                ],
                [
                    962.2602076595747,
                    557.4839407659574
                ],
                [
                    975.5124234893619,
                    551.0586239999999
                ],
                [
                    998.4026144680853,
                    550.2554594042554
                ],
                [
                    1014.0643240851064,
                    553.8697000851064
                ],
                [
                    1021.6943877446809,
                    558.2871053617022
                ],
                [
                    1025.7102107234045,
                    566.7203336170212
                ],
                [
                    1028.9228691063831,
                    570.7361565957447
                ],
                [
                    1031.3323628936173,
                    577.5630556595744
                ],
                [
                    1032.9386920851066,
                    589.2089422978722
                ],
                [
                    1028.1197045106385,
                    635.7924888510638
                ],
                [
                    1021.6943877446809,
                    667.919072680851
                ],
                [
                    1018.8833116595745,
                    679.9665416170212
                ],
                [
                    1013.2611594893617,
                    687.5966052765958
                ],
                [
                    1009.6469188085108,
                    692.0140105531915
                ],
                [
                    1001.2136905531917,
                    696.8329981276595
                ],
                [
                    985.9535632340428,
                    698.8409096170212
                ],
                [
                    936.960522893617,
                    692.4155928510638
                ],
                [
                    899.2117868936172,
                    683.9823645957447
                ],
                [
                    888.369064851064,
                    683.5807822978722
                ],
                [
                    875.5184313191492,
                    671.9348956595744
                ],
                [
                    846.2029235744682,
                    690.0060990638299
                ],
                [
                    832.1475431489362,
                    691.6124282553192
                ],
                [
                    829.7380493617021,
                    683.9823645957447
                ],
                [
                    830.9427962553192,
                    675.5491363404255
                ],
                [
                    837.3681130212765,
                    670.3285664680852
                ],
                [
                    844.1950120851064,
                    665.1079965957447
                ]
            ]
        }
    ]
}