{
    "IMAGE_INFO": {
        "FILE_NAME": "1011348@0_01002_220906_P1_T3__2087.jpg",
        "DATE": "2022-10-21 12:26:48",
        "RESOLUTION": "1920 x 1080",
        "IMAGE_PHOTOGRAPHER": "김건무",
        "FOCUS_DISTANCE": "5.0",
        "EXPOSURE_TIME": "1/320",
        "SENSITIVITY_ISO": "6400",
        "PLACE": "삼오자원",
        "REGION_NAME": null,
        "Direction": "0",
        "HEIGHT": "100",
        "DAY/NIGHT": "주간",
        "WEATHER": "맑음",
        "IMAGE_HEIGHT": 1080,
        "IMAGE_WIDTH": 1920,
        "IMAGE_SIZE": "552.4 KB"
    },
    "ANNOTATION_INFO": [
        {
            "ID": "1",
            "CLASS": "금속캔",
            "DETAILS": "알루미늄캔",
            "DAMAGE": "찌그러짐",
            "DIRTINESS": "오염없음",
            "COVER": "없음",
            "TRANSPARENCY": "불투명",
            "SHAPE": "홀쭉한 원통형",
            "SHAPE_TYPE": "POLYGON",
            "POINTS": [
                [
                    634.6706246808512,
                    154.37002212765955
                ],
                [
                    649.729960851064,
                    146.33837617021274
                ],
                [
                    663.2833634042555,
                    144.83244255319147
                ],
                [
                    678.3426995744683,
                    144.83244255319147
                ],
                [
                    694.9079693617022,
                    149.3502434042553
                ],
                [
                    705.4495046808512,
                    158.38584510638296
                ],
                [
                    715.9910400000001,
                    172.44122553191488
                ],
                [
                    738.5800442553193,
                    248.7418621276596
                ],
                [
                    743.0978451063833,
                    272.33482212765955
                ],
                [
                    744.101800851064,
                    300.9475608510638
                ],
                [
                    753.6393804255321,
                    324.03854297872346
                ],
                [
                    755.1453140425534,
                    335.0820561702128
                ],
                [
                    758.6591591489363,
                    343.1137021276596
                ],
                [
                    758.6591591489363,
                    351.64732595744687
                ],
                [
                    753.6393804255321,
                    361.184905531915
                ],
                [
                    740.0859778723407,
                    372.7303965957447
                ],
                [
                    722.0147744680853,
                    382.76995404255325
                ],
                [
                    702.4376374468087,
                    386.78577702127666
                ],
                [
                    681.3545668085108,
                    386.78577702127666
                ],
                [
                    657.2596289361703,
                    380.7620425531916
                ],
                [
                    647.2200714893618,
                    375.7422638297873
                ],
                [
                    639.188425531915,
                    365.7027063829788
                ],
                [
                    637.1805140425533,
                    355.6631489361703
                ],
                [
                    623.6271114893618,
                    311.4890961702128
                ],
                [
                    619.1093106382979,
                    296.42976000000004
                ],
                [
                    612.081620425532,
                    276.350645106383
                ],
                [
                    606.5598638297873,
                    251.25175148936174
                ],
                [
                    605.0539302127661,
                    199.04605276595746
                ],
                [
                    608.5677753191491,
                    183.9867165957447
                ],
                [
                    615.595465531915,
                    171.43726978723402
                ],
                [
                    626.6389787234044,
                    160.39375659574466
                ]
            ]
        },
        {
            "ID": "2",
            "CLASS": "금속캔",
            "DETAILS": "알루미늄캔",
            "DAMAGE": "찌그러짐",
            "DIRTINESS": "오염없음",
            "COVER": "없음",
            "TRANSPARENCY": "불투명",
            "SHAPE": "뚱뚱하고 긴 원통형",
            "SHAPE_TYPE": "POLYGON",
            "POINTS": [
                [
                    1010.5736170212767,
                    756.6817021276596
                ],
                [
                    1020.7700425531916,
                    739.4262127659575
                ],
                [
                    1079.5955744680853,
                    700.2091914893617
                ],
                [
                    1099.204085106383,
                    685.3067234042553
                ],
                [
                    1114.1065531914894,
                    682.9537021276597
                ],
                [
                    1123.5186382978725,
                    682.9537021276597
                ],
                [
                    1136.852425531915,
                    679.032
                ],
                [
                    1146.2645106382981,
                    679.032
                ],
                [
                    1166.6573617021277,
                    692.3657872340426
                ],
                [
                    1190.9719148936172,
                    708.8369361702128
                ],
                [
                    1204.3057021276595,
                    726.0924255319148
                ],
                [
                    1222.3455319148939,
                    754.3286808510638
                ],
                [
                    1250.5817872340426,
                    779.4275744680851
                ],
                [
                    1259.2095319148937,
                    779.4275744680851
                ],
                [
                    1266.268595744681,
                    781.7805957446809
                ],
                [
                    1272.5433191489365,
                    784.9179574468087
                ],
                [
                    1283.5240851063832,
                    802.9577872340426
                ],
                [
                    1289.7988085106383,
                    813.1542127659575
                ],
                [
                    1293.720510638298,
                    827.2723404255321
                ],
                [
                    1297.6422127659575,
                    841.3904680851064
                ],
                [
                    1310.976,
                    864.136340425532
                ],
                [
                    1332.153191489362,
                    879.8231489361704
                ],
                [
                    1354.1147234042555,
                    901.000340425532
                ],
                [
                    1378.4292765957448,
                    937.864340425532
                ],
                [
                    1374.507574468085,
                    962.1788936170213
                ],
                [
                    1375.291914893617,
                    972.3753191489363
                ],
                [
                    1379.9979574468086,
                    981.7874042553193
                ],
                [
                    1380.7822978723405,
                    988.0621276595747
                ],
                [
                    1369.8015319148938,
                    999.8272340425534
                ],
                [
                    1343.1339574468086,
                    1012.376680851064
                ],
                [
                    1333.7218723404255,
                    1023.3574468085108
                ],
                [
                    1325.0941276595747,
                    1036.6912340425533
                ],
                [
                    1318.8194042553193,
                    1044.5346382978723
                ],
                [
                    1309.4073191489363,
                    1051.5937021276598
                ],
                [
                    1300.7795744680855,
                    1053.1623829787234
                ],
                [
                    1295.2891914893619,
                    1049.2406808510639
                ],
                [
                    1294.50485106383,
                    1040.6129361702126
                ],
                [
                    1282.7397446808511,
                    1055.5154042553193
                ],
                [
                    1273.3276595744683,
                    1063.3588085106383
                ],
                [
                    1263.1312340425534,
                    1066.496170212766
                ],
                [
                    1257.6408510638298,
                    1064.927489361702
                ],
                [
                    1253.7191489361705,
                    1061.0057872340428
                ],
                [
                    1213.7177872340426,
                    1044.5346382978723
                ],
                [
                    1197.2466382978726,
                    1033.5538723404256
                ],
                [
                    1170.5790638297874,
                    1012.376680851064
                ],
                [
                    1167.4417021276597,
                    1019.4357446808513
                ],
                [
                    1154.8922553191492,
                    1018.6514042553193
                ],
                [
                    1117.243914893617,
                    989.6308085106383
                ],
                [
                    1063.124425531915,
                    925.3148936170214
                ],
                [
                    1024.6917446808511,
                    865.7050212765959
                ],
                [
                    1022.3387234042553,
                    852.3712340425532
                ],
                [
                    1017.6326808510639,
                    828.8410212765957
                ],
                [
                    1010.5736170212767,
                    814.7228936170214
                ],
                [
                    1002.7302127659575,
                    793.5457021276596
                ],
                [
                    998.8085106382979,
                    780.996255319149
                ],
                [
                    1001.1615319148938,
                    770.0154893617022
                ]
            ]
        },
        {
            "ID": "3",
            "CLASS": "금속캔",
            "DETAILS": "알루미늄캔",
            "DAMAGE": "찌그러짐",
            "DIRTINESS": "오염없음",
            "COVER": "없음",
            "TRANSPARENCY": "불투명",
            "SHAPE": "뚱뚱하고 긴 원통형",
            "SHAPE_TYPE": "POLYGON",
            "POINTS": [
                [
                    641.872340425532,
                    -0.574468085106383
                ],
                [
                    674.0425531914893,
                    99
                ],
                [
                    682.6457872340427,
                    113.7063829787234
                ],
                [
                    692.0578723404257,
                    121.54978723404255
                ],
                [
                    699.9012765957447,
                    125.47148936170214
                ],
                [
                    701.4699574468086,
                    146.64868085106383
                ],
                [
                    701.4699574468086,
                    154.492085106383
                ],
                [
                    724.2158297872343,
                    189.00306382978724
                ],
                [
                    750.0990638297873,
                    199.19948936170215
                ],
                [
                    779.1196595744683,
                    199.98382978723407
                ],
                [
                    801.8655319148937,
                    197.63080851063833
                ],
                [
                    820.6897021276598,
                    185.86570212765957
                ],
                [
                    830.8861276595745,
                    173.31625531914898
                ],
                [
                    837.9451914893618,
                    163.90417021276596
                ],
                [
                    841.8668936170213,
                    152.92340425531916
                ],
                [
                    840.2982127659576,
                    128.60885106382977
                ],
                [
                    841.0825531914895,
                    105.86297872340424
                ],
                [
                    835.5921702127661,
                    87.03880851063829
                ],
                [
                    811.2776170212767,
                    40.7627234042553
                ],
                [
                    791.669106382979,
                    1.5457021276595098
                ]
            ]
        },
        {
            "ID": "4",
            "CLASS": "금속캔",
            "DETAILS": "알루미늄캔",
            "DAMAGE": "찌그러짐",
            "DIRTINESS": "오염없음",
            "COVER": "없음",
            "TRANSPARENCY": "불투명",
            "SHAPE": "뚱뚱한 원통형",
            "SHAPE_TYPE": "POLYGON",
            "POINTS": [
                [
                    405.2819336170213,
                    647.1044425531913
                ],
                [
                    425.8630263829788,
                    600.4205004255318
                ],
                [
                    449.9579642553192,
                    575.3216068085106
                ],
                [
                    482.08454808510646,
                    551.2266689361701
                ],
                [
                    533.2862910638298,
                    525.6257974468084
                ],
                [
                    570.9346314893618,
                    531.1475540425532
                ],
                [
                    575.9544102127661,
                    535.665354893617
                ],
                [
                    578.9662774468086,
                    545.202934468085
                ],
                [
                    582.982100425532,
                    549.720735319149
                ],
                [
                    589.5078127659576,
                    551.2266689361701
                ],
                [
                    593.0216578723406,
                    554.7405140425532
                ],
                [
                    599.547370212766,
                    578.3334740425532
                ],
                [
                    622.6383523404257,
                    627.0253276595745
                ],
                [
                    629.6660425531916,
                    650.6182876595745
                ],
                [
                    629.1640646808512,
                    662.1637787234043
                ],
                [
                    631.6739540425533,
                    667.6855353191489
                ],
                [
                    633.6818655319152,
                    679.2310263829788
                ],
                [
                    633.1798876595745,
                    686.2587165957447
                ],
                [
                    618.1205514893619,
                    710.3536544680852
                ],
                [
                    614.6067063829789,
                    717.8833225531915
                ],
                [
                    614.1047285106384,
                    725.9149685106383
                ],
                [
                    610.5908834042555,
                    730.9347472340426
                ],
                [
                    604.5671489361703,
                    727.4209021276596
                ],
                [
                    597.5394587234044,
                    721.3971676595745
                ],
                [
                    586.495945531915,
                    713.8674995744682
                ],
                [
                    578.4642995744682,
                    713.3655217021277
                ],
                [
                    569.9306757446809,
                    717.8833225531915
                ],
                [
                    557.3812289361703,
                    740.4723268085107
                ],
                [
                    551.3574944680853,
                    746.4960612765959
                ],
                [
                    535.7961804255319,
                    758.5435302127661
                ],
                [
                    530.7764017021278,
                    763.0613310638299
                ],
                [
                    512.7051982978725,
                    770.5909991489362
                ],
                [
                    493.6300391489362,
                    768.5830876595745
                ],
                [
                    489.6142161702128,
                    768.5830876595745
                ],
                [
                    487.6063046808512,
                    774.6068221276596
                ],
                [
                    482.58652595744695,
                    775.6107778723405
                ],
                [
                    476.56279148936176,
                    776.112755744681
                ],
                [
                    466.5232340425533,
                    771.5949548936171
                ],
                [
                    449.45598638297884,
                    748.001994893617
                ],
                [
                    440.42038468085116,
                    736.4565038297874
                ],
                [
                    412.3096238297873,
                    721.899145531915
                ],
                [
                    399.2581991489362,
                    707.843765106383
                ],
                [
                    392.2305089361702,
                    694.792340425532
                ],
                [
                    389.2186417021277,
                    686.7606944680853
                ],
                [
                    389.2186417021277,
                    678.227070638298
                ],
                [
                    395.7443540425532,
                    670.1954246808511
                ],
                [
                    396.748309787234,
                    657.144
                ]
            ]
        },
        {
            "ID": "5",
            "CLASS": "금속캔",
            "DETAILS": "알루미늄캔",
            "DAMAGE": "찌그러짐",
            "DIRTINESS": "오염없음",
            "COVER": "없음",
            "TRANSPARENCY": "불투명",
            "SHAPE": "뚱뚱하고 긴 원통형",
            "SHAPE_TYPE": "POLYGON",
            "POINTS": [
                [
                    585.1914893617021,
                    1076.3617021276596
                ],
                [
                    646.468085106383,
                    903.2553191489361
                ],
                [
                    680.1702127659576,
                    791.4255319148937
                ],
                [
                    690.8936170212767,
                    774.5744680851064
                ],
                [
                    716.8057736170214,
                    767.8472782978723
                ],
                [
                    752.4462025531915,
                    766.341344680851
                ],
                [
                    782.8085106382979,
                    773.0425531914893
                ],
                [
                    819.5744680851064,
                    788.3617021276597
                ],
                [
                    839.4893617021278,
                    803.6808510638298
                ],
                [
                    850.3965957446809,
                    823.411914893617
                ],
                [
                    853.3378723404255,
                    832.2357446808511
                ],
                [
                    838.6314893617023,
                    954.7889361702129
                ],
                [
                    823.9251063829788,
                    1021.4578723404258
                ],
                [
                    808.2382978723405,
                    1076.3617021276596
                ],
                [
                    711.176170212766,
                    1079.3029787234043
                ]
            ]
        },
        {
            "ID": "6",
            "CLASS": "금속캔",
            "DETAILS": "알루미늄캔",
            "DAMAGE": "찌그러짐",
            "DIRTINESS": "오염없음",
            "COVER": "없음",
            "TRANSPARENCY": "불투명",
            "SHAPE": "홀쭉한 원통형",
            "SHAPE_TYPE": "POLYGON",
            "POINTS": [
                [
                    334.199926350319,
                    1033.6210202410418
                ],
                [
                    357.2229980200158,
                    882.8199008045275
                ],
                [
                    363.199787425469,
                    853.361420141717
                ],
                [
                    361.7852499020829,
                    849.1178075715585
                ],
                [
                    361.7852499020829,
                    843.9311699858091
                ],
                [
                    366.0288624722414,
                    840.159069923446
                ],
                [
                    391.01902538539713,
                    835.443944845492
                ],
                [
                    428.268513501233,
                    835.443944845492
                ],
                [
                    435.81271362595925,
                    834.0294073221058
                ],
                [
                    442.8854012428901,
                    831.2003322753335
                ],
                [
                    450.4296013676163,
                    828.8427697363566
                ],
                [
                    457.03077647675184,
                    828.3712572285613
                ],
                [
                    465.9895141248644,
                    829.3142822441521
                ],
                [
                    470.23312669502286,
                    835.443944845492
                ],
                [
                    466.46102663265975,
                    842.5166324624229
                ],
                [
                    479.6633768509306,
                    846.288732524786
                ],
                [
                    494.2802645925877,
                    852.8899076339216
                ],
                [
                    503.23900224070024,
                    858.0765452196707
                ],
                [
                    507.0111023030634,
                    863.7346953132155
                ],
                [
                    507.4826148108587,
                    871.7504079457373
                ],
                [
                    501.82446471731396,
                    874.1079704847142
                ],
                [
                    475.8912767885675,
                    956.1511468411122
                ],
                [
                    475.8912767885675,
                    956.1511468411122
                ],
                [
                    454.2017014299796,
                    1062.7129736028705
                ],
                [
                    450.90111387541185,
                    1080.1589363913001
                ],
                [
                    308.03282401340834,
                    1081.5734739146865
                ]
            ]
        }
    ]
}