{
    "IMAGE_INFO": {
        "FILE_NAME": "1011170@0_01002_220906_P1_T3__1307.jpg",
        "DATE": "2022-10-21 12:16:43",
        "RESOLUTION": "1920 x 1080",
        "IMAGE_PHOTOGRAPHER": "김건무",
        "FOCUS_DISTANCE": "5.0",
        "EXPOSURE_TIME": "1/320",
        "SENSITIVITY_ISO": "6400",
        "PLACE": "삼오자원",
        "REGION_NAME": null,
        "Direction": "0",
        "HEIGHT": "100",
        "DAY/NIGHT": "주간",
        "WEATHER": "맑음",
        "IMAGE_HEIGHT": 1080,
        "IMAGE_WIDTH": 1920,
        "IMAGE_SIZE": "644.5 KB"
    },
    "ANNOTATION_INFO": [
        {
            "ID": "1",
            "CLASS": "금속캔",
            "DETAILS": "알루미늄캔",
            "DAMAGE": "찌그러짐",
            "DIRTINESS": "이물질(외부)",
            "COVER": "없음",
            "TRANSPARENCY": "불투명",
            "SHAPE": "뚱뚱하고 긴 원통형",
            "SHAPE_TYPE": "BOX",
            "POINTS": [
                [
                    1163.8541436265223,
                    279.11453257991116,
                    286.01869741550695,
                    238.3334552683898
                ]
            ]
        },
        {
            "ID": "2",
            "CLASS": "금속캔",
            "DETAILS": "알루미늄캔",
            "DAMAGE": "찌그러짐",
            "DIRTINESS": "오염없음",
            "COVER": "없음",
            "TRANSPARENCY": "불투명",
            "SHAPE": "뚱뚱하고 긴 원통형",
            "SHAPE_TYPE": "BOX",
            "POINTS": [
                [
                    950.4904601275161,
                    231.93085703319147,
                    182.90625094234588,
                    256.06601949900585
                ]
            ]
        },
        {
            "ID": "3",
            "CLASS": "금속캔",
            "DETAILS": "알루미늄캔",
            "DAMAGE": "완전압착",
            "DIRTINESS": "오염없음",
            "COVER": "없음",
            "TRANSPARENCY": "불투명",
            "SHAPE": "뚱뚱하고 긴 원통형",
            "SHAPE_TYPE": "BOX",
            "POINTS": [
                [
                    1052.0391456145935,
                    554.1409788304081,
                    238.6331035228627,
                    278.6126886679921
                ]
            ]
        },
        {
            "ID": "4",
            "CLASS": "금속캔",
            "DETAILS": "알루미늄캔",
            "DAMAGE": "찌그러짐",
            "DIRTINESS": "오염없음",
            "COVER": "없음",
            "TRANSPARENCY": "불투명",
            "SHAPE": "뚱뚱하고 긴 원통형",
            "SHAPE_TYPE": "BOX",
            "POINTS": [
                [
                    508.3972911414326,
                    791.4874884447223,
                    416.99972326043707,
                    261.23855904572576
                ]
            ]
        },
        {
            "ID": "5",
            "CLASS": "금속캔",
            "DETAILS": "알루미늄캔",
            "DAMAGE": "찌그러짐",
            "DIRTINESS": "이물질(외부)",
            "COVER": "없음",
            "TRANSPARENCY": "불투명",
            "SHAPE": "뚱뚱한 원통형",
            "SHAPE_TYPE": "BOX",
            "POINTS": [
                [
                    462.6732431096236,
                    367.5328603253107,
                    205.60427900488276,
                    229.34180766689474
                ]
            ]
        },
        {
            "ID": "6",
            "CLASS": "금속캔",
            "DETAILS": "알루미늄캔",
            "DAMAGE": "찌그러짐",
            "DIRTINESS": "오염없음",
            "COVER": "없음",
            "TRANSPARENCY": "불투명",
            "SHAPE": "홀쭉한 원통형",
            "SHAPE_TYPE": "BOX",
            "POINTS": [
                [
                    1326.760516712109,
                    22.112369741873582,
                    162.60691518479143,
                    254.56590510860934
                ]
            ]
        }
    ]
}