{
    "IMAGE_INFO": {
        "FILE_NAME": "1011258@0_01002_220906_P1_T3__1885.jpg",
        "DATE": "2022-10-21 12:26:22",
        "RESOLUTION": "1920 x 1080",
        "IMAGE_PHOTOGRAPHER": "김건무",
        "FOCUS_DISTANCE": "5.0",
        "EXPOSURE_TIME": "1/320",
        "SENSITIVITY_ISO": "6400",
        "PLACE": "삼오자원",
        "REGION_NAME": null,
        "Direction": "0",
        "HEIGHT": "100",
        "DAY/NIGHT": "주간",
        "WEATHER": "맑음",
        "IMAGE_HEIGHT": 1080,
        "IMAGE_WIDTH": 1920,
        "IMAGE_SIZE": "522.0 KB"
    },
    "ANNOTATION_INFO": [
        {
            "ID": "1",
            "CLASS": "금속캔",
            "DETAILS": "알루미늄캔",
            "DAMAGE": "찌그러짐",
            "DIRTINESS": "오염없음",
            "COVER": "없음",
            "TRANSPARENCY": "불투명",
            "SHAPE": "홀쭉한 원통형",
            "SHAPE_TYPE": "POLYGON",
            "POINTS": [
                [
                    989.5640782978724,
                    268.92980425531914
                ],
                [
                    998.59968,
                    252.36453446808514
                ],
                [
                    1007.6352817021275,
                    242.82695489361706
                ],
                [
                    1052.3113123404255,
                    121.85028765957443
                ],
                [
                    1062.3508697872342,
                    102.27315063829782
                ],
                [
                    1074.3983387234043,
                    92.23359319148932
                ],
                [
                    1086.9477855319149,
                    87.21381446808505
                ],
                [
                    1119.0743693617019,
                    87.21381446808505
                ],
                [
                    1133.129749787234,
                    88.71974808510633
                ],
                [
                    1155.2167761702128,
                    101.26919489361697
                ],
                [
                    1166.2602893617022,
                    117.3324868085106
                ],
                [
                    1171.2800680851064,
                    131.38786723404252
                ],
                [
                    1171.7820459574468,
                    146.4472034042553
                ],
                [
                    1162.2444663829785,
                    181.08367659574466
                ],
                [
                    1147.185130212766,
                    205.68059234042553
                ],
                [
                    1132.1257940425533,
                    223.2498178723405
                ],
                [
                    1131.1218382978723,
                    229.27355234042554
                ],
                [
                    1115.0585463829789,
                    251.86255659574468
                ],
                [
                    1103.0110774468085,
                    307.08012255319153
                ],
                [
                    1094.9794314893618,
                    321.63748085106386
                ],
                [
                    1085.943829787234,
                    327.15923744680856
                ],
                [
                    1072.3904272340424,
                    332.68099404255327
                ],
                [
                    1055.323179574468,
                    334.68890553191494
                ],
                [
                    1041.7697770212767,
                    332.68099404255327
                ],
                [
                    1025.7064851063828,
                    326.6572595744681
                ],
                [
                    1014.1609940425532,
                    318.1236357446809
                ],
                [
                    1005.1253923404254,
                    306.5781446808511
                ],
                [
                    998.59968,
                    298.04452085106385
                ],
                [
                    992.5759455319147,
                    284.49111829787233
                ]
            ]
        },
        {
            "ID": "2",
            "CLASS": "금속캔",
            "DETAILS": "알루미늄캔",
            "DAMAGE": "찌그러짐",
            "DIRTINESS": "오염없음",
            "COVER": "없음",
            "TRANSPARENCY": "불투명",
            "SHAPE": "뚱뚱한 원통형",
            "SHAPE_TYPE": "POLYGON",
            "POINTS": [
                [
                    947.8425599999997,
                    911.3742229787234
                ],
                [
                    949.8504714893614,
                    881.2555506382979
                ],
                [
                    949.8504714893614,
                    872.2199489361703
                ],
                [
                    965.9137634042552,
                    847.1210553191489
                ],
                [
                    985.4909004255317,
                    839.0894093617021
                ],
                [
                    997.5383693617019,
                    818.0063387234043
                ],
                [
                    1007.07594893617,
                    811.4806263829787
                ],
                [
                    1014.6056170212763,
                    794.4133787234042
                ],
                [
                    1018.6214399999998,
                    786.8837106382979
                ],
                [
                    1041.7124221276595,
                    780.3579982978723
                ],
                [
                    1057.2737361702125,
                    778.3500868085106
                ],
                [
                    1063.799448510638,
                    768.8125072340425
                ],
                [
                    1088.396364255319,
                    775.8401974468085
                ],
                [
                    1101.9497668085105,
                    783.8718434042553
                ],
                [
                    1131.5664612765954,
                    811.9826042553192
                ],
                [
                    1144.1159080851062,
                    818.5083165957446
                ],
                [
                    1157.6693106382977,
                    828.0458961702127
                ],
                [
                    1165.1989787234043,
                    842.1012765957446
                ],
                [
                    1168.712823829787,
                    863.1843472340427
                ],
                [
                    1168.712823829787,
                    880.7535727659575
                ],
                [
                    1174.7365582978723,
                    897.8208204255319
                ],
                [
                    1166.7049123404254,
                    938.4810280851063
                ],
                [
                    1153.6534876595742,
                    969.6036561702128
                ],
                [
                    1144.1159080851062,
                    968.0977225531915
                ],
                [
                    1138.5941514893616,
                    976.6313463829787
                ],
                [
                    1130.562505531915,
                    1000.2243063829787
                ],
                [
                    1121.5269038297872,
                    1002.2322178723406
                ],
                [
                    1109.9814127659574,
                    996.7104612765958
                ],
                [
                    1108.4754791489358,
                    1001.2282621276595
                ],
                [
                    1096.929988085106,
                    1000.726284255319
                ],
                [
                    1089.4003199999997,
                    996.2084834042552
                ],
                [
                    1090.906253617021,
                    1003.7381514893616
                ],
                [
                    1096.929988085106,
                    1006.2480408510638
                ],
                [
                    1098.9378995744678,
                    1008.7579302127659
                ],
                [
                    1095.9260323404253,
                    1015.7856204255319
                ],
                [
                    1086.8904306382976,
                    1020.8053991489361
                ],
                [
                    1060.285603404255,
                    1028.837045106383
                ],
                [
                    1023.1392408510636,
                    1037.3706689361702
                ],
                [
                    999.0443029787232,
                    1046.9082485106383
                ],
                [
                    982.479033191489,
                    1031.8489123404256
                ],
                [
                    971.4355199999998,
                    1015.7856204255319
                ],
                [
                    955.372228085106,
                    979.1412357446807
                ],
                [
                    948.3445378723401,
                    931.9553157446807
                ]
            ]
        }
    ]
}