{
    "IMAGE_INFO": {
        "FILE_NAME": "1033893@0_06001_221006_P1_T3__0064.jpg",
        "DATE": "2022-10-28 18:43:45",
        "RESOLUTION": "1920 x 1080",
        "IMAGE_PHOTOGRAPHER": "조신주",
        "FOCUS_DISTANCE": "8.0",
        "EXPOSURE_TIME": "1/160",
        "SENSITIVITY_ISO": "5000",
        "PLACE": "강북재활용센터",
        "REGION_NAME": null,
        "Direction": "0",
        "HEIGHT": "115",
        "DAY/NIGHT": "주간",
        "WEATHER": "맑음",
        "IMAGE_HEIGHT": 1080,
        "IMAGE_WIDTH": 1920,
        "IMAGE_SIZE": "648.6 KB"
    },
    "ANNOTATION_INFO": [
        {
            "ID": "1",
            "CLASS": "비닐",
            "DETAILS": "비닐",
            "DAMAGE": "찢어짐",
            "DIRTINESS": "오염없음",
            "COVER": "겹침",
            "TRANSPARENCY": "불투명",
            "SHAPE": "봉지형",
            "SHAPE_TYPE": "BOX",
            "POINTS": [
                [
                    1311.9360000000001,
                    458.02799999999996,
                    292.03200000000015,
                    508.032
                ]
            ]
        },
        {
            "ID": "2",
            "CLASS": "비닐",
            "DETAILS": "비닐",
            "DAMAGE": "원형",
            "DIRTINESS": "오염없음",
            "COVER": "겹침",
            "TRANSPARENCY": "불투명",
            "SHAPE": "봉지형",
            "SHAPE_TYPE": "BOX",
            "POINTS": [
                [
                    220.03199999999998,
                    122.04,
                    529.9200000000001,
                    540.0
                ]
            ]
        },
        {
            "ID": "3",
            "CLASS": "비닐",
            "DETAILS": "비닐",
            "DAMAGE": "원형",
            "DIRTINESS": "오염없음",
            "COVER": "겹침",
            "TRANSPARENCY": "불투명",
            "SHAPE": "봉지형",
            "SHAPE_TYPE": "BOX",
            "POINTS": [
                [
                    921.984,
                    747.036,
                    470.976,
                    332.96400000000006
                ]
            ]
        }
    ]
}