{
    "IMAGE_INFO": {
        "FILE_NAME": "1033216@0_06001_221006_P1_T3__0695.jpg",
        "DATE": "2022-10-28 18:06:29",
        "RESOLUTION": "1920 x 1080",
        "IMAGE_PHOTOGRAPHER": "조신주",
        "FOCUS_DISTANCE": "8.0",
        "EXPOSURE_TIME": "1/160",
        "SENSITIVITY_ISO": "5000",
        "PLACE": "강북재활용센터",
        "REGION_NAME": null,
        "Direction": "0",
        "HEIGHT": "115",
        "DAY/NIGHT": "주간",
        "WEATHER": "맑음",
        "IMAGE_HEIGHT": 1080,
        "IMAGE_WIDTH": 1920,
        "IMAGE_SIZE": "576.5 KB"
    },
    "ANNOTATION_INFO": [
        {
            "ID": "1",
            "CLASS": "비닐",
            "DETAILS": "비닐",
            "DAMAGE": "원형",
            "DIRTINESS": "이물질(외부)",
            "COVER": "겹침",
            "TRANSPARENCY": "불투명",
            "SHAPE": "봉지형",
            "SHAPE_TYPE": "BOX",
            "POINTS": [
                [
                    788.3388244478301,
                    63.77422089472906,
                    461.8710712483726,
                    661.8408321921038
                ]
            ]
        },
        {
            "ID": "2",
            "CLASS": "비닐",
            "DETAILS": "비닐",
            "DAMAGE": "원형",
            "DIRTINESS": "이물질(외부)",
            "COVER": "겹침",
            "TRANSPARENCY": "불투명",
            "SHAPE": "봉지형",
            "SHAPE_TYPE": "BOX",
            "POINTS": [
                [
                    574.2973359464899,
                    793.537785451691,
                    400.4800233943263,
                    285.98385627146376
                ]
            ]
        },
        {
            "ID": "3",
            "CLASS": "비닐",
            "DETAILS": "비닐",
            "DAMAGE": "찢어짐",
            "DIRTINESS": "오염없음",
            "COVER": "없음",
            "TRANSPARENCY": "불투명",
            "SHAPE": "봉지형",
            "SHAPE_TYPE": "BOX",
            "POINTS": [
                [
                    470.5284683957469,
                    694.5671322871341,
                    213.7955830862412,
                    383.6758830015191
                ]
            ]
        }
    ]
}