{
    "IMAGE_INFO": {
        "FILE_NAME": "1033092@0_06001_221006_P1_T3__0669.jpg",
        "DATE": "2022-10-28 18:06:25",
        "RESOLUTION": "1920 x 1080",
        "IMAGE_PHOTOGRAPHER": "조신주",
        "FOCUS_DISTANCE": "8.0",
        "EXPOSURE_TIME": "1/160",
        "SENSITIVITY_ISO": "5000",
        "PLACE": "강북재활용센터",
        "REGION_NAME": null,
        "Direction": "0",
        "HEIGHT": "115",
        "DAY/NIGHT": "주간",
        "WEATHER": "맑음",
        "IMAGE_HEIGHT": 1080,
        "IMAGE_WIDTH": 1920,
        "IMAGE_SIZE": "492.5 KB"
    },
    "ANNOTATION_INFO": [
        {
            "ID": "1",
            "CLASS": "비닐",
            "DETAILS": "비닐",
            "DAMAGE": "원형",
            "DIRTINESS": "이물질(외부)",
            "COVER": "없음",
            "TRANSPARENCY": "불투명",
            "SHAPE": "봉지형",
            "SHAPE_TYPE": "BOX",
            "POINTS": [
                [
                    1036.3161520383464,
                    232.26346223045533,
                    628.2509365692486,
                    382.5276700566788
                ]
            ]
        }
    ]
}