{
    "IMAGE_INFO": {
        "FILE_NAME": "1033171@0_06001_221006_P1_T3__1428.jpg",
        "DATE": "2022-10-28 18:08:26",
        "RESOLUTION": "1920 x 1080",
        "IMAGE_PHOTOGRAPHER": "조신주",
        "FOCUS_DISTANCE": "8.0",
        "EXPOSURE_TIME": "1/160",
        "SENSITIVITY_ISO": "5000",
        "PLACE": "강북재활용센터",
        "REGION_NAME": null,
        "Direction": "0",
        "HEIGHT": "115",
        "DAY/NIGHT": "주간",
        "WEATHER": "맑음",
        "IMAGE_HEIGHT": 1080,
        "IMAGE_WIDTH": 1920,
        "IMAGE_SIZE": "617.6 KB"
    },
    "ANNOTATION_INFO": [
        {
            "ID": "1",
            "CLASS": "비닐",
            "DETAILS": "비닐",
            "DAMAGE": "원형",
            "DIRTINESS": "오염없음",
            "COVER": "없음",
            "TRANSPARENCY": "불투명",
            "SHAPE": "봉지형",
            "SHAPE_TYPE": "BOX",
            "POINTS": [
                [
                    195.072,
                    482.976,
                    481.91999999999996,
                    440.96400000000006
                ]
            ]
        },
        {
            "ID": "2",
            "CLASS": "비닐",
            "DETAILS": "비닐",
            "DAMAGE": "찢어짐",
            "DIRTINESS": "오염없음",
            "COVER": "겹침",
            "TRANSPARENCY": "불투명",
            "SHAPE": "기타 형태",
            "SHAPE_TYPE": "BOX",
            "POINTS": [
                [
                    1143.936,
                    105.94800000000001,
                    750.912,
                    974.052
                ]
            ]
        }
    ]
}