{
    "IMAGE_INFO": {
        "FILE_NAME": "1036107@0_06001_221006_P1_T3__0028.jpg",
        "DATE": "2022-11-01 11:56:14",
        "RESOLUTION": "1920 x 1080",
        "IMAGE_PHOTOGRAPHER": "이경주",
        "FOCUS_DISTANCE": "8.0",
        "EXPOSURE_TIME": "1/160",
        "SENSITIVITY_ISO": "5000",
        "PLACE": "강북재활용센터",
        "REGION_NAME": null,
        "Direction": "0",
        "HEIGHT": "115",
        "DAY/NIGHT": "주간",
        "WEATHER": "맑음",
        "IMAGE_HEIGHT": 1080,
        "IMAGE_WIDTH": 1920,
        "IMAGE_SIZE": "663.8 KB"
    },
    "ANNOTATION_INFO": [
        {
            "ID": "1",
            "CLASS": "비닐",
            "DETAILS": "비닐",
            "DAMAGE": "찢어짐",
            "DIRTINESS": "오염없음",
            "COVER": "없음",
            "TRANSPARENCY": "불투명",
            "SHAPE": "봉지형",
            "SHAPE_TYPE": "BOX",
            "POINTS": [
                [
                    1211.8420146554618,
                    0,
                    451.79527099159714,
                    676.162127529625
                ]
            ]
        },
        {
            "ID": "2",
            "CLASS": "비닐",
            "DETAILS": "비닐",
            "DAMAGE": "원형",
            "DIRTINESS": "오염없음",
            "COVER": "겹침",
            "TRANSPARENCY": "불투명",
            "SHAPE": "봉지형",
            "SHAPE_TYPE": "BOX",
            "POINTS": [
                [
                    620.1121965171308,
                    77.19710433634782,
                    549.0489518373879,
                    877.5912681878158
                ]
            ]
        },
        {
            "ID": "3",
            "CLASS": "비닐",
            "DETAILS": "비닐",
            "DAMAGE": "찢어짐",
            "DIRTINESS": "오염없음",
            "COVER": "겹침",
            "TRANSPARENCY": "불투명",
            "SHAPE": "봉지형",
            "SHAPE_TYPE": "BOX",
            "POINTS": [
                [
                    403.2973391596637,
                    598.7735749245832,
                    275.97815394958025,
                    300.95893512605096
                ]
            ]
        },
        {
            "ID": "4",
            "CLASS": "비닐",
            "DETAILS": "비닐",
            "DAMAGE": "원형",
            "DIRTINESS": "이물질(외부)",
            "COVER": "없음",
            "TRANSPARENCY": "불투명",
            "SHAPE": "봉지형",
            "SHAPE_TYPE": "BOX",
            "POINTS": [
                [
                    1068.7970420168067,
                    703.378127529625,
                    350.3628907563027,
                    376.38453781512646
                ]
            ]
        },
        {
            "ID": "5",
            "CLASS": "비닐",
            "DETAILS": "비닐",
            "DAMAGE": "원형",
            "DIRTINESS": "오염없음",
            "COVER": "겹침",
            "TRANSPARENCY": "불투명",
            "SHAPE": "봉지형",
            "SHAPE_TYPE": "BOX",
            "POINTS": [
                [
                    345.7874662184875,
                    0.5554354817272179,
                    367.43263205634156,
                    479.6933125520996
                ]
            ]
        },
        {
            "ID": "6",
            "CLASS": "비닐",
            "DETAILS": "비닐",
            "DAMAGE": "찢어짐",
            "DIRTINESS": "오염없음",
            "COVER": "겹침",
            "TRANSPARENCY": "불투명",
            "SHAPE": "봉지형",
            "SHAPE_TYPE": "BOX",
            "POINTS": [
                [
                    618.5795657142855,
                    761.1681107229023,
                    265.86688537815144,
                    251.59215327731079
                ]
            ]
        }
    ]
}