{
    "IMAGE_INFO": {
        "FILE_NAME": "1036130@0_06001_221006_P1_T3__0083.jpg",
        "DATE": "2022-11-01 11:56:16",
        "RESOLUTION": "1920 x 1080",
        "IMAGE_PHOTOGRAPHER": "이경주",
        "FOCUS_DISTANCE": "8.0",
        "EXPOSURE_TIME": "1/160",
        "SENSITIVITY_ISO": "5000",
        "PLACE": "강북재활용센터",
        "REGION_NAME": null,
        "Direction": "0",
        "HEIGHT": "115",
        "DAY/NIGHT": "주간",
        "WEATHER": "맑음",
        "IMAGE_HEIGHT": 1080,
        "IMAGE_WIDTH": 1920,
        "IMAGE_SIZE": "583.0 KB"
    },
    "ANNOTATION_INFO": [
        {
            "ID": "1",
            "CLASS": "비닐",
            "DETAILS": "비닐",
            "DAMAGE": "원형",
            "DIRTINESS": "오염없음",
            "COVER": "없음",
            "TRANSPARENCY": "불투명",
            "SHAPE": "봉지형",
            "SHAPE_TYPE": "BOX",
            "POINTS": [
                [
                    1141.6274257233,
                    358.67541086690557,
                    261.6809767564416,
                    496.26439904426803
                ]
            ]
        },
        {
            "ID": "2",
            "CLASS": "비닐",
            "DETAILS": "비닐",
            "DAMAGE": "찢어짐",
            "DIRTINESS": "오염없음",
            "COVER": "없음",
            "TRANSPARENCY": "불투명",
            "SHAPE": "봉지형",
            "SHAPE_TYPE": "BOX",
            "POINTS": [
                [
                    238.4858044164038,
                    1.0646687697160884,
                    976.0883280757099,
                    887.5078864353312
                ]
            ]
        },
        {
            "ID": "3",
            "CLASS": "비닐",
            "DETAILS": "비닐",
            "DAMAGE": "찢어짐",
            "DIRTINESS": "오염없음",
            "COVER": "없음",
            "TRANSPARENCY": "불투명",
            "SHAPE": "봉지형",
            "SHAPE_TYPE": "BOX",
            "POINTS": [
                [
                    1120.0590738170347,
                    766.3735192429024,
                    398.5498447949526,
                    313.6264807570976
                ]
            ]
        }
    ]
}