{
    "IMAGE_INFO": {
        "FILE_NAME": "1093730@0_07002_220919_P1_T3__0709.jpg",
        "DATE": "2022-10-27 14:20:50",
        "RESOLUTION": "1920 x 1080",
        "IMAGE_PHOTOGRAPHER": "김건무",
        "FOCUS_DISTANCE": "4.0",
        "EXPOSURE_TIME": "1/320",
        "SENSITIVITY_ISO": "10000",
        "PLACE": "성남시재활용센터",
        "REGION_NAME": null,
        "Direction": "0",
        "HEIGHT": "95",
        "DAY/NIGHT": "주간",
        "WEATHER": "맑음",
        "IMAGE_HEIGHT": 1080,
        "IMAGE_WIDTH": 1920,
        "IMAGE_SIZE": "521.3 KB"
    },
    "ANNOTATION_INFO": [
        {
            "ID": "1",
            "CLASS": "유리병",
            "DETAILS": "녹색",
            "DAMAGE": "원형",
            "DIRTINESS": "이물질(외부)",
            "COVER": "없음",
            "TRANSPARENCY": "불투명",
            "SHAPE": "유리병형",
            "SHAPE_TYPE": "BOX",
            "POINTS": [
                [
                    1166.976,
                    596.0519999999999,
                    508.0319999999997,
                    483.9480000000001
                ]
            ]
        },
        {
            "ID": "2",
            "CLASS": "유리병",
            "DETAILS": "녹색",
            "DAMAGE": "원형",
            "DIRTINESS": "이물질(외부)",
            "COVER": "없음",
            "TRANSPARENCY": "투명",
            "SHAPE": "유리병형",
            "SHAPE_TYPE": "BOX",
            "POINTS": [
                [
                    86.016,
                    0,
                    405.888,
                    91.044
                ]
            ]
        }
    ]
}