{
    "IMAGE_INFO": {
        "FILE_NAME": "1093779@0_07002_220919_P1_T3__1095.jpg",
        "DATE": "2022-10-28 19:49:57",
        "RESOLUTION": "1920 x 1080",
        "IMAGE_PHOTOGRAPHER": "김건무",
        "FOCUS_DISTANCE": "4.0",
        "EXPOSURE_TIME": "1/320",
        "SENSITIVITY_ISO": "10000",
        "PLACE": "성남시재활용센터",
        "REGION_NAME": null,
        "Direction": "0",
        "HEIGHT": "95",
        "DAY/NIGHT": "주간",
        "WEATHER": "맑음",
        "IMAGE_HEIGHT": 1080,
        "IMAGE_WIDTH": 1920,
        "IMAGE_SIZE": "594.7 KB"
    },
    "ANNOTATION_INFO": [
        {
            "ID": "1",
            "CLASS": "유리병",
            "DETAILS": "녹색",
            "DAMAGE": "원형",
            "DIRTINESS": "오염없음",
            "COVER": "없음",
            "TRANSPARENCY": "투명",
            "SHAPE": "유리병형",
            "SHAPE_TYPE": "BOX",
            "POINTS": [
                [
                    1353.2530120481929,
                    0,
                    419.63855421686753,
                    240.15360453042638
                ]
            ]
        }
    ]
}