{
    "IMAGE_INFO": {
        "FILE_NAME": "1093201@0_07002_220919_P1_T3__1686.jpg",
        "DATE": "2022-10-28 19:50:08",
        "RESOLUTION": "1920 x 1080",
        "IMAGE_PHOTOGRAPHER": "김건무",
        "FOCUS_DISTANCE": "4.0",
        "EXPOSURE_TIME": "1/320",
        "SENSITIVITY_ISO": "10000",
        "PLACE": "성남시재활용센터",
        "REGION_NAME": null,
        "Direction": "0",
        "HEIGHT": "95",
        "DAY/NIGHT": "주간",
        "WEATHER": "맑음",
        "IMAGE_HEIGHT": 1080,
        "IMAGE_WIDTH": 1920,
        "IMAGE_SIZE": "621.1 KB"
    },
    "ANNOTATION_INFO": [
        {
            "ID": "1",
            "CLASS": "유리병",
            "DETAILS": "녹색",
            "DAMAGE": "원형",
            "DIRTINESS": "이물질(외부)",
            "COVER": "없음",
            "TRANSPARENCY": "불투명",
            "SHAPE": "유리병형",
            "SHAPE_TYPE": "BOX",
            "POINTS": [
                [
                    707.8153846153848,
                    850.1261437049279,
                    890.5846153846155,
                    212.67692307692323
                ]
            ]
        }
    ]
}