{
    "IMAGE_INFO": {
        "FILE_NAME": "1007773@0_05001_220907_P1_T3__3275.jpg",
        "DATE": "2022-10-31 14:57:18",
        "RESOLUTION": "1920 x 1080",
        "IMAGE_PHOTOGRAPHER": "이경주",
        "FOCUS_DISTANCE": "5.6",
        "EXPOSURE_TIME": "1/400",
        "SENSITIVITY_ISO": "4000",
        "PLACE": "용인시재활용센터",
        "REGION_NAME": null,
        "Direction": "0",
        "HEIGHT": "100",
        "DAY/NIGHT": "주간",
        "WEATHER": "맑음",
        "IMAGE_HEIGHT": 1080,
        "IMAGE_WIDTH": 1920,
        "IMAGE_SIZE": "583.5 KB"
    },
    "ANNOTATION_INFO": [
        {
            "ID": "1",
            "CLASS": "스티로폼",
            "DETAILS": "스티로폼",
            "DAMAGE": "파손",
            "DIRTINESS": "오염없음",
            "COVER": "겹침",
            "TRANSPARENCY": "불투명",
            "SHAPE": "기타 형태",
            "SHAPE_TYPE": "BOX",
            "POINTS": [
                [
                    900.396475770925,
                    621.5138325991187,
                    453.21938325991187,
                    325.7698678414098
                ]
            ]
        }
    ]
}