{
    "IMAGE_INFO": {
        "FILE_NAME": "1007800@0_05001_220907_P1_T3__3296.jpg",
        "DATE": "2022-10-31 14:57:20",
        "RESOLUTION": "1920 x 1080",
        "IMAGE_PHOTOGRAPHER": "이경주",
        "FOCUS_DISTANCE": "5.6",
        "EXPOSURE_TIME": "1/400",
        "SENSITIVITY_ISO": "4000",
        "PLACE": "용인시재활용센터",
        "REGION_NAME": null,
        "Direction": "0",
        "HEIGHT": "100",
        "DAY/NIGHT": "주간",
        "WEATHER": "맑음",
        "IMAGE_HEIGHT": 1080,
        "IMAGE_WIDTH": 1920,
        "IMAGE_SIZE": "546.4 KB"
    },
    "ANNOTATION_INFO": [
        {
            "ID": "1",
            "CLASS": "스티로폼",
            "DETAILS": "스티로폼",
            "DAMAGE": "원형",
            "DIRTINESS": "이물질(외부)",
            "COVER": "겹침",
            "TRANSPARENCY": "불투명",
            "SHAPE": "식품용기형",
            "SHAPE_TYPE": "BOX",
            "POINTS": [
                [
                    858.7665198237885,
                    60.06607929515418,
                    387.7533039647576,
                    415.11013215859026
                ]
            ]
        },
        {
            "ID": "2",
            "CLASS": "스티로폼",
            "DETAILS": "스티로폼",
            "DAMAGE": "파손",
            "DIRTINESS": "오염없음",
            "COVER": "겹침",
            "TRANSPARENCY": "불투명",
            "SHAPE": "기타 형태",
            "SHAPE_TYPE": "BOX",
            "POINTS": [
                [
                    1388.5088986784126,
                    0.975330396475712,
                    279.5249339207048,
                    106.57268722466961
                ]
            ]
        }
    ]
}