{
    "IMAGE_INFO": {
        "FILE_NAME": "1033307@0_05001_221006_P1_T3__0481.jpg",
        "DATE": "2022-10-28 18:05:54",
        "RESOLUTION": "1920 x 1080",
        "IMAGE_PHOTOGRAPHER": "조신주",
        "FOCUS_DISTANCE": "8.0",
        "EXPOSURE_TIME": "1/160",
        "SENSITIVITY_ISO": "5000",
        "PLACE": "강북재활용센터",
        "REGION_NAME": null,
        "Direction": "0",
        "HEIGHT": "115",
        "DAY/NIGHT": "주간",
        "WEATHER": "맑음",
        "IMAGE_HEIGHT": 1080,
        "IMAGE_WIDTH": 1920,
        "IMAGE_SIZE": "493.3 KB"
    },
    "ANNOTATION_INFO": [
        {
            "ID": "1",
            "CLASS": "스티로폼",
            "DETAILS": "스티로폼",
            "DAMAGE": "파손",
            "DIRTINESS": "이물질(전체)",
            "COVER": "없음",
            "TRANSPARENCY": "불투명",
            "SHAPE": "내장재용도형",
            "SHAPE_TYPE": "POLYGON",
            "POINTS": [
                [
                    1508.928,
                    601.02
                ],
                [
                    1497.984,
                    598.968
                ],
                [
                    1488,
                    600.048
                ],
                [
                    1401.0240000000001,
                    597.996
                ],
                [
                    1395.0720000000001,
                    593.028
                ],
                [
                    1392.96,
                    587.952
                ],
                [
                    1393.92,
                    574.02
                ],
                [
                    1392.96,
                    513
                ],
                [
                    1395.0720000000001,
                    463.96799999999996
                ],
                [
                    1393.92,
                    434.05199999999996
                ],
                [
                    1396.032,
                    401.004
                ],
                [
                    1398.912,
                    394.956
                ],
                [
                    1398.912,
                    389.016
                ],
                [
                    1401.0240000000001,
                    382.968
                ],
                [
                    1407.936,
                    374.004
                ],
                [
                    1411.968,
                    370.00800000000004
                ],
                [
                    1419.072,
                    366.984
                ],
                [
                    1425.024,
                    366.984
                ],
                [
                    1430.016,
                    369.036
                ],
                [
                    1433.088,
                    369.036
                ],
                [
                    1434.048,
                    370.00800000000004
                ],
                [
                    1435.968,
                    370.00800000000004
                ],
                [
                    1439.0400000000002,
                    373.032
                ],
                [
                    1440,
                    374.976
                ],
                [
                    1449.984,
                    380.05199999999996
                ],
                [
                    1459.9679999999998,
                    381.99600000000004
                ],
                [
                    1511.04,
                    381.99600000000004
                ],
                [
                    1523.904,
                    381.024
                ],
                [
                    1532.9279999999999,
                    378.972
                ],
                [
                    1536.96,
                    378.972
                ],
                [
                    1537.92,
                    380.05199999999996
                ],
                [
                    1550.016,
                    381.024
                ],
                [
                    1563.0720000000001,
                    382.968
                ],
                [
                    1574.0159999999998,
                    382.968
                ],
                [
                    1589.952,
                    385.992
                ],
                [
                    1594.944,
                    385.992
                ],
                [
                    1598.016,
                    389.016
                ],
                [
                    1599.9360000000001,
                    389.988
                ],
                [
                    1599.9360000000001,
                    436.968
                ],
                [
                    1602.048,
                    462.024
                ],
                [
                    1602.048,
                    497.988
                ],
                [
                    1603.008,
                    519.048
                ],
                [
                    1604.9279999999999,
                    533.952
                ],
                [
                    1606.08,
                    569.052
                ],
                [
                    1604.9279999999999,
                    574.992
                ],
                [
                    1602.048,
                    585.036
                ],
                [
                    1598.016,
                    587.952
                ],
                [
                    1597.056,
                    590.976
                ],
                [
                    1594.944,
                    594
                ],
                [
                    1590.912,
                    597.024
                ],
                [
                    1579.008,
                    601.02
                ],
                [
                    1508.928,
                    601.02
                ]
            ]
        },
        {
            "ID": "2",
            "CLASS": "스티로폼",
            "DETAILS": "스티로폼",
            "DAMAGE": "원형",
            "DIRTINESS": "이물질(내부)",
            "COVER": "겹침",
            "TRANSPARENCY": "불투명",
            "SHAPE": "식품용기형",
            "SHAPE_TYPE": "POLYGON",
            "POINTS": [
                [
                    1027.968,
                    452.952
                ],
                [
                    862.08,
                    570.996
                ],
                [
                    681.984,
                    702
                ],
                [
                    648.96,
                    701.028
                ],
                [
                    451.008,
                    435.996
                ],
                [
                    480.96,
                    384.048
                ],
                [
                    850.944,
                    135
                ],
                [
                    888,
                    154.008
                ],
                [
                    916.032,
                    195.048
                ],
                [
                    969.0240000000001,
                    273.996
                ],
                [
                    1057.92,
                    416.01599999999996
                ]
            ]
        }
    ]
}