{
    "IMAGE_INFO": {
        "FILE_NAME": "1033289@0_05001_221006_P1_T3__0482.jpg",
        "DATE": "2022-10-28 18:05:54",
        "RESOLUTION": "1920 x 1080",
        "IMAGE_PHOTOGRAPHER": "조신주",
        "FOCUS_DISTANCE": "8.0",
        "EXPOSURE_TIME": "1/160",
        "SENSITIVITY_ISO": "5000",
        "PLACE": "강북재활용센터",
        "REGION_NAME": null,
        "Direction": "0",
        "HEIGHT": "115",
        "DAY/NIGHT": "주간",
        "WEATHER": "맑음",
        "IMAGE_HEIGHT": 1080,
        "IMAGE_WIDTH": 1920,
        "IMAGE_SIZE": "504.6 KB"
    },
    "ANNOTATION_INFO": [
        {
            "ID": "1",
            "CLASS": "스티로폼",
            "DETAILS": "스티로폼",
            "DAMAGE": "원형",
            "DIRTINESS": "이물질(외부)",
            "COVER": "겹침",
            "TRANSPARENCY": "불투명",
            "SHAPE": "식품용기형",
            "SHAPE_TYPE": "POLYGON",
            "POINTS": [
                [
                    522.048,
                    374.976
                ],
                [
                    469.056,
                    308.988
                ],
                [
                    460.992,
                    288.036
                ],
                [
                    461.952,
                    263.952
                ],
                [
                    470.976,
                    245.052
                ],
                [
                    484.99199999999996,
                    228.95999999999998
                ],
                [
                    550.0799999999999,
                    181.008
                ],
                [
                    628.032,
                    127.008
                ],
                [
                    748.032,
                    43.956
                ],
                [
                    810.048,
                    0
                ],
                [
                    888,
                    0.972
                ],
                [
                    942.9119999999999,
                    74.952
                ],
                [
                    993.9840000000002,
                    150.984
                ],
                [
                    1042.944,
                    224.96400000000003
                ],
                [
                    1046.976,
                    230.04
                ],
                [
                    1050.048,
                    235.00799999999998
                ],
                [
                    1052.9279999999999,
                    246.99599999999998
                ],
                [
                    1052.9279999999999,
                    258.012
                ],
                [
                    1052.9279999999999,
                    265.032
                ],
                [
                    1051.968,
                    269.02799999999996
                ],
                [
                    1041.984,
                    288.036
                ],
                [
                    1019.904,
                    308.016
                ],
                [
                    878.976,
                    400.032
                ],
                [
                    733.0559999999999,
                    505.98
                ],
                [
                    695.04,
                    535.032
                ],
                [
                    672.9599999999999,
                    540.972
                ],
                [
                    648,
                    535.032
                ],
                [
                    624,
                    509.976
                ]
            ]
        },
        {
            "ID": "2",
            "CLASS": "스티로폼",
            "DETAILS": "스티로폼",
            "DAMAGE": "파손",
            "DIRTINESS": "이물질(외부)",
            "COVER": "없음",
            "TRANSPARENCY": "불투명",
            "SHAPE": "내장재용도형",
            "SHAPE_TYPE": "POLYGON",
            "POINTS": [
                [
                    1397.952,
                    374.976
                ],
                [
                    1401.0240000000001,
                    355.968
                ],
                [
                    1400.0639999999999,
                    317.952
                ],
                [
                    1401.0240000000001,
                    289.008
                ],
                [
                    1402.944,
                    284.04
                ],
                [
                    1401.0240000000001,
                    280.044
                ],
                [
                    1401.0240000000001,
                    246.99599999999998
                ],
                [
                    1405.056,
                    231.98399999999998
                ],
                [
                    1409.088,
                    224.96400000000003
                ],
                [
                    1419.072,
                    216
                ],
                [
                    1425.9840000000002,
                    213.948
                ],
                [
                    1436.9279999999999,
                    216
                ],
                [
                    1443.0720000000001,
                    219.024
                ],
                [
                    1444.9920000000002,
                    224.96400000000003
                ],
                [
                    1454.0159999999998,
                    231.012
                ],
                [
                    1496.064,
                    235.00799999999998
                ],
                [
                    1499.904,
                    231.98399999999998
                ],
                [
                    1527.936,
                    231.012
                ],
                [
                    1536,
                    230.04
                ],
                [
                    1536,
                    228.95999999999998
                ],
                [
                    1551.9360000000001,
                    231.98399999999998
                ],
                [
                    1561.92,
                    232.95600000000002
                ],
                [
                    1568.0639999999999,
                    234.036
                ],
                [
                    1568.0639999999999,
                    232.95600000000002
                ],
                [
                    1570.944,
                    232.95600000000002
                ],
                [
                    1589.952,
                    236.95200000000003
                ],
                [
                    1598.9759999999999,
                    239.004
                ],
                [
                    1602.048,
                    246.99599999999998
                ],
                [
                    1603.008,
                    267.948
                ],
                [
                    1603.008,
                    270.97200000000004
                ],
                [
                    1601.088,
                    272.052
                ],
                [
                    1603.008,
                    312.012
                ],
                [
                    1603.008,
                    363.96000000000004
                ],
                [
                    1606.08,
                    401.976
                ],
                [
                    1603.968,
                    424.008
                ],
                [
                    1599.9360000000001,
                    439.02
                ],
                [
                    1598.016,
                    444.96
                ],
                [
                    1583.04,
                    448.956
                ],
                [
                    1542.912,
                    447.984
                ],
                [
                    1530.048,
                    447.012
                ],
                [
                    1522.944,
                    447.984
                ],
                [
                    1501.056,
                    447.012
                ],
                [
                    1473.9840000000002,
                    446.03999999999996
                ],
                [
                    1411.968,
                    444.96
                ],
                [
                    1401.0240000000001,
                    439.02
                ],
                [
                    1398.912,
                    412.992
                ],
                [
                    1400.0639999999999,
                    393.98400000000004
                ],
                [
                    1397.952,
                    385.02
                ]
            ]
        }
    ]
}