{
    "IMAGE_INFO": {
        "FILE_NAME": "1033293@0_05001_221006_P1_T3__2816.jpg",
        "DATE": "2022-10-28 18:12:07",
        "RESOLUTION": "1920 x 1080",
        "IMAGE_PHOTOGRAPHER": "조신주",
        "FOCUS_DISTANCE": "8.0",
        "EXPOSURE_TIME": "1/160",
        "SENSITIVITY_ISO": "5000",
        "PLACE": "강북재활용센터",
        "REGION_NAME": null,
        "Direction": "0",
        "HEIGHT": "115",
        "DAY/NIGHT": "주간",
        "WEATHER": "맑음",
        "IMAGE_HEIGHT": 1080,
        "IMAGE_WIDTH": 1920,
        "IMAGE_SIZE": "591.1 KB"
    },
    "ANNOTATION_INFO": [
        {
            "ID": "1",
            "CLASS": "스티로폼",
            "DETAILS": "스티로폼",
            "DAMAGE": "파손",
            "DIRTINESS": "이물질(외부)",
            "COVER": "겹침",
            "TRANSPARENCY": "불투명",
            "SHAPE": "식품용기형",
            "SHAPE_TYPE": "POLYGON",
            "POINTS": [
                [
                    1170.048,
                    177.012
                ],
                [
                    1165.056,
                    176.04000000000002
                ],
                [
                    1153.92,
                    173.01600000000002
                ],
                [
                    1148.928,
                    173.01600000000002
                ],
                [
                    1143.936,
                    169.99200000000002
                ],
                [
                    1137.984,
                    168.04799999999997
                ],
                [
                    1136.064,
                    168.04799999999997
                ],
                [
                    1128,
                    165.996
                ],
                [
                    1097.088,
                    165.996
                ],
                [
                    1094.0159999999998,
                    166.968
                ],
                [
                    1089.0240000000001,
                    166.968
                ],
                [
                    1080.9599999999998,
                    159.948
                ],
                [
                    1079.0400000000002,
                    150.984
                ],
                [
                    1070.9759999999999,
                    139.968
                ],
                [
                    1068.096,
                    132.948
                ],
                [
                    1066.944,
                    130.03199999999998
                ],
                [
                    1065.9840000000002,
                    116.964
                ],
                [
                    1060.992,
                    110.052
                ],
                [
                    1060.992,
                    108
                ],
                [
                    1056.96,
                    100.008
                ],
                [
                    1056,
                    92.988
                ],
                [
                    1049.088,
                    77.976
                ],
                [
                    1047.936,
                    70.95599999999999
                ],
                [
                    1046.976,
                    42.984
                ],
                [
                    1046.976,
                    19.98
                ],
                [
                    1047.936,
                    16.956
                ],
                [
                    1051.968,
                    15.011999999999999
                ],
                [
                    1052.9279999999999,
                    7.02
                ],
                [
                    1056,
                    3.024
                ],
                [
                    1056,
                    0
                ],
                [
                    1161.0240000000001,
                    0
                ],
                [
                    1180.992,
                    15.011999999999999
                ],
                [
                    1185.9840000000002,
                    19.98
                ],
                [
                    1188.096,
                    26.028
                ],
                [
                    1190.016,
                    27
                ],
                [
                    1190.9759999999999,
                    30.996
                ],
                [
                    1199.0400000000002,
                    37.044
                ],
                [
                    1200,
                    41.04
                ],
                [
                    1201.92,
                    42.01199999999999
                ],
                [
                    1204.032,
                    46.007999999999996
                ],
                [
                    1204.032,
                    47.952000000000005
                ],
                [
                    1206.912,
                    51.94799999999999
                ],
                [
                    1208.0639999999999,
                    56.052
                ],
                [
                    1211.904,
                    60.047999999999995
                ],
                [
                    1213.056,
                    65.01599999999999
                ],
                [
                    1215.936,
                    69.012
                ],
                [
                    1217.088,
                    73.008
                ],
                [
                    1219.9679999999998,
                    77.976
                ],
                [
                    1222.08,
                    84.99600000000001
                ],
                [
                    1228.992,
                    95.03999999999999
                ],
                [
                    1229.952,
                    97.956
                ],
                [
                    1233.024,
                    100.98
                ],
                [
                    1233.9840000000002,
                    105.94800000000001
                ],
                [
                    1237.056,
                    111.024
                ],
                [
                    1237.056,
                    120.96000000000001
                ],
                [
                    1234.944,
                    120.96000000000001
                ],
                [
                    1232.064,
                    122.04
                ],
                [
                    1225.9199999999998,
                    127.008
                ],
                [
                    1224.96,
                    130.03199999999998
                ],
                [
                    1217.088,
                    137.05200000000002
                ],
                [
                    1211.904,
                    145.044
                ],
                [
                    1201.92,
                    151.956
                ],
                [
                    1194.048,
                    159.948
                ],
                [
                    1191.9360000000001,
                    164.05200000000002
                ],
                [
                    1185.024,
                    172.04399999999998
                ],
                [
                    1180.0320000000002,
                    174.96
                ],
                [
                    1176.96,
                    176.04000000000002
                ],
                [
                    1174.0800000000002,
                    176.04000000000002
                ],
                [
                    1172.9279999999999,
                    177.012
                ],
                [
                    1170.048,
                    177.012
                ]
            ]
        },
        {
            "ID": "2",
            "CLASS": "스티로폼",
            "DETAILS": "스티로폼",
            "DAMAGE": "파손",
            "DIRTINESS": "이물질(외부)",
            "COVER": "없음",
            "TRANSPARENCY": "불투명",
            "SHAPE": "식품용기형",
            "SHAPE_TYPE": "POLYGON",
            "POINTS": [
                [
                    1804.032,
                    1003.968
                ],
                [
                    1798.08,
                    1002.996
                ],
                [
                    1786.944,
                    999
                ],
                [
                    1781.952,
                    995.976
                ],
                [
                    1772.9279999999999,
                    995.004
                ],
                [
                    1755.0720000000001,
                    995.004
                ],
                [
                    1751.04,
                    994.032
                ],
                [
                    1738.944,
                    987.0120000000001
                ],
                [
                    1718.9759999999999,
                    982.044
                ],
                [
                    1714.944,
                    982.044
                ],
                [
                    1709.952,
                    979.02
                ],
                [
                    1693.056,
                    975.024
                ],
                [
                    1681.92,
                    968.976
                ],
                [
                    1661.952,
                    961.956
                ],
                [
                    1647.936,
                    959.04
                ],
                [
                    1636.992,
                    957.96
                ],
                [
                    1609.92,
                    951.048
                ],
                [
                    1592.064,
                    940.0319999999999
                ],
                [
                    1585.9199999999998,
                    934.956
                ],
                [
                    1579.008,
                    921.996
                ],
                [
                    1574.976,
                    920.052
                ],
                [
                    1579.008,
                    917.028
                ],
                [
                    1569.0240000000001,
                    914.976
                ],
                [
                    1564.032,
                    911.952
                ],
                [
                    1560,
                    906.984
                ],
                [
                    1565.952,
                    876.96
                ],
                [
                    1569.0240000000001,
                    825.984
                ],
                [
                    1574.976,
                    821.9879999999999
                ],
                [
                    1588.992,
                    818.9639999999999
                ],
                [
                    1598.9759999999999,
                    813.9960000000001
                ],
                [
                    1616.064,
                    813.024
                ],
                [
                    1623.936,
                    810
                ],
                [
                    1636.032,
                    803.952
                ],
                [
                    1647.936,
                    799.956
                ],
                [
                    1665.024,
                    787.9680000000001
                ],
                [
                    1674.048,
                    787.9680000000001
                ],
                [
                    1693.056,
                    794.9879999999999
                ],
                [
                    1704,
                    801.0360000000001
                ],
                [
                    1718.9759999999999,
                    806.0039999999999
                ],
                [
                    1731.072,
                    807.948
                ],
                [
                    1747.008,
                    816.048
                ],
                [
                    1760.0639999999999,
                    821.016
                ],
                [
                    1784.064,
                    834.948
                ],
                [
                    1794.048,
                    844.992
                ],
                [
                    1813.056,
                    875.0160000000001
                ],
                [
                    1828.992,
                    891.972
                ],
                [
                    1847.04,
                    903.9599999999999
                ],
                [
                    1848,
                    914.004
                ],
                [
                    1846.08,
                    924.048
                ],
                [
                    1841.088,
                    938.952
                ],
                [
                    1834.944,
                    948.024
                ],
                [
                    1833.024,
                    959.04
                ],
                [
                    1824.96,
                    979.02
                ],
                [
                    1811.904,
                    1002.024
                ],
                [
                    1804.032,
                    1003.968
                ]
            ]
        },
        {
            "ID": "3",
            "CLASS": "스티로폼",
            "DETAILS": "스티로폼",
            "DAMAGE": "파손",
            "DIRTINESS": "오염없음",
            "COVER": "없음",
            "TRANSPARENCY": "불투명",
            "SHAPE": "식품용기형",
            "SHAPE_TYPE": "POLYGON",
            "POINTS": [
                [
                    927.936,
                    591.948
                ],
                [
                    913.92,
                    590.976
                ],
                [
                    910.0799999999999,
                    585.036
                ],
                [
                    900.096,
                    531.0360000000001
                ],
                [
                    906.048,
                    489.024
                ],
                [
                    908.928,
                    486
                ],
                [
                    948.096,
                    470.988
                ],
                [
                    954.048,
                    463.96799999999996
                ],
                [
                    954.048,
                    458.02799999999996
                ],
                [
                    960,
                    454.032
                ],
                [
                    993.024,
                    446.03999999999996
                ],
                [
                    1011.0719999999999,
                    435.996
                ],
                [
                    1017.984,
                    438.048
                ],
                [
                    1030.08,
                    435.024
                ],
                [
                    1036.032,
                    429.94800000000004
                ],
                [
                    1047.936,
                    425.952
                ],
                [
                    1056,
                    425.952
                ],
                [
                    1078.08,
                    416.988
                ],
                [
                    1099.9679999999998,
                    405
                ],
                [
                    1100.928,
                    401.976
                ],
                [
                    1107.0720000000001,
                    398.952
                ],
                [
                    1113.9840000000002,
                    392.03999999999996
                ],
                [
                    1122.048,
                    378
                ],
                [
                    1129.92,
                    371.952
                ],
                [
                    1132.032,
                    371.952
                ],
                [
                    1142.976,
                    375.94800000000004
                ],
                [
                    1150.08,
                    375.94800000000004
                ],
                [
                    1153.92,
                    380.05199999999996
                ],
                [
                    1180.0320000000002,
                    467.964
                ],
                [
                    1177.92,
                    489.024
                ],
                [
                    1156.032,
                    512.028
                ],
                [
                    1148.928,
                    531.0360000000001
                ],
                [
                    1136.064,
                    543.9960000000001
                ],
                [
                    1131.072,
                    546.048
                ],
                [
                    1107.0720000000001,
                    543.9960000000001
                ],
                [
                    1084.032,
                    551.9879999999999
                ],
                [
                    1076.9279999999999,
                    551.9879999999999
                ],
                [
                    1046.976,
                    563.976
                ],
                [
                    1041.0240000000001,
                    563.976
                ],
                [
                    1023.936,
                    570.024
                ],
                [
                    1004.928,
                    582.0120000000001
                ],
                [
                    998.976,
                    582.0120000000001
                ],
                [
                    993.024,
                    585.036
                ],
                [
                    974.016,
                    587.952
                ],
                [
                    941.952,
                    587.952
                ],
                [
                    927.936,
                    591.948
                ]
            ]
        },
        {
            "ID": "4",
            "CLASS": "스티로폼",
            "DETAILS": "스티로폼",
            "DAMAGE": "파손",
            "DIRTINESS": "오염없음",
            "COVER": "없음",
            "TRANSPARENCY": "불투명",
            "SHAPE": "식품용기형",
            "SHAPE_TYPE": "POLYGON",
            "POINTS": [
                [
                    1469.952,
                    446.03999999999996
                ],
                [
                    1463.04,
                    442.044
                ],
                [
                    1462.08,
                    439.02
                ],
                [
                    1454.0159999999998,
                    432.972
                ],
                [
                    1449.0240000000001,
                    424.98
                ],
                [
                    1440.9599999999998,
                    419.04
                ],
                [
                    1430.9759999999999,
                    407.052
                ],
                [
                    1414.0800000000002,
                    394.956
                ],
                [
                    1411.968,
                    385.02
                ],
                [
                    1407.936,
                    378
                ],
                [
                    1405.056,
                    377.028
                ],
                [
                    1400.0639999999999,
                    370.00800000000004
                ],
                [
                    1391.04,
                    362.988
                ],
                [
                    1386.048,
                    350.028
                ],
                [
                    1382.976,
                    347.00399999999996
                ],
                [
                    1368.96,
                    297
                ],
                [
                    1363.008,
                    280.044
                ],
                [
                    1359.9360000000001,
                    277.02
                ],
                [
                    1361.088,
                    267.948
                ],
                [
                    1363.968,
                    259.956
                ],
                [
                    1372.032,
                    250.02
                ],
                [
                    1390.08,
                    232.95600000000002
                ],
                [
                    1392,
                    230.04
                ],
                [
                    1392.96,
                    222.048
                ],
                [
                    1401.0240000000001,
                    212.004
                ],
                [
                    1416,
                    200.016
                ],
                [
                    1435.968,
                    192.996
                ],
                [
                    1449.0240000000001,
                    191.052
                ],
                [
                    1462.08,
                    184.03199999999998
                ],
                [
                    1464,
                    184.03199999999998
                ],
                [
                    1465.9199999999998,
                    181.98000000000002
                ],
                [
                    1469.952,
                    181.98000000000002
                ],
                [
                    1478.016,
                    178.956
                ],
                [
                    1497.024,
                    174.96
                ],
                [
                    1536,
                    174.96
                ],
                [
                    1540.0320000000002,
                    176.04000000000002
                ],
                [
                    1544.064,
                    178.956
                ],
                [
                    1544.064,
                    181.008
                ],
                [
                    1548.096,
                    181.98000000000002
                ],
                [
                    1550.9759999999999,
                    176.04000000000002
                ],
                [
                    1555.968,
                    172.04399999999998
                ],
                [
                    1566.912,
                    172.04399999999998
                ],
                [
                    1570.944,
                    174.96
                ],
                [
                    1588.032,
                    191.052
                ],
                [
                    1607.04,
                    218.052
                ],
                [
                    1612.992,
                    249.048
                ],
                [
                    1617.024,
                    257.03999999999996
                ],
                [
                    1617.024,
                    285.012
                ],
                [
                    1616.064,
                    286.956
                ],
                [
                    1612.992,
                    286.956
                ],
                [
                    1608.96,
                    289.98
                ],
                [
                    1607.04,
                    304.99199999999996
                ],
                [
                    1599.9360000000001,
                    321.948
                ],
                [
                    1596.096,
                    340.95599999999996
                ],
                [
                    1590.912,
                    351.97200000000004
                ],
                [
                    1587.0720000000001,
                    357.048
                ],
                [
                    1585.9199999999998,
                    362.016
                ],
                [
                    1579.9679999999998,
                    369.036
                ],
                [
                    1570.944,
                    370.00800000000004
                ],
                [
                    1566.912,
                    366.984
                ],
                [
                    1559.0400000000002,
                    370.00800000000004
                ],
                [
                    1555.0079999999998,
                    374.976
                ],
                [
                    1554.048,
                    378.972
                ],
                [
                    1550.9759999999999,
                    380.05199999999996
                ],
                [
                    1549.056,
                    385.992
                ],
                [
                    1545.9840000000002,
                    389.016
                ],
                [
                    1545.024,
                    393.98400000000004
                ],
                [
                    1539.072,
                    402.948
                ],
                [
                    1539.072,
                    416.01599999999996
                ],
                [
                    1508.928,
                    413.964
                ],
                [
                    1501.056,
                    416.01599999999996
                ],
                [
                    1489.92,
                    424.008
                ],
                [
                    1469.952,
                    446.03999999999996
                ]
            ]
        }
    ]
}