{
    "IMAGE_INFO": {
        "FILE_NAME": "1033291@0_05001_221006_P1_T3__2812.jpg",
        "DATE": "2022-10-28 18:12:06",
        "RESOLUTION": "1920 x 1080",
        "IMAGE_PHOTOGRAPHER": "조신주",
        "FOCUS_DISTANCE": "8.0",
        "EXPOSURE_TIME": "1/160",
        "SENSITIVITY_ISO": "5000",
        "PLACE": "강북재활용센터",
        "REGION_NAME": null,
        "Direction": "0",
        "HEIGHT": "115",
        "DAY/NIGHT": "주간",
        "WEATHER": "맑음",
        "IMAGE_HEIGHT": 1080,
        "IMAGE_WIDTH": 1920,
        "IMAGE_SIZE": "632.7 KB"
    },
    "ANNOTATION_INFO": [
        {
            "ID": "1",
            "CLASS": "스티로폼",
            "DETAILS": "스티로폼",
            "DAMAGE": "파손",
            "DIRTINESS": "오염없음",
            "COVER": "겹침",
            "TRANSPARENCY": "불투명",
            "SHAPE": "식품용기형",
            "SHAPE_TYPE": "POLYGON",
            "POINTS": [
                [
                    1521.984,
                    778.032
                ],
                [
                    1499.904,
                    775.008
                ],
                [
                    1483.968,
                    774.0360000000001
                ],
                [
                    1464,
                    775.98
                ],
                [
                    1444.9920000000002,
                    782.028
                ],
                [
                    1434.048,
                    786.996
                ],
                [
                    1435.0079999999998,
                    787.9680000000001
                ],
                [
                    1417.92,
                    791.9639999999999
                ],
                [
                    1400.0639999999999,
                    797.04
                ],
                [
                    1401.0240000000001,
                    805.0319999999999
                ],
                [
                    1401.984,
                    806.976
                ],
                [
                    1402.944,
                    809.028
                ],
                [
                    1396.032,
                    812.052
                ],
                [
                    1368,
                    833.976
                ],
                [
                    1347.0720000000001,
                    856.0079999999999
                ],
                [
                    1344,
                    867.996
                ],
                [
                    1344,
                    878.04
                ],
                [
                    1348.992,
                    883.98
                ],
                [
                    1353.9840000000002,
                    890.028
                ],
                [
                    1374.9119999999998,
                    914.976
                ],
                [
                    1390.08,
                    936.0360000000001
                ],
                [
                    1405.056,
                    952.992
                ],
                [
                    1417.92,
                    963.0360000000001
                ],
                [
                    1421.952,
                    975.996
                ],
                [
                    1433.088,
                    991.98
                ],
                [
                    1445.952,
                    1011.96
                ],
                [
                    1454.0159999999998,
                    1034.964
                ],
                [
                    1464.96,
                    1050.9479999999999
                ],
                [
                    1473.024,
                    1057.968
                ],
                [
                    1482.048,
                    1063.0439999999999
                ],
                [
                    1489.92,
                    1063.0439999999999
                ],
                [
                    1511.04,
                    1049.9759999999999
                ],
                [
                    1520.0639999999999,
                    1049.9759999999999
                ],
                [
                    1534.0800000000002,
                    1029.024
                ],
                [
                    1529.088,
                    1007.964
                ],
                [
                    1539.072,
                    983.988
                ],
                [
                    1544.064,
                    974.052
                ],
                [
                    1549.056,
                    967.0319999999999
                ],
                [
                    1555.968,
                    961.956
                ],
                [
                    1556.9279999999999,
                    967.0319999999999
                ],
                [
                    1556.9279999999999,
                    972.972
                ],
                [
                    1560,
                    969.948
                ],
                [
                    1564.9920000000002,
                    968.976
                ],
                [
                    1566.912,
                    963.0360000000001
                ],
                [
                    1568.0639999999999,
                    959.04
                ],
                [
                    1569.0240000000001,
                    957.96
                ],
                [
                    1569.0240000000001,
                    933.0120000000001
                ],
                [
                    1569.0240000000001,
                    921.024
                ],
                [
                    1569.984,
                    918.972
                ],
                [
                    1571.904,
                    914.004
                ],
                [
                    1574.0159999999998,
                    902.0160000000001
                ],
                [
                    1577.088,
                    899.964
                ],
                [
                    1578.048,
                    891.972
                ],
                [
                    1579.9679999999998,
                    879.012
                ],
                [
                    1579.008,
                    871.992
                ],
                [
                    1577.088,
                    867.996
                ],
                [
                    1574.0159999999998,
                    845.9639999999999
                ],
                [
                    1575.936,
                    839.052
                ],
                [
                    1571.904,
                    820.044
                ],
                [
                    1568.0639999999999,
                    818.9639999999999
                ],
                [
                    1566.912,
                    810.972
                ],
                [
                    1559.0400000000002,
                    794.016
                ],
                [
                    1554.048,
                    786.024
                ],
                [
                    1542.912,
                    772.956
                ],
                [
                    1540.0320000000002,
                    771.012
                ],
                [
                    1535.04,
                    774.0360000000001
                ],
                [
                    1532.9279999999999,
                    778.032
                ],
                [
                    1534.0800000000002,
                    783.972
                ],
                [
                    1536.96,
                    794.016
                ],
                [
                    1539.072,
                    802.008
                ],
                [
                    1539.072,
                    813.9960000000001
                ],
                [
                    1536.96,
                    813.024
                ],
                [
                    1536.96,
                    805.0319999999999
                ],
                [
                    1534.0800000000002,
                    799.956
                ],
                [
                    1531.968,
                    797.04
                ],
                [
                    1527.936,
                    791.9639999999999
                ],
                [
                    1521.984,
                    785.052
                ]
            ]
        },
        {
            "ID": "2",
            "CLASS": "스티로폼",
            "DETAILS": "스티로폼",
            "DAMAGE": "파손",
            "DIRTINESS": "오염없음",
            "COVER": "겹침",
            "TRANSPARENCY": "불투명",
            "SHAPE": "식품용기형",
            "SHAPE_TYPE": "POLYGON",
            "POINTS": [
                [
                    1147.968,
                    620.028
                ],
                [
                    1137.024,
                    617.976
                ],
                [
                    1051.968,
                    612.036
                ],
                [
                    1049.088,
                    614.952
                ],
                [
                    1051.008,
                    621
                ],
                [
                    1045.056,
                    631.0440000000001
                ],
                [
                    1042.944,
                    636.984
                ],
                [
                    1049.088,
                    647.028
                ],
                [
                    1047.936,
                    663.984
                ],
                [
                    1045.056,
                    675.972
                ],
                [
                    1041.984,
                    683.9639999999999
                ],
                [
                    1038.912,
                    690.984
                ],
                [
                    1041.984,
                    702.972
                ],
                [
                    1046.0159999999998,
                    706.968
                ],
                [
                    1050.048,
                    713.016
                ],
                [
                    1050.048,
                    717.9839999999999
                ],
                [
                    1050.048,
                    721.0079999999999
                ],
                [
                    1064.064,
                    755.028
                ],
                [
                    1075.0079999999998,
                    755.028
                ],
                [
                    1079.0400000000002,
                    758.052
                ],
                [
                    1093.056,
                    759.996
                ],
                [
                    1114.944,
                    763.9920000000001
                ],
                [
                    1128.96,
                    766.0440000000001
                ],
                [
                    1133.952,
                    763.9920000000001
                ],
                [
                    1141.056,
                    759.996
                ],
                [
                    1143.936,
                    753.9480000000001
                ],
                [
                    1145.0880000000002,
                    751.032
                ],
                [
                    1147.008,
                    753.9480000000001
                ],
                [
                    1143.936,
                    759.996
                ],
                [
                    1137.984,
                    763.9920000000001
                ],
                [
                    1132.032,
                    767.0160000000001
                ],
                [
                    1133.952,
                    767.9879999999999
                ],
                [
                    1138.944,
                    770.04
                ],
                [
                    1142.976,
                    771.984
                ],
                [
                    1147.968,
                    771.012
                ],
                [
                    1155.0720000000001,
                    771.984
                ],
                [
                    1167.936,
                    775.008
                ],
                [
                    1172.9279999999999,
                    774.0360000000001
                ],
                [
                    1182.912,
                    762.048
                ],
                [
                    1206.912,
                    733.968
                ],
                [
                    1214.0159999999998,
                    728.028
                ],
                [
                    1225.9199999999998,
                    713.988
                ],
                [
                    1236.096,
                    713.988
                ],
                [
                    1220.928,
                    694.0079999999999
                ],
                [
                    1195.0079999999998,
                    655.9920000000001
                ],
                [
                    1189.056,
                    650.052
                ],
                [
                    1176.96,
                    635.04
                ],
                [
                    1162.944,
                    627.048
                ],
                [
                    1158.912,
                    624.024
                ]
            ]
        }
    ]
}