{
    "IMAGE_INFO": {
        "FILE_NAME": "1034758@0_05001_221006_P1_T3__0168.jpg",
        "DATE": "2022-10-28 18:44:01",
        "RESOLUTION": "1920 x 1080",
        "IMAGE_PHOTOGRAPHER": "조신주",
        "FOCUS_DISTANCE": "8.0",
        "EXPOSURE_TIME": "1/160",
        "SENSITIVITY_ISO": "5000",
        "PLACE": "강북재활용센터",
        "REGION_NAME": null,
        "Direction": "0",
        "HEIGHT": "115",
        "DAY/NIGHT": "주간",
        "WEATHER": "맑음",
        "IMAGE_HEIGHT": 1080,
        "IMAGE_WIDTH": 1920,
        "IMAGE_SIZE": "580.8 KB"
    },
    "ANNOTATION_INFO": [
        {
            "ID": "1",
            "CLASS": "스티로폼",
            "DETAILS": "스티로폼",
            "DAMAGE": "파손",
            "DIRTINESS": "이물질(전체)",
            "COVER": "겹침",
            "TRANSPARENCY": "불투명",
            "SHAPE": "식품용기형",
            "SHAPE_TYPE": "POLYGON",
            "POINTS": [
                [
                    1441.92,
                    46.98
                ],
                [
                    1463.04,
                    12.96
                ],
                [
                    1476.096,
                    0.972
                ],
                [
                    1640.0639999999999,
                    0
                ],
                [
                    1651.968,
                    11.988000000000001
                ],
                [
                    1695.936,
                    49.032000000000004
                ],
                [
                    1714.944,
                    97.956
                ],
                [
                    1716.096,
                    146.988
                ],
                [
                    1703.04,
                    185.976
                ],
                [
                    1690.944,
                    216.972
                ],
                [
                    1675.968,
                    242.028
                ],
                [
                    1662.912,
                    253.044
                ],
                [
                    1636.992,
                    262.00800000000004
                ],
                [
                    1602.048,
                    262.00800000000004
                ],
                [
                    1568.0639999999999,
                    254.988
                ],
                [
                    1527.936,
                    228.95999999999998
                ],
                [
                    1488,
                    189.972
                ]
            ]
        }
    ]
}