{
    "IMAGE_INFO": {
        "FILE_NAME": "1034743@0_05001_221006_P1_T3__3460.jpg",
        "DATE": "2022-10-28 18:43:16",
        "RESOLUTION": "1920 x 1080",
        "IMAGE_PHOTOGRAPHER": "조신주",
        "FOCUS_DISTANCE": "8.0",
        "EXPOSURE_TIME": "1/160",
        "SENSITIVITY_ISO": "5000",
        "PLACE": "강북재활용센터",
        "REGION_NAME": null,
        "Direction": "0",
        "HEIGHT": "115",
        "DAY/NIGHT": "주간",
        "WEATHER": "맑음",
        "IMAGE_HEIGHT": 1080,
        "IMAGE_WIDTH": 1920,
        "IMAGE_SIZE": "551.0 KB"
    },
    "ANNOTATION_INFO": [
        {
            "ID": "1",
            "CLASS": "스티로폼",
            "DETAILS": "스티로폼",
            "DAMAGE": "파손",
            "DIRTINESS": "오염없음",
            "COVER": "겹침",
            "TRANSPARENCY": "불투명",
            "SHAPE": "내장재용도형",
            "SHAPE_TYPE": "POLYGON",
            "POINTS": [
                [
                    1291.968,
                    956.016
                ],
                [
                    1211.904,
                    929.016
                ],
                [
                    1176,
                    921.024
                ],
                [
                    1161.0240000000001,
                    922.9680000000001
                ],
                [
                    1137.984,
                    894.024
                ],
                [
                    1117.056,
                    863.028
                ],
                [
                    1121.088,
                    829.0079999999999
                ],
                [
                    1140.096,
                    793.044
                ],
                [
                    1140.096,
                    771.012
                ],
                [
                    1127.04,
                    735.048
                ],
                [
                    1128,
                    709.02
                ],
                [
                    1122.048,
                    678.9960000000001
                ],
                [
                    1119.9360000000001,
                    659.016
                ],
                [
                    1122.048,
                    632.9879999999999
                ],
                [
                    1131.072,
                    609.012
                ],
                [
                    1121.088,
                    604.044
                ],
                [
                    1131.072,
                    567
                ],
                [
                    1127.04,
                    516.996
                ],
                [
                    1136.064,
                    469.04400000000004
                ],
                [
                    1156.032,
                    419.04
                ],
                [
                    1180.0320000000002,
                    381.024
                ],
                [
                    1211.904,
                    388.044
                ],
                [
                    1286.0159999999998,
                    386.964
                ],
                [
                    1335.936,
                    401.976
                ],
                [
                    1372.032,
                    420.984
                ],
                [
                    1387.008,
                    428.976
                ],
                [
                    1473.9840000000002,
                    454.032
                ],
                [
                    1588.992,
                    497.988
                ],
                [
                    1614.9119999999998,
                    517.9680000000001
                ],
                [
                    1621.056,
                    537.948
                ],
                [
                    1596.096,
                    597.996
                ],
                [
                    1602.048,
                    613.008
                ],
                [
                    1603.968,
                    636.012
                ],
                [
                    1602.048,
                    682.992
                ],
                [
                    1589.952,
                    740.0160000000001
                ],
                [
                    1602.048,
                    752.976
                ],
                [
                    1592.064,
                    797.04
                ],
                [
                    1564.9920000000002,
                    898.02
                ],
                [
                    1473.9840000000002,
                    906.012
                ],
                [
                    1473.9840000000002,
                    925.0200000000001
                ],
                [
                    1465.9199999999998,
                    932.04
                ],
                [
                    1326.912,
                    932.04
                ],
                [
                    1311.9360000000001,
                    938.952
                ]
            ]
        }
    ]
}