{
    "IMAGE_INFO": {
        "FILE_NAME": "1034694@0_05001_221006_P1_T3__0015.jpg",
        "DATE": "2022-10-28 18:43:39",
        "RESOLUTION": "1920 x 1080",
        "IMAGE_PHOTOGRAPHER": "조신주",
        "FOCUS_DISTANCE": "8.0",
        "EXPOSURE_TIME": "1/160",
        "SENSITIVITY_ISO": "5000",
        "PLACE": "강북재활용센터",
        "REGION_NAME": null,
        "Direction": "0",
        "HEIGHT": "115",
        "DAY/NIGHT": "주간",
        "WEATHER": "맑음",
        "IMAGE_HEIGHT": 1080,
        "IMAGE_WIDTH": 1920,
        "IMAGE_SIZE": "490.8 KB"
    },
    "ANNOTATION_INFO": [
        {
            "ID": "1",
            "CLASS": "스티로폼",
            "DETAILS": "스티로폼",
            "DAMAGE": "파손",
            "DIRTINESS": "이물질(내부)",
            "COVER": "없음",
            "TRANSPARENCY": "불투명",
            "SHAPE": "식품용기형",
            "SHAPE_TYPE": "POLYGON",
            "POINTS": [
                [
                    379.96799999999996,
                    520.992
                ],
                [
                    372.096,
                    533.952
                ],
                [
                    355.00800000000004,
                    543.024
                ],
                [
                    325.05600000000004,
                    537.948
                ],
                [
                    278.976,
                    529.956
                ],
                [
                    234.048,
                    516.996
                ],
                [
                    212.928,
                    508.032
                ],
                [
                    201.984,
                    492.048
                ],
                [
                    196.992,
                    462.99600000000004
                ],
                [
                    235.968,
                    340.95599999999996
                ],
                [
                    259.008,
                    234.036
                ],
                [
                    287.03999999999996,
                    119.016
                ],
                [
                    310.08,
                    51.94799999999999
                ],
                [
                    327.93600000000004,
                    33.048
                ],
                [
                    350.01599999999996,
                    29.052
                ],
                [
                    363.072,
                    35.964000000000006
                ],
                [
                    372.096,
                    57.024
                ],
                [
                    379.96799999999996,
                    83.05199999999999
                ],
                [
                    387.072,
                    97.956
                ],
                [
                    383.04,
                    69.012
                ],
                [
                    373.056,
                    49.032000000000004
                ],
                [
                    374.976,
                    39.96
                ],
                [
                    379.008,
                    34.992
                ],
                [
                    417.024,
                    34.992
                ],
                [
                    495.9359999999999,
                    35.964000000000006
                ],
                [
                    533.952,
                    29.052
                ],
                [
                    558.912,
                    29.052
                ],
                [
                    569.088,
                    37.044
                ],
                [
                    576.96,
                    66.96
                ],
                [
                    586.9440000000001,
                    95.03999999999999
                ],
                [
                    579.072,
                    173.988
                ],
                [
                    567.936,
                    272.052
                ],
                [
                    560.0640000000001,
                    321.948
                ],
                [
                    560.0640000000001,
                    331.02
                ],
                [
                    577.92,
                    312.984
                ],
                [
                    590.976,
                    316.97999999999996
                ],
                [
                    604.0319999999999,
                    320.004
                ],
                [
                    606.912,
                    340.95599999999996
                ],
                [
                    605.952,
                    402.948
                ],
                [
                    595.9680000000001,
                    458.02799999999996
                ],
                [
                    588.096,
                    477.036
                ],
                [
                    589.056,
                    501.984
                ],
                [
                    572.928,
                    509.004
                ],
                [
                    561.984,
                    513
                ],
                [
                    576.96,
                    517.9680000000001
                ],
                [
                    581.952,
                    520.02
                ],
                [
                    585.984,
                    540.972
                ],
                [
                    574.0799999999999,
                    563.976
                ],
                [
                    555.072,
                    578.016
                ],
                [
                    523.0079999999999,
                    578.988
                ],
                [
                    433.92,
                    566.028
                ],
                [
                    384,
                    554.04
                ],
                [
                    375.936,
                    543.9960000000001
                ],
                [
                    382.08000000000004,
                    529.956
                ]
            ]
        }
    ]
}