{
    "IMAGE_INFO": {
        "FILE_NAME": "1034833@0_05001_221006_P1_T3__0275.jpg",
        "DATE": "2022-10-28 18:46:44",
        "RESOLUTION": "1920 x 1080",
        "IMAGE_PHOTOGRAPHER": "홍왕기",
        "FOCUS_DISTANCE": "8.0",
        "EXPOSURE_TIME": "1/160",
        "SENSITIVITY_ISO": "5000",
        "PLACE": "강북재활용센터",
        "REGION_NAME": null,
        "Direction": "0",
        "HEIGHT": "115",
        "DAY/NIGHT": "주간",
        "WEATHER": "맑음",
        "IMAGE_HEIGHT": 1080,
        "IMAGE_WIDTH": 1920,
        "IMAGE_SIZE": "602.0 KB"
    },
    "ANNOTATION_INFO": [
        {
            "ID": "1",
            "CLASS": "스티로폼",
            "DETAILS": "스티로폼",
            "DAMAGE": "파손",
            "DIRTINESS": "이물질(전체)",
            "COVER": "겹침",
            "TRANSPARENCY": "불투명",
            "SHAPE": "식품용기형",
            "SHAPE_TYPE": "POLYGON",
            "POINTS": [
                [
                    1809.984,
                    87.048
                ],
                [
                    1808.0639999999999,
                    65.01599999999999
                ],
                [
                    1789.056,
                    46.007999999999996
                ],
                [
                    1772.9279999999999,
                    42.984
                ],
                [
                    1650.048,
                    43.956
                ],
                [
                    1630.08,
                    60.047999999999995
                ],
                [
                    1621.056,
                    81
                ],
                [
                    1607.04,
                    154.008
                ],
                [
                    1593.024,
                    228.95999999999998
                ],
                [
                    1590.912,
                    247.968
                ],
                [
                    1592.064,
                    277.02
                ],
                [
                    1585.9199999999998,
                    284.04
                ],
                [
                    1584.96,
                    315.036
                ],
                [
                    1587.0720000000001,
                    350.028
                ],
                [
                    1587.0720000000001,
                    365.04
                ],
                [
                    1583.04,
                    374.004
                ],
                [
                    1596.096,
                    380.05199999999996
                ],
                [
                    1633.92,
                    388.044
                ],
                [
                    1703.04,
                    398.952
                ],
                [
                    1733.952,
                    404.02799999999996
                ],
                [
                    1758.912,
                    382.968
                ],
                [
                    1790.9759999999999,
                    219.99599999999998
                ]
            ]
        }
    ]
}