{
    "IMAGE_INFO": {
        "FILE_NAME": "1034794@0_05001_221006_P1_T3__0118.jpg",
        "DATE": "2022-10-28 18:43:54",
        "RESOLUTION": "1920 x 1080",
        "IMAGE_PHOTOGRAPHER": "조신주",
        "FOCUS_DISTANCE": "8.0",
        "EXPOSURE_TIME": "1/160",
        "SENSITIVITY_ISO": "5000",
        "PLACE": "강북재활용센터",
        "REGION_NAME": null,
        "Direction": "0",
        "HEIGHT": "115",
        "DAY/NIGHT": "주간",
        "WEATHER": "맑음",
        "IMAGE_HEIGHT": 1080,
        "IMAGE_WIDTH": 1920,
        "IMAGE_SIZE": "577.8 KB"
    },
    "ANNOTATION_INFO": [
        {
            "ID": "1",
            "CLASS": "스티로폼",
            "DETAILS": "스티로폼",
            "DAMAGE": "파손",
            "DIRTINESS": "이물질(전체)",
            "COVER": "겹침",
            "TRANSPARENCY": "불투명",
            "SHAPE": "식품용기형",
            "SHAPE_TYPE": "POLYGON",
            "POINTS": [
                [
                    1805.952,
                    582.0120000000001
                ],
                [
                    1800,
                    567
                ],
                [
                    1785.9840000000002,
                    552.96
                ],
                [
                    1747.968,
                    533.952
                ],
                [
                    1699.008,
                    519.048
                ],
                [
                    1681.92,
                    524.0160000000001
                ],
                [
                    1662.912,
                    539.028
                ],
                [
                    1646.0159999999998,
                    570.024
                ],
                [
                    1628.928,
                    621
                ],
                [
                    1657.92,
                    644.004
                ],
                [
                    1673.088,
                    671.0039999999999
                ],
                [
                    1673.088,
                    708.048
                ],
                [
                    1662.912,
                    766.0440000000001
                ],
                [
                    1641.0240000000001,
                    843.048
                ],
                [
                    1679.0400000000002,
                    870.048
                ],
                [
                    1704.96,
                    886.032
                ],
                [
                    1729.92,
                    894.996
                ],
                [
                    1741.056,
                    891
                ],
                [
                    1751.04,
                    879.012
                ],
                [
                    1794.048,
                    683.9639999999999
                ],
                [
                    1806.912,
                    601.02
                ]
            ]
        }
    ]
}