{
    "IMAGE_INFO": {
        "FILE_NAME": "1034754@0_05001_221006_P1_T3__0350.jpg",
        "DATE": "2022-10-28 18:44:27",
        "RESOLUTION": "1920 x 1080",
        "IMAGE_PHOTOGRAPHER": "조신주",
        "FOCUS_DISTANCE": "8.0",
        "EXPOSURE_TIME": "1/160",
        "SENSITIVITY_ISO": "5000",
        "PLACE": "강북재활용센터",
        "REGION_NAME": null,
        "Direction": "0",
        "HEIGHT": "115",
        "DAY/NIGHT": "주간",
        "WEATHER": "맑음",
        "IMAGE_HEIGHT": 1080,
        "IMAGE_WIDTH": 1920,
        "IMAGE_SIZE": "548.4 KB"
    },
    "ANNOTATION_INFO": [
        {
            "ID": "1",
            "CLASS": "스티로폼",
            "DETAILS": "스티로폼",
            "DAMAGE": "파손",
            "DIRTINESS": "이물질(외부)",
            "COVER": "겹침",
            "TRANSPARENCY": "불투명",
            "SHAPE": "내장재용도형",
            "SHAPE_TYPE": "POLYGON",
            "POINTS": [
                [
                    67.008,
                    0
                ],
                [
                    68.928,
                    81
                ],
                [
                    78.91199999999999,
                    110.052
                ],
                [
                    94.08,
                    169.02
                ],
                [
                    123.072,
                    186.948
                ],
                [
                    106.944,
                    316.97999999999996
                ],
                [
                    89.088,
                    336.96
                ],
                [
                    52.992,
                    411.048
                ],
                [
                    43.968,
                    485.028
                ],
                [
                    48.959999999999994,
                    537.948
                ],
                [
                    48,
                    578.988
                ],
                [
                    73.92,
                    629.964
                ],
                [
                    94.08,
                    651.024
                ],
                [
                    116.92800000000001,
                    639.0360000000001
                ],
                [
                    139.96800000000002,
                    617.976
                ],
                [
                    140.92800000000003,
                    594.972
                ],
                [
                    259.96799999999996,
                    578.988
                ],
                [
                    335.03999999999996,
                    570.024
                ],
                [
                    510.91200000000003,
                    536.004
                ],
                [
                    523.0079999999999,
                    571.968
                ],
                [
                    542.016,
                    597.024
                ],
                [
                    574.0799999999999,
                    577.044
                ],
                [
                    579.072,
                    548.9639999999999
                ],
                [
                    601.92,
                    500.04
                ],
                [
                    603.072,
                    380.05199999999996
                ],
                [
                    558.912,
                    300.996
                ],
                [
                    588.096,
                    219.99599999999998
                ],
                [
                    628.032,
                    177.984
                ],
                [
                    656.064,
                    111.996
                ],
                [
                    656.064,
                    53.028
                ],
                [
                    663.936,
                    3.024
                ],
                [
                    588.096,
                    0
                ],
                [
                    548.928,
                    35.964000000000006
                ],
                [
                    508.032,
                    18.035999999999998
                ],
                [
                    495.9359999999999,
                    0
                ]
            ]
        }
    ]
}