{
    "IMAGE_INFO": {
        "FILE_NAME": "1034738@0_05001_221006_P1_T3__3282.jpg",
        "DATE": "2022-10-28 18:42:51",
        "RESOLUTION": "1920 x 1080",
        "IMAGE_PHOTOGRAPHER": "조신주",
        "FOCUS_DISTANCE": "8.0",
        "EXPOSURE_TIME": "1/160",
        "SENSITIVITY_ISO": "5000",
        "PLACE": "강북재활용센터",
        "REGION_NAME": null,
        "Direction": "0",
        "HEIGHT": "115",
        "DAY/NIGHT": "주간",
        "WEATHER": "맑음",
        "IMAGE_HEIGHT": 1080,
        "IMAGE_WIDTH": 1920,
        "IMAGE_SIZE": "603.0 KB"
    },
    "ANNOTATION_INFO": [
        {
            "ID": "1",
            "CLASS": "스티로폼",
            "DETAILS": "스티로폼",
            "DAMAGE": "파손",
            "DIRTINESS": "오염없음",
            "COVER": "없음",
            "TRANSPARENCY": "불투명",
            "SHAPE": "식품용기형",
            "SHAPE_TYPE": "POLYGON",
            "POINTS": [
                [
                    1377.024,
                    1018.98
                ],
                [
                    1367.04,
                    883.98
                ],
                [
                    1364.9279999999999,
                    816.048
                ],
                [
                    1364.9279999999999,
                    748.98
                ],
                [
                    1378.944,
                    722.952
                ],
                [
                    1401.984,
                    706.968
                ],
                [
                    1502.016,
                    698.004
                ],
                [
                    1548.096,
                    698.004
                ],
                [
                    1553.088,
                    705.996
                ],
                [
                    1559.0400000000002,
                    682.02
                ],
                [
                    1609.92,
                    699.948
                ],
                [
                    1632,
                    731.0519999999999
                ],
                [
                    1638.912,
                    775.008
                ],
                [
                    1647.936,
                    851.0400000000001
                ],
                [
                    1656,
                    969.948
                ],
                [
                    1656,
                    1005.048
                ],
                [
                    1662.912,
                    1064.0159999999998
                ],
                [
                    1656,
                    1080
                ],
                [
                    1387.008,
                    1079.028
                ]
            ]
        }
    ]
}