{
    "IMAGE_INFO": {
        "FILE_NAME": "1034711@0_05001_221006_P1_T3__0119.jpg",
        "DATE": "2022-10-28 18:43:54",
        "RESOLUTION": "1920 x 1080",
        "IMAGE_PHOTOGRAPHER": "조신주",
        "FOCUS_DISTANCE": "8.0",
        "EXPOSURE_TIME": "1/160",
        "SENSITIVITY_ISO": "5000",
        "PLACE": "강북재활용센터",
        "REGION_NAME": null,
        "Direction": "0",
        "HEIGHT": "115",
        "DAY/NIGHT": "주간",
        "WEATHER": "맑음",
        "IMAGE_HEIGHT": 1080,
        "IMAGE_WIDTH": 1920,
        "IMAGE_SIZE": "596.0 KB"
    },
    "ANNOTATION_INFO": [
        {
            "ID": "1",
            "CLASS": "스티로폼",
            "DETAILS": "스티로폼",
            "DAMAGE": "파손",
            "DIRTINESS": "이물질(외부)",
            "COVER": "겹침",
            "TRANSPARENCY": "불투명",
            "SHAPE": "식품용기형",
            "SHAPE_TYPE": "POLYGON",
            "POINTS": [
                [
                    1719.9360000000001,
                    905.04
                ],
                [
                    1713.9840000000002,
                    901.0440000000001
                ],
                [
                    1710.912,
                    901.0440000000001
                ],
                [
                    1705.9199999999998,
                    898.02
                ],
                [
                    1704.96,
                    894.996
                ],
                [
                    1704,
                    875.0160000000001
                ],
                [
                    1705.9199999999998,
                    847.044
                ],
                [
                    1700.928,
                    825.0120000000001
                ],
                [
                    1699.9679999999998,
                    798.984
                ],
                [
                    1702.08,
                    779.004
                ],
                [
                    1709.952,
                    764.964
                ],
                [
                    1713.024,
                    752.976
                ],
                [
                    1728.96,
                    731.0519999999999
                ],
                [
                    1728,
                    725.976
                ],
                [
                    1721.088,
                    722.952
                ],
                [
                    1698.048,
                    722.952
                ],
                [
                    1690.944,
                    724.032
                ],
                [
                    1670.016,
                    732.024
                ],
                [
                    1651.008,
                    743.04
                ],
                [
                    1649.088,
                    743.04
                ],
                [
                    1636.032,
                    749.952
                ],
                [
                    1625.0880000000002,
                    752.976
                ],
                [
                    1620.096,
                    752.976
                ],
                [
                    1617.984,
                    751.032
                ],
                [
                    1616.064,
                    743.04
                ],
                [
                    1618.944,
                    737.964
                ],
                [
                    1622.976,
                    736.02
                ],
                [
                    1627.968,
                    729.972
                ],
                [
                    1643.904,
                    698.976
                ],
                [
                    1645.056,
                    691.956
                ],
                [
                    1650.048,
                    683.9639999999999
                ],
                [
                    1654.0800000000002,
                    681.048
                ],
                [
                    1660.0320000000002,
                    668.952
                ],
                [
                    1664.064,
                    666.0360000000001
                ],
                [
                    1670.9759999999999,
                    648.972
                ],
                [
                    1705.9199999999998,
                    597.024
                ],
                [
                    1723.008,
                    578.988
                ],
                [
                    1736.064,
                    562.0319999999999
                ],
                [
                    1756.032,
                    543.9960000000001
                ],
                [
                    1774.0800000000002,
                    536.976
                ],
                [
                    1780.0320000000002,
                    536.004
                ],
                [
                    1789.056,
                    536.004
                ],
                [
                    1794.048,
                    536.976
                ],
                [
                    1824.96,
                    569.052
                ],
                [
                    1858.944,
                    610.956
                ],
                [
                    1870.08,
                    627.048
                ],
                [
                    1877.952,
                    648
                ],
                [
                    1877.952,
                    671.0039999999999
                ],
                [
                    1865.0880000000002,
                    701.028
                ],
                [
                    1846.08,
                    729.972
                ],
                [
                    1843.008,
                    737.964
                ],
                [
                    1771.008,
                    848.988
                ],
                [
                    1746.048,
                    883.98
                ],
                [
                    1742.976,
                    891
                ],
                [
                    1732.032,
                    901.0440000000001
                ],
                [
                    1723.968,
                    905.04
                ]
            ]
        }
    ]
}