{
    "IMAGE_INFO": {
        "FILE_NAME": "1034708@0_05001_221006_P1_T3__3571.jpg",
        "DATE": "2022-10-28 17:55:51",
        "RESOLUTION": "1920 x 1080",
        "IMAGE_PHOTOGRAPHER": "조신주",
        "FOCUS_DISTANCE": "11.0",
        "EXPOSURE_TIME": "1/160",
        "SENSITIVITY_ISO": "5000",
        "PLACE": "강북재활용센터",
        "REGION_NAME": null,
        "Direction": "0",
        "HEIGHT": "115",
        "DAY/NIGHT": "주간",
        "WEATHER": "맑음",
        "IMAGE_HEIGHT": 1080,
        "IMAGE_WIDTH": 1920,
        "IMAGE_SIZE": "555.8 KB"
    },
    "ANNOTATION_INFO": [
        {
            "ID": "1",
            "CLASS": "스티로폼",
            "DETAILS": "스티로폼",
            "DAMAGE": "파손",
            "DIRTINESS": "이물질(내부)",
            "COVER": "없음",
            "TRANSPARENCY": "불투명",
            "SHAPE": "식품용기형",
            "SHAPE_TYPE": "POLYGON",
            "POINTS": [
                [
                    205.056,
                    474.012
                ],
                [
                    143.04,
                    506.952
                ],
                [
                    115.968,
                    537.948
                ],
                [
                    99.072,
                    577.044
                ],
                [
                    91.008,
                    620.028
                ],
                [
                    91.008,
                    663.0120000000001
                ],
                [
                    91.008,
                    704.052
                ],
                [
                    99.072,
                    736.992
                ],
                [
                    123.072,
                    783
                ],
                [
                    153.024,
                    818.9639999999999
                ],
                [
                    227.904,
                    870.048
                ],
                [
                    291.072,
                    886.032
                ],
                [
                    316.032,
                    806.976
                ],
                [
                    312,
                    893.052
                ],
                [
                    406.08,
                    879.9839999999999
                ],
                [
                    480,
                    836.028
                ],
                [
                    509.952,
                    791.9639999999999
                ],
                [
                    534.912,
                    747.036
                ],
                [
                    545.088,
                    679.9680000000001
                ],
                [
                    471.936,
                    625.968
                ],
                [
                    486.912,
                    625.968
                ],
                [
                    512.064,
                    641.952
                ],
                [
                    508.992,
                    620.028
                ],
                [
                    498.04800000000006,
                    596.0519999999999
                ],
                [
                    467.904,
                    552.96
                ],
                [
                    422.01599999999996,
                    505.00800000000004
                ],
                [
                    370.944,
                    475.95599999999996
                ],
                [
                    320.06399999999996,
                    459.972
                ],
                [
                    258.048,
                    466.02
                ],
                [
                    302.01599999999996,
                    505.00800000000004
                ],
                [
                    288.96,
                    525.96
                ],
                [
                    289.92,
                    536.004
                ],
                [
                    254.016,
                    554.04
                ],
                [
                    234.048,
                    573.048
                ],
                [
                    215.04,
                    579.96
                ],
                [
                    241.92000000000002,
                    551.9879999999999
                ],
                [
                    274.94399999999996,
                    516.024
                ],
                [
                    274.94399999999996,
                    500.04
                ],
                [
                    244.992,
                    489.996
                ],
                [
                    217.92000000000002,
                    481.03200000000004
                ]
            ]
        }
    ]
}