{
    "IMAGE_INFO": {
        "FILE_NAME": "1034670@0_05001_221006_P1_T3__0302.jpg",
        "DATE": "2022-10-28 18:44:21",
        "RESOLUTION": "1920 x 1080",
        "IMAGE_PHOTOGRAPHER": "조신주",
        "FOCUS_DISTANCE": "8.0",
        "EXPOSURE_TIME": "1/160",
        "SENSITIVITY_ISO": "5000",
        "PLACE": "강북재활용센터",
        "REGION_NAME": null,
        "Direction": "0",
        "HEIGHT": "115",
        "DAY/NIGHT": "주간",
        "WEATHER": "맑음",
        "IMAGE_HEIGHT": 1080,
        "IMAGE_WIDTH": 1920,
        "IMAGE_SIZE": "732.4 KB"
    },
    "ANNOTATION_INFO": [
        {
            "ID": "1",
            "CLASS": "스티로폼",
            "DETAILS": "스티로폼",
            "DAMAGE": "파손",
            "DIRTINESS": "이물질(내부)",
            "COVER": "없음",
            "TRANSPARENCY": "불투명",
            "SHAPE": "식품용기형",
            "SHAPE_TYPE": "POLYGON",
            "POINTS": [
                [
                    369.024,
                    30.996
                ],
                [
                    355.968,
                    29.052
                ],
                [
                    330.048,
                    30.023999999999997
                ],
                [
                    268.032,
                    27
                ],
                [
                    263.04,
                    29.052
                ],
                [
                    264.96000000000004,
                    37.044
                ],
                [
                    268.032,
                    57.995999999999995
                ],
                [
                    262.08000000000004,
                    42.984
                ],
                [
                    258.048,
                    31.968
                ],
                [
                    249.984,
                    33.048
                ],
                [
                    240,
                    39.96
                ],
                [
                    230.976,
                    49.032000000000004
                ],
                [
                    229.056,
                    62.964
                ],
                [
                    219.07199999999997,
                    135.972
                ],
                [
                    212.928,
                    270.97200000000004
                ],
                [
                    226.944,
                    273.996
                ],
                [
                    262.08000000000004,
                    273.996
                ],
                [
                    312,
                    277.02
                ],
                [
                    360,
                    273.996
                ],
                [
                    387.072,
                    272.052
                ],
                [
                    403.008,
                    266.00399999999996
                ],
                [
                    404.928,
                    262.00800000000004
                ],
                [
                    407.03999999999996,
                    182.952
                ],
                [
                    412.992,
                    141.048
                ],
                [
                    414.912,
                    101.952
                ],
                [
                    412.992,
                    95.03999999999999
                ],
                [
                    417.024,
                    89.964
                ],
                [
                    408.96,
                    84.02399999999999
                ],
                [
                    416.064,
                    84.02399999999999
                ],
                [
                    446.016,
                    70.95599999999999
                ],
                [
                    441.984,
                    57.995999999999995
                ],
                [
                    422.976,
                    41.04
                ],
                [
                    388.992,
                    31.968
                ],
                [
                    384.96000000000004,
                    38.016000000000005
                ],
                [
                    383.04,
                    45.036
                ],
                [
                    374.016,
                    64.044
                ],
                [
                    370.944,
                    46.007999999999996
                ]
            ]
        }
    ]
}