{
    "IMAGE_INFO": {
        "FILE_NAME": "1034672@0_05001_221006_P1_T3__0289.jpg",
        "DATE": "2022-10-28 18:44:19",
        "RESOLUTION": "1920 x 1080",
        "IMAGE_PHOTOGRAPHER": "조신주",
        "FOCUS_DISTANCE": "8.0",
        "EXPOSURE_TIME": "1/160",
        "SENSITIVITY_ISO": "5000",
        "PLACE": "강북재활용센터",
        "REGION_NAME": null,
        "Direction": "0",
        "HEIGHT": "115",
        "DAY/NIGHT": "주간",
        "WEATHER": "맑음",
        "IMAGE_HEIGHT": 1080,
        "IMAGE_WIDTH": 1920,
        "IMAGE_SIZE": "613.4 KB"
    },
    "ANNOTATION_INFO": [
        {
            "ID": "1",
            "CLASS": "스티로폼",
            "DETAILS": "스티로폼",
            "DAMAGE": "원형",
            "DIRTINESS": "이물질(내부)",
            "COVER": "겹침",
            "TRANSPARENCY": "불투명",
            "SHAPE": "식품용기형",
            "SHAPE_TYPE": "POLYGON",
            "POINTS": [
                [
                    480.96,
                    849.96
                ],
                [
                    475.00800000000004,
                    848.016
                ],
                [
                    464.064,
                    847.044
                ],
                [
                    460.03200000000004,
                    843.048
                ],
                [
                    454.08,
                    841.968
                ],
                [
                    452.928,
                    840.024
                ],
                [
                    447.93600000000004,
                    841.968
                ],
                [
                    445.05600000000004,
                    841.968
                ],
                [
                    436.032,
                    839.052
                ],
                [
                    422.976,
                    847.044
                ],
                [
                    404.928,
                    848.988
                ],
                [
                    375.936,
                    848.988
                ],
                [
                    372.096,
                    848.016
                ],
                [
                    366.912,
                    841.968
                ],
                [
                    363.072,
                    830.952
                ],
                [
                    358.08,
                    786.024
                ],
                [
                    354.048,
                    775.008
                ],
                [
                    351.936,
                    741.96
                ],
                [
                    353.088,
                    721.0079999999999
                ],
                [
                    350.976,
                    648
                ],
                [
                    354.048,
                    577.044
                ],
                [
                    358.08,
                    559.0079999999999
                ],
                [
                    365.952,
                    548.9639999999999
                ],
                [
                    377.08799999999997,
                    546.048
                ],
                [
                    412.992,
                    546.048
                ],
                [
                    457.91999999999996,
                    548.9639999999999
                ],
                [
                    469.056,
                    551.9879999999999
                ],
                [
                    519.9359999999999,
                    552.96
                ],
                [
                    528,
                    554.04
                ],
                [
                    537.984,
                    556.956
                ],
                [
                    547.0079999999999,
                    556.956
                ],
                [
                    580.0319999999999,
                    560.952
                ],
                [
                    585.984,
                    564.948
                ],
                [
                    594.048,
                    578.988
                ],
                [
                    594.048,
                    604.044
                ],
                [
                    596.928,
                    636.012
                ],
                [
                    596.928,
                    689.04
                ],
                [
                    595.008,
                    699.948
                ],
                [
                    594.048,
                    725.976
                ],
                [
                    595.008,
                    733.968
                ],
                [
                    603.072,
                    753.9480000000001
                ],
                [
                    603.072,
                    776.952
                ],
                [
                    600,
                    787.9680000000001
                ],
                [
                    599.04,
                    806.0039999999999
                ],
                [
                    595.9680000000001,
                    817.02
                ],
                [
                    590.976,
                    821.9879999999999
                ],
                [
                    589.056,
                    821.9879999999999
                ],
                [
                    586.9440000000001,
                    825.0120000000001
                ],
                [
                    580.0319999999999,
                    825.984
                ],
                [
                    574.0799999999999,
                    829.0079999999999
                ],
                [
                    567.936,
                    834.948
                ],
                [
                    564.096,
                    837
                ],
                [
                    551.04,
                    836.028
                ],
                [
                    546.048,
                    840.996
                ],
                [
                    546.048,
                    845.9639999999999
                ],
                [
                    508.992,
                    847.044
                ],
                [
                    498.04800000000006,
                    848.016
                ],
                [
                    489.02399999999994,
                    849.96
                ],
                [
                    480.96,
                    849.96
                ]
            ]
        }
    ]
}