{
    "IMAGE_INFO": {
        "FILE_NAME": "1034916@0_05001_221006_P1_T3__0509.jpg",
        "DATE": "2022-10-28 18:44:54",
        "RESOLUTION": "1920 x 1080",
        "IMAGE_PHOTOGRAPHER": "홍왕기",
        "FOCUS_DISTANCE": "8.0",
        "EXPOSURE_TIME": "1/160",
        "SENSITIVITY_ISO": "5000",
        "PLACE": "강북재활용센터",
        "REGION_NAME": null,
        "Direction": "0",
        "HEIGHT": "115",
        "DAY/NIGHT": "주간",
        "WEATHER": "맑음",
        "IMAGE_HEIGHT": 1080,
        "IMAGE_WIDTH": 1920,
        "IMAGE_SIZE": "596.3 KB"
    },
    "ANNOTATION_INFO": [
        {
            "ID": "1",
            "CLASS": "스티로폼",
            "DETAILS": "스티로폼",
            "DAMAGE": "파손",
            "DIRTINESS": "이물질(내부)",
            "COVER": "겹침",
            "TRANSPARENCY": "불투명",
            "SHAPE": "식품용기형",
            "SHAPE_TYPE": "POLYGON",
            "POINTS": [
                [
                    1371.072,
                    833.976
                ],
                [
                    1359.9360000000001,
                    832.0319999999999
                ],
                [
                    1348.032,
                    828.0360000000001
                ],
                [
                    1334.976,
                    820.044
                ],
                [
                    1321.92,
                    814.9680000000001
                ],
                [
                    1316.9279999999999,
                    810.972
                ],
                [
                    1297.92,
                    802.98
                ],
                [
                    1277.952,
                    789.048
                ],
                [
                    1201.92,
                    745.956
                ],
                [
                    1191.9360000000001,
                    737.964
                ],
                [
                    1152.96,
                    717.9839999999999
                ],
                [
                    1147.008,
                    713.016
                ],
                [
                    1152.96,
                    704.052
                ],
                [
                    1153.92,
                    698.004
                ],
                [
                    1165.056,
                    682.02
                ],
                [
                    1174.0800000000002,
                    672.948
                ],
                [
                    1174.0800000000002,
                    668.952
                ],
                [
                    1167.936,
                    662.04
                ],
                [
                    1166.0159999999998,
                    662.04
                ],
                [
                    1153.92,
                    652.9680000000001
                ],
                [
                    1145.0880000000002,
                    650.052
                ],
                [
                    1138.944,
                    645.948
                ],
                [
                    1129.92,
                    636.984
                ],
                [
                    1129.92,
                    628.9920000000001
                ],
                [
                    1132.992,
                    625.968
                ],
                [
                    1134.9119999999998,
                    617.004
                ],
                [
                    1141.056,
                    608.04
                ],
                [
                    1142.016,
                    601.992
                ],
                [
                    1145.0880000000002,
                    598.968
                ],
                [
                    1147.008,
                    591.948
                ],
                [
                    1156.992,
                    574.02
                ],
                [
                    1156.992,
                    570.996
                ],
                [
                    1162.944,
                    563.004
                ],
                [
                    1165.056,
                    556.956
                ],
                [
                    1169.088,
                    551.9879999999999
                ],
                [
                    1169.088,
                    547.992
                ],
                [
                    1180.992,
                    528.0120000000001
                ],
                [
                    1185.9840000000002,
                    524.9879999999999
                ],
                [
                    1191.9360000000001,
                    524.9879999999999
                ],
                [
                    1195.0079999999998,
                    523.044
                ],
                [
                    1195.968,
                    516.996
                ],
                [
                    1206.912,
                    504.036
                ],
                [
                    1208.0639999999999,
                    500.04
                ],
                [
                    1213.056,
                    497.016
                ],
                [
                    1214.0159999999998,
                    493.02000000000004
                ],
                [
                    1229.952,
                    482.976
                ],
                [
                    1238.016,
                    481.03200000000004
                ],
                [
                    1252.992,
                    481.03200000000004
                ],
                [
                    1262.016,
                    483.948
                ],
                [
                    1306.944,
                    505.00800000000004
                ],
                [
                    1330.944,
                    520.02
                ],
                [
                    1335.936,
                    520.992
                ],
                [
                    1364.9279999999999,
                    533.952
                ],
                [
                    1388.928,
                    547.02
                ],
                [
                    1420.0320000000002,
                    560.952
                ],
                [
                    1425.024,
                    564.948
                ],
                [
                    1446.912,
                    574.02
                ],
                [
                    1477.056,
                    590.976
                ],
                [
                    1481.088,
                    591.948
                ],
                [
                    1512.96,
                    608.04
                ],
                [
                    1525.056,
                    617.004
                ],
                [
                    1531.008,
                    624.996
                ],
                [
                    1535.04,
                    635.04
                ],
                [
                    1536.96,
                    641.952
                ],
                [
                    1536.96,
                    656.9639999999999
                ],
                [
                    1531.008,
                    675
                ],
                [
                    1526.0159999999998,
                    682.02
                ],
                [
                    1525.056,
                    687.96
                ],
                [
                    1520.0639999999999,
                    694.0079999999999
                ],
                [
                    1518.912,
                    702
                ],
                [
                    1513.92,
                    706.968
                ],
                [
                    1512.96,
                    713.988
                ],
                [
                    1507.968,
                    718.9559999999999
                ],
                [
                    1507.008,
                    725.976
                ],
                [
                    1502.016,
                    732.024
                ],
                [
                    1501.056,
                    739.044
                ],
                [
                    1492.992,
                    745.956
                ],
                [
                    1479.9360000000001,
                    740.0160000000001
                ],
                [
                    1449.984,
                    718.9559999999999
                ],
                [
                    1436.9279999999999,
                    713.016
                ],
                [
                    1428.096,
                    705.996
                ],
                [
                    1421.952,
                    704.052
                ],
                [
                    1416.96,
                    705.996
                ],
                [
                    1412.9279999999999,
                    710.9639999999999
                ],
                [
                    1395.0720000000001,
                    740.0160000000001
                ],
                [
                    1387.008,
                    748.98
                ],
                [
                    1386.048,
                    753.9480000000001
                ],
                [
                    1373.952,
                    772.956
                ],
                [
                    1364.9279999999999,
                    782.028
                ],
                [
                    1364.9279999999999,
                    785.052
                ],
                [
                    1403.904,
                    812.052
                ],
                [
                    1401.0240000000001,
                    821.016
                ],
                [
                    1395.0720000000001,
                    826.956
                ],
                [
                    1386.048,
                    829.0079999999999
                ],
                [
                    1377.024,
                    833.976
                ],
                [
                    1371.072,
                    833.976
                ]
            ]
        }
    ]
}