{
    "IMAGE_INFO": {
        "FILE_NAME": "1034830@0_05001_221006_P1_T3__0089.jpg",
        "DATE": "2022-10-28 18:46:18",
        "RESOLUTION": "1920 x 1080",
        "IMAGE_PHOTOGRAPHER": "홍왕기",
        "FOCUS_DISTANCE": "8.0",
        "EXPOSURE_TIME": "1/160",
        "SENSITIVITY_ISO": "5000",
        "PLACE": "강북재활용센터",
        "REGION_NAME": null,
        "Direction": "0",
        "HEIGHT": "115",
        "DAY/NIGHT": "주간",
        "WEATHER": "맑음",
        "IMAGE_HEIGHT": 1080,
        "IMAGE_WIDTH": 1920,
        "IMAGE_SIZE": "655.4 KB"
    },
    "ANNOTATION_INFO": [
        {
            "ID": "1",
            "CLASS": "스티로폼",
            "DETAILS": "스티로폼",
            "DAMAGE": "파손",
            "DIRTINESS": "이물질(외부)",
            "COVER": "겹침",
            "TRANSPARENCY": "불투명",
            "SHAPE": "식품용기형",
            "SHAPE_TYPE": "POLYGON",
            "POINTS": [
                [
                    1585.9199999999998,
                    105.94800000000001
                ],
                [
                    1597.056,
                    80.028
                ],
                [
                    1612.992,
                    69.012
                ],
                [
                    1632.96,
                    62.964
                ],
                [
                    1708.032,
                    45.036
                ],
                [
                    1743.936,
                    39.96
                ],
                [
                    1766.0159999999998,
                    51.94799999999999
                ],
                [
                    1772.9279999999999,
                    73.98
                ],
                [
                    1726.08,
                    88.992
                ],
                [
                    1771.008,
                    81
                ],
                [
                    1762.944,
                    219.99599999999998
                ],
                [
                    1757.952,
                    331.02
                ],
                [
                    1752.96,
                    369.036
                ],
                [
                    1733.952,
                    390.96
                ],
                [
                    1709.952,
                    397.008
                ],
                [
                    1635.0720000000001,
                    398.952
                ],
                [
                    1606.08,
                    400.032
                ],
                [
                    1584.96,
                    397.008
                ],
                [
                    1577.088,
                    389.016
                ],
                [
                    1571.904,
                    378.972
                ],
                [
                    1569.0240000000001,
                    367.956
                ],
                [
                    1584,
                    224.96400000000003
                ],
                [
                    1589.952,
                    168.04799999999997
                ],
                [
                    1592.064,
                    120.96000000000001
                ]
            ]
        }
    ]
}