{
    "IMAGE_INFO": {
        "FILE_NAME": "1034684@0_05001_221006_P1_T3__2928.jpg",
        "DATE": "2022-10-28 18:41:58",
        "RESOLUTION": "1920 x 1080",
        "IMAGE_PHOTOGRAPHER": "조신주",
        "FOCUS_DISTANCE": "8.0",
        "EXPOSURE_TIME": "1/160",
        "SENSITIVITY_ISO": "5000",
        "PLACE": "강북재활용센터",
        "REGION_NAME": null,
        "Direction": "0",
        "HEIGHT": "115",
        "DAY/NIGHT": "주간",
        "WEATHER": "맑음",
        "IMAGE_HEIGHT": 1080,
        "IMAGE_WIDTH": 1920,
        "IMAGE_SIZE": "530.3 KB"
    },
    "ANNOTATION_INFO": [
        {
            "ID": "1",
            "CLASS": "스티로폼",
            "DETAILS": "스티로폼",
            "DAMAGE": "파손",
            "DIRTINESS": "이물질(외부)",
            "COVER": "없음",
            "TRANSPARENCY": "불투명",
            "SHAPE": "식품용기형",
            "SHAPE_TYPE": "POLYGON",
            "POINTS": [
                [
                    1086.912,
                    1040.04
                ],
                [
                    1068.096,
                    1037.988
                ],
                [
                    1052.9279999999999,
                    1025.028
                ],
                [
                    990.912,
                    879.012
                ],
                [
                    948.096,
                    779.004
                ],
                [
                    946.9440000000001,
                    763.9920000000001
                ],
                [
                    960.9599999999999,
                    741.96
                ],
                [
                    1084.9920000000002,
                    690.0120000000001
                ],
                [
                    1143.936,
                    660.96
                ],
                [
                    1165.056,
                    654.048
                ],
                [
                    1186.944,
                    666.0360000000001
                ],
                [
                    1243.008,
                    803.952
                ],
                [
                    1286.0159999999998,
                    901.0440000000001
                ],
                [
                    1286.976,
                    898.9920000000001
                ],
                [
                    1295.04,
                    921.024
                ],
                [
                    1292.9279999999999,
                    933.0120000000001
                ],
                [
                    1287.936,
                    937.008
                ],
                [
                    1289.088,
                    941.976
                ],
                [
                    1296.96,
                    941.0039999999999
                ],
                [
                    1297.92,
                    944.028
                ],
                [
                    1291.008,
                    955.044
                ],
                [
                    1275.0720000000001,
                    964.9799999999999
                ],
                [
                    1244.9279999999999,
                    974.052
                ],
                [
                    1215.936,
                    982.044
                ],
                [
                    1200.9599999999998,
                    987.0120000000001
                ],
                [
                    1190.016,
                    992.952
                ],
                [
                    1097.088,
                    1034.964
                ]
            ]
        }
    ]
}