{
    "IMAGE_INFO": {
        "FILE_NAME": "1034695@0_05001_221006_P1_T3__0191.jpg",
        "DATE": "2022-10-28 18:44:04",
        "RESOLUTION": "1920 x 1080",
        "IMAGE_PHOTOGRAPHER": "조신주",
        "FOCUS_DISTANCE": "8.0",
        "EXPOSURE_TIME": "1/160",
        "SENSITIVITY_ISO": "5000",
        "PLACE": "강북재활용센터",
        "REGION_NAME": null,
        "Direction": "0",
        "HEIGHT": "115",
        "DAY/NIGHT": "주간",
        "WEATHER": "맑음",
        "IMAGE_HEIGHT": 1080,
        "IMAGE_WIDTH": 1920,
        "IMAGE_SIZE": "619.7 KB"
    },
    "ANNOTATION_INFO": [
        {
            "ID": "1",
            "CLASS": "스티로폼",
            "DETAILS": "스티로폼",
            "DAMAGE": "파손",
            "DIRTINESS": "오염없음",
            "COVER": "겹침",
            "TRANSPARENCY": "불투명",
            "SHAPE": "식품용기형",
            "SHAPE_TYPE": "POLYGON",
            "POINTS": [
                [
                    1320.9599999999998,
                    504.036
                ],
                [
                    1291.008,
                    513.972
                ],
                [
                    1262.016,
                    527.04
                ],
                [
                    1200,
                    540
                ],
                [
                    1102.08,
                    567.972
                ],
                [
                    1099.9679999999998,
                    586.98
                ],
                [
                    1097.088,
                    601.992
                ],
                [
                    1094.0159999999998,
                    605.988
                ],
                [
                    1094.976,
                    610.956
                ],
                [
                    1089.0240000000001,
                    621
                ],
                [
                    1075.968,
                    627.048
                ],
                [
                    1059.072,
                    631.0440000000001
                ],
                [
                    1060.992,
                    636.012
                ],
                [
                    1065.024,
                    640.98
                ],
                [
                    1064.064,
                    655.0200000000001
                ],
                [
                    1060.992,
                    660.96
                ],
                [
                    1052.9279999999999,
                    667.008
                ],
                [
                    1052.9279999999999,
                    675
                ],
                [
                    1059.072,
                    678.024
                ],
                [
                    1059.072,
                    701.028
                ],
                [
                    1080,
                    718.9559999999999
                ],
                [
                    1089.984,
                    731.0519999999999
                ],
                [
                    1089.984,
                    737.964
                ],
                [
                    1104.96,
                    779.004
                ],
                [
                    1105.9199999999998,
                    791.9639999999999
                ],
                [
                    1112.064,
                    797.04
                ],
                [
                    1116.096,
                    813.9960000000001
                ],
                [
                    1116.096,
                    833.976
                ],
                [
                    1119.9360000000001,
                    845.9639999999999
                ],
                [
                    1122.048,
                    866.0519999999999
                ],
                [
                    1122.048,
                    872.964
                ],
                [
                    1150.08,
                    875.0160000000001
                ],
                [
                    1156.032,
                    879.9839999999999
                ],
                [
                    1166.0159999999998,
                    880.956
                ],
                [
                    1181.952,
                    891
                ],
                [
                    1195.968,
                    891.972
                ],
                [
                    1209.0240000000001,
                    875.988
                ],
                [
                    1256.064,
                    857.952
                ],
                [
                    1272,
                    851.0400000000001
                ],
                [
                    1278.912,
                    853.9559999999999
                ],
                [
                    1301.952,
                    849.96
                ],
                [
                    1304.064,
                    853.9559999999999
                ],
                [
                    1316.9279999999999,
                    844.992
                ],
                [
                    1339.9679999999998,
                    843.048
                ],
                [
                    1349.952,
                    839.052
                ],
                [
                    1356.096,
                    829.0079999999999
                ],
                [
                    1372.032,
                    833.004
                ],
                [
                    1388.928,
                    825.0120000000001
                ],
                [
                    1393.92,
                    810
                ],
                [
                    1388.928,
                    798.984
                ],
                [
                    1372.032,
                    797.04
                ],
                [
                    1364.9279999999999,
                    782.028
                ],
                [
                    1358.016,
                    775.98
                ],
                [
                    1344,
                    748.98
                ],
                [
                    1324.9920000000002,
                    728.028
                ],
                [
                    1296.96,
                    709.02
                ],
                [
                    1296,
                    687.96
                ],
                [
                    1306.944,
                    678.9960000000001
                ],
                [
                    1296.96,
                    651.996
                ],
                [
                    1296.96,
                    628.02
                ],
                [
                    1300.0320000000002,
                    614.952
                ],
                [
                    1290.048,
                    604.044
                ],
                [
                    1285.056,
                    586.98
                ],
                [
                    1310.016,
                    578.016
                ],
                [
                    1314.048,
                    583.9559999999999
                ],
                [
                    1320,
                    574.992
                ],
                [
                    1345.9199999999998,
                    563.976
                ],
                [
                    1339.9679999999998,
                    547.02
                ],
                [
                    1342.08,
                    536.004
                ],
                [
                    1334.0159999999998,
                    528.0120000000001
                ]
            ]
        },
        {
            "ID": "2",
            "CLASS": "스티로폼",
            "DETAILS": "스티로폼",
            "DAMAGE": "원형",
            "DIRTINESS": "오염없음",
            "COVER": "겹침",
            "TRANSPARENCY": "불투명",
            "SHAPE": "식품용기형",
            "SHAPE_TYPE": "POLYGON",
            "POINTS": [
                [
                    599.04,
                    596.0519999999999
                ],
                [
                    445.05600000000004,
                    725.976
                ],
                [
                    438.912,
                    735.048
                ],
                [
                    432,
                    748.008
                ],
                [
                    430.08,
                    758.052
                ],
                [
                    431.04,
                    774.0360000000001
                ],
                [
                    446.016,
                    795.96
                ],
                [
                    449.08799999999997,
                    805.0319999999999
                ],
                [
                    566.016,
                    937.98
                ],
                [
                    586.9440000000001,
                    953.9639999999999
                ],
                [
                    609.024,
                    960.0120000000001
                ],
                [
                    629.952,
                    951.048
                ],
                [
                    777.024,
                    830.952
                ],
                [
                    792.9599999999999,
                    807.948
                ],
                [
                    796.9920000000001,
                    787.9680000000001
                ],
                [
                    793.92,
                    774.0360000000001
                ],
                [
                    754.944,
                    735.048
                ],
                [
                    710.976,
                    678.9960000000001
                ],
                [
                    668.928,
                    612.036
                ],
                [
                    652.032,
                    590.976
                ],
                [
                    635.904,
                    583.9559999999999
                ],
                [
                    618.048,
                    585.036
                ]
            ]
        }
    ]
}