{
    "IMAGE_INFO": {
        "FILE_NAME": "1034693@0_05001_221006_P1_T3__2931.jpg",
        "DATE": "2022-10-28 18:42:00",
        "RESOLUTION": "1920 x 1080",
        "IMAGE_PHOTOGRAPHER": "조신주",
        "FOCUS_DISTANCE": "8.0",
        "EXPOSURE_TIME": "1/160",
        "SENSITIVITY_ISO": "5000",
        "PLACE": "강북재활용센터",
        "REGION_NAME": null,
        "Direction": "0",
        "HEIGHT": "115",
        "DAY/NIGHT": "주간",
        "WEATHER": "맑음",
        "IMAGE_HEIGHT": 1080,
        "IMAGE_WIDTH": 1920,
        "IMAGE_SIZE": "514.5 KB"
    },
    "ANNOTATION_INFO": [
        {
            "ID": "1",
            "CLASS": "스티로폼",
            "DETAILS": "스티로폼",
            "DAMAGE": "파손",
            "DIRTINESS": "오염없음",
            "COVER": "없음",
            "TRANSPARENCY": "불투명",
            "SHAPE": "식품용기형",
            "SHAPE_TYPE": "POLYGON",
            "POINTS": [
                [
                    960,
                    281.988
                ],
                [
                    968.064,
                    276.048
                ],
                [
                    970.9440000000001,
                    277.992
                ],
                [
                    1128.96,
                    212.976
                ],
                [
                    1146.048,
                    204.984
                ],
                [
                    1156.032,
                    200.988
                ],
                [
                    1162.944,
                    200.988
                ],
                [
                    1169.088,
                    201.96
                ],
                [
                    1175.04,
                    204.984
                ],
                [
                    1186.944,
                    216
                ],
                [
                    1210.944,
                    273.996
                ],
                [
                    1294.0800000000002,
                    463.96799999999996
                ],
                [
                    1295.04,
                    481.03200000000004
                ],
                [
                    1291.008,
                    482.976
                ],
                [
                    1301.952,
                    486.97200000000004
                ],
                [
                    1290.048,
                    500.04
                ],
                [
                    1223.04,
                    525.96
                ],
                [
                    1206.912,
                    531.0360000000001
                ],
                [
                    1094.976,
                    578.988
                ],
                [
                    1075.0079999999998,
                    578.988
                ],
                [
                    1060.992,
                    567.972
                ],
                [
                    961.92,
                    342.036
                ],
                [
                    955.008,
                    326.052
                ],
                [
                    950.976,
                    317.952
                ],
                [
                    949.056,
                    308.988
                ],
                [
                    949.056,
                    300.024
                ],
                [
                    953.088,
                    292.032
                ]
            ]
        }
    ]
}