{
    "IMAGE_INFO": {
        "FILE_NAME": "1000851@0_04002_220906_P1_T3__0516.jpg",
        "DATE": "2022-10-21 15:28:34",
        "RESOLUTION": "1920 x 1080",
        "IMAGE_PHOTOGRAPHER": "이지은",
        "FOCUS_DISTANCE": "5.6",
        "EXPOSURE_TIME": "1/400",
        "SENSITIVITY_ISO": "12800",
        "PLACE": "삼오자원",
        "REGION_NAME": null,
        "Direction": "0",
        "HEIGHT": "100",
        "DAY/NIGHT": "주간",
        "WEATHER": "맑음",
        "IMAGE_HEIGHT": 1080,
        "IMAGE_WIDTH": 1920,
        "IMAGE_SIZE": "635.7 KB"
    },
    "ANNOTATION_INFO": [
        {
            "ID": "1",
            "CLASS": "플라스틱",
            "DETAILS": "PP",
            "DAMAGE": "원형",
            "DIRTINESS": "오염없음",
            "COVER": "겹침",
            "TRANSPARENCY": "불투명",
            "SHAPE": "기타 형태",
            "SHAPE_TYPE": "BOX",
            "POINTS": [
                [
                    620.0283871828251,
                    495.72318292004564,
                    670.2407773741372,
                    584.2768170799543
                ]
            ]
        },
        {
            "ID": "2",
            "CLASS": "플라스틱",
            "DETAILS": "PP",
            "DAMAGE": "원형",
            "DIRTINESS": "오염없음",
            "COVER": "없음",
            "TRANSPARENCY": "불투명",
            "SHAPE": "기타 형태",
            "SHAPE_TYPE": "BOX",
            "POINTS": [
                [
                    1020.929327892091,
                    849.0189803884,
                    438.6085842684764,
                    230.31915827459216
                ]
            ]
        }
    ]
}