{
    "IMAGE_INFO": {
        "FILE_NAME": "1000753@0_04002_220906_P1_T3__0025.jpg",
        "DATE": "2022-10-21 15:27:18",
        "RESOLUTION": "1920 x 1080",
        "IMAGE_PHOTOGRAPHER": "이지은",
        "FOCUS_DISTANCE": "5.6",
        "EXPOSURE_TIME": "1/400",
        "SENSITIVITY_ISO": "12800",
        "PLACE": "삼오자원",
        "REGION_NAME": null,
        "Direction": "0",
        "HEIGHT": "100",
        "DAY/NIGHT": "주간",
        "WEATHER": "맑음",
        "IMAGE_HEIGHT": 1080,
        "IMAGE_WIDTH": 1920,
        "IMAGE_SIZE": "514.0 KB"
    },
    "ANNOTATION_INFO": [
        {
            "ID": "1",
            "CLASS": "플라스틱",
            "DETAILS": "PP",
            "DAMAGE": "찌그러짐",
            "DIRTINESS": "오염없음",
            "COVER": "없음",
            "TRANSPARENCY": "불투명",
            "SHAPE": "사각용기형",
            "SHAPE_TYPE": "POLYGON",
            "POINTS": [
                [
                    779.904,
                    1080
                ],
                [
                    768,
                    1029.024
                ],
                [
                    744,
                    953.9639999999999
                ],
                [
                    734.976,
                    902.9879999999999
                ],
                [
                    734.976,
                    887.976
                ],
                [
                    744,
                    855.036
                ],
                [
                    748.032,
                    807.948
                ],
                [
                    753.024,
                    798.0120000000001
                ],
                [
                    753.984,
                    786.024
                ],
                [
                    758.976,
                    779.976
                ],
                [
                    773.952,
                    724.032
                ],
                [
                    787.968,
                    708.048
                ],
                [
                    806.016,
                    698.976
                ],
                [
                    807.936,
                    694.0079999999999
                ],
                [
                    817.92,
                    687.96
                ],
                [
                    834.048,
                    668.952
                ],
                [
                    840,
                    658.044
                ],
                [
                    840,
                    644.976
                ],
                [
                    855.9359999999999,
                    629.964
                ],
                [
                    878.976,
                    587.952
                ],
                [
                    882.048,
                    586.0079999999999
                ],
                [
                    891.072,
                    585.036
                ],
                [
                    924.096,
                    585.036
                ],
                [
                    944.0640000000001,
                    587.952
                ],
                [
                    963.0720000000001,
                    587.952
                ],
                [
                    974.016,
                    586.0079999999999
                ],
                [
                    980.928,
                    582.0120000000001
                ],
                [
                    993.024,
                    579.96
                ],
                [
                    1013.952,
                    579.96
                ],
                [
                    1022.016,
                    575.9639999999999
                ],
                [
                    1046.976,
                    578.988
                ],
                [
                    1054.0800000000002,
                    575.9639999999999
                ],
                [
                    1071.9360000000001,
                    575.9639999999999
                ],
                [
                    1099.9679999999998,
                    570.024
                ],
                [
                    1113.024,
                    570.024
                ],
                [
                    1147.968,
                    563.976
                ],
                [
                    1257.024,
                    559.9799999999999
                ],
                [
                    1263.936,
                    560.952
                ],
                [
                    1275.0720000000001,
                    563.976
                ],
                [
                    1290.048,
                    563.976
                ],
                [
                    1324.032,
                    567.972
                ],
                [
                    1331.904,
                    570.024
                ],
                [
                    1338.048,
                    575.9639999999999
                ],
                [
                    1338.048,
                    582.0120000000001
                ],
                [
                    1329.984,
                    594
                ],
                [
                    1321.92,
                    616.032
                ],
                [
                    1323.0720000000001,
                    637.956
                ],
                [
                    1325.952,
                    644.004
                ],
                [
                    1324.032,
                    656.9639999999999
                ],
                [
                    1328.0639999999999,
                    663.0120000000001
                ],
                [
                    1325.952,
                    678.024
                ],
                [
                    1328.0639999999999,
                    687.96
                ],
                [
                    1324.032,
                    705.024
                ],
                [
                    1323.0720000000001,
                    783
                ],
                [
                    1311.9360000000001,
                    895.968
                ],
                [
                    1310.016,
                    960.0120000000001
                ],
                [
                    1305.024,
                    987.9839999999999
                ],
                [
                    1304.064,
                    1018.008
                ],
                [
                    1299.072,
                    1037.988
                ],
                [
                    1297.92,
                    1080
                ]
            ]
        }
    ]
}