{
    "IMAGE_INFO": {
        "FILE_NAME": "1000905@0_04002_220906_P1_T3__1150.jpg",
        "DATE": "2022-10-21 15:30:14",
        "RESOLUTION": "1920 x 1080",
        "IMAGE_PHOTOGRAPHER": "이지은",
        "FOCUS_DISTANCE": "5.6",
        "EXPOSURE_TIME": "1/400",
        "SENSITIVITY_ISO": "12800",
        "PLACE": "삼오자원",
        "REGION_NAME": null,
        "Direction": "0",
        "HEIGHT": "100",
        "DAY/NIGHT": "주간",
        "WEATHER": "맑음",
        "IMAGE_HEIGHT": 1080,
        "IMAGE_WIDTH": 1920,
        "IMAGE_SIZE": "566.4 KB"
    },
    "ANNOTATION_INFO": [
        {
            "ID": "2",
            "CLASS": "플라스틱",
            "DETAILS": "PP",
            "DAMAGE": "찌그러짐",
            "DIRTINESS": "오염없음",
            "COVER": "없음",
            "TRANSPARENCY": "불투명",
            "SHAPE": "사각용기형",
            "SHAPE_TYPE": "BOX",
            "POINTS": [
                [
                    1371.9577454514226,
                    441.2146259580203,
                    450.8245693572642,
                    456.2165896878988
                ]
            ]
        },
        {
            "ID": "3",
            "CLASS": "플라스틱",
            "DETAILS": "PP",
            "DAMAGE": "원형",
            "DIRTINESS": "오염없음",
            "COVER": "없음",
            "TRANSPARENCY": "불투명",
            "SHAPE": "사각용기형",
            "SHAPE_TYPE": "BOX",
            "POINTS": [
                [
                    847.107888607595,
                    145.0113651985265,
                    296.4052253164557,
                    296.40522531645587
                ]
            ]
        }
    ]
}