{
    "IMAGE_INFO": {
        "FILE_NAME": "1000660@0_04002_220906_P1_T3__0273.jpg",
        "DATE": "2022-10-21 15:27:54",
        "RESOLUTION": "1920 x 1080",
        "IMAGE_PHOTOGRAPHER": "이지은",
        "FOCUS_DISTANCE": "5.6",
        "EXPOSURE_TIME": "1/400",
        "SENSITIVITY_ISO": "12800",
        "PLACE": "삼오자원",
        "REGION_NAME": null,
        "Direction": "0",
        "HEIGHT": "100",
        "DAY/NIGHT": "주간",
        "WEATHER": "맑음",
        "IMAGE_HEIGHT": 1080,
        "IMAGE_WIDTH": 1920,
        "IMAGE_SIZE": "531.9 KB"
    },
    "ANNOTATION_INFO": [
        {
            "ID": "1",
            "CLASS": "플라스틱",
            "DETAILS": "PP",
            "DAMAGE": "찌그러짐",
            "DIRTINESS": "오염없음",
            "COVER": "없음",
            "TRANSPARENCY": "불투명",
            "SHAPE": "기타 형태",
            "SHAPE_TYPE": "POLYGON",
            "POINTS": [
                [
                    1252.032,
                    763.02
                ],
                [
                    1251.072,
                    759.024
                ],
                [
                    1247.04,
                    755.028
                ],
                [
                    1229.952,
                    743.04
                ],
                [
                    1215.936,
                    740.988
                ],
                [
                    1204.9920000000002,
                    732.996
                ],
                [
                    1200.9599999999998,
                    728.028
                ],
                [
                    1193.088,
                    724.032
                ],
                [
                    1188.096,
                    718.9559999999999
                ],
                [
                    1185.024,
                    718.9559999999999
                ],
                [
                    1180.992,
                    713.988
                ],
                [
                    1171.008,
                    709.02
                ],
                [
                    1166.0159999999998,
                    704.052
                ],
                [
                    1162.944,
                    704.052
                ],
                [
                    1160.0639999999999,
                    699.948
                ],
                [
                    1152.96,
                    697.0319999999999
                ],
                [
                    1143.936,
                    689.04
                ],
                [
                    1141.056,
                    689.04
                ],
                [
                    1137.024,
                    683.9639999999999
                ],
                [
                    1133.952,
                    683.9639999999999
                ],
                [
                    1128.96,
                    678.9960000000001
                ],
                [
                    1126.08,
                    678.9960000000001
                ],
                [
                    1110.912,
                    663.984
                ],
                [
                    1110.912,
                    652.9680000000001
                ],
                [
                    1103.04,
                    637.956
                ],
                [
                    1103.04,
                    631.0440000000001
                ],
                [
                    1110.912,
                    613.98
                ],
                [
                    1116.096,
                    590.976
                ],
                [
                    1118.9759999999999,
                    585.036
                ],
                [
                    1129.92,
                    577.044
                ],
                [
                    1132.992,
                    575.9639999999999
                ],
                [
                    1146.048,
                    575.9639999999999
                ],
                [
                    1148.928,
                    573.048
                ],
                [
                    1155.0720000000001,
                    571.968
                ],
                [
                    1160.0639999999999,
                    567
                ],
                [
                    1180.992,
                    554.04
                ],
                [
                    1191.9360000000001,
                    548.9639999999999
                ],
                [
                    1211.904,
                    536.976
                ],
                [
                    1230.912,
                    516.024
                ],
                [
                    1238.016,
                    505.98
                ],
                [
                    1243.968,
                    501.012
                ],
                [
                    1287.936,
                    444.96
                ],
                [
                    1308.096,
                    424.008
                ],
                [
                    1308.096,
                    421.956
                ],
                [
                    1319.0400000000002,
                    411.048
                ],
                [
                    1329.0240000000001,
                    408.996
                ],
                [
                    1334.0159999999998,
                    408.996
                ],
                [
                    1350.912,
                    411.048
                ],
                [
                    1381.056,
                    421.956
                ],
                [
                    1403.904,
                    438.048
                ],
                [
                    1420.992,
                    452.952
                ],
                [
                    1433.088,
                    467.964
                ],
                [
                    1443.0720000000001,
                    486.97200000000004
                ],
                [
                    1443.0720000000001,
                    501.012
                ],
                [
                    1435.968,
                    513
                ],
                [
                    1433.088,
                    513.972
                ],
                [
                    1428.096,
                    520.02
                ],
                [
                    1412.9279999999999,
                    548.9639999999999
                ],
                [
                    1391.04,
                    582.0120000000001
                ],
                [
                    1386.048,
                    586.0079999999999
                ],
                [
                    1385.0880000000002,
                    590.004
                ],
                [
                    1377.984,
                    597.996
                ],
                [
                    1372.992,
                    608.04
                ],
                [
                    1362.048,
                    623.052
                ],
                [
                    1356.096,
                    628.02
                ],
                [
                    1340.928,
                    651.996
                ],
                [
                    1335.936,
                    666.0360000000001
                ],
                [
                    1300.992,
                    717.9839999999999
                ],
                [
                    1299.072,
                    732.996
                ],
                [
                    1289.088,
                    744.9839999999999
                ],
                [
                    1283.904,
                    747.036
                ],
                [
                    1273.92,
                    756
                ],
                [
                    1257.984,
                    763.02
                ]
            ]
        }
    ]
}