{
    "IMAGE_INFO": {
        "FILE_NAME": "1000516@0_04002_220906_P1_T3__1199.jpg",
        "DATE": "2022-10-21 15:24:12",
        "RESOLUTION": "1920 x 1080",
        "IMAGE_PHOTOGRAPHER": "이지은",
        "FOCUS_DISTANCE": "5.6",
        "EXPOSURE_TIME": "1/400",
        "SENSITIVITY_ISO": "12800",
        "PLACE": "삼오자원",
        "REGION_NAME": null,
        "Direction": "0",
        "HEIGHT": "100",
        "DAY/NIGHT": "주간",
        "WEATHER": "맑음",
        "IMAGE_HEIGHT": 1080,
        "IMAGE_WIDTH": 1920,
        "IMAGE_SIZE": "614.6 KB"
    },
    "ANNOTATION_INFO": [
        {
            "ID": "1",
            "CLASS": "플라스틱",
            "DETAILS": "PP",
            "DAMAGE": "찌그러짐",
            "DIRTINESS": "이물질(외부)",
            "COVER": "겹침",
            "TRANSPARENCY": "불투명",
            "SHAPE": "사각용기형",
            "SHAPE_TYPE": "POLYGON",
            "POINTS": [
                [
                    1350.912,
                    1080
                ],
                [
                    1354.944,
                    1061.964
                ],
                [
                    1354.944,
                    1046.952
                ],
                [
                    1358.9759999999999,
                    1037.988
                ],
                [
                    1358.9759999999999,
                    1014.9839999999999
                ],
                [
                    1350.912,
                    982.044
                ],
                [
                    1344.96,
                    969.948
                ],
                [
                    1338.048,
                    964.0079999999999
                ],
                [
                    1335.936,
                    959.04
                ],
                [
                    1324.032,
                    945.972
                ],
                [
                    1320,
                    937.008
                ],
                [
                    1318.08,
                    914.976
                ],
                [
                    1310.9759999999999,
                    903.9599999999999
                ],
                [
                    1287.936,
                    880.956
                ],
                [
                    1286.0159999999998,
                    875.988
                ],
                [
                    1261.056,
                    852.0120000000001
                ],
                [
                    1261.056,
                    847.044
                ],
                [
                    1270.08,
                    843.048
                ],
                [
                    1276.032,
                    843.048
                ],
                [
                    1286.0159999999998,
                    837.972
                ],
                [
                    1299.072,
                    836.028
                ],
                [
                    1310.9759999999999,
                    829.9799999999999
                ],
                [
                    1320,
                    826.956
                ],
                [
                    1348.992,
                    809.028
                ],
                [
                    1373.952,
                    786.996
                ],
                [
                    1387.968,
                    771.012
                ],
                [
                    1402.944,
                    751.032
                ],
                [
                    1416,
                    725.004
                ],
                [
                    1428.096,
                    693.0360000000001
                ],
                [
                    1430.016,
                    672.948
                ],
                [
                    1434.048,
                    663.984
                ],
                [
                    1439.0400000000002,
                    614.952
                ],
                [
                    1431.9360000000001,
                    582.0120000000001
                ],
                [
                    1431.9360000000001,
                    574.992
                ],
                [
                    1435.968,
                    573.048
                ],
                [
                    1443.0720000000001,
                    573.048
                ],
                [
                    1457.088,
                    578.988
                ],
                [
                    1465.9199999999998,
                    578.988
                ],
                [
                    1482.048,
                    571.968
                ],
                [
                    1486.08,
                    567.972
                ],
                [
                    1494.9119999999998,
                    551.9879999999999
                ],
                [
                    1494.9119999999998,
                    546.048
                ],
                [
                    1498.944,
                    540.972
                ],
                [
                    1501.056,
                    535.032
                ],
                [
                    1517.952,
                    459
                ],
                [
                    1523.904,
                    440.964
                ],
                [
                    1531.968,
                    434.05199999999996
                ],
                [
                    1550.9759999999999,
                    428.976
                ],
                [
                    1559.0400000000002,
                    428.976
                ],
                [
                    1565.952,
                    427.032
                ],
                [
                    1569.984,
                    423.036
                ],
                [
                    1571.904,
                    416.01599999999996
                ],
                [
                    1584,
                    405
                ],
                [
                    1603.008,
                    397.98
                ],
                [
                    1613.952,
                    396.036
                ],
                [
                    1630.08,
                    396.036
                ],
                [
                    1649.088,
                    400.032
                ],
                [
                    1656.96,
                    405
                ],
                [
                    1661.952,
                    405
                ],
                [
                    1680,
                    416.01599999999996
                ],
                [
                    1694.976,
                    420.984
                ],
                [
                    1733.952,
                    450.036
                ],
                [
                    1738.944,
                    451.97999999999996
                ],
                [
                    1742.976,
                    451.97999999999996
                ],
                [
                    1747.008,
                    455.976
                ],
                [
                    1760.0639999999999,
                    459
                ],
                [
                    1760.0639999999999,
                    462.99600000000004
                ],
                [
                    1763.904,
                    466.992
                ],
                [
                    1767.936,
                    466.992
                ],
                [
                    1777.92,
                    475.95599999999996
                ],
                [
                    1785.024,
                    478.98
                ],
                [
                    1799.0400000000002,
                    481.03200000000004
                ],
                [
                    1806.912,
                    481.03200000000004
                ],
                [
                    1848.96,
                    501.012
                ],
                [
                    1880.0639999999999,
                    513.972
                ],
                [
                    1895.04,
                    515.052
                ],
                [
                    1900.992,
                    519.048
                ],
                [
                    1906.944,
                    520.992
                ],
                [
                    1920,
                    520.992
                ],
                [
                    1920,
                    1080
                ],
                [
                    1444.9920000000002,
                    1080
                ],
                [
                    1440.9599999999998,
                    1075.032
                ],
                [
                    1420.0320000000002,
                    1080
                ]
            ]
        },
        {
            "ID": "2",
            "CLASS": "플라스틱",
            "DETAILS": "PP",
            "DAMAGE": "원형",
            "DIRTINESS": "오염없음",
            "COVER": "없음",
            "TRANSPARENCY": "불투명",
            "SHAPE": "원형용기형",
            "SHAPE_TYPE": "POLYGON",
            "POINTS": [
                [
                    1210.944,
                    844.02
                ],
                [
                    1198.08,
                    843.048
                ],
                [
                    1181.952,
                    840.996
                ],
                [
                    1158.912,
                    836.028
                ],
                [
                    1134.9119999999998,
                    826.956
                ],
                [
                    1105.9199999999998,
                    812.052
                ],
                [
                    1103.04,
                    809.028
                ],
                [
                    1099.9679999999998,
                    807.948
                ],
                [
                    1097.088,
                    805.0319999999999
                ],
                [
                    1094.0159999999998,
                    803.952
                ],
                [
                    1081.92,
                    794.016
                ],
                [
                    1079.0400000000002,
                    793.044
                ],
                [
                    1057.92,
                    771.012
                ],
                [
                    1046.976,
                    758.052
                ],
                [
                    1045.056,
                    752.976
                ],
                [
                    1032,
                    733.968
                ],
                [
                    1030.08,
                    729
                ],
                [
                    1022.9760000000001,
                    717.9839999999999
                ],
                [
                    1019.904,
                    714.96
                ],
                [
                    1018.944,
                    710.9639999999999
                ],
                [
                    1013.952,
                    702.972
                ],
                [
                    1012.032,
                    694.0079999999999
                ],
                [
                    1007.04,
                    682.992
                ],
                [
                    1004.928,
                    675
                ],
                [
                    1004.928,
                    670.0319999999999
                ],
                [
                    1002.048,
                    659.016
                ],
                [
                    999.936,
                    632.0160000000001
                ],
                [
                    1003.9680000000001,
                    578.016
                ],
                [
                    1008.9599999999999,
                    552.96
                ],
                [
                    1017.0239999999999,
                    532.0079999999999
                ],
                [
                    1026.048,
                    520.02
                ],
                [
                    1031.04,
                    512.028
                ],
                [
                    1033.92,
                    505.00800000000004
                ],
                [
                    1042.944,
                    492.048
                ],
                [
                    1061.952,
                    467.964
                ],
                [
                    1073.088,
                    456.948
                ],
                [
                    1075.0079999999998,
                    454.032
                ],
                [
                    1076.9279999999999,
                    447.984
                ],
                [
                    1078.08,
                    412.992
                ],
                [
                    1081.92,
                    401.976
                ],
                [
                    1089.0240000000001,
                    393.98400000000004
                ],
                [
                    1094.976,
                    389.988
                ],
                [
                    1100.928,
                    388.044
                ],
                [
                    1113.9840000000002,
                    388.044
                ],
                [
                    1122.048,
                    392.03999999999996
                ],
                [
                    1134.9119999999998,
                    405
                ],
                [
                    1142.016,
                    409.968
                ],
                [
                    1147.008,
                    412.02
                ],
                [
                    1152,
                    412.992
                ],
                [
                    1153.92,
                    412.992
                ],
                [
                    1157.952,
                    411.048
                ],
                [
                    1161.984,
                    411.048
                ],
                [
                    1166.0159999999998,
                    408.996
                ],
                [
                    1175.04,
                    407.052
                ],
                [
                    1199.0400000000002,
                    404.02799999999996
                ],
                [
                    1233.024,
                    404.02799999999996
                ],
                [
                    1238.9759999999999,
                    405
                ],
                [
                    1242.048,
                    408.996
                ],
                [
                    1242.048,
                    416.01599999999996
                ],
                [
                    1238.9759999999999,
                    419.04
                ],
                [
                    1241.088,
                    420.012
                ],
                [
                    1238.016,
                    421.956
                ],
                [
                    1233.9840000000002,
                    421.956
                ],
                [
                    1229.952,
                    427.032
                ],
                [
                    1229.952,
                    436.968
                ],
                [
                    1232.064,
                    443.988
                ],
                [
                    1233.9840000000002,
                    447.012
                ],
                [
                    1239.9360000000001,
                    450.036
                ],
                [
                    1243.968,
                    450.036
                ],
                [
                    1246.08,
                    451.97999999999996
                ],
                [
                    1253.952,
                    454.032
                ],
                [
                    1257.024,
                    452.952
                ],
                [
                    1258.944,
                    454.032
                ],
                [
                    1261.056,
                    454.032
                ],
                [
                    1267.008,
                    458.02799999999996
                ],
                [
                    1270.08,
                    458.02799999999996
                ],
                [
                    1270.08,
                    463.96799999999996
                ],
                [
                    1272.96,
                    466.992
                ],
                [
                    1280.0639999999999,
                    469.04400000000004
                ],
                [
                    1286.0159999999998,
                    471.96
                ],
                [
                    1291.008,
                    477.036
                ],
                [
                    1291.008,
                    478.98
                ],
                [
                    1294.0800000000002,
                    482.00399999999996
                ],
                [
                    1299.072,
                    482.00399999999996
                ],
                [
                    1300.992,
                    482.976
                ],
                [
                    1305.024,
                    488.052
                ],
                [
                    1315.0079999999998,
                    490.968
                ],
                [
                    1318.08,
                    496.044
                ],
                [
                    1320,
                    497.016
                ],
                [
                    1319.0400000000002,
                    504.036
                ],
                [
                    1321.92,
                    505.98
                ],
                [
                    1324.032,
                    505.98
                ],
                [
                    1333.056,
                    513.972
                ],
                [
                    1337.088,
                    515.052
                ],
                [
                    1340.928,
                    515.052
                ],
                [
                    1349.952,
                    523.044
                ],
                [
                    1353.9840000000002,
                    524.9879999999999
                ],
                [
                    1354.944,
                    523.044
                ],
                [
                    1363.008,
                    527.04
                ],
                [
                    1372.992,
                    528.984
                ],
                [
                    1377.024,
                    533.952
                ],
                [
                    1382.016,
                    536.976
                ],
                [
                    1388.928,
                    536.004
                ],
                [
                    1392.96,
                    536.976
                ],
                [
                    1395.0720000000001,
                    543.024
                ],
                [
                    1398.912,
                    547.02
                ],
                [
                    1401.0240000000001,
                    547.992
                ],
                [
                    1410.048,
                    547.992
                ],
                [
                    1412.9279999999999,
                    548.9639999999999
                ],
                [
                    1416,
                    551.016
                ],
                [
                    1417.92,
                    555.0120000000001
                ],
                [
                    1420.0320000000002,
                    552.96
                ],
                [
                    1425.024,
                    555.984
                ],
                [
                    1428.096,
                    559.9799999999999
                ],
                [
                    1430.9759999999999,
                    569.052
                ],
                [
                    1435.0079999999998,
                    587.952
                ],
                [
                    1436.9279999999999,
                    609.012
                ],
                [
                    1439.0400000000002,
                    610.956
                ],
                [
                    1439.0400000000002,
                    613.008
                ],
                [
                    1436.9279999999999,
                    614.952
                ],
                [
                    1436.9279999999999,
                    641.952
                ],
                [
                    1431.9360000000001,
                    678.9960000000001
                ],
                [
                    1430.016,
                    690.0120000000001
                ],
                [
                    1422.912,
                    709.992
                ],
                [
                    1411.968,
                    732.996
                ],
                [
                    1400.0639999999999,
                    752.976
                ],
                [
                    1396.032,
                    756.972
                ],
                [
                    1395.0720000000001,
                    759.996
                ],
                [
                    1387.008,
                    770.04
                ],
                [
                    1383.936,
                    771.984
                ],
                [
                    1381.056,
                    776.952
                ],
                [
                    1367.04,
                    790.9920000000001
                ],
                [
                    1348.992,
                    806.0039999999999
                ],
                [
                    1329.0240000000001,
                    818.9639999999999
                ],
                [
                    1309.056,
                    829.0079999999999
                ],
                [
                    1290.048,
                    836.028
                ],
                [
                    1268.928,
                    840.996
                ],
                [
                    1244.9279999999999,
                    844.02
                ]
            ]
        },
        {
            "ID": "3",
            "CLASS": "플라스틱",
            "DETAILS": "PP",
            "DAMAGE": "원형",
            "DIRTINESS": "오염없음",
            "COVER": "겹침",
            "TRANSPARENCY": "불투명",
            "SHAPE": "원형용기형",
            "SHAPE_TYPE": "POLYGON",
            "POINTS": [
                [
                    926.976,
                    272.052
                ],
                [
                    900.096,
                    266.00399999999996
                ],
                [
                    891.072,
                    261.036
                ],
                [
                    882.048,
                    259.956
                ],
                [
                    878.976,
                    255.95999999999998
                ],
                [
                    873.024,
                    254.988
                ],
                [
                    859.9680000000001,
                    247.968
                ],
                [
                    854.976,
                    243
                ],
                [
                    849.9839999999999,
                    242.028
                ],
                [
                    845.952,
                    234.036
                ],
                [
                    843.072,
                    208.00799999999998
                ],
                [
                    838.08,
                    192.024
                ],
                [
                    835.9680000000001,
                    162
                ],
                [
                    828.096,
                    127.97999999999999
                ],
                [
                    806.016,
                    69.012
                ],
                [
                    793.92,
                    50.004
                ],
                [
                    804.096,
                    27
                ],
                [
                    825.024,
                    0
                ],
                [
                    1054.0800000000002,
                    0
                ],
                [
                    1075.968,
                    23.976000000000003
                ],
                [
                    1089.0240000000001,
                    45.036
                ],
                [
                    1098.048,
                    62.964
                ],
                [
                    1105.9199999999998,
                    88.02000000000001
                ],
                [
                    1105.9199999999998,
                    138.024
                ],
                [
                    1089.0240000000001,
                    182.952
                ],
                [
                    1089.0240000000001,
                    189.972
                ],
                [
                    1094.976,
                    200.988
                ],
                [
                    1094.0159999999998,
                    216
                ],
                [
                    1083.0720000000001,
                    230.04
                ],
                [
                    1074.048,
                    231.98399999999998
                ],
                [
                    1050.048,
                    231.98399999999998
                ],
                [
                    1046.0159999999998,
                    236.95200000000003
                ],
                [
                    1041.0240000000001,
                    238.032
                ],
                [
                    1019.904,
                    254.016
                ],
                [
                    993.024,
                    266.00399999999996
                ],
                [
                    960,
                    272.052
                ],
                [
                    926.976,
                    272.052
                ]
            ]
        },
        {
            "ID": "4",
            "CLASS": "플라스틱",
            "DETAILS": "PP",
            "DAMAGE": "원형",
            "DIRTINESS": "이물질(내부)",
            "COVER": "없음",
            "TRANSPARENCY": "불투명",
            "SHAPE": "기타 형태",
            "SHAPE_TYPE": "POLYGON",
            "POINTS": [
                [
                    513.984,
                    1080
                ],
                [
                    508.032,
                    1069.9560000000001
                ],
                [
                    503.04,
                    1059.048
                ],
                [
                    500.92800000000005,
                    1056.0240000000001
                ],
                [
                    494.97599999999994,
                    1050.9479999999999
                ],
                [
                    493.0559999999999,
                    1045.98
                ],
                [
                    485.952,
                    1037.988
                ],
                [
                    484.032,
                    1030.968
                ],
                [
                    480.96,
                    1028.052
                ],
                [
                    479.04,
                    1022.976
                ],
                [
                    467.904,
                    1006.992
                ],
                [
                    460.992,
                    999
                ],
                [
                    460.03200000000004,
                    995.004
                ],
                [
                    455.03999999999996,
                    991.0079999999999
                ],
                [
                    455.03999999999996,
                    990.036
                ],
                [
                    452.928,
                    987.9839999999999
                ],
                [
                    451.968,
                    983.016
                ],
                [
                    449.08799999999997,
                    978.048
                ],
                [
                    444.096,
                    972.972
                ],
                [
                    432.96000000000004,
                    957.96
                ],
                [
                    431.04,
                    952.992
                ],
                [
                    422.976,
                    941.976
                ],
                [
                    414.912,
                    924.048
                ],
                [
                    412.992,
                    921.996
                ],
                [
                    412.992,
                    920.052
                ],
                [
                    409.92,
                    914.976
                ],
                [
                    406.08,
                    911.952
                ],
                [
                    404.928,
                    906.984
                ],
                [
                    407.03999999999996,
                    903.9599999999999
                ],
                [
                    406.08,
                    894.996
                ],
                [
                    407.03999999999996,
                    883.98
                ],
                [
                    411.072,
                    879.012
                ],
                [
                    412.03200000000004,
                    874.044
                ],
                [
                    414.912,
                    868.968
                ],
                [
                    428.928,
                    853.9559999999999
                ],
                [
                    432.96000000000004,
                    852.0120000000001
                ],
                [
                    436.992,
                    848.016
                ],
                [
                    440.06399999999996,
                    847.044
                ],
                [
                    446.976,
                    840.996
                ],
                [
                    460.992,
                    834.948
                ],
                [
                    466.944,
                    829.9799999999999
                ],
                [
                    469.056,
                    829.9799999999999
                ],
                [
                    470.976,
                    829.0079999999999
                ],
                [
                    476.928,
                    822.96
                ],
                [
                    484.99199999999996,
                    818.9639999999999
                ],
                [
                    489.02399999999994,
                    814.9680000000001
                ],
                [
                    491.904,
                    813.9960000000001
                ],
                [
                    504,
                    803.952
                ],
                [
                    528,
                    780.948
                ],
                [
                    543.936,
                    763.9920000000001
                ],
                [
                    545.088,
                    759.024
                ],
                [
                    552,
                    752.004
                ],
                [
                    557.952,
                    747.036
                ],
                [
                    565.056,
                    743.04
                ],
                [
                    571.008,
                    740.0160000000001
                ],
                [
                    574.0799999999999,
                    740.0160000000001
                ],
                [
                    576,
                    739.044
                ],
                [
                    579.072,
                    736.02
                ],
                [
                    582.9119999999999,
                    725.976
                ],
                [
                    590.0160000000001,
                    718.9559999999999
                ],
                [
                    596.928,
                    713.988
                ],
                [
                    600.96,
                    713.988
                ],
                [
                    603.072,
                    713.016
                ],
                [
                    614.016,
                    705.024
                ],
                [
                    619.008,
                    698.976
                ],
                [
                    624.96,
                    695.952
                ],
                [
                    632.064,
                    687.96
                ],
                [
                    633.024,
                    687.96
                ],
                [
                    638.016,
                    682.992
                ],
                [
                    642.048,
                    681.048
                ],
                [
                    651.072,
                    671.976
                ],
                [
                    657.984,
                    667.98
                ],
                [
                    662.016,
                    663.984
                ],
                [
                    671.04,
                    658.044
                ],
                [
                    676.032,
                    655.9920000000001
                ],
                [
                    678.912,
                    652.9680000000001
                ],
                [
                    681.984,
                    651.996
                ],
                [
                    692.928,
                    644.004
                ],
                [
                    697.92,
                    639.0360000000001
                ],
                [
                    701.952,
                    636.984
                ],
                [
                    710.976,
                    628.02
                ],
                [
                    719.04,
                    623.052
                ],
                [
                    720.96,
                    620.028
                ],
                [
                    726.912,
                    616.032
                ],
                [
                    730.944,
                    614.952
                ],
                [
                    734.976,
                    614.952
                ],
                [
                    743.04,
                    617.004
                ],
                [
                    757.0559999999999,
                    617.004
                ],
                [
                    777.984,
                    618.9480000000001
                ],
                [
                    796.032,
                    621.972
                ],
                [
                    797.952,
                    624.024
                ],
                [
                    798.912,
                    627.048
                ],
                [
                    804.096,
                    632.0160000000001
                ],
                [
                    805.056,
                    635.04
                ],
                [
                    810.048,
                    639.0360000000001
                ],
                [
                    811.968,
                    644.004
                ],
                [
                    816.96,
                    648.972
                ],
                [
                    819.072,
                    654.048
                ],
                [
                    828.096,
                    663.984
                ],
                [
                    830.976,
                    670.0319999999999
                ],
                [
                    836.928,
                    675.972
                ],
                [
                    844.0319999999999,
                    686.016
                ],
                [
                    850.944,
                    693.0360000000001
                ],
                [
                    854.976,
                    698.976
                ],
                [
                    865.9200000000001,
                    709.992
                ],
                [
                    868.992,
                    714.96
                ],
                [
                    887.0400000000001,
                    735.048
                ],
                [
                    888.96,
                    739.044
                ],
                [
                    892.9920000000001,
                    743.04
                ],
                [
                    896.064,
                    748.98
                ],
                [
                    900.096,
                    752.976
                ],
                [
                    902.016,
                    759.024
                ],
                [
                    905.088,
                    762.048
                ],
                [
                    905.088,
                    763.02
                ],
                [
                    908.928,
                    766.0440000000001
                ],
                [
                    908.928,
                    767.0160000000001
                ],
                [
                    911.04,
                    768.9599999999999
                ],
                [
                    912.9599999999999,
                    772.956
                ],
                [
                    912.9599999999999,
                    776.952
                ],
                [
                    916.9920000000001,
                    783.972
                ],
                [
                    918.912,
                    786.024
                ],
                [
                    921.024,
                    786.024
                ],
                [
                    922.9440000000001,
                    786.996
                ],
                [
                    926.976,
                    790.9920000000001
                ],
                [
                    930.048,
                    797.04
                ],
                [
                    929.088,
                    799.956
                ],
                [
                    931.008,
                    803.952
                ],
                [
                    935.04,
                    809.028
                ],
                [
                    935.04,
                    812.052
                ],
                [
                    939.072,
                    817.992
                ],
                [
                    941.952,
                    826.956
                ],
                [
                    956.928,
                    848.016
                ],
                [
                    960,
                    855.036
                ],
                [
                    960.9599999999999,
                    871.02
                ],
                [
                    959.04,
                    879.9839999999999
                ],
                [
                    955.9680000000001,
                    887.976
                ],
                [
                    950.976,
                    894.996
                ],
                [
                    942.9119999999999,
                    902.9879999999999
                ],
                [
                    941.952,
                    905.04
                ],
                [
                    942.9119999999999,
                    906.984
                ],
                [
                    940.0319999999999,
                    913.032
                ],
                [
                    935.04,
                    918
                ],
                [
                    931.968,
                    918.972
                ],
                [
                    927.936,
                    922.9680000000001
                ],
                [
                    924.096,
                    925.0200000000001
                ],
                [
                    918.912,
                    930.96
                ],
                [
                    916.032,
                    932.04
                ],
                [
                    903.936,
                    938.952
                ],
                [
                    897.984,
                    944.028
                ],
                [
                    892.032,
                    947.052
                ],
                [
                    888,
                    951.048
                ],
                [
                    874.944,
                    956.9879999999999
                ],
                [
                    872.064,
                    959.04
                ],
                [
                    868.992,
                    961.956
                ],
                [
                    868.992,
                    964.9799999999999
                ],
                [
                    865.9200000000001,
                    965.952
                ],
                [
                    864,
                    969.948
                ],
                [
                    860.928,
                    972.972
                ],
                [
                    854.976,
                    976.968
                ],
                [
                    851.904,
                    978.048
                ],
                [
                    854.016,
                    975.996
                ],
                [
                    846.912,
                    976.968
                ],
                [
                    846.912,
                    975.024
                ],
                [
                    844.992,
                    975.996
                ],
                [
                    843.072,
                    979.02
                ],
                [
                    841.92,
                    976.968
                ],
                [
                    838.08,
                    979.992
                ],
                [
                    831.936,
                    983.016
                ],
                [
                    821.952,
                    992.952
                ],
                [
                    807.936,
                    1003.968
                ],
                [
                    804.096,
                    1006.02
                ],
                [
                    798.912,
                    1006.02
                ],
                [
                    796.032,
                    1006.992
                ],
                [
                    793.92,
                    1009.044
                ],
                [
                    795.072,
                    1010.0160000000001
                ],
                [
                    792,
                    1013.04
                ],
                [
                    792,
                    1010.988
                ],
                [
                    790.0799999999999,
                    1011.96
                ],
                [
                    787.968,
                    1018.008
                ],
                [
                    782.976,
                    1022.004
                ],
                [
                    782.976,
                    1023.9480000000001
                ],
                [
                    769.9200000000001,
                    1037.016
                ],
                [
                    753.984,
                    1056.996
                ],
                [
                    753.024,
                    1060.02
                ],
                [
                    749.952,
                    1063.0439999999999
                ],
                [
                    748.992,
                    1065.96
                ],
                [
                    744,
                    1072.008
                ],
                [
                    743.04,
                    1080
                ]
            ]
        },
        {
            "ID": "5",
            "CLASS": "플라스틱",
            "DETAILS": "PP",
            "DAMAGE": "찌그러짐",
            "DIRTINESS": "이물질(외부)",
            "COVER": "없음",
            "TRANSPARENCY": "불투명",
            "SHAPE": "사각용기형",
            "SHAPE_TYPE": "POLYGON",
            "POINTS": [
                [
                    978.0479999999999,
                    798.0120000000001
                ],
                [
                    975.9359999999999,
                    794.016
                ],
                [
                    974.016,
                    783
                ],
                [
                    966.912,
                    778.032
                ],
                [
                    960.9599999999999,
                    775.98
                ],
                [
                    953.088,
                    774.0360000000001
                ],
                [
                    949.056,
                    771.984
                ],
                [
                    945.024,
                    764.964
                ],
                [
                    941.952,
                    753.9480000000001
                ],
                [
                    946.9440000000001,
                    741.96
                ],
                [
                    949.056,
                    736.02
                ],
                [
                    949.056,
                    729
                ],
                [
                    950.976,
                    726.948
                ],
                [
                    950.976,
                    721.98
                ],
                [
                    963.0720000000001,
                    713.016
                ],
                [
                    966.912,
                    710.9639999999999
                ],
                [
                    985.92,
                    709.02
                ],
                [
                    992.0640000000001,
                    709.02
                ],
                [
                    1001.088,
                    710.9639999999999
                ],
                [
                    1004.928,
                    714.96
                ],
                [
                    1008.9599999999999,
                    721.98
                ],
                [
                    1019.904,
                    729
                ],
                [
                    1019.904,
                    732.996
                ],
                [
                    1027.968,
                    740.0160000000001
                ],
                [
                    1030.08,
                    748.98
                ],
                [
                    1036.032,
                    753.9480000000001
                ],
                [
                    1037.952,
                    758.052
                ],
                [
                    1037.952,
                    762.048
                ],
                [
                    1045.056,
                    764.964
                ],
                [
                    1051.008,
                    771.984
                ],
                [
                    1055.04,
                    779.976
                ],
                [
                    1052.9279999999999,
                    783
                ],
                [
                    1052.9279999999999,
                    785.052
                ],
                [
                    1023.936,
                    785.052
                ],
                [
                    1011.0719999999999,
                    786.996
                ],
                [
                    1004.928,
                    783
                ],
                [
                    998.976,
                    785.052
                ],
                [
                    983.9999999999999,
                    795.96
                ]
            ]
        }
    ]
}