{
    "IMAGE_INFO": {
        "FILE_NAME": "1000528@0_04002_220906_P1_T3__1316.jpg",
        "DATE": "2022-10-21 15:24:30",
        "RESOLUTION": "1920 x 1080",
        "IMAGE_PHOTOGRAPHER": "이지은",
        "FOCUS_DISTANCE": "5.6",
        "EXPOSURE_TIME": "1/400",
        "SENSITIVITY_ISO": "12800",
        "PLACE": "삼오자원",
        "REGION_NAME": null,
        "Direction": "0",
        "HEIGHT": "100",
        "DAY/NIGHT": "주간",
        "WEATHER": "맑음",
        "IMAGE_HEIGHT": 1080,
        "IMAGE_WIDTH": 1920,
        "IMAGE_SIZE": "516.6 KB"
    },
    "ANNOTATION_INFO": [
        {
            "ID": "1",
            "CLASS": "플라스틱",
            "DETAILS": "PP",
            "DAMAGE": "원형",
            "DIRTINESS": "이물질(외부)",
            "COVER": "없음",
            "TRANSPARENCY": "불투명",
            "SHAPE": "스프레이용기형",
            "SHAPE_TYPE": "POLYGON",
            "POINTS": [
                [
                    1434.048,
                    254.016
                ],
                [
                    1421.952,
                    251.964
                ],
                [
                    1416,
                    250.02
                ],
                [
                    1406.0159999999998,
                    247.968
                ],
                [
                    1395.0720000000001,
                    243.97199999999998
                ],
                [
                    1390.08,
                    243
                ],
                [
                    1382.016,
                    239.004
                ],
                [
                    1373.952,
                    234.036
                ],
                [
                    1366.08,
                    230.04
                ],
                [
                    1359.9360000000001,
                    224.96400000000003
                ],
                [
                    1347.0720000000001,
                    212.976
                ],
                [
                    1339.9679999999998,
                    205.95600000000002
                ],
                [
                    1331.904,
                    196.01999999999998
                ],
                [
                    1325.952,
                    189
                ],
                [
                    1321.92,
                    182.952
                ],
                [
                    1318.08,
                    177.984
                ],
                [
                    1319.0400000000002,
                    176.04000000000002
                ],
                [
                    1315.968,
                    173.988
                ],
                [
                    1314.048,
                    165.996
                ],
                [
                    1310.016,
                    158.976
                ],
                [
                    1305.024,
                    146.988
                ],
                [
                    1304.064,
                    142.02
                ],
                [
                    1300.0320000000002,
                    130.03199999999998
                ],
                [
                    1299.072,
                    123.012
                ],
                [
                    1297.92,
                    104.00399999999999
                ],
                [
                    1297.92,
                    93.96
                ],
                [
                    1299.072,
                    77.976
                ],
                [
                    1300.992,
                    65.01599999999999
                ],
                [
                    1305.9840000000002,
                    50.976
                ],
                [
                    1310.016,
                    43.956
                ],
                [
                    1315.968,
                    31.968
                ],
                [
                    1320,
                    26.028
                ],
                [
                    1325.952,
                    18.035999999999998
                ],
                [
                    1340.928,
                    3.024
                ],
                [
                    1345.9199999999998,
                    0
                ],
                [
                    1539.072,
                    0
                ],
                [
                    1544.064,
                    6.048
                ],
                [
                    1545.024,
                    7.992
                ],
                [
                    1558.08,
                    19.98
                ],
                [
                    1561.92,
                    23.976000000000003
                ],
                [
                    1569.0240000000001,
                    35.964000000000006
                ],
                [
                    1569.984,
                    38.988
                ],
                [
                    1571.904,
                    42.01199999999999
                ],
                [
                    1579.9679999999998,
                    62.964
                ],
                [
                    1582.08,
                    74.952
                ],
                [
                    1584,
                    81.972
                ],
                [
                    1584,
                    123.984
                ],
                [
                    1579.9679999999998,
                    147.96
                ],
                [
                    1578.048,
                    155.952
                ],
                [
                    1575.936,
                    159.948
                ],
                [
                    1574.976,
                    165.024
                ],
                [
                    1574.0159999999998,
                    168.04799999999997
                ],
                [
                    1571.904,
                    170.964
                ],
                [
                    1569.984,
                    173.988
                ],
                [
                    1568.0639999999999,
                    177.012
                ],
                [
                    1568.0639999999999,
                    180.03599999999997
                ],
                [
                    1565.952,
                    182.952
                ],
                [
                    1561.92,
                    188.028
                ],
                [
                    1560,
                    192.024
                ],
                [
                    1555.968,
                    197.964
                ],
                [
                    1530.048,
                    223.992
                ],
                [
                    1526.0159999999998,
                    226.044
                ],
                [
                    1521.0240000000001,
                    230.04
                ],
                [
                    1517.952,
                    231.012
                ],
                [
                    1515.0720000000001,
                    231.012
                ],
                [
                    1508.928,
                    235.98
                ],
                [
                    1506.048,
                    236.95200000000003
                ],
                [
                    1479.9360000000001,
                    247.968
                ],
                [
                    1473.9840000000002,
                    249.048
                ],
                [
                    1467.0720000000001,
                    250.02
                ],
                [
                    1460.928,
                    251.964
                ],
                [
                    1454.0159999999998,
                    254.016
                ]
            ]
        },
        {
            "ID": "2",
            "CLASS": "플라스틱",
            "DETAILS": "PP",
            "DAMAGE": "원형",
            "DIRTINESS": "이물질(외부)",
            "COVER": "없음",
            "TRANSPARENCY": "불투명",
            "SHAPE": "스프레이용기형",
            "SHAPE_TYPE": "POLYGON",
            "POINTS": [
                [
                    1574.976,
                    165.996
                ],
                [
                    1669.056,
                    417.96000000000004
                ],
                [
                    1668.096,
                    435.024
                ],
                [
                    1656.96,
                    446.03999999999996
                ],
                [
                    1614.9119999999998,
                    459
                ],
                [
                    1414.0800000000002,
                    533.952
                ],
                [
                    1374.9119999999998,
                    548.9639999999999
                ],
                [
                    1358.9759999999999,
                    555.984
                ],
                [
                    1350.912,
                    559.0079999999999
                ],
                [
                    1344.96,
                    559.9799999999999
                ],
                [
                    1339.9679999999998,
                    559.0079999999999
                ],
                [
                    1334.976,
                    551.016
                ],
                [
                    1285.056,
                    413.964
                ],
                [
                    1222.08,
                    259.956
                ],
                [
                    1191.9360000000001,
                    186.948
                ],
                [
                    1189.056,
                    149.04000000000002
                ],
                [
                    1180.992,
                    123.984
                ],
                [
                    1181.952,
                    101.952
                ],
                [
                    1188.096,
                    84.02399999999999
                ],
                [
                    1198.08,
                    69.984
                ],
                [
                    1256.064,
                    54.972
                ],
                [
                    1313.088,
                    38.016000000000005
                ],
                [
                    1300.992,
                    62.964
                ],
                [
                    1297.92,
                    87.048
                ],
                [
                    1296.96,
                    111.996
                ],
                [
                    1301.952,
                    137.05200000000002
                ],
                [
                    1313.088,
                    162.972
                ],
                [
                    1324.9920000000002,
                    189
                ],
                [
                    1358.016,
                    223.992
                ],
                [
                    1381.056,
                    238.032
                ],
                [
                    1403.904,
                    247.968
                ],
                [
                    1415.04,
                    250.992
                ],
                [
                    1425.9840000000002,
                    253.044
                ],
                [
                    1446.912,
                    254.988
                ],
                [
                    1473.024,
                    249.048
                ],
                [
                    1496.064,
                    242.028
                ],
                [
                    1513.92,
                    232.95600000000002
                ],
                [
                    1531.008,
                    223.01999999999998
                ],
                [
                    1545.9840000000002,
                    208.00799999999998
                ],
                [
                    1560,
                    192.996
                ]
            ]
        }
    ]
}