{
    "IMAGE_INFO": {
        "FILE_NAME": "1000530@0_04002_220906_P1_T3__1376.jpg",
        "DATE": "2022-10-21 15:24:40",
        "RESOLUTION": "1920 x 1080",
        "IMAGE_PHOTOGRAPHER": "이지은",
        "FOCUS_DISTANCE": "5.6",
        "EXPOSURE_TIME": "1/400",
        "SENSITIVITY_ISO": "12800",
        "PLACE": "삼오자원",
        "REGION_NAME": null,
        "Direction": "0",
        "HEIGHT": "100",
        "DAY/NIGHT": "주간",
        "WEATHER": "맑음",
        "IMAGE_HEIGHT": 1080,
        "IMAGE_WIDTH": 1920,
        "IMAGE_SIZE": "602.4 KB"
    },
    "ANNOTATION_INFO": [
        {
            "ID": "1",
            "CLASS": "플라스틱",
            "DETAILS": "PP",
            "DAMAGE": "원형",
            "DIRTINESS": "오염없음",
            "COVER": "없음",
            "TRANSPARENCY": "불투명",
            "SHAPE": "사각용기형",
            "SHAPE_TYPE": "POLYGON",
            "POINTS": [
                [
                    595.9680000000001,
                    1080
                ],
                [
                    595.9680000000001,
                    1072.008
                ],
                [
                    599.04,
                    1060.02
                ],
                [
                    598.08,
                    1048.0320000000002
                ],
                [
                    595.008,
                    1034.964
                ],
                [
                    598.08,
                    1003.968
                ],
                [
                    595.008,
                    864
                ],
                [
                    585.984,
                    817.02
                ],
                [
                    589.056,
                    741.96
                ],
                [
                    582.9119999999999,
                    729
                ],
                [
                    580.0319999999999,
                    710.9639999999999
                ],
                [
                    580.0319999999999,
                    679.9680000000001
                ],
                [
                    574.0799999999999,
                    663.984
                ],
                [
                    576.96,
                    596.0519999999999
                ],
                [
                    567.936,
                    579.96
                ],
                [
                    571.008,
                    486
                ],
                [
                    565.056,
                    400.032
                ],
                [
                    558.912,
                    375.94800000000004
                ],
                [
                    565.056,
                    348.948
                ],
                [
                    565.056,
                    326.052
                ],
                [
                    556.032,
                    297
                ],
                [
                    552.9599999999999,
                    201.96
                ],
                [
                    543.936,
                    176.04000000000002
                ],
                [
                    537.984,
                    142.02
                ],
                [
                    532.032,
                    50.004
                ],
                [
                    534.912,
                    45.036
                ],
                [
                    550.0799999999999,
                    34.02
                ],
                [
                    574.0799999999999,
                    29.052
                ],
                [
                    588.096,
                    26.028
                ],
                [
                    613.0559999999999,
                    19.98
                ],
                [
                    634.944,
                    15.984
                ],
                [
                    652.9920000000001,
                    11.016
                ],
                [
                    668.928,
                    8.964
                ],
                [
                    676.9920000000001,
                    6.048
                ],
                [
                    681.984,
                    3.996
                ],
                [
                    686.016,
                    0
                ],
                [
                    862.08,
                    0.972
                ],
                [
                    1036.992,
                    2.052
                ],
                [
                    1302.912,
                    0
                ],
                [
                    1309.056,
                    8.964
                ],
                [
                    1315.0079999999998,
                    65.01599999999999
                ],
                [
                    1324.032,
                    99.036
                ],
                [
                    1324.032,
                    119.016
                ],
                [
                    1342.08,
                    173.01600000000002
                ],
                [
                    1342.08,
                    184.03199999999998
                ],
                [
                    1358.016,
                    227.016
                ],
                [
                    1361.088,
                    272.052
                ],
                [
                    1361.088,
                    409.968
                ],
                [
                    1363.968,
                    443.016
                ],
                [
                    1369.92,
                    470.01599999999996
                ],
                [
                    1369.92,
                    500.04
                ],
                [
                    1382.016,
                    564.948
                ],
                [
                    1391.04,
                    582.9839999999999
                ],
                [
                    1396.992,
                    602.964
                ],
                [
                    1409.088,
                    656.9639999999999
                ],
                [
                    1409.088,
                    672.948
                ],
                [
                    1417.92,
                    704.052
                ],
                [
                    1420.992,
                    753.9480000000001
                ],
                [
                    1426.944,
                    774.0360000000001
                ],
                [
                    1430.016,
                    810
                ],
                [
                    1433.088,
                    895.968
                ],
                [
                    1439.0400000000002,
                    918
                ],
                [
                    1441.92,
                    945
                ],
                [
                    1441.92,
                    986.0400000000001
                ],
                [
                    1450.944,
                    1033.02
                ],
                [
                    1450.944,
                    1080
                ]
            ]
        }
    ]
}