{
    "IMAGE_INFO": {
        "FILE_NAME": "1000541@0_04002_220906_P1_T3__1410.jpg",
        "DATE": "2022-10-21 15:24:44",
        "RESOLUTION": "1920 x 1080",
        "IMAGE_PHOTOGRAPHER": "이지은",
        "FOCUS_DISTANCE": "5.6",
        "EXPOSURE_TIME": "1/400",
        "SENSITIVITY_ISO": "12800",
        "PLACE": "삼오자원",
        "REGION_NAME": null,
        "Direction": "0",
        "HEIGHT": "100",
        "DAY/NIGHT": "주간",
        "WEATHER": "맑음",
        "IMAGE_HEIGHT": 1080,
        "IMAGE_WIDTH": 1920,
        "IMAGE_SIZE": "600.1 KB"
    },
    "ANNOTATION_INFO": [
        {
            "ID": "1",
            "CLASS": "플라스틱",
            "DETAILS": "PP",
            "DAMAGE": "찌그러짐",
            "DIRTINESS": "이물질(외부)",
            "COVER": "없음",
            "TRANSPARENCY": "불투명",
            "SHAPE": "원형용기형",
            "SHAPE_TYPE": "POLYGON",
            "POINTS": [
                [
                    676.9920000000001,
                    779.004
                ],
                [
                    652.9920000000001,
                    778.032
                ],
                [
                    624,
                    774.0360000000001
                ],
                [
                    595.008,
                    764.964
                ],
                [
                    580.0319999999999,
                    758.052
                ],
                [
                    575.04,
                    753.9480000000001
                ],
                [
                    571.968,
                    753.9480000000001
                ],
                [
                    547.968,
                    736.992
                ],
                [
                    529.9200000000001,
                    721.0079999999999
                ],
                [
                    515.904,
                    705.996
                ],
                [
                    504,
                    690.0120000000001
                ],
                [
                    500.92800000000005,
                    682.02
                ],
                [
                    495.9359999999999,
                    677.052
                ],
                [
                    483.072,
                    647.028
                ],
                [
                    475.00800000000004,
                    613.008
                ],
                [
                    474.048,
                    601.02
                ],
                [
                    475.00800000000004,
                    551.9879999999999
                ],
                [
                    483.072,
                    517.9680000000001
                ],
                [
                    494.97599999999994,
                    490.968
                ],
                [
                    512.064,
                    462.99600000000004
                ],
                [
                    527.0400000000001,
                    447.984
                ],
                [
                    542.016,
                    435.996
                ],
                [
                    566.976,
                    419.04
                ],
                [
                    581.952,
                    412.02
                ],
                [
                    588.096,
                    411.048
                ],
                [
                    600.96,
                    411.048
                ],
                [
                    609.024,
                    408.024
                ],
                [
                    633.024,
                    408.024
                ],
                [
                    656.064,
                    405.97200000000004
                ],
                [
                    666.048,
                    402.948
                ],
                [
                    670.0799999999999,
                    402.948
                ],
                [
                    678.912,
                    405.97200000000004
                ],
                [
                    731.904,
                    404.02799999999996
                ],
                [
                    744.96,
                    408.024
                ],
                [
                    777.024,
                    424.008
                ],
                [
                    806.016,
                    446.03999999999996
                ],
                [
                    831.936,
                    475.95599999999996
                ],
                [
                    853.0559999999999,
                    513
                ],
                [
                    864,
                    550.044
                ],
                [
                    867.072,
                    575.9639999999999
                ],
                [
                    864,
                    621
                ],
                [
                    854.016,
                    655.0200000000001
                ],
                [
                    831.936,
                    698.004
                ],
                [
                    819.072,
                    710.9639999999999
                ],
                [
                    816,
                    716.0400000000001
                ],
                [
                    790.0799999999999,
                    740.0160000000001
                ],
                [
                    761.088,
                    756.972
                ],
                [
                    753.024,
                    759.024
                ],
                [
                    744.96,
                    764.964
                ],
                [
                    740.928,
                    764.964
                ],
                [
                    719.04,
                    774.0360000000001
                ],
                [
                    695.04,
                    778.032
                ],
                [
                    676.9920000000001,
                    779.004
                ]
            ]
        },
        {
            "ID": "2",
            "CLASS": "플라스틱",
            "DETAILS": "PP",
            "DAMAGE": "찌그러짐",
            "DIRTINESS": "이물질(외부)",
            "COVER": "없음",
            "TRANSPARENCY": "투명",
            "SHAPE": "사각용기형",
            "SHAPE_TYPE": "POLYGON",
            "POINTS": [
                [
                    515.904,
                    412.02
                ],
                [
                    480,
                    407.052
                ],
                [
                    431.04,
                    405.97200000000004
                ],
                [
                    409.92,
                    400.032
                ],
                [
                    350.976,
                    394.956
                ],
                [
                    315.072,
                    389.016
                ],
                [
                    283.968,
                    389.016
                ],
                [
                    236.928,
                    385.02
                ],
                [
                    177.984,
                    384.048
                ],
                [
                    108.096,
                    374.004
                ],
                [
                    92.928,
                    374.004
                ],
                [
                    81.98400000000001,
                    371.952
                ],
                [
                    75.072,
                    367.956
                ],
                [
                    63.93600000000001,
                    366.984
                ],
                [
                    62.016000000000005,
                    359.964
                ],
                [
                    53.952,
                    354.024
                ],
                [
                    46.08,
                    354.024
                ],
                [
                    30.912,
                    358.02000000000004
                ],
                [
                    0,
                    357.048
                ],
                [
                    0,
                    0
                ],
                [
                    749.952,
                    0
                ],
                [
                    749.952,
                    3.024
                ],
                [
                    753.024,
                    3.996
                ],
                [
                    754.944,
                    22.032
                ],
                [
                    761.088,
                    27.971999999999998
                ],
                [
                    766.08,
                    50.004
                ],
                [
                    766.08,
                    115.99199999999999
                ],
                [
                    754.944,
                    192.024
                ],
                [
                    753.024,
                    236.95200000000003
                ],
                [
                    749.952,
                    255.95999999999998
                ],
                [
                    744.96,
                    265.032
                ],
                [
                    744.96,
                    273.024
                ],
                [
                    753.024,
                    297
                ],
                [
                    754.944,
                    390.96
                ],
                [
                    753.024,
                    394.956
                ],
                [
                    734.976,
                    405
                ],
                [
                    686.016,
                    402.948
                ],
                [
                    614.016,
                    405
                ],
                [
                    588.096,
                    412.02
                ],
                [
                    515.904,
                    412.02
                ]
            ]
        }
    ]
}