{
    "IMAGE_INFO": {
        "FILE_NAME": "1000760@0_04002_220906_P1_T3__0524.jpg",
        "DATE": "2022-10-21 15:28:34",
        "RESOLUTION": "1920 x 1080",
        "IMAGE_PHOTOGRAPHER": "이지은",
        "FOCUS_DISTANCE": "5.6",
        "EXPOSURE_TIME": "1/400",
        "SENSITIVITY_ISO": "12800",
        "PLACE": "삼오자원",
        "REGION_NAME": null,
        "Direction": "0",
        "HEIGHT": "100",
        "DAY/NIGHT": "주간",
        "WEATHER": "맑음",
        "IMAGE_HEIGHT": 1080,
        "IMAGE_WIDTH": 1920,
        "IMAGE_SIZE": "608.2 KB"
    },
    "ANNOTATION_INFO": [
        {
            "ID": "1",
            "CLASS": "플라스틱",
            "DETAILS": "PP",
            "DAMAGE": "원형",
            "DIRTINESS": "이물질(외부)",
            "COVER": "겹침",
            "TRANSPARENCY": "불투명",
            "SHAPE": "원형용기형",
            "SHAPE_TYPE": "BOX",
            "POINTS": [
                [
                    208.47928436658233,
                    211.35854494536198,
                    764.6131668810535,
                    785.3190489878432
                ]
            ]
        },
        {
            "ID": "2",
            "CLASS": "플라스틱",
            "DETAILS": "PP",
            "DAMAGE": "원형",
            "DIRTINESS": "이물질(외부)",
            "COVER": "없음",
            "TRANSPARENCY": "불투명",
            "SHAPE": "기타 형태",
            "SHAPE_TYPE": "BOX",
            "POINTS": [
                [
                    1005.4873275949366,
                    0.3945851101077723,
                    423.89758235039665,
                    278.7191009322985
                ]
            ]
        }
    ]
}