{
    "IMAGE_INFO": {
        "FILE_NAME": "1000692@0_04002_220906_P1_T3__0056.jpg",
        "DATE": "2022-10-21 15:27:22",
        "RESOLUTION": "1920 x 1080",
        "IMAGE_PHOTOGRAPHER": "이지은",
        "FOCUS_DISTANCE": "5.6",
        "EXPOSURE_TIME": "1/400",
        "SENSITIVITY_ISO": "12800",
        "PLACE": "삼오자원",
        "REGION_NAME": null,
        "Direction": "0",
        "HEIGHT": "100",
        "DAY/NIGHT": "주간",
        "WEATHER": "맑음",
        "IMAGE_HEIGHT": 1080,
        "IMAGE_WIDTH": 1920,
        "IMAGE_SIZE": "454.8 KB"
    },
    "ANNOTATION_INFO": [
        {
            "ID": "1",
            "CLASS": "플라스틱",
            "DETAILS": "PP",
            "DAMAGE": "찌그러짐",
            "DIRTINESS": "이물질(외부)",
            "COVER": "없음",
            "TRANSPARENCY": "불투명",
            "SHAPE": "사각용기형",
            "SHAPE_TYPE": "POLYGON",
            "POINTS": [
                [
                    739.008,
                    439.99199999999996
                ],
                [
                    733.0559999999999,
                    435.024
                ],
                [
                    726.912,
                    432.972
                ],
                [
                    713.088,
                    420.984
                ],
                [
                    705.024,
                    420.012
                ],
                [
                    692.928,
                    423.036
                ],
                [
                    672,
                    424.008
                ],
                [
                    603.072,
                    423.036
                ],
                [
                    576.96,
                    419.04
                ],
                [
                    546.048,
                    412.02
                ],
                [
                    480,
                    392.03999999999996
                ],
                [
                    466.944,
                    390.96
                ],
                [
                    451.008,
                    385.02
                ],
                [
                    442.94399999999996,
                    385.02
                ],
                [
                    425.088,
                    378.972
                ],
                [
                    411.072,
                    378.972
                ],
                [
                    398.016,
                    371.952
                ],
                [
                    382.08000000000004,
                    358.02000000000004
                ],
                [
                    368.064,
                    357.048
                ],
                [
                    326.976,
                    346.03200000000004
                ],
                [
                    294.912,
                    327.99600000000004
                ],
                [
                    284.928,
                    317.952
                ],
                [
                    270.91200000000003,
                    297.972
                ],
                [
                    260.928,
                    273.024
                ],
                [
                    263.04,
                    176.04000000000002
                ],
                [
                    268.992,
                    123.012
                ],
                [
                    274.94399999999996,
                    104.00399999999999
                ],
                [
                    278.976,
                    73.98
                ],
                [
                    287.03999999999996,
                    51.94799999999999
                ],
                [
                    302.976,
                    29.052
                ],
                [
                    322.94399999999996,
                    15.011999999999999
                ],
                [
                    345.984,
                    7.02
                ],
                [
                    361.92,
                    3.996
                ],
                [
                    382.08000000000004,
                    3.996
                ],
                [
                    407.03999999999996,
                    7.992
                ],
                [
                    432.96000000000004,
                    10.043999999999999
                ],
                [
                    452.928,
                    14.04
                ],
                [
                    473.088,
                    15.011999999999999
                ],
                [
                    494.01599999999996,
                    19.98
                ],
                [
                    522.048,
                    22.032
                ],
                [
                    552.9599999999999,
                    30.996
                ],
                [
                    558.912,
                    30.996
                ],
                [
                    590.976,
                    41.04
                ],
                [
                    613.0559999999999,
                    45.036
                ],
                [
                    663.936,
                    58.968
                ],
                [
                    676.032,
                    60.047999999999995
                ],
                [
                    730.944,
                    73.98
                ],
                [
                    753.024,
                    84.02399999999999
                ],
                [
                    773.952,
                    100.98
                ],
                [
                    790.0799999999999,
                    124.956
                ],
                [
                    796.032,
                    139.968
                ],
                [
                    797.952,
                    185.00400000000002
                ],
                [
                    792,
                    245.052
                ],
                [
                    783.936,
                    290.952
                ],
                [
                    779.904,
                    342.036
                ],
                [
                    773.952,
                    365.04
                ],
                [
                    768,
                    377.028
                ],
                [
                    768,
                    389.016
                ],
                [
                    773.952,
                    400.032
                ],
                [
                    776.064,
                    409.968
                ],
                [
                    768,
                    429.94800000000004
                ],
                [
                    763.0079999999999,
                    434.05199999999996
                ],
                [
                    748.992,
                    439.99199999999996
                ],
                [
                    739.008,
                    439.99199999999996
                ]
            ]
        }
    ]
}