{
    "IMAGE_INFO": {
        "FILE_NAME": "1000495@0_04002_220906_P1_T3__1312.jpg",
        "DATE": "2022-10-21 15:24:30",
        "RESOLUTION": "1920 x 1080",
        "IMAGE_PHOTOGRAPHER": "이지은",
        "FOCUS_DISTANCE": "5.6",
        "EXPOSURE_TIME": "1/400",
        "SENSITIVITY_ISO": "12800",
        "PLACE": "삼오자원",
        "REGION_NAME": null,
        "Direction": "0",
        "HEIGHT": "100",
        "DAY/NIGHT": "주간",
        "WEATHER": "맑음",
        "IMAGE_HEIGHT": 1080,
        "IMAGE_WIDTH": 1920,
        "IMAGE_SIZE": "523.0 KB"
    },
    "ANNOTATION_INFO": [
        {
            "ID": "1",
            "CLASS": "플라스틱",
            "DETAILS": "PP",
            "DAMAGE": "원형",
            "DIRTINESS": "이물질(외부)",
            "COVER": "없음",
            "TRANSPARENCY": "불투명",
            "SHAPE": "스프레이용기형",
            "SHAPE_TYPE": "POLYGON",
            "POINTS": [
                [
                    1460.928,
                    759.024
                ],
                [
                    1444.032,
                    758.052
                ],
                [
                    1412.9279999999999,
                    748.008
                ],
                [
                    1395.0720000000001,
                    740.0160000000001
                ],
                [
                    1368,
                    720.036
                ],
                [
                    1342.08,
                    691.956
                ],
                [
                    1328.0639999999999,
                    666.0360000000001
                ],
                [
                    1316.9279999999999,
                    637.956
                ],
                [
                    1314.048,
                    612.036
                ],
                [
                    1316.9279999999999,
                    562.0319999999999
                ],
                [
                    1331.904,
                    528.0120000000001
                ],
                [
                    1342.08,
                    513
                ],
                [
                    1372.032,
                    486
                ],
                [
                    1416,
                    467.964
                ],
                [
                    1445.952,
                    463.96799999999996
                ],
                [
                    1464,
                    463.96799999999996
                ],
                [
                    1483.968,
                    466.02
                ],
                [
                    1521.0240000000001,
                    478.008
                ],
                [
                    1545.024,
                    493.99199999999996
                ],
                [
                    1569.984,
                    517.9680000000001
                ],
                [
                    1598.016,
                    562.0319999999999
                ],
                [
                    1603.968,
                    596.0519999999999
                ],
                [
                    1603.968,
                    617.976
                ],
                [
                    1602.048,
                    637.956
                ],
                [
                    1593.024,
                    668.952
                ],
                [
                    1571.904,
                    702
                ],
                [
                    1558.08,
                    716.0400000000001
                ],
                [
                    1541.952,
                    729.972
                ],
                [
                    1516.032,
                    744.012
                ],
                [
                    1473.024,
                    758.052
                ]
            ]
        },
        {
            "ID": "2",
            "CLASS": "플라스틱",
            "DETAILS": "PP",
            "DAMAGE": "원형",
            "DIRTINESS": "이물질(외부)",
            "COVER": "겹침",
            "TRANSPARENCY": "불투명",
            "SHAPE": "사각용기형",
            "SHAPE_TYPE": "POLYGON",
            "POINTS": [
                [
                    1597.056,
                    664.956
                ],
                [
                    1688.0639999999999,
                    905.04
                ],
                [
                    1688.0639999999999,
                    930.96
                ],
                [
                    1678.08,
                    944.028
                ],
                [
                    1386.048,
                    1052.028
                ],
                [
                    1368,
                    1053.972
                ],
                [
                    1352.064,
                    1040.04
                ],
                [
                    1308.096,
                    929.016
                ],
                [
                    1249.92,
                    776.952
                ],
                [
                    1214.0159999999998,
                    698.004
                ],
                [
                    1204.9920000000002,
                    679.9680000000001
                ],
                [
                    1201.92,
                    644.004
                ],
                [
                    1196.9279999999999,
                    617.004
                ],
                [
                    1188.096,
                    601.02
                ],
                [
                    1186.944,
                    578.016
                ],
                [
                    1214.0159999999998,
                    559.9799999999999
                ],
                [
                    1256.064,
                    543.024
                ],
                [
                    1296,
                    529.956
                ],
                [
                    1335.936,
                    520.02
                ],
                [
                    1320.9599999999998,
                    548.9639999999999
                ],
                [
                    1314.048,
                    586.98
                ],
                [
                    1315.0079999999998,
                    635.04
                ],
                [
                    1337.088,
                    685.044
                ],
                [
                    1363.968,
                    717.0120000000001
                ],
                [
                    1411.968,
                    748.98
                ],
                [
                    1462.08,
                    760.968
                ],
                [
                    1510.08,
                    748.98
                ],
                [
                    1550.9759999999999,
                    726.948
                ],
                [
                    1578.048,
                    697.0319999999999
                ]
            ]
        }
    ]
}