{
    "IMAGE_INFO": {
        "FILE_NAME": "1000670@0_04002_220906_P1_T3__0255.jpg",
        "DATE": "2022-10-21 15:27:50",
        "RESOLUTION": "1920 x 1080",
        "IMAGE_PHOTOGRAPHER": "이지은",
        "FOCUS_DISTANCE": "5.6",
        "EXPOSURE_TIME": "1/400",
        "SENSITIVITY_ISO": "12800",
        "PLACE": "삼오자원",
        "REGION_NAME": null,
        "Direction": "0",
        "HEIGHT": "100",
        "DAY/NIGHT": "주간",
        "WEATHER": "맑음",
        "IMAGE_HEIGHT": 1080,
        "IMAGE_WIDTH": 1920,
        "IMAGE_SIZE": "649.5 KB"
    },
    "ANNOTATION_INFO": [
        {
            "ID": "1",
            "CLASS": "플라스틱",
            "DETAILS": "PP",
            "DAMAGE": "원형",
            "DIRTINESS": "이물질(외부)",
            "COVER": "겹침",
            "TRANSPARENCY": "불투명",
            "SHAPE": "원형용기형",
            "SHAPE_TYPE": "POLYGON",
            "POINTS": [
                [
                    1507.968,
                    493.99199999999996
                ],
                [
                    1497.024,
                    492.048
                ],
                [
                    1491.072,
                    488.052
                ],
                [
                    1489.92,
                    477.036
                ],
                [
                    1482.048,
                    463.96799999999996
                ],
                [
                    1468.032,
                    450.036
                ],
                [
                    1454.0159999999998,
                    442.044
                ],
                [
                    1436.9279999999999,
                    440.964
                ],
                [
                    1424.064,
                    435.996
                ],
                [
                    1401.0240000000001,
                    434.05199999999996
                ],
                [
                    1383.936,
                    428.976
                ],
                [
                    1369.92,
                    404.02799999999996
                ],
                [
                    1358.9759999999999,
                    374.976
                ],
                [
                    1358.9759999999999,
                    312.012
                ],
                [
                    1372.032,
                    276.048
                ],
                [
                    1386.048,
                    254.016
                ],
                [
                    1406.976,
                    231.98399999999998
                ],
                [
                    1424.064,
                    222.048
                ],
                [
                    1455.936,
                    209.952
                ],
                [
                    1478.016,
                    207.036
                ],
                [
                    1502.016,
                    207.036
                ],
                [
                    1515.0720000000001,
                    208.00799999999998
                ],
                [
                    1537.92,
                    213.948
                ],
                [
                    1574.0159999999998,
                    231.98399999999998
                ],
                [
                    1592.064,
                    246.024
                ],
                [
                    1616.064,
                    272.052
                ],
                [
                    1622.976,
                    284.04
                ],
                [
                    1641.0240000000001,
                    338.04
                ],
                [
                    1641.0240000000001,
                    369.036
                ],
                [
                    1632,
                    404.02799999999996
                ],
                [
                    1611.072,
                    446.03999999999996
                ],
                [
                    1579.9679999999998,
                    475.95599999999996
                ],
                [
                    1563.0720000000001,
                    483.948
                ],
                [
                    1558.08,
                    483.948
                ],
                [
                    1550.9759999999999,
                    489.024
                ],
                [
                    1523.904,
                    493.99199999999996
                ]
            ]
        },
        {
            "ID": "2",
            "CLASS": "플라스틱",
            "DETAILS": "PP",
            "DAMAGE": "찌그러짐",
            "DIRTINESS": "오염없음",
            "COVER": "없음",
            "TRANSPARENCY": "투명",
            "SHAPE": "기타 형태",
            "SHAPE_TYPE": "POLYGON",
            "POINTS": [
                [
                    1227.0720000000001,
                    960.0120000000001
                ],
                [
                    1214.0159999999998,
                    959.04
                ],
                [
                    1204.9920000000002,
                    956.016
                ],
                [
                    1179.072,
                    952.02
                ],
                [
                    1152.96,
                    945.972
                ],
                [
                    1128.96,
                    941.976
                ],
                [
                    1118.016,
                    938.952
                ],
                [
                    1099.008,
                    926.9639999999999
                ],
                [
                    1088.0639999999999,
                    924.048
                ],
                [
                    1065.024,
                    921.024
                ],
                [
                    1052.9279999999999,
                    917.028
                ],
                [
                    1051.008,
                    914.004
                ],
                [
                    1031.04,
                    909.0360000000001
                ],
                [
                    1023.936,
                    902.9879999999999
                ],
                [
                    1022.9760000000001,
                    898.02
                ],
                [
                    1019.904,
                    895.968
                ],
                [
                    1012.992,
                    884.952
                ],
                [
                    1012.032,
                    879.9839999999999
                ],
                [
                    1002.048,
                    867.024
                ],
                [
                    1001.088,
                    861.948
                ],
                [
                    987.072,
                    845.9639999999999
                ],
                [
                    985.92,
                    839.052
                ],
                [
                    979.968,
                    833.004
                ],
                [
                    979.008,
                    816.048
                ],
                [
                    987.072,
                    798.984
                ],
                [
                    1026.048,
                    778.032
                ],
                [
                    1030.08,
                    778.032
                ],
                [
                    1037.952,
                    780.948
                ],
                [
                    1055.04,
                    783.972
                ],
                [
                    1118.016,
                    783.972
                ],
                [
                    1181.952,
                    783.972
                ],
                [
                    1237.056,
                    779.976
                ],
                [
                    1243.008,
                    755.028
                ],
                [
                    1244.9279999999999,
                    751.032
                ],
                [
                    1254.9119999999998,
                    749.952
                ],
                [
                    1276.032,
                    751.032
                ],
                [
                    1286.0159999999998,
                    752.976
                ],
                [
                    1290.048,
                    756
                ],
                [
                    1294.0800000000002,
                    764.964
                ],
                [
                    1302.912,
                    771.012
                ],
                [
                    1302.912,
                    783.972
                ],
                [
                    1311.9360000000001,
                    829.9799999999999
                ],
                [
                    1313.088,
                    872.964
                ],
                [
                    1310.9759999999999,
                    884.952
                ],
                [
                    1310.016,
                    891
                ],
                [
                    1294.0800000000002,
                    902.0160000000001
                ],
                [
                    1291.008,
                    918.972
                ],
                [
                    1286.0159999999998,
                    925.9920000000001
                ],
                [
                    1257.024,
                    945.972
                ],
                [
                    1241.088,
                    955.044
                ],
                [
                    1237.056,
                    959.04
                ]
            ]
        },
        {
            "ID": "3",
            "CLASS": "플라스틱",
            "DETAILS": "PP",
            "DAMAGE": "원형",
            "DIRTINESS": "이물질(내부)",
            "COVER": "없음",
            "TRANSPARENCY": "불투명",
            "SHAPE": "기타 형태",
            "SHAPE_TYPE": "POLYGON",
            "POINTS": [
                [
                    1065.9840000000002,
                    786.996
                ],
                [
                    1042.944,
                    785.052
                ],
                [
                    1033.92,
                    783
                ],
                [
                    1018.944,
                    771.984
                ],
                [
                    1017.984,
                    767.0160000000001
                ],
                [
                    1012.032,
                    763.02
                ],
                [
                    1009.9200000000001,
                    759.024
                ],
                [
                    1007.04,
                    744.9839999999999
                ],
                [
                    1008.9599999999999,
                    704.052
                ],
                [
                    1003.0079999999999,
                    660.96
                ],
                [
                    1001.088,
                    621
                ],
                [
                    1017.984,
                    583.9559999999999
                ],
                [
                    1022.016,
                    577.044
                ],
                [
                    1023.936,
                    570.024
                ],
                [
                    1028.928,
                    560.952
                ],
                [
                    1038.912,
                    543.9960000000001
                ],
                [
                    1025.0880000000002,
                    536.976
                ],
                [
                    997.0559999999999,
                    523.044
                ],
                [
                    998.0160000000001,
                    513
                ],
                [
                    996.0960000000001,
                    498.96000000000004
                ],
                [
                    988.992,
                    488.052
                ],
                [
                    990.912,
                    475.95599999999996
                ],
                [
                    996.0960000000001,
                    470.988
                ],
                [
                    1003.0079999999999,
                    458.02799999999996
                ],
                [
                    1018.944,
                    447.984
                ],
                [
                    1070.016,
                    435.996
                ],
                [
                    1108.032,
                    424.98
                ],
                [
                    1151.04,
                    419.04
                ],
                [
                    1185.024,
                    416.988
                ],
                [
                    1258.944,
                    416.988
                ],
                [
                    1305.9840000000002,
                    419.04
                ],
                [
                    1333.056,
                    423.036
                ],
                [
                    1350.912,
                    427.032
                ],
                [
                    1359.9360000000001,
                    427.032
                ],
                [
                    1368.96,
                    429.94800000000004
                ],
                [
                    1385.0880000000002,
                    429.94800000000004
                ],
                [
                    1409.088,
                    432.972
                ],
                [
                    1449.984,
                    440.964
                ],
                [
                    1463.04,
                    446.03999999999996
                ],
                [
                    1473.9840000000002,
                    454.032
                ],
                [
                    1481.088,
                    462.024
                ],
                [
                    1489.92,
                    479.952
                ],
                [
                    1492.032,
                    494.964
                ],
                [
                    1498.944,
                    513.972
                ],
                [
                    1498.944,
                    528.984
                ],
                [
                    1506.048,
                    562.0319999999999
                ],
                [
                    1506.048,
                    574.992
                ],
                [
                    1510.08,
                    586.98
                ],
                [
                    1512,
                    605.988
                ],
                [
                    1512,
                    644.976
                ],
                [
                    1506.048,
                    674.028
                ],
                [
                    1503.936,
                    694.9799999999999
                ],
                [
                    1506.048,
                    729
                ],
                [
                    1502.976,
                    736.02
                ],
                [
                    1493.952,
                    744.9839999999999
                ],
                [
                    1484.9279999999999,
                    751.032
                ],
                [
                    1472.064,
                    756
                ],
                [
                    1409.088,
                    759.996
                ],
                [
                    1385.0880000000002,
                    764.964
                ],
                [
                    1371.072,
                    766.0440000000001
                ],
                [
                    1359.9360000000001,
                    770.04
                ],
                [
                    1348.032,
                    771.012
                ],
                [
                    1329.984,
                    775.98
                ],
                [
                    1310.016,
                    778.032
                ],
                [
                    1295.04,
                    764.964
                ],
                [
                    1287.936,
                    752.004
                ],
                [
                    1247.04,
                    748.008
                ],
                [
                    1233.9840000000002,
                    780.948
                ],
                [
                    1218.048,
                    783
                ],
                [
                    1185.024,
                    785.052
                ],
                [
                    1172.9279999999999,
                    786.996
                ]
            ]
        },
        {
            "ID": "4",
            "CLASS": "플라스틱",
            "DETAILS": "PP",
            "DAMAGE": "원형",
            "DIRTINESS": "오염없음",
            "COVER": "겹침",
            "TRANSPARENCY": "불투명",
            "SHAPE": "원형용기형",
            "SHAPE_TYPE": "POLYGON",
            "POINTS": [
                [
                    850.944,
                    1080
                ],
                [
                    844.992,
                    944.028
                ],
                [
                    843.072,
                    926.9639999999999
                ],
                [
                    835.008,
                    915.948
                ],
                [
                    835.008,
                    905.04
                ],
                [
                    848.064,
                    878.04
                ],
                [
                    855.9359999999999,
                    868.968
                ],
                [
                    864,
                    849.96
                ],
                [
                    877.0559999999999,
                    834.948
                ],
                [
                    888,
                    817.02
                ],
                [
                    901.056,
                    803.952
                ],
                [
                    916.032,
                    798.984
                ],
                [
                    948.096,
                    794.9879999999999
                ],
                [
                    964.0319999999999,
                    794.9879999999999
                ],
                [
                    977.0880000000001,
                    790.9920000000001
                ],
                [
                    984.96,
                    790.9920000000001
                ],
                [
                    988.0319999999999,
                    794.9879999999999
                ],
                [
                    982.0799999999999,
                    797.04
                ],
                [
                    979.968,
                    807.948
                ],
                [
                    979.968,
                    825.0120000000001
                ],
                [
                    982.0799999999999,
                    825.984
                ],
                [
                    979.968,
                    844.02
                ],
                [
                    994.944,
                    853.9559999999999
                ],
                [
                    994.944,
                    857.952
                ],
                [
                    1001.088,
                    861.948
                ],
                [
                    1003.0079999999999,
                    870.048
                ],
                [
                    1013.952,
                    878.04
                ],
                [
                    1016.064,
                    884.952
                ],
                [
                    1030.08,
                    894.024
                ],
                [
                    1037.952,
                    906.012
                ],
                [
                    1080,
                    924.048
                ],
                [
                    1098.048,
                    925.0200000000001
                ],
                [
                    1116.096,
                    929.9879999999999
                ],
                [
                    1127.04,
                    938.952
                ],
                [
                    1134.9119999999998,
                    941.976
                ],
                [
                    1169.088,
                    947.052
                ],
                [
                    1174.0800000000002,
                    949.9680000000001
                ],
                [
                    1195.0079999999998,
                    952.02
                ],
                [
                    1203.0720000000001,
                    955.044
                ],
                [
                    1232.064,
                    956.9879999999999
                ],
                [
                    1258.944,
                    941.976
                ],
                [
                    1258.944,
                    938.952
                ],
                [
                    1272,
                    928.044
                ],
                [
                    1286.976,
                    918.972
                ],
                [
                    1286.976,
                    910.008
                ],
                [
                    1290.048,
                    905.04
                ],
                [
                    1297.92,
                    899.964
                ],
                [
                    1309.056,
                    887.976
                ],
                [
                    1310.9759999999999,
                    882.036
                ],
                [
                    1305.9840000000002,
                    825.984
                ],
                [
                    1309.056,
                    798.0120000000001
                ],
                [
                    1305.9840000000002,
                    790.0200000000001
                ],
                [
                    1310.9759999999999,
                    779.976
                ],
                [
                    1401.0240000000001,
                    778.032
                ],
                [
                    1548.096,
                    778.032
                ],
                [
                    1553.088,
                    787.9680000000001
                ],
                [
                    1555.968,
                    805.0319999999999
                ],
                [
                    1564.032,
                    821.9879999999999
                ],
                [
                    1571.904,
                    832.0319999999999
                ],
                [
                    1569.0240000000001,
                    853.9559999999999
                ],
                [
                    1579.9679999999998,
                    870.048
                ],
                [
                    1577.088,
                    882.036
                ],
                [
                    1584.96,
                    895.968
                ],
                [
                    1587.0720000000001,
                    930.96
                ],
                [
                    1593.024,
                    940.0319999999999
                ],
                [
                    1594.944,
                    969.948
                ],
                [
                    1603.008,
                    983.016
                ],
                [
                    1608.96,
                    1003.968
                ],
                [
                    1613.952,
                    1007.964
                ],
                [
                    1618.944,
                    1019.952
                ],
                [
                    1618.944,
                    1029.024
                ],
                [
                    1627.008,
                    1041.984
                ],
                [
                    1635.0720000000001,
                    1080
                ]
            ]
        },
        {
            "ID": "5",
            "CLASS": "플라스틱",
            "DETAILS": "PP",
            "DAMAGE": "원형",
            "DIRTINESS": "오염없음",
            "COVER": "없음",
            "TRANSPARENCY": "투명",
            "SHAPE": "사각용기형",
            "SHAPE_TYPE": "POLYGON",
            "POINTS": [
                [
                    526.08,
                    1080
                ],
                [
                    508.992,
                    1065.96
                ],
                [
                    502.08000000000004,
                    1064.0159999999998
                ],
                [
                    494.97599999999994,
                    1056.996
                ],
                [
                    480,
                    1050.9479999999999
                ],
                [
                    449.08799999999997,
                    1030.968
                ],
                [
                    441.984,
                    1029.024
                ],
                [
                    403.008,
                    1006.02
                ],
                [
                    379.008,
                    988.9559999999999
                ],
                [
                    372.096,
                    987.0120000000001
                ],
                [
                    353.088,
                    972.972
                ],
                [
                    336,
                    964.9799999999999
                ],
                [
                    316.992,
                    949.9680000000001
                ],
                [
                    273.024,
                    922.9680000000001
                ],
                [
                    265.92,
                    921.024
                ],
                [
                    249.02400000000003,
                    909.0360000000001
                ],
                [
                    227.904,
                    891
                ],
                [
                    217.92000000000002,
                    867.996
                ],
                [
                    216,
                    860.004
                ],
                [
                    216,
                    844.992
                ],
                [
                    207.93599999999998,
                    830.952
                ],
                [
                    207.93599999999998,
                    825.0120000000001
                ],
                [
                    217.92000000000002,
                    802.008
                ],
                [
                    241.92000000000002,
                    768.9599999999999
                ],
                [
                    254.016,
                    745.956
                ],
                [
                    302.01599999999996,
                    678.024
                ],
                [
                    318.912,
                    650.052
                ],
                [
                    331.008,
                    614.952
                ],
                [
                    342.91200000000003,
                    591.948
                ],
                [
                    377.08799999999997,
                    548.9639999999999
                ],
                [
                    379.008,
                    540
                ],
                [
                    393.984,
                    521.964
                ],
                [
                    398.016,
                    509.976
                ],
                [
                    401.088,
                    506.952
                ],
                [
                    406.08,
                    505.00800000000004
                ],
                [
                    411.072,
                    493.02000000000004
                ],
                [
                    412.992,
                    493.02000000000004
                ],
                [
                    420.096,
                    478.98
                ],
                [
                    427.008,
                    471.96
                ],
                [
                    430.08,
                    466.02
                ],
                [
                    435.072,
                    463.96799999999996
                ],
                [
                    438.912,
                    454.032
                ],
                [
                    446.976,
                    447.984
                ],
                [
                    449.08799999999997,
                    442.044
                ],
                [
                    456,
                    435.024
                ],
                [
                    459.072,
                    428.976
                ],
                [
                    494.97599999999994,
                    385.992
                ],
                [
                    504,
                    371.952
                ],
                [
                    504,
                    366.984
                ],
                [
                    518.976,
                    347.00399999999996
                ],
                [
                    526.08,
                    340.95599999999996
                ],
                [
                    536.064,
                    324
                ],
                [
                    550.0799999999999,
                    305.964
                ],
                [
                    556.9920000000001,
                    301.968
                ],
                [
                    580.992,
                    304.02
                ],
                [
                    595.9680000000001,
                    299.05199999999996
                ],
                [
                    617.0880000000001,
                    297
                ],
                [
                    628.992,
                    299.05199999999996
                ],
                [
                    656.064,
                    308.016
                ],
                [
                    691.968,
                    327.99600000000004
                ],
                [
                    738.048,
                    357.048
                ],
                [
                    752.064,
                    370.00800000000004
                ],
                [
                    762.048,
                    374.004
                ],
                [
                    781.056,
                    388.044
                ],
                [
                    800.0640000000001,
                    397.98
                ],
                [
                    820.0319999999999,
                    412.992
                ],
                [
                    850.944,
                    428.976
                ],
                [
                    877.0559999999999,
                    446.03999999999996
                ],
                [
                    893.952,
                    459.972
                ],
                [
                    903.936,
                    463.96799999999996
                ],
                [
                    956.928,
                    498.96000000000004
                ],
                [
                    973.056,
                    508.032
                ],
                [
                    992.0640000000001,
                    519.048
                ],
                [
                    1001.088,
                    525.96
                ],
                [
                    1014.9119999999999,
                    531.0360000000001
                ],
                [
                    1037.952,
                    543.024
                ],
                [
                    994.944,
                    631.0440000000001
                ],
                [
                    978.0479999999999,
                    655.9920000000001
                ],
                [
                    969.0240000000001,
                    675.972
                ],
                [
                    959.04,
                    693.0360000000001
                ],
                [
                    950.0160000000001,
                    702.972
                ],
                [
                    940.0319999999999,
                    720.036
                ],
                [
                    922.9440000000001,
                    752.976
                ],
                [
                    921.024,
                    764.964
                ],
                [
                    903.936,
                    790.0200000000001
                ],
                [
                    901.056,
                    798.0120000000001
                ],
                [
                    893.952,
                    806.0039999999999
                ],
                [
                    884.928,
                    829.0079999999999
                ],
                [
                    879.9359999999999,
                    837
                ],
                [
                    872.064,
                    844.992
                ],
                [
                    869.952,
                    852.9839999999999
                ],
                [
                    845.952,
                    893.052
                ],
                [
                    835.9680000000001,
                    905.04
                ],
                [
                    826.9440000000001,
                    913.032
                ],
                [
                    821.952,
                    922.9680000000001
                ],
                [
                    815.04,
                    929.9879999999999
                ],
                [
                    815.04,
                    933.984
                ],
                [
                    807.936,
                    941.976
                ],
                [
                    802.9440000000001,
                    953.9639999999999
                ],
                [
                    797.952,
                    957.96
                ],
                [
                    796.032,
                    967.0319999999999
                ],
                [
                    787.968,
                    975.024
                ],
                [
                    773.952,
                    1006.02
                ],
                [
                    768.96,
                    1010.0160000000001
                ],
                [
                    767.0400000000001,
                    1019.952
                ],
                [
                    758.976,
                    1029.024
                ],
                [
                    757.0559999999999,
                    1037.016
                ],
                [
                    749.952,
                    1045.008
                ],
                [
                    747.072,
                    1053
                ],
                [
                    739.9680000000001,
                    1060.992
                ],
                [
                    738.048,
                    1069.9560000000001
                ],
                [
                    730.944,
                    1080
                ]
            ]
        }
    ]
}