{
    "IMAGE_INFO": {
        "FILE_NAME": "1000493@0_04002_220906_P1_T3__1411.jpg",
        "DATE": "2022-10-21 15:24:44",
        "RESOLUTION": "1920 x 1080",
        "IMAGE_PHOTOGRAPHER": "이지은",
        "FOCUS_DISTANCE": "5.6",
        "EXPOSURE_TIME": "1/400",
        "SENSITIVITY_ISO": "12800",
        "PLACE": "삼오자원",
        "REGION_NAME": null,
        "Direction": "0",
        "HEIGHT": "100",
        "DAY/NIGHT": "주간",
        "WEATHER": "맑음",
        "IMAGE_HEIGHT": 1080,
        "IMAGE_WIDTH": 1920,
        "IMAGE_SIZE": "602.4 KB"
    },
    "ANNOTATION_INFO": [
        {
            "ID": "1",
            "CLASS": "플라스틱",
            "DETAILS": "PP",
            "DAMAGE": "찌그러짐",
            "DIRTINESS": "이물질(외부)",
            "COVER": "없음",
            "TRANSPARENCY": "불투명",
            "SHAPE": "원형용기형",
            "SHAPE_TYPE": "POLYGON",
            "POINTS": [
                [
                    639.9359999999999,
                    650.052
                ],
                [
                    614.016,
                    644.976
                ],
                [
                    605.952,
                    640.98
                ],
                [
                    598.08,
                    639.0360000000001
                ],
                [
                    591.936,
                    635.04
                ],
                [
                    585.024,
                    633.9599999999999
                ],
                [
                    580.992,
                    629.964
                ],
                [
                    567.936,
                    624.996
                ],
                [
                    532.032,
                    597.024
                ],
                [
                    515.904,
                    579.96
                ],
                [
                    514.944,
                    575.9639999999999
                ],
                [
                    509.952,
                    571.968
                ],
                [
                    497.088,
                    552.96
                ],
                [
                    484.032,
                    524.0160000000001
                ],
                [
                    480.96,
                    509.004
                ],
                [
                    475.968,
                    498.96000000000004
                ],
                [
                    470.976,
                    467.964
                ],
                [
                    470.976,
                    440.964
                ],
                [
                    475.968,
                    408.024
                ],
                [
                    489.02399999999994,
                    371.952
                ],
                [
                    508.032,
                    339.98400000000004
                ],
                [
                    523.968,
                    323.02799999999996
                ],
                [
                    562.9440000000001,
                    293.976
                ],
                [
                    567.936,
                    290.952
                ],
                [
                    576,
                    289.008
                ],
                [
                    580.992,
                    285.012
                ],
                [
                    595.008,
                    278.964
                ],
                [
                    603.072,
                    277.02
                ],
                [
                    610.944,
                    272.052
                ],
                [
                    638.016,
                    270
                ],
                [
                    667.0079999999999,
                    270
                ],
                [
                    708.096,
                    272.052
                ],
                [
                    733.0559999999999,
                    278.964
                ],
                [
                    739.9680000000001,
                    281.988
                ],
                [
                    748.992,
                    285.984
                ],
                [
                    768.96,
                    294.94800000000004
                ],
                [
                    801.024,
                    319.032
                ],
                [
                    816.96,
                    335.988
                ],
                [
                    838.08,
                    363.96000000000004
                ],
                [
                    859.008,
                    412.02
                ],
                [
                    864.96,
                    447.984
                ],
                [
                    864.96,
                    474.98400000000004
                ],
                [
                    857.0880000000001,
                    516.024
                ],
                [
                    850.944,
                    532.98
                ],
                [
                    833.088,
                    567.972
                ],
                [
                    815.04,
                    590.976
                ],
                [
                    791.04,
                    613.008
                ],
                [
                    753.984,
                    633.9599999999999
                ],
                [
                    724.992,
                    644.976
                ],
                [
                    700.992,
                    650.052
                ]
            ]
        },
        {
            "ID": "2",
            "CLASS": "플라스틱",
            "DETAILS": "PP",
            "DAMAGE": "찌그러짐",
            "DIRTINESS": "이물질(외부)",
            "COVER": "없음",
            "TRANSPARENCY": "투명",
            "SHAPE": "사각용기형",
            "SHAPE_TYPE": "POLYGON",
            "POINTS": [
                [
                    715.008,
                    273.996
                ],
                [
                    702.9119999999999,
                    270.97200000000004
                ],
                [
                    682.9440000000001,
                    270
                ],
                [
                    627.072,
                    270
                ],
                [
                    611.904,
                    273.024
                ],
                [
                    589.056,
                    273.024
                ],
                [
                    576,
                    269.02799999999996
                ],
                [
                    531.072,
                    269.02799999999996
                ],
                [
                    467.904,
                    263.952
                ],
                [
                    430.08,
                    263.952
                ],
                [
                    409.92,
                    259.956
                ],
                [
                    379.008,
                    258.98400000000004
                ],
                [
                    340.992,
                    250.992
                ],
                [
                    306.048,
                    247.968
                ],
                [
                    258.048,
                    246.024
                ],
                [
                    148.99200000000002,
                    246.99599999999998
                ],
                [
                    124.03200000000001,
                    238.032
                ],
                [
                    110.976,
                    235.00799999999998
                ],
                [
                    86.016,
                    232.95600000000002
                ],
                [
                    72.96,
                    227.016
                ],
                [
                    56.064,
                    223.992
                ],
                [
                    51.071999999999996,
                    216.972
                ],
                [
                    46.08,
                    216
                ],
                [
                    39.936,
                    216
                ],
                [
                    34.944,
                    218.052
                ],
                [
                    18.048000000000002,
                    218.052
                ],
                [
                    13.056,
                    219.99599999999998
                ],
                [
                    0,
                    220.96800000000002
                ],
                [
                    0,
                    0
                ],
                [
                    761.088,
                    0
                ],
                [
                    755.904,
                    41.04
                ],
                [
                    750.912,
                    56.052
                ],
                [
                    748.032,
                    104.976
                ],
                [
                    743.04,
                    127.97999999999999
                ],
                [
                    748.032,
                    181.98000000000002
                ],
                [
                    753.024,
                    192.024
                ],
                [
                    755.904,
                    246.99599999999998
                ],
                [
                    753.024,
                    255.95999999999998
                ],
                [
                    738.048,
                    263.952
                ],
                [
                    735.9359999999999,
                    270
                ],
                [
                    725.952,
                    273.996
                ],
                [
                    715.008,
                    273.996
                ]
            ]
        }
    ]
}