{
    "IMAGE_INFO": {
        "FILE_NAME": "1000560@0_04002_220906_P1_T3__1379.jpg",
        "DATE": "2022-10-21 15:24:40",
        "RESOLUTION": "1920 x 1080",
        "IMAGE_PHOTOGRAPHER": "이지은",
        "FOCUS_DISTANCE": "5.6",
        "EXPOSURE_TIME": "1/400",
        "SENSITIVITY_ISO": "12800",
        "PLACE": "삼오자원",
        "REGION_NAME": null,
        "Direction": "0",
        "HEIGHT": "100",
        "DAY/NIGHT": "주간",
        "WEATHER": "맑음",
        "IMAGE_HEIGHT": 1080,
        "IMAGE_WIDTH": 1920,
        "IMAGE_SIZE": "607.2 KB"
    },
    "ANNOTATION_INFO": [
        {
            "ID": "1",
            "CLASS": "플라스틱",
            "DETAILS": "PP",
            "DAMAGE": "찌그러짐",
            "DIRTINESS": "오염없음",
            "COVER": "겹침",
            "TRANSPARENCY": "불투명",
            "SHAPE": "사각용기형",
            "SHAPE_TYPE": "POLYGON",
            "POINTS": [
                [
                    310.08,
                    1080
                ],
                [
                    301.056,
                    1063.0439999999999
                ],
                [
                    292.992,
                    1056.996
                ],
                [
                    288,
                    1046.952
                ],
                [
                    260.928,
                    1021.032
                ],
                [
                    252.096,
                    1006.992
                ],
                [
                    244.03199999999998,
                    1002.024
                ],
                [
                    230.01600000000002,
                    983.016
                ],
                [
                    226.944,
                    979.02
                ],
                [
                    221.952,
                    974.052
                ],
                [
                    205.056,
                    955.044
                ],
                [
                    197.952,
                    945.972
                ],
                [
                    188.928,
                    937.008
                ],
                [
                    185.088,
                    929.9879999999999
                ],
                [
                    173.952,
                    913.032
                ],
                [
                    177.984,
                    872.964
                ],
                [
                    188.928,
                    871.992
                ],
                [
                    216.96,
                    872.964
                ],
                [
                    235.968,
                    864.972
                ],
                [
                    243.07199999999997,
                    859.032
                ],
                [
                    249.02400000000003,
                    852.0120000000001
                ],
                [
                    255.936,
                    841.968
                ],
                [
                    259.008,
                    833.004
                ],
                [
                    263.04,
                    821.9879999999999
                ],
                [
                    264.96000000000004,
                    809.028
                ],
                [
                    281.088,
                    791.9639999999999
                ],
                [
                    315.072,
                    783
                ],
                [
                    354.048,
                    770.04
                ],
                [
                    384,
                    763.02
                ],
                [
                    408,
                    755.028
                ],
                [
                    425.088,
                    752.004
                ],
                [
                    441.984,
                    752.004
                ],
                [
                    503.04,
                    743.04
                ],
                [
                    560.0640000000001,
                    743.04
                ],
                [
                    589.056,
                    744.012
                ],
                [
                    594.048,
                    747.036
                ],
                [
                    595.9680000000001,
                    791.9639999999999
                ],
                [
                    604.0319999999999,
                    817.02
                ],
                [
                    599.04,
                    937.008
                ],
                [
                    599.04,
                    1037.016
                ],
                [
                    608.064,
                    1049.9759999999999
                ],
                [
                    620.928,
                    1053
                ],
                [
                    654.912,
                    1049.0040000000001
                ],
                [
                    684.096,
                    1049.0040000000001
                ],
                [
                    710.976,
                    1052.028
                ],
                [
                    725.952,
                    1052.028
                ],
                [
                    806.016,
                    1045.008
                ],
                [
                    825.984,
                    1040.04
                ],
                [
                    854.976,
                    1037.016
                ],
                [
                    936,
                    1037.988
                ],
                [
                    942.9119999999999,
                    1038.96
                ],
                [
                    950.976,
                    1045.008
                ],
                [
                    950.976,
                    1049.0040000000001
                ],
                [
                    955.9680000000001,
                    1052.028
                ],
                [
                    960,
                    1063.0439999999999
                ],
                [
                    964.9920000000001,
                    1065.96
                ],
                [
                    973.056,
                    1080
                ]
            ]
        },
        {
            "ID": "2",
            "CLASS": "플라스틱",
            "DETAILS": "PP",
            "DAMAGE": "원형",
            "DIRTINESS": "오염없음",
            "COVER": "없음",
            "TRANSPARENCY": "불투명",
            "SHAPE": "사각용기형",
            "SHAPE_TYPE": "POLYGON",
            "POINTS": [
                [
                    613.0559999999999,
                    1053
                ],
                [
                    606.912,
                    1050.9479999999999
                ],
                [
                    600.96,
                    1041.984
                ],
                [
                    598.08,
                    1011.96
                ],
                [
                    600.96,
                    902.0160000000001
                ],
                [
                    598.08,
                    790.0200000000001
                ],
                [
                    589.056,
                    756
                ],
                [
                    580.0319999999999,
                    650.052
                ],
                [
                    580.0319999999999,
                    597.996
                ],
                [
                    585.984,
                    551.016
                ],
                [
                    585.984,
                    417.96000000000004
                ],
                [
                    580.0319999999999,
                    386.964
                ],
                [
                    580.0319999999999,
                    255.95999999999998
                ],
                [
                    574.0799999999999,
                    186.948
                ],
                [
                    565.056,
                    143.964
                ],
                [
                    561.984,
                    3.996
                ],
                [
                    565.056,
                    0
                ],
                [
                    1344,
                    0
                ],
                [
                    1349.952,
                    42.984
                ],
                [
                    1349.952,
                    76.03200000000001
                ],
                [
                    1358.9759999999999,
                    126.036
                ],
                [
                    1358.9759999999999,
                    153.036
                ],
                [
                    1371.072,
                    196.01999999999998
                ],
                [
                    1380.096,
                    212.004
                ],
                [
                    1395.0720000000001,
                    285.984
                ],
                [
                    1403.904,
                    309.96
                ],
                [
                    1416,
                    439.02
                ],
                [
                    1416,
                    488.052
                ],
                [
                    1425.024,
                    569.052
                ],
                [
                    1434.048,
                    618.9480000000001
                ],
                [
                    1436.9279999999999,
                    679.9680000000001
                ],
                [
                    1440,
                    699.948
                ],
                [
                    1449.0240000000001,
                    724.032
                ],
                [
                    1449.0240000000001,
                    741.96
                ],
                [
                    1454.976,
                    759.996
                ],
                [
                    1454.976,
                    812.052
                ],
                [
                    1458.048,
                    834.948
                ],
                [
                    1464,
                    867.996
                ],
                [
                    1467.0720000000001,
                    878.04
                ],
                [
                    1473.024,
                    886.032
                ],
                [
                    1478.9759999999999,
                    914.004
                ],
                [
                    1478.9759999999999,
                    949.9680000000001
                ],
                [
                    1476.096,
                    968.004
                ],
                [
                    1460.928,
                    980.9639999999999
                ],
                [
                    1436.9279999999999,
                    990.036
                ],
                [
                    1401.0240000000001,
                    991.98
                ],
                [
                    1380.096,
                    999
                ],
                [
                    1364.9279999999999,
                    1001.0519999999999
                ],
                [
                    1338.048,
                    1001.0519999999999
                ],
                [
                    1314.048,
                    1006.02
                ],
                [
                    1283.904,
                    1006.02
                ],
                [
                    1266.048,
                    1007.964
                ],
                [
                    1246.08,
                    1011.96
                ],
                [
                    1237.056,
                    1017.036
                ],
                [
                    1215.936,
                    1022.004
                ],
                [
                    1167.936,
                    1022.004
                ],
                [
                    1152.96,
                    1026
                ],
                [
                    1134.9119999999998,
                    1026
                ],
                [
                    1123.008,
                    1028.052
                ],
                [
                    1113.9840000000002,
                    1033.02
                ],
                [
                    1102.08,
                    1034.964
                ],
                [
                    1069.056,
                    1037.016
                ],
                [
                    849.9839999999999,
                    1037.016
                ],
                [
                    814.0799999999999,
                    1044.036
                ],
                [
                    792.9599999999999,
                    1044.036
                ],
                [
                    763.0079999999999,
                    1050.9479999999999
                ],
                [
                    654.912,
                    1048.0320000000002
                ],
                [
                    630.912,
                    1053
                ]
            ]
        },
        {
            "ID": "3",
            "CLASS": "플라스틱",
            "DETAILS": "PP",
            "DAMAGE": "원형",
            "DIRTINESS": "오염없음",
            "COVER": "없음",
            "TRANSPARENCY": "불투명",
            "SHAPE": "사각용기형",
            "SHAPE_TYPE": "POLYGON",
            "POINTS": [
                [
                    9.024000000000001,
                    1080
                ],
                [
                    24,
                    1014.012
                ],
                [
                    28.032,
                    1003.968
                ],
                [
                    28.992,
                    994.032
                ],
                [
                    39.936,
                    953.9639999999999
                ],
                [
                    48,
                    933.0120000000001
                ],
                [
                    49.919999999999995,
                    918
                ],
                [
                    53.952,
                    910.008
                ],
                [
                    58.944,
                    887.976
                ],
                [
                    67.968,
                    861.948
                ],
                [
                    80.06400000000001,
                    797.04
                ],
                [
                    92.928,
                    756
                ],
                [
                    95.04,
                    739.044
                ],
                [
                    97.91999999999999,
                    733.968
                ],
                [
                    99.072,
                    722.952
                ],
                [
                    113.08800000000001,
                    664.956
                ],
                [
                    114.048,
                    652.9680000000001
                ],
                [
                    118.08,
                    644.004
                ],
                [
                    120,
                    624.024
                ],
                [
                    128.064,
                    591.948
                ],
                [
                    133.056,
                    559.0079999999999
                ],
                [
                    134.976,
                    520.02
                ],
                [
                    139.96800000000002,
                    485.028
                ],
                [
                    144,
                    473.04
                ],
                [
                    152.06400000000002,
                    466.992
                ],
                [
                    154.944,
                    466.992
                ],
                [
                    162.048,
                    477.036
                ],
                [
                    169.92,
                    502.956
                ],
                [
                    172.992,
                    505.00800000000004
                ],
                [
                    178.94400000000002,
                    505.98
                ],
                [
                    190.08,
                    515.052
                ],
                [
                    209.088,
                    523.044
                ],
                [
                    219.07199999999997,
                    524.9879999999999
                ],
                [
                    227.904,
                    529.956
                ],
                [
                    238.07999999999998,
                    531.0360000000001
                ],
                [
                    252.096,
                    536.004
                ],
                [
                    258.048,
                    539.028
                ],
                [
                    262.08000000000004,
                    543.024
                ],
                [
                    272.06399999999996,
                    555.984
                ],
                [
                    278.016,
                    569.052
                ],
                [
                    278.016,
                    586.98
                ],
                [
                    288.96,
                    604.044
                ],
                [
                    297.98400000000004,
                    612.036
                ],
                [
                    301.056,
                    618.9480000000001
                ],
                [
                    301.056,
                    659.9879999999999
                ],
                [
                    293.952,
                    682.02
                ],
                [
                    291.072,
                    709.992
                ],
                [
                    278.976,
                    760.968
                ],
                [
                    278.016,
                    791.9639999999999
                ],
                [
                    277.05600000000004,
                    795.96
                ],
                [
                    268.992,
                    803.952
                ],
                [
                    264,
                    812.052
                ],
                [
                    262.08000000000004,
                    825.0120000000001
                ],
                [
                    252.096,
                    847.044
                ],
                [
                    240.96,
                    860.004
                ],
                [
                    231.936,
                    867.024
                ],
                [
                    217.92000000000002,
                    871.992
                ],
                [
                    192,
                    871.992
                ],
                [
                    172.992,
                    867.996
                ],
                [
                    126.912,
                    867.024
                ],
                [
                    123.072,
                    871.992
                ],
                [
                    123.072,
                    884.952
                ],
                [
                    128.064,
                    893.052
                ],
                [
                    134.976,
                    894.996
                ],
                [
                    142.07999999999998,
                    898.02
                ],
                [
                    147.072,
                    899.964
                ],
                [
                    149.952,
                    902.0160000000001
                ],
                [
                    158.976,
                    903.9599999999999
                ],
                [
                    163.008,
                    905.04
                ],
                [
                    172.032,
                    910.98
                ],
                [
                    182.016,
                    925.9920000000001
                ],
                [
                    185.088,
                    934.956
                ],
                [
                    187.008,
                    934.956
                ],
                [
                    200.064,
                    948.9960000000001
                ],
                [
                    206.01600000000002,
                    960.984
                ],
                [
                    207.93599999999998,
                    972.972
                ],
                [
                    206.976,
                    983.988
                ],
                [
                    214.08,
                    1001.0519999999999
                ],
                [
                    238.07999999999998,
                    1028.052
                ],
                [
                    248.06400000000002,
                    1037.016
                ],
                [
                    253.056,
                    1046.952
                ],
                [
                    252.096,
                    1053.972
                ],
                [
                    249.02400000000003,
                    1060.02
                ],
                [
                    250.94400000000002,
                    1080
                ]
            ]
        }
    ]
}