{
    "IMAGE_INFO": {
        "FILE_NAME": "1000557@0_04002_220906_P1_T3__1417.jpg",
        "DATE": "2022-10-21 15:24:46",
        "RESOLUTION": "1920 x 1080",
        "IMAGE_PHOTOGRAPHER": "이지은",
        "FOCUS_DISTANCE": "5.6",
        "EXPOSURE_TIME": "1/400",
        "SENSITIVITY_ISO": "12800",
        "PLACE": "삼오자원",
        "REGION_NAME": null,
        "Direction": "0",
        "HEIGHT": "100",
        "DAY/NIGHT": "주간",
        "WEATHER": "맑음",
        "IMAGE_HEIGHT": 1080,
        "IMAGE_WIDTH": 1920,
        "IMAGE_SIZE": "547.4 KB"
    },
    "ANNOTATION_INFO": [
        {
            "ID": "1",
            "CLASS": "플라스틱",
            "DETAILS": "PP",
            "DAMAGE": "찌그러짐",
            "DIRTINESS": "이물질(전체)",
            "COVER": "없음",
            "TRANSPARENCY": "투명",
            "SHAPE": "기타 형태",
            "SHAPE_TYPE": "POLYGON",
            "POINTS": [
                [
                    1281.0240000000001,
                    1080
                ],
                [
                    1273.92,
                    1072.98
                ],
                [
                    1254.9119999999998,
                    1067.04
                ],
                [
                    1249.92,
                    1064.0159999999998
                ],
                [
                    1239.9360000000001,
                    1049.0040000000001
                ],
                [
                    1222.08,
                    1033.992
                ],
                [
                    1200.9599999999998,
                    1006.992
                ],
                [
                    1190.016,
                    998.028
                ],
                [
                    1180.0320000000002,
                    984.96
                ],
                [
                    1180.0320000000002,
                    980.9639999999999
                ],
                [
                    1161.984,
                    963.0360000000001
                ],
                [
                    1151.04,
                    945.972
                ],
                [
                    1104,
                    893.052
                ],
                [
                    1095.936,
                    887.976
                ],
                [
                    1090.944,
                    879.012
                ],
                [
                    1073.088,
                    861.948
                ],
                [
                    1062.912,
                    847.044
                ],
                [
                    1055.04,
                    841.968
                ],
                [
                    1036.032,
                    821.9879999999999
                ],
                [
                    1022.9760000000001,
                    805.0319999999999
                ],
                [
                    1012.992,
                    783
                ],
                [
                    1012.992,
                    760.968
                ],
                [
                    1022.9760000000001,
                    747.036
                ],
                [
                    1043.904,
                    725.004
                ],
                [
                    1060.0320000000002,
                    712.044
                ],
                [
                    1073.088,
                    694.9799999999999
                ],
                [
                    1094.0159999999998,
                    677.052
                ],
                [
                    1095.936,
                    671.976
                ],
                [
                    1112.064,
                    659.016
                ],
                [
                    1128,
                    639.0360000000001
                ],
                [
                    1136.064,
                    632.9879999999999
                ],
                [
                    1169.088,
                    593.028
                ],
                [
                    1195.0079999999998,
                    574.992
                ],
                [
                    1234.944,
                    552.96
                ],
                [
                    1273.92,
                    524.9879999999999
                ],
                [
                    1305.024,
                    489.996
                ],
                [
                    1339.008,
                    446.03999999999996
                ],
                [
                    1369.92,
                    409.968
                ],
                [
                    1382.976,
                    398.952
                ],
                [
                    1393.92,
                    394.956
                ],
                [
                    1403.904,
                    393.012
                ],
                [
                    1414.0800000000002,
                    394.956
                ],
                [
                    1443.0720000000001,
                    405.97200000000004
                ],
                [
                    1450.944,
                    412.02
                ],
                [
                    1459.008,
                    420.984
                ],
                [
                    1492.992,
                    443.016
                ],
                [
                    1511.04,
                    456.948
                ],
                [
                    1516.032,
                    465.048
                ],
                [
                    1526.0159999999998,
                    471.96
                ],
                [
                    1531.968,
                    482.976
                ],
                [
                    1539.072,
                    489.024
                ],
                [
                    1541.952,
                    497.988
                ],
                [
                    1546.944,
                    505.00800000000004
                ],
                [
                    1558.08,
                    506.952
                ],
                [
                    1570.944,
                    512.028
                ],
                [
                    1604.9279999999999,
                    537.948
                ],
                [
                    1612.032,
                    540
                ],
                [
                    1631.04,
                    554.04
                ],
                [
                    1646.0159999999998,
                    569.052
                ],
                [
                    1649.088,
                    574.992
                ],
                [
                    1670.016,
                    593.028
                ],
                [
                    1675.0079999999998,
                    597.024
                ],
                [
                    1680,
                    597.996
                ],
                [
                    1713.9840000000002,
                    628.02
                ],
                [
                    1742.976,
                    648
                ],
                [
                    1752.96,
                    659.016
                ],
                [
                    1769.088,
                    670.0319999999999
                ],
                [
                    1786.944,
                    687.96
                ],
                [
                    1808.0639999999999,
                    702.972
                ],
                [
                    1867.968,
                    753.9480000000001
                ],
                [
                    1886.0159999999998,
                    767.0160000000001
                ],
                [
                    1894.0800000000002,
                    768.9599999999999
                ],
                [
                    1899.072,
                    775.98
                ],
                [
                    1904.064,
                    779.976
                ],
                [
                    1920,
                    789.048
                ],
                [
                    1920,
                    1056.996
                ],
                [
                    1910.016,
                    1064.988
                ],
                [
                    1889.088,
                    1080
                ]
            ]
        }
    ]
}