{
    "IMAGE_INFO": {
        "FILE_NAME": "1000745@0_04002_220906_P1_T3__0281.jpg",
        "DATE": "2022-10-21 15:27:54",
        "RESOLUTION": "1920 x 1080",
        "IMAGE_PHOTOGRAPHER": "이지은",
        "FOCUS_DISTANCE": "5.6",
        "EXPOSURE_TIME": "1/400",
        "SENSITIVITY_ISO": "12800",
        "PLACE": "삼오자원",
        "REGION_NAME": null,
        "Direction": "0",
        "HEIGHT": "100",
        "DAY/NIGHT": "주간",
        "WEATHER": "맑음",
        "IMAGE_HEIGHT": 1080,
        "IMAGE_WIDTH": 1920,
        "IMAGE_SIZE": "596.2 KB"
    },
    "ANNOTATION_INFO": [
        {
            "ID": "1",
            "CLASS": "플라스틱",
            "DETAILS": "PP",
            "DAMAGE": "찌그러짐",
            "DIRTINESS": "이물질(외부)",
            "COVER": "없음",
            "TRANSPARENCY": "불투명",
            "SHAPE": "사각용기형",
            "SHAPE_TYPE": "POLYGON",
            "POINTS": [
                [
                    1150.08,
                    1080
                ],
                [
                    1137.024,
                    1068.984
                ],
                [
                    1132.992,
                    1068.984
                ],
                [
                    1131.072,
                    1065.96
                ],
                [
                    1132.992,
                    1056.996
                ],
                [
                    1131.072,
                    1050.9479999999999
                ],
                [
                    1127.04,
                    1045.98
                ],
                [
                    1121.088,
                    1044.036
                ],
                [
                    1114.944,
                    1037.988
                ],
                [
                    1113.9840000000002,
                    1032.048
                ],
                [
                    1117.056,
                    1028.052
                ],
                [
                    1117.056,
                    1021.032
                ],
                [
                    1118.9759999999999,
                    1019.952
                ],
                [
                    1117.056,
                    1002.024
                ],
                [
                    1118.9759999999999,
                    988.9559999999999
                ],
                [
                    1124.9279999999999,
                    978.048
                ],
                [
                    1127.04,
                    960.984
                ],
                [
                    1132.992,
                    947.052
                ],
                [
                    1134.9119999999998,
                    928.044
                ],
                [
                    1142.976,
                    911.952
                ],
                [
                    1143.936,
                    898.9920000000001
                ],
                [
                    1147.968,
                    894.024
                ],
                [
                    1150.08,
                    880.956
                ],
                [
                    1156.032,
                    870.048
                ],
                [
                    1157.952,
                    856.0079999999999
                ],
                [
                    1167.936,
                    833.976
                ],
                [
                    1170.048,
                    821.9879999999999
                ],
                [
                    1174.0800000000002,
                    817.02
                ],
                [
                    1175.04,
                    806.0039999999999
                ],
                [
                    1180.992,
                    795.96
                ],
                [
                    1182.912,
                    779.004
                ],
                [
                    1186.944,
                    772.956
                ],
                [
                    1190.9759999999999,
                    749.952
                ],
                [
                    1195.0079999999998,
                    744.9839999999999
                ],
                [
                    1196.9279999999999,
                    736.992
                ],
                [
                    1199.0400000000002,
                    709.992
                ],
                [
                    1205.952,
                    699.948
                ],
                [
                    1208.0639999999999,
                    686.9879999999999
                ],
                [
                    1211.904,
                    685.044
                ],
                [
                    1222.08,
                    682.992
                ],
                [
                    1225.9199999999998,
                    686.016
                ],
                [
                    1248.96,
                    686.9879999999999
                ],
                [
                    1270.08,
                    691.956
                ],
                [
                    1283.904,
                    691.956
                ],
                [
                    1305.024,
                    698.004
                ],
                [
                    1321.92,
                    698.976
                ],
                [
                    1334.0159999999998,
                    702.972
                ],
                [
                    1342.08,
                    702.972
                ],
                [
                    1374.9119999999998,
                    709.02
                ],
                [
                    1380.096,
                    712.044
                ],
                [
                    1400.0639999999999,
                    713.988
                ],
                [
                    1406.0159999999998,
                    717.0120000000001
                ],
                [
                    1435.0079999999998,
                    721.98
                ],
                [
                    1468.992,
                    731.0519999999999
                ],
                [
                    1516.032,
                    736.02
                ],
                [
                    1553.088,
                    736.02
                ],
                [
                    1571.904,
                    737.964
                ],
                [
                    1579.9679999999998,
                    740.0160000000001
                ],
                [
                    1588.992,
                    744.9839999999999
                ],
                [
                    1594.944,
                    751.032
                ],
                [
                    1597.056,
                    783
                ],
                [
                    1590.912,
                    794.016
                ],
                [
                    1590.912,
                    810
                ],
                [
                    1594.944,
                    829.9799999999999
                ],
                [
                    1594.944,
                    849.96
                ],
                [
                    1593.024,
                    856.0079999999999
                ],
                [
                    1587.0720000000001,
                    860.976
                ],
                [
                    1585.9199999999998,
                    875.0160000000001
                ],
                [
                    1579.9679999999998,
                    887.004
                ],
                [
                    1579.9679999999998,
                    902.0160000000001
                ],
                [
                    1571.904,
                    930.96
                ],
                [
                    1561.92,
                    951.048
                ],
                [
                    1555.0079999999998,
                    972
                ],
                [
                    1539.072,
                    991.98
                ],
                [
                    1516.032,
                    1032.048
                ],
                [
                    1497.024,
                    1056.0240000000001
                ],
                [
                    1481.088,
                    1060.992
                ],
                [
                    1470.912,
                    1061.964
                ],
                [
                    1468.032,
                    1064.988
                ],
                [
                    1455.936,
                    1067.04
                ],
                [
                    1448.0639999999999,
                    1071.036
                ],
                [
                    1436.9279999999999,
                    1080
                ],
                [
                    1150.08,
                    1080
                ]
            ]
        },
        {
            "ID": "2",
            "CLASS": "플라스틱",
            "DETAILS": "PP",
            "DAMAGE": "찌그러짐",
            "DIRTINESS": "이물질(외부)",
            "COVER": "없음",
            "TRANSPARENCY": "투명",
            "SHAPE": "사각용기형",
            "SHAPE_TYPE": "POLYGON",
            "POINTS": [
                [
                    78.91199999999999,
                    1080
                ],
                [
                    67.968,
                    1068.012
                ],
                [
                    49.919999999999995,
                    1057.968
                ],
                [
                    35.904,
                    1046.952
                ],
                [
                    28.992,
                    1045.98
                ],
                [
                    24.959999999999997,
                    1041.012
                ],
                [
                    22.08,
                    1033.992
                ],
                [
                    22.08,
                    1018.008
                ],
                [
                    27.072,
                    1011.96
                ],
                [
                    27.072,
                    1006.992
                ],
                [
                    9.024000000000001,
                    984.96
                ],
                [
                    10.944,
                    979.992
                ],
                [
                    22.08,
                    969.948
                ],
                [
                    53.952,
                    951.048
                ],
                [
                    94.08,
                    929.016
                ],
                [
                    104.064,
                    926.9639999999999
                ],
                [
                    115.00800000000001,
                    918.972
                ],
                [
                    121.92,
                    911.952
                ],
                [
                    124.03200000000001,
                    906.012
                ],
                [
                    144,
                    888.9480000000001
                ],
                [
                    153.024,
                    878.04
                ],
                [
                    172.992,
                    861.948
                ],
                [
                    209.088,
                    821.016
                ],
                [
                    226.944,
                    805.0319999999999
                ],
                [
                    265.92,
                    760.968
                ],
                [
                    283.968,
                    744.9839999999999
                ],
                [
                    294.912,
                    729.972
                ],
                [
                    320.06399999999996,
                    706.968
                ],
                [
                    324.096,
                    698.976
                ],
                [
                    332.928,
                    689.04
                ],
                [
                    341.952,
                    683.9639999999999
                ],
                [
                    349.056,
                    677.052
                ],
                [
                    349.056,
                    674.028
                ],
                [
                    358.08,
                    667.98
                ],
                [
                    358.08,
                    666.0360000000001
                ],
                [
                    366.912,
                    662.04
                ],
                [
                    374.016,
                    662.04
                ],
                [
                    393.984,
                    671.976
                ],
                [
                    404.928,
                    681.048
                ],
                [
                    413.952,
                    691.956
                ],
                [
                    421.056,
                    705.996
                ],
                [
                    446.016,
                    733.968
                ],
                [
                    464.064,
                    767.0160000000001
                ],
                [
                    476.928,
                    775.98
                ],
                [
                    493.0559999999999,
                    797.04
                ],
                [
                    510.91200000000003,
                    810.972
                ],
                [
                    536.064,
                    839.052
                ],
                [
                    547.0079999999999,
                    856.0079999999999
                ],
                [
                    557.952,
                    867.996
                ],
                [
                    582.9119999999999,
                    907.956
                ],
                [
                    595.9680000000001,
                    917.028
                ],
                [
                    603.072,
                    925.0200000000001
                ],
                [
                    611.904,
                    944.028
                ],
                [
                    620.928,
                    955.044
                ],
                [
                    633.984,
                    968.976
                ],
                [
                    662.016,
                    988.9559999999999
                ],
                [
                    691.008,
                    1014.9839999999999
                ],
                [
                    695.04,
                    1022.004
                ],
                [
                    697.92,
                    1052.028
                ],
                [
                    691.008,
                    1061.964
                ],
                [
                    672.9599999999999,
                    1080
                ],
                [
                    78.91199999999999,
                    1080
                ]
            ]
        },
        {
            "ID": "4",
            "CLASS": "플라스틱",
            "DETAILS": "PP",
            "DAMAGE": "원형",
            "DIRTINESS": "오염없음",
            "COVER": "겹침",
            "TRANSPARENCY": "불투명",
            "SHAPE": "기타 형태",
            "SHAPE_TYPE": "POLYGON",
            "POINTS": [
                [
                    1718.016,
                    1080
                ],
                [
                    1718.016,
                    1067.04
                ],
                [
                    1716.096,
                    1063.0439999999999
                ],
                [
                    1714.944,
                    1049.9759999999999
                ],
                [
                    1713.9840000000002,
                    1045.008
                ],
                [
                    1710.912,
                    1040.04
                ],
                [
                    1709.952,
                    1036.044
                ],
                [
                    1708.032,
                    1018.98
                ],
                [
                    1707.0720000000001,
                    1014.012
                ],
                [
                    1704.96,
                    1010.988
                ],
                [
                    1704,
                    1007.964
                ],
                [
                    1703.04,
                    1002.996
                ],
                [
                    1703.04,
                    998.028
                ],
                [
                    1704,
                    984.96
                ],
                [
                    1705.9199999999998,
                    978.048
                ],
                [
                    1705.9199999999998,
                    972
                ],
                [
                    1704,
                    965.952
                ],
                [
                    1703.04,
                    953.9639999999999
                ],
                [
                    1702.08,
                    933.984
                ],
                [
                    1702.08,
                    921.996
                ],
                [
                    1703.04,
                    918
                ],
                [
                    1704,
                    917.028
                ],
                [
                    1707.0720000000001,
                    914.976
                ],
                [
                    1708.992,
                    914.004
                ],
                [
                    1709.952,
                    913.032
                ],
                [
                    1713.9840000000002,
                    913.032
                ],
                [
                    1723.008,
                    910.98
                ],
                [
                    1729.92,
                    910.98
                ],
                [
                    1742.016,
                    910.008
                ],
                [
                    1746.048,
                    910.008
                ],
                [
                    1756.992,
                    911.952
                ],
                [
                    1762.944,
                    911.952
                ],
                [
                    1767.936,
                    914.004
                ],
                [
                    1781.952,
                    914.976
                ],
                [
                    1790.016,
                    918.972
                ],
                [
                    1793.088,
                    920.052
                ],
                [
                    1795.0079999999998,
                    921.996
                ],
                [
                    1798.08,
                    922.9680000000001
                ],
                [
                    1801.92,
                    925.0200000000001
                ],
                [
                    1803.0720000000001,
                    928.044
                ],
                [
                    1809.984,
                    933.0120000000001
                ],
                [
                    1818.048,
                    941.0039999999999
                ],
                [
                    1819.008,
                    941.0039999999999
                ],
                [
                    1823.04,
                    944.028
                ],
                [
                    1832.064,
                    956.9879999999999
                ],
                [
                    1833.024,
                    959.04
                ],
                [
                    1833.024,
                    961.956
                ],
                [
                    1834.944,
                    964.0079999999999
                ],
                [
                    1838.9759999999999,
                    972.972
                ],
                [
                    1843.008,
                    984.96
                ],
                [
                    1843.968,
                    988.9559999999999
                ],
                [
                    1843.968,
                    991.98
                ],
                [
                    1847.04,
                    998.028
                ],
                [
                    1848,
                    1002.996
                ],
                [
                    1848.96,
                    1013.04
                ],
                [
                    1848.96,
                    1029.024
                ],
                [
                    1847.04,
                    1041.984
                ],
                [
                    1843.968,
                    1052.028
                ],
                [
                    1841.088,
                    1056.996
                ],
                [
                    1839.9360000000001,
                    1061.964
                ],
                [
                    1830.912,
                    1080
                ],
                [
                    1718.016,
                    1080
                ]
            ]
        }
    ]
}