{
    "IMAGE_INFO": {
        "FILE_NAME": "1000706@0_04002_220906_P1_T3__0258.jpg",
        "DATE": "2022-10-21 15:27:52",
        "RESOLUTION": "1920 x 1080",
        "IMAGE_PHOTOGRAPHER": "이지은",
        "FOCUS_DISTANCE": "5.6",
        "EXPOSURE_TIME": "1/400",
        "SENSITIVITY_ISO": "12800",
        "PLACE": "삼오자원",
        "REGION_NAME": null,
        "Direction": "0",
        "HEIGHT": "100",
        "DAY/NIGHT": "주간",
        "WEATHER": "맑음",
        "IMAGE_HEIGHT": 1080,
        "IMAGE_WIDTH": 1920,
        "IMAGE_SIZE": "636.9 KB"
    },
    "ANNOTATION_INFO": [
        {
            "ID": "1",
            "CLASS": "플라스틱",
            "DETAILS": "PP",
            "DAMAGE": "원형",
            "DIRTINESS": "이물질(외부)",
            "COVER": "겹침",
            "TRANSPARENCY": "불투명",
            "SHAPE": "사각용기형",
            "SHAPE_TYPE": "POLYGON",
            "POINTS": [
                [
                    1132.032,
                    779.976
                ],
                [
                    1025.0880000000002,
                    775.98
                ],
                [
                    984.96,
                    771.012
                ],
                [
                    955.008,
                    771.012
                ],
                [
                    891.072,
                    762.048
                ],
                [
                    878.016,
                    755.028
                ],
                [
                    874.944,
                    749.952
                ],
                [
                    867.072,
                    745.956
                ],
                [
                    857.0880000000001,
                    735.048
                ],
                [
                    850.944,
                    721.98
                ],
                [
                    845.952,
                    683.9639999999999
                ],
                [
                    845.952,
                    609.012
                ],
                [
                    843.072,
                    570.024
                ],
                [
                    840.96,
                    546.048
                ],
                [
                    835.008,
                    525.96
                ],
                [
                    835.008,
                    509.004
                ],
                [
                    838.08,
                    501.012
                ],
                [
                    854.016,
                    478.008
                ],
                [
                    867.072,
                    451.00800000000004
                ],
                [
                    881.088,
                    436.968
                ],
                [
                    910.0799999999999,
                    429.94800000000004
                ],
                [
                    922.9440000000001,
                    429.94800000000004
                ],
                [
                    958.08,
                    424.98
                ],
                [
                    969.0240000000001,
                    424.98
                ],
                [
                    974.016,
                    446.03999999999996
                ],
                [
                    984.96,
                    462.99600000000004
                ],
                [
                    993.024,
                    470.01599999999996
                ],
                [
                    994.944,
                    479.952
                ],
                [
                    1001.088,
                    483.948
                ],
                [
                    1006.08,
                    497.988
                ],
                [
                    1013.952,
                    505.98
                ],
                [
                    1013.952,
                    510.94800000000004
                ],
                [
                    1032.96,
                    528.0120000000001
                ],
                [
                    1121.088,
                    536.004
                ],
                [
                    1126.08,
                    539.028
                ],
                [
                    1163.904,
                    543.024
                ],
                [
                    1176.96,
                    547.02
                ],
                [
                    1204.032,
                    550.044
                ],
                [
                    1217.088,
                    555.984
                ],
                [
                    1229.952,
                    554.04
                ],
                [
                    1252.032,
                    540
                ],
                [
                    1272.96,
                    521.964
                ],
                [
                    1277.952,
                    512.028
                ],
                [
                    1294.0800000000002,
                    501.984
                ],
                [
                    1296.96,
                    497.016
                ],
                [
                    1294.0800000000002,
                    405.97200000000004
                ],
                [
                    1296.96,
                    401.976
                ],
                [
                    1313.088,
                    401.004
                ],
                [
                    1329.0240000000001,
                    397.008
                ],
                [
                    1356.096,
                    393.98400000000004
                ],
                [
                    1361.088,
                    389.016
                ],
                [
                    1373.952,
                    388.044
                ],
                [
                    1396.032,
                    381.99600000000004
                ],
                [
                    1464.96,
                    381.024
                ],
                [
                    1478.9759999999999,
                    378
                ],
                [
                    1529.088,
                    378
                ],
                [
                    1540.0320000000002,
                    384.048
                ],
                [
                    1536.96,
                    394.956
                ],
                [
                    1545.024,
                    404.02799999999996
                ],
                [
                    1548.096,
                    424.98
                ],
                [
                    1555.968,
                    439.02
                ],
                [
                    1559.0400000000002,
                    466.02
                ],
                [
                    1566.912,
                    473.04
                ],
                [
                    1571.904,
                    483.948
                ],
                [
                    1569.0240000000001,
                    505.98
                ],
                [
                    1577.088,
                    523.044
                ],
                [
                    1577.088,
                    540
                ],
                [
                    1583.04,
                    548.9639999999999
                ],
                [
                    1588.032,
                    567.972
                ],
                [
                    1588.032,
                    583.9559999999999
                ],
                [
                    1593.024,
                    594.972
                ],
                [
                    1593.024,
                    610.956
                ],
                [
                    1601.088,
                    625.968
                ],
                [
                    1603.968,
                    643.032
                ],
                [
                    1608.96,
                    650.052
                ],
                [
                    1608.96,
                    659.016
                ],
                [
                    1617.024,
                    670.0319999999999
                ],
                [
                    1622.976,
                    690.0120000000001
                ],
                [
                    1631.04,
                    702
                ],
                [
                    1631.04,
                    718.9559999999999
                ],
                [
                    1627.968,
                    724.032
                ],
                [
                    1617.024,
                    731.0519999999999
                ],
                [
                    1596.096,
                    741.96
                ],
                [
                    1579.9679999999998,
                    747.036
                ],
                [
                    1569.0240000000001,
                    747.036
                ],
                [
                    1531.968,
                    755.028
                ],
                [
                    1502.976,
                    759.024
                ],
                [
                    1481.088,
                    759.996
                ],
                [
                    1459.9679999999998,
                    763.9920000000001
                ],
                [
                    1406.0159999999998,
                    767.0160000000001
                ],
                [
                    1390.08,
                    772.956
                ],
                [
                    1366.08,
                    775.98
                ],
                [
                    1219.9679999999998,
                    779.976
                ]
            ]
        },
        {
            "ID": "2",
            "CLASS": "플라스틱",
            "DETAILS": "PP",
            "DAMAGE": "원형",
            "DIRTINESS": "이물질(전체)",
            "COVER": "없음",
            "TRANSPARENCY": "불투명",
            "SHAPE": "기타 형태",
            "SHAPE_TYPE": "POLYGON",
            "POINTS": [
                [
                    1699.008,
                    1069.9560000000001
                ],
                [
                    1689.0240000000001,
                    1067.04
                ],
                [
                    1676.9279999999999,
                    1056.0240000000001
                ],
                [
                    1666.944,
                    1041.984
                ],
                [
                    1657.92,
                    1033.02
                ],
                [
                    1641.0240000000001,
                    1005.048
                ],
                [
                    1620.096,
                    975.024
                ],
                [
                    1573.056,
                    914.004
                ],
                [
                    1545.9840000000002,
                    879.012
                ],
                [
                    1536.96,
                    866.0519999999999
                ],
                [
                    1531.968,
                    860.004
                ],
                [
                    1518.912,
                    840.996
                ],
                [
                    1510.08,
                    839.052
                ],
                [
                    1507.008,
                    837
                ],
                [
                    1503.936,
                    833.976
                ],
                [
                    1502.016,
                    824.04
                ],
                [
                    1502.976,
                    806.0039999999999
                ],
                [
                    1507.008,
                    802.008
                ],
                [
                    1507.968,
                    797.04
                ],
                [
                    1512,
                    793.044
                ],
                [
                    1516.032,
                    785.052
                ],
                [
                    1523.904,
                    775.98
                ],
                [
                    1527.936,
                    775.008
                ],
                [
                    1534.0800000000002,
                    771.012
                ],
                [
                    1546.944,
                    756.972
                ],
                [
                    1555.0079999999998,
                    752.004
                ],
                [
                    1560,
                    751.032
                ],
                [
                    1564.9920000000002,
                    747.036
                ],
                [
                    1573.056,
                    745.956
                ],
                [
                    1579.008,
                    743.04
                ],
                [
                    1594.944,
                    740.0160000000001
                ],
                [
                    1612.032,
                    732.024
                ],
                [
                    1614.9119999999998,
                    728.028
                ],
                [
                    1661.952,
                    705.996
                ],
                [
                    1679.0400000000002,
                    701.028
                ],
                [
                    1691.904,
                    699.948
                ],
                [
                    1705.9199999999998,
                    699.948
                ],
                [
                    1719.9360000000001,
                    702
                ],
                [
                    1724.9279999999999,
                    706.968
                ],
                [
                    1728,
                    717.0120000000001
                ],
                [
                    1724.9279999999999,
                    725.004
                ],
                [
                    1724.9279999999999,
                    731.0519999999999
                ],
                [
                    1728.96,
                    744.9839999999999
                ],
                [
                    1734.9119999999998,
                    760.968
                ],
                [
                    1750.08,
                    789.048
                ],
                [
                    1751.04,
                    794.9879999999999
                ],
                [
                    1756.032,
                    810
                ],
                [
                    1761.0240000000001,
                    822.96
                ],
                [
                    1766.0159999999998,
                    834.948
                ],
                [
                    1777.92,
                    864
                ],
                [
                    1781.952,
                    872.964
                ],
                [
                    1791.9360000000001,
                    899.964
                ],
                [
                    1796.9279999999999,
                    913.032
                ],
                [
                    1808.0639999999999,
                    937.98
                ],
                [
                    1813.056,
                    953.9639999999999
                ],
                [
                    1825.9199999999998,
                    992.952
                ],
                [
                    1825.9199999999998,
                    1005.048
                ],
                [
                    1823.04,
                    1011.96
                ],
                [
                    1811.904,
                    1026.972
                ],
                [
                    1795.0079999999998,
                    1040.04
                ],
                [
                    1763.904,
                    1056.996
                ],
                [
                    1750.08,
                    1061.964
                ],
                [
                    1742.976,
                    1063.0439999999999
                ],
                [
                    1737.024,
                    1067.04
                ],
                [
                    1732.032,
                    1067.04
                ],
                [
                    1718.9759999999999,
                    1069.9560000000001
                ]
            ]
        },
        {
            "ID": "3",
            "CLASS": "플라스틱",
            "DETAILS": "PP",
            "DAMAGE": "찌그러짐",
            "DIRTINESS": "오염없음",
            "COVER": "없음",
            "TRANSPARENCY": "불투명",
            "SHAPE": "사각용기형",
            "SHAPE_TYPE": "POLYGON",
            "POINTS": [
                [
                    1076.9279999999999,
                    401.976
                ],
                [
                    1065.024,
                    400.032
                ],
                [
                    1056,
                    396.036
                ],
                [
                    1041.0240000000001,
                    396.036
                ],
                [
                    1028.928,
                    393.012
                ],
                [
                    1011.0719999999999,
                    378
                ],
                [
                    999.936,
                    355.968
                ],
                [
                    998.976,
                    296.028
                ],
                [
                    992.0640000000001,
                    242.028
                ],
                [
                    993.024,
                    159.948
                ],
                [
                    989.9519999999999,
                    147.96
                ],
                [
                    989.9519999999999,
                    119.988
                ],
                [
                    982.0799999999999,
                    108
                ],
                [
                    998.0160000000001,
                    81.972
                ],
                [
                    1006.08,
                    76.03200000000001
                ],
                [
                    1022.9760000000001,
                    69.984
                ],
                [
                    1046.976,
                    65.988
                ],
                [
                    1083.0720000000001,
                    51.94799999999999
                ],
                [
                    1107.0720000000001,
                    46.007999999999996
                ],
                [
                    1156.032,
                    45.036
                ],
                [
                    1185.9840000000002,
                    39.96
                ],
                [
                    1233.9840000000002,
                    39.96
                ],
                [
                    1329.0240000000001,
                    46.007999999999996
                ],
                [
                    1345.9199999999998,
                    50.976
                ],
                [
                    1377.024,
                    54
                ],
                [
                    1387.968,
                    57.024
                ],
                [
                    1410.048,
                    57.995999999999995
                ],
                [
                    1419.072,
                    61.992
                ],
                [
                    1444.032,
                    64.044
                ],
                [
                    1459.9679999999998,
                    72.036
                ],
                [
                    1468.032,
                    81
                ],
                [
                    1478.016,
                    97.956
                ],
                [
                    1483.968,
                    116.964
                ],
                [
                    1502.016,
                    239.976
                ],
                [
                    1497.024,
                    288.036
                ],
                [
                    1492.032,
                    308.988
                ],
                [
                    1493.952,
                    351
                ],
                [
                    1492.032,
                    355.968
                ],
                [
                    1488,
                    362.988
                ],
                [
                    1473.024,
                    374.976
                ],
                [
                    1454.976,
                    381.024
                ],
                [
                    1397.952,
                    381.024
                ],
                [
                    1380.096,
                    384.048
                ],
                [
                    1373.952,
                    386.964
                ],
                [
                    1340.928,
                    392.03999999999996
                ],
                [
                    1253.952,
                    393.012
                ],
                [
                    1249.92,
                    396.036
                ],
                [
                    1244.9279999999999,
                    397.98
                ],
                [
                    1204.032,
                    397.98
                ],
                [
                    1155.0720000000001,
                    401.976
                ]
            ]
        },
        {
            "ID": "4",
            "CLASS": "플라스틱",
            "DETAILS": "PP",
            "DAMAGE": "찌그러짐",
            "DIRTINESS": "오염없음",
            "COVER": "겹침",
            "TRANSPARENCY": "투명",
            "SHAPE": "기타 형태",
            "SHAPE_TYPE": "POLYGON",
            "POINTS": [
                [
                    1219.9679999999998,
                    559.9799999999999
                ],
                [
                    1206.912,
                    556.956
                ],
                [
                    1190.016,
                    554.04
                ],
                [
                    1184.064,
                    552.96
                ],
                [
                    1150.08,
                    548.9639999999999
                ],
                [
                    1136.064,
                    547.02
                ],
                [
                    1107.0720000000001,
                    542.052
                ],
                [
                    1099.008,
                    542.052
                ],
                [
                    1041.0240000000001,
                    536.004
                ],
                [
                    1037.952,
                    531.0360000000001
                ],
                [
                    1022.016,
                    519.048
                ],
                [
                    1013.952,
                    508.032
                ],
                [
                    996.0960000000001,
                    474.012
                ],
                [
                    974.9760000000001,
                    442.044
                ],
                [
                    973.056,
                    435.996
                ],
                [
                    975.9359999999999,
                    428.00399999999996
                ],
                [
                    980.928,
                    415.044
                ],
                [
                    983.9999999999999,
                    412.02
                ],
                [
                    988.992,
                    408.996
                ],
                [
                    997.0559999999999,
                    405.97200000000004
                ],
                [
                    1009.9200000000001,
                    397.98
                ],
                [
                    1014.9119999999999,
                    396.036
                ],
                [
                    1022.9760000000001,
                    393.012
                ],
                [
                    1028.928,
                    393.012
                ],
                [
                    1041.984,
                    396.036
                ],
                [
                    1047.936,
                    396.036
                ],
                [
                    1056,
                    397.008
                ],
                [
                    1060.0320000000002,
                    397.98
                ],
                [
                    1070.016,
                    401.004
                ],
                [
                    1081.92,
                    402.948
                ],
                [
                    1097.088,
                    402.948
                ],
                [
                    1118.9759999999999,
                    402.948
                ],
                [
                    1136.064,
                    401.976
                ],
                [
                    1157.952,
                    401.976
                ],
                [
                    1185.024,
                    398.952
                ],
                [
                    1210.944,
                    398.952
                ],
                [
                    1227.0720000000001,
                    397.98
                ],
                [
                    1238.016,
                    398.952
                ],
                [
                    1244.9279999999999,
                    397.98
                ],
                [
                    1254.9119999999998,
                    393.012
                ],
                [
                    1273.92,
                    393.012
                ],
                [
                    1286.0159999999998,
                    396.036
                ],
                [
                    1291.968,
                    398.952
                ],
                [
                    1295.04,
                    402.948
                ],
                [
                    1300.992,
                    451.97999999999996
                ],
                [
                    1297.92,
                    500.04
                ],
                [
                    1291.968,
                    506.952
                ],
                [
                    1286.976,
                    509.976
                ],
                [
                    1281.984,
                    509.976
                ],
                [
                    1278.912,
                    515.052
                ],
                [
                    1276.992,
                    517.9680000000001
                ],
                [
                    1275.0720000000001,
                    521.964
                ],
                [
                    1271.04,
                    524.0160000000001
                ],
                [
                    1268.928,
                    528.0120000000001
                ],
                [
                    1261.056,
                    532.0079999999999
                ],
                [
                    1243.968,
                    546.048
                ],
                [
                    1225.9199999999998,
                    559.9799999999999
                ]
            ]
        },
        {
            "ID": "5",
            "CLASS": "플라스틱",
            "DETAILS": "PP",
            "DAMAGE": "원형",
            "DIRTINESS": "이물질(내부)",
            "COVER": "없음",
            "TRANSPARENCY": "투명",
            "SHAPE": "사각용기형",
            "SHAPE_TYPE": "POLYGON",
            "POINTS": [
                [
                    633.024,
                    741.96
                ],
                [
                    619.008,
                    736.02
                ],
                [
                    610.944,
                    729
                ],
                [
                    601.92,
                    726.948
                ],
                [
                    528,
                    677.052
                ],
                [
                    517.0559999999999,
                    672.948
                ],
                [
                    505.92,
                    666.0360000000001
                ],
                [
                    454.08,
                    629.964
                ],
                [
                    432,
                    618.9480000000001
                ],
                [
                    409.92,
                    602.964
                ],
                [
                    388.032,
                    591.948
                ],
                [
                    363.072,
                    575.9639999999999
                ],
                [
                    346.944,
                    562.0319999999999
                ],
                [
                    297.024,
                    531.0360000000001
                ],
                [
                    288.96,
                    528.984
                ],
                [
                    272.06399999999996,
                    517.9680000000001
                ],
                [
                    241.92000000000002,
                    494.964
                ],
                [
                    227.904,
                    478.98
                ],
                [
                    220.03199999999998,
                    463.96799999999996
                ],
                [
                    216.96,
                    451.97999999999996
                ],
                [
                    216.96,
                    434.05199999999996
                ],
                [
                    209.088,
                    416.01599999999996
                ],
                [
                    216.96,
                    397.98
                ],
                [
                    249.984,
                    355.968
                ],
                [
                    253.056,
                    346.03200000000004
                ],
                [
                    274.94399999999996,
                    315.036
                ],
                [
                    286.08,
                    304.02
                ],
                [
                    293.952,
                    292.032
                ],
                [
                    293.952,
                    288.036
                ],
                [
                    313.92,
                    262.98
                ],
                [
                    318.912,
                    245.052
                ],
                [
                    326.976,
                    234.036
                ],
                [
                    326.976,
                    227.016
                ],
                [
                    340.992,
                    201.96
                ],
                [
                    384.96000000000004,
                    147.96
                ],
                [
                    486.912,
                    2.052
                ],
                [
                    772.9920000000001,
                    0
                ],
                [
                    792,
                    11.016
                ],
                [
                    802.9440000000001,
                    19.98
                ],
                [
                    864,
                    54
                ],
                [
                    888,
                    72.036
                ],
                [
                    926.976,
                    93.96
                ],
                [
                    984.96,
                    137.05200000000002
                ],
                [
                    987.072,
                    245.052
                ],
                [
                    984.96,
                    251.964
                ],
                [
                    949.056,
                    304.02
                ],
                [
                    931.968,
                    335.01599999999996
                ],
                [
                    931.968,
                    342.036
                ],
                [
                    916.032,
                    369.036
                ],
                [
                    910.0799999999999,
                    386.964
                ],
                [
                    898.944,
                    407.052
                ],
                [
                    873.984,
                    443.016
                ],
                [
                    844.0319999999999,
                    497.016
                ],
                [
                    806.016,
                    543.9960000000001
                ],
                [
                    777.984,
                    594
                ],
                [
                    758.976,
                    621
                ],
                [
                    744.96,
                    650.052
                ],
                [
                    739.9680000000001,
                    655.0200000000001
                ],
                [
                    737.0880000000001,
                    666.0360000000001
                ],
                [
                    725.952,
                    679.9680000000001
                ],
                [
                    725.952,
                    686.016
                ],
                [
                    710.0160000000001,
                    705.996
                ],
                [
                    706.9440000000001,
                    716.0400000000001
                ],
                [
                    696,
                    726.948
                ],
                [
                    692.928,
                    726.948
                ],
                [
                    685.056,
                    733.968
                ],
                [
                    676.9920000000001,
                    736.02
                ],
                [
                    667.968,
                    736.02
                ],
                [
                    652.032,
                    741.96
                ]
            ]
        }
    ]
}