{
    "IMAGE_INFO": {
        "FILE_NAME": "1000562@0_04002_220906_P1_T3__1420.jpg",
        "DATE": "2022-10-21 15:24:46",
        "RESOLUTION": "1920 x 1080",
        "IMAGE_PHOTOGRAPHER": "이지은",
        "FOCUS_DISTANCE": "5.6",
        "EXPOSURE_TIME": "1/400",
        "SENSITIVITY_ISO": "12800",
        "PLACE": "삼오자원",
        "REGION_NAME": null,
        "Direction": "0",
        "HEIGHT": "100",
        "DAY/NIGHT": "주간",
        "WEATHER": "맑음",
        "IMAGE_HEIGHT": 1080,
        "IMAGE_WIDTH": 1920,
        "IMAGE_SIZE": "572.0 KB"
    },
    "ANNOTATION_INFO": [
        {
            "ID": "1",
            "CLASS": "플라스틱",
            "DETAILS": "PP",
            "DAMAGE": "찌그러짐",
            "DIRTINESS": "이물질(전체)",
            "COVER": "없음",
            "TRANSPARENCY": "투명",
            "SHAPE": "사각용기형",
            "SHAPE_TYPE": "POLYGON",
            "POINTS": [
                [
                    1573.056,
                    893.052
                ],
                [
                    1555.0079999999998,
                    891
                ],
                [
                    1542.912,
                    886.032
                ],
                [
                    1507.968,
                    861.948
                ],
                [
                    1459.9679999999998,
                    834.948
                ],
                [
                    1454.0159999999998,
                    828.0360000000001
                ],
                [
                    1373.952,
                    771.984
                ],
                [
                    1350.912,
                    752.004
                ],
                [
                    1329.984,
                    729
                ],
                [
                    1305.9840000000002,
                    709.02
                ],
                [
                    1271.04,
                    690.984
                ],
                [
                    1265.0880000000002,
                    690.984
                ],
                [
                    1249.92,
                    682.02
                ],
                [
                    1247.04,
                    682.02
                ],
                [
                    1241.088,
                    677.052
                ],
                [
                    1241.088,
                    672.948
                ],
                [
                    1228.992,
                    659.016
                ],
                [
                    1199.0400000000002,
                    632.0160000000001
                ],
                [
                    1176,
                    602.964
                ],
                [
                    1152,
                    579.96
                ],
                [
                    1122.048,
                    543.9960000000001
                ],
                [
                    1051.008,
                    470.01599999999996
                ],
                [
                    1030.08,
                    451.97999999999996
                ],
                [
                    1021.056,
                    440.964
                ],
                [
                    1007.04,
                    416.01599999999996
                ],
                [
                    1007.04,
                    385.02
                ],
                [
                    1009.9200000000001,
                    378
                ],
                [
                    1017.984,
                    366.984
                ],
                [
                    1047.936,
                    338.04
                ],
                [
                    1084.032,
                    292.032
                ],
                [
                    1099.008,
                    278.964
                ],
                [
                    1137.024,
                    227.016
                ],
                [
                    1146.048,
                    219.99599999999998
                ],
                [
                    1148.928,
                    213.948
                ],
                [
                    1170.048,
                    196.01999999999998
                ],
                [
                    1228.992,
                    169.02
                ],
                [
                    1267.968,
                    142.02
                ],
                [
                    1350.912,
                    45.036
                ],
                [
                    1377.024,
                    24.948
                ],
                [
                    1386.048,
                    22.032
                ],
                [
                    1392,
                    22.032
                ],
                [
                    1395.0720000000001,
                    24.948
                ],
                [
                    1403.904,
                    24.948
                ],
                [
                    1410.048,
                    27
                ],
                [
                    1421.952,
                    34.02
                ],
                [
                    1465.9199999999998,
                    69.984
                ],
                [
                    1478.016,
                    73.98
                ],
                [
                    1507.968,
                    100.98
                ],
                [
                    1507.968,
                    108
                ],
                [
                    1513.92,
                    111.996
                ],
                [
                    1513.92,
                    115.02
                ],
                [
                    1536.96,
                    126.036
                ],
                [
                    1545.9840000000002,
                    126.036
                ],
                [
                    1569.984,
                    147.96
                ],
                [
                    1579.008,
                    164.05200000000002
                ],
                [
                    1584.96,
                    169.02
                ],
                [
                    1597.056,
                    169.02
                ],
                [
                    1603.008,
                    170.964
                ],
                [
                    1628.928,
                    196.01999999999998
                ],
                [
                    1643.904,
                    207.036
                ],
                [
                    1652.9279999999999,
                    208.98000000000002
                ],
                [
                    1659.072,
                    216
                ],
                [
                    1665.024,
                    216
                ],
                [
                    1708.992,
                    245.052
                ],
                [
                    1786.944,
                    304.02
                ],
                [
                    1833.9840000000002,
                    335.01599999999996
                ],
                [
                    1852.032,
                    351
                ],
                [
                    1881.0240000000001,
                    366.984
                ],
                [
                    1908.096,
                    386.964
                ],
                [
                    1920,
                    389.016
                ],
                [
                    1920,
                    633.9599999999999
                ],
                [
                    1899.072,
                    640.98
                ],
                [
                    1819.008,
                    699.948
                ],
                [
                    1762.944,
                    752.004
                ],
                [
                    1656,
                    841.968
                ],
                [
                    1603.008,
                    882.036
                ],
                [
                    1590.912,
                    888.9480000000001
                ],
                [
                    1584.96,
                    891
                ],
                [
                    1575.936,
                    891
                ],
                [
                    1573.056,
                    893.052
                ]
            ]
        },
        {
            "ID": "2",
            "CLASS": "플라스틱",
            "DETAILS": "PP",
            "DAMAGE": "찌그러짐",
            "DIRTINESS": "오염없음",
            "COVER": "없음",
            "TRANSPARENCY": "투명",
            "SHAPE": "원형용기형",
            "SHAPE_TYPE": "POLYGON",
            "POINTS": [
                [
                    1477.056,
                    1080
                ],
                [
                    1463.04,
                    1061.964
                ],
                [
                    1462.08,
                    1056.0240000000001
                ],
                [
                    1459.9679999999998,
                    1053
                ],
                [
                    1458.048,
                    1045.98
                ],
                [
                    1458.048,
                    1041.012
                ],
                [
                    1451.904,
                    1033.02
                ],
                [
                    1446.912,
                    1014.012
                ],
                [
                    1443.0720000000001,
                    1005.048
                ],
                [
                    1440.9599999999998,
                    996.948
                ],
                [
                    1440.9599999999998,
                    991.98
                ],
                [
                    1438.08,
                    990.036
                ],
                [
                    1426.944,
                    986.0400000000001
                ],
                [
                    1410.048,
                    964.0079999999999
                ],
                [
                    1395.0720000000001,
                    964.0079999999999
                ],
                [
                    1386.048,
                    955.044
                ],
                [
                    1382.976,
                    952.992
                ],
                [
                    1376.064,
                    945
                ],
                [
                    1373.952,
                    944.028
                ],
                [
                    1373.952,
                    941.976
                ],
                [
                    1382.016,
                    933.984
                ],
                [
                    1390.08,
                    929.016
                ],
                [
                    1398.912,
                    925.9920000000001
                ],
                [
                    1428.096,
                    910.98
                ],
                [
                    1434.048,
                    909.0360000000001
                ],
                [
                    1440,
                    905.04
                ],
                [
                    1443.0720000000001,
                    903.9599999999999
                ],
                [
                    1445.952,
                    902.0160000000001
                ],
                [
                    1459.008,
                    897.048
                ],
                [
                    1464,
                    894.024
                ],
                [
                    1473.024,
                    891
                ],
                [
                    1481.088,
                    891.972
                ],
                [
                    1497.984,
                    890.028
                ],
                [
                    1542.912,
                    890.028
                ],
                [
                    1556.9279999999999,
                    893.052
                ],
                [
                    1564.032,
                    893.052
                ],
                [
                    1568.0639999999999,
                    894.996
                ],
                [
                    1566.912,
                    898.9920000000001
                ],
                [
                    1564.9920000000002,
                    901.0440000000001
                ],
                [
                    1555.0079999999998,
                    906.984
                ],
                [
                    1550.9759999999999,
                    907.956
                ],
                [
                    1546.944,
                    910.008
                ],
                [
                    1542.912,
                    913.032
                ],
                [
                    1541.952,
                    914.976
                ],
                [
                    1549.056,
                    930.96
                ],
                [
                    1553.088,
                    947.052
                ],
                [
                    1558.08,
                    960.984
                ],
                [
                    1565.952,
                    974.052
                ],
                [
                    1565.952,
                    976.968
                ],
                [
                    1574.0159999999998,
                    991.0079999999999
                ],
                [
                    1582.08,
                    1009.044
                ],
                [
                    1583.04,
                    1013.04
                ],
                [
                    1583.04,
                    1045.98
                ],
                [
                    1580.928,
                    1052.028
                ],
                [
                    1574.976,
                    1057.968
                ],
                [
                    1561.92,
                    1065.96
                ],
                [
                    1556.9279999999999,
                    1068.012
                ],
                [
                    1550.016,
                    1072.008
                ],
                [
                    1539.072,
                    1080
                ],
                [
                    1477.056,
                    1080
                ]
            ]
        }
    ]
}