{
    "IMAGE_INFO": {
        "FILE_NAME": "1000490@0_04002_220906_P1_T3__1381.jpg",
        "DATE": "2022-10-21 15:24:40",
        "RESOLUTION": "1920 x 1080",
        "IMAGE_PHOTOGRAPHER": "이지은",
        "FOCUS_DISTANCE": "5.6",
        "EXPOSURE_TIME": "1/400",
        "SENSITIVITY_ISO": "12800",
        "PLACE": "삼오자원",
        "REGION_NAME": null,
        "Direction": "0",
        "HEIGHT": "100",
        "DAY/NIGHT": "주간",
        "WEATHER": "맑음",
        "IMAGE_HEIGHT": 1080,
        "IMAGE_WIDTH": 1920,
        "IMAGE_SIZE": "577.0 KB"
    },
    "ANNOTATION_INFO": [
        {
            "ID": "1",
            "CLASS": "플라스틱",
            "DETAILS": "PP",
            "DAMAGE": "찌그러짐",
            "DIRTINESS": "오염없음",
            "COVER": "없음",
            "TRANSPARENCY": "불투명",
            "SHAPE": "사각용기형",
            "SHAPE_TYPE": "POLYGON",
            "POINTS": [
                [
                    691.968,
                    762.048
                ],
                [
                    671.04,
                    756.972
                ],
                [
                    609.9839999999999,
                    759.024
                ],
                [
                    600.96,
                    755.028
                ],
                [
                    598.08,
                    749.952
                ],
                [
                    591.936,
                    725.976
                ],
                [
                    591.936,
                    502.956
                ],
                [
                    589.056,
                    439.99199999999996
                ],
                [
                    582.9119999999999,
                    389.016
                ],
                [
                    576,
                    380.05199999999996
                ],
                [
                    572.928,
                    362.016
                ],
                [
                    572.928,
                    327.99600000000004
                ],
                [
                    580.0319999999999,
                    309.96
                ],
                [
                    585.984,
                    192.996
                ],
                [
                    585.984,
                    164.05200000000002
                ],
                [
                    580.0319999999999,
                    103.032
                ],
                [
                    580.0319999999999,
                    39.96
                ],
                [
                    585.984,
                    27
                ],
                [
                    576,
                    0
                ],
                [
                    1383.936,
                    0
                ],
                [
                    1383.936,
                    8.964
                ],
                [
                    1387.968,
                    11.016
                ],
                [
                    1391.04,
                    29.052
                ],
                [
                    1396.992,
                    105.94800000000001
                ],
                [
                    1409.088,
                    135
                ],
                [
                    1411.968,
                    197.964
                ],
                [
                    1409.088,
                    211.03199999999998
                ],
                [
                    1417.92,
                    278.964
                ],
                [
                    1420.992,
                    363.96000000000004
                ],
                [
                    1433.088,
                    421.956
                ],
                [
                    1433.088,
                    443.016
                ],
                [
                    1444.9920000000002,
                    489.996
                ],
                [
                    1450.944,
                    577.044
                ],
                [
                    1459.9679999999998,
                    601.992
                ],
                [
                    1463.04,
                    628.9920000000001
                ],
                [
                    1469.952,
                    637.956
                ],
                [
                    1469.952,
                    670.0319999999999
                ],
                [
                    1463.04,
                    681.048
                ],
                [
                    1454.0159999999998,
                    687.96
                ],
                [
                    1409.088,
                    691.956
                ],
                [
                    1368.96,
                    698.976
                ],
                [
                    1333.056,
                    708.048
                ],
                [
                    1315.0079999999998,
                    709.992
                ],
                [
                    1272,
                    709.992
                ],
                [
                    1259.904,
                    712.044
                ],
                [
                    1236.096,
                    718.9559999999999
                ],
                [
                    1223.04,
                    728.028
                ],
                [
                    1160.0639999999999,
                    725.976
                ],
                [
                    1147.968,
                    728.028
                ],
                [
                    1137.984,
                    732.024
                ],
                [
                    1117.056,
                    735.048
                ],
                [
                    1086.912,
                    744.012
                ],
                [
                    1032,
                    748.008
                ],
                [
                    1019.904,
                    752.976
                ],
                [
                    993.024,
                    749.952
                ],
                [
                    940.992,
                    749.952
                ],
                [
                    937.92,
                    752.976
                ],
                [
                    916.9920000000001,
                    752.976
                ],
                [
                    905.088,
                    748.008
                ],
                [
                    829.056,
                    748.008
                ],
                [
                    816,
                    752.976
                ],
                [
                    801.024,
                    755.028
                ],
                [
                    749.952,
                    756.972
                ],
                [
                    728.064,
                    762.048
                ],
                [
                    691.968,
                    762.048
                ]
            ]
        },
        {
            "ID": "2",
            "CLASS": "플라스틱",
            "DETAILS": "PP",
            "DAMAGE": "찌그러짐",
            "DIRTINESS": "오염없음",
            "COVER": "없음",
            "TRANSPARENCY": "불투명",
            "SHAPE": "사각용기형",
            "SHAPE_TYPE": "POLYGON",
            "POINTS": [
                [
                    0,
                    945.972
                ],
                [
                    0,
                    790.0200000000001
                ],
                [
                    9.984,
                    758.052
                ],
                [
                    28.992,
                    675.972
                ],
                [
                    44.928000000000004,
                    631.0440000000001
                ],
                [
                    57.024,
                    578.016
                ],
                [
                    70.08,
                    539.028
                ],
                [
                    75.072,
                    529.956
                ],
                [
                    85.056,
                    493.99199999999996
                ],
                [
                    104.064,
                    408.024
                ],
                [
                    105.024,
                    393.012
                ],
                [
                    115.968,
                    354.996
                ],
                [
                    120.96000000000001,
                    317.952
                ],
                [
                    125.95200000000001,
                    304.99199999999996
                ],
                [
                    132.096,
                    274.968
                ],
                [
                    139.96800000000002,
                    227.988
                ],
                [
                    139.96800000000002,
                    192.024
                ],
                [
                    144.96,
                    178.956
                ],
                [
                    145.92,
                    168.04799999999997
                ],
                [
                    150.912,
                    165.996
                ],
                [
                    153.98399999999998,
                    162
                ],
                [
                    158.016,
                    162
                ],
                [
                    161.088,
                    169.99200000000002
                ],
                [
                    161.088,
                    186.948
                ],
                [
                    163.96800000000002,
                    196.01999999999998
                ],
                [
                    180.096,
                    207.036
                ],
                [
                    187.008,
                    208.98000000000002
                ],
                [
                    198.912,
                    216.972
                ],
                [
                    202.94400000000002,
                    216.972
                ],
                [
                    211.00799999999998,
                    223.992
                ],
                [
                    224.064,
                    227.988
                ],
                [
                    233.088,
                    235.00799999999998
                ],
                [
                    238.07999999999998,
                    235.00799999999998
                ],
                [
                    259.008,
                    245.052
                ],
                [
                    265.92,
                    254.016
                ],
                [
                    273.024,
                    274.968
                ],
                [
                    278.016,
                    281.988
                ],
                [
                    278.016,
                    289.98
                ],
                [
                    274.94399999999996,
                    297
                ],
                [
                    297.024,
                    339.98400000000004
                ],
                [
                    297.024,
                    381.99600000000004
                ],
                [
                    283.968,
                    456.948
                ],
                [
                    274.94399999999996,
                    486.97200000000004
                ],
                [
                    274.94399999999996,
                    509.004
                ],
                [
                    246.91199999999998,
                    551.9879999999999
                ],
                [
                    243.07199999999997,
                    555.984
                ],
                [
                    235.00799999999998,
                    555.984
                ],
                [
                    219.07199999999997,
                    574.992
                ],
                [
                    206.01600000000002,
                    578.016
                ],
                [
                    186.048,
                    573.048
                ],
                [
                    176.06400000000002,
                    573.048
                ],
                [
                    139.008,
                    574.992
                ],
                [
                    123.072,
                    579.96
                ],
                [
                    123.072,
                    594.972
                ],
                [
                    137.08800000000002,
                    605.0160000000001
                ],
                [
                    144.96,
                    608.04
                ],
                [
                    152.06400000000002,
                    613.98
                ],
                [
                    161.088,
                    616.032
                ],
                [
                    169.92,
                    623.052
                ],
                [
                    177.984,
                    624.996
                ],
                [
                    188.928,
                    631.0440000000001
                ],
                [
                    195.072,
                    635.04
                ],
                [
                    200.064,
                    644.004
                ],
                [
                    202.94400000000002,
                    659.016
                ],
                [
                    202.94400000000002,
                    686.9879999999999
                ],
                [
                    196.992,
                    709.992
                ],
                [
                    198.912,
                    722.952
                ],
                [
                    211.00799999999998,
                    743.04
                ],
                [
                    240.96,
                    776.952
                ],
                [
                    243.07199999999997,
                    809.028
                ],
                [
                    227.904,
                    849.96
                ],
                [
                    224.064,
                    878.04
                ],
                [
                    211.00799999999998,
                    897.048
                ],
                [
                    186.048,
                    906.012
                ],
                [
                    158.976,
                    910.008
                ],
                [
                    137.08800000000002,
                    910.008
                ],
                [
                    120.96000000000001,
                    911.952
                ],
                [
                    110.01599999999999,
                    922.9680000000001
                ],
                [
                    61.056000000000004,
                    922.9680000000001
                ],
                [
                    53.952,
                    918
                ],
                [
                    48,
                    918
                ],
                [
                    37.056000000000004,
                    922.9680000000001
                ],
                [
                    24.959999999999997,
                    922.9680000000001
                ],
                [
                    13.056,
                    925.0200000000001
                ],
                [
                    4.032,
                    933.0120000000001
                ],
                [
                    3.072,
                    941.976
                ],
                [
                    0,
                    945.972
                ]
            ]
        },
        {
            "ID": "3",
            "CLASS": "플라스틱",
            "DETAILS": "PP",
            "DAMAGE": "찌그러짐",
            "DIRTINESS": "오염없음",
            "COVER": "겹침",
            "TRANSPARENCY": "불투명",
            "SHAPE": "사각용기형",
            "SHAPE_TYPE": "POLYGON",
            "POINTS": [
                [
                    470.01599999999996,
                    1080
                ],
                [
                    461.952,
                    1063.0439999999999
                ],
                [
                    455.03999999999996,
                    1056.0240000000001
                ],
                [
                    444.096,
                    1029.996
                ],
                [
                    433.92,
                    1017.036
                ],
                [
                    422.01599999999996,
                    991.0079999999999
                ],
                [
                    414.912,
                    982.044
                ],
                [
                    412.992,
                    972
                ],
                [
                    401.088,
                    949.9680000000001
                ],
                [
                    374.976,
                    906.984
                ],
                [
                    369.98400000000004,
                    903.9599999999999
                ],
                [
                    340.03200000000004,
                    852.0120000000001
                ],
                [
                    288,
                    785.052
                ],
                [
                    235.968,
                    731.0519999999999
                ],
                [
                    234.048,
                    725.004
                ],
                [
                    225.984,
                    720.036
                ],
                [
                    211.968,
                    698.976
                ],
                [
                    205.056,
                    694.0079999999999
                ],
                [
                    201.024,
                    655.0200000000001
                ],
                [
                    192.96,
                    636.012
                ],
                [
                    174.912,
                    621.972
                ],
                [
                    174.912,
                    612.036
                ],
                [
                    178.94400000000002,
                    602.964
                ],
                [
                    186.048,
                    596.0519999999999
                ],
                [
                    201.024,
                    583.9559999999999
                ],
                [
                    211.968,
                    581.0400000000001
                ],
                [
                    225.984,
                    567.972
                ],
                [
                    240.96,
                    558.0360000000001
                ],
                [
                    249.984,
                    547.02
                ],
                [
                    252.096,
                    537.948
                ],
                [
                    264,
                    523.044
                ],
                [
                    355.968,
                    493.02000000000004
                ],
                [
                    378.048,
                    489.996
                ],
                [
                    384.96000000000004,
                    486
                ],
                [
                    401.088,
                    482.00399999999996
                ],
                [
                    422.01599999999996,
                    478.98
                ],
                [
                    438.912,
                    478.98
                ],
                [
                    461.952,
                    473.04
                ],
                [
                    494.97599999999994,
                    469.04400000000004
                ],
                [
                    577.92,
                    469.04400000000004
                ],
                [
                    582.9119999999999,
                    470.988
                ],
                [
                    586.9440000000001,
                    483.948
                ],
                [
                    586.9440000000001,
                    501.012
                ],
                [
                    591.936,
                    516.024
                ],
                [
                    591.936,
                    532.0079999999999
                ],
                [
                    595.008,
                    533.952
                ],
                [
                    591.936,
                    741.96
                ],
                [
                    599.04,
                    756.972
                ],
                [
                    605.952,
                    760.968
                ],
                [
                    632.064,
                    760.968
                ],
                [
                    662.976,
                    755.028
                ],
                [
                    680.0640000000001,
                    756.972
                ],
                [
                    696,
                    760.968
                ],
                [
                    730.944,
                    760.968
                ],
                [
                    781.056,
                    756.972
                ],
                [
                    833.088,
                    748.008
                ],
                [
                    882.048,
                    748.008
                ],
                [
                    911.04,
                    749.952
                ],
                [
                    920.0640000000001,
                    756.972
                ],
                [
                    925.056,
                    767.9879999999999
                ],
                [
                    940.992,
                    785.052
                ],
                [
                    1004.928,
                    884.952
                ],
                [
                    1009.9200000000001,
                    899.964
                ],
                [
                    1009.9200000000001,
                    933.0120000000001
                ],
                [
                    998.0160000000001,
                    956.016
                ],
                [
                    974.016,
                    975.996
                ],
                [
                    960,
                    995.976
                ],
                [
                    944.0640000000001,
                    1010.988
                ],
                [
                    926.976,
                    1033.992
                ],
                [
                    893.952,
                    1064.988
                ],
                [
                    884.928,
                    1071.036
                ],
                [
                    878.016,
                    1080
                ],
                [
                    470.01599999999996,
                    1080
                ]
            ]
        }
    ]
}