{
    "IMAGE_INFO": {
        "FILE_NAME": "1000571@0_04002_220906_P1_T3__1279.jpg",
        "DATE": "2022-10-21 15:24:24",
        "RESOLUTION": "1920 x 1080",
        "IMAGE_PHOTOGRAPHER": "이지은",
        "FOCUS_DISTANCE": "5.6",
        "EXPOSURE_TIME": "1/400",
        "SENSITIVITY_ISO": "12800",
        "PLACE": "삼오자원",
        "REGION_NAME": null,
        "Direction": "0",
        "HEIGHT": "100",
        "DAY/NIGHT": "주간",
        "WEATHER": "맑음",
        "IMAGE_HEIGHT": 1080,
        "IMAGE_WIDTH": 1920,
        "IMAGE_SIZE": "597.1 KB"
    },
    "ANNOTATION_INFO": [
        {
            "ID": "1",
            "CLASS": "플라스틱",
            "DETAILS": "PP",
            "DAMAGE": "원형",
            "DIRTINESS": "이물질(외부)",
            "COVER": "없음",
            "TRANSPARENCY": "불투명",
            "SHAPE": "원형용기형",
            "SHAPE_TYPE": "POLYGON",
            "POINTS": [
                [
                    1561.92,
                    262.98
                ],
                [
                    1545.024,
                    262.00800000000004
                ],
                [
                    1525.056,
                    258.98400000000004
                ],
                [
                    1521.0240000000001,
                    258.98400000000004
                ],
                [
                    1505.0880000000002,
                    254.016
                ],
                [
                    1489.92,
                    247.968
                ],
                [
                    1479.9360000000001,
                    243
                ],
                [
                    1465.9199999999998,
                    235.00799999999998
                ],
                [
                    1448.0639999999999,
                    223.01999999999998
                ],
                [
                    1441.92,
                    218.052
                ],
                [
                    1429.056,
                    205.95600000000002
                ],
                [
                    1421.952,
                    196.01999999999998
                ],
                [
                    1416,
                    191.052
                ],
                [
                    1410.048,
                    184.03199999999998
                ],
                [
                    1398.912,
                    168.04799999999997
                ],
                [
                    1385.0880000000002,
                    138.996
                ],
                [
                    1383.936,
                    132.948
                ],
                [
                    1385.0880000000002,
                    99.036
                ],
                [
                    1378.944,
                    84.02399999999999
                ],
                [
                    1377.984,
                    33.048
                ],
                [
                    1381.056,
                    27
                ],
                [
                    1381.056,
                    23.003999999999998
                ],
                [
                    1377.984,
                    20.952
                ],
                [
                    1376.064,
                    20.952
                ],
                [
                    1374.9119999999998,
                    11.988000000000001
                ],
                [
                    1377.984,
                    7.992
                ],
                [
                    1378.944,
                    0
                ],
                [
                    1747.968,
                    0
                ],
                [
                    1747.968,
                    3.996
                ],
                [
                    1751.04,
                    7.992
                ],
                [
                    1756.032,
                    20.952
                ],
                [
                    1756.032,
                    27.971999999999998
                ],
                [
                    1761.984,
                    46.98
                ],
                [
                    1763.904,
                    61.992
                ],
                [
                    1763.904,
                    81
                ],
                [
                    1761.0240000000001,
                    110.052
                ],
                [
                    1753.92,
                    123.984
                ],
                [
                    1752.96,
                    137.05200000000002
                ],
                [
                    1747.008,
                    153.036
                ],
                [
                    1743.936,
                    155.952
                ],
                [
                    1732.032,
                    180.03599999999997
                ],
                [
                    1723.008,
                    192.024
                ],
                [
                    1718.016,
                    196.01999999999998
                ],
                [
                    1718.016,
                    197.964
                ],
                [
                    1709.952,
                    207.036
                ],
                [
                    1690.944,
                    223.992
                ],
                [
                    1656,
                    243.97199999999998
                ],
                [
                    1636.032,
                    251.964
                ],
                [
                    1632.96,
                    253.044
                ],
                [
                    1630.08,
                    253.044
                ],
                [
                    1623.936,
                    255.95999999999998
                ],
                [
                    1621.056,
                    255.95999999999998
                ],
                [
                    1614.9119999999998,
                    258.98400000000004
                ],
                [
                    1606.08,
                    258.98400000000004
                ],
                [
                    1597.056,
                    262.00800000000004
                ],
                [
                    1588.992,
                    262.98
                ],
                [
                    1561.92,
                    262.98
                ]
            ]
        },
        {
            "ID": "2",
            "CLASS": "플라스틱",
            "DETAILS": "PP",
            "DAMAGE": "찌그러짐",
            "DIRTINESS": "이물질(외부)",
            "COVER": "겹침",
            "TRANSPARENCY": "불투명",
            "SHAPE": "사각용기형",
            "SHAPE_TYPE": "POLYGON",
            "POINTS": [
                [
                    1308.096,
                    220.96800000000002
                ],
                [
                    1280.0639999999999,
                    216.972
                ],
                [
                    1276.992,
                    215.028
                ],
                [
                    1217.088,
                    203.04
                ],
                [
                    1209.984,
                    200.016
                ],
                [
                    1185.9840000000002,
                    196.01999999999998
                ],
                [
                    1179.072,
                    192.996
                ],
                [
                    1166.0159999999998,
                    191.052
                ],
                [
                    1162.944,
                    189
                ],
                [
                    1153.92,
                    189
                ],
                [
                    1145.0880000000002,
                    185.976
                ],
                [
                    1131.072,
                    185.00400000000002
                ],
                [
                    1123.008,
                    181.98000000000002
                ],
                [
                    1112.064,
                    181.98000000000002
                ],
                [
                    1102.08,
                    178.956
                ],
                [
                    1049.088,
                    170.964
                ],
                [
                    1043.904,
                    169.02
                ],
                [
                    1040.0639999999999,
                    159.948
                ],
                [
                    1040.0639999999999,
                    147.96
                ],
                [
                    1036.992,
                    137.05200000000002
                ],
                [
                    1031.04,
                    130.03199999999998
                ],
                [
                    1030.08,
                    122.04
                ],
                [
                    1023.936,
                    115.02
                ],
                [
                    1022.9760000000001,
                    107.02799999999999
                ],
                [
                    1017.0239999999999,
                    100.98
                ],
                [
                    1016.064,
                    96.012
                ],
                [
                    1008.9599999999999,
                    88.02000000000001
                ],
                [
                    1003.0079999999999,
                    84.99600000000001
                ],
                [
                    1002.048,
                    81
                ],
                [
                    993.024,
                    73.008
                ],
                [
                    983.9999999999999,
                    69.012
                ],
                [
                    974.016,
                    57.024
                ],
                [
                    955.9680000000001,
                    47.952000000000005
                ],
                [
                    949.056,
                    46.98
                ],
                [
                    946.9440000000001,
                    41.04
                ],
                [
                    949.056,
                    33.048
                ],
                [
                    953.088,
                    27
                ],
                [
                    954.048,
                    3.996
                ],
                [
                    955.9680000000001,
                    3.024
                ],
                [
                    955.9680000000001,
                    0
                ],
                [
                    1377.024,
                    0
                ],
                [
                    1380.096,
                    15.984
                ],
                [
                    1377.024,
                    65.988
                ],
                [
                    1380.096,
                    87.048
                ],
                [
                    1382.016,
                    92.01599999999999
                ],
                [
                    1386.048,
                    95.03999999999999
                ],
                [
                    1387.008,
                    108
                ],
                [
                    1386.048,
                    141.048
                ],
                [
                    1383.936,
                    149.04000000000002
                ],
                [
                    1380.096,
                    154.98
                ],
                [
                    1378.944,
                    169.02
                ],
                [
                    1372.032,
                    188.028
                ],
                [
                    1361.088,
                    203.04
                ],
                [
                    1352.064,
                    211.03199999999998
                ],
                [
                    1342.08,
                    216.972
                ],
                [
                    1330.944,
                    219.99599999999998
                ],
                [
                    1325.952,
                    220.96800000000002
                ],
                [
                    1308.096,
                    220.96800000000002
                ]
            ]
        },
        {
            "ID": "3",
            "CLASS": "플라스틱",
            "DETAILS": "PP",
            "DAMAGE": "원형",
            "DIRTINESS": "이물질(외부)",
            "COVER": "없음",
            "TRANSPARENCY": "불투명",
            "SHAPE": "원형용기형",
            "SHAPE_TYPE": "POLYGON",
            "POINTS": [
                [
                    878.976,
                    343.98
                ],
                [
                    867.072,
                    343.008
                ],
                [
                    854.016,
                    339.012
                ],
                [
                    844.992,
                    339.012
                ],
                [
                    840.96,
                    336.96
                ],
                [
                    836.928,
                    336.96
                ],
                [
                    828.096,
                    331.992
                ],
                [
                    817.92,
                    327.99600000000004
                ],
                [
                    796.9920000000001,
                    315.036
                ],
                [
                    782.976,
                    300.996
                ],
                [
                    776.064,
                    292.032
                ],
                [
                    772.032,
                    289.008
                ],
                [
                    771.072,
                    285.012
                ],
                [
                    767.0400000000001,
                    281.01599999999996
                ],
                [
                    763.968,
                    273.996
                ],
                [
                    761.088,
                    273.024
                ],
                [
                    758.976,
                    263.952
                ],
                [
                    755.904,
                    262.00800000000004
                ],
                [
                    754.944,
                    254.988
                ],
                [
                    748.992,
                    246.024
                ],
                [
                    748.032,
                    235.00799999999998
                ],
                [
                    744.96,
                    230.04
                ],
                [
                    743.04,
                    215.028
                ],
                [
                    743.04,
                    185.00400000000002
                ],
                [
                    744,
                    169.02
                ],
                [
                    747.072,
                    162
                ],
                [
                    748.992,
                    138.996
                ],
                [
                    753.024,
                    131.00400000000002
                ],
                [
                    755.904,
                    118.044
                ],
                [
                    759.9359999999999,
                    108
                ],
                [
                    763.968,
                    101.952
                ],
                [
                    774.912,
                    91.044
                ],
                [
                    776.064,
                    88.02000000000001
                ],
                [
                    785.088,
                    77.976
                ],
                [
                    800.0640000000001,
                    66.96
                ],
                [
                    812.928,
                    60.047999999999995
                ],
                [
                    830.0160000000001,
                    54.972
                ],
                [
                    850.944,
                    45.036
                ],
                [
                    868.992,
                    39.96
                ],
                [
                    887.0400000000001,
                    37.044
                ],
                [
                    911.04,
                    37.044
                ],
                [
                    917.952,
                    38.016000000000005
                ],
                [
                    922.9440000000001,
                    39.96
                ],
                [
                    927.936,
                    39.96
                ],
                [
                    946.9440000000001,
                    45.036
                ],
                [
                    964.0319999999999,
                    51.94799999999999
                ],
                [
                    979.968,
                    64.044
                ],
                [
                    998.976,
                    76.03200000000001
                ],
                [
                    1012.032,
                    91.044
                ],
                [
                    1026.048,
                    114.048
                ],
                [
                    1036.032,
                    135.972
                ],
                [
                    1040.0639999999999,
                    150.984
                ],
                [
                    1041.984,
                    177.012
                ],
                [
                    1041.0240000000001,
                    209.952
                ],
                [
                    1032,
                    243
                ],
                [
                    1025.0880000000002,
                    257.03999999999996
                ],
                [
                    1012.032,
                    277.992
                ],
                [
                    1001.088,
                    289.008
                ],
                [
                    988.992,
                    297
                ],
                [
                    983.9999999999999,
                    303.048
                ],
                [
                    964.9920000000001,
                    316.97999999999996
                ],
                [
                    953.088,
                    321.948
                ],
                [
                    934.0799999999999,
                    335.01599999999996
                ],
                [
                    930.048,
                    335.988
                ],
                [
                    926.016,
                    339.012
                ],
                [
                    921.984,
                    339.012
                ],
                [
                    906.048,
                    343.008
                ],
                [
                    878.976,
                    343.98
                ]
            ]
        },
        {
            "ID": "4",
            "CLASS": "플라스틱",
            "DETAILS": "PP",
            "DAMAGE": "찌그러짐",
            "DIRTINESS": "오염없음",
            "COVER": "없음",
            "TRANSPARENCY": "불투명",
            "SHAPE": "사각용기형",
            "SHAPE_TYPE": "POLYGON",
            "POINTS": [
                [
                    1054.0800000000002,
                    871.02
                ],
                [
                    1045.056,
                    867.996
                ],
                [
                    1026.048,
                    853.9559999999999
                ],
                [
                    1016.064,
                    840.996
                ],
                [
                    1008,
                    836.028
                ],
                [
                    1001.088,
                    825.984
                ],
                [
                    984.96,
                    776.952
                ],
                [
                    979.008,
                    767.9879999999999
                ],
                [
                    971.904,
                    740.988
                ],
                [
                    964.9920000000001,
                    725.976
                ],
                [
                    964.9920000000001,
                    720.036
                ],
                [
                    959.04,
                    710.9639999999999
                ],
                [
                    954.048,
                    690.0120000000001
                ],
                [
                    942.9119999999999,
                    666.0360000000001
                ],
                [
                    927.936,
                    618.9480000000001
                ],
                [
                    913.92,
                    585.036
                ],
                [
                    913.92,
                    578.988
                ],
                [
                    906.048,
                    563.976
                ],
                [
                    905.088,
                    544.9680000000001
                ],
                [
                    889.9200000000001,
                    486
                ],
                [
                    877.0559999999999,
                    451.97999999999996
                ],
                [
                    875.904,
                    439.02
                ],
                [
                    863.04,
                    405
                ],
                [
                    860.928,
                    389.988
                ],
                [
                    854.016,
                    369.036
                ],
                [
                    845.952,
                    358.02000000000004
                ],
                [
                    843.072,
                    340.95599999999996
                ],
                [
                    845.952,
                    339.012
                ],
                [
                    886.08,
                    340.95599999999996
                ],
                [
                    906.048,
                    339.012
                ],
                [
                    925.056,
                    335.01599999999996
                ],
                [
                    945.024,
                    326.052
                ],
                [
                    974.016,
                    307.044
                ],
                [
                    997.0559999999999,
                    288.036
                ],
                [
                    1018.944,
                    266.00399999999996
                ],
                [
                    1033.92,
                    236.95200000000003
                ],
                [
                    1038.912,
                    231.98399999999998
                ],
                [
                    1041.0240000000001,
                    219.99599999999998
                ],
                [
                    1046.0159999999998,
                    211.03199999999998
                ],
                [
                    1050.048,
                    211.03199999999998
                ],
                [
                    1054.0800000000002,
                    208.98000000000002
                ],
                [
                    1059.072,
                    203.04
                ],
                [
                    1075.968,
                    200.016
                ],
                [
                    1084.9920000000002,
                    200.016
                ],
                [
                    1095.936,
                    204.984
                ],
                [
                    1099.008,
                    215.028
                ],
                [
                    1107.0720000000001,
                    227.988
                ],
                [
                    1113.9840000000002,
                    251.964
                ],
                [
                    1147.968,
                    340.95599999999996
                ],
                [
                    1156.992,
                    373.032
                ],
                [
                    1161.0240000000001,
                    378.972
                ],
                [
                    1161.0240000000001,
                    385.02
                ],
                [
                    1200.9599999999998,
                    496.044
                ],
                [
                    1206.912,
                    519.048
                ],
                [
                    1215.936,
                    539.028
                ],
                [
                    1219.008,
                    555.984
                ],
                [
                    1224.96,
                    567.972
                ],
                [
                    1227.0720000000001,
                    578.988
                ],
                [
                    1247.04,
                    633.9599999999999
                ],
                [
                    1253.952,
                    658.044
                ],
                [
                    1253.952,
                    666.0360000000001
                ],
                [
                    1258.944,
                    675
                ],
                [
                    1258.944,
                    685.044
                ],
                [
                    1267.008,
                    695.952
                ],
                [
                    1267.968,
                    706.968
                ],
                [
                    1273.92,
                    714.96
                ],
                [
                    1276.032,
                    725.976
                ],
                [
                    1281.0240000000001,
                    733.968
                ],
                [
                    1282.944,
                    751.032
                ],
                [
                    1290.048,
                    766.0440000000001
                ],
                [
                    1290.048,
                    783
                ],
                [
                    1287.936,
                    787.9680000000001
                ],
                [
                    1278.912,
                    791.9639999999999
                ],
                [
                    1272,
                    798.0120000000001
                ],
                [
                    1261.056,
                    799.956
                ],
                [
                    1244.9279999999999,
                    806.976
                ],
                [
                    1237.056,
                    806.976
                ],
                [
                    1228.032,
                    813.024
                ],
                [
                    1217.088,
                    814.9680000000001
                ],
                [
                    1208.0639999999999,
                    821.016
                ],
                [
                    1194.048,
                    821.9879999999999
                ],
                [
                    1182.912,
                    828.0360000000001
                ],
                [
                    1176.96,
                    828.0360000000001
                ],
                [
                    1171.968,
                    829.9799999999999
                ],
                [
                    1166.976,
                    833.976
                ],
                [
                    1147.968,
                    837.972
                ],
                [
                    1138.944,
                    843.048
                ],
                [
                    1129.92,
                    844.992
                ],
                [
                    1121.088,
                    851.0400000000001
                ],
                [
                    1103.04,
                    853.9559999999999
                ],
                [
                    1091.904,
                    860.004
                ],
                [
                    1080.9599999999998,
                    861.948
                ],
                [
                    1075.968,
                    866.0519999999999
                ],
                [
                    1054.0800000000002,
                    871.02
                ]
            ]
        }
    ]
}