{
    "IMAGE_INFO": {
        "FILE_NAME": "1000545@0_04002_220906_P1_T3__1419.jpg",
        "DATE": "2022-10-21 15:24:46",
        "RESOLUTION": "1920 x 1080",
        "IMAGE_PHOTOGRAPHER": "이지은",
        "FOCUS_DISTANCE": "5.6",
        "EXPOSURE_TIME": "1/400",
        "SENSITIVITY_ISO": "12800",
        "PLACE": "삼오자원",
        "REGION_NAME": null,
        "Direction": "0",
        "HEIGHT": "100",
        "DAY/NIGHT": "주간",
        "WEATHER": "맑음",
        "IMAGE_HEIGHT": 1080,
        "IMAGE_WIDTH": 1920,
        "IMAGE_SIZE": "598.6 KB"
    },
    "ANNOTATION_INFO": [
        {
            "ID": "1",
            "CLASS": "플라스틱",
            "DETAILS": "PP",
            "DAMAGE": "찌그러짐",
            "DIRTINESS": "이물질(전체)",
            "COVER": "없음",
            "TRANSPARENCY": "투명",
            "SHAPE": "기타 형태",
            "SHAPE_TYPE": "POLYGON",
            "POINTS": [
                [
                    1553.088,
                    1014.9839999999999
                ],
                [
                    1541.952,
                    1010.0160000000001
                ],
                [
                    1505.0880000000002,
                    983.016
                ],
                [
                    1478.9759999999999,
                    969.948
                ],
                [
                    1439.0400000000002,
                    945
                ],
                [
                    1416,
                    925.0200000000001
                ],
                [
                    1364.9279999999999,
                    888.9480000000001
                ],
                [
                    1335.936,
                    860.004
                ],
                [
                    1310.016,
                    837
                ],
                [
                    1301.952,
                    834.948
                ],
                [
                    1294.0800000000002,
                    828.0360000000001
                ],
                [
                    1267.968,
                    817.02
                ],
                [
                    1254.9119999999998,
                    813.9960000000001
                ],
                [
                    1241.088,
                    806.0039999999999
                ],
                [
                    1236.096,
                    794.016
                ],
                [
                    1230.912,
                    787.9680000000001
                ],
                [
                    1211.904,
                    771.984
                ],
                [
                    1182.912,
                    740.0160000000001
                ],
                [
                    1177.92,
                    731.0519999999999
                ],
                [
                    1160.0639999999999,
                    713.016
                ],
                [
                    1146.048,
                    694.9799999999999
                ],
                [
                    1095.936,
                    644.004
                ],
                [
                    1080,
                    623.052
                ],
                [
                    1064.064,
                    609.9839999999999
                ],
                [
                    1059.072,
                    601.02
                ],
                [
                    1030.08,
                    571.968
                ],
                [
                    1013.952,
                    551.016
                ],
                [
                    1006.08,
                    531.0360000000001
                ],
                [
                    1006.08,
                    520.02
                ],
                [
                    1017.0239999999999,
                    497.016
                ],
                [
                    1051.008,
                    463.96799999999996
                ],
                [
                    1071.9360000000001,
                    435.996
                ],
                [
                    1085.952,
                    420.984
                ],
                [
                    1099.008,
                    409.968
                ],
                [
                    1160.0639999999999,
                    338.04
                ],
                [
                    1175.04,
                    324
                ],
                [
                    1230.912,
                    297
                ],
                [
                    1247.04,
                    288.036
                ],
                [
                    1257.024,
                    278.964
                ],
                [
                    1259.904,
                    278.964
                ],
                [
                    1296.96,
                    240.94799999999998
                ],
                [
                    1310.016,
                    223.01999999999998
                ],
                [
                    1328.0639999999999,
                    204.984
                ],
                [
                    1352.064,
                    173.01600000000002
                ],
                [
                    1376.064,
                    153.036
                ],
                [
                    1388.928,
                    147.96
                ],
                [
                    1401.984,
                    147.96
                ],
                [
                    1417.92,
                    153.036
                ],
                [
                    1436.9279999999999,
                    170.964
                ],
                [
                    1460.928,
                    189
                ],
                [
                    1478.9759999999999,
                    197.964
                ],
                [
                    1492.032,
                    207.036
                ],
                [
                    1516.032,
                    227.016
                ],
                [
                    1516.032,
                    230.04
                ],
                [
                    1534.0800000000002,
                    240.94799999999998
                ],
                [
                    1558.08,
                    258.98400000000004
                ],
                [
                    1593.024,
                    288.036
                ],
                [
                    1608,
                    294.94800000000004
                ],
                [
                    1622.016,
                    304.02
                ],
                [
                    1652.9279999999999,
                    332.964
                ],
                [
                    1656,
                    332.964
                ],
                [
                    1665.9840000000002,
                    342.036
                ],
                [
                    1680,
                    348.948
                ],
                [
                    1693.056,
                    358.02000000000004
                ],
                [
                    1710.912,
                    374.004
                ],
                [
                    1729.92,
                    385.02
                ],
                [
                    1747.968,
                    397.98
                ],
                [
                    1776.96,
                    423.036
                ],
                [
                    1800.9599999999998,
                    439.02
                ],
                [
                    1829.952,
                    463.96799999999996
                ],
                [
                    1858.944,
                    483.948
                ],
                [
                    1886.0159999999998,
                    500.04
                ],
                [
                    1904.064,
                    515.052
                ],
                [
                    1920,
                    521.964
                ],
                [
                    1920,
                    774.0360000000001
                ],
                [
                    1906.944,
                    778.032
                ],
                [
                    1894.0800000000002,
                    791.9639999999999
                ],
                [
                    1886.0159999999998,
                    795.96
                ],
                [
                    1867.008,
                    810
                ],
                [
                    1846.08,
                    821.016
                ],
                [
                    1833.024,
                    829.9799999999999
                ],
                [
                    1780.0320000000002,
                    875.0160000000001
                ],
                [
                    1775.04,
                    882.036
                ],
                [
                    1734.9119999999998,
                    910.98
                ],
                [
                    1732.992,
                    915.948
                ],
                [
                    1642.944,
                    986.0400000000001
                ],
                [
                    1608,
                    1007.964
                ],
                [
                    1584.96,
                    1011.96
                ],
                [
                    1569.0240000000001,
                    1011.96
                ],
                [
                    1565.952,
                    1014.9839999999999
                ]
            ]
        }
    ]
}