{
    "IMAGE_INFO": {
        "FILE_NAME": "1001588@0_04002_220906_P1_T3__0345.jpg",
        "DATE": "2022-10-21 15:34:32",
        "RESOLUTION": "1920 x 1080",
        "IMAGE_PHOTOGRAPHER": "이지은",
        "FOCUS_DISTANCE": "5.6",
        "EXPOSURE_TIME": "1/400",
        "SENSITIVITY_ISO": "12800",
        "PLACE": "삼오자원",
        "REGION_NAME": null,
        "Direction": "0",
        "HEIGHT": "100",
        "DAY/NIGHT": "주간",
        "WEATHER": "맑음",
        "IMAGE_HEIGHT": 1080,
        "IMAGE_WIDTH": 1920,
        "IMAGE_SIZE": "540.6 KB"
    },
    "ANNOTATION_INFO": [
        {
            "ID": "1",
            "CLASS": "플라스틱",
            "DETAILS": "PP",
            "DAMAGE": "찌그러짐",
            "DIRTINESS": "이물질(외부)",
            "COVER": "없음",
            "TRANSPARENCY": "불투명",
            "SHAPE": "사각용기형",
            "SHAPE_TYPE": "POLYGON",
            "POINTS": [
                [
                    1544.064,
                    957.96
                ],
                [
                    1531.968,
                    952.02
                ],
                [
                    1516.032,
                    952.02
                ],
                [
                    1503.936,
                    956.016
                ],
                [
                    1476.096,
                    956.016
                ],
                [
                    1431.9360000000001,
                    941.976
                ],
                [
                    1424.064,
                    936.0360000000001
                ],
                [
                    1424.064,
                    932.04
                ],
                [
                    1396.032,
                    903.9599999999999
                ],
                [
                    1392,
                    893.052
                ],
                [
                    1380.096,
                    883.008
                ],
                [
                    1363.968,
                    860.976
                ],
                [
                    1359.9360000000001,
                    847.044
                ],
                [
                    1348.032,
                    834.948
                ],
                [
                    1344,
                    821.9879999999999
                ],
                [
                    1331.904,
                    810
                ],
                [
                    1331.904,
                    802.008
                ],
                [
                    1328.0639999999999,
                    794.016
                ],
                [
                    1320,
                    787.9680000000001
                ],
                [
                    1315.968,
                    774.0360000000001
                ],
                [
                    1300.0320000000002,
                    756
                ],
                [
                    1296,
                    740.988
                ],
                [
                    1283.904,
                    729
                ],
                [
                    1283.904,
                    722.952
                ],
                [
                    1280.0639999999999,
                    717.0120000000001
                ],
                [
                    1256.064,
                    689.04
                ],
                [
                    1248,
                    670.0319999999999
                ],
                [
                    1236.096,
                    658.044
                ],
                [
                    1232.064,
                    644.004
                ],
                [
                    1219.9679999999998,
                    632.0160000000001
                ],
                [
                    1215.936,
                    616.032
                ],
                [
                    1204.032,
                    601.02
                ],
                [
                    1184.064,
                    556.956
                ],
                [
                    1156.032,
                    521.964
                ],
                [
                    1156.032,
                    492.048
                ],
                [
                    1167.936,
                    479.952
                ],
                [
                    1176,
                    474.012
                ],
                [
                    1267.968,
                    424.98
                ],
                [
                    1300.0320000000002,
                    405
                ],
                [
                    1344,
                    374.004
                ],
                [
                    1372.032,
                    350.028
                ],
                [
                    1411.968,
                    326.052
                ],
                [
                    1431.9360000000001,
                    326.052
                ],
                [
                    1440,
                    327.99600000000004
                ],
                [
                    1451.904,
                    335.988
                ],
                [
                    1464,
                    351.97200000000004
                ],
                [
                    1476.096,
                    359.964
                ],
                [
                    1496.064,
                    367.956
                ],
                [
                    1507.968,
                    378
                ],
                [
                    1540.0320000000002,
                    419.04
                ],
                [
                    1548.096,
                    439.02
                ],
                [
                    1548.096,
                    451.00800000000004
                ],
                [
                    1575.936,
                    493.99199999999996
                ],
                [
                    1588.032,
                    504.036
                ],
                [
                    1592.064,
                    513.972
                ],
                [
                    1603.968,
                    524.0160000000001
                ],
                [
                    1640.0639999999999,
                    581.0400000000001
                ],
                [
                    1647.936,
                    605.0160000000001
                ],
                [
                    1675.968,
                    641.952
                ],
                [
                    1699.9679999999998,
                    686.9879999999999
                ],
                [
                    1699.9679999999998,
                    694.9799999999999
                ],
                [
                    1704,
                    702.972
                ],
                [
                    1716.096,
                    714.96
                ],
                [
                    1732.032,
                    758.052
                ],
                [
                    1732.032,
                    799.956
                ],
                [
                    1728,
                    810
                ],
                [
                    1716.096,
                    829.0079999999999
                ],
                [
                    1691.904,
                    851.0400000000001
                ],
                [
                    1688.0639999999999,
                    856.98
                ],
                [
                    1688.0639999999999,
                    867.024
                ],
                [
                    1684.032,
                    875.0160000000001
                ],
                [
                    1671.9360000000001,
                    888.9480000000001
                ],
                [
                    1656,
                    902.0160000000001
                ],
                [
                    1623.936,
                    915.948
                ],
                [
                    1623.936,
                    920.052
                ],
                [
                    1620.096,
                    924.048
                ],
                [
                    1571.904,
                    945.972
                ],
                [
                    1568.0639999999999,
                    953.9639999999999
                ],
                [
                    1560,
                    957.96
                ],
                [
                    1544.064,
                    957.96
                ]
            ]
        }
    ]
}