{
    "IMAGE_INFO": {
        "FILE_NAME": "1001539@0_04002_220906_P1_T3__0497.jpg",
        "DATE": "2022-10-21 15:34:58",
        "RESOLUTION": "1920 x 1080",
        "IMAGE_PHOTOGRAPHER": "이지은",
        "FOCUS_DISTANCE": "5.6",
        "EXPOSURE_TIME": "1/400",
        "SENSITIVITY_ISO": "12800",
        "PLACE": "삼오자원",
        "REGION_NAME": null,
        "Direction": "0",
        "HEIGHT": "100",
        "DAY/NIGHT": "주간",
        "WEATHER": "맑음",
        "IMAGE_HEIGHT": 1080,
        "IMAGE_WIDTH": 1920,
        "IMAGE_SIZE": "525.9 KB"
    },
    "ANNOTATION_INFO": [
        {
            "ID": "1",
            "CLASS": "플라스틱",
            "DETAILS": "PP",
            "DAMAGE": "원형",
            "DIRTINESS": "오염없음",
            "COVER": "겹침",
            "TRANSPARENCY": "불투명",
            "SHAPE": "원형용기형",
            "SHAPE_TYPE": "POLYGON",
            "POINTS": [
                [
                    1358.016,
                    1022.004
                ],
                [
                    1344,
                    1022.976
                ],
                [
                    1348.992,
                    1018.008
                ],
                [
                    1358.016,
                    1005.048
                ],
                [
                    1362.048,
                    996.948
                ],
                [
                    1367.04,
                    987.0120000000001
                ],
                [
                    1372.032,
                    979.992
                ],
                [
                    1386.048,
                    960.984
                ],
                [
                    1390.08,
                    951.048
                ],
                [
                    1398.912,
                    937.98
                ],
                [
                    1403.904,
                    921.996
                ],
                [
                    1410.048,
                    914.976
                ],
                [
                    1430.016,
                    903.9599999999999
                ],
                [
                    1435.0079999999998,
                    898.9920000000001
                ],
                [
                    1438.08,
                    894.024
                ],
                [
                    1441.92,
                    891.972
                ],
                [
                    1457.088,
                    875.0160000000001
                ],
                [
                    1467.0720000000001,
                    860.004
                ],
                [
                    1468.032,
                    851.0400000000001
                ],
                [
                    1473.9840000000002,
                    844.992
                ],
                [
                    1491.072,
                    839.052
                ],
                [
                    1497.024,
                    839.052
                ],
                [
                    1503.936,
                    840.996
                ],
                [
                    1507.968,
                    840.996
                ],
                [
                    1512,
                    841.968
                ],
                [
                    1522.944,
                    845.9639999999999
                ],
                [
                    1527.936,
                    849.96
                ],
                [
                    1535.04,
                    852.9839999999999
                ],
                [
                    1541.952,
                    860.976
                ],
                [
                    1545.9840000000002,
                    863.028
                ],
                [
                    1549.056,
                    868.968
                ],
                [
                    1548.096,
                    891.972
                ],
                [
                    1546.944,
                    894.996
                ],
                [
                    1540.992,
                    902.0160000000001
                ],
                [
                    1537.92,
                    914.004
                ],
                [
                    1529.088,
                    936.0360000000001
                ],
                [
                    1525.056,
                    955.044
                ],
                [
                    1520.0639999999999,
                    967.0319999999999
                ],
                [
                    1521.0240000000001,
                    992.952
                ],
                [
                    1520.0639999999999,
                    995.004
                ],
                [
                    1512.96,
                    999
                ],
                [
                    1507.968,
                    999.972
                ],
                [
                    1492.992,
                    1001.0519999999999
                ],
                [
                    1468.032,
                    1005.048
                ],
                [
                    1449.0240000000001,
                    1009.044
                ],
                [
                    1441.92,
                    1009.044
                ],
                [
                    1417.92,
                    1013.04
                ],
                [
                    1403.904,
                    1013.04
                ],
                [
                    1385.0880000000002,
                    1018.008
                ],
                [
                    1380.096,
                    1018.98
                ],
                [
                    1374.9119999999998,
                    1018.98
                ],
                [
                    1366.08,
                    1021.032
                ]
            ]
        },
        {
            "ID": "2",
            "CLASS": "플라스틱",
            "DETAILS": "PP",
            "DAMAGE": "원형",
            "DIRTINESS": "이물질(외부)",
            "COVER": "겹침",
            "TRANSPARENCY": "불투명",
            "SHAPE": "사각용기형",
            "SHAPE_TYPE": "POLYGON",
            "POINTS": [
                [
                    1646.976,
                    1007.964
                ],
                [
                    1635.0720000000001,
                    1002.024
                ],
                [
                    1623.936,
                    992.952
                ],
                [
                    1606.08,
                    987.9839999999999
                ],
                [
                    1574.976,
                    990.036
                ],
                [
                    1571.904,
                    980.9639999999999
                ],
                [
                    1563.0720000000001,
                    968.976
                ],
                [
                    1550.9759999999999,
                    933.0120000000001
                ],
                [
                    1548.096,
                    902.0160000000001
                ],
                [
                    1550.016,
                    856.0079999999999
                ],
                [
                    1556.9279999999999,
                    825.984
                ],
                [
                    1561.92,
                    818.9639999999999
                ],
                [
                    1569.0240000000001,
                    794.9879999999999
                ],
                [
                    1602.048,
                    745.956
                ],
                [
                    1617.024,
                    729.972
                ],
                [
                    1643.904,
                    712.044
                ],
                [
                    1660.0320000000002,
                    705.996
                ],
                [
                    1681.92,
                    702
                ],
                [
                    1705.9199999999998,
                    702
                ],
                [
                    1729.92,
                    708.048
                ],
                [
                    1753.92,
                    720.036
                ],
                [
                    1790.016,
                    745.956
                ],
                [
                    1819.9679999999998,
                    776.952
                ],
                [
                    1836.096,
                    803.952
                ],
                [
                    1856.064,
                    856.0079999999999
                ],
                [
                    1862.976,
                    895.968
                ],
                [
                    1862.016,
                    961.956
                ],
                [
                    1856.064,
                    983.988
                ],
                [
                    1848,
                    990.036
                ],
                [
                    1832.064,
                    990.036
                ],
                [
                    1785.9840000000002,
                    995.976
                ],
                [
                    1750.08,
                    995.976
                ],
                [
                    1700.928,
                    999
                ],
                [
                    1689.984,
                    1002.024
                ],
                [
                    1675.968,
                    1002.024
                ],
                [
                    1659.072,
                    1007.964
                ],
                [
                    1646.976,
                    1007.964
                ]
            ]
        },
        {
            "ID": "3",
            "CLASS": "플라스틱",
            "DETAILS": "PP",
            "DAMAGE": "원형",
            "DIRTINESS": "이물질(외부)",
            "COVER": "겹침",
            "TRANSPARENCY": "불투명",
            "SHAPE": "원형용기형",
            "SHAPE_TYPE": "POLYGON",
            "POINTS": [
                [
                    387.072,
                    953.9639999999999
                ],
                [
                    334.08,
                    952.02
                ],
                [
                    315.072,
                    948.024
                ],
                [
                    293.952,
                    937.98
                ],
                [
                    279.93600000000004,
                    925.9920000000001
                ],
                [
                    268.032,
                    909.0360000000001
                ],
                [
                    260.928,
                    887.976
                ],
                [
                    259.96799999999996,
                    782.028
                ],
                [
                    264,
                    741.96
                ],
                [
                    264,
                    694.0079999999999
                ],
                [
                    267.072,
                    675
                ],
                [
                    269.952,
                    590.004
                ],
                [
                    273.024,
                    575.9639999999999
                ],
                [
                    275.904,
                    470.01599999999996
                ],
                [
                    286.08,
                    350.028
                ],
                [
                    299.904,
                    317.952
                ],
                [
                    316.032,
                    300.024
                ],
                [
                    327.93600000000004,
                    292.032
                ],
                [
                    339.072,
                    288.036
                ],
                [
                    363.072,
                    284.04
                ],
                [
                    374.016,
                    284.04
                ],
                [
                    398.016,
                    285.984
                ],
                [
                    447.93600000000004,
                    285.984
                ],
                [
                    588.096,
                    292.032
                ],
                [
                    627.072,
                    297
                ],
                [
                    690.048,
                    300.024
                ],
                [
                    729.9839999999999,
                    304.02
                ],
                [
                    749.952,
                    309.96
                ],
                [
                    763.968,
                    317.952
                ],
                [
                    769.9200000000001,
                    321.948
                ],
                [
                    782.976,
                    338.04
                ],
                [
                    793.92,
                    363.96000000000004
                ],
                [
                    797.952,
                    389.988
                ],
                [
                    804.096,
                    562.0319999999999
                ],
                [
                    800.0640000000001,
                    617.976
                ],
                [
                    796.032,
                    632.0160000000001
                ],
                [
                    793.92,
                    705.996
                ],
                [
                    777.984,
                    841.968
                ],
                [
                    776.064,
                    890.028
                ],
                [
                    763.968,
                    920.052
                ],
                [
                    752.064,
                    933.984
                ],
                [
                    729.9839999999999,
                    948.024
                ],
                [
                    711.936,
                    953.9639999999999
                ],
                [
                    581.952,
                    953.9639999999999
                ],
                [
                    566.976,
                    951.048
                ],
                [
                    524.928,
                    951.048
                ],
                [
                    495.9359999999999,
                    953.9639999999999
                ],
                [
                    444.096,
                    952.02
                ],
                [
                    440.06399999999996,
                    953.9639999999999
                ]
            ]
        },
        {
            "ID": "4",
            "CLASS": "플라스틱",
            "DETAILS": "PP",
            "DAMAGE": "원형",
            "DIRTINESS": "이물질(내부)",
            "COVER": "없음",
            "TRANSPARENCY": "불투명",
            "SHAPE": "원형용기형",
            "SHAPE_TYPE": "POLYGON",
            "POINTS": [
                [
                    1141.056,
                    1029.024
                ],
                [
                    1129.92,
                    1028.052
                ],
                [
                    1109.952,
                    1025.028
                ],
                [
                    1084.9920000000002,
                    1019.952
                ],
                [
                    1057.92,
                    1011.96
                ],
                [
                    1036.032,
                    1002.996
                ],
                [
                    1008,
                    988.9559999999999
                ],
                [
                    983.9999999999999,
                    974.052
                ],
                [
                    955.008,
                    952.02
                ],
                [
                    940.992,
                    938.952
                ],
                [
                    931.968,
                    933.0120000000001
                ],
                [
                    906.048,
                    906.984
                ],
                [
                    892.9920000000001,
                    891.972
                ],
                [
                    877.0559999999999,
                    867.996
                ],
                [
                    860.928,
                    834.948
                ],
                [
                    850.944,
                    806.976
                ],
                [
                    843.072,
                    778.032
                ],
                [
                    836.928,
                    744.9839999999999
                ],
                [
                    835.008,
                    721.98
                ],
                [
                    835.008,
                    671.976
                ],
                [
                    835.9680000000001,
                    663.984
                ],
                [
                    839.04,
                    659.016
                ],
                [
                    840.96,
                    635.04
                ],
                [
                    849.024,
                    609.9839999999999
                ],
                [
                    849.9839999999999,
                    610.956
                ],
                [
                    851.904,
                    609.012
                ],
                [
                    853.0559999999999,
                    610.956
                ],
                [
                    855.9359999999999,
                    604.044
                ],
                [
                    859.008,
                    590.976
                ],
                [
                    863.04,
                    582.0120000000001
                ],
                [
                    863.04,
                    577.044
                ],
                [
                    865.9200000000001,
                    566.028
                ],
                [
                    870.912,
                    558.0360000000001
                ],
                [
                    873.984,
                    550.044
                ],
                [
                    888.96,
                    524.9879999999999
                ],
                [
                    907.968,
                    501.012
                ],
                [
                    925.056,
                    482.976
                ],
                [
                    942.9119999999999,
                    466.992
                ],
                [
                    946.9440000000001,
                    465.048
                ],
                [
                    950.976,
                    461.052
                ],
                [
                    954.048,
                    459.972
                ],
                [
                    958.08,
                    455.976
                ],
                [
                    985.92,
                    438.048
                ],
                [
                    1008.9599999999999,
                    427.032
                ],
                [
                    1023.936,
                    420.984
                ],
                [
                    1028.928,
                    420.012
                ],
                [
                    1033.92,
                    416.988
                ],
                [
                    1041.984,
                    416.01599999999996
                ],
                [
                    1049.088,
                    412.992
                ],
                [
                    1065.9840000000002,
                    408.996
                ],
                [
                    1073.088,
                    408.024
                ],
                [
                    1084.032,
                    408.024
                ],
                [
                    1085.952,
                    405.97200000000004
                ],
                [
                    1085.952,
                    400.032
                ],
                [
                    1088.0639999999999,
                    393.012
                ],
                [
                    1094.0159999999998,
                    385.02
                ],
                [
                    1099.9679999999998,
                    378.972
                ],
                [
                    1104,
                    378.972
                ],
                [
                    1105.9199999999998,
                    377.028
                ],
                [
                    1110.912,
                    375.94800000000004
                ],
                [
                    1123.968,
                    375.94800000000004
                ],
                [
                    1133.952,
                    380.05199999999996
                ],
                [
                    1141.056,
                    385.02
                ],
                [
                    1150.08,
                    397.98
                ],
                [
                    1152,
                    408.024
                ],
                [
                    1153.92,
                    409.968
                ],
                [
                    1160.0639999999999,
                    411.048
                ],
                [
                    1162.944,
                    411.048
                ],
                [
                    1166.976,
                    407.052
                ],
                [
                    1171.008,
                    397.008
                ],
                [
                    1180.992,
                    386.964
                ],
                [
                    1190.016,
                    382.968
                ],
                [
                    1200,
                    381.99600000000004
                ],
                [
                    1210.944,
                    384.048
                ],
                [
                    1220.928,
                    389.988
                ],
                [
                    1227.0720000000001,
                    396.036
                ],
                [
                    1230.912,
                    404.02799999999996
                ],
                [
                    1233.024,
                    409.968
                ],
                [
                    1233.024,
                    428.976
                ],
                [
                    1239.9360000000001,
                    429.94800000000004
                ],
                [
                    1242.048,
                    428.976
                ],
                [
                    1257.984,
                    412.02
                ],
                [
                    1262.016,
                    409.968
                ],
                [
                    1267.968,
                    408.024
                ],
                [
                    1286.0159999999998,
                    408.024
                ],
                [
                    1289.088,
                    408.996
                ],
                [
                    1299.072,
                    415.044
                ],
                [
                    1309.056,
                    428.00399999999996
                ],
                [
                    1310.9759999999999,
                    436.968
                ],
                [
                    1310.9759999999999,
                    447.984
                ],
                [
                    1306.944,
                    458.02799999999996
                ],
                [
                    1306.944,
                    462.99600000000004
                ],
                [
                    1311.9360000000001,
                    463.96799999999996
                ],
                [
                    1328.0639999999999,
                    454.032
                ],
                [
                    1335.936,
                    451.97999999999996
                ],
                [
                    1342.08,
                    452.952
                ],
                [
                    1347.0720000000001,
                    451.97999999999996
                ],
                [
                    1357.056,
                    456.948
                ],
                [
                    1367.04,
                    465.048
                ],
                [
                    1372.032,
                    473.04
                ],
                [
                    1377.024,
                    489.024
                ],
                [
                    1376.064,
                    500.04
                ],
                [
                    1368,
                    513
                ],
                [
                    1368,
                    520.02
                ],
                [
                    1372.032,
                    528.0120000000001
                ],
                [
                    1383.936,
                    543.024
                ],
                [
                    1398.912,
                    566.028
                ],
                [
                    1415.04,
                    596.0519999999999
                ],
                [
                    1424.064,
                    617.004
                ],
                [
                    1440,
                    666.0360000000001
                ],
                [
                    1445.952,
                    709.992
                ],
                [
                    1446.912,
                    756
                ],
                [
                    1444.9920000000002,
                    776.952
                ],
                [
                    1434.048,
                    828.0360000000001
                ],
                [
                    1430.016,
                    837
                ],
                [
                    1428.096,
                    845.9639999999999
                ],
                [
                    1411.968,
                    880.956
                ],
                [
                    1400.0639999999999,
                    902.0160000000001
                ],
                [
                    1378.944,
                    930.96
                ],
                [
                    1350.912,
                    959.04
                ],
                [
                    1331.904,
                    974.052
                ],
                [
                    1310.016,
                    988.9559999999999
                ],
                [
                    1296,
                    995.976
                ],
                [
                    1277.952,
                    1002.996
                ],
                [
                    1276.032,
                    1005.048
                ],
                [
                    1267.008,
                    1009.044
                ],
                [
                    1243.968,
                    1017.036
                ],
                [
                    1229.952,
                    1021.032
                ],
                [
                    1224.96,
                    1021.032
                ],
                [
                    1211.904,
                    1025.028
                ],
                [
                    1205.952,
                    1025.028
                ],
                [
                    1200,
                    1026.972
                ],
                [
                    1184.064,
                    1029.024
                ]
            ]
        },
        {
            "ID": "5",
            "CLASS": "플라스틱",
            "DETAILS": "PP",
            "DAMAGE": "찌그러짐",
            "DIRTINESS": "오염없음",
            "COVER": "겹침",
            "TRANSPARENCY": "불투명",
            "SHAPE": "원형용기형",
            "SHAPE_TYPE": "POLYGON",
            "POINTS": [
                [
                    1465.9199999999998,
                    848.016
                ],
                [
                    1463.04,
                    841.968
                ],
                [
                    1453.056,
                    829.9799999999999
                ],
                [
                    1438.08,
                    816.048
                ],
                [
                    1438.08,
                    810
                ],
                [
                    1444.9920000000002,
                    782.028
                ],
                [
                    1448.0639999999999,
                    752.976
                ],
                [
                    1448.0639999999999,
                    728.028
                ],
                [
                    1446.912,
                    710.9639999999999
                ],
                [
                    1444.032,
                    694.9799999999999
                ],
                [
                    1444.032,
                    683.9639999999999
                ],
                [
                    1454.976,
                    671.0039999999999
                ],
                [
                    1498.944,
                    628.02
                ],
                [
                    1502.976,
                    625.968
                ],
                [
                    1508.928,
                    620.028
                ],
                [
                    1518.912,
                    613.008
                ],
                [
                    1546.944,
                    590.004
                ],
                [
                    1555.0079999999998,
                    587.952
                ],
                [
                    1556.9279999999999,
                    587.952
                ],
                [
                    1574.0159999999998,
                    590.004
                ],
                [
                    1579.008,
                    591.948
                ],
                [
                    1582.08,
                    594.972
                ],
                [
                    1584.96,
                    596.0519999999999
                ],
                [
                    1598.016,
                    605.988
                ],
                [
                    1612.992,
                    620.028
                ],
                [
                    1650.048,
                    656.9639999999999
                ],
                [
                    1651.968,
                    660.96
                ],
                [
                    1651.968,
                    671.976
                ],
                [
                    1650.048,
                    683.9639999999999
                ],
                [
                    1642.944,
                    694.9799999999999
                ],
                [
                    1637.952,
                    705.996
                ],
                [
                    1632.96,
                    713.988
                ],
                [
                    1628.928,
                    720.036
                ],
                [
                    1616.064,
                    729.972
                ],
                [
                    1588.992,
                    759.996
                ],
                [
                    1583.04,
                    770.04
                ],
                [
                    1574.0159999999998,
                    785.052
                ],
                [
                    1568.0639999999999,
                    798.0120000000001
                ],
                [
                    1564.9920000000002,
                    798.984
                ],
                [
                    1559.0400000000002,
                    803.952
                ],
                [
                    1553.088,
                    806.976
                ],
                [
                    1539.072,
                    817.992
                ],
                [
                    1531.968,
                    821.016
                ],
                [
                    1526.976,
                    825.0120000000001
                ],
                [
                    1521.0240000000001,
                    828.0360000000001
                ],
                [
                    1505.0880000000002,
                    833.004
                ],
                [
                    1493.952,
                    834.948
                ],
                [
                    1488.96,
                    837.972
                ],
                [
                    1470.912,
                    844.02
                ],
                [
                    1469.952,
                    847.044
                ]
            ]
        }
    ]
}