{
    "IMAGE_INFO": {
        "FILE_NAME": "1001538@0_04002_220906_P1_T3__1052.jpg",
        "DATE": "2022-10-21 15:36:28",
        "RESOLUTION": "1920 x 1080",
        "IMAGE_PHOTOGRAPHER": "이지은",
        "FOCUS_DISTANCE": "5.6",
        "EXPOSURE_TIME": "1/400",
        "SENSITIVITY_ISO": "12800",
        "PLACE": "삼오자원",
        "REGION_NAME": null,
        "Direction": "0",
        "HEIGHT": "100",
        "DAY/NIGHT": "주간",
        "WEATHER": "맑음",
        "IMAGE_HEIGHT": 1080,
        "IMAGE_WIDTH": 1920,
        "IMAGE_SIZE": "559.7 KB"
    },
    "ANNOTATION_INFO": [
        {
            "ID": "1",
            "CLASS": "플라스틱",
            "DETAILS": "PP",
            "DAMAGE": "찌그러짐",
            "DIRTINESS": "오염없음",
            "COVER": "겹침",
            "TRANSPARENCY": "불투명",
            "SHAPE": "원형용기형",
            "SHAPE_TYPE": "POLYGON",
            "POINTS": [
                [
                    163.96800000000002,
                    1080
                ],
                [
                    169.92,
                    1064.0159999999998
                ],
                [
                    176.06400000000002,
                    1049.0040000000001
                ],
                [
                    182.016,
                    1033.02
                ],
                [
                    187.968,
                    1014.9839999999999
                ],
                [
                    193.92000000000002,
                    995.976
                ],
                [
                    197.952,
                    969.948
                ],
                [
                    196.992,
                    953.9639999999999
                ],
                [
                    193.92000000000002,
                    944.028
                ],
                [
                    185.088,
                    934.956
                ],
                [
                    164.928,
                    922.9680000000001
                ],
                [
                    134.016,
                    899.964
                ],
                [
                    144.96,
                    878.04
                ],
                [
                    161.088,
                    856.0079999999999
                ],
                [
                    178.94400000000002,
                    837.972
                ],
                [
                    209.088,
                    816.048
                ],
                [
                    236.928,
                    801.0360000000001
                ],
                [
                    254.976,
                    794.9879999999999
                ],
                [
                    288,
                    787.9680000000001
                ],
                [
                    302.976,
                    786.996
                ],
                [
                    329.08799999999997,
                    786.996
                ],
                [
                    340.992,
                    787.9680000000001
                ],
                [
                    375.936,
                    795.96
                ],
                [
                    390.91200000000003,
                    801.0360000000001
                ],
                [
                    422.976,
                    817.992
                ],
                [
                    446.016,
                    834.948
                ],
                [
                    465.024,
                    853.9559999999999
                ],
                [
                    480,
                    874.044
                ],
                [
                    489.02399999999994,
                    888.9480000000001
                ],
                [
                    499.00800000000004,
                    914.004
                ],
                [
                    515.904,
                    944.028
                ],
                [
                    524.928,
                    980.9639999999999
                ],
                [
                    524.928,
                    1029.024
                ],
                [
                    519.9359999999999,
                    1045.98
                ],
                [
                    518.976,
                    1059.048
                ],
                [
                    513.984,
                    1067.04
                ],
                [
                    513.024,
                    1080
                ]
            ]
        },
        {
            "ID": "2",
            "CLASS": "플라스틱",
            "DETAILS": "PP",
            "DAMAGE": "원형",
            "DIRTINESS": "이물질(내부)",
            "COVER": "없음",
            "TRANSPARENCY": "불투명",
            "SHAPE": "원형용기형",
            "SHAPE_TYPE": "POLYGON",
            "POINTS": [
                [
                    1002.048,
                    319.032
                ],
                [
                    984.96,
                    317.952
                ],
                [
                    975.9359999999999,
                    316.00800000000004
                ],
                [
                    970.9440000000001,
                    312.984
                ],
                [
                    969.0240000000001,
                    311.03999999999996
                ],
                [
                    964.0319999999999,
                    305.964
                ],
                [
                    960,
                    304.99199999999996
                ],
                [
                    945.984,
                    299.05199999999996
                ],
                [
                    939.072,
                    294.94800000000004
                ],
                [
                    936,
                    293.976
                ],
                [
                    930.048,
                    289.98
                ],
                [
                    921.984,
                    281.988
                ],
                [
                    916.032,
                    276.048
                ],
                [
                    907.0079999999999,
                    262.98
                ],
                [
                    903.936,
                    258.012
                ],
                [
                    897.024,
                    245.052
                ],
                [
                    883.0079999999999,
                    218.052
                ],
                [
                    874.944,
                    193.96800000000002
                ],
                [
                    873.024,
                    169.02
                ],
                [
                    873.024,
                    151.956
                ],
                [
                    877.0559999999999,
                    141.048
                ],
                [
                    883.0079999999999,
                    131.00400000000002
                ],
                [
                    896.064,
                    122.04
                ],
                [
                    912,
                    115.02
                ],
                [
                    916.9920000000001,
                    111.024
                ],
                [
                    924.096,
                    96.012
                ],
                [
                    926.976,
                    77.004
                ],
                [
                    935.04,
                    65.01599999999999
                ],
                [
                    944.0640000000001,
                    56.052
                ],
                [
                    964.0319999999999,
                    47.952000000000005
                ],
                [
                    974.9760000000001,
                    46.98
                ],
                [
                    998.0160000000001,
                    46.98
                ],
                [
                    1007.04,
                    50.004
                ],
                [
                    1017.0239999999999,
                    54
                ],
                [
                    1032.96,
                    62.964
                ],
                [
                    1051.008,
                    76.03200000000001
                ],
                [
                    1070.9759999999999,
                    95.03999999999999
                ],
                [
                    1090.944,
                    119.988
                ],
                [
                    1104.96,
                    142.02
                ],
                [
                    1105.9199999999998,
                    147.96
                ],
                [
                    1116.096,
                    165.996
                ],
                [
                    1119.9360000000001,
                    177.012
                ],
                [
                    1126.08,
                    200.016
                ],
                [
                    1124.9279999999999,
                    242.028
                ],
                [
                    1119.9360000000001,
                    255.95999999999998
                ],
                [
                    1104.96,
                    274.968
                ],
                [
                    1085.952,
                    286.956
                ],
                [
                    1075.968,
                    289.98
                ],
                [
                    1060.992,
                    292.032
                ],
                [
                    1051.008,
                    299.05199999999996
                ],
                [
                    1040.0639999999999,
                    303.048
                ],
                [
                    1023.936,
                    312.984
                ],
                [
                    1013.952,
                    316.97999999999996
                ]
            ]
        },
        {
            "ID": "3",
            "CLASS": "플라스틱",
            "DETAILS": "PP",
            "DAMAGE": "찌그러짐",
            "DIRTINESS": "이물질(외부)",
            "COVER": "겹침",
            "TRANSPARENCY": "불투명",
            "SHAPE": "사각용기형",
            "SHAPE_TYPE": "POLYGON",
            "POINTS": [
                [
                    776.064,
                    408.024
                ],
                [
                    758.016,
                    412.992
                ],
                [
                    755.904,
                    401.004
                ],
                [
                    747.072,
                    392.03999999999996
                ],
                [
                    742.08,
                    382.968
                ],
                [
                    739.9680000000001,
                    373.032
                ],
                [
                    735.9359999999999,
                    276.048
                ],
                [
                    742.08,
                    243
                ],
                [
                    752.064,
                    223.01999999999998
                ],
                [
                    763.968,
                    208.98000000000002
                ],
                [
                    782.976,
                    196.99200000000002
                ],
                [
                    796.9920000000001,
                    189.972
                ],
                [
                    805.056,
                    184.03199999999998
                ],
                [
                    814.0799999999999,
                    177.984
                ],
                [
                    820.0319999999999,
                    173.01600000000002
                ],
                [
                    830.976,
                    166.968
                ],
                [
                    840,
                    166.968
                ],
                [
                    864.96,
                    169.02
                ],
                [
                    872.064,
                    170.964
                ],
                [
                    873.984,
                    193.96800000000002
                ],
                [
                    882.048,
                    218.052
                ],
                [
                    889.9200000000001,
                    232.95600000000002
                ],
                [
                    902.976,
                    258.012
                ],
                [
                    916.032,
                    277.02
                ],
                [
                    931.968,
                    290.952
                ],
                [
                    945.024,
                    299.05199999999996
                ],
                [
                    959.04,
                    305.964
                ],
                [
                    964.0319999999999,
                    307.044
                ],
                [
                    969.9839999999999,
                    312.012
                ],
                [
                    971.904,
                    319.032
                ],
                [
                    971.904,
                    331.992
                ],
                [
                    966.912,
                    326.052
                ],
                [
                    961.92,
                    321.948
                ],
                [
                    955.008,
                    319.032
                ],
                [
                    949.056,
                    320.004
                ],
                [
                    941.952,
                    320.976
                ],
                [
                    935.04,
                    327.99600000000004
                ],
                [
                    931.008,
                    338.04
                ],
                [
                    922.9440000000001,
                    344.952
                ],
                [
                    920.0640000000001,
                    347.976
                ],
                [
                    912.9599999999999,
                    350.028
                ],
                [
                    908.928,
                    354.996
                ],
                [
                    897.984,
                    362.016
                ],
                [
                    886.08,
                    367.956
                ],
                [
                    882.048,
                    370.00800000000004
                ],
                [
                    875.904,
                    373.032
                ],
                [
                    868.032,
                    374.004
                ],
                [
                    863.04,
                    377.028
                ],
                [
                    859.008,
                    380.05199999999996
                ],
                [
                    851.904,
                    380.05199999999996
                ],
                [
                    845.952,
                    385.992
                ],
                [
                    835.008,
                    389.988
                ],
                [
                    824.0640000000001,
                    393.012
                ],
                [
                    806.976,
                    394.956
                ],
                [
                    787.968,
                    401.976
                ]
            ]
        },
        {
            "ID": "4",
            "CLASS": "플라스틱",
            "DETAILS": "PP",
            "DAMAGE": "찌그러짐",
            "DIRTINESS": "이물질(외부)",
            "COVER": "없음",
            "TRANSPARENCY": "불투명",
            "SHAPE": "사각용기형",
            "SHAPE_TYPE": "POLYGON",
            "POINTS": [
                [
                    859.008,
                    770.04
                ],
                [
                    840,
                    763.9920000000001
                ],
                [
                    824.0640000000001,
                    755.028
                ],
                [
                    811.968,
                    756.972
                ],
                [
                    801.984,
                    753.9480000000001
                ],
                [
                    766.08,
                    716.0400000000001
                ],
                [
                    743.04,
                    681.048
                ],
                [
                    734.976,
                    660.96
                ],
                [
                    729.024,
                    624.996
                ],
                [
                    724.0319999999999,
                    609.012
                ],
                [
                    723.072,
                    591.948
                ],
                [
                    718.08,
                    574.992
                ],
                [
                    716.928,
                    556.956
                ],
                [
                    701.952,
                    489.996
                ],
                [
                    723.072,
                    470.988
                ],
                [
                    725.952,
                    466.02
                ],
                [
                    725.952,
                    454.032
                ],
                [
                    730.944,
                    439.02
                ],
                [
                    738.048,
                    428.00399999999996
                ],
                [
                    752.064,
                    415.044
                ],
                [
                    776.064,
                    408.024
                ],
                [
                    806.016,
                    394.956
                ],
                [
                    824.0640000000001,
                    393.012
                ],
                [
                    835.008,
                    389.988
                ],
                [
                    845.952,
                    385.992
                ],
                [
                    851.904,
                    381.024
                ],
                [
                    859.008,
                    380.05199999999996
                ],
                [
                    868.032,
                    374.004
                ],
                [
                    875.904,
                    373.032
                ],
                [
                    894.912,
                    363.96000000000004
                ],
                [
                    908.928,
                    355.968
                ],
                [
                    912.9599999999999,
                    350.028
                ],
                [
                    920.0640000000001,
                    347.976
                ],
                [
                    931.008,
                    338.04
                ],
                [
                    935.04,
                    327.99600000000004
                ],
                [
                    941.952,
                    321.948
                ],
                [
                    948.096,
                    320.004
                ],
                [
                    954.048,
                    320.004
                ],
                [
                    960.9599999999999,
                    321.948
                ],
                [
                    966.912,
                    327.024
                ],
                [
                    971.904,
                    332.964
                ],
                [
                    974.016,
                    347.976
                ],
                [
                    974.016,
                    366.012
                ],
                [
                    983.9999999999999,
                    385.992
                ],
                [
                    996.0960000000001,
                    428.976
                ],
                [
                    1009.9200000000001,
                    463.96799999999996
                ],
                [
                    1012.992,
                    478.008
                ],
                [
                    1028.928,
                    516.024
                ],
                [
                    1040.0639999999999,
                    554.04
                ],
                [
                    1042.944,
                    573.048
                ],
                [
                    1047.936,
                    601.992
                ],
                [
                    1056,
                    644.004
                ],
                [
                    1056,
                    660.96
                ],
                [
                    1051.008,
                    679.9680000000001
                ],
                [
                    1041.984,
                    698.976
                ],
                [
                    1028.928,
                    712.044
                ],
                [
                    1022.9760000000001,
                    714.96
                ],
                [
                    1007.04,
                    718.9559999999999
                ],
                [
                    988.0319999999999,
                    720.036
                ],
                [
                    966.912,
                    725.976
                ],
                [
                    950.976,
                    732.024
                ],
                [
                    945.024,
                    736.02
                ],
                [
                    937.92,
                    736.992
                ],
                [
                    906.048,
                    753.9480000000001
                ],
                [
                    897.984,
                    759.996
                ],
                [
                    873.024,
                    770.04
                ]
            ]
        }
    ]
}