{
    "IMAGE_INFO": {
        "FILE_NAME": "1001487@0_04002_220906_P1_T3__0287.jpg",
        "DATE": "2022-10-21 15:34:22",
        "RESOLUTION": "1920 x 1080",
        "IMAGE_PHOTOGRAPHER": "이지은",
        "FOCUS_DISTANCE": "5.6",
        "EXPOSURE_TIME": "1/400",
        "SENSITIVITY_ISO": "12800",
        "PLACE": "삼오자원",
        "REGION_NAME": null,
        "Direction": "0",
        "HEIGHT": "100",
        "DAY/NIGHT": "주간",
        "WEATHER": "맑음",
        "IMAGE_HEIGHT": 1080,
        "IMAGE_WIDTH": 1920,
        "IMAGE_SIZE": "629.6 KB"
    },
    "ANNOTATION_INFO": [
        {
            "ID": "1",
            "CLASS": "플라스틱",
            "DETAILS": "PP",
            "DAMAGE": "원형",
            "DIRTINESS": "오염없음",
            "COVER": "없음",
            "TRANSPARENCY": "불투명",
            "SHAPE": "원형용기형",
            "SHAPE_TYPE": "POLYGON",
            "POINTS": [
                [
                    873.984,
                    990.036
                ],
                [
                    859.9680000000001,
                    987.0120000000001
                ],
                [
                    854.976,
                    983.988
                ],
                [
                    849.024,
                    983.016
                ],
                [
                    845.952,
                    982.044
                ],
                [
                    840,
                    978.048
                ],
                [
                    825.024,
                    967.0319999999999
                ],
                [
                    817.92,
                    960.0120000000001
                ],
                [
                    811.008,
                    951.048
                ],
                [
                    807.936,
                    945.972
                ],
                [
                    805.056,
                    942.948
                ],
                [
                    797.952,
                    928.044
                ],
                [
                    797.952,
                    925.0200000000001
                ],
                [
                    793.92,
                    915.948
                ],
                [
                    792.9599999999999,
                    911.952
                ],
                [
                    791.04,
                    899.964
                ],
                [
                    791.04,
                    875.0160000000001
                ],
                [
                    793.92,
                    863.028
                ],
                [
                    793.92,
                    856.0079999999999
                ],
                [
                    795.072,
                    851.0400000000001
                ],
                [
                    798.912,
                    837
                ],
                [
                    805.056,
                    824.04
                ],
                [
                    807.936,
                    820.044
                ],
                [
                    810.048,
                    818.9639999999999
                ],
                [
                    811.008,
                    814.9680000000001
                ],
                [
                    820.0319999999999,
                    802.98
                ],
                [
                    828.096,
                    794.9879999999999
                ],
                [
                    849.024,
                    779.004
                ],
                [
                    853.0559999999999,
                    778.032
                ],
                [
                    868.032,
                    771.012
                ],
                [
                    886.08,
                    767.0160000000001
                ],
                [
                    912.9599999999999,
                    767.0160000000001
                ],
                [
                    929.088,
                    771.012
                ],
                [
                    935.04,
                    774.0360000000001
                ],
                [
                    939.072,
                    775.008
                ],
                [
                    949.056,
                    779.976
                ],
                [
                    955.008,
                    785.052
                ],
                [
                    955.9680000000001,
                    785.052
                ],
                [
                    960.9599999999999,
                    789.048
                ],
                [
                    969.0240000000001,
                    795.96
                ],
                [
                    979.008,
                    806.976
                ],
                [
                    989.9519999999999,
                    825.0120000000001
                ],
                [
                    990.912,
                    829.9799999999999
                ],
                [
                    993.9840000000002,
                    834.948
                ],
                [
                    998.0160000000001,
                    847.044
                ],
                [
                    999.936,
                    863.028
                ],
                [
                    998.976,
                    887.004
                ],
                [
                    996.0960000000001,
                    894.996
                ],
                [
                    994.944,
                    905.04
                ],
                [
                    988.0319999999999,
                    921.996
                ],
                [
                    979.008,
                    933.984
                ],
                [
                    974.9760000000001,
                    941.976
                ],
                [
                    969.9839999999999,
                    948.9960000000001
                ],
                [
                    955.9680000000001,
                    964.9799999999999
                ],
                [
                    940.0319999999999,
                    976.968
                ],
                [
                    936.96,
                    978.048
                ],
                [
                    932.928,
                    980.9639999999999
                ],
                [
                    918.912,
                    987.0120000000001
                ],
                [
                    915.072,
                    987.0120000000001
                ],
                [
                    912,
                    987.9839999999999
                ],
                [
                    906.048,
                    987.9839999999999
                ],
                [
                    901.056,
                    990.036
                ],
                [
                    873.984,
                    990.036
                ]
            ]
        },
        {
            "ID": "2",
            "CLASS": "플라스틱",
            "DETAILS": "PP",
            "DAMAGE": "찌그러짐",
            "DIRTINESS": "오염없음",
            "COVER": "없음",
            "TRANSPARENCY": "불투명",
            "SHAPE": "원형용기형",
            "SHAPE_TYPE": "POLYGON",
            "POINTS": [
                [
                    1555.0079999999998,
                    311.03999999999996
                ],
                [
                    1548.096,
                    308.016
                ],
                [
                    1542.912,
                    303.048
                ],
                [
                    1540.0320000000002,
                    297.972
                ],
                [
                    1540.0320000000002,
                    290.952
                ],
                [
                    1536.96,
                    281.988
                ],
                [
                    1536,
                    270.97200000000004
                ],
                [
                    1529.088,
                    250.992
                ],
                [
                    1529.088,
                    242.028
                ],
                [
                    1526.976,
                    232.95600000000002
                ],
                [
                    1526.0159999999998,
                    215.028
                ],
                [
                    1522.944,
                    205.95600000000002
                ],
                [
                    1521.0240000000001,
                    185.976
                ],
                [
                    1515.0720000000001,
                    162.972
                ],
                [
                    1515.0720000000001,
                    153.036
                ],
                [
                    1517.952,
                    143.964
                ],
                [
                    1521.984,
                    138.024
                ],
                [
                    1526.976,
                    132.948
                ],
                [
                    1534.0800000000002,
                    127.97999999999999
                ],
                [
                    1590.912,
                    127.97999999999999
                ],
                [
                    1598.016,
                    127.008
                ],
                [
                    1602.048,
                    124.956
                ],
                [
                    1608,
                    123.984
                ],
                [
                    1618.944,
                    123.984
                ],
                [
                    1627.968,
                    120.96000000000001
                ],
                [
                    1631.04,
                    120.96000000000001
                ],
                [
                    1641.0240000000001,
                    115.02
                ],
                [
                    1652.9279999999999,
                    111.024
                ],
                [
                    1656,
                    111.024
                ],
                [
                    1666.944,
                    107.02799999999999
                ],
                [
                    1671.9360000000001,
                    105.94800000000001
                ],
                [
                    1680,
                    105.94800000000001
                ],
                [
                    1693.056,
                    108.97200000000001
                ],
                [
                    1708.032,
                    115.99199999999999
                ],
                [
                    1718.016,
                    123.012
                ],
                [
                    1726.08,
                    131.00400000000002
                ],
                [
                    1737.024,
                    149.04000000000002
                ],
                [
                    1746.048,
                    170.964
                ],
                [
                    1747.008,
                    176.04000000000002
                ],
                [
                    1747.008,
                    180.03599999999997
                ],
                [
                    1742.976,
                    193.96800000000002
                ],
                [
                    1738.944,
                    205.95600000000002
                ],
                [
                    1734.9119999999998,
                    213.948
                ],
                [
                    1732.032,
                    215.028
                ],
                [
                    1731.072,
                    219.024
                ],
                [
                    1727.04,
                    223.992
                ],
                [
                    1705.9199999999998,
                    243.97199999999998
                ],
                [
                    1704.96,
                    246.99599999999998
                ],
                [
                    1704.96,
                    270.97200000000004
                ],
                [
                    1703.04,
                    281.988
                ],
                [
                    1695.936,
                    290.952
                ],
                [
                    1691.904,
                    293.00399999999996
                ],
                [
                    1685.952,
                    297.972
                ],
                [
                    1675.968,
                    300.996
                ],
                [
                    1671.9360000000001,
                    303.048
                ],
                [
                    1614.9119999999998,
                    303.048
                ],
                [
                    1604.9279999999999,
                    304.99199999999996
                ],
                [
                    1593.024,
                    305.964
                ],
                [
                    1583.04,
                    308.016
                ],
                [
                    1578.048,
                    308.016
                ],
                [
                    1564.032,
                    311.03999999999996
                ],
                [
                    1555.0079999999998,
                    311.03999999999996
                ]
            ]
        },
        {
            "ID": "3",
            "CLASS": "플라스틱",
            "DETAILS": "PP",
            "DAMAGE": "찌그러짐",
            "DIRTINESS": "오염없음",
            "COVER": "없음",
            "TRANSPARENCY": "불투명",
            "SHAPE": "원형용기형",
            "SHAPE_TYPE": "POLYGON",
            "POINTS": [
                [
                    210.048,
                    698.004
                ],
                [
                    201.984,
                    695.952
                ],
                [
                    183.93599999999998,
                    686.016
                ],
                [
                    171.072,
                    658.044
                ],
                [
                    148.032,
                    636.012
                ],
                [
                    129.98399999999998,
                    612.036
                ],
                [
                    123.072,
                    590.004
                ],
                [
                    111.93599999999999,
                    571.968
                ],
                [
                    111.93599999999999,
                    537.948
                ],
                [
                    124.03200000000001,
                    512.028
                ],
                [
                    148.032,
                    486
                ],
                [
                    158.976,
                    479.952
                ],
                [
                    180.096,
                    474.012
                ],
                [
                    225.984,
                    474.012
                ],
                [
                    252.096,
                    479.952
                ],
                [
                    268.032,
                    488.052
                ],
                [
                    275.904,
                    489.996
                ],
                [
                    296.064,
                    489.996
                ],
                [
                    310.08,
                    492.048
                ],
                [
                    321.024,
                    496.044
                ],
                [
                    337.91999999999996,
                    513.972
                ],
                [
                    345.024,
                    536.004
                ],
                [
                    344.064,
                    566.028
                ],
                [
                    337.91999999999996,
                    590.004
                ],
                [
                    313.92,
                    636.012
                ],
                [
                    283.968,
                    668.952
                ],
                [
                    265.92,
                    682.02
                ],
                [
                    244.03199999999998,
                    693.0360000000001
                ],
                [
                    225.024,
                    698.004
                ],
                [
                    210.048,
                    698.004
                ]
            ]
        },
        {
            "ID": "4",
            "CLASS": "플라스틱",
            "DETAILS": "PP",
            "DAMAGE": "원형",
            "DIRTINESS": "오염없음",
            "COVER": "없음",
            "TRANSPARENCY": "불투명",
            "SHAPE": "사각용기형",
            "SHAPE_TYPE": "POLYGON",
            "POINTS": [
                [
                    841.92,
                    536.976
                ],
                [
                    824.0640000000001,
                    531.0360000000001
                ],
                [
                    801.984,
                    517.9680000000001
                ],
                [
                    786.048,
                    497.988
                ],
                [
                    773.952,
                    470.01599999999996
                ],
                [
                    731.904,
                    317.952
                ],
                [
                    711.936,
                    222.048
                ],
                [
                    708.096,
                    181.98000000000002
                ],
                [
                    714.048,
                    154.008
                ],
                [
                    724.0319999999999,
                    138.024
                ],
                [
                    738.048,
                    123.984
                ],
                [
                    753.984,
                    114.048
                ],
                [
                    762.048,
                    111.996
                ],
                [
                    782.016,
                    93.96
                ],
                [
                    800.0640000000001,
                    88.02000000000001
                ],
                [
                    810.048,
                    87.048
                ],
                [
                    820.0319999999999,
                    81.972
                ],
                [
                    830.976,
                    81
                ],
                [
                    855.9359999999999,
                    72.036
                ],
                [
                    873.024,
                    69.012
                ],
                [
                    882.048,
                    64.044
                ],
                [
                    893.952,
                    62.964
                ],
                [
                    903.936,
                    57.995999999999995
                ],
                [
                    916.032,
                    57.024
                ],
                [
                    926.976,
                    51.94799999999999
                ],
                [
                    939.072,
                    50.976
                ],
                [
                    948.096,
                    46.007999999999996
                ],
                [
                    961.92,
                    45.036
                ],
                [
                    971.904,
                    39.96
                ],
                [
                    982.0799999999999,
                    38.988
                ],
                [
                    993.024,
                    34.02
                ],
                [
                    1006.08,
                    33.048
                ],
                [
                    1017.0239999999999,
                    27.971999999999998
                ],
                [
                    1035.0720000000001,
                    26.028
                ],
                [
                    1041.0240000000001,
                    22.032
                ],
                [
                    1052.9279999999999,
                    20.952
                ],
                [
                    1065.024,
                    15.984
                ],
                [
                    1094.976,
                    14.04
                ],
                [
                    1102.08,
                    10.043999999999999
                ],
                [
                    1126.08,
                    7.992
                ],
                [
                    1140.096,
                    3.024
                ],
                [
                    1161.984,
                    0
                ],
                [
                    1304.064,
                    0
                ],
                [
                    1352.064,
                    155.952
                ],
                [
                    1353.024,
                    169.99200000000002
                ],
                [
                    1369.92,
                    231.98399999999998
                ],
                [
                    1386.048,
                    315.036
                ],
                [
                    1380.096,
                    332.964
                ],
                [
                    1362.048,
                    355.968
                ],
                [
                    1356.096,
                    384.048
                ],
                [
                    1348.032,
                    398.952
                ],
                [
                    1335.936,
                    411.048
                ],
                [
                    1318.08,
                    421.956
                ],
                [
                    1291.968,
                    429.94800000000004
                ],
                [
                    1283.904,
                    435.024
                ],
                [
                    1249.92,
                    435.024
                ],
                [
                    1224,
                    429.94800000000004
                ],
                [
                    1209.984,
                    432
                ],
                [
                    1190.016,
                    442.044
                ],
                [
                    1185.9840000000002,
                    442.044
                ],
                [
                    1167.936,
                    458.02799999999996
                ],
                [
                    1161.984,
                    459
                ],
                [
                    1155.0720000000001,
                    465.048
                ],
                [
                    1150.08,
                    466.02
                ],
                [
                    1136.064,
                    483.948
                ],
                [
                    1123.968,
                    486
                ],
                [
                    1122.048,
                    483.948
                ],
                [
                    1116.096,
                    483.948
                ],
                [
                    1105.9199999999998,
                    489.024
                ],
                [
                    1091.904,
                    489.996
                ],
                [
                    1081.92,
                    494.964
                ],
                [
                    1068.096,
                    496.044
                ],
                [
                    1052.9279999999999,
                    505.98
                ],
                [
                    1028.928,
                    509.976
                ],
                [
                    1011.0719999999999,
                    516.024
                ],
                [
                    998.976,
                    512.028
                ],
                [
                    971.904,
                    513.972
                ],
                [
                    958.08,
                    519.048
                ],
                [
                    940.0319999999999,
                    520.02
                ],
                [
                    927.936,
                    524.9879999999999
                ],
                [
                    912,
                    525.96
                ],
                [
                    897.984,
                    531.0360000000001
                ],
                [
                    882.048,
                    532.0079999999999
                ],
                [
                    865.9200000000001,
                    536.976
                ],
                [
                    841.92,
                    536.976
                ]
            ]
        }
    ]
}