{
    "IMAGE_INFO": {
        "FILE_NAME": "1001485@0_04002_220906_P1_T3__0112.jpg",
        "DATE": "2022-10-21 15:33:54",
        "RESOLUTION": "1920 x 1080",
        "IMAGE_PHOTOGRAPHER": "이지은",
        "FOCUS_DISTANCE": "5.6",
        "EXPOSURE_TIME": "1/400",
        "SENSITIVITY_ISO": "12800",
        "PLACE": "삼오자원",
        "REGION_NAME": null,
        "Direction": "0",
        "HEIGHT": "100",
        "DAY/NIGHT": "주간",
        "WEATHER": "맑음",
        "IMAGE_HEIGHT": 1080,
        "IMAGE_WIDTH": 1920,
        "IMAGE_SIZE": "614.7 KB"
    },
    "ANNOTATION_INFO": [
        {
            "ID": "1",
            "CLASS": "플라스틱",
            "DETAILS": "PP",
            "DAMAGE": "찌그러짐",
            "DIRTINESS": "이물질(외부)",
            "COVER": "없음",
            "TRANSPARENCY": "불투명",
            "SHAPE": "원형용기형",
            "SHAPE_TYPE": "POLYGON",
            "POINTS": [
                [
                    275.904,
                    586.98
                ],
                [
                    252.096,
                    583.9559999999999
                ],
                [
                    226.944,
                    577.044
                ],
                [
                    188.928,
                    560.952
                ],
                [
                    162.048,
                    542.052
                ],
                [
                    153.98399999999998,
                    529.956
                ],
                [
                    115.968,
                    497.988
                ],
                [
                    99.072,
                    477.036
                ],
                [
                    71.03999999999999,
                    447.984
                ],
                [
                    47.04,
                    413.964
                ],
                [
                    43.008,
                    404.02799999999996
                ],
                [
                    38.976,
                    401.004
                ],
                [
                    22.08,
                    362.988
                ],
                [
                    12.096,
                    324
                ],
                [
                    14.016,
                    273.996
                ],
                [
                    29.951999999999998,
                    216
                ],
                [
                    43.008,
                    185.00400000000002
                ],
                [
                    75.072,
                    138.024
                ],
                [
                    102.912,
                    107.02799999999999
                ],
                [
                    134.016,
                    81
                ],
                [
                    149.952,
                    70.95599999999999
                ],
                [
                    191.04000000000002,
                    51.94799999999999
                ],
                [
                    212.928,
                    45.036
                ],
                [
                    230.976,
                    42.01199999999999
                ],
                [
                    297.98400000000004,
                    42.01199999999999
                ],
                [
                    325.05600000000004,
                    45.036
                ],
                [
                    340.992,
                    51.94799999999999
                ],
                [
                    349.056,
                    51.94799999999999
                ],
                [
                    374.976,
                    65.01599999999999
                ],
                [
                    379.008,
                    65.01599999999999
                ],
                [
                    385.92,
                    69.984
                ],
                [
                    393.984,
                    70.95599999999999
                ],
                [
                    451.968,
                    110.052
                ],
                [
                    493.0559999999999,
                    154.008
                ],
                [
                    508.992,
                    177.012
                ],
                [
                    518.976,
                    199.04399999999998
                ],
                [
                    528,
                    231.98399999999998
                ],
                [
                    539.904,
                    261.036
                ],
                [
                    542.016,
                    276.048
                ],
                [
                    553.92,
                    303.048
                ],
                [
                    560.0640000000001,
                    328.96799999999996
                ],
                [
                    564.096,
                    362.988
                ],
                [
                    564.096,
                    393.98400000000004
                ],
                [
                    560.0640000000001,
                    424.98
                ],
                [
                    550.0799999999999,
                    438.048
                ],
                [
                    542.016,
                    461.052
                ],
                [
                    523.0079999999999,
                    497.988
                ],
                [
                    513.024,
                    505.98
                ],
                [
                    490.94399999999996,
                    516.996
                ],
                [
                    480.96,
                    524.9879999999999
                ],
                [
                    466.944,
                    532.0079999999999
                ],
                [
                    456,
                    540
                ],
                [
                    433.92,
                    551.016
                ],
                [
                    392.06399999999996,
                    567.972
                ],
                [
                    366.912,
                    575.9639999999999
                ],
                [
                    326.976,
                    583.9559999999999
                ],
                [
                    296.064,
                    585.036
                ],
                [
                    293.952,
                    586.98
                ]
            ]
        },
        {
            "ID": "2",
            "CLASS": "플라스틱",
            "DETAILS": "PP",
            "DAMAGE": "찌그러짐",
            "DIRTINESS": "이물질(외부)",
            "COVER": "없음",
            "TRANSPARENCY": "투명",
            "SHAPE": "사각용기형",
            "SHAPE_TYPE": "POLYGON",
            "POINTS": [
                [
                    480.96,
                    1080
                ],
                [
                    479.04,
                    1059.048
                ],
                [
                    484.032,
                    1018.008
                ],
                [
                    494.97599999999994,
                    994.032
                ],
                [
                    512.064,
                    976.968
                ],
                [
                    514.944,
                    968.976
                ],
                [
                    523.0079999999999,
                    961.956
                ],
                [
                    532.032,
                    945
                ],
                [
                    556.9920000000001,
                    921.996
                ],
                [
                    581.952,
                    891.972
                ],
                [
                    634.944,
                    851.0400000000001
                ],
                [
                    652.032,
                    833.004
                ],
                [
                    701.952,
                    791.9639999999999
                ],
                [
                    713.088,
                    778.032
                ],
                [
                    766.08,
                    732.996
                ],
                [
                    791.04,
                    717.9839999999999
                ],
                [
                    830.976,
                    685.044
                ],
                [
                    864,
                    662.04
                ],
                [
                    878.016,
                    655.9920000000001
                ],
                [
                    908.928,
                    647.028
                ],
                [
                    926.016,
                    647.028
                ],
                [
                    936.96,
                    651.024
                ],
                [
                    945.024,
                    664.956
                ],
                [
                    959.04,
                    678.024
                ],
                [
                    969.9839999999999,
                    697.0319999999999
                ],
                [
                    983.9999999999999,
                    712.044
                ],
                [
                    994.944,
                    718.9559999999999
                ],
                [
                    1014.9119999999999,
                    741.96
                ],
                [
                    1035.0720000000001,
                    756
                ],
                [
                    1036.992,
                    762.048
                ],
                [
                    1046.0159999999998,
                    767.9879999999999
                ],
                [
                    1054.0800000000002,
                    779.976
                ],
                [
                    1070.9759999999999,
                    794.9879999999999
                ],
                [
                    1079.0400000000002,
                    813.9960000000001
                ],
                [
                    1089.984,
                    825.984
                ],
                [
                    1132.032,
                    855.036
                ],
                [
                    1162.944,
                    886.032
                ],
                [
                    1190.9759999999999,
                    901.0440000000001
                ],
                [
                    1199.0400000000002,
                    909.0360000000001
                ],
                [
                    1224,
                    910.008
                ],
                [
                    1233.024,
                    915.948
                ],
                [
                    1236.096,
                    922.9680000000001
                ],
                [
                    1252.032,
                    941.0039999999999
                ],
                [
                    1277.952,
                    979.02
                ],
                [
                    1305.9840000000002,
                    1010.988
                ],
                [
                    1324.9920000000002,
                    1049.9759999999999
                ],
                [
                    1324.9920000000002,
                    1061.964
                ],
                [
                    1330.944,
                    1073.952
                ],
                [
                    1330.944,
                    1080
                ]
            ]
        },
        {
            "ID": "3",
            "CLASS": "플라스틱",
            "DETAILS": "PP",
            "DAMAGE": "찌그러짐",
            "DIRTINESS": "오염없음",
            "COVER": "겹침",
            "TRANSPARENCY": "불투명",
            "SHAPE": "사각용기형",
            "SHAPE_TYPE": "POLYGON",
            "POINTS": [
                [
                    767.0400000000001,
                    729
                ],
                [
                    762.048,
                    725.976
                ],
                [
                    750.912,
                    710.9639999999999
                ],
                [
                    740.928,
                    712.044
                ],
                [
                    735.9359999999999,
                    710.9639999999999
                ],
                [
                    731.904,
                    708.048
                ],
                [
                    715.9680000000001,
                    708.048
                ],
                [
                    704.0640000000001,
                    712.044
                ],
                [
                    692.928,
                    713.016
                ],
                [
                    663.936,
                    713.016
                ],
                [
                    657.024,
                    710.9639999999999
                ],
                [
                    642.048,
                    691.956
                ],
                [
                    633.024,
                    671.0039999999999
                ],
                [
                    630.912,
                    656.9639999999999
                ],
                [
                    627.072,
                    650.052
                ],
                [
                    615.9359999999999,
                    604.044
                ],
                [
                    609.024,
                    586.98
                ],
                [
                    591.936,
                    520.992
                ],
                [
                    585.984,
                    506.952
                ],
                [
                    585.024,
                    497.016
                ],
                [
                    580.992,
                    489.024
                ],
                [
                    576,
                    463.96799999999996
                ],
                [
                    571.968,
                    455.004
                ],
                [
                    570.048,
                    421.956
                ],
                [
                    569.088,
                    416.01599999999996
                ],
                [
                    566.016,
                    412.992
                ],
                [
                    566.016,
                    396.036
                ],
                [
                    566.976,
                    390.96
                ],
                [
                    576,
                    378.972
                ],
                [
                    585.984,
                    374.004
                ],
                [
                    593.088,
                    373.032
                ],
                [
                    603.072,
                    367.956
                ],
                [
                    606.912,
                    363.96000000000004
                ],
                [
                    622.08,
                    358.02000000000004
                ],
                [
                    624,
                    354.996
                ],
                [
                    629.952,
                    354.024
                ],
                [
                    632.064,
                    351
                ],
                [
                    634.944,
                    350.028
                ],
                [
                    642.048,
                    340.95599999999996
                ],
                [
                    641.088,
                    320.004
                ],
                [
                    643.968,
                    316.00800000000004
                ],
                [
                    648.96,
                    316.00800000000004
                ],
                [
                    657.024,
                    317.952
                ],
                [
                    662.976,
                    324.972
                ],
                [
                    666.048,
                    339.98400000000004
                ],
                [
                    671.04,
                    354.024
                ],
                [
                    676.9920000000001,
                    363.96000000000004
                ],
                [
                    686.976,
                    398.952
                ],
                [
                    705.984,
                    451.00800000000004
                ],
                [
                    721.92,
                    515.052
                ],
                [
                    734.016,
                    543.024
                ],
                [
                    745.9200000000001,
                    567
                ],
                [
                    759.9359999999999,
                    586.98
                ],
                [
                    759.9359999999999,
                    590.004
                ],
                [
                    777.024,
                    613.008
                ],
                [
                    792,
                    628.9920000000001
                ],
                [
                    796.032,
                    636.984
                ],
                [
                    797.952,
                    650.052
                ],
                [
                    819.072,
                    685.044
                ],
                [
                    819.072,
                    694.0079999999999
                ],
                [
                    814.0799999999999,
                    701.028
                ],
                [
                    787.0079999999999,
                    720.036
                ]
            ]
        },
        {
            "ID": "4",
            "CLASS": "플라스틱",
            "DETAILS": "PP",
            "DAMAGE": "찌그러짐",
            "DIRTINESS": "이물질(외부)",
            "COVER": "없음",
            "TRANSPARENCY": "불투명",
            "SHAPE": "원형용기형",
            "SHAPE_TYPE": "POLYGON",
            "POINTS": [
                [
                    1325.952,
                    1080
                ],
                [
                    1325.952,
                    1063.0439999999999
                ],
                [
                    1321.92,
                    1048.0320000000002
                ],
                [
                    1324.9920000000002,
                    1037.988
                ],
                [
                    1329.0240000000001,
                    1033.992
                ],
                [
                    1329.984,
                    1029.024
                ],
                [
                    1334.976,
                    1019.952
                ],
                [
                    1339.008,
                    1017.036
                ],
                [
                    1342.08,
                    1010.988
                ],
                [
                    1350.912,
                    999.972
                ],
                [
                    1364.9279999999999,
                    986.0400000000001
                ],
                [
                    1369.92,
                    983.016
                ],
                [
                    1372.032,
                    979.02
                ],
                [
                    1380.096,
                    975.024
                ],
                [
                    1381.056,
                    972.972
                ],
                [
                    1392,
                    965.952
                ],
                [
                    1411.008,
                    956.016
                ],
                [
                    1425.9840000000002,
                    949.9680000000001
                ],
                [
                    1450.944,
                    944.028
                ],
                [
                    1455.936,
                    944.028
                ],
                [
                    1464.96,
                    941.976
                ],
                [
                    1489.92,
                    941.976
                ],
                [
                    1497.984,
                    942.948
                ],
                [
                    1507.008,
                    945
                ],
                [
                    1512,
                    945
                ],
                [
                    1529.088,
                    948.024
                ],
                [
                    1544.064,
                    949.9680000000001
                ],
                [
                    1546.944,
                    951.048
                ],
                [
                    1559.0400000000002,
                    956.9879999999999
                ],
                [
                    1559.0400000000002,
                    957.96
                ],
                [
                    1560.9599999999998,
                    957.96
                ],
                [
                    1570.944,
                    961.956
                ],
                [
                    1583.04,
                    968.004
                ],
                [
                    1593.024,
                    975.024
                ],
                [
                    1597.056,
                    979.02
                ],
                [
                    1606.08,
                    984.96
                ],
                [
                    1612.032,
                    991.0079999999999
                ],
                [
                    1616.064,
                    994.032
                ],
                [
                    1627.008,
                    1005.048
                ],
                [
                    1642.944,
                    1023.9480000000001
                ],
                [
                    1652.9279999999999,
                    1040.04
                ],
                [
                    1660.992,
                    1056.0240000000001
                ],
                [
                    1670.016,
                    1080
                ]
            ]
        }
    ]
}