{
    "IMAGE_INFO": {
        "FILE_NAME": "1001297@0_04002_220906_P1_T3__2358.jpg",
        "DATE": "2022-10-21 15:33:28",
        "RESOLUTION": "1920 x 1080",
        "IMAGE_PHOTOGRAPHER": "이지은",
        "FOCUS_DISTANCE": "5.6",
        "EXPOSURE_TIME": "1/400",
        "SENSITIVITY_ISO": "12800",
        "PLACE": "삼오자원",
        "REGION_NAME": null,
        "Direction": "0",
        "HEIGHT": "100",
        "DAY/NIGHT": "주간",
        "WEATHER": "맑음",
        "IMAGE_HEIGHT": 1080,
        "IMAGE_WIDTH": 1920,
        "IMAGE_SIZE": "587.4 KB"
    },
    "ANNOTATION_INFO": [
        {
            "ID": "1",
            "CLASS": "플라스틱",
            "DETAILS": "PP",
            "DAMAGE": "찌그러짐",
            "DIRTINESS": "오염없음",
            "COVER": "겹침",
            "TRANSPARENCY": "불투명",
            "SHAPE": "사각용기형",
            "SHAPE_TYPE": "POLYGON",
            "POINTS": [
                [
                    1088.0639999999999,
                    1046.952
                ],
                [
                    1084.032,
                    1042.956
                ],
                [
                    1083.0720000000001,
                    1023.9480000000001
                ],
                [
                    1076.9279999999999,
                    1011.96
                ],
                [
                    1071.9360000000001,
                    975.996
                ],
                [
                    1061.952,
                    947.052
                ],
                [
                    1060.992,
                    937.98
                ],
                [
                    1050.048,
                    913.032
                ],
                [
                    1032.96,
                    891
                ],
                [
                    999.936,
                    864.972
                ],
                [
                    996.0960000000001,
                    863.028
                ],
                [
                    988.992,
                    861.948
                ],
                [
                    982.0799999999999,
                    857.952
                ],
                [
                    965.952,
                    856.98
                ],
                [
                    953.088,
                    852.9839999999999
                ],
                [
                    940.992,
                    832.0319999999999
                ],
                [
                    940.992,
                    821.9879999999999
                ],
                [
                    955.9680000000001,
                    790.0200000000001
                ],
                [
                    966.912,
                    771.012
                ],
                [
                    978.0479999999999,
                    756.972
                ],
                [
                    978.0479999999999,
                    753.9480000000001
                ],
                [
                    982.0799999999999,
                    748.008
                ],
                [
                    993.024,
                    737.964
                ],
                [
                    1006.08,
                    721.98
                ],
                [
                    1021.056,
                    709.992
                ],
                [
                    1021.056,
                    708.048
                ],
                [
                    1032.96,
                    694.9799999999999
                ],
                [
                    1055.04,
                    675
                ],
                [
                    1075.0079999999998,
                    651.996
                ],
                [
                    1075.0079999999998,
                    650.052
                ],
                [
                    1088.0639999999999,
                    648.972
                ],
                [
                    1104.96,
                    650.052
                ],
                [
                    1114.944,
                    647.028
                ],
                [
                    1119.9360000000001,
                    643.032
                ],
                [
                    1128,
                    640.98
                ],
                [
                    1131.072,
                    640.98
                ],
                [
                    1141.056,
                    644.004
                ],
                [
                    1147.968,
                    651.996
                ],
                [
                    1147.968,
                    664.956
                ],
                [
                    1141.056,
                    675.972
                ],
                [
                    1141.056,
                    682.992
                ],
                [
                    1146.048,
                    683.9639999999999
                ],
                [
                    1152.96,
                    689.04
                ],
                [
                    1170.048,
                    695.952
                ],
                [
                    1181.952,
                    705.996
                ],
                [
                    1191.9360000000001,
                    720.036
                ],
                [
                    1219.008,
                    771.012
                ],
                [
                    1222.08,
                    779.976
                ],
                [
                    1232.064,
                    795.96
                ],
                [
                    1237.056,
                    810.972
                ],
                [
                    1249.92,
                    836.028
                ],
                [
                    1251.072,
                    847.044
                ],
                [
                    1254.9119999999998,
                    853.9559999999999
                ],
                [
                    1256.064,
                    864.972
                ],
                [
                    1261.056,
                    875.988
                ],
                [
                    1266.048,
                    906.012
                ],
                [
                    1272,
                    924.048
                ],
                [
                    1272,
                    947.052
                ],
                [
                    1261.056,
                    972.972
                ],
                [
                    1244.9279999999999,
                    995.004
                ],
                [
                    1238.9759999999999,
                    1007.964
                ],
                [
                    1232.064,
                    1018.008
                ],
                [
                    1220.928,
                    1026.972
                ],
                [
                    1218.048,
                    1026.972
                ],
                [
                    1211.904,
                    1030.968
                ],
                [
                    1203.0720000000001,
                    1032.048
                ],
                [
                    1194.048,
                    1036.044
                ],
                [
                    1188.096,
                    1037.016
                ],
                [
                    1175.04,
                    1037.016
                ],
                [
                    1156.032,
                    1040.04
                ],
                [
                    1142.976,
                    1040.04
                ],
                [
                    1105.9199999999998,
                    1046.952
                ],
                [
                    1088.0639999999999,
                    1046.952
                ]
            ]
        },
        {
            "ID": "2",
            "CLASS": "플라스틱",
            "DETAILS": "PP",
            "DAMAGE": "찌그러짐",
            "DIRTINESS": "이물질(외부)",
            "COVER": "없음",
            "TRANSPARENCY": "불투명",
            "SHAPE": "원형용기형",
            "SHAPE_TYPE": "POLYGON",
            "POINTS": [
                [
                    1670.9759999999999,
                    265.032
                ],
                [
                    1641.0240000000001,
                    263.952
                ],
                [
                    1631.04,
                    261.036
                ],
                [
                    1621.056,
                    255.95999999999998
                ],
                [
                    1617.984,
                    255.95999999999998
                ],
                [
                    1606.08,
                    249.048
                ],
                [
                    1588.992,
                    235.98
                ],
                [
                    1569.984,
                    212.976
                ],
                [
                    1564.9920000000002,
                    203.04
                ],
                [
                    1555.0079999999998,
                    176.04000000000002
                ],
                [
                    1553.088,
                    158.976
                ],
                [
                    1553.088,
                    145.044
                ],
                [
                    1558.08,
                    123.012
                ],
                [
                    1569.0240000000001,
                    100.008
                ],
                [
                    1583.04,
                    81.972
                ],
                [
                    1596.096,
                    70.95599999999999
                ],
                [
                    1612.992,
                    61.02
                ],
                [
                    1628.928,
                    54.972
                ],
                [
                    1636.992,
                    54.972
                ],
                [
                    1646.0159999999998,
                    51.94799999999999
                ],
                [
                    1665.024,
                    51.94799999999999
                ],
                [
                    1668.096,
                    54
                ],
                [
                    1678.08,
                    54.972
                ],
                [
                    1688.0639999999999,
                    57.995999999999995
                ],
                [
                    1702.08,
                    64.044
                ],
                [
                    1719.9360000000001,
                    76.03200000000001
                ],
                [
                    1728,
                    84.02399999999999
                ],
                [
                    1728,
                    85.968
                ],
                [
                    1731.072,
                    88.02000000000001
                ],
                [
                    1732.992,
                    92.01599999999999
                ],
                [
                    1737.024,
                    93.96
                ],
                [
                    1737.024,
                    96.98400000000001
                ],
                [
                    1741.056,
                    100.98
                ],
                [
                    1741.056,
                    103.032
                ],
                [
                    1745.0880000000002,
                    105.94800000000001
                ],
                [
                    1746.048,
                    111.024
                ],
                [
                    1748.928,
                    112.968
                ],
                [
                    1748.928,
                    116.964
                ],
                [
                    1753.92,
                    122.04
                ],
                [
                    1755.0720000000001,
                    130.03199999999998
                ],
                [
                    1757.952,
                    132.948
                ],
                [
                    1758.912,
                    142.992
                ],
                [
                    1761.984,
                    150.012
                ],
                [
                    1761.984,
                    173.01600000000002
                ],
                [
                    1760.0639999999999,
                    177.012
                ],
                [
                    1757.952,
                    192.996
                ],
                [
                    1755.0720000000001,
                    196.99200000000002
                ],
                [
                    1753.92,
                    204.012
                ],
                [
                    1750.08,
                    208.00799999999998
                ],
                [
                    1748.928,
                    213.948
                ],
                [
                    1742.016,
                    226.044
                ],
                [
                    1719.9360000000001,
                    247.968
                ],
                [
                    1705.9199999999998,
                    255.95999999999998
                ],
                [
                    1694.0159999999998,
                    261.036
                ],
                [
                    1684.9920000000002,
                    262.00800000000004
                ],
                [
                    1681.92,
                    263.952
                ],
                [
                    1670.9759999999999,
                    265.032
                ]
            ]
        },
        {
            "ID": "3",
            "CLASS": "플라스틱",
            "DETAILS": "PP",
            "DAMAGE": "찌그러짐",
            "DIRTINESS": "이물질(외부)",
            "COVER": "없음",
            "TRANSPARENCY": "투명",
            "SHAPE": "원형용기형",
            "SHAPE_TYPE": "POLYGON",
            "POINTS": [
                [
                    1116.096,
                    347.00399999999996
                ],
                [
                    1112.064,
                    346.03200000000004
                ],
                [
                    1110.912,
                    343.98
                ],
                [
                    1070.9759999999999,
                    343.008
                ],
                [
                    1056.96,
                    334.04400000000004
                ],
                [
                    1045.056,
                    330.048
                ],
                [
                    1027.968,
                    319.032
                ],
                [
                    1009.9200000000001,
                    304.02
                ],
                [
                    996.0960000000001,
                    289.98
                ],
                [
                    992.0640000000001,
                    284.04
                ],
                [
                    978.0479999999999,
                    258.98400000000004
                ],
                [
                    970.9440000000001,
                    239.976
                ],
                [
                    969.0240000000001,
                    228.95999999999998
                ],
                [
                    969.0240000000001,
                    204.012
                ],
                [
                    970.9440000000001,
                    189
                ],
                [
                    978.0479999999999,
                    169.99200000000002
                ],
                [
                    988.0319999999999,
                    150.984
                ],
                [
                    992.0640000000001,
                    147.96
                ],
                [
                    996.0960000000001,
                    138.996
                ],
                [
                    1001.088,
                    135
                ],
                [
                    1006.08,
                    122.04
                ],
                [
                    1008.9599999999999,
                    104.00399999999999
                ],
                [
                    1018.944,
                    97.956
                ],
                [
                    1041.0240000000001,
                    92.01599999999999
                ],
                [
                    1056,
                    89.964
                ],
                [
                    1059.072,
                    88.02000000000001
                ],
                [
                    1068.096,
                    85.968
                ],
                [
                    1109.952,
                    81.972
                ],
                [
                    1122.048,
                    81.972
                ],
                [
                    1133.952,
                    83.05199999999999
                ],
                [
                    1157.952,
                    91.044
                ],
                [
                    1180.0320000000002,
                    105.94800000000001
                ],
                [
                    1185.9840000000002,
                    112.968
                ],
                [
                    1196.9279999999999,
                    128.952
                ],
                [
                    1200.9599999999998,
                    142.992
                ],
                [
                    1205.952,
                    150.984
                ],
                [
                    1209.0240000000001,
                    165.024
                ],
                [
                    1214.976,
                    177.012
                ],
                [
                    1218.048,
                    188.028
                ],
                [
                    1219.9679999999998,
                    205.95600000000002
                ],
                [
                    1223.04,
                    209.952
                ],
                [
                    1224,
                    220.96800000000002
                ],
                [
                    1222.08,
                    243.97199999999998
                ],
                [
                    1214.976,
                    267.948
                ],
                [
                    1209.0240000000001,
                    276.048
                ],
                [
                    1209.0240000000001,
                    278.964
                ],
                [
                    1198.08,
                    299.05199999999996
                ],
                [
                    1188.096,
                    312.012
                ],
                [
                    1180.0320000000002,
                    320.004
                ],
                [
                    1156.032,
                    334.04400000000004
                ],
                [
                    1152.96,
                    334.04400000000004
                ],
                [
                    1143.936,
                    338.04
                ],
                [
                    1132.992,
                    339.98400000000004
                ],
                [
                    1128.96,
                    342.036
                ],
                [
                    1119.9360000000001,
                    343.008
                ],
                [
                    1116.096,
                    347.00399999999996
                ]
            ]
        },
        {
            "ID": "4",
            "CLASS": "플라스틱",
            "DETAILS": "PP",
            "DAMAGE": "원형",
            "DIRTINESS": "이물질(외부)",
            "COVER": "없음",
            "TRANSPARENCY": "불투명",
            "SHAPE": "기타 형태",
            "SHAPE_TYPE": "POLYGON",
            "POINTS": [
                [
                    792,
                    505.98
                ],
                [
                    782.016,
                    505.00800000000004
                ],
                [
                    763.0079999999999,
                    501.012
                ],
                [
                    744,
                    493.99199999999996
                ],
                [
                    715.9680000000001,
                    478.008
                ],
                [
                    696.96,
                    462.99600000000004
                ],
                [
                    686.016,
                    451.00800000000004
                ],
                [
                    676.9920000000001,
                    438.048
                ],
                [
                    667.0079999999999,
                    417.96000000000004
                ],
                [
                    666.048,
                    412.02
                ],
                [
                    662.016,
                    405.97200000000004
                ],
                [
                    661.056,
                    397.98
                ],
                [
                    657.024,
                    389.988
                ],
                [
                    654.912,
                    377.028
                ],
                [
                    652.9920000000001,
                    351
                ],
                [
                    654.912,
                    350.028
                ],
                [
                    657.024,
                    330.048
                ],
                [
                    662.016,
                    311.03999999999996
                ],
                [
                    672,
                    286.956
                ],
                [
                    686.976,
                    262.00800000000004
                ],
                [
                    701.952,
                    245.052
                ],
                [
                    720.96,
                    230.04
                ],
                [
                    739.9680000000001,
                    219.024
                ],
                [
                    743.04,
                    219.024
                ],
                [
                    758.016,
                    211.03199999999998
                ],
                [
                    768,
                    207.036
                ],
                [
                    787.0079999999999,
                    203.04
                ],
                [
                    821.952,
                    203.04
                ],
                [
                    835.9680000000001,
                    205.95600000000002
                ],
                [
                    848.064,
                    209.952
                ],
                [
                    874.944,
                    222.048
                ],
                [
                    892.032,
                    232.95600000000002
                ],
                [
                    902.976,
                    242.028
                ],
                [
                    924.096,
                    262.98
                ],
                [
                    926.976,
                    270
                ],
                [
                    934.0799999999999,
                    277.992
                ],
                [
                    940.992,
                    292.032
                ],
                [
                    954.048,
                    323.02799999999996
                ],
                [
                    959.04,
                    340.95599999999996
                ],
                [
                    960.9599999999999,
                    373.032
                ],
                [
                    973.056,
                    396.036
                ],
                [
                    973.056,
                    401.004
                ],
                [
                    964.0319999999999,
                    419.04
                ],
                [
                    960,
                    421.956
                ],
                [
                    941.952,
                    421.956
                ],
                [
                    939.072,
                    428.00399999999996
                ],
                [
                    935.04,
                    432
                ],
                [
                    929.088,
                    446.03999999999996
                ],
                [
                    913.92,
                    465.048
                ],
                [
                    882.048,
                    488.052
                ],
                [
                    881.088,
                    489.996
                ],
                [
                    867.072,
                    497.016
                ],
                [
                    850.944,
                    501.984
                ],
                [
                    836.928,
                    505.00800000000004
                ],
                [
                    822.9119999999999,
                    505.98
                ],
                [
                    792,
                    505.98
                ]
            ]
        },
        {
            "ID": "5",
            "CLASS": "플라스틱",
            "DETAILS": "PP",
            "DAMAGE": "원형",
            "DIRTINESS": "이물질(외부)",
            "COVER": "없음",
            "TRANSPARENCY": "투명",
            "SHAPE": "사각용기형",
            "SHAPE_TYPE": "POLYGON",
            "POINTS": [
                [
                    595.008,
                    1080
                ],
                [
                    598.08,
                    1053
                ],
                [
                    598.08,
                    1026.972
                ],
                [
                    600,
                    1009.044
                ],
                [
                    604.0319999999999,
                    1001.0519999999999
                ],
                [
                    604.992,
                    986.0400000000001
                ],
                [
                    611.904,
                    967.0319999999999
                ],
                [
                    619.008,
                    952.02
                ],
                [
                    633.024,
                    930.96
                ],
                [
                    638.016,
                    928.044
                ],
                [
                    638.016,
                    925.9920000000001
                ],
                [
                    639.9359999999999,
                    924.048
                ],
                [
                    643.968,
                    922.9680000000001
                ],
                [
                    644.928,
                    918.972
                ],
                [
                    652.032,
                    913.032
                ],
                [
                    657.984,
                    910.98
                ],
                [
                    658.944,
                    907.956
                ],
                [
                    666.048,
                    905.04
                ],
                [
                    666.048,
                    903.9599999999999
                ],
                [
                    671.04,
                    901.0440000000001
                ],
                [
                    697.92,
                    891
                ],
                [
                    708.096,
                    887.976
                ],
                [
                    726.912,
                    884.952
                ],
                [
                    749.952,
                    878.04
                ],
                [
                    758.016,
                    878.04
                ],
                [
                    767.0400000000001,
                    875.988
                ],
                [
                    777.024,
                    871.992
                ],
                [
                    791.04,
                    871.02
                ],
                [
                    801.984,
                    867.996
                ],
                [
                    809.088,
                    867.996
                ],
                [
                    814.0799999999999,
                    867.024
                ],
                [
                    819.072,
                    864.972
                ],
                [
                    830.976,
                    864.972
                ],
                [
                    838.08,
                    864
                ],
                [
                    843.072,
                    861.948
                ],
                [
                    849.9839999999999,
                    860.976
                ],
                [
                    865.9200000000001,
                    859.032
                ],
                [
                    897.024,
                    856.98
                ],
                [
                    906.048,
                    855.036
                ],
                [
                    925.056,
                    852.9839999999999
                ],
                [
                    955.9680000000001,
                    852.9839999999999
                ],
                [
                    983.9999999999999,
                    857.952
                ],
                [
                    1009.9200000000001,
                    871.02
                ],
                [
                    1023.936,
                    880.956
                ],
                [
                    1041.984,
                    898.02
                ],
                [
                    1050.048,
                    910.98
                ],
                [
                    1060.992,
                    936.0360000000001
                ],
                [
                    1064.064,
                    944.028
                ],
                [
                    1064.064,
                    951.048
                ],
                [
                    1070.9759999999999,
                    965.952
                ],
                [
                    1070.9759999999999,
                    976.968
                ],
                [
                    1081.92,
                    996.948
                ],
                [
                    1083.0720000000001,
                    1046.952
                ],
                [
                    1086.912,
                    1061.964
                ],
                [
                    1086.912,
                    1080
                ],
                [
                    595.008,
                    1080
                ]
            ]
        }
    ]
}