{
    "IMAGE_INFO": {
        "FILE_NAME": "1001469@0_04002_220906_P1_T3__0094.jpg",
        "DATE": "2022-10-21 15:33:50",
        "RESOLUTION": "1920 x 1080",
        "IMAGE_PHOTOGRAPHER": "이지은",
        "FOCUS_DISTANCE": "5.6",
        "EXPOSURE_TIME": "1/400",
        "SENSITIVITY_ISO": "12800",
        "PLACE": "삼오자원",
        "REGION_NAME": null,
        "Direction": "0",
        "HEIGHT": "100",
        "DAY/NIGHT": "주간",
        "WEATHER": "맑음",
        "IMAGE_HEIGHT": 1080,
        "IMAGE_WIDTH": 1920,
        "IMAGE_SIZE": "589.0 KB"
    },
    "ANNOTATION_INFO": [
        {
            "ID": "1",
            "CLASS": "플라스틱",
            "DETAILS": "PP",
            "DAMAGE": "찌그러짐",
            "DIRTINESS": "이물질(외부)",
            "COVER": "겹침",
            "TRANSPARENCY": "불투명",
            "SHAPE": "사각용기형",
            "SHAPE_TYPE": "POLYGON",
            "POINTS": [
                [
                    399.93600000000004,
                    1080
                ],
                [
                    399.93600000000004,
                    1071.036
                ],
                [
                    385.92,
                    1049.0040000000001
                ],
                [
                    382.08000000000004,
                    1033.02
                ],
                [
                    356.928,
                    995.004
                ],
                [
                    356.928,
                    972
                ],
                [
                    350.01599999999996,
                    949.9680000000001
                ],
                [
                    345.984,
                    941.0039999999999
                ],
                [
                    339.072,
                    933.984
                ],
                [
                    336,
                    918
                ],
                [
                    327.93600000000004,
                    911.952
                ],
                [
                    321.024,
                    895.968
                ],
                [
                    321.024,
                    887.004
                ],
                [
                    327.93600000000004,
                    883.008
                ],
                [
                    331.968,
                    875.988
                ],
                [
                    331.968,
                    868.968
                ],
                [
                    321.024,
                    844.02
                ],
                [
                    313.92,
                    803.952
                ],
                [
                    302.976,
                    782.028
                ],
                [
                    299.904,
                    728.028
                ],
                [
                    302.976,
                    721.0079999999999
                ],
                [
                    321.024,
                    708.048
                ],
                [
                    339.072,
                    712.044
                ],
                [
                    342.91200000000003,
                    718.9559999999999
                ],
                [
                    350.01599999999996,
                    722.952
                ],
                [
                    374.976,
                    713.988
                ],
                [
                    388.992,
                    712.044
                ],
                [
                    411.072,
                    712.044
                ],
                [
                    417.98400000000004,
                    709.992
                ],
                [
                    425.088,
                    702.972
                ],
                [
                    436.032,
                    701.028
                ],
                [
                    438.912,
                    690.0120000000001
                ],
                [
                    446.976,
                    690.0120000000001
                ],
                [
                    456.96,
                    681.048
                ],
                [
                    467.904,
                    678.024
                ],
                [
                    475.00800000000004,
                    671.976
                ],
                [
                    481.92,
                    671.976
                ],
                [
                    485.952,
                    668.952
                ],
                [
                    522.048,
                    668.952
                ],
                [
                    524.928,
                    675.972
                ],
                [
                    532.9920000000001,
                    681.048
                ],
                [
                    542.976,
                    709.992
                ],
                [
                    551.04,
                    712.044
                ],
                [
                    557.952,
                    705.024
                ],
                [
                    585.984,
                    690.0120000000001
                ],
                [
                    600.96,
                    675.972
                ],
                [
                    614.976,
                    668.952
                ],
                [
                    628.992,
                    655.9920000000001
                ],
                [
                    639.9359999999999,
                    651.024
                ],
                [
                    705.024,
                    606.96
                ],
                [
                    791.04,
                    552.96
                ],
                [
                    816,
                    532.98
                ],
                [
                    859.008,
                    505.98
                ],
                [
                    902.016,
                    474.012
                ],
                [
                    916.032,
                    461.052
                ],
                [
                    965.952,
                    427.032
                ],
                [
                    1033.92,
                    374.976
                ],
                [
                    1062.912,
                    358.02000000000004
                ],
                [
                    1076.9279999999999,
                    343.98
                ],
                [
                    1117.056,
                    316.97999999999996
                ],
                [
                    1128,
                    312.984
                ],
                [
                    1148.928,
                    312.984
                ],
                [
                    1156.032,
                    315.036
                ],
                [
                    1177.92,
                    327.99600000000004
                ],
                [
                    1191.9360000000001,
                    343.98
                ],
                [
                    1206.912,
                    369.036
                ],
                [
                    1232.064,
                    416.01599999999996
                ],
                [
                    1242.048,
                    450.036
                ],
                [
                    1252.992,
                    474.012
                ],
                [
                    1263.936,
                    489.996
                ],
                [
                    1267.008,
                    505.98
                ],
                [
                    1320.9599999999998,
                    593.028
                ],
                [
                    1320.9599999999998,
                    604.044
                ],
                [
                    1328.0639999999999,
                    620.028
                ],
                [
                    1345.9199999999998,
                    641.952
                ],
                [
                    1345.9199999999998,
                    651.024
                ],
                [
                    1353.024,
                    664.956
                ],
                [
                    1363.968,
                    675.972
                ],
                [
                    1371.072,
                    698.976
                ],
                [
                    1396.032,
                    748.008
                ],
                [
                    1414.0800000000002,
                    775.008
                ],
                [
                    1460.928,
                    833.004
                ],
                [
                    1460.928,
                    860.004
                ],
                [
                    1449.984,
                    887.004
                ],
                [
                    1431.9360000000001,
                    906.984
                ],
                [
                    1411.008,
                    925.0200000000001
                ],
                [
                    1392.96,
                    948.024
                ],
                [
                    1386.048,
                    949.9680000000001
                ],
                [
                    1378.944,
                    959.04
                ],
                [
                    1368,
                    965.952
                ],
                [
                    1363.968,
                    972
                ],
                [
                    1339.008,
                    991.98
                ],
                [
                    1234.944,
                    1057.968
                ],
                [
                    1217.088,
                    1080
                ],
                [
                    399.93600000000004,
                    1080
                ]
            ]
        },
        {
            "ID": "2",
            "CLASS": "플라스틱",
            "DETAILS": "PP",
            "DAMAGE": "원형",
            "DIRTINESS": "이물질(외부)",
            "COVER": "없음",
            "TRANSPARENCY": "불투명",
            "SHAPE": "원형용기형",
            "SHAPE_TYPE": "POLYGON",
            "POINTS": [
                [
                    1204.032,
                    347.00399999999996
                ],
                [
                    1171.008,
                    319.032
                ],
                [
                    1161.984,
                    316.00800000000004
                ],
                [
                    1156.992,
                    312.984
                ],
                [
                    1153.92,
                    312.984
                ],
                [
                    1147.008,
                    309.96
                ],
                [
                    1142.976,
                    309.96
                ],
                [
                    1137.984,
                    308.016
                ],
                [
                    1134.9119999999998,
                    304.02
                ],
                [
                    1108.992,
                    285.012
                ],
                [
                    1103.04,
                    274.968
                ],
                [
                    1097.088,
                    270.97200000000004
                ],
                [
                    1091.904,
                    265.032
                ],
                [
                    1088.0639999999999,
                    254.016
                ],
                [
                    1088.0639999999999,
                    235.00799999999998
                ],
                [
                    1089.984,
                    224.96400000000003
                ],
                [
                    1099.9679999999998,
                    215.028
                ],
                [
                    1108.032,
                    200.016
                ],
                [
                    1119.9360000000001,
                    186.948
                ],
                [
                    1122.048,
                    180.03599999999997
                ],
                [
                    1133.952,
                    161.02800000000002
                ],
                [
                    1137.024,
                    147.96
                ],
                [
                    1147.968,
                    142.992
                ],
                [
                    1165.056,
                    142.992
                ],
                [
                    1175.04,
                    146.016
                ],
                [
                    1185.024,
                    146.016
                ],
                [
                    1191.9360000000001,
                    143.964
                ],
                [
                    1196.9279999999999,
                    145.044
                ],
                [
                    1203.0720000000001,
                    143.964
                ],
                [
                    1214.976,
                    146.988
                ],
                [
                    1224.96,
                    153.036
                ],
                [
                    1228.032,
                    153.036
                ],
                [
                    1234.944,
                    161.02800000000002
                ],
                [
                    1258.944,
                    177.012
                ],
                [
                    1265.0880000000002,
                    185.976
                ],
                [
                    1280.0639999999999,
                    197.964
                ],
                [
                    1290.048,
                    209.952
                ],
                [
                    1290.048,
                    216.972
                ],
                [
                    1295.04,
                    231.98399999999998
                ],
                [
                    1295.04,
                    239.004
                ],
                [
                    1289.088,
                    255.95999999999998
                ],
                [
                    1277.952,
                    269.02799999999996
                ],
                [
                    1267.968,
                    288.036
                ],
                [
                    1261.056,
                    294.94800000000004
                ],
                [
                    1257.984,
                    300.996
                ],
                [
                    1252.992,
                    304.99199999999996
                ],
                [
                    1244.9279999999999,
                    319.032
                ],
                [
                    1237.056,
                    327.024
                ],
                [
                    1232.064,
                    335.988
                ],
                [
                    1220.928,
                    346.03200000000004
                ],
                [
                    1204.032,
                    347.00399999999996
                ]
            ]
        },
        {
            "ID": "3",
            "CLASS": "플라스틱",
            "DETAILS": "PP",
            "DAMAGE": "찌그러짐",
            "DIRTINESS": "이물질(외부)",
            "COVER": "없음",
            "TRANSPARENCY": "불투명",
            "SHAPE": "사각용기형",
            "SHAPE_TYPE": "POLYGON",
            "POINTS": [
                [
                    399.93600000000004,
                    1080
                ],
                [
                    398.976,
                    1067.04
                ],
                [
                    394.94399999999996,
                    1060.992
                ],
                [
                    393.984,
                    1053.972
                ],
                [
                    375.936,
                    1021.032
                ],
                [
                    358.08,
                    994.032
                ],
                [
                    356.928,
                    978.048
                ],
                [
                    347.904,
                    934.956
                ],
                [
                    344.064,
                    925.9920000000001
                ],
                [
                    342.91200000000003,
                    911.952
                ],
                [
                    334.08,
                    879.9839999999999
                ],
                [
                    327.93600000000004,
                    868.968
                ],
                [
                    321.984,
                    844.02
                ],
                [
                    317.952,
                    837.972
                ],
                [
                    312.96000000000004,
                    821.016
                ],
                [
                    312,
                    805.0319999999999
                ],
                [
                    307.96799999999996,
                    795.96
                ],
                [
                    307.008,
                    783.972
                ],
                [
                    302.976,
                    775.98
                ],
                [
                    302.01599999999996,
                    767.0160000000001
                ],
                [
                    296.064,
                    756
                ],
                [
                    292.992,
                    739.044
                ],
                [
                    292.992,
                    722.952
                ],
                [
                    297.98400000000004,
                    710.9639999999999
                ],
                [
                    307.96799999999996,
                    702
                ],
                [
                    312.96000000000004,
                    701.028
                ],
                [
                    345.984,
                    701.028
                ],
                [
                    358.08,
                    702
                ],
                [
                    364.032,
                    705.024
                ],
                [
                    378.048,
                    705.024
                ],
                [
                    384,
                    702
                ],
                [
                    395.904,
                    701.028
                ],
                [
                    403.008,
                    697.0319999999999
                ],
                [
                    412.03200000000004,
                    695.952
                ],
                [
                    417.98400000000004,
                    691.956
                ],
                [
                    426.048,
                    690.984
                ],
                [
                    441.024,
                    682.992
                ],
                [
                    457.91999999999996,
                    675.972
                ],
                [
                    465.984,
                    675
                ],
                [
                    471.936,
                    671.0039999999999
                ],
                [
                    484.99199999999996,
                    667.008
                ],
                [
                    504.96000000000004,
                    666.0360000000001
                ],
                [
                    517.0559999999999,
                    662.04
                ],
                [
                    523.968,
                    660.96
                ],
                [
                    529.9200000000001,
                    663.984
                ],
                [
                    538.944,
                    675.972
                ],
                [
                    551.04,
                    702.972
                ],
                [
                    555.072,
                    708.048
                ],
                [
                    555.072,
                    712.044
                ],
                [
                    532.032,
                    729.972
                ],
                [
                    523.0079999999999,
                    735.048
                ],
                [
                    481.92,
                    770.04
                ],
                [
                    469.056,
                    778.032
                ],
                [
                    454.08,
                    794.016
                ],
                [
                    445.05600000000004,
                    806.0039999999999
                ],
                [
                    436.992,
                    824.04
                ],
                [
                    436.032,
                    851.0400000000001
                ],
                [
                    432.96000000000004,
                    856.0079999999999
                ],
                [
                    432,
                    868.968
                ],
                [
                    436.032,
                    875.988
                ],
                [
                    447.93600000000004,
                    883.98
                ],
                [
                    457.91999999999996,
                    906.984
                ],
                [
                    480.96,
                    930.96
                ],
                [
                    491.904,
                    951.048
                ],
                [
                    503.04,
                    961.956
                ],
                [
                    513.984,
                    990.036
                ],
                [
                    514.944,
                    1014.9839999999999
                ],
                [
                    536.064,
                    1048.0320000000002
                ],
                [
                    542.016,
                    1063.0439999999999
                ],
                [
                    550.0799999999999,
                    1073.952
                ],
                [
                    550.0799999999999,
                    1080
                ],
                [
                    399.93600000000004,
                    1080
                ]
            ]
        },
        {
            "ID": "4",
            "CLASS": "플라스틱",
            "DETAILS": "PP",
            "DAMAGE": "찌그러짐",
            "DIRTINESS": "이물질(외부)",
            "COVER": "없음",
            "TRANSPARENCY": "불투명",
            "SHAPE": "원형용기형",
            "SHAPE_TYPE": "POLYGON",
            "POINTS": [
                [
                    0,
                    978.048
                ],
                [
                    0,
                    590.976
                ],
                [
                    1.92,
                    590.976
                ],
                [
                    3.072,
                    593.028
                ],
                [
                    5.952,
                    593.028
                ],
                [
                    9.984,
                    594.972
                ],
                [
                    13.056,
                    594.972
                ],
                [
                    19.968,
                    597.024
                ],
                [
                    25.919999999999998,
                    601.02
                ],
                [
                    43.968,
                    605.988
                ],
                [
                    47.04,
                    609.012
                ],
                [
                    49.919999999999995,
                    609.9839999999999
                ],
                [
                    52.992,
                    609.9839999999999
                ],
                [
                    56.064,
                    610.956
                ],
                [
                    62.976000000000006,
                    613.98
                ],
                [
                    72.96,
                    618.9480000000001
                ],
                [
                    76.03200000000001,
                    621
                ],
                [
                    82.944,
                    628.02
                ],
                [
                    86.016,
                    632.0160000000001
                ],
                [
                    89.088,
                    632.9879999999999
                ],
                [
                    96,
                    637.956
                ],
                [
                    100.032,
                    641.952
                ],
                [
                    105.024,
                    645.948
                ],
                [
                    109.05600000000001,
                    651.024
                ],
                [
                    115.00800000000001,
                    656.9639999999999
                ],
                [
                    134.976,
                    681.048
                ],
                [
                    152.06400000000002,
                    705.996
                ],
                [
                    158.976,
                    731.0519999999999
                ],
                [
                    163.96800000000002,
                    758.052
                ],
                [
                    163.96800000000002,
                    782.028
                ],
                [
                    162.048,
                    799.956
                ],
                [
                    159.936,
                    805.0319999999999
                ],
                [
                    158.976,
                    813.9960000000001
                ],
                [
                    158.016,
                    818.9639999999999
                ],
                [
                    154.944,
                    825.0120000000001
                ],
                [
                    153.98399999999998,
                    832.0319999999999
                ],
                [
                    152.06400000000002,
                    840.024
                ],
                [
                    147.072,
                    852.0120000000001
                ],
                [
                    139.96800000000002,
                    866.0519999999999
                ],
                [
                    130.944,
                    879.9839999999999
                ],
                [
                    129.024,
                    884.952
                ],
                [
                    125.95200000000001,
                    890.028
                ],
                [
                    113.08800000000001,
                    906.012
                ],
                [
                    101.952,
                    918
                ],
                [
                    91.008,
                    929.016
                ],
                [
                    81.98400000000001,
                    937.008
                ],
                [
                    76.03200000000001,
                    941.0039999999999
                ],
                [
                    71.03999999999999,
                    945
                ],
                [
                    62.016000000000005,
                    949.9680000000001
                ],
                [
                    59.903999999999996,
                    949.9680000000001
                ],
                [
                    58.944,
                    952.02
                ],
                [
                    44.928000000000004,
                    960.984
                ],
                [
                    28.992,
                    968.976
                ],
                [
                    15.936,
                    972.972
                ],
                [
                    9.024000000000001,
                    974.052
                ],
                [
                    5.952,
                    976.968
                ],
                [
                    0,
                    978.048
                ]
            ]
        },
        {
            "ID": "5",
            "CLASS": "플라스틱",
            "DETAILS": "PP",
            "DAMAGE": "찌그러짐",
            "DIRTINESS": "이물질(외부)",
            "COVER": "겹침",
            "TRANSPARENCY": "불투명",
            "SHAPE": "사각용기형",
            "SHAPE_TYPE": "POLYGON",
            "POINTS": [
                [
                    476.928,
                    563.976
                ],
                [
                    470.01599999999996,
                    562.0319999999999
                ],
                [
                    449.08799999999997,
                    540
                ],
                [
                    441.984,
                    527.04
                ],
                [
                    441.024,
                    520.02
                ],
                [
                    436.032,
                    515.052
                ],
                [
                    427.96799999999996,
                    497.016
                ],
                [
                    422.976,
                    493.02000000000004
                ],
                [
                    421.056,
                    486.97200000000004
                ],
                [
                    416.064,
                    482.00399999999996
                ],
                [
                    414.912,
                    477.036
                ],
                [
                    403.008,
                    459.972
                ],
                [
                    384,
                    402.948
                ],
                [
                    379.008,
                    401.004
                ],
                [
                    365.952,
                    401.004
                ],
                [
                    359.04,
                    397.98
                ],
                [
                    359.04,
                    392.03999999999996
                ],
                [
                    363.072,
                    388.044
                ],
                [
                    364.032,
                    369.036
                ],
                [
                    370.944,
                    363.96000000000004
                ],
                [
                    372.096,
                    351
                ],
                [
                    392.06399999999996,
                    343.98
                ],
                [
                    408,
                    340.95599999999996
                ],
                [
                    449.08799999999997,
                    339.98400000000004
                ],
                [
                    476.928,
                    340.95599999999996
                ],
                [
                    493.0559999999999,
                    343.008
                ],
                [
                    508.992,
                    343.008
                ],
                [
                    523.968,
                    351.97200000000004
                ],
                [
                    539.904,
                    351.97200000000004
                ],
                [
                    556.9920000000001,
                    348.948
                ],
                [
                    601.92,
                    346.03200000000004
                ],
                [
                    628.032,
                    342.036
                ],
                [
                    649.9200000000001,
                    340.95599999999996
                ],
                [
                    667.968,
                    338.04
                ],
                [
                    689.088,
                    338.04
                ],
                [
                    704.0640000000001,
                    335.01599999999996
                ],
                [
                    716.928,
                    335.01599999999996
                ],
                [
                    750.912,
                    331.02
                ],
                [
                    762.048,
                    331.02
                ],
                [
                    769.9200000000001,
                    331.992
                ],
                [
                    778.944,
                    335.01599999999996
                ],
                [
                    782.016,
                    347.976
                ],
                [
                    787.968,
                    354.024
                ],
                [
                    787.968,
                    361.044
                ],
                [
                    778.944,
                    381.99600000000004
                ],
                [
                    773.952,
                    385.02
                ],
                [
                    767.0400000000001,
                    385.02
                ],
                [
                    762.048,
                    389.016
                ],
                [
                    758.976,
                    408.024
                ],
                [
                    762.048,
                    447.984
                ],
                [
                    767.0400000000001,
                    467.964
                ],
                [
                    767.0400000000001,
                    478.98
                ],
                [
                    761.088,
                    494.964
                ],
                [
                    748.992,
                    509.004
                ],
                [
                    733.0559999999999,
                    539.028
                ],
                [
                    724.992,
                    542.052
                ],
                [
                    718.08,
                    542.052
                ],
                [
                    704.0640000000001,
                    544.9680000000001
                ],
                [
                    690.048,
                    546.048
                ],
                [
                    684.096,
                    547.992
                ],
                [
                    644.928,
                    552.96
                ],
                [
                    609.024,
                    555.0120000000001
                ],
                [
                    545.088,
                    555.0120000000001
                ],
                [
                    484.99199999999996,
                    563.976
                ],
                [
                    476.928,
                    563.976
                ]
            ]
        },
        {
            "ID": "6",
            "CLASS": "플라스틱",
            "DETAILS": "PP",
            "DAMAGE": "원형",
            "DIRTINESS": "이물질(외부)",
            "COVER": "겹침",
            "TRANSPARENCY": "불투명",
            "SHAPE": "사각용기형",
            "SHAPE_TYPE": "POLYGON",
            "POINTS": [
                [
                    527.0400000000001,
                    353.052
                ],
                [
                    514.944,
                    343.98
                ],
                [
                    508.992,
                    332.964
                ],
                [
                    489.984,
                    273.996
                ],
                [
                    488.06399999999996,
                    257.03999999999996
                ],
                [
                    481.92,
                    236.95200000000003
                ],
                [
                    474.048,
                    219.024
                ],
                [
                    462.91200000000003,
                    178.956
                ],
                [
                    446.016,
                    128.952
                ],
                [
                    446.016,
                    104.976
                ],
                [
                    450.048,
                    100.008
                ],
                [
                    451.968,
                    100.008
                ],
                [
                    470.976,
                    88.992
                ],
                [
                    503.04,
                    77.004
                ],
                [
                    532.9920000000001,
                    61.02
                ],
                [
                    560.0640000000001,
                    50.004
                ],
                [
                    570.048,
                    42.984
                ],
                [
                    575.04,
                    42.01199999999999
                ],
                [
                    580.992,
                    37.044
                ],
                [
                    584.0640000000001,
                    37.044
                ],
                [
                    595.9680000000001,
                    30.023999999999997
                ],
                [
                    599.04,
                    30.023999999999997
                ],
                [
                    608.064,
                    26.028
                ],
                [
                    610.944,
                    23.976000000000003
                ],
                [
                    610.944,
                    15.984
                ],
                [
                    608.064,
                    7.02
                ],
                [
                    608.064,
                    3.024
                ],
                [
                    609.9839999999999,
                    0.972
                ],
                [
                    668.928,
                    0
                ],
                [
                    681.024,
                    11.988000000000001
                ],
                [
                    687.936,
                    23.976000000000003
                ],
                [
                    696,
                    43.956
                ],
                [
                    696.96,
                    53.028
                ],
                [
                    701.952,
                    61.992
                ],
                [
                    702.9119999999999,
                    72.036
                ],
                [
                    705.984,
                    77.004
                ],
                [
                    710.976,
                    96.012
                ],
                [
                    710.976,
                    101.952
                ],
                [
                    716.928,
                    112.968
                ],
                [
                    725.952,
                    154.98
                ],
                [
                    731.904,
                    166.968
                ],
                [
                    735.9359999999999,
                    182.952
                ],
                [
                    739.008,
                    212.004
                ],
                [
                    748.032,
                    228.95999999999998
                ],
                [
                    750.912,
                    239.004
                ],
                [
                    753.984,
                    240.94799999999998
                ],
                [
                    754.944,
                    249.048
                ],
                [
                    764.928,
                    276.048
                ],
                [
                    769.9200000000001,
                    301.968
                ],
                [
                    769.9200000000001,
                    327.024
                ],
                [
                    768.96,
                    328.96799999999996
                ],
                [
                    763.0079999999999,
                    331.992
                ],
                [
                    734.016,
                    332.964
                ],
                [
                    715.008,
                    335.988
                ],
                [
                    676.9920000000001,
                    338.04
                ],
                [
                    667.0079999999999,
                    340.95599999999996
                ],
                [
                    624.96,
                    343.008
                ],
                [
                    614.976,
                    344.952
                ],
                [
                    579.072,
                    347.00399999999996
                ],
                [
                    570.048,
                    350.028
                ],
                [
                    543.936,
                    351
                ],
                [
                    527.0400000000001,
                    353.052
                ]
            ]
        },
        {
            "ID": "7",
            "CLASS": "플라스틱",
            "DETAILS": "PP",
            "DAMAGE": "원형",
            "DIRTINESS": "오염없음",
            "COVER": "겹침",
            "TRANSPARENCY": "불투명",
            "SHAPE": "기타 형태",
            "SHAPE_TYPE": "POLYGON",
            "POINTS": [
                [
                    1723.968,
                    469.04400000000004
                ],
                [
                    1704,
                    466.992
                ],
                [
                    1681.92,
                    466.992
                ],
                [
                    1645.056,
                    463.96799999999996
                ],
                [
                    1602.048,
                    463.96799999999996
                ],
                [
                    1587.0720000000001,
                    462.99600000000004
                ],
                [
                    1584,
                    462.024
                ],
                [
                    1551.9360000000001,
                    416.988
                ],
                [
                    1545.9840000000002,
                    405
                ],
                [
                    1541.952,
                    401.976
                ],
                [
                    1536,
                    393.98400000000004
                ],
                [
                    1535.04,
                    389.988
                ],
                [
                    1517.952,
                    366.984
                ],
                [
                    1497.024,
                    353.052
                ],
                [
                    1488.96,
                    351
                ],
                [
                    1474.944,
                    351
                ],
                [
                    1468.992,
                    353.052
                ],
                [
                    1464,
                    353.052
                ],
                [
                    1462.08,
                    351
                ],
                [
                    1462.08,
                    339.98400000000004
                ],
                [
                    1473.024,
                    303.048
                ],
                [
                    1478.016,
                    293.00399999999996
                ],
                [
                    1493.952,
                    270
                ],
                [
                    1502.976,
                    262.00800000000004
                ],
                [
                    1515.0720000000001,
                    247.968
                ],
                [
                    1537.92,
                    231.98399999999998
                ],
                [
                    1555.968,
                    223.01999999999998
                ],
                [
                    1593.024,
                    215.028
                ],
                [
                    1623.936,
                    215.028
                ],
                [
                    1638.912,
                    218.052
                ],
                [
                    1649.088,
                    218.052
                ],
                [
                    1661.952,
                    220.96800000000002
                ],
                [
                    1665.9840000000002,
                    220.96800000000002
                ],
                [
                    1681.92,
                    227.016
                ],
                [
                    1699.008,
                    236.95200000000003
                ],
                [
                    1707.0720000000001,
                    239.004
                ],
                [
                    1718.9759999999999,
                    239.976
                ],
                [
                    1727.04,
                    246.024
                ],
                [
                    1738.944,
                    258.012
                ],
                [
                    1743.936,
                    265.032
                ],
                [
                    1745.0880000000002,
                    286.956
                ],
                [
                    1756.992,
                    315.036
                ],
                [
                    1760.0639999999999,
                    326.052
                ],
                [
                    1763.904,
                    354.996
                ],
                [
                    1761.984,
                    363.96000000000004
                ],
                [
                    1763.904,
                    377.028
                ],
                [
                    1760.0639999999999,
                    400.032
                ],
                [
                    1752,
                    424.98
                ],
                [
                    1742.976,
                    443.016
                ],
                [
                    1732.992,
                    455.004
                ],
                [
                    1727.04,
                    466.992
                ],
                [
                    1723.968,
                    469.04400000000004
                ]
            ]
        },
        {
            "ID": "8",
            "CLASS": "플라스틱",
            "DETAILS": "PP",
            "DAMAGE": "찌그러짐",
            "DIRTINESS": "이물질(외부)",
            "COVER": "없음",
            "TRANSPARENCY": "불투명",
            "SHAPE": "사각용기형",
            "SHAPE_TYPE": "POLYGON",
            "POINTS": [
                [
                    1428.096,
                    1080
                ],
                [
                    1424.064,
                    1072.008
                ],
                [
                    1424.064,
                    1050.9479999999999
                ],
                [
                    1416,
                    1011.96
                ],
                [
                    1415.04,
                    983.016
                ],
                [
                    1411.008,
                    972.972
                ],
                [
                    1405.056,
                    929.016
                ],
                [
                    1411.008,
                    921.024
                ],
                [
                    1444.9920000000002,
                    888.9480000000001
                ],
                [
                    1455.936,
                    867.024
                ],
                [
                    1459.9679999999998,
                    848.988
                ],
                [
                    1459.9679999999998,
                    833.004
                ],
                [
                    1435.0079999999998,
                    805.0319999999999
                ],
                [
                    1425.9840000000002,
                    789.048
                ],
                [
                    1417.92,
                    780.948
                ],
                [
                    1396.032,
                    748.008
                ],
                [
                    1390.08,
                    735.048
                ],
                [
                    1385.0880000000002,
                    699.948
                ],
                [
                    1372.992,
                    651.024
                ],
                [
                    1368,
                    610.956
                ],
                [
                    1368,
                    555.0120000000001
                ],
                [
                    1372.992,
                    516.996
                ],
                [
                    1390.08,
                    485.028
                ],
                [
                    1409.088,
                    469.04400000000004
                ],
                [
                    1415.04,
                    467.964
                ],
                [
                    1420.0320000000002,
                    462.99600000000004
                ],
                [
                    1433.088,
                    455.976
                ],
                [
                    1445.952,
                    452.952
                ],
                [
                    1488,
                    452.952
                ],
                [
                    1549.056,
                    461.052
                ],
                [
                    1577.088,
                    461.052
                ],
                [
                    1599.9360000000001,
                    463.96799999999996
                ],
                [
                    1680,
                    467.964
                ],
                [
                    1734.9119999999998,
                    469.04400000000004
                ],
                [
                    1756.992,
                    483.948
                ],
                [
                    1795.0079999999998,
                    482.00399999999996
                ],
                [
                    1810.944,
                    490.968
                ],
                [
                    1836.096,
                    516.996
                ],
                [
                    1848.96,
                    533.952
                ],
                [
                    1853.952,
                    546.048
                ],
                [
                    1853.952,
                    594.972
                ],
                [
                    1867.968,
                    616.032
                ],
                [
                    1867.968,
                    618.9480000000001
                ],
                [
                    1863.936,
                    623.052
                ],
                [
                    1866.048,
                    632.9879999999999
                ],
                [
                    1882.944,
                    648.972
                ],
                [
                    1887.936,
                    671.0039999999999
                ],
                [
                    1886.0159999999998,
                    694.9799999999999
                ],
                [
                    1891.968,
                    705.024
                ],
                [
                    1900.992,
                    713.016
                ],
                [
                    1909.056,
                    726.948
                ],
                [
                    1909.056,
                    737.964
                ],
                [
                    1920,
                    751.032
                ],
                [
                    1920,
                    1059.048
                ],
                [
                    1909.056,
                    1064.0159999999998
                ],
                [
                    1906.944,
                    1068.984
                ],
                [
                    1900.992,
                    1073.952
                ],
                [
                    1900.992,
                    1080
                ],
                [
                    1428.096,
                    1080
                ]
            ]
        }
    ]
}