{
    "IMAGE_INFO": {
        "FILE_NAME": "1001517@0_04002_220906_P1_T3__0095.jpg",
        "DATE": "2022-10-21 15:33:50",
        "RESOLUTION": "1920 x 1080",
        "IMAGE_PHOTOGRAPHER": "이지은",
        "FOCUS_DISTANCE": "5.6",
        "EXPOSURE_TIME": "1/400",
        "SENSITIVITY_ISO": "12800",
        "PLACE": "삼오자원",
        "REGION_NAME": null,
        "Direction": "0",
        "HEIGHT": "100",
        "DAY/NIGHT": "주간",
        "WEATHER": "맑음",
        "IMAGE_HEIGHT": 1080,
        "IMAGE_WIDTH": 1920,
        "IMAGE_SIZE": "599.7 KB"
    },
    "ANNOTATION_INFO": [
        {
            "ID": "1",
            "CLASS": "플라스틱",
            "DETAILS": "PP",
            "DAMAGE": "찌그러짐",
            "DIRTINESS": "오염없음",
            "COVER": "겹침",
            "TRANSPARENCY": "불투명",
            "SHAPE": "사각용기형",
            "SHAPE_TYPE": "POLYGON",
            "POINTS": [
                [
                    581.952,
                    1080
                ],
                [
                    572.928,
                    1050.9479999999999
                ],
                [
                    569.088,
                    1034.964
                ],
                [
                    538.944,
                    960.0120000000001
                ],
                [
                    517.0559999999999,
                    902.9879999999999
                ],
                [
                    502.08000000000004,
                    867.024
                ],
                [
                    494.97599999999994,
                    844.02
                ],
                [
                    481.92,
                    813.024
                ],
                [
                    469.056,
                    785.052
                ],
                [
                    455.03999999999996,
                    758.052
                ],
                [
                    441.984,
                    737.964
                ],
                [
                    422.976,
                    709.02
                ],
                [
                    417.98400000000004,
                    679.9680000000001
                ],
                [
                    425.088,
                    659.016
                ],
                [
                    444.096,
                    639.0360000000001
                ],
                [
                    499.968,
                    594
                ],
                [
                    558.912,
                    559.9799999999999
                ],
                [
                    610.944,
                    524.0160000000001
                ],
                [
                    752.064,
                    435.996
                ],
                [
                    797.952,
                    412.02
                ],
                [
                    824.0640000000001,
                    393.98400000000004
                ],
                [
                    846.912,
                    381.99600000000004
                ],
                [
                    948.096,
                    315.036
                ],
                [
                    978.0479999999999,
                    297
                ],
                [
                    1042.944,
                    254.016
                ],
                [
                    1056,
                    247.968
                ],
                [
                    1102.08,
                    213.948
                ],
                [
                    1122.048,
                    201.96
                ],
                [
                    1134.9119999999998,
                    197.964
                ],
                [
                    1141.056,
                    197.964
                ],
                [
                    1151.04,
                    200.016
                ],
                [
                    1167.936,
                    207.036
                ],
                [
                    1180.992,
                    218.052
                ],
                [
                    1194.048,
                    238.032
                ],
                [
                    1206.912,
                    258.98400000000004
                ],
                [
                    1233.024,
                    316.97999999999996
                ],
                [
                    1248.96,
                    366.984
                ],
                [
                    1262.016,
                    389.016
                ],
                [
                    1266.048,
                    405
                ],
                [
                    1276.032,
                    424.98
                ],
                [
                    1289.088,
                    446.03999999999996
                ],
                [
                    1301.952,
                    471.96
                ],
                [
                    1315.0079999999998,
                    500.04
                ],
                [
                    1318.08,
                    513
                ],
                [
                    1344,
                    559.9799999999999
                ],
                [
                    1363.968,
                    609.9839999999999
                ],
                [
                    1392.96,
                    663.984
                ],
                [
                    1416,
                    698.004
                ],
                [
                    1439.0400000000002,
                    721.98
                ],
                [
                    1439.0400000000002,
                    726.948
                ],
                [
                    1445.952,
                    733.968
                ],
                [
                    1441.92,
                    763.02
                ],
                [
                    1433.088,
                    783
                ],
                [
                    1419.072,
                    795.96
                ],
                [
                    1369.92,
                    832.0319999999999
                ],
                [
                    1353.9840000000002,
                    849.96
                ],
                [
                    1330.944,
                    867.996
                ],
                [
                    1297.92,
                    891
                ],
                [
                    1278.912,
                    899.964
                ],
                [
                    1262.016,
                    910.98
                ],
                [
                    1233.024,
                    932.04
                ],
                [
                    1204.9920000000002,
                    951.048
                ],
                [
                    1157.952,
                    983.988
                ],
                [
                    1084.9920000000002,
                    1038.96
                ],
                [
                    1036.992,
                    1080
                ]
            ]
        },
        {
            "ID": "2",
            "CLASS": "플라스틱",
            "DETAILS": "PP",
            "DAMAGE": "찌그러짐",
            "DIRTINESS": "오염없음",
            "COVER": "없음",
            "TRANSPARENCY": "불투명",
            "SHAPE": "사각용기형",
            "SHAPE_TYPE": "POLYGON",
            "POINTS": [
                [
                    1588.032,
                    1080
                ],
                [
                    1550.9759999999999,
                    1073.952
                ],
                [
                    1508.928,
                    1067.04
                ],
                [
                    1483.008,
                    1064.988
                ],
                [
                    1435.968,
                    1064.988
                ],
                [
                    1416.96,
                    1056.996
                ],
                [
                    1401.984,
                    1044.036
                ],
                [
                    1378.944,
                    1015.956
                ],
                [
                    1369.92,
                    1003.968
                ],
                [
                    1366.08,
                    974.052
                ],
                [
                    1366.08,
                    955.044
                ],
                [
                    1363.968,
                    926.9639999999999
                ],
                [
                    1363.968,
                    866.0519999999999
                ],
                [
                    1362.048,
                    841.968
                ],
                [
                    1363.968,
                    836.028
                ],
                [
                    1368,
                    832.0319999999999
                ],
                [
                    1369.92,
                    832.0319999999999
                ],
                [
                    1403.904,
                    803.952
                ],
                [
                    1411.008,
                    799.956
                ],
                [
                    1428.096,
                    783
                ],
                [
                    1438.08,
                    766.0440000000001
                ],
                [
                    1444.9920000000002,
                    740.0160000000001
                ],
                [
                    1443.0720000000001,
                    728.028
                ],
                [
                    1431.9360000000001,
                    717.0120000000001
                ],
                [
                    1428.096,
                    709.02
                ],
                [
                    1424.064,
                    708.048
                ],
                [
                    1416.96,
                    698.004
                ],
                [
                    1387.008,
                    652.9680000000001
                ],
                [
                    1378.944,
                    636.012
                ],
                [
                    1381.056,
                    590.004
                ],
                [
                    1378.944,
                    587.952
                ],
                [
                    1378.944,
                    559.9799999999999
                ],
                [
                    1385.0880000000002,
                    502.956
                ],
                [
                    1393.92,
                    462.024
                ],
                [
                    1414.0800000000002,
                    423.036
                ],
                [
                    1420.992,
                    415.044
                ],
                [
                    1430.9759999999999,
                    405
                ],
                [
                    1440.9599999999998,
                    397.008
                ],
                [
                    1462.08,
                    389.988
                ],
                [
                    1481.088,
                    385.992
                ],
                [
                    1493.952,
                    385.992
                ],
                [
                    1526.0159999999998,
                    392.03999999999996
                ],
                [
                    1539.072,
                    397.008
                ],
                [
                    1580.928,
                    407.052
                ],
                [
                    1593.9840000000002,
                    412.992
                ],
                [
                    1627.968,
                    417.96000000000004
                ],
                [
                    1649.088,
                    425.952
                ],
                [
                    1665.9840000000002,
                    428.00399999999996
                ],
                [
                    1691.904,
                    435.024
                ],
                [
                    1710.912,
                    436.968
                ],
                [
                    1726.08,
                    443.016
                ],
                [
                    1745.0880000000002,
                    444.96
                ],
                [
                    1750.08,
                    448.956
                ],
                [
                    1761.0240000000001,
                    454.032
                ],
                [
                    1772.9279999999999,
                    462.024
                ],
                [
                    1784.064,
                    466.992
                ],
                [
                    1799.0400000000002,
                    470.988
                ],
                [
                    1815.936,
                    470.988
                ],
                [
                    1828.032,
                    474.98400000000004
                ],
                [
                    1838.9759999999999,
                    483.948
                ],
                [
                    1852.032,
                    506.952
                ],
                [
                    1862.016,
                    517.9680000000001
                ],
                [
                    1868.928,
                    544.9680000000001
                ],
                [
                    1868.928,
                    554.04
                ],
                [
                    1862.976,
                    559.9799999999999
                ],
                [
                    1862.976,
                    563.976
                ],
                [
                    1868.928,
                    573.048
                ],
                [
                    1875.0720000000001,
                    610.956
                ],
                [
                    1875.0720000000001,
                    618.9480000000001
                ],
                [
                    1865.0880000000002,
                    628.02
                ],
                [
                    1865.0880000000002,
                    632.0160000000001
                ],
                [
                    1867.008,
                    636.012
                ],
                [
                    1876.992,
                    643.032
                ],
                [
                    1883.904,
                    674.028
                ],
                [
                    1881.984,
                    682.992
                ],
                [
                    1876.992,
                    690.984
                ],
                [
                    1876.992,
                    695.952
                ],
                [
                    1881.984,
                    709.02
                ],
                [
                    1883.904,
                    725.004
                ],
                [
                    1883.904,
                    751.032
                ],
                [
                    1878.912,
                    766.0440000000001
                ],
                [
                    1880.0639999999999,
                    774.0360000000001
                ],
                [
                    1887.936,
                    789.048
                ],
                [
                    1886.0159999999998,
                    826.956
                ],
                [
                    1880.0639999999999,
                    836.028
                ],
                [
                    1880.0639999999999,
                    851.0400000000001
                ],
                [
                    1886.0159999999998,
                    864
                ],
                [
                    1883.904,
                    883.008
                ],
                [
                    1878.912,
                    902.0160000000001
                ],
                [
                    1871.04,
                    911.952
                ],
                [
                    1871.04,
                    925.0200000000001
                ],
                [
                    1875.0720000000001,
                    930.96
                ],
                [
                    1875.0720000000001,
                    948.024
                ],
                [
                    1871.04,
                    964.9799999999999
                ],
                [
                    1868.928,
                    969.948
                ],
                [
                    1857.984,
                    974.052
                ],
                [
                    1856.064,
                    984.96
                ],
                [
                    1856.064,
                    996.948
                ],
                [
                    1862.016,
                    1003.968
                ],
                [
                    1862.016,
                    1014.012
                ],
                [
                    1856.064,
                    1033.02
                ],
                [
                    1837.056,
                    1049.9759999999999
                ],
                [
                    1813.056,
                    1067.04
                ],
                [
                    1799.0400000000002,
                    1073.952
                ],
                [
                    1790.9759999999999,
                    1072.98
                ],
                [
                    1784.064,
                    1080
                ]
            ]
        },
        {
            "ID": "3",
            "CLASS": "플라스틱",
            "DETAILS": "PP",
            "DAMAGE": "찌그러짐",
            "DIRTINESS": "오염없음",
            "COVER": "없음",
            "TRANSPARENCY": "불투명",
            "SHAPE": "사각용기형",
            "SHAPE_TYPE": "POLYGON",
            "POINTS": [
                [
                    475.968,
                    425.952
                ],
                [
                    460.03200000000004,
                    416.01599999999996
                ],
                [
                    451.968,
                    405
                ],
                [
                    417.024,
                    339.98400000000004
                ],
                [
                    406.08,
                    326.052
                ],
                [
                    395.904,
                    301.968
                ],
                [
                    385.92,
                    263.952
                ],
                [
                    380.928,
                    259.956
                ],
                [
                    369.024,
                    259.956
                ],
                [
                    358.08,
                    254.016
                ],
                [
                    363.072,
                    247.968
                ],
                [
                    363.072,
                    230.04
                ],
                [
                    368.064,
                    224.96400000000003
                ],
                [
                    385.92,
                    213.948
                ],
                [
                    393.024,
                    212.976
                ],
                [
                    498.04800000000006,
                    212.976
                ],
                [
                    512.064,
                    209.952
                ],
                [
                    548.928,
                    208.00799999999998
                ],
                [
                    600,
                    201.96
                ],
                [
                    638.976,
                    200.988
                ],
                [
                    668.928,
                    196.01999999999998
                ],
                [
                    708.096,
                    195.048
                ],
                [
                    735.9359999999999,
                    189.972
                ],
                [
                    764.928,
                    189.972
                ],
                [
                    777.024,
                    196.01999999999998
                ],
                [
                    777.984,
                    205.95600000000002
                ],
                [
                    787.968,
                    218.052
                ],
                [
                    782.016,
                    243
                ],
                [
                    777.024,
                    251.964
                ],
                [
                    769.9200000000001,
                    258.012
                ],
                [
                    763.968,
                    258.012
                ],
                [
                    758.016,
                    263.952
                ],
                [
                    759.9359999999999,
                    309.96
                ],
                [
                    764.928,
                    326.052
                ],
                [
                    764.928,
                    344.952
                ],
                [
                    734.976,
                    397.98
                ],
                [
                    728.064,
                    405.97200000000004
                ],
                [
                    715.9680000000001,
                    405.97200000000004
                ],
                [
                    699.072,
                    411.048
                ],
                [
                    643.968,
                    416.988
                ],
                [
                    523.968,
                    417.96000000000004
                ],
                [
                    507.072,
                    423.036
                ]
            ]
        }
    ]
}