{
    "IMAGE_INFO": {
        "FILE_NAME": "1001515@0_04002_220906_P1_T3__0022.jpg",
        "DATE": "2022-10-21 15:33:38",
        "RESOLUTION": "1920 x 1080",
        "IMAGE_PHOTOGRAPHER": "이지은",
        "FOCUS_DISTANCE": "5.6",
        "EXPOSURE_TIME": "1/400",
        "SENSITIVITY_ISO": "12800",
        "PLACE": "삼오자원",
        "REGION_NAME": null,
        "Direction": "0",
        "HEIGHT": "100",
        "DAY/NIGHT": "주간",
        "WEATHER": "맑음",
        "IMAGE_HEIGHT": 1080,
        "IMAGE_WIDTH": 1920,
        "IMAGE_SIZE": "665.4 KB"
    },
    "ANNOTATION_INFO": [
        {
            "ID": "1",
            "CLASS": "플라스틱",
            "DETAILS": "PP",
            "DAMAGE": "찌그러짐",
            "DIRTINESS": "오염없음",
            "COVER": "없음",
            "TRANSPARENCY": "불투명",
            "SHAPE": "기타 형태",
            "SHAPE_TYPE": "POLYGON",
            "POINTS": [
                [
                    979.968,
                    833.004
                ],
                [
                    959.04,
                    826.956
                ],
                [
                    954.048,
                    822.96
                ],
                [
                    936.96,
                    813.9960000000001
                ],
                [
                    916.9920000000001,
                    798.984
                ],
                [
                    907.968,
                    790.0200000000001
                ],
                [
                    900.096,
                    778.032
                ],
                [
                    891.072,
                    771.984
                ],
                [
                    881.088,
                    759.996
                ],
                [
                    881.088,
                    756.972
                ],
                [
                    867.072,
                    743.04
                ],
                [
                    865.9200000000001,
                    736.992
                ],
                [
                    862.08,
                    735.048
                ],
                [
                    860.928,
                    728.028
                ],
                [
                    854.016,
                    721.98
                ],
                [
                    849.024,
                    709.992
                ],
                [
                    846.912,
                    697.0319999999999
                ],
                [
                    840,
                    687.96
                ],
                [
                    838.08,
                    682.02
                ],
                [
                    836.928,
                    660.96
                ],
                [
                    830.0160000000001,
                    651.996
                ],
                [
                    833.088,
                    637.956
                ],
                [
                    844.0319999999999,
                    621.972
                ],
                [
                    849.024,
                    618.9480000000001
                ],
                [
                    867.072,
                    617.004
                ],
                [
                    878.016,
                    609.9839999999999
                ],
                [
                    888,
                    600.048
                ],
                [
                    891.072,
                    593.028
                ],
                [
                    896.064,
                    589.032
                ],
                [
                    900.096,
                    582.9839999999999
                ],
                [
                    915.072,
                    570.996
                ],
                [
                    934.0799999999999,
                    562.0319999999999
                ],
                [
                    945.984,
                    558.0360000000001
                ],
                [
                    963.0720000000001,
                    547.02
                ],
                [
                    969.9839999999999,
                    543.9960000000001
                ],
                [
                    983.04,
                    542.052
                ],
                [
                    992.0640000000001,
                    537.948
                ],
                [
                    999.936,
                    529.956
                ],
                [
                    1016.064,
                    524.9879999999999
                ],
                [
                    1028.928,
                    516.996
                ],
                [
                    1038.912,
                    513.972
                ],
                [
                    1055.04,
                    513
                ],
                [
                    1065.024,
                    505.98
                ],
                [
                    1073.088,
                    497.016
                ],
                [
                    1084.9920000000002,
                    493.02000000000004
                ],
                [
                    1091.904,
                    493.02000000000004
                ],
                [
                    1099.008,
                    490.968
                ],
                [
                    1113.9840000000002,
                    479.952
                ],
                [
                    1118.016,
                    478.98
                ],
                [
                    1126.08,
                    478.98
                ],
                [
                    1140.096,
                    482.00399999999996
                ],
                [
                    1158.912,
                    492.048
                ],
                [
                    1180.992,
                    517.9680000000001
                ],
                [
                    1189.056,
                    535.032
                ],
                [
                    1198.08,
                    546.048
                ],
                [
                    1198.08,
                    550.044
                ],
                [
                    1204.9920000000002,
                    562.0319999999999
                ],
                [
                    1208.0639999999999,
                    563.976
                ],
                [
                    1209.984,
                    571.968
                ],
                [
                    1214.976,
                    578.988
                ],
                [
                    1214.976,
                    597.996
                ],
                [
                    1209.984,
                    608.04
                ],
                [
                    1203.0720000000001,
                    614.952
                ],
                [
                    1200.9599999999998,
                    621
                ],
                [
                    1181.952,
                    641.952
                ],
                [
                    1179.072,
                    650.052
                ],
                [
                    1174.0800000000002,
                    652.9680000000001
                ],
                [
                    1171.968,
                    656.9639999999999
                ],
                [
                    1166.976,
                    660.96
                ],
                [
                    1160.0639999999999,
                    678.024
                ],
                [
                    1155.0720000000001,
                    683.9639999999999
                ],
                [
                    1147.968,
                    689.04
                ],
                [
                    1140.096,
                    705.024
                ],
                [
                    1129.92,
                    713.988
                ],
                [
                    1126.08,
                    718.9559999999999
                ],
                [
                    1124.9279999999999,
                    724.032
                ],
                [
                    1110.912,
                    743.04
                ],
                [
                    1084.032,
                    774.0360000000001
                ],
                [
                    1070.016,
                    785.052
                ],
                [
                    1043.904,
                    795.96
                ],
                [
                    1031.04,
                    803.952
                ],
                [
                    1008.9599999999999,
                    826.956
                ],
                [
                    998.0160000000001,
                    832.0319999999999
                ],
                [
                    993.024,
                    833.004
                ]
            ]
        },
        {
            "ID": "2",
            "CLASS": "플라스틱",
            "DETAILS": "PP",
            "DAMAGE": "원형",
            "DIRTINESS": "오염없음",
            "COVER": "겹침",
            "TRANSPARENCY": "투명",
            "SHAPE": "사각용기형",
            "SHAPE_TYPE": "POLYGON",
            "POINTS": [
                [
                    1220.928,
                    890.028
                ],
                [
                    1166.0159999999998,
                    870.048
                ],
                [
                    1160.0639999999999,
                    870.048
                ],
                [
                    1143.936,
                    864
                ],
                [
                    1119.9360000000001,
                    857.952
                ],
                [
                    1095.936,
                    848.016
                ],
                [
                    1071.9360000000001,
                    848.988
                ],
                [
                    1051.968,
                    839.052
                ],
                [
                    1046.0159999999998,
                    803.952
                ],
                [
                    1050.048,
                    797.04
                ],
                [
                    1054.0800000000002,
                    794.9879999999999
                ],
                [
                    1059.072,
                    794.016
                ],
                [
                    1065.9840000000002,
                    787.9680000000001
                ],
                [
                    1070.016,
                    787.9680000000001
                ],
                [
                    1081.92,
                    778.032
                ],
                [
                    1088.0639999999999,
                    767.9879999999999
                ],
                [
                    1118.016,
                    736.02
                ],
                [
                    1137.984,
                    704.052
                ],
                [
                    1163.904,
                    674.028
                ],
                [
                    1166.976,
                    663.984
                ],
                [
                    1171.968,
                    662.04
                ],
                [
                    1177.92,
                    651.996
                ],
                [
                    1200,
                    628.02
                ],
                [
                    1218.048,
                    621.972
                ],
                [
                    1225.9199999999998,
                    621.972
                ],
                [
                    1233.024,
                    620.028
                ],
                [
                    1244.9279999999999,
                    621
                ],
                [
                    1252.032,
                    624.024
                ],
                [
                    1262.976,
                    624.024
                ],
                [
                    1273.92,
                    621
                ],
                [
                    1294.0800000000002,
                    605.988
                ],
                [
                    1329.984,
                    600.048
                ],
                [
                    1353.024,
                    594
                ],
                [
                    1383.936,
                    590.004
                ],
                [
                    1392,
                    585.036
                ],
                [
                    1443.0720000000001,
                    570.024
                ],
                [
                    1496.064,
                    558.0360000000001
                ],
                [
                    1506.048,
                    558.0360000000001
                ],
                [
                    1520.0639999999999,
                    555.0120000000001
                ],
                [
                    1526.976,
                    547.992
                ],
                [
                    1536,
                    543.9960000000001
                ],
                [
                    1544.064,
                    543.9960000000001
                ],
                [
                    1554.048,
                    548.9639999999999
                ],
                [
                    1561.92,
                    562.0319999999999
                ],
                [
                    1564.032,
                    590.976
                ],
                [
                    1574.0159999999998,
                    613.98
                ],
                [
                    1578.048,
                    633.9599999999999
                ],
                [
                    1599.9360000000001,
                    698.976
                ],
                [
                    1613.952,
                    732.024
                ],
                [
                    1617.024,
                    747.036
                ],
                [
                    1616.064,
                    759.024
                ],
                [
                    1609.92,
                    762.048
                ],
                [
                    1588.032,
                    766.0440000000001
                ],
                [
                    1551.9360000000001,
                    778.032
                ],
                [
                    1540.0320000000002,
                    783.972
                ],
                [
                    1526.976,
                    786.024
                ],
                [
                    1513.92,
                    791.9639999999999
                ],
                [
                    1502.976,
                    794.016
                ],
                [
                    1496.064,
                    798.0120000000001
                ],
                [
                    1449.984,
                    810
                ],
                [
                    1419.072,
                    821.9879999999999
                ],
                [
                    1412.9279999999999,
                    821.9879999999999
                ],
                [
                    1401.0240000000001,
                    828.0360000000001
                ],
                [
                    1377.024,
                    832.0319999999999
                ],
                [
                    1369.92,
                    837
                ],
                [
                    1353.024,
                    841.968
                ],
                [
                    1345.9199999999998,
                    845.9639999999999
                ],
                [
                    1311.9360000000001,
                    856.0079999999999
                ],
                [
                    1286.0159999999998,
                    867.996
                ],
                [
                    1257.024,
                    875.988
                ]
            ]
        },
        {
            "ID": "3",
            "CLASS": "플라스틱",
            "DETAILS": "PP",
            "DAMAGE": "원형",
            "DIRTINESS": "오염없음",
            "COVER": "없음",
            "TRANSPARENCY": "불투명",
            "SHAPE": "원형용기형",
            "SHAPE_TYPE": "POLYGON",
            "POINTS": [
                [
                    1515.0720000000001,
                    455.976
                ],
                [
                    1502.976,
                    451.97999999999996
                ],
                [
                    1489.92,
                    438.048
                ],
                [
                    1493.952,
                    417.96000000000004
                ],
                [
                    1484.9279999999999,
                    404.02799999999996
                ],
                [
                    1469.952,
                    362.016
                ],
                [
                    1473.9840000000002,
                    308.016
                ],
                [
                    1492.032,
                    276.048
                ],
                [
                    1510.08,
                    255.95999999999998
                ],
                [
                    1537.92,
                    243.97199999999998
                ],
                [
                    1571.904,
                    238.032
                ],
                [
                    1582.08,
                    238.032
                ],
                [
                    1609.92,
                    243
                ],
                [
                    1632,
                    251.964
                ],
                [
                    1650.048,
                    263.952
                ],
                [
                    1664.064,
                    280.044
                ],
                [
                    1670.016,
                    289.98
                ],
                [
                    1675.968,
                    320.976
                ],
                [
                    1675.968,
                    362.988
                ],
                [
                    1670.9759999999999,
                    384.048
                ],
                [
                    1657.92,
                    409.968
                ],
                [
                    1651.968,
                    416.988
                ],
                [
                    1628.928,
                    439.99199999999996
                ],
                [
                    1603.968,
                    451.97999999999996
                ],
                [
                    1564.032,
                    454.032
                ],
                [
                    1555.968,
                    452.952
                ],
                [
                    1544.064,
                    447.984
                ],
                [
                    1532.9279999999999,
                    447.012
                ],
                [
                    1521.0240000000001,
                    455.976
                ]
            ]
        },
        {
            "ID": "4",
            "CLASS": "플라스틱",
            "DETAILS": "PP",
            "DAMAGE": "원형",
            "DIRTINESS": "오염없음",
            "COVER": "없음",
            "TRANSPARENCY": "불투명",
            "SHAPE": "원형용기형",
            "SHAPE_TYPE": "POLYGON",
            "POINTS": [
                [
                    1209.0240000000001,
                    370.00800000000004
                ],
                [
                    1203.0720000000001,
                    367.956
                ],
                [
                    1190.9759999999999,
                    367.956
                ],
                [
                    1182.912,
                    366.984
                ],
                [
                    1169.088,
                    362.016
                ],
                [
                    1147.968,
                    351.97200000000004
                ],
                [
                    1118.9759999999999,
                    323.02799999999996
                ],
                [
                    1114.944,
                    316.97999999999996
                ],
                [
                    1097.088,
                    299.05199999999996
                ],
                [
                    1076.9279999999999,
                    274.968
                ],
                [
                    1065.9840000000002,
                    270.97200000000004
                ],
                [
                    1056.96,
                    262.98
                ],
                [
                    1056,
                    230.04
                ],
                [
                    1056.96,
                    226.044
                ],
                [
                    1064.064,
                    213.948
                ],
                [
                    1075.968,
                    200.988
                ],
                [
                    1097.088,
                    184.03199999999998
                ],
                [
                    1102.08,
                    181.98000000000002
                ],
                [
                    1104.96,
                    178.956
                ],
                [
                    1108.032,
                    177.984
                ],
                [
                    1113.9840000000002,
                    173.01600000000002
                ],
                [
                    1124.9279999999999,
                    166.968
                ],
                [
                    1136.064,
                    158.976
                ],
                [
                    1167.936,
                    143.964
                ],
                [
                    1185.9840000000002,
                    138.024
                ],
                [
                    1190.9759999999999,
                    138.024
                ],
                [
                    1195.0079999999998,
                    135.972
                ],
                [
                    1200.9599999999998,
                    137.05200000000002
                ],
                [
                    1204.032,
                    135
                ],
                [
                    1208.0639999999999,
                    135
                ],
                [
                    1217.088,
                    135.972
                ],
                [
                    1224,
                    138.024
                ],
                [
                    1228.992,
                    137.05200000000002
                ],
                [
                    1238.9759999999999,
                    142.02
                ],
                [
                    1248,
                    147.96
                ],
                [
                    1249.92,
                    150.012
                ],
                [
                    1248.96,
                    154.008
                ],
                [
                    1252.032,
                    157.032
                ],
                [
                    1252.992,
                    159.948
                ],
                [
                    1259.904,
                    166.968
                ],
                [
                    1262.976,
                    177.012
                ],
                [
                    1262.976,
                    196.01999999999998
                ],
                [
                    1251.072,
                    212.976
                ],
                [
                    1248.96,
                    219.99599999999998
                ],
                [
                    1249.92,
                    228.95999999999998
                ],
                [
                    1248,
                    235.00799999999998
                ],
                [
                    1246.08,
                    259.956
                ],
                [
                    1248.96,
                    265.032
                ],
                [
                    1271.04,
                    285.984
                ],
                [
                    1276.032,
                    304.02
                ],
                [
                    1275.0720000000001,
                    305.964
                ],
                [
                    1276.992,
                    312.984
                ],
                [
                    1267.008,
                    338.04
                ],
                [
                    1267.008,
                    343.008
                ],
                [
                    1261.056,
                    350.028
                ],
                [
                    1257.024,
                    358.02000000000004
                ],
                [
                    1252.992,
                    362.016
                ],
                [
                    1243.008,
                    366.012
                ],
                [
                    1238.9759999999999,
                    370.00800000000004
                ],
                [
                    1223.04,
                    369.036
                ]
            ]
        },
        {
            "ID": "5",
            "CLASS": "플라스틱",
            "DETAILS": "PP",
            "DAMAGE": "원형",
            "DIRTINESS": "이물질(외부)",
            "COVER": "없음",
            "TRANSPARENCY": "불투명",
            "SHAPE": "스프레이용기형",
            "SHAPE_TYPE": "POLYGON",
            "POINTS": [
                [
                    1391.04,
                    335.988
                ],
                [
                    1366.08,
                    332.964
                ],
                [
                    1338.048,
                    316.00800000000004
                ],
                [
                    1321.92,
                    300.996
                ],
                [
                    1310.9759999999999,
                    285.012
                ],
                [
                    1308.096,
                    276.048
                ],
                [
                    1308.096,
                    219.99599999999998
                ],
                [
                    1310.016,
                    205.95600000000002
                ],
                [
                    1315.0079999999998,
                    200.988
                ],
                [
                    1316.9279999999999,
                    192.024
                ],
                [
                    1321.92,
                    188.028
                ],
                [
                    1324.032,
                    180.03599999999997
                ],
                [
                    1338.048,
                    166.968
                ],
                [
                    1353.9840000000002,
                    158.00400000000002
                ],
                [
                    1363.968,
                    157.032
                ],
                [
                    1368,
                    162.972
                ],
                [
                    1368,
                    170.964
                ],
                [
                    1377.984,
                    178.956
                ],
                [
                    1377.984,
                    182.952
                ],
                [
                    1383.936,
                    189
                ],
                [
                    1400.0639999999999,
                    189.972
                ],
                [
                    1407.936,
                    181.98000000000002
                ],
                [
                    1406.976,
                    161.02800000000002
                ],
                [
                    1410.048,
                    158.00400000000002
                ],
                [
                    1402.944,
                    149.04000000000002
                ],
                [
                    1421.952,
                    149.04000000000002
                ],
                [
                    1444.032,
                    158.00400000000002
                ],
                [
                    1444.032,
                    162.972
                ],
                [
                    1458.048,
                    176.04000000000002
                ],
                [
                    1460.928,
                    192.996
                ],
                [
                    1473.9840000000002,
                    203.04
                ],
                [
                    1478.9759999999999,
                    215.028
                ],
                [
                    1483.968,
                    218.052
                ],
                [
                    1473.9840000000002,
                    235.98
                ],
                [
                    1460.928,
                    243
                ],
                [
                    1451.904,
                    254.016
                ],
                [
                    1454.0159999999998,
                    259.956
                ],
                [
                    1465.9199999999998,
                    266.976
                ],
                [
                    1481.088,
                    270
                ],
                [
                    1486.08,
                    273.024
                ],
                [
                    1473.9840000000002,
                    301.968
                ],
                [
                    1451.904,
                    320.976
                ],
                [
                    1421.952,
                    334.04400000000004
                ]
            ]
        },
        {
            "ID": "6",
            "CLASS": "플라스틱",
            "DETAILS": "PP",
            "DAMAGE": "찌그러짐",
            "DIRTINESS": "오염없음",
            "COVER": "겹침",
            "TRANSPARENCY": "투명",
            "SHAPE": "기타 형태",
            "SHAPE_TYPE": "POLYGON",
            "POINTS": [
                [
                    835.008,
                    1009.044
                ],
                [
                    829.056,
                    1006.02
                ],
                [
                    820.992,
                    1006.02
                ],
                [
                    812.928,
                    1002.996
                ],
                [
                    807.936,
                    1002.996
                ],
                [
                    787.0079999999999,
                    999
                ],
                [
                    777.984,
                    995.976
                ],
                [
                    772.9920000000001,
                    991.98
                ],
                [
                    763.0079999999999,
                    980.9639999999999
                ],
                [
                    763.0079999999999,
                    979.02
                ],
                [
                    753.024,
                    964.9799999999999
                ],
                [
                    737.0880000000001,
                    948.9960000000001
                ],
                [
                    725.952,
                    929.9879999999999
                ],
                [
                    720.96,
                    914.976
                ],
                [
                    721.92,
                    902.0160000000001
                ],
                [
                    729.9839999999999,
                    882.036
                ],
                [
                    743.04,
                    864
                ],
                [
                    744.96,
                    856.0079999999999
                ],
                [
                    748.992,
                    851.0400000000001
                ],
                [
                    748.992,
                    848.016
                ],
                [
                    752.064,
                    843.048
                ],
                [
                    768,
                    828.0360000000001
                ],
                [
                    776.064,
                    821.9879999999999
                ],
                [
                    788.928,
                    814.9680000000001
                ],
                [
                    793.92,
                    805.0319999999999
                ],
                [
                    806.976,
                    793.044
                ],
                [
                    830.0160000000001,
                    778.032
                ],
                [
                    836.928,
                    771.984
                ],
                [
                    840.96,
                    766.0440000000001
                ],
                [
                    849.024,
                    759.024
                ],
                [
                    850.944,
                    753.9480000000001
                ],
                [
                    868.032,
                    740.988
                ],
                [
                    870.912,
                    740.988
                ],
                [
                    888.96,
                    767.9879999999999
                ],
                [
                    892.9920000000001,
                    770.04
                ],
                [
                    906.048,
                    786.996
                ],
                [
                    948.096,
                    817.992
                ],
                [
                    969.0240000000001,
                    829.0079999999999
                ],
                [
                    977.0880000000001,
                    832.0319999999999
                ],
                [
                    983.9999999999999,
                    832.0319999999999
                ],
                [
                    985.92,
                    833.004
                ],
                [
                    985.92,
                    843.048
                ],
                [
                    984.96,
                    857.952
                ],
                [
                    983.9999999999999,
                    863.028
                ],
                [
                    980.928,
                    868.968
                ],
                [
                    975.9359999999999,
                    872.964
                ],
                [
                    974.016,
                    874.044
                ],
                [
                    960,
                    874.044
                ],
                [
                    953.088,
                    876.96
                ],
                [
                    948.096,
                    876.96
                ],
                [
                    935.04,
                    880.956
                ],
                [
                    926.016,
                    887.976
                ],
                [
                    920.0640000000001,
                    897.048
                ],
                [
                    916.9920000000001,
                    897.048
                ],
                [
                    912,
                    899.964
                ],
                [
                    893.952,
                    914.976
                ],
                [
                    889.9200000000001,
                    915.948
                ],
                [
                    873.024,
                    925.9920000000001
                ],
                [
                    872.064,
                    928.044
                ],
                [
                    873.984,
                    933.984
                ],
                [
                    877.0559999999999,
                    936.0360000000001
                ],
                [
                    878.016,
                    938.952
                ],
                [
                    882.048,
                    960.0120000000001
                ],
                [
                    886.08,
                    965.952
                ],
                [
                    889.9200000000001,
                    982.044
                ],
                [
                    889.9200000000001,
                    994.032
                ],
                [
                    888,
                    995.976
                ],
                [
                    864,
                    1005.048
                ],
                [
                    848.064,
                    1009.044
                ]
            ]
        }
    ]
}