{
    "IMAGE_INFO": {
        "FILE_NAME": "1001480@0_04002_220906_P1_T3__0252.jpg",
        "DATE": "2022-10-21 15:34:18",
        "RESOLUTION": "1920 x 1080",
        "IMAGE_PHOTOGRAPHER": "이지은",
        "FOCUS_DISTANCE": "5.6",
        "EXPOSURE_TIME": "1/400",
        "SENSITIVITY_ISO": "12800",
        "PLACE": "삼오자원",
        "REGION_NAME": null,
        "Direction": "0",
        "HEIGHT": "100",
        "DAY/NIGHT": "주간",
        "WEATHER": "맑음",
        "IMAGE_HEIGHT": 1080,
        "IMAGE_WIDTH": 1920,
        "IMAGE_SIZE": "660.6 KB"
    },
    "ANNOTATION_INFO": [
        {
            "ID": "1",
            "CLASS": "플라스틱",
            "DETAILS": "PP",
            "DAMAGE": "찌그러짐",
            "DIRTINESS": "이물질(외부)",
            "COVER": "겹침",
            "TRANSPARENCY": "불투명",
            "SHAPE": "원형용기형",
            "SHAPE_TYPE": "POLYGON",
            "POINTS": [
                [
                    702.9119999999999,
                    745.956
                ],
                [
                    666.048,
                    856.0079999999999
                ],
                [
                    662.016,
                    863.028
                ],
                [
                    656.064,
                    866.0519999999999
                ],
                [
                    648,
                    864.972
                ],
                [
                    595.008,
                    856.0079999999999
                ],
                [
                    534.912,
                    836.028
                ],
                [
                    455.03999999999996,
                    806.0039999999999
                ],
                [
                    441.984,
                    795.96
                ],
                [
                    435.072,
                    789.048
                ],
                [
                    430.08,
                    770.04
                ],
                [
                    432.96000000000004,
                    762.048
                ],
                [
                    465.984,
                    681.048
                ],
                [
                    457.91999999999996,
                    683.9639999999999
                ],
                [
                    437.952,
                    695.952
                ],
                [
                    417.98400000000004,
                    708.048
                ],
                [
                    401.088,
                    725.004
                ],
                [
                    379.008,
                    751.032
                ],
                [
                    366.912,
                    767.0160000000001
                ],
                [
                    356.928,
                    786.996
                ],
                [
                    346.944,
                    806.976
                ],
                [
                    342.91200000000003,
                    829.9799999999999
                ],
                [
                    339.072,
                    856.98
                ],
                [
                    340.03200000000004,
                    883.98
                ],
                [
                    340.992,
                    906.012
                ],
                [
                    347.904,
                    928.044
                ],
                [
                    358.08,
                    959.04
                ],
                [
                    374.016,
                    986.0400000000001
                ],
                [
                    392.06399999999996,
                    1007.964
                ],
                [
                    412.992,
                    1025.028
                ],
                [
                    442.94399999999996,
                    1044.036
                ],
                [
                    465.984,
                    1053.972
                ],
                [
                    489.984,
                    1060.02
                ],
                [
                    528,
                    1064.988
                ],
                [
                    574.0799999999999,
                    1057.968
                ],
                [
                    611.904,
                    1044.036
                ],
                [
                    644.928,
                    1025.028
                ],
                [
                    676.9920000000001,
                    995.976
                ],
                [
                    705.984,
                    953.9639999999999
                ],
                [
                    719.04,
                    924.048
                ],
                [
                    731.904,
                    863.028
                ],
                [
                    733.0559999999999,
                    833.004
                ],
                [
                    729.024,
                    806.0039999999999
                ],
                [
                    720.96,
                    779.004
                ],
                [
                    713.088,
                    762.048
                ]
            ]
        },
        {
            "ID": "2",
            "CLASS": "플라스틱",
            "DETAILS": "PP",
            "DAMAGE": "원형",
            "DIRTINESS": "오염없음",
            "COVER": "없음",
            "TRANSPARENCY": "불투명",
            "SHAPE": "사각용기형",
            "SHAPE_TYPE": "POLYGON",
            "POINTS": [
                [
                    648.96,
                    864.972
                ],
                [
                    624,
                    860.976
                ],
                [
                    595.9680000000001,
                    856.0079999999999
                ],
                [
                    584.0640000000001,
                    852.0120000000001
                ],
                [
                    556.032,
                    843.048
                ],
                [
                    528,
                    833.976
                ],
                [
                    504.96000000000004,
                    825.0120000000001
                ],
                [
                    475.968,
                    813.9960000000001
                ],
                [
                    455.03999999999996,
                    805.0319999999999
                ],
                [
                    441.984,
                    795.96
                ],
                [
                    435.072,
                    789.048
                ],
                [
                    432.96000000000004,
                    780.948
                ],
                [
                    431.04,
                    770.04
                ],
                [
                    433.92,
                    759.024
                ],
                [
                    450.048,
                    721.0079999999999
                ],
                [
                    451.968,
                    714.96
                ],
                [
                    456,
                    705.996
                ],
                [
                    467.904,
                    677.052
                ],
                [
                    483.072,
                    644.976
                ],
                [
                    494.01599999999996,
                    623.052
                ],
                [
                    510.91200000000003,
                    614.952
                ],
                [
                    517.0559999999999,
                    604.044
                ],
                [
                    522.048,
                    600.048
                ],
                [
                    532.032,
                    594.972
                ],
                [
                    536.064,
                    597.024
                ],
                [
                    542.016,
                    594.972
                ],
                [
                    555.072,
                    594
                ],
                [
                    561.024,
                    594.972
                ],
                [
                    588.096,
                    604.044
                ],
                [
                    600.96,
                    609.9839999999999
                ],
                [
                    619.008,
                    614.952
                ],
                [
                    651.072,
                    628.02
                ],
                [
                    665.088,
                    632.9879999999999
                ],
                [
                    676.9920000000001,
                    637.956
                ],
                [
                    681.984,
                    640.98
                ],
                [
                    686.976,
                    643.032
                ],
                [
                    692.928,
                    648
                ],
                [
                    705.984,
                    663.984
                ],
                [
                    708.096,
                    677.052
                ],
                [
                    704.0640000000001,
                    690.0120000000001
                ],
                [
                    705.984,
                    695.952
                ],
                [
                    710.0160000000001,
                    699.948
                ],
                [
                    711.936,
                    709.02
                ],
                [
                    711.936,
                    720.036
                ],
                [
                    702.9119999999999,
                    743.04
                ],
                [
                    695.04,
                    768.9599999999999
                ],
                [
                    691.008,
                    780.948
                ],
                [
                    681.984,
                    807.948
                ],
                [
                    672.9599999999999,
                    833.976
                ],
                [
                    665.088,
                    856.0079999999999
                ],
                [
                    661.056,
                    863.028
                ],
                [
                    657.024,
                    864.972
                ]
            ]
        },
        {
            "ID": "3",
            "CLASS": "플라스틱",
            "DETAILS": "PP",
            "DAMAGE": "원형",
            "DIRTINESS": "이물질(내부)",
            "COVER": "겹침",
            "TRANSPARENCY": "불투명",
            "SHAPE": "사각용기형",
            "SHAPE_TYPE": "POLYGON",
            "POINTS": [
                [
                    806.016,
                    639.0360000000001
                ],
                [
                    781.056,
                    635.04
                ],
                [
                    763.0079999999999,
                    624.024
                ],
                [
                    743.04,
                    613.008
                ],
                [
                    716.928,
                    597.996
                ],
                [
                    676.9920000000001,
                    574.02
                ],
                [
                    670.0799999999999,
                    567.972
                ],
                [
                    646.08,
                    556.956
                ],
                [
                    633.984,
                    550.044
                ],
                [
                    618.048,
                    540.972
                ],
                [
                    586.9440000000001,
                    523.044
                ],
                [
                    546.048,
                    496.044
                ],
                [
                    478.08,
                    459
                ],
                [
                    437.952,
                    436.968
                ],
                [
                    389.952,
                    407.052
                ],
                [
                    377.08799999999997,
                    398.952
                ],
                [
                    363.072,
                    385.02
                ],
                [
                    355.968,
                    369.036
                ],
                [
                    355.968,
                    340.95599999999996
                ],
                [
                    363.072,
                    324.972
                ],
                [
                    394.94399999999996,
                    278.964
                ],
                [
                    411.072,
                    250.02
                ],
                [
                    417.98400000000004,
                    239.976
                ],
                [
                    420.096,
                    235.98
                ],
                [
                    423.936,
                    227.988
                ],
                [
                    431.04,
                    218.052
                ],
                [
                    436.032,
                    209.952
                ],
                [
                    446.976,
                    192.996
                ],
                [
                    460.03200000000004,
                    195.048
                ],
                [
                    523.968,
                    201.96
                ],
                [
                    534.912,
                    204.012
                ],
                [
                    543.936,
                    209.952
                ],
                [
                    553.92,
                    224.96400000000003
                ],
                [
                    560.0640000000001,
                    231.98399999999998
                ],
                [
                    569.088,
                    238.032
                ],
                [
                    576,
                    239.976
                ],
                [
                    589.056,
                    242.028
                ],
                [
                    600,
                    242.028
                ],
                [
                    609.024,
                    245.052
                ],
                [
                    649.9200000000001,
                    247.968
                ],
                [
                    691.008,
                    253.044
                ],
                [
                    720,
                    258.98400000000004
                ],
                [
                    883.0079999999999,
                    259.956
                ],
                [
                    892.032,
                    257.03999999999996
                ],
                [
                    905.088,
                    249.048
                ],
                [
                    916.9920000000001,
                    231.98399999999998
                ],
                [
                    921.024,
                    218.052
                ],
                [
                    930.048,
                    216
                ],
                [
                    948.096,
                    223.01999999999998
                ],
                [
                    1007.04,
                    257.03999999999996
                ],
                [
                    1021.056,
                    280.044
                ],
                [
                    1025.0880000000002,
                    307.044
                ],
                [
                    1022.9760000000001,
                    338.04
                ],
                [
                    1016.064,
                    355.968
                ],
                [
                    1008.9599999999999,
                    365.04
                ],
                [
                    1003.0079999999999,
                    381.99600000000004
                ],
                [
                    974.9760000000001,
                    427.032
                ],
                [
                    969.0240000000001,
                    443.988
                ],
                [
                    955.008,
                    463.96799999999996
                ],
                [
                    941.952,
                    493.02000000000004
                ],
                [
                    916.9920000000001,
                    531.0360000000001
                ],
                [
                    898.944,
                    552.96
                ],
                [
                    892.032,
                    567
                ],
                [
                    867.072,
                    594.972
                ],
                [
                    867.072,
                    601.992
                ],
                [
                    864.96,
                    608.04
                ],
                [
                    859.9680000000001,
                    613.008
                ],
                [
                    846.912,
                    625.968
                ],
                [
                    830.976,
                    635.04
                ],
                [
                    812.928,
                    639.0360000000001
                ]
            ]
        }
    ]
}