{
    "IMAGE_INFO": {
        "FILE_NAME": "1001447@0_04002_220906_P1_T3__0220.jpg",
        "DATE": "2022-10-21 15:34:12",
        "RESOLUTION": "1920 x 1080",
        "IMAGE_PHOTOGRAPHER": "이지은",
        "FOCUS_DISTANCE": "5.6",
        "EXPOSURE_TIME": "1/400",
        "SENSITIVITY_ISO": "12800",
        "PLACE": "삼오자원",
        "REGION_NAME": null,
        "Direction": "0",
        "HEIGHT": "100",
        "DAY/NIGHT": "주간",
        "WEATHER": "맑음",
        "IMAGE_HEIGHT": 1080,
        "IMAGE_WIDTH": 1920,
        "IMAGE_SIZE": "506.7 KB"
    },
    "ANNOTATION_INFO": [
        {
            "ID": "1",
            "CLASS": "플라스틱",
            "DETAILS": "PP",
            "DAMAGE": "찌그러짐",
            "DIRTINESS": "오염없음",
            "COVER": "없음",
            "TRANSPARENCY": "불투명",
            "SHAPE": "원형용기형",
            "SHAPE_TYPE": "POLYGON",
            "POINTS": [
                [
                    387.072,
                    207.036
                ],
                [
                    368.064,
                    204.012
                ],
                [
                    363.072,
                    200.988
                ],
                [
                    356.928,
                    200.988
                ],
                [
                    354.048,
                    200.016
                ],
                [
                    345.984,
                    196.99200000000002
                ],
                [
                    340.992,
                    193.96800000000002
                ],
                [
                    336,
                    192.024
                ],
                [
                    330.048,
                    188.028
                ],
                [
                    324.096,
                    185.00400000000002
                ],
                [
                    301.056,
                    166.968
                ],
                [
                    283.968,
                    149.04000000000002
                ],
                [
                    278.016,
                    141.048
                ],
                [
                    272.06399999999996,
                    128.952
                ],
                [
                    268.992,
                    124.956
                ],
                [
                    268.032,
                    119.988
                ],
                [
                    264.96000000000004,
                    118.044
                ],
                [
                    259.96799999999996,
                    103.032
                ],
                [
                    258.048,
                    99.036
                ],
                [
                    258.048,
                    95.03999999999999
                ],
                [
                    255.936,
                    91.044
                ],
                [
                    252.096,
                    72.036
                ],
                [
                    249.984,
                    49.032000000000004
                ],
                [
                    254.976,
                    18.035999999999998
                ],
                [
                    258.048,
                    6.048
                ],
                [
                    260.928,
                    2.052
                ],
                [
                    260.928,
                    0
                ],
                [
                    552.9599999999999,
                    0
                ],
                [
                    556.032,
                    3.996
                ],
                [
                    556.032,
                    7.02
                ],
                [
                    558.912,
                    14.04
                ],
                [
                    564.096,
                    41.04
                ],
                [
                    564.096,
                    54
                ],
                [
                    562.9440000000001,
                    68.04
                ],
                [
                    558.912,
                    88.992
                ],
                [
                    553.92,
                    100.008
                ],
                [
                    553.92,
                    104.00399999999999
                ],
                [
                    551.04,
                    111.996
                ],
                [
                    547.968,
                    119.016
                ],
                [
                    542.016,
                    127.97999999999999
                ],
                [
                    541.056,
                    131.976
                ],
                [
                    537.024,
                    135.972
                ],
                [
                    536.064,
                    141.048
                ],
                [
                    528,
                    150.984
                ],
                [
                    519.9359999999999,
                    159.948
                ],
                [
                    517.0559999999999,
                    162
                ],
                [
                    513.024,
                    166.968
                ],
                [
                    489.02399999999994,
                    184.03199999999998
                ],
                [
                    480,
                    189
                ],
                [
                    475.968,
                    192.024
                ],
                [
                    471.936,
                    192.996
                ],
                [
                    464.064,
                    196.99200000000002
                ],
                [
                    456.96,
                    199.04399999999998
                ],
                [
                    452.928,
                    200.988
                ],
                [
                    441.024,
                    204.012
                ],
                [
                    422.01599999999996,
                    207.036
                ],
                [
                    387.072,
                    207.036
                ]
            ]
        }
    ]
}