{
    "IMAGE_INFO": {
        "FILE_NAME": "1001556@0_04002_220906_P1_T3__0389.jpg",
        "DATE": "2022-10-21 15:34:40",
        "RESOLUTION": "1920 x 1080",
        "IMAGE_PHOTOGRAPHER": "이지은",
        "FOCUS_DISTANCE": "5.6",
        "EXPOSURE_TIME": "1/400",
        "SENSITIVITY_ISO": "12800",
        "PLACE": "삼오자원",
        "REGION_NAME": null,
        "Direction": "0",
        "HEIGHT": "100",
        "DAY/NIGHT": "주간",
        "WEATHER": "맑음",
        "IMAGE_HEIGHT": 1080,
        "IMAGE_WIDTH": 1920,
        "IMAGE_SIZE": "596.5 KB"
    },
    "ANNOTATION_INFO": [
        {
            "ID": "2",
            "CLASS": "플라스틱",
            "DETAILS": "PP",
            "DAMAGE": "찌그러짐",
            "DIRTINESS": "오염없음",
            "COVER": "없음",
            "TRANSPARENCY": "불투명",
            "SHAPE": "사각용기형",
            "SHAPE_TYPE": "POLYGON",
            "POINTS": [
                [
                    662.016,
                    890.028
                ],
                [
                    656.064,
                    887.976
                ],
                [
                    642.048,
                    872.964
                ],
                [
                    615.9359999999999,
                    818.9639999999999
                ],
                [
                    579.072,
                    721.98
                ],
                [
                    574.0799999999999,
                    717.0120000000001
                ],
                [
                    571.968,
                    705.996
                ],
                [
                    566.976,
                    710.9639999999999
                ],
                [
                    566.016,
                    720.036
                ],
                [
                    560.0640000000001,
                    705.996
                ],
                [
                    557.952,
                    687.96
                ],
                [
                    550.0799999999999,
                    675
                ],
                [
                    550.0799999999999,
                    663.0120000000001
                ],
                [
                    566.016,
                    641.952
                ],
                [
                    577.92,
                    636.012
                ],
                [
                    615.9359999999999,
                    609.012
                ],
                [
                    633.024,
                    604.044
                ],
                [
                    662.016,
                    587.952
                ],
                [
                    675.072,
                    583.9559999999999
                ],
                [
                    699.072,
                    570.024
                ],
                [
                    723.072,
                    551.9879999999999
                ],
                [
                    744,
                    543.024
                ],
                [
                    752.064,
                    543.024
                ],
                [
                    762.048,
                    547.992
                ],
                [
                    771.072,
                    559.9799999999999
                ],
                [
                    801.984,
                    629.964
                ],
                [
                    841.92,
                    702
                ],
                [
                    867.072,
                    753.9480000000001
                ],
                [
                    865.9200000000001,
                    771.012
                ],
                [
                    858.048,
                    779.976
                ],
                [
                    844.0319999999999,
                    789.048
                ],
                [
                    697.92,
                    874.044
                ],
                [
                    691.968,
                    879.9839999999999
                ],
                [
                    691.968,
                    883.98
                ],
                [
                    680.0640000000001,
                    883.98
                ],
                [
                    667.968,
                    890.028
                ]
            ]
        },
        {
            "ID": "3",
            "CLASS": "플라스틱",
            "DETAILS": "PP",
            "DAMAGE": "찌그러짐",
            "DIRTINESS": "오염없음",
            "COVER": "없음",
            "TRANSPARENCY": "불투명",
            "SHAPE": "사각용기형",
            "SHAPE_TYPE": "POLYGON",
            "POINTS": [
                [
                    1140.096,
                    1080
                ],
                [
                    1136.064,
                    1073.952
                ],
                [
                    1126.08,
                    1068.012
                ],
                [
                    1112.064,
                    1053
                ],
                [
                    1100.928,
                    1049.9759999999999
                ],
                [
                    1094.0159999999998,
                    1045.98
                ],
                [
                    1081.92,
                    1033.992
                ],
                [
                    1070.016,
                    963.0360000000001
                ],
                [
                    1054.0800000000002,
                    910.008
                ],
                [
                    1050.048,
                    866.0519999999999
                ],
                [
                    1052.9279999999999,
                    856.0079999999999
                ],
                [
                    1105.9199999999998,
                    776.952
                ],
                [
                    1128,
                    752.004
                ],
                [
                    1133.952,
                    747.036
                ],
                [
                    1150.08,
                    740.0160000000001
                ],
                [
                    1172.9279999999999,
                    740.0160000000001
                ],
                [
                    1179.072,
                    740.988
                ],
                [
                    1190.9759999999999,
                    747.036
                ],
                [
                    1238.9759999999999,
                    782.028
                ],
                [
                    1248,
                    786.024
                ],
                [
                    1273.92,
                    806.0039999999999
                ],
                [
                    1305.9840000000002,
                    825.984
                ],
                [
                    1347.0720000000001,
                    857.952
                ],
                [
                    1349.952,
                    857.952
                ],
                [
                    1363.968,
                    866.0519999999999
                ],
                [
                    1369.92,
                    866.0519999999999
                ],
                [
                    1428.096,
                    887.976
                ],
                [
                    1436.9279999999999,
                    891.972
                ],
                [
                    1454.0159999999998,
                    903.9599999999999
                ],
                [
                    1469.952,
                    933.984
                ],
                [
                    1472.064,
                    953.9639999999999
                ],
                [
                    1462.08,
                    987.0120000000001
                ],
                [
                    1459.9679999999998,
                    1015.956
                ],
                [
                    1445.952,
                    1041.984
                ],
                [
                    1436.9279999999999,
                    1080
                ]
            ]
        }
    ]
}