{
    "IMAGE_INFO": {
        "FILE_NAME": "1001435@0_04002_220906_P1_T3__0026.jpg",
        "DATE": "2022-10-21 15:33:40",
        "RESOLUTION": "1920 x 1080",
        "IMAGE_PHOTOGRAPHER": "이지은",
        "FOCUS_DISTANCE": "5.6",
        "EXPOSURE_TIME": "1/400",
        "SENSITIVITY_ISO": "12800",
        "PLACE": "삼오자원",
        "REGION_NAME": null,
        "Direction": "0",
        "HEIGHT": "100",
        "DAY/NIGHT": "주간",
        "WEATHER": "맑음",
        "IMAGE_HEIGHT": 1080,
        "IMAGE_WIDTH": 1920,
        "IMAGE_SIZE": "724.1 KB"
    },
    "ANNOTATION_INFO": [
        {
            "ID": "1",
            "CLASS": "플라스틱",
            "DETAILS": "PP",
            "DAMAGE": "원형",
            "DIRTINESS": "이물질(외부)",
            "COVER": "없음",
            "TRANSPARENCY": "투명",
            "SHAPE": "사각용기형",
            "SHAPE_TYPE": "POLYGON",
            "POINTS": [
                [
                    922.9440000000001,
                    845.9639999999999
                ],
                [
                    903.936,
                    833.004
                ],
                [
                    894.912,
                    822.96
                ],
                [
                    883.0079999999999,
                    798.984
                ],
                [
                    883.0079999999999,
                    785.052
                ],
                [
                    877.0559999999999,
                    766.0440000000001
                ],
                [
                    864.96,
                    745.956
                ],
                [
                    855.9359999999999,
                    722.952
                ],
                [
                    855.9359999999999,
                    710.9639999999999
                ],
                [
                    845.952,
                    690.984
                ],
                [
                    843.072,
                    678.9960000000001
                ],
                [
                    843.072,
                    666.0360000000001
                ],
                [
                    830.976,
                    637.956
                ],
                [
                    830.976,
                    628.02
                ],
                [
                    825.024,
                    618.9480000000001
                ],
                [
                    821.952,
                    594
                ],
                [
                    810.048,
                    578.988
                ],
                [
                    810.048,
                    566.028
                ],
                [
                    806.976,
                    554.04
                ],
                [
                    801.024,
                    547.02
                ],
                [
                    797.952,
                    521.964
                ],
                [
                    787.968,
                    502.956
                ],
                [
                    797.952,
                    486
                ],
                [
                    845.952,
                    465.048
                ],
                [
                    879.9359999999999,
                    455.976
                ],
                [
                    931.968,
                    432.972
                ],
                [
                    1038.912,
                    401.004
                ],
                [
                    1056.96,
                    393.012
                ],
                [
                    1071.9360000000001,
                    390.96
                ],
                [
                    1099.9679999999998,
                    384.048
                ],
                [
                    1112.064,
                    378
                ],
                [
                    1163.904,
                    362.988
                ],
                [
                    1185.024,
                    358.99199999999996
                ],
                [
                    1291.968,
                    320.976
                ],
                [
                    1310.016,
                    312.012
                ],
                [
                    1358.9759999999999,
                    293.00399999999996
                ],
                [
                    1453.056,
                    262.98
                ],
                [
                    1465.9199999999998,
                    261.036
                ],
                [
                    1492.992,
                    249.048
                ],
                [
                    1511.04,
                    246.024
                ],
                [
                    1545.024,
                    231.98399999999998
                ],
                [
                    1560,
                    230.04
                ],
                [
                    1571.904,
                    224.96400000000003
                ],
                [
                    1588.032,
                    223.01999999999998
                ],
                [
                    1608.96,
                    216.972
                ],
                [
                    1636.032,
                    208.00799999999998
                ],
                [
                    1646.0159999999998,
                    201.96
                ],
                [
                    1655.04,
                    200.016
                ],
                [
                    1664.064,
                    200.016
                ],
                [
                    1675.968,
                    204.012
                ],
                [
                    1684.9920000000002,
                    215.028
                ],
                [
                    1694.0159999999998,
                    239.976
                ],
                [
                    1703.04,
                    250.992
                ],
                [
                    1703.04,
                    290.952
                ],
                [
                    1709.952,
                    305.964
                ],
                [
                    1709.952,
                    323.02799999999996
                ],
                [
                    1713.024,
                    332.964
                ],
                [
                    1722.048,
                    350.028
                ],
                [
                    1722.048,
                    361.044
                ],
                [
                    1728,
                    371.952
                ],
                [
                    1733.952,
                    409.968
                ],
                [
                    1752,
                    455.976
                ],
                [
                    1757.952,
                    461.052
                ],
                [
                    1771.008,
                    486
                ],
                [
                    1776.96,
                    505.00800000000004
                ],
                [
                    1789.056,
                    524.0160000000001
                ],
                [
                    1789.056,
                    544.9680000000001
                ],
                [
                    1782.912,
                    558.0360000000001
                ],
                [
                    1771.008,
                    566.028
                ],
                [
                    1742.976,
                    569.052
                ],
                [
                    1728,
                    573.048
                ],
                [
                    1716.096,
                    577.044
                ],
                [
                    1709.952,
                    581.0400000000001
                ],
                [
                    1699.9679999999998,
                    582.9839999999999
                ],
                [
                    1690.944,
                    587.952
                ],
                [
                    1675.968,
                    591.948
                ],
                [
                    1666.944,
                    597.996
                ],
                [
                    1660.992,
                    597.996
                ],
                [
                    1649.088,
                    605.0160000000001
                ],
                [
                    1632.96,
                    606.96
                ],
                [
                    1621.056,
                    613.008
                ],
                [
                    1606.08,
                    614.952
                ],
                [
                    1597.056,
                    621
                ],
                [
                    1574.976,
                    628.02
                ],
                [
                    1569.0240000000001,
                    628.02
                ],
                [
                    1556.9279999999999,
                    633.9599999999999
                ],
                [
                    1545.024,
                    636.012
                ],
                [
                    1536,
                    640.98
                ],
                [
                    1523.904,
                    643.032
                ],
                [
                    1487.04,
                    662.04
                ],
                [
                    1474.944,
                    663.984
                ],
                [
                    1455.936,
                    671.976
                ],
                [
                    1444.032,
                    674.028
                ],
                [
                    1431.9360000000001,
                    678.9960000000001
                ],
                [
                    1425.9840000000002,
                    678.9960000000001
                ],
                [
                    1407.936,
                    686.9879999999999
                ],
                [
                    1344,
                    704.052
                ],
                [
                    1330.944,
                    709.992
                ],
                [
                    1297.92,
                    717.0120000000001
                ],
                [
                    1280.0639999999999,
                    725.004
                ],
                [
                    1272.96,
                    725.004
                ],
                [
                    1243.008,
                    736.02
                ],
                [
                    1228.032,
                    740.0160000000001
                ],
                [
                    1214.976,
                    740.0160000000001
                ],
                [
                    1205.952,
                    741.96
                ],
                [
                    1179.072,
                    751.032
                ],
                [
                    1153.92,
                    763.02
                ],
                [
                    1145.0880000000002,
                    763.9920000000001
                ],
                [
                    1118.016,
                    779.976
                ],
                [
                    1089.984,
                    786.996
                ],
                [
                    1080.9599999999998,
                    786.996
                ],
                [
                    1054.0800000000002,
                    798.984
                ],
                [
                    1002.048,
                    812.052
                ],
                [
                    989.9519999999999,
                    817.992
                ],
                [
                    978.0479999999999,
                    818.9639999999999
                ],
                [
                    959.04,
                    826.956
                ],
                [
                    950.0160000000001,
                    834.948
                ],
                [
                    931.968,
                    844.02
                ],
                [
                    922.9440000000001,
                    845.9639999999999
                ]
            ]
        }
    ]
}