{
    "IMAGE_INFO": {
        "FILE_NAME": "1001242@0_04002_220906_P1_T3__2354.jpg",
        "DATE": "2022-10-21 15:33:28",
        "RESOLUTION": "1920 x 1080",
        "IMAGE_PHOTOGRAPHER": "이지은",
        "FOCUS_DISTANCE": "5.6",
        "EXPOSURE_TIME": "1/400",
        "SENSITIVITY_ISO": "12800",
        "PLACE": "삼오자원",
        "REGION_NAME": null,
        "Direction": "0",
        "HEIGHT": "100",
        "DAY/NIGHT": "주간",
        "WEATHER": "맑음",
        "IMAGE_HEIGHT": 1080,
        "IMAGE_WIDTH": 1920,
        "IMAGE_SIZE": "598.0 KB"
    },
    "ANNOTATION_INFO": [
        {
            "ID": "1",
            "CLASS": "플라스틱",
            "DETAILS": "PP",
            "DAMAGE": "찌그러짐",
            "DIRTINESS": "이물질(외부)",
            "COVER": "없음",
            "TRANSPARENCY": "불투명",
            "SHAPE": "원형용기형",
            "SHAPE_TYPE": "POLYGON",
            "POINTS": [
                [
                    1665.9840000000002,
                    772.956
                ],
                [
                    1655.04,
                    771.012
                ],
                [
                    1646.976,
                    768.9599999999999
                ],
                [
                    1630.08,
                    762.048
                ],
                [
                    1620.096,
                    755.028
                ],
                [
                    1618.944,
                    755.028
                ],
                [
                    1603.008,
                    741.96
                ],
                [
                    1598.016,
                    736.992
                ],
                [
                    1592.064,
                    729
                ],
                [
                    1590.912,
                    725.976
                ],
                [
                    1588.032,
                    722.952
                ],
                [
                    1579.9679999999998,
                    706.968
                ],
                [
                    1579.008,
                    702
                ],
                [
                    1575.936,
                    697.0319999999999
                ],
                [
                    1574.0159999999998,
                    686.016
                ],
                [
                    1570.944,
                    682.992
                ],
                [
                    1569.984,
                    678.024
                ],
                [
                    1569.984,
                    644.004
                ],
                [
                    1570.944,
                    639.0360000000001
                ],
                [
                    1575.936,
                    624.024
                ],
                [
                    1579.008,
                    621
                ],
                [
                    1579.9679999999998,
                    616.032
                ],
                [
                    1583.04,
                    613.008
                ],
                [
                    1584,
                    609.012
                ],
                [
                    1587.0720000000001,
                    605.988
                ],
                [
                    1588.032,
                    601.992
                ],
                [
                    1590.912,
                    598.968
                ],
                [
                    1592.064,
                    594.972
                ],
                [
                    1596.096,
                    590.004
                ],
                [
                    1598.9759999999999,
                    587.952
                ],
                [
                    1599.9360000000001,
                    585.036
                ],
                [
                    1603.968,
                    581.0400000000001
                ],
                [
                    1611.072,
                    577.044
                ],
                [
                    1612.032,
                    577.044
                ],
                [
                    1621.056,
                    569.052
                ],
                [
                    1632.96,
                    562.0319999999999
                ],
                [
                    1635.0720000000001,
                    562.0319999999999
                ],
                [
                    1643.904,
                    559.0079999999999
                ],
                [
                    1662.912,
                    555.0120000000001
                ],
                [
                    1680.9599999999998,
                    555.0120000000001
                ],
                [
                    1685.952,
                    555.984
                ],
                [
                    1689.984,
                    558.0360000000001
                ],
                [
                    1698.048,
                    559.0079999999999
                ],
                [
                    1703.04,
                    560.952
                ],
                [
                    1709.952,
                    562.0319999999999
                ],
                [
                    1728.96,
                    571.968
                ],
                [
                    1738.944,
                    581.0400000000001
                ],
                [
                    1741.056,
                    581.0400000000001
                ],
                [
                    1745.0880000000002,
                    585.036
                ],
                [
                    1746.048,
                    587.952
                ],
                [
                    1748.928,
                    590.004
                ],
                [
                    1750.08,
                    591.948
                ],
                [
                    1757.952,
                    600.048
                ],
                [
                    1760.0639999999999,
                    605.0160000000001
                ],
                [
                    1761.984,
                    605.988
                ],
                [
                    1762.944,
                    609.9839999999999
                ],
                [
                    1766.0159999999998,
                    613.98
                ],
                [
                    1766.0159999999998,
                    617.004
                ],
                [
                    1767.936,
                    618.9480000000001
                ],
                [
                    1767.936,
                    621
                ],
                [
                    1770.048,
                    624.024
                ],
                [
                    1771.008,
                    629.964
                ],
                [
                    1774.0800000000002,
                    633.9599999999999
                ],
                [
                    1775.04,
                    640.008
                ],
                [
                    1777.92,
                    645.948
                ],
                [
                    1780.0320000000002,
                    663.984
                ],
                [
                    1780.0320000000002,
                    675.972
                ],
                [
                    1775.04,
                    701.028
                ],
                [
                    1762.944,
                    725.976
                ],
                [
                    1757.952,
                    732.996
                ],
                [
                    1752.96,
                    739.044
                ],
                [
                    1750.08,
                    740.988
                ],
                [
                    1748.928,
                    744.012
                ],
                [
                    1741.056,
                    752.004
                ],
                [
                    1739.904,
                    752.004
                ],
                [
                    1737.024,
                    755.028
                ],
                [
                    1724.9279999999999,
                    763.02
                ],
                [
                    1709.952,
                    768.9599999999999
                ],
                [
                    1691.904,
                    772.956
                ],
                [
                    1665.9840000000002,
                    772.956
                ]
            ]
        },
        {
            "ID": "2",
            "CLASS": "플라스틱",
            "DETAILS": "PP",
            "DAMAGE": "찌그러짐",
            "DIRTINESS": "이물질(전체)",
            "COVER": "겹침",
            "TRANSPARENCY": "불투명",
            "SHAPE": "원형용기형",
            "SHAPE_TYPE": "POLYGON",
            "POINTS": [
                [
                    1073.088,
                    532.98
                ],
                [
                    1056,
                    532.0079999999999
                ],
                [
                    1022.016,
                    527.04
                ],
                [
                    999.936,
                    521.964
                ],
                [
                    961.92,
                    510.94800000000004
                ],
                [
                    949.056,
                    504.036
                ],
                [
                    940.992,
                    501.984
                ],
                [
                    916.9920000000001,
                    489.996
                ],
                [
                    887.0400000000001,
                    469.04400000000004
                ],
                [
                    857.0880000000001,
                    438.048
                ],
                [
                    848.064,
                    424.98
                ],
                [
                    830.976,
                    407.052
                ],
                [
                    807.936,
                    374.976
                ],
                [
                    791.04,
                    343.008
                ],
                [
                    788.928,
                    327.99600000000004
                ],
                [
                    782.016,
                    312.984
                ],
                [
                    779.904,
                    290.952
                ],
                [
                    776.064,
                    280.044
                ],
                [
                    776.064,
                    219.99599999999998
                ],
                [
                    779.904,
                    185.976
                ],
                [
                    783.936,
                    162
                ],
                [
                    798.912,
                    110.052
                ],
                [
                    814.0799999999999,
                    81.972
                ],
                [
                    816,
                    73.98
                ],
                [
                    834.048,
                    47.952000000000005
                ],
                [
                    845.952,
                    45.036
                ],
                [
                    869.952,
                    47.952000000000005
                ],
                [
                    887.0400000000001,
                    57.024
                ],
                [
                    900.096,
                    60.047999999999995
                ],
                [
                    907.968,
                    65.01599999999999
                ],
                [
                    930.048,
                    68.04
                ],
                [
                    940.992,
                    70.95599999999999
                ],
                [
                    946.9440000000001,
                    73.98
                ],
                [
                    950.976,
                    78.948
                ],
                [
                    968.064,
                    81
                ],
                [
                    980.928,
                    85.968
                ],
                [
                    996.0960000000001,
                    84.02399999999999
                ],
                [
                    998.0160000000001,
                    77.976
                ],
                [
                    1007.04,
                    73.98
                ],
                [
                    1023.936,
                    73.008
                ],
                [
                    1035.0720000000001,
                    68.04
                ],
                [
                    1035.0720000000001,
                    65.988
                ],
                [
                    1054.0800000000002,
                    51.94799999999999
                ],
                [
                    1065.024,
                    37.044
                ],
                [
                    1084.032,
                    23.003999999999998
                ],
                [
                    1088.0639999999999,
                    20.952
                ],
                [
                    1100.928,
                    20.952
                ],
                [
                    1108.032,
                    15.011999999999999
                ],
                [
                    1116.096,
                    12.96
                ],
                [
                    1140.096,
                    0
                ],
                [
                    1273.92,
                    0
                ],
                [
                    1286.976,
                    20.952
                ],
                [
                    1300.0320000000002,
                    31.968
                ],
                [
                    1301.952,
                    42.01199999999999
                ],
                [
                    1315.0079999999998,
                    57.995999999999995
                ],
                [
                    1316.9279999999999,
                    70.95599999999999
                ],
                [
                    1329.984,
                    103.032
                ],
                [
                    1334.0159999999998,
                    108
                ],
                [
                    1347.0720000000001,
                    115.99199999999999
                ],
                [
                    1352.064,
                    123.012
                ],
                [
                    1353.9840000000002,
                    145.044
                ],
                [
                    1362.048,
                    168.04799999999997
                ],
                [
                    1363.968,
                    208.00799999999998
                ],
                [
                    1368.96,
                    219.99599999999998
                ],
                [
                    1371.072,
                    297
                ],
                [
                    1363.968,
                    315.036
                ],
                [
                    1363.968,
                    324.972
                ],
                [
                    1358.016,
                    335.988
                ],
                [
                    1352.064,
                    362.016
                ],
                [
                    1344.96,
                    380.05199999999996
                ],
                [
                    1339.008,
                    388.044
                ],
                [
                    1339.008,
                    393.012
                ],
                [
                    1313.088,
                    431.028
                ],
                [
                    1306.944,
                    446.03999999999996
                ],
                [
                    1297.92,
                    459
                ],
                [
                    1285.056,
                    470.01599999999996
                ],
                [
                    1252.992,
                    490.968
                ],
                [
                    1204.032,
                    513.972
                ],
                [
                    1193.088,
                    515.052
                ],
                [
                    1181.952,
                    520.02
                ],
                [
                    1156.992,
                    527.04
                ],
                [
                    1146.048,
                    527.04
                ],
                [
                    1124.9279999999999,
                    532.0079999999999
                ],
                [
                    1112.064,
                    532.98
                ],
                [
                    1073.088,
                    532.98
                ]
            ]
        },
        {
            "ID": "3",
            "CLASS": "플라스틱",
            "DETAILS": "PP",
            "DAMAGE": "찌그러짐",
            "DIRTINESS": "이물질(외부)",
            "COVER": "없음",
            "TRANSPARENCY": "투명",
            "SHAPE": "원형용기형",
            "SHAPE_TYPE": "POLYGON",
            "POINTS": [
                [
                    1090.944,
                    845.9639999999999
                ],
                [
                    1080,
                    844.992
                ],
                [
                    1065.9840000000002,
                    839.052
                ],
                [
                    1041.0240000000001,
                    825.0120000000001
                ],
                [
                    1040.0639999999999,
                    825.0120000000001
                ],
                [
                    1031.04,
                    817.992
                ],
                [
                    1026.048,
                    814.9680000000001
                ],
                [
                    1003.9680000000001,
                    791.9639999999999
                ],
                [
                    993.9840000000002,
                    776.952
                ],
                [
                    985.92,
                    760.968
                ],
                [
                    982.0799999999999,
                    747.036
                ],
                [
                    979.968,
                    743.04
                ],
                [
                    978.0479999999999,
                    732.024
                ],
                [
                    977.0880000000001,
                    722.952
                ],
                [
                    977.0880000000001,
                    698.976
                ],
                [
                    979.968,
                    682.02
                ],
                [
                    985.92,
                    667.98
                ],
                [
                    989.9519999999999,
                    663.984
                ],
                [
                    993.9840000000002,
                    655.9920000000001
                ],
                [
                    994.944,
                    651.024
                ],
                [
                    998.976,
                    647.028
                ],
                [
                    999.936,
                    643.032
                ],
                [
                    1003.9680000000001,
                    636.012
                ],
                [
                    1012.032,
                    628.9920000000001
                ],
                [
                    1013.952,
                    625.968
                ],
                [
                    1017.0239999999999,
                    624.024
                ],
                [
                    1017.0239999999999,
                    621.972
                ],
                [
                    1018.944,
                    620.028
                ],
                [
                    1037.952,
                    606.96
                ],
                [
                    1046.976,
                    601.992
                ],
                [
                    1059.072,
                    597.024
                ],
                [
                    1068.096,
                    594
                ],
                [
                    1089.0240000000001,
                    590.004
                ],
                [
                    1110.912,
                    590.004
                ],
                [
                    1129.92,
                    593.028
                ],
                [
                    1138.944,
                    594.972
                ],
                [
                    1146.048,
                    597.996
                ],
                [
                    1151.04,
                    598.968
                ],
                [
                    1165.056,
                    605.0160000000001
                ],
                [
                    1181.952,
                    616.032
                ],
                [
                    1193.088,
                    625.968
                ],
                [
                    1195.0079999999998,
                    628.9920000000001
                ],
                [
                    1199.0400000000002,
                    632.0160000000001
                ],
                [
                    1199.0400000000002,
                    632.9879999999999
                ],
                [
                    1203.0720000000001,
                    636.984
                ],
                [
                    1203.0720000000001,
                    639.0360000000001
                ],
                [
                    1206.912,
                    640.98
                ],
                [
                    1208.0639999999999,
                    644.976
                ],
                [
                    1210.944,
                    648
                ],
                [
                    1213.056,
                    652.9680000000001
                ],
                [
                    1215.936,
                    655.9920000000001
                ],
                [
                    1215.936,
                    659.016
                ],
                [
                    1220.928,
                    663.984
                ],
                [
                    1223.04,
                    675.972
                ],
                [
                    1223.04,
                    685.044
                ],
                [
                    1224.96,
                    690.984
                ],
                [
                    1224.96,
                    698.004
                ],
                [
                    1230.912,
                    712.044
                ],
                [
                    1233.9840000000002,
                    725.976
                ],
                [
                    1238.016,
                    732.024
                ],
                [
                    1239.9360000000001,
                    740.0160000000001
                ],
                [
                    1238.016,
                    747.036
                ],
                [
                    1225.9199999999998,
                    763.02
                ],
                [
                    1224,
                    767.0160000000001
                ],
                [
                    1222.08,
                    775.008
                ],
                [
                    1214.0159999999998,
                    790.0200000000001
                ],
                [
                    1209.984,
                    794.016
                ],
                [
                    1208.0639999999999,
                    798.0120000000001
                ],
                [
                    1204.9920000000002,
                    801.0360000000001
                ],
                [
                    1195.0079999999998,
                    807.948
                ],
                [
                    1185.024,
                    818.9639999999999
                ],
                [
                    1176,
                    826.956
                ],
                [
                    1166.976,
                    830.952
                ],
                [
                    1152,
                    839.052
                ],
                [
                    1150.08,
                    839.052
                ],
                [
                    1142.016,
                    841.968
                ],
                [
                    1132.992,
                    843.048
                ],
                [
                    1124.9279999999999,
                    845.9639999999999
                ],
                [
                    1090.944,
                    845.9639999999999
                ]
            ]
        },
        {
            "ID": "4",
            "CLASS": "플라스틱",
            "DETAILS": "PP",
            "DAMAGE": "찌그러짐",
            "DIRTINESS": "이물질(외부)",
            "COVER": "없음",
            "TRANSPARENCY": "불투명",
            "SHAPE": "원형용기형",
            "SHAPE_TYPE": "POLYGON",
            "POINTS": [
                [
                    1598.016,
                    521.964
                ],
                [
                    1593.024,
                    520.02
                ],
                [
                    1589.952,
                    517.9680000000001
                ],
                [
                    1587.0720000000001,
                    512.028
                ],
                [
                    1587.0720000000001,
                    500.04
                ],
                [
                    1578.048,
                    489.996
                ],
                [
                    1565.952,
                    486
                ],
                [
                    1554.048,
                    478.008
                ],
                [
                    1550.9759999999999,
                    478.008
                ],
                [
                    1548.096,
                    477.036
                ],
                [
                    1545.024,
                    474.012
                ],
                [
                    1537.92,
                    465.048
                ],
                [
                    1527.936,
                    452.952
                ],
                [
                    1521.0240000000001,
                    439.99199999999996
                ],
                [
                    1520.0639999999999,
                    429.94800000000004
                ],
                [
                    1516.032,
                    425.952
                ],
                [
                    1515.0720000000001,
                    421.956
                ],
                [
                    1513.92,
                    405.97200000000004
                ],
                [
                    1513.92,
                    389.988
                ],
                [
                    1515.0720000000001,
                    374.976
                ],
                [
                    1516.032,
                    370.00800000000004
                ],
                [
                    1521.0240000000001,
                    358.02000000000004
                ],
                [
                    1526.0159999999998,
                    350.028
                ],
                [
                    1527.936,
                    343.98
                ],
                [
                    1537.92,
                    331.992
                ],
                [
                    1544.064,
                    324
                ],
                [
                    1550.9759999999999,
                    316.00800000000004
                ],
                [
                    1556.9279999999999,
                    312.012
                ],
                [
                    1569.0240000000001,
                    305.964
                ],
                [
                    1574.0159999999998,
                    304.02
                ],
                [
                    1578.048,
                    303.048
                ],
                [
                    1596.096,
                    300.024
                ],
                [
                    1609.92,
                    300.024
                ],
                [
                    1620.096,
                    301.968
                ],
                [
                    1637.952,
                    305.964
                ],
                [
                    1641.984,
                    308.016
                ],
                [
                    1652.9279999999999,
                    312.012
                ],
                [
                    1661.952,
                    316.00800000000004
                ],
                [
                    1670.016,
                    320.976
                ],
                [
                    1675.968,
                    326.052
                ],
                [
                    1683.0720000000001,
                    332.964
                ],
                [
                    1685.952,
                    338.04
                ],
                [
                    1689.0240000000001,
                    342.036
                ],
                [
                    1694.976,
                    354.024
                ],
                [
                    1699.9679999999998,
                    367.956
                ],
                [
                    1702.08,
                    380.05199999999996
                ],
                [
                    1704,
                    389.988
                ],
                [
                    1704,
                    416.01599999999996
                ],
                [
                    1702.08,
                    425.952
                ],
                [
                    1700.928,
                    434.05199999999996
                ],
                [
                    1694.976,
                    451.97999999999996
                ],
                [
                    1689.984,
                    459.972
                ],
                [
                    1681.92,
                    471.96
                ],
                [
                    1676.9279999999999,
                    477.036
                ],
                [
                    1671.9360000000001,
                    478.008
                ],
                [
                    1665.9840000000002,
                    483.948
                ],
                [
                    1659.072,
                    489.024
                ],
                [
                    1654.0800000000002,
                    489.996
                ],
                [
                    1641.0240000000001,
                    494.964
                ],
                [
                    1630.08,
                    496.044
                ],
                [
                    1627.968,
                    497.988
                ],
                [
                    1622.976,
                    501.984
                ],
                [
                    1622.016,
                    505.98
                ],
                [
                    1620.096,
                    508.032
                ],
                [
                    1620.096,
                    512.028
                ],
                [
                    1612.032,
                    520.02
                ],
                [
                    1608,
                    521.964
                ],
                [
                    1598.016,
                    521.964
                ]
            ]
        }
    ]
}