{
    "IMAGE_INFO": {
        "FILE_NAME": "1001510@0_04002_220906_P1_T3__0214.jpg",
        "DATE": "2022-10-21 15:34:10",
        "RESOLUTION": "1920 x 1080",
        "IMAGE_PHOTOGRAPHER": "이지은",
        "FOCUS_DISTANCE": "5.6",
        "EXPOSURE_TIME": "1/400",
        "SENSITIVITY_ISO": "12800",
        "PLACE": "삼오자원",
        "REGION_NAME": null,
        "Direction": "0",
        "HEIGHT": "100",
        "DAY/NIGHT": "주간",
        "WEATHER": "맑음",
        "IMAGE_HEIGHT": 1080,
        "IMAGE_WIDTH": 1920,
        "IMAGE_SIZE": "569.4 KB"
    },
    "ANNOTATION_INFO": [
        {
            "ID": "1",
            "CLASS": "플라스틱",
            "DETAILS": "PP",
            "DAMAGE": "찌그러짐",
            "DIRTINESS": "오염없음",
            "COVER": "없음",
            "TRANSPARENCY": "불투명",
            "SHAPE": "원형용기형",
            "SHAPE_TYPE": "POLYGON",
            "POINTS": [
                [
                    388.992,
                    979.992
                ],
                [
                    356.928,
                    972.972
                ],
                [
                    329.08799999999997,
                    960.984
                ],
                [
                    318.912,
                    955.044
                ],
                [
                    299.904,
                    940.0319999999999
                ],
                [
                    283.968,
                    924.048
                ],
                [
                    264,
                    894.996
                ],
                [
                    263.04,
                    887.976
                ],
                [
                    259.008,
                    882.036
                ],
                [
                    254.016,
                    866.0519999999999
                ],
                [
                    249.02400000000003,
                    841.968
                ],
                [
                    249.02400000000003,
                    806.976
                ],
                [
                    249.984,
                    797.04
                ],
                [
                    254.976,
                    775.98
                ],
                [
                    258.048,
                    771.984
                ],
                [
                    259.008,
                    763.02
                ],
                [
                    279.93600000000004,
                    725.004
                ],
                [
                    286.08,
                    720.036
                ],
                [
                    286.08,
                    717.9839999999999
                ],
                [
                    292.03200000000004,
                    710.9639999999999
                ],
                [
                    316.992,
                    689.04
                ],
                [
                    339.072,
                    675.972
                ],
                [
                    360,
                    667.98
                ],
                [
                    368.064,
                    667.008
                ],
                [
                    375.936,
                    663.984
                ],
                [
                    390.91200000000003,
                    662.04
                ],
                [
                    426.048,
                    662.04
                ],
                [
                    442.94399999999996,
                    663.984
                ],
                [
                    451.008,
                    667.008
                ],
                [
                    459.072,
                    667.98
                ],
                [
                    464.064,
                    671.0039999999999
                ],
                [
                    475.00800000000004,
                    674.028
                ],
                [
                    499.968,
                    689.04
                ],
                [
                    509.952,
                    697.0319999999999
                ],
                [
                    522.048,
                    709.992
                ],
                [
                    524.928,
                    710.9639999999999
                ],
                [
                    528.96,
                    716.0400000000001
                ],
                [
                    532.032,
                    717.0120000000001
                ],
                [
                    548.928,
                    743.04
                ],
                [
                    550.0799999999999,
                    748.98
                ],
                [
                    553.92,
                    753.9480000000001
                ],
                [
                    555.072,
                    762.048
                ],
                [
                    557.952,
                    764.964
                ],
                [
                    561.024,
                    775.008
                ],
                [
                    565.056,
                    794.016
                ],
                [
                    565.056,
                    836.028
                ],
                [
                    562.9440000000001,
                    847.044
                ],
                [
                    558.912,
                    856.0079999999999
                ],
                [
                    556.9920000000001,
                    871.02
                ],
                [
                    542.016,
                    902.9879999999999
                ],
                [
                    538.944,
                    905.04
                ],
                [
                    537.024,
                    910.98
                ],
                [
                    528,
                    922.9680000000001
                ],
                [
                    504,
                    945
                ],
                [
                    498.04800000000006,
                    948.024
                ],
                [
                    495.9359999999999,
                    952.02
                ],
                [
                    473.088,
                    964.9799999999999
                ],
                [
                    451.968,
                    972.972
                ],
                [
                    420.096,
                    979.992
                ],
                [
                    388.992,
                    979.992
                ]
            ]
        },
        {
            "ID": "2",
            "CLASS": "플라스틱",
            "DETAILS": "PP",
            "DAMAGE": "찌그러짐",
            "DIRTINESS": "이물질(외부)",
            "COVER": "없음",
            "TRANSPARENCY": "투명",
            "SHAPE": "사각용기형",
            "SHAPE_TYPE": "POLYGON",
            "POINTS": [
                [
                    154.944,
                    597.996
                ],
                [
                    138.048,
                    594.972
                ],
                [
                    120.96000000000001,
                    586.0079999999999
                ],
                [
                    108.096,
                    569.052
                ],
                [
                    96,
                    532.98
                ],
                [
                    89.088,
                    486.97200000000004
                ],
                [
                    94.08,
                    470.988
                ],
                [
                    94.08,
                    455.976
                ],
                [
                    99.072,
                    447.012
                ],
                [
                    94.08,
                    385.992
                ],
                [
                    99.072,
                    362.016
                ],
                [
                    99.072,
                    320.976
                ],
                [
                    91.008,
                    308.988
                ],
                [
                    96,
                    281.988
                ],
                [
                    96,
                    250.02
                ],
                [
                    94.08,
                    223.992
                ],
                [
                    83.90400000000001,
                    176.04000000000002
                ],
                [
                    83.90400000000001,
                    154.008
                ],
                [
                    96,
                    132.948
                ],
                [
                    108.096,
                    119.016
                ],
                [
                    125.95200000000001,
                    107.02799999999999
                ],
                [
                    143.04,
                    101.952
                ],
                [
                    192,
                    100.98
                ],
                [
                    219.07199999999997,
                    99.036
                ],
                [
                    236.928,
                    96.012
                ],
                [
                    292.992,
                    92.988
                ],
                [
                    342.91200000000003,
                    95.03999999999999
                ],
                [
                    407.03999999999996,
                    92.01599999999999
                ],
                [
                    428.928,
                    88.992
                ],
                [
                    451.008,
                    88.992
                ],
                [
                    518.016,
                    83.05199999999999
                ],
                [
                    556.9920000000001,
                    74.952
                ],
                [
                    570.048,
                    74.952
                ],
                [
                    601.92,
                    69.012
                ],
                [
                    614.016,
                    69.012
                ],
                [
                    625.9200000000001,
                    65.988
                ],
                [
                    638.976,
                    65.01599999999999
                ],
                [
                    666.048,
                    65.01599999999999
                ],
                [
                    682.9440000000001,
                    70.95599999999999
                ],
                [
                    700.0319999999999,
                    81
                ],
                [
                    715.008,
                    97.956
                ],
                [
                    724.992,
                    119.988
                ],
                [
                    729.9839999999999,
                    145.044
                ],
                [
                    726.912,
                    212.004
                ],
                [
                    734.976,
                    294.94800000000004
                ],
                [
                    731.904,
                    324
                ],
                [
                    737.0880000000001,
                    389.988
                ],
                [
                    744.96,
                    440.964
                ],
                [
                    747.072,
                    485.028
                ],
                [
                    744.96,
                    510.94800000000004
                ],
                [
                    737.0880000000001,
                    524.0160000000001
                ],
                [
                    734.976,
                    535.032
                ],
                [
                    724.992,
                    547.02
                ],
                [
                    705.024,
                    559.0079999999999
                ],
                [
                    681.024,
                    564.948
                ],
                [
                    591.936,
                    564.948
                ],
                [
                    539.904,
                    562.0319999999999
                ],
                [
                    513.024,
                    562.0319999999999
                ],
                [
                    485.952,
                    564.948
                ],
                [
                    431.04,
                    566.028
                ],
                [
                    393.984,
                    569.052
                ],
                [
                    377.08799999999997,
                    571.968
                ],
                [
                    360,
                    571.968
                ],
                [
                    337.91999999999996,
                    577.044
                ],
                [
                    312.96000000000004,
                    578.016
                ],
                [
                    292.992,
                    582.9839999999999
                ],
                [
                    270.91200000000003,
                    586.0079999999999
                ],
                [
                    211.968,
                    590.004
                ],
                [
                    196.992,
                    594.972
                ],
                [
                    169.92,
                    596.0519999999999
                ],
                [
                    168,
                    597.996
                ],
                [
                    154.944,
                    597.996
                ]
            ]
        }
    ]
}