{
    "IMAGE_INFO": {
        "FILE_NAME": "1001162@0_04002_220906_P1_T3__2267.jpg",
        "DATE": "2022-10-21 15:33:14",
        "RESOLUTION": "1920 x 1080",
        "IMAGE_PHOTOGRAPHER": "이지은",
        "FOCUS_DISTANCE": "5.6",
        "EXPOSURE_TIME": "1/400",
        "SENSITIVITY_ISO": "12800",
        "PLACE": "삼오자원",
        "REGION_NAME": null,
        "Direction": "0",
        "HEIGHT": "100",
        "DAY/NIGHT": "주간",
        "WEATHER": "맑음",
        "IMAGE_HEIGHT": 1080,
        "IMAGE_WIDTH": 1920,
        "IMAGE_SIZE": "602.2 KB"
    },
    "ANNOTATION_INFO": [
        {
            "ID": "1",
            "CLASS": "플라스틱",
            "DETAILS": "PP",
            "DAMAGE": "찌그러짐",
            "DIRTINESS": "이물질(외부)",
            "COVER": "없음",
            "TRANSPARENCY": "불투명",
            "SHAPE": "사각용기형",
            "SHAPE_TYPE": "POLYGON",
            "POINTS": [
                [
                    1271.04,
                    1080
                ],
                [
                    1270.08,
                    1042.956
                ],
                [
                    1271.04,
                    1036.044
                ],
                [
                    1276.032,
                    1028.052
                ],
                [
                    1278.912,
                    1025.028
                ],
                [
                    1278.912,
                    1022.976
                ],
                [
                    1283.904,
                    1018.008
                ],
                [
                    1285.056,
                    1015.956
                ],
                [
                    1289.088,
                    1014.012
                ],
                [
                    1294.0800000000002,
                    1007.964
                ],
                [
                    1297.92,
                    1006.02
                ],
                [
                    1299.072,
                    1003.968
                ],
                [
                    1302.912,
                    1002.024
                ],
                [
                    1308.096,
                    998.028
                ],
                [
                    1315.968,
                    992.952
                ],
                [
                    1318.08,
                    992.952
                ],
                [
                    1337.088,
                    986.0400000000001
                ],
                [
                    1339.9679999999998,
                    986.0400000000001
                ],
                [
                    1349.952,
                    983.016
                ],
                [
                    1359.9360000000001,
                    982.044
                ],
                [
                    1364.9279999999999,
                    980.9639999999999
                ],
                [
                    1382.016,
                    980.9639999999999
                ],
                [
                    1387.008,
                    979.02
                ],
                [
                    1392.96,
                    978.048
                ],
                [
                    1396.032,
                    979.02
                ],
                [
                    1402.944,
                    983.016
                ],
                [
                    1409.088,
                    983.016
                ],
                [
                    1415.04,
                    984.96
                ],
                [
                    1420.0320000000002,
                    986.0400000000001
                ],
                [
                    1424.064,
                    986.0400000000001
                ],
                [
                    1425.9840000000002,
                    987.0120000000001
                ],
                [
                    1441.92,
                    990.036
                ],
                [
                    1446.912,
                    991.98
                ],
                [
                    1451.904,
                    991.98
                ],
                [
                    1454.0159999999998,
                    992.952
                ],
                [
                    1455.936,
                    992.952
                ],
                [
                    1459.9679999999998,
                    995.004
                ],
                [
                    1462.08,
                    995.004
                ],
                [
                    1464,
                    996.948
                ],
                [
                    1465.9199999999998,
                    996.948
                ],
                [
                    1469.952,
                    999
                ],
                [
                    1472.064,
                    1001.0519999999999
                ],
                [
                    1476.096,
                    1002.996
                ],
                [
                    1481.088,
                    1006.992
                ],
                [
                    1482.048,
                    1010.0160000000001
                ],
                [
                    1484.9279999999999,
                    1011.96
                ],
                [
                    1486.08,
                    1014.9839999999999
                ],
                [
                    1489.92,
                    1018.008
                ],
                [
                    1503.936,
                    1040.04
                ],
                [
                    1506.048,
                    1045.98
                ],
                [
                    1508.928,
                    1049.9759999999999
                ],
                [
                    1511.04,
                    1055.052
                ],
                [
                    1515.0720000000001,
                    1060.992
                ],
                [
                    1518.912,
                    1068.984
                ],
                [
                    1521.0240000000001,
                    1080
                ],
                [
                    1271.04,
                    1080
                ]
            ]
        },
        {
            "ID": "2",
            "CLASS": "플라스틱",
            "DETAILS": "PP",
            "DAMAGE": "원형",
            "DIRTINESS": "이물질(내부)",
            "COVER": "없음",
            "TRANSPARENCY": "투명",
            "SHAPE": "사각용기형",
            "SHAPE_TYPE": "POLYGON",
            "POINTS": [
                [
                    920.0640000000001,
                    635.04
                ],
                [
                    906.048,
                    631.0440000000001
                ],
                [
                    898.944,
                    627.048
                ],
                [
                    884.928,
                    613.008
                ],
                [
                    883.968,
                    606.96
                ],
                [
                    873.024,
                    594
                ],
                [
                    868.032,
                    579.96
                ],
                [
                    846.912,
                    548.9639999999999
                ],
                [
                    844.992,
                    539.028
                ],
                [
                    840,
                    533.952
                ],
                [
                    840,
                    528.0120000000001
                ],
                [
                    833.088,
                    512.028
                ],
                [
                    828.096,
                    506.952
                ],
                [
                    817.92,
                    483.948
                ],
                [
                    811.008,
                    478.98
                ],
                [
                    805.056,
                    478.98
                ],
                [
                    801.984,
                    481.03200000000004
                ],
                [
                    795.072,
                    473.04
                ],
                [
                    795.072,
                    462.024
                ],
                [
                    787.968,
                    455.004
                ],
                [
                    787.968,
                    447.012
                ],
                [
                    782.976,
                    443.016
                ],
                [
                    778.944,
                    435.024
                ],
                [
                    773.952,
                    432
                ],
                [
                    778.944,
                    424.98
                ],
                [
                    777.984,
                    415.044
                ],
                [
                    772.032,
                    408.996
                ],
                [
                    771.072,
                    397.98
                ],
                [
                    750.912,
                    363.96000000000004
                ],
                [
                    748.032,
                    342.036
                ],
                [
                    750.912,
                    328.96799999999996
                ],
                [
                    758.016,
                    317.952
                ],
                [
                    764.928,
                    309.96
                ],
                [
                    776.064,
                    303.048
                ],
                [
                    817.92,
                    281.988
                ],
                [
                    828.096,
                    274.968
                ],
                [
                    833.088,
                    273.996
                ],
                [
                    838.08,
                    269.02799999999996
                ],
                [
                    844.0319999999999,
                    267.948
                ],
                [
                    850.944,
                    262.00800000000004
                ],
                [
                    865.9200000000001,
                    254.988
                ],
                [
                    877.0559999999999,
                    245.052
                ],
                [
                    883.968,
                    240.94799999999998
                ],
                [
                    915.072,
                    228.95999999999998
                ],
                [
                    929.088,
                    219.99599999999998
                ],
                [
                    934.0799999999999,
                    219.024
                ],
                [
                    939.072,
                    213.948
                ],
                [
                    945.024,
                    212.976
                ],
                [
                    950.0160000000001,
                    208.98000000000002
                ],
                [
                    965.952,
                    201.96
                ],
                [
                    973.056,
                    196.01999999999998
                ],
                [
                    988.0319999999999,
                    189
                ],
                [
                    1002.048,
                    180.03599999999997
                ],
                [
                    1012.992,
                    176.04000000000002
                ],
                [
                    1019.904,
                    174.96
                ],
                [
                    1032,
                    174.96
                ],
                [
                    1046.976,
                    180.03599999999997
                ],
                [
                    1060.0320000000002,
                    192.024
                ],
                [
                    1085.952,
                    228.95999999999998
                ],
                [
                    1086.912,
                    234.036
                ],
                [
                    1095.936,
                    240.94799999999998
                ],
                [
                    1103.04,
                    238.032
                ],
                [
                    1109.952,
                    239.976
                ],
                [
                    1118.9759999999999,
                    254.016
                ],
                [
                    1119.9360000000001,
                    259.956
                ],
                [
                    1128.96,
                    270.97200000000004
                ],
                [
                    1133.952,
                    281.988
                ],
                [
                    1140.096,
                    288.036
                ],
                [
                    1140.096,
                    296.028
                ],
                [
                    1128.96,
                    304.99199999999996
                ],
                [
                    1128.96,
                    315.036
                ],
                [
                    1141.056,
                    342.036
                ],
                [
                    1150.08,
                    350.028
                ],
                [
                    1158.912,
                    351
                ],
                [
                    1166.976,
                    370.00800000000004
                ],
                [
                    1180.0320000000002,
                    385.02
                ],
                [
                    1180.992,
                    390.96
                ],
                [
                    1186.944,
                    397.008
                ],
                [
                    1188.096,
                    405
                ],
                [
                    1185.024,
                    408.996
                ],
                [
                    1185.024,
                    419.04
                ],
                [
                    1200.9599999999998,
                    456.948
                ],
                [
                    1200.9599999999998,
                    477.036
                ],
                [
                    1188.096,
                    502.956
                ],
                [
                    1174.0800000000002,
                    513.972
                ],
                [
                    1150.08,
                    528.0120000000001
                ],
                [
                    1152,
                    542.052
                ],
                [
                    1141.056,
                    551.016
                ],
                [
                    1136.064,
                    551.9879999999999
                ],
                [
                    1109.952,
                    567.972
                ],
                [
                    1099.9679999999998,
                    571.968
                ],
                [
                    1095.936,
                    573.048
                ],
                [
                    1084.032,
                    563.004
                ],
                [
                    1052.9279999999999,
                    577.044
                ],
                [
                    1043.904,
                    583.9559999999999
                ],
                [
                    1046.976,
                    597.024
                ],
                [
                    1040.0639999999999,
                    602.964
                ],
                [
                    1011.0719999999999,
                    620.028
                ],
                [
                    1006.08,
                    621
                ],
                [
                    994.944,
                    627.048
                ],
                [
                    989.9519999999999,
                    627.048
                ],
                [
                    978.0479999999999,
                    621
                ],
                [
                    966.912,
                    627.048
                ],
                [
                    939.072,
                    635.04
                ],
                [
                    920.0640000000001,
                    635.04
                ]
            ]
        }
    ]
}