{
    "IMAGE_INFO": {
        "FILE_NAME": "1001462@0_04002_220906_P1_T3__0329.jpg",
        "DATE": "2022-10-21 15:34:30",
        "RESOLUTION": "1920 x 1080",
        "IMAGE_PHOTOGRAPHER": "이지은",
        "FOCUS_DISTANCE": "5.6",
        "EXPOSURE_TIME": "1/400",
        "SENSITIVITY_ISO": "12800",
        "PLACE": "삼오자원",
        "REGION_NAME": null,
        "Direction": "0",
        "HEIGHT": "100",
        "DAY/NIGHT": "주간",
        "WEATHER": "맑음",
        "IMAGE_HEIGHT": 1080,
        "IMAGE_WIDTH": 1920,
        "IMAGE_SIZE": "583.7 KB"
    },
    "ANNOTATION_INFO": [
        {
            "ID": "1",
            "CLASS": "플라스틱",
            "DETAILS": "PP",
            "DAMAGE": "원형",
            "DIRTINESS": "오염없음",
            "COVER": "없음",
            "TRANSPARENCY": "불투명",
            "SHAPE": "사각용기형",
            "SHAPE_TYPE": "POLYGON",
            "POINTS": [
                [
                    1479.9360000000001,
                    463.96799999999996
                ],
                [
                    1459.9679999999998,
                    462.99600000000004
                ],
                [
                    1450.944,
                    459
                ],
                [
                    1443.0720000000001,
                    458.02799999999996
                ],
                [
                    1421.952,
                    439.99199999999996
                ],
                [
                    1414.0800000000002,
                    427.032
                ],
                [
                    1414.0800000000002,
                    411.048
                ],
                [
                    1411.008,
                    405
                ],
                [
                    1411.008,
                    393.98400000000004
                ],
                [
                    1405.056,
                    385.992
                ],
                [
                    1402.944,
                    375.94800000000004
                ],
                [
                    1400.0639999999999,
                    374.976
                ],
                [
                    1396.032,
                    369.036
                ],
                [
                    1396.032,
                    365.04
                ],
                [
                    1388.928,
                    357.048
                ],
                [
                    1388.928,
                    353.052
                ],
                [
                    1385.0880000000002,
                    351
                ],
                [
                    1382.016,
                    342.036
                ],
                [
                    1376.064,
                    335.01599999999996
                ],
                [
                    1364.9279999999999,
                    304.99199999999996
                ],
                [
                    1353.024,
                    270.97200000000004
                ],
                [
                    1344,
                    258.98400000000004
                ],
                [
                    1334.976,
                    219.99599999999998
                ],
                [
                    1324.032,
                    197.964
                ],
                [
                    1321.92,
                    185.00400000000002
                ],
                [
                    1306.944,
                    159.948
                ],
                [
                    1297.92,
                    131.00400000000002
                ],
                [
                    1291.008,
                    92.01599999999999
                ],
                [
                    1276.032,
                    69.012
                ],
                [
                    1271.04,
                    57.024
                ],
                [
                    1271.04,
                    35.964000000000006
                ],
                [
                    1268.928,
                    29.052
                ],
                [
                    1252.992,
                    7.992
                ],
                [
                    1254.9119999999998,
                    0.972
                ],
                [
                    1643.904,
                    2.052
                ],
                [
                    1707.0720000000001,
                    216
                ],
                [
                    1712.064,
                    223.01999999999998
                ],
                [
                    1718.016,
                    238.032
                ],
                [
                    1732.032,
                    288.036
                ],
                [
                    1737.984,
                    300.024
                ],
                [
                    1745.0880000000002,
                    328.96799999999996
                ],
                [
                    1745.0880000000002,
                    346.03200000000004
                ],
                [
                    1737.984,
                    365.04
                ],
                [
                    1728,
                    374.976
                ],
                [
                    1704.96,
                    393.012
                ],
                [
                    1699.008,
                    396.036
                ],
                [
                    1689.984,
                    397.98
                ],
                [
                    1675.968,
                    397.98
                ],
                [
                    1669.056,
                    401.976
                ],
                [
                    1659.072,
                    404.02799999999996
                ],
                [
                    1651.968,
                    408.024
                ],
                [
                    1642.944,
                    408.996
                ],
                [
                    1637.952,
                    412.992
                ],
                [
                    1627.008,
                    415.044
                ],
                [
                    1622.976,
                    417.96000000000004
                ],
                [
                    1609.92,
                    420.012
                ],
                [
                    1592.064,
                    428.976
                ],
                [
                    1578.048,
                    431.028
                ],
                [
                    1574.0159999999998,
                    434.05199999999996
                ],
                [
                    1558.08,
                    436.968
                ],
                [
                    1550.9759999999999,
                    440.964
                ],
                [
                    1540.992,
                    442.044
                ],
                [
                    1534.0800000000002,
                    447.012
                ],
                [
                    1526.976,
                    447.984
                ],
                [
                    1520.0639999999999,
                    451.97999999999996
                ],
                [
                    1512,
                    452.952
                ],
                [
                    1505.0880000000002,
                    459
                ],
                [
                    1496.064,
                    459.972
                ],
                [
                    1492.032,
                    462.99600000000004
                ],
                [
                    1487.04,
                    463.96799999999996
                ]
            ]
        },
        {
            "ID": "2",
            "CLASS": "플라스틱",
            "DETAILS": "PP",
            "DAMAGE": "원형",
            "DIRTINESS": "이물질(외부)",
            "COVER": "없음",
            "TRANSPARENCY": "불투명",
            "SHAPE": "사각용기형",
            "SHAPE_TYPE": "POLYGON",
            "POINTS": [
                [
                    601.92,
                    313.956
                ],
                [
                    598.08,
                    309.96
                ],
                [
                    591.936,
                    308.988
                ],
                [
                    581.952,
                    303.048
                ],
                [
                    577.92,
                    297.972
                ],
                [
                    572.928,
                    297
                ],
                [
                    561.984,
                    289.98
                ],
                [
                    561.024,
                    285.984
                ],
                [
                    555.072,
                    284.04
                ],
                [
                    526.08,
                    261.036
                ],
                [
                    499.968,
                    236.95200000000003
                ],
                [
                    494.97599999999994,
                    235.98
                ],
                [
                    470.01599999999996,
                    213.948
                ],
                [
                    459.072,
                    208.00799999999998
                ],
                [
                    437.952,
                    188.028
                ],
                [
                    432,
                    173.988
                ],
                [
                    432,
                    151.956
                ],
                [
                    436.032,
                    135.972
                ],
                [
                    470.976,
                    96.012
                ],
                [
                    507.072,
                    45.036
                ],
                [
                    508.032,
                    39.96
                ],
                [
                    546.048,
                    0
                ],
                [
                    783.936,
                    0
                ],
                [
                    800.0640000000001,
                    10.043999999999999
                ],
                [
                    816,
                    23.976000000000003
                ],
                [
                    824.0640000000001,
                    35.964000000000006
                ],
                [
                    830.0160000000001,
                    51.94799999999999
                ],
                [
                    829.056,
                    69.012
                ],
                [
                    825.024,
                    80.028
                ],
                [
                    817.92,
                    89.964
                ],
                [
                    783.936,
                    127.97999999999999
                ],
                [
                    771.072,
                    146.016
                ],
                [
                    734.976,
                    184.03199999999998
                ],
                [
                    710.976,
                    218.052
                ],
                [
                    687.936,
                    243
                ],
                [
                    653.952,
                    288.036
                ],
                [
                    642.048,
                    300.024
                ],
                [
                    625.9200000000001,
                    309.96
                ],
                [
                    615.9359999999999,
                    313.956
                ]
            ]
        },
        {
            "ID": "3",
            "CLASS": "플라스틱",
            "DETAILS": "PP",
            "DAMAGE": "원형",
            "DIRTINESS": "오염없음",
            "COVER": "없음",
            "TRANSPARENCY": "불투명",
            "SHAPE": "기타 형태",
            "SHAPE_TYPE": "POLYGON",
            "POINTS": [
                [
                    878.976,
                    888.9480000000001
                ],
                [
                    877.0559999999999,
                    887.976
                ],
                [
                    874.944,
                    887.976
                ],
                [
                    859.008,
                    875.988
                ],
                [
                    854.976,
                    871.02
                ],
                [
                    850.944,
                    867.996
                ],
                [
                    849.024,
                    864.972
                ],
                [
                    840.96,
                    857.952
                ],
                [
                    834.048,
                    849.96
                ],
                [
                    830.976,
                    848.016
                ],
                [
                    821.952,
                    837
                ],
                [
                    817.92,
                    829.0079999999999
                ],
                [
                    817.92,
                    825.0120000000001
                ],
                [
                    820.0319999999999,
                    821.016
                ],
                [
                    846.912,
                    793.044
                ],
                [
                    872.064,
                    768.9599999999999
                ],
                [
                    873.024,
                    767.0160000000001
                ],
                [
                    884.928,
                    755.028
                ],
                [
                    889.9200000000001,
                    751.032
                ],
                [
                    889.9200000000001,
                    749.952
                ],
                [
                    897.984,
                    744.9839999999999
                ],
                [
                    906.048,
                    743.04
                ],
                [
                    917.952,
                    744.012
                ],
                [
                    921.024,
                    740.0160000000001
                ],
                [
                    921.984,
                    735.048
                ],
                [
                    927.936,
                    729
                ],
                [
                    942.9119999999999,
                    717.0120000000001
                ],
                [
                    946.9440000000001,
                    717.0120000000001
                ],
                [
                    950.976,
                    717.9839999999999
                ],
                [
                    954.048,
                    720.036
                ],
                [
                    960,
                    720.036
                ],
                [
                    961.92,
                    717.9839999999999
                ],
                [
                    965.952,
                    709.02
                ],
                [
                    969.9839999999999,
                    704.052
                ],
                [
                    974.016,
                    701.028
                ],
                [
                    979.968,
                    698.976
                ],
                [
                    983.04,
                    697.0319999999999
                ],
                [
                    983.04,
                    694.0079999999999
                ],
                [
                    983.9999999999999,
                    693.0360000000001
                ],
                [
                    993.9840000000002,
                    686.016
                ],
                [
                    1003.0079999999999,
                    686.016
                ],
                [
                    1011.0719999999999,
                    690.0120000000001
                ],
                [
                    1017.0239999999999,
                    697.0319999999999
                ],
                [
                    1018.944,
                    705.996
                ],
                [
                    1018.944,
                    717.0120000000001
                ],
                [
                    1017.984,
                    720.036
                ],
                [
                    1006.08,
                    729
                ],
                [
                    1003.0079999999999,
                    743.04
                ],
                [
                    999.936,
                    744.9839999999999
                ],
                [
                    992.0640000000001,
                    747.036
                ],
                [
                    988.0319999999999,
                    745.956
                ],
                [
                    984.96,
                    752.004
                ],
                [
                    988.0319999999999,
                    756
                ],
                [
                    988.0319999999999,
                    759.024
                ],
                [
                    983.04,
                    766.0440000000001
                ],
                [
                    974.016,
                    775.98
                ],
                [
                    969.9839999999999,
                    779.004
                ],
                [
                    969.0240000000001,
                    782.028
                ],
                [
                    963.0720000000001,
                    783
                ],
                [
                    960,
                    786.024
                ],
                [
                    960.9599999999999,
                    805.0319999999999
                ],
                [
                    959.04,
                    810
                ],
                [
                    950.976,
                    821.016
                ],
                [
                    940.0319999999999,
                    830.952
                ],
                [
                    930.048,
                    843.048
                ],
                [
                    921.984,
                    848.988
                ],
                [
                    903.936,
                    867.996
                ],
                [
                    898.944,
                    871.02
                ],
                [
                    892.9920000000001,
                    879.9839999999999
                ],
                [
                    883.968,
                    887.004
                ]
            ]
        },
        {
            "ID": "4",
            "CLASS": "플라스틱",
            "DETAILS": "PP",
            "DAMAGE": "원형",
            "DIRTINESS": "이물질(외부)",
            "COVER": "겹침",
            "TRANSPARENCY": "투명",
            "SHAPE": "사각용기형",
            "SHAPE_TYPE": "POLYGON",
            "POINTS": [
                [
                    1089.0240000000001,
                    693.0360000000001
                ],
                [
                    1075.968,
                    686.9879999999999
                ],
                [
                    1070.016,
                    686.9879999999999
                ],
                [
                    1065.9840000000002,
                    685.044
                ],
                [
                    1057.92,
                    678.9960000000001
                ],
                [
                    1054.0800000000002,
                    670.0319999999999
                ],
                [
                    1047.936,
                    666.0360000000001
                ],
                [
                    1046.0159999999998,
                    660.96
                ],
                [
                    1037.952,
                    654.048
                ],
                [
                    1025.0880000000002,
                    648
                ],
                [
                    1021.056,
                    648
                ],
                [
                    1012.992,
                    640.98
                ],
                [
                    998.976,
                    635.04
                ],
                [
                    988.992,
                    628.02
                ],
                [
                    974.9760000000001,
                    614.952
                ],
                [
                    950.0160000000001,
                    598.968
                ],
                [
                    877.0559999999999,
                    540
                ],
                [
                    873.024,
                    535.032
                ],
                [
                    849.9839999999999,
                    519.048
                ],
                [
                    845.952,
                    512.028
                ],
                [
                    817.92,
                    486
                ],
                [
                    801.024,
                    462.99600000000004
                ],
                [
                    796.9920000000001,
                    452.952
                ],
                [
                    792.9599999999999,
                    450.036
                ],
                [
                    791.04,
                    444.96
                ],
                [
                    787.0079999999999,
                    443.988
                ],
                [
                    768.96,
                    425.952
                ],
                [
                    767.0400000000001,
                    420.984
                ],
                [
                    742.08,
                    394.956
                ],
                [
                    735.9359999999999,
                    381.99600000000004
                ],
                [
                    729.9839999999999,
                    355.968
                ],
                [
                    729.9839999999999,
                    326.052
                ],
                [
                    735.9359999999999,
                    293.976
                ],
                [
                    742.08,
                    284.04
                ],
                [
                    744,
                    272.052
                ],
                [
                    749.952,
                    263.952
                ],
                [
                    752.064,
                    255.95999999999998
                ],
                [
                    758.976,
                    250.02
                ],
                [
                    758.976,
                    246.024
                ],
                [
                    774.912,
                    224.96400000000003
                ],
                [
                    798.912,
                    204.012
                ],
                [
                    824.0640000000001,
                    177.984
                ],
                [
                    825.984,
                    173.01600000000002
                ],
                [
                    841.92,
                    157.032
                ],
                [
                    849.9839999999999,
                    145.044
                ],
                [
                    881.088,
                    112.968
                ],
                [
                    884.928,
                    104.00399999999999
                ],
                [
                    926.016,
                    69.984
                ],
                [
                    936,
                    65.01599999999999
                ],
                [
                    948.096,
                    61.992
                ],
                [
                    998.976,
                    61.992
                ],
                [
                    1017.0239999999999,
                    65.01599999999999
                ],
                [
                    1037.952,
                    73.008
                ],
                [
                    1050.048,
                    80.028
                ],
                [
                    1080,
                    103.032
                ],
                [
                    1089.0240000000001,
                    104.00399999999999
                ],
                [
                    1097.088,
                    108
                ],
                [
                    1156.032,
                    157.032
                ],
                [
                    1166.0159999999998,
                    161.02800000000002
                ],
                [
                    1180.0320000000002,
                    173.01600000000002
                ],
                [
                    1214.976,
                    189
                ],
                [
                    1224.96,
                    196.01999999999998
                ],
                [
                    1241.088,
                    215.028
                ],
                [
                    1249.92,
                    222.048
                ],
                [
                    1259.904,
                    235.00799999999998
                ],
                [
                    1283.904,
                    255.95999999999998
                ],
                [
                    1300.0320000000002,
                    276.048
                ],
                [
                    1309.056,
                    281.988
                ],
                [
                    1316.9279999999999,
                    293.976
                ],
                [
                    1334.976,
                    307.044
                ],
                [
                    1348.992,
                    320.976
                ],
                [
                    1366.08,
                    346.03200000000004
                ],
                [
                    1373.952,
                    363.96000000000004
                ],
                [
                    1377.984,
                    380.05199999999996
                ],
                [
                    1377.984,
                    427.032
                ],
                [
                    1373.952,
                    447.012
                ],
                [
                    1356.096,
                    479.952
                ],
                [
                    1348.992,
                    483.948
                ],
                [
                    1330.944,
                    512.028
                ],
                [
                    1320.9599999999998,
                    512.028
                ],
                [
                    1302.912,
                    501.012
                ],
                [
                    1294.0800000000002,
                    493.02000000000004
                ],
                [
                    1296,
                    483.948
                ],
                [
                    1302.912,
                    475.95599999999996
                ],
                [
                    1305.024,
                    467.964
                ],
                [
                    1305.024,
                    459.972
                ],
                [
                    1297.92,
                    455.004
                ],
                [
                    1290.048,
                    455.004
                ],
                [
                    1272,
                    466.992
                ],
                [
                    1256.064,
                    473.04
                ],
                [
                    1244.9279999999999,
                    473.04
                ],
                [
                    1238.9759999999999,
                    474.98400000000004
                ],
                [
                    1233.024,
                    479.952
                ],
                [
                    1228.992,
                    486
                ],
                [
                    1228.992,
                    493.02000000000004
                ],
                [
                    1248,
                    509.004
                ],
                [
                    1252.032,
                    505.98
                ],
                [
                    1257.984,
                    504.036
                ],
                [
                    1276.032,
                    501.984
                ],
                [
                    1305.024,
                    524.9879999999999
                ],
                [
                    1305.024,
                    528.984
                ],
                [
                    1297.92,
                    544.9680000000001
                ],
                [
                    1280.0639999999999,
                    566.028
                ],
                [
                    1273.92,
                    569.052
                ],
                [
                    1266.048,
                    577.044
                ],
                [
                    1249.92,
                    598.968
                ],
                [
                    1228.992,
                    617.976
                ],
                [
                    1227.0720000000001,
                    623.052
                ],
                [
                    1210.944,
                    637.956
                ],
                [
                    1203.0720000000001,
                    648
                ],
                [
                    1196.9279999999999,
                    651.024
                ],
                [
                    1195.0079999999998,
                    655.9920000000001
                ],
                [
                    1163.904,
                    678.9960000000001
                ],
                [
                    1146.048,
                    686.9879999999999
                ],
                [
                    1134.9119999999998,
                    687.96
                ],
                [
                    1131.072,
                    691.956
                ],
                [
                    1124.9279999999999,
                    693.0360000000001
                ]
            ]
        },
        {
            "ID": "5",
            "CLASS": "플라스틱",
            "DETAILS": "PP",
            "DAMAGE": "찌그러짐",
            "DIRTINESS": "오염없음",
            "COVER": "겹침",
            "TRANSPARENCY": "불투명",
            "SHAPE": "스프레이용기형",
            "SHAPE_TYPE": "POLYGON",
            "POINTS": [
                [
                    777.984,
                    717.0120000000001
                ],
                [
                    769.9200000000001,
                    716.0400000000001
                ],
                [
                    739.008,
                    709.02
                ],
                [
                    713.088,
                    697.0319999999999
                ],
                [
                    689.088,
                    675
                ],
                [
                    686.016,
                    663.984
                ],
                [
                    678.912,
                    655.0200000000001
                ],
                [
                    672.9599999999999,
                    640.98
                ],
                [
                    670.0799999999999,
                    628.9920000000001
                ],
                [
                    668.928,
                    575.9639999999999
                ],
                [
                    675.072,
                    562.0319999999999
                ],
                [
                    675.072,
                    548.9639999999999
                ],
                [
                    678.912,
                    527.04
                ],
                [
                    681.984,
                    524.9879999999999
                ],
                [
                    687.936,
                    512.028
                ],
                [
                    700.0319999999999,
                    502.956
                ],
                [
                    701.952,
                    497.988
                ],
                [
                    706.9440000000001,
                    493.99199999999996
                ],
                [
                    715.9680000000001,
                    481.03200000000004
                ],
                [
                    729.024,
                    467.964
                ],
                [
                    734.976,
                    463.96799999999996
                ],
                [
                    740.928,
                    456.948
                ],
                [
                    749.952,
                    452.952
                ],
                [
                    758.976,
                    446.03999999999996
                ],
                [
                    763.968,
                    443.988
                ],
                [
                    786.048,
                    443.988
                ],
                [
                    796.9920000000001,
                    451.97999999999996
                ],
                [
                    797.952,
                    455.976
                ],
                [
                    807.936,
                    466.02
                ],
                [
                    809.088,
                    470.01599999999996
                ],
                [
                    824.0640000000001,
                    486.97200000000004
                ],
                [
                    840.96,
                    502.956
                ],
                [
                    843.072,
                    508.032
                ],
                [
                    849.024,
                    513
                ],
                [
                    853.0559999999999,
                    519.048
                ],
                [
                    860.928,
                    525.96
                ],
                [
                    874.944,
                    535.032
                ],
                [
                    892.032,
                    550.044
                ],
                [
                    898.944,
                    552.96
                ],
                [
                    901.056,
                    555.984
                ],
                [
                    903.936,
                    555.984
                ],
                [
                    908.928,
                    560.952
                ],
                [
                    910.0799999999999,
                    563.976
                ],
                [
                    912.9599999999999,
                    566.028
                ],
                [
                    912,
                    575.9639999999999
                ],
                [
                    916.032,
                    586.0079999999999
                ],
                [
                    915.072,
                    621
                ],
                [
                    908.928,
                    635.04
                ],
                [
                    903.936,
                    641.952
                ],
                [
                    898.944,
                    644.976
                ],
                [
                    883.0079999999999,
                    659.9879999999999
                ],
                [
                    867.072,
                    671.0039999999999
                ],
                [
                    859.9680000000001,
                    679.9680000000001
                ],
                [
                    848.064,
                    686.9879999999999
                ],
                [
                    840.96,
                    694.9799999999999
                ],
                [
                    836.928,
                    695.952
                ],
                [
                    833.088,
                    698.976
                ],
                [
                    830.976,
                    705.024
                ],
                [
                    826.9440000000001,
                    709.02
                ],
                [
                    819.072,
                    712.044
                ],
                [
                    811.968,
                    717.0120000000001
                ]
            ]
        },
        {
            "ID": "6",
            "CLASS": "플라스틱",
            "DETAILS": "PP",
            "DAMAGE": "원형",
            "DIRTINESS": "오염없음",
            "COVER": "없음",
            "TRANSPARENCY": "불투명",
            "SHAPE": "원형용기형",
            "SHAPE_TYPE": "POLYGON",
            "POINTS": [
                [
                    200.064,
                    459.972
                ],
                [
                    188.928,
                    459
                ],
                [
                    177.024,
                    452.952
                ],
                [
                    153.98399999999998,
                    434.05199999999996
                ],
                [
                    135.936,
                    405
                ],
                [
                    134.976,
                    396.036
                ],
                [
                    132.096,
                    393.012
                ],
                [
                    134.976,
                    384.048
                ],
                [
                    144,
                    380.05199999999996
                ],
                [
                    149.952,
                    371.952
                ],
                [
                    171.072,
                    339.98400000000004
                ],
                [
                    172.032,
                    330.048
                ],
                [
                    177.984,
                    321.948
                ],
                [
                    200.064,
                    304.02
                ],
                [
                    210.048,
                    303.048
                ],
                [
                    230.976,
                    289.98
                ],
                [
                    240,
                    267.948
                ],
                [
                    299.904,
                    209.952
                ],
                [
                    317.952,
                    196.01999999999998
                ],
                [
                    324.096,
                    193.96800000000002
                ],
                [
                    326.976,
                    193.96800000000002
                ],
                [
                    345.024,
                    201.96
                ],
                [
                    358.08,
                    212.976
                ],
                [
                    398.976,
                    255.95999999999998
                ],
                [
                    413.952,
                    280.044
                ],
                [
                    412.03200000000004,
                    296.028
                ],
                [
                    384,
                    324
                ],
                [
                    364.032,
                    339.012
                ],
                [
                    350.01599999999996,
                    355.968
                ],
                [
                    331.968,
                    369.036
                ],
                [
                    310.08,
                    375.94800000000004
                ],
                [
                    302.01599999999996,
                    385.992
                ],
                [
                    293.952,
                    404.02799999999996
                ],
                [
                    273.024,
                    423.036
                ],
                [
                    265.92,
                    428.00399999999996
                ],
                [
                    252.096,
                    429.94800000000004
                ],
                [
                    230.976,
                    440.964
                ],
                [
                    219.07199999999997,
                    443.988
                ],
                [
                    212.928,
                    447.984
                ],
                [
                    206.976,
                    458.02799999999996
                ]
            ]
        }
    ]
}