{
    "IMAGE_INFO": {
        "FILE_NAME": "1001502@0_04002_220906_P1_T3__0099.jpg",
        "DATE": "2022-10-21 15:33:52",
        "RESOLUTION": "1920 x 1080",
        "IMAGE_PHOTOGRAPHER": "이지은",
        "FOCUS_DISTANCE": "5.6",
        "EXPOSURE_TIME": "1/400",
        "SENSITIVITY_ISO": "12800",
        "PLACE": "삼오자원",
        "REGION_NAME": null,
        "Direction": "0",
        "HEIGHT": "100",
        "DAY/NIGHT": "주간",
        "WEATHER": "맑음",
        "IMAGE_HEIGHT": 1080,
        "IMAGE_WIDTH": 1920,
        "IMAGE_SIZE": "611.8 KB"
    },
    "ANNOTATION_INFO": [
        {
            "ID": "1",
            "CLASS": "플라스틱",
            "DETAILS": "PP",
            "DAMAGE": "찌그러짐",
            "DIRTINESS": "오염없음",
            "COVER": "없음",
            "TRANSPARENCY": "투명",
            "SHAPE": "사각용기형",
            "SHAPE_TYPE": "POLYGON",
            "POINTS": [
                [
                    1363.008,
                    763.02
                ],
                [
                    1348.992,
                    759.024
                ],
                [
                    1323.0720000000001,
                    740.0160000000001
                ],
                [
                    1311.9360000000001,
                    728.028
                ],
                [
                    1300.0320000000002,
                    706.968
                ],
                [
                    1275.0720000000001,
                    636.984
                ],
                [
                    1257.024,
                    608.04
                ],
                [
                    1252.032,
                    589.032
                ],
                [
                    1246.08,
                    582.9839999999999
                ],
                [
                    1243.008,
                    570.024
                ],
                [
                    1233.9840000000002,
                    556.956
                ],
                [
                    1232.064,
                    544.9680000000001
                ],
                [
                    1219.9679999999998,
                    521.964
                ],
                [
                    1210.944,
                    510.94800000000004
                ],
                [
                    1209.0240000000001,
                    501.012
                ],
                [
                    1185.9840000000002,
                    466.992
                ],
                [
                    1176.96,
                    447.984
                ],
                [
                    1174.0800000000002,
                    436.968
                ],
                [
                    1174.0800000000002,
                    394.956
                ],
                [
                    1176.96,
                    389.016
                ],
                [
                    1223.04,
                    353.052
                ],
                [
                    1318.08,
                    285.984
                ],
                [
                    1403.904,
                    220.96800000000002
                ],
                [
                    1431.9360000000001,
                    192.996
                ],
                [
                    1472.064,
                    174.96
                ],
                [
                    1516.032,
                    149.04000000000002
                ],
                [
                    1559.0400000000002,
                    118.044
                ],
                [
                    1603.968,
                    89.964
                ],
                [
                    1638.912,
                    76.03200000000001
                ],
                [
                    1656,
                    72.036
                ],
                [
                    1661.952,
                    66.96
                ],
                [
                    1679.0400000000002,
                    62.964
                ],
                [
                    1699.008,
                    62.964
                ],
                [
                    1708.032,
                    65.01599999999999
                ],
                [
                    1733.952,
                    76.03200000000001
                ],
                [
                    1758.912,
                    95.03999999999999
                ],
                [
                    1771.008,
                    111.024
                ],
                [
                    1776.96,
                    126.036
                ],
                [
                    1779.072,
                    141.048
                ],
                [
                    1790.9759999999999,
                    162
                ],
                [
                    1800,
                    185.00400000000002
                ],
                [
                    1801.92,
                    201.96
                ],
                [
                    1822.08,
                    258.98400000000004
                ],
                [
                    1851.072,
                    321.948
                ],
                [
                    1851.072,
                    330.048
                ],
                [
                    1857.024,
                    344.952
                ],
                [
                    1876.992,
                    386.964
                ],
                [
                    1880.0639999999999,
                    394.956
                ],
                [
                    1880.0639999999999,
                    408.024
                ],
                [
                    1894.0800000000002,
                    431.028
                ],
                [
                    1894.0800000000002,
                    446.03999999999996
                ],
                [
                    1886.0159999999998,
                    470.988
                ],
                [
                    1876.992,
                    488.052
                ],
                [
                    1860.096,
                    510.94800000000004
                ],
                [
                    1843.008,
                    515.052
                ],
                [
                    1833.9840000000002,
                    521.964
                ],
                [
                    1828.032,
                    532.0079999999999
                ],
                [
                    1817.088,
                    543.024
                ],
                [
                    1801.92,
                    552.96
                ],
                [
                    1794.048,
                    552.96
                ],
                [
                    1781.952,
                    559.0079999999999
                ],
                [
                    1774.0800000000002,
                    575.9639999999999
                ],
                [
                    1753.92,
                    590.976
                ],
                [
                    1745.0880000000002,
                    594.972
                ],
                [
                    1736.064,
                    594.972
                ],
                [
                    1731.072,
                    597.024
                ],
                [
                    1724.9279999999999,
                    605.988
                ],
                [
                    1724.9279999999999,
                    612.036
                ],
                [
                    1716.096,
                    620.028
                ],
                [
                    1699.008,
                    631.0440000000001
                ],
                [
                    1675.968,
                    639.0360000000001
                ],
                [
                    1650.048,
                    664.956
                ],
                [
                    1638.912,
                    671.0039999999999
                ],
                [
                    1616.064,
                    677.052
                ],
                [
                    1607.04,
                    683.9639999999999
                ],
                [
                    1603.968,
                    690.0120000000001
                ],
                [
                    1580.928,
                    705.024
                ],
                [
                    1573.056,
                    709.02
                ],
                [
                    1560.9599999999998,
                    709.02
                ],
                [
                    1546.944,
                    713.016
                ],
                [
                    1536,
                    722.952
                ],
                [
                    1523.904,
                    729.972
                ],
                [
                    1507.008,
                    736.02
                ],
                [
                    1501.056,
                    737.964
                ],
                [
                    1489.92,
                    736.02
                ],
                [
                    1478.016,
                    740.0160000000001
                ],
                [
                    1469.952,
                    751.032
                ],
                [
                    1460.928,
                    755.028
                ],
                [
                    1444.032,
                    759.024
                ],
                [
                    1403.904,
                    759.024
                ],
                [
                    1388.928,
                    763.02
                ]
            ]
        }
    ]
}