{
    "IMAGE_INFO": {
        "FILE_NAME": "1001441@0_04002_220906_P1_T3__0044.jpg",
        "DATE": "2022-10-21 15:33:42",
        "RESOLUTION": "1920 x 1080",
        "IMAGE_PHOTOGRAPHER": "이지은",
        "FOCUS_DISTANCE": "5.6",
        "EXPOSURE_TIME": "1/400",
        "SENSITIVITY_ISO": "12800",
        "PLACE": "삼오자원",
        "REGION_NAME": null,
        "Direction": "0",
        "HEIGHT": "100",
        "DAY/NIGHT": "주간",
        "WEATHER": "맑음",
        "IMAGE_HEIGHT": 1080,
        "IMAGE_WIDTH": 1920,
        "IMAGE_SIZE": "621.8 KB"
    },
    "ANNOTATION_INFO": [
        {
            "ID": "1",
            "CLASS": "플라스틱",
            "DETAILS": "PP",
            "DAMAGE": "원형",
            "DIRTINESS": "이물질(내부)",
            "COVER": "없음",
            "TRANSPARENCY": "불투명",
            "SHAPE": "원형용기형",
            "SHAPE_TYPE": "POLYGON",
            "POINTS": [
                [
                    1364.9279999999999,
                    864
                ],
                [
                    1363.968,
                    861.948
                ],
                [
                    1358.9759999999999,
                    861.948
                ],
                [
                    1348.032,
                    857.952
                ],
                [
                    1338.048,
                    852.0120000000001
                ],
                [
                    1329.984,
                    849.96
                ],
                [
                    1324.032,
                    845.9639999999999
                ],
                [
                    1318.08,
                    844.02
                ],
                [
                    1315.968,
                    841.968
                ],
                [
                    1311.9360000000001,
                    840.024
                ],
                [
                    1305.024,
                    837.972
                ],
                [
                    1301.952,
                    836.028
                ],
                [
                    1294.0800000000002,
                    833.976
                ],
                [
                    1290.048,
                    830.952
                ],
                [
                    1286.976,
                    829.9799999999999
                ],
                [
                    1280.0639999999999,
                    830.952
                ],
                [
                    1272,
                    833.976
                ],
                [
                    1248,
                    833.976
                ],
                [
                    1233.9840000000002,
                    829.9799999999999
                ],
                [
                    1211.904,
                    806.976
                ],
                [
                    1204.032,
                    794.9879999999999
                ],
                [
                    1201.92,
                    783
                ],
                [
                    1201.92,
                    752.976
                ],
                [
                    1203.0720000000001,
                    744.012
                ],
                [
                    1209.0240000000001,
                    721.98
                ],
                [
                    1214.0159999999998,
                    713.988
                ],
                [
                    1214.976,
                    705.996
                ],
                [
                    1219.9679999999998,
                    699.948
                ],
                [
                    1222.08,
                    691.956
                ],
                [
                    1228.032,
                    679.9680000000001
                ],
                [
                    1239.9360000000001,
                    659.9879999999999
                ],
                [
                    1246.08,
                    654.048
                ],
                [
                    1248,
                    650.052
                ],
                [
                    1252.032,
                    644.976
                ],
                [
                    1253.952,
                    640.008
                ],
                [
                    1259.904,
                    632.9879999999999
                ],
                [
                    1292.9279999999999,
                    600.048
                ],
                [
                    1299.072,
                    596.0519999999999
                ],
                [
                    1304.064,
                    594
                ],
                [
                    1308.096,
                    590.004
                ],
                [
                    1321.92,
                    582.0120000000001
                ],
                [
                    1338.048,
                    575.9639999999999
                ],
                [
                    1345.9199999999998,
                    574.02
                ],
                [
                    1364.9279999999999,
                    574.02
                ],
                [
                    1371.072,
                    575.9639999999999
                ],
                [
                    1377.984,
                    579.96
                ],
                [
                    1393.92,
                    585.036
                ],
                [
                    1397.952,
                    587.952
                ],
                [
                    1406.976,
                    597.024
                ],
                [
                    1412.9279999999999,
                    609.012
                ],
                [
                    1414.0800000000002,
                    614.952
                ],
                [
                    1414.0800000000002,
                    625.968
                ],
                [
                    1416,
                    632.9879999999999
                ],
                [
                    1421.952,
                    640.008
                ],
                [
                    1451.904,
                    667.98
                ],
                [
                    1478.016,
                    694.0079999999999
                ],
                [
                    1483.968,
                    708.048
                ],
                [
                    1484.9279999999999,
                    717.0120000000001
                ],
                [
                    1483.968,
                    748.008
                ],
                [
                    1478.016,
                    766.0440000000001
                ],
                [
                    1467.0720000000001,
                    787.9680000000001
                ],
                [
                    1454.976,
                    806.976
                ],
                [
                    1430.9759999999999,
                    833.976
                ],
                [
                    1421.952,
                    841.968
                ],
                [
                    1416,
                    845.9639999999999
                ],
                [
                    1392,
                    860.004
                ],
                [
                    1382.976,
                    861.948
                ],
                [
                    1368,
                    864
                ]
            ]
        },
        {
            "ID": "2",
            "CLASS": "플라스틱",
            "DETAILS": "PP",
            "DAMAGE": "찌그러짐",
            "DIRTINESS": "오염없음",
            "COVER": "겹침",
            "TRANSPARENCY": "투명",
            "SHAPE": "기타 형태",
            "SHAPE_TYPE": "POLYGON",
            "POINTS": [
                [
                    1598.9759999999999,
                    605.988
                ],
                [
                    1588.992,
                    601.02
                ],
                [
                    1578.048,
                    586.0079999999999
                ],
                [
                    1575.936,
                    574.992
                ],
                [
                    1549.056,
                    564.948
                ],
                [
                    1544.064,
                    564.948
                ],
                [
                    1529.088,
                    556.956
                ],
                [
                    1463.04,
                    512.028
                ],
                [
                    1449.984,
                    506.952
                ],
                [
                    1431.9360000000001,
                    496.044
                ],
                [
                    1401.0240000000001,
                    471.96
                ],
                [
                    1390.08,
                    466.992
                ],
                [
                    1358.9759999999999,
                    443.016
                ],
                [
                    1321.92,
                    420.012
                ],
                [
                    1214.976,
                    332.964
                ],
                [
                    1196.9279999999999,
                    308.988
                ],
                [
                    1189.056,
                    304.02
                ],
                [
                    1171.008,
                    284.04
                ],
                [
                    1167.936,
                    273.024
                ],
                [
                    1161.0240000000001,
                    262.00800000000004
                ],
                [
                    1161.0240000000001,
                    246.024
                ],
                [
                    1150.08,
                    226.044
                ],
                [
                    1142.016,
                    200.988
                ],
                [
                    1142.016,
                    181.008
                ],
                [
                    1150.08,
                    157.032
                ],
                [
                    1157.952,
                    142.992
                ],
                [
                    1195.0079999999998,
                    88.992
                ],
                [
                    1200,
                    73.98
                ],
                [
                    1218.048,
                    46.98
                ],
                [
                    1223.04,
                    33.048
                ],
                [
                    1228.992,
                    24.948
                ],
                [
                    1233.9840000000002,
                    23.976000000000003
                ],
                [
                    1249.92,
                    0.972
                ],
                [
                    1637.952,
                    0
                ],
                [
                    1664.064,
                    19.98
                ],
                [
                    1688.0639999999999,
                    34.02
                ],
                [
                    1739.904,
                    72.036
                ],
                [
                    1790.016,
                    104.976
                ],
                [
                    1889.088,
                    165.024
                ],
                [
                    1902.912,
                    176.04000000000002
                ],
                [
                    1910.9759999999999,
                    191.052
                ],
                [
                    1920,
                    204.984
                ],
                [
                    1920,
                    240.94799999999998
                ],
                [
                    1900.992,
                    272.052
                ],
                [
                    1896.96,
                    278.964
                ],
                [
                    1881.0240000000001,
                    299.05199999999996
                ],
                [
                    1876.032,
                    304.02
                ],
                [
                    1860.096,
                    321.948
                ],
                [
                    1854.9119999999998,
                    332.964
                ],
                [
                    1828.992,
                    362.016
                ],
                [
                    1825.9199999999998,
                    370.98
                ],
                [
                    1813.056,
                    389.016
                ],
                [
                    1795.0079999999998,
                    411.048
                ],
                [
                    1786.944,
                    416.01599999999996
                ],
                [
                    1776,
                    428.976
                ],
                [
                    1742.976,
                    475.95599999999996
                ],
                [
                    1703.04,
                    513.972
                ],
                [
                    1688.0639999999999,
                    536.976
                ],
                [
                    1676.9279999999999,
                    543.024
                ],
                [
                    1675.0079999999998,
                    547.992
                ],
                [
                    1666.944,
                    547.992
                ],
                [
                    1661.952,
                    551.9879999999999
                ],
                [
                    1659.072,
                    559.0079999999999
                ],
                [
                    1646.0159999999998,
                    567.972
                ],
                [
                    1641.0240000000001,
                    578.988
                ],
                [
                    1641.0240000000001,
                    587.952
                ],
                [
                    1636.032,
                    597.024
                ],
                [
                    1625.0880000000002,
                    604.044
                ],
                [
                    1617.024,
                    605.988
                ]
            ]
        }
    ]
}