{
    "IMAGE_INFO": {
        "FILE_NAME": "1001154@0_04002_220906_P1_T3__2291.jpg",
        "DATE": "2022-10-21 15:33:18",
        "RESOLUTION": "1920 x 1080",
        "IMAGE_PHOTOGRAPHER": "이지은",
        "FOCUS_DISTANCE": "5.6",
        "EXPOSURE_TIME": "1/400",
        "SENSITIVITY_ISO": "12800",
        "PLACE": "삼오자원",
        "REGION_NAME": null,
        "Direction": "0",
        "HEIGHT": "100",
        "DAY/NIGHT": "주간",
        "WEATHER": "맑음",
        "IMAGE_HEIGHT": 1080,
        "IMAGE_WIDTH": 1920,
        "IMAGE_SIZE": "611.6 KB"
    },
    "ANNOTATION_INFO": [
        {
            "ID": "1",
            "CLASS": "플라스틱",
            "DETAILS": "PP",
            "DAMAGE": "찌그러짐",
            "DIRTINESS": "이물질(외부)",
            "COVER": "겹침",
            "TRANSPARENCY": "불투명",
            "SHAPE": "사각용기형",
            "SHAPE_TYPE": "POLYGON",
            "POINTS": [
                [
                    873.024,
                    1080
                ],
                [
                    825.984,
                    1033.02
                ],
                [
                    782.016,
                    979.02
                ],
                [
                    776.064,
                    969.948
                ],
                [
                    772.032,
                    956.016
                ],
                [
                    762.048,
                    945
                ],
                [
                    758.976,
                    933.984
                ],
                [
                    748.992,
                    921.996
                ],
                [
                    742.08,
                    903.9599999999999
                ],
                [
                    724.992,
                    879.9839999999999
                ],
                [
                    705.024,
                    860.004
                ],
                [
                    681.024,
                    844.02
                ],
                [
                    657.984,
                    821.016
                ],
                [
                    638.016,
                    810
                ],
                [
                    624,
                    798.984
                ],
                [
                    618.048,
                    791.9639999999999
                ],
                [
                    618.048,
                    785.052
                ],
                [
                    624,
                    775.98
                ],
                [
                    628.032,
                    759.996
                ],
                [
                    657.984,
                    729
                ],
                [
                    715.008,
                    656.9639999999999
                ],
                [
                    819.072,
                    542.052
                ],
                [
                    843.072,
                    517.9680000000001
                ],
                [
                    853.0559999999999,
                    510.94800000000004
                ],
                [
                    855.9359999999999,
                    504.036
                ],
                [
                    867.072,
                    497.016
                ],
                [
                    883.0079999999999,
                    477.036
                ],
                [
                    907.0079999999999,
                    456.948
                ],
                [
                    910.0799999999999,
                    450.036
                ],
                [
                    980.928,
                    381.99600000000004
                ],
                [
                    1031.04,
                    339.98400000000004
                ],
                [
                    1035.0720000000001,
                    332.964
                ],
                [
                    1057.92,
                    315.036
                ],
                [
                    1061.952,
                    308.016
                ],
                [
                    1089.0240000000001,
                    285.984
                ],
                [
                    1118.9759999999999,
                    254.016
                ],
                [
                    1142.976,
                    238.032
                ],
                [
                    1158.912,
                    223.01999999999998
                ],
                [
                    1195.968,
                    200.016
                ],
                [
                    1219.9679999999998,
                    200.016
                ],
                [
                    1243.968,
                    219.99599999999998
                ],
                [
                    1263.936,
                    247.968
                ],
                [
                    1300.992,
                    284.04
                ],
                [
                    1304.064,
                    289.98
                ],
                [
                    1324.032,
                    304.02
                ],
                [
                    1330.944,
                    312.984
                ],
                [
                    1338.048,
                    315.036
                ],
                [
                    1350.912,
                    326.052
                ],
                [
                    1354.944,
                    338.04
                ],
                [
                    1361.088,
                    346.03200000000004
                ],
                [
                    1392,
                    380.05199999999996
                ],
                [
                    1431.9360000000001,
                    417.96000000000004
                ],
                [
                    1449.0240000000001,
                    440.964
                ],
                [
                    1462.08,
                    454.032
                ],
                [
                    1492.992,
                    478.98
                ],
                [
                    1542.912,
                    542.052
                ],
                [
                    1589.952,
                    594
                ],
                [
                    1613.952,
                    613.98
                ],
                [
                    1643.904,
                    651.996
                ],
                [
                    1668.096,
                    670.0319999999999
                ],
                [
                    1674.048,
                    687.96
                ],
                [
                    1670.9759999999999,
                    709.02
                ],
                [
                    1660.992,
                    731.0519999999999
                ],
                [
                    1654.0800000000002,
                    741.96
                ],
                [
                    1646.976,
                    747.036
                ],
                [
                    1646.976,
                    752.004
                ],
                [
                    1633.92,
                    763.02
                ],
                [
                    1579.9679999999998,
                    798.984
                ],
                [
                    1550.016,
                    829.9799999999999
                ],
                [
                    1518.912,
                    867.996
                ],
                [
                    1478.9759999999999,
                    902.0160000000001
                ],
                [
                    1429.056,
                    960.984
                ],
                [
                    1401.984,
                    980.9639999999999
                ],
                [
                    1374.9119999999998,
                    1007.964
                ],
                [
                    1374.9119999999998,
                    1011.96
                ],
                [
                    1364.9279999999999,
                    1018.98
                ],
                [
                    1348.032,
                    1037.016
                ],
                [
                    1334.0159999999998,
                    1061.964
                ],
                [
                    1328.0639999999999,
                    1065.96
                ],
                [
                    1324.032,
                    1072.98
                ],
                [
                    1324.032,
                    1080
                ],
                [
                    873.024,
                    1080
                ]
            ]
        }
    ]
}