{
    "IMAGE_INFO": {
        "FILE_NAME": "1001213@0_04002_220906_P1_T3__2351.jpg",
        "DATE": "2022-10-21 15:33:28",
        "RESOLUTION": "1920 x 1080",
        "IMAGE_PHOTOGRAPHER": "이지은",
        "FOCUS_DISTANCE": "5.6",
        "EXPOSURE_TIME": "1/400",
        "SENSITIVITY_ISO": "12800",
        "PLACE": "삼오자원",
        "REGION_NAME": null,
        "Direction": "0",
        "HEIGHT": "100",
        "DAY/NIGHT": "주간",
        "WEATHER": "맑음",
        "IMAGE_HEIGHT": 1080,
        "IMAGE_WIDTH": 1920,
        "IMAGE_SIZE": "602.2 KB"
    },
    "ANNOTATION_INFO": [
        {
            "ID": "1",
            "CLASS": "플라스틱",
            "DETAILS": "PP",
            "DAMAGE": "원형",
            "DIRTINESS": "오염없음",
            "COVER": "없음",
            "TRANSPARENCY": "불투명",
            "SHAPE": "원형용기형",
            "SHAPE_TYPE": "POLYGON",
            "POINTS": [
                [
                    1585.9199999999998,
                    1080
                ],
                [
                    1582.08,
                    1061.964
                ],
                [
                    1582.08,
                    1023.9480000000001
                ],
                [
                    1588.032,
                    1005.048
                ],
                [
                    1592.064,
                    1002.024
                ],
                [
                    1599.9360000000001,
                    982.044
                ],
                [
                    1611.072,
                    968.976
                ],
                [
                    1632,
                    951.048
                ],
                [
                    1641.984,
                    945
                ],
                [
                    1665.024,
                    937.98
                ],
                [
                    1685.952,
                    933.984
                ],
                [
                    1716.096,
                    938.952
                ],
                [
                    1732.032,
                    945
                ],
                [
                    1757.952,
                    963.0360000000001
                ],
                [
                    1770.048,
                    975.024
                ],
                [
                    1788.096,
                    1005.048
                ],
                [
                    1795.968,
                    1032.048
                ],
                [
                    1795.968,
                    1080
                ]
            ]
        },
        {
            "ID": "2",
            "CLASS": "플라스틱",
            "DETAILS": "PP",
            "DAMAGE": "원형",
            "DIRTINESS": "오염없음",
            "COVER": "겹침",
            "TRANSPARENCY": "불투명",
            "SHAPE": "원형용기형",
            "SHAPE_TYPE": "POLYGON",
            "POINTS": [
                [
                    1076.9279999999999,
                    918
                ],
                [
                    1057.92,
                    915.948
                ],
                [
                    1045.056,
                    911.952
                ],
                [
                    1032.96,
                    911.952
                ],
                [
                    1012.032,
                    905.04
                ],
                [
                    997.0559999999999,
                    902.9879999999999
                ],
                [
                    968.064,
                    893.052
                ],
                [
                    964.0319999999999,
                    888.9480000000001
                ],
                [
                    954.048,
                    887.976
                ],
                [
                    935.04,
                    878.04
                ],
                [
                    912,
                    860.976
                ],
                [
                    901.056,
                    855.036
                ],
                [
                    884.928,
                    837.972
                ],
                [
                    875.904,
                    833.004
                ],
                [
                    873.984,
                    826.956
                ],
                [
                    831.936,
                    779.004
                ],
                [
                    802.9440000000001,
                    733.968
                ],
                [
                    795.072,
                    717.0120000000001
                ],
                [
                    782.016,
                    667.008
                ],
                [
                    779.904,
                    601.02
                ],
                [
                    783.936,
                    564.948
                ],
                [
                    791.04,
                    546.048
                ],
                [
                    792.9599999999999,
                    527.04
                ],
                [
                    798.912,
                    516.024
                ],
                [
                    798.912,
                    508.032
                ],
                [
                    809.088,
                    478.008
                ],
                [
                    821.952,
                    450.036
                ],
                [
                    834.048,
                    429.94800000000004
                ],
                [
                    843.072,
                    435.996
                ],
                [
                    862.08,
                    443.988
                ],
                [
                    868.032,
                    448.956
                ],
                [
                    894.912,
                    456.948
                ],
                [
                    961.92,
                    482.976
                ],
                [
                    968.064,
                    485.028
                ],
                [
                    987.072,
                    494.964
                ],
                [
                    1022.9760000000001,
                    509.004
                ],
                [
                    1028.928,
                    508.032
                ],
                [
                    1041.0240000000001,
                    498.96000000000004
                ],
                [
                    1051.968,
                    482.976
                ],
                [
                    1083.0720000000001,
                    448.956
                ],
                [
                    1090.944,
                    446.03999999999996
                ],
                [
                    1109.952,
                    427.032
                ],
                [
                    1118.016,
                    415.044
                ],
                [
                    1169.088,
                    370.00800000000004
                ],
                [
                    1191.9360000000001,
                    351
                ],
                [
                    1214.976,
                    331.992
                ],
                [
                    1227.0720000000001,
                    321.948
                ],
                [
                    1228.992,
                    315.036
                ],
                [
                    1224.96,
                    311.03999999999996
                ],
                [
                    1211.904,
                    308.988
                ],
                [
                    1198.08,
                    308.988
                ],
                [
                    1191.9360000000001,
                    307.044
                ],
                [
                    1186.944,
                    303.048
                ],
                [
                    1182.912,
                    303.048
                ],
                [
                    1179.072,
                    300.996
                ],
                [
                    1171.008,
                    293.976
                ],
                [
                    1166.976,
                    285.984
                ],
                [
                    1146.048,
                    262.98
                ],
                [
                    1128.96,
                    255.95999999999998
                ],
                [
                    1118.016,
                    243.97199999999998
                ],
                [
                    1105.9199999999998,
                    243
                ],
                [
                    1084.9920000000002,
                    231.012
                ],
                [
                    1080.9599999999998,
                    228.95999999999998
                ],
                [
                    1079.0400000000002,
                    228.95999999999998
                ],
                [
                    1080.9599999999998,
                    227.016
                ],
                [
                    1109.952,
                    227.016
                ],
                [
                    1127.04,
                    232.95600000000002
                ],
                [
                    1134.9119999999998,
                    239.004
                ],
                [
                    1153.92,
                    243
                ],
                [
                    1179.072,
                    254.016
                ],
                [
                    1200,
                    266.976
                ],
                [
                    1213.056,
                    277.02
                ],
                [
                    1223.04,
                    288.036
                ],
                [
                    1233.024,
                    304.99199999999996
                ],
                [
                    1233.9840000000002,
                    316.00800000000004
                ],
                [
                    1230.912,
                    327.99600000000004
                ],
                [
                    1233.024,
                    336.96
                ],
                [
                    1242.048,
                    353.052
                ],
                [
                    1267.008,
                    374.976
                ],
                [
                    1282.944,
                    400.032
                ],
                [
                    1304.064,
                    416.988
                ],
                [
                    1305.9840000000002,
                    424.98
                ],
                [
                    1310.9759999999999,
                    428.00399999999996
                ],
                [
                    1313.088,
                    432
                ],
                [
                    1316.9279999999999,
                    446.03999999999996
                ],
                [
                    1323.0720000000001,
                    452.952
                ],
                [
                    1326.912,
                    470.01599999999996
                ],
                [
                    1330.944,
                    474.012
                ],
                [
                    1338.048,
                    475.95599999999996
                ],
                [
                    1348.032,
                    485.028
                ],
                [
                    1361.088,
                    509.976
                ],
                [
                    1364.9279999999999,
                    527.04
                ],
                [
                    1371.072,
                    536.976
                ],
                [
                    1371.072,
                    554.04
                ],
                [
                    1378.944,
                    601.02
                ],
                [
                    1378.944,
                    651.996
                ],
                [
                    1374.9119999999998,
                    666.0360000000001
                ],
                [
                    1372.992,
                    698.004
                ],
                [
                    1368.96,
                    704.052
                ],
                [
                    1367.04,
                    718.9559999999999
                ],
                [
                    1358.9759999999999,
                    743.04
                ],
                [
                    1338.048,
                    785.052
                ],
                [
                    1329.0240000000001,
                    794.9879999999999
                ],
                [
                    1320.9599999999998,
                    810
                ],
                [
                    1301.952,
                    830.952
                ],
                [
                    1291.968,
                    849.96
                ],
                [
                    1265.0880000000002,
                    871.992
                ],
                [
                    1252.032,
                    879.9839999999999
                ],
                [
                    1237.056,
                    887.976
                ],
                [
                    1214.976,
                    897.048
                ],
                [
                    1189.056,
                    905.04
                ],
                [
                    1156.032,
                    911.952
                ],
                [
                    1108.032,
                    918
                ]
            ]
        },
        {
            "ID": "3",
            "CLASS": "플라스틱",
            "DETAILS": "PP",
            "DAMAGE": "찌그러짐",
            "DIRTINESS": "오염없음",
            "COVER": "없음",
            "TRANSPARENCY": "투명",
            "SHAPE": "스프레이용기형",
            "SHAPE_TYPE": "POLYGON",
            "POINTS": [
                [
                    422.976,
                    675.972
                ],
                [
                    404.928,
                    671.976
                ],
                [
                    358.08,
                    651.996
                ],
                [
                    350.01599999999996,
                    651.024
                ],
                [
                    340.03200000000004,
                    645.948
                ],
                [
                    326.976,
                    644.004
                ],
                [
                    306.048,
                    636.012
                ],
                [
                    293.952,
                    627.048
                ],
                [
                    283.968,
                    613.98
                ],
                [
                    262.08000000000004,
                    597.024
                ],
                [
                    255.936,
                    578.016
                ],
                [
                    260.928,
                    543.024
                ],
                [
                    254.016,
                    504.036
                ],
                [
                    255.936,
                    477.036
                ],
                [
                    273.984,
                    440.964
                ],
                [
                    302.01599999999996,
                    417.96000000000004
                ],
                [
                    320.06399999999996,
                    413.964
                ],
                [
                    347.904,
                    413.964
                ],
                [
                    378.048,
                    424.008
                ],
                [
                    409.92,
                    438.048
                ],
                [
                    437.952,
                    452.952
                ],
                [
                    481.92,
                    497.988
                ],
                [
                    485.952,
                    505.98
                ],
                [
                    518.016,
                    536.004
                ],
                [
                    526.08,
                    554.04
                ],
                [
                    536.064,
                    567
                ],
                [
                    536.064,
                    601.992
                ],
                [
                    531.072,
                    620.028
                ],
                [
                    522.048,
                    637.956
                ],
                [
                    499.968,
                    662.04
                ],
                [
                    481.92,
                    671.976
                ],
                [
                    465.984,
                    675.972
                ]
            ]
        },
        {
            "ID": "4",
            "CLASS": "플라스틱",
            "DETAILS": "PP",
            "DAMAGE": "원형",
            "DIRTINESS": "오염없음",
            "COVER": "없음",
            "TRANSPARENCY": "불투명",
            "SHAPE": "사각용기형",
            "SHAPE_TYPE": "POLYGON",
            "POINTS": [
                [
                    828.096,
                    412.02
                ],
                [
                    831.936,
                    407.052
                ],
                [
                    838.08,
                    404.02799999999996
                ],
                [
                    844.0319999999999,
                    401.004
                ],
                [
                    848.064,
                    397.98
                ],
                [
                    857.0880000000001,
                    393.98400000000004
                ],
                [
                    864.96,
                    389.016
                ],
                [
                    868.992,
                    366.984
                ],
                [
                    869.952,
                    354.996
                ],
                [
                    865.9200000000001,
                    335.988
                ],
                [
                    864.96,
                    323.02799999999996
                ],
                [
                    869.952,
                    307.044
                ],
                [
                    872.064,
                    297
                ],
                [
                    884.928,
                    285.984
                ],
                [
                    910.0799999999999,
                    269.02799999999996
                ],
                [
                    924.096,
                    257.03999999999996
                ],
                [
                    945.984,
                    243.97199999999998
                ],
                [
                    955.008,
                    238.032
                ],
                [
                    965.952,
                    230.04
                ],
                [
                    973.056,
                    223.992
                ],
                [
                    982.0799999999999,
                    219.024
                ],
                [
                    993.024,
                    215.028
                ],
                [
                    1006.08,
                    212.004
                ],
                [
                    1016.064,
                    209.952
                ],
                [
                    1021.056,
                    212.004
                ],
                [
                    1023.936,
                    213.948
                ],
                [
                    1035.0720000000001,
                    215.028
                ],
                [
                    1041.984,
                    218.052
                ],
                [
                    1050.048,
                    219.024
                ],
                [
                    1056,
                    220.96800000000002
                ],
                [
                    1080,
                    230.04
                ],
                [
                    1104.96,
                    239.976
                ],
                [
                    1128.96,
                    251.964
                ],
                [
                    1152.96,
                    265.032
                ],
                [
                    1166.976,
                    284.04
                ],
                [
                    1174.0800000000002,
                    300.024
                ],
                [
                    1215.936,
                    308.988
                ],
                [
                    1222.08,
                    308.016
                ],
                [
                    1227.0720000000001,
                    311.03999999999996
                ],
                [
                    1232.064,
                    317.952
                ],
                [
                    1194.048,
                    350.028
                ],
                [
                    1151.04,
                    385.992
                ],
                [
                    1089.0240000000001,
                    446.03999999999996
                ],
                [
                    1036.032,
                    505.00800000000004
                ],
                [
                    1030.08,
                    509.004
                ],
                [
                    1022.9760000000001,
                    509.004
                ],
                [
                    901.056,
                    459
                ],
                [
                    864,
                    443.988
                ],
                [
                    841.92,
                    434.05199999999996
                ],
                [
                    835.9680000000001,
                    429.94800000000004
                ],
                [
                    833.088,
                    428.00399999999996
                ],
                [
                    830.0160000000001,
                    424.98
                ],
                [
                    828.096,
                    423.036
                ],
                [
                    826.9440000000001,
                    419.04
                ],
                [
                    826.9440000000001,
                    416.01599999999996
                ]
            ]
        },
        {
            "ID": "5",
            "CLASS": "플라스틱",
            "DETAILS": "PP",
            "DAMAGE": "원형",
            "DIRTINESS": "이물질(내부)",
            "COVER": "없음",
            "TRANSPARENCY": "불투명",
            "SHAPE": "사각용기형",
            "SHAPE_TYPE": "POLYGON",
            "POINTS": [
                [
                    772.9920000000001,
                    400.032
                ],
                [
                    720.96,
                    397.008
                ],
                [
                    672.9599999999999,
                    393.012
                ],
                [
                    610.944,
                    385.992
                ],
                [
                    604.0319999999999,
                    384.048
                ],
                [
                    596.928,
                    384.048
                ],
                [
                    571.008,
                    380.05199999999996
                ],
                [
                    565.056,
                    378
                ],
                [
                    561.984,
                    375.94800000000004
                ],
                [
                    555.072,
                    374.004
                ],
                [
                    545.088,
                    374.004
                ],
                [
                    538.944,
                    373.032
                ],
                [
                    523.968,
                    367.956
                ],
                [
                    426.048,
                    343.008
                ],
                [
                    407.03999999999996,
                    339.012
                ],
                [
                    397.05600000000004,
                    338.04
                ],
                [
                    384.96000000000004,
                    335.01599999999996
                ],
                [
                    374.016,
                    331.02
                ],
                [
                    360.96,
                    324.972
                ],
                [
                    345.024,
                    315.036
                ],
                [
                    336,
                    308.016
                ],
                [
                    320.06399999999996,
                    292.032
                ],
                [
                    307.96799999999996,
                    273.996
                ],
                [
                    307.96799999999996,
                    272.052
                ],
                [
                    303.936,
                    266.00399999999996
                ],
                [
                    297.98400000000004,
                    250.02
                ],
                [
                    297.98400000000004,
                    246.024
                ],
                [
                    296.064,
                    242.028
                ],
                [
                    293.952,
                    226.044
                ],
                [
                    293.952,
                    211.03199999999998
                ],
                [
                    296.064,
                    195.048
                ],
                [
                    296.064,
                    172.04399999999998
                ],
                [
                    302.01599999999996,
                    115.99199999999999
                ],
                [
                    303.936,
                    103.032
                ],
                [
                    306.048,
                    96.98400000000001
                ],
                [
                    306.048,
                    89.964
                ],
                [
                    307.96799999999996,
                    84.02399999999999
                ],
                [
                    307.96799999999996,
                    77.976
                ],
                [
                    310.08,
                    73.008
                ],
                [
                    310.08,
                    68.04
                ],
                [
                    313.92,
                    54
                ],
                [
                    317.952,
                    30.996
                ],
                [
                    320.06399999999996,
                    27
                ],
                [
                    320.06399999999996,
                    22.032
                ],
                [
                    324.096,
                    8.964
                ],
                [
                    325.05600000000004,
                    0
                ],
                [
                    1003.0079999999999,
                    0
                ],
                [
                    998.976,
                    15.984
                ],
                [
                    997.0559999999999,
                    30.023999999999997
                ],
                [
                    993.9840000000002,
                    38.988
                ],
                [
                    990.912,
                    53.028
                ],
                [
                    989.9519999999999,
                    62.964
                ],
                [
                    983.9999999999999,
                    84.99600000000001
                ],
                [
                    983.9999999999999,
                    89.964
                ],
                [
                    975.9359999999999,
                    118.044
                ],
                [
                    969.0240000000001,
                    154.008
                ],
                [
                    968.064,
                    165.996
                ],
                [
                    965.952,
                    169.99200000000002
                ],
                [
                    964.9920000000001,
                    178.956
                ],
                [
                    961.92,
                    185.00400000000002
                ],
                [
                    960.9599999999999,
                    197.964
                ],
                [
                    959.04,
                    203.04
                ],
                [
                    959.04,
                    212.004
                ],
                [
                    956.928,
                    219.024
                ],
                [
                    958.08,
                    223.01999999999998
                ],
                [
                    955.008,
                    236.95200000000003
                ],
                [
                    951.936,
                    239.004
                ],
                [
                    948.096,
                    239.976
                ],
                [
                    940.0319999999999,
                    247.968
                ],
                [
                    935.04,
                    250.02
                ],
                [
                    931.968,
                    254.016
                ],
                [
                    925.056,
                    257.03999999999996
                ],
                [
                    883.968,
                    285.984
                ],
                [
                    883.0079999999999,
                    285.984
                ],
                [
                    877.0559999999999,
                    293.00399999999996
                ],
                [
                    873.984,
                    293.976
                ],
                [
                    872.064,
                    296.028
                ],
                [
                    869.952,
                    300.996
                ],
                [
                    869.952,
                    304.99199999999996
                ],
                [
                    865.9200000000001,
                    315.036
                ],
                [
                    864.96,
                    328.96799999999996
                ],
                [
                    865.9200000000001,
                    335.988
                ],
                [
                    868.992,
                    347.976
                ],
                [
                    869.952,
                    354.024
                ],
                [
                    869.952,
                    361.044
                ],
                [
                    868.992,
                    363.96000000000004
                ],
                [
                    868.032,
                    370.98
                ],
                [
                    865.9200000000001,
                    389.016
                ],
                [
                    859.008,
                    392.03999999999996
                ],
                [
                    854.016,
                    396.036
                ],
                [
                    845.952,
                    398.952
                ],
                [
                    830.976,
                    400.032
                ]
            ]
        },
        {
            "ID": "6",
            "CLASS": "플라스틱",
            "DETAILS": "PP",
            "DAMAGE": "원형",
            "DIRTINESS": "오염없음",
            "COVER": "없음",
            "TRANSPARENCY": "불투명",
            "SHAPE": "원형용기형",
            "SHAPE_TYPE": "POLYGON",
            "POINTS": [
                [
                    1604.9279999999999,
                    894.024
                ],
                [
                    1599.9360000000001,
                    890.028
                ],
                [
                    1598.016,
                    867.024
                ],
                [
                    1556.9279999999999,
                    848.988
                ],
                [
                    1539.072,
                    824.04
                ],
                [
                    1527.936,
                    801.0360000000001
                ],
                [
                    1523.904,
                    779.976
                ],
                [
                    1523.904,
                    756
                ],
                [
                    1527.936,
                    735.048
                ],
                [
                    1541.952,
                    705.996
                ],
                [
                    1568.0639999999999,
                    681.048
                ],
                [
                    1575.936,
                    675.972
                ],
                [
                    1598.9759999999999,
                    668.952
                ],
                [
                    1628.928,
                    668.952
                ],
                [
                    1650.048,
                    674.028
                ],
                [
                    1674.048,
                    683.9639999999999
                ],
                [
                    1689.0240000000001,
                    694.0079999999999
                ],
                [
                    1699.9679999999998,
                    705.024
                ],
                [
                    1712.064,
                    728.028
                ],
                [
                    1718.016,
                    748.008
                ],
                [
                    1718.9759999999999,
                    787.9680000000001
                ],
                [
                    1712.064,
                    818.9639999999999
                ],
                [
                    1698.048,
                    841.968
                ],
                [
                    1676.9279999999999,
                    860.004
                ],
                [
                    1660.0320000000002,
                    866.0519999999999
                ],
                [
                    1646.0159999999998,
                    867.996
                ],
                [
                    1636.032,
                    874.044
                ],
                [
                    1633.92,
                    883.98
                ],
                [
                    1626.048,
                    891.972
                ],
                [
                    1622.016,
                    894.024
                ]
            ]
        },
        {
            "ID": "7",
            "CLASS": "플라스틱",
            "DETAILS": "PP",
            "DAMAGE": "원형",
            "DIRTINESS": "이물질(외부)",
            "COVER": "없음",
            "TRANSPARENCY": "불투명",
            "SHAPE": "원형용기형",
            "SHAPE_TYPE": "POLYGON",
            "POINTS": [
                [
                    681.024,
                    536.004
                ],
                [
                    680.0640000000001,
                    535.032
                ],
                [
                    654.912,
                    532.0079999999999
                ],
                [
                    647.0400000000001,
                    528.0120000000001
                ],
                [
                    623.04,
                    525.96
                ],
                [
                    610.944,
                    521.964
                ],
                [
                    603.072,
                    521.964
                ],
                [
                    596.928,
                    520.02
                ],
                [
                    588.096,
                    520.02
                ],
                [
                    580.992,
                    516.996
                ],
                [
                    574.0799999999999,
                    516.996
                ],
                [
                    556.9920000000001,
                    513
                ],
                [
                    547.0079999999999,
                    513
                ],
                [
                    543.936,
                    510.94800000000004
                ],
                [
                    531.072,
                    508.032
                ],
                [
                    524.928,
                    508.032
                ],
                [
                    515.904,
                    505.00800000000004
                ],
                [
                    508.992,
                    505.00800000000004
                ],
                [
                    489.02399999999994,
                    498.96000000000004
                ],
                [
                    478.08,
                    493.02000000000004
                ],
                [
                    470.01599999999996,
                    483.948
                ],
                [
                    470.01599999999996,
                    465.048
                ],
                [
                    478.08,
                    420.012
                ],
                [
                    481.92,
                    412.02
                ],
                [
                    484.032,
                    397.008
                ],
                [
                    486.912,
                    394.956
                ],
                [
                    489.02399999999994,
                    385.02
                ],
                [
                    491.904,
                    382.968
                ],
                [
                    494.01599999999996,
                    377.028
                ],
                [
                    499.00800000000004,
                    374.976
                ],
                [
                    512.064,
                    373.032
                ],
                [
                    523.968,
                    373.032
                ],
                [
                    536.064,
                    375.94800000000004
                ],
                [
                    550.0799999999999,
                    378
                ],
                [
                    558.912,
                    378
                ],
                [
                    562.9440000000001,
                    381.024
                ],
                [
                    567.936,
                    381.024
                ],
                [
                    570.048,
                    382.968
                ],
                [
                    579.072,
                    384.048
                ],
                [
                    586.9440000000001,
                    386.964
                ],
                [
                    610.944,
                    393.012
                ],
                [
                    617.0880000000001,
                    396.036
                ],
                [
                    620.928,
                    397.008
                ],
                [
                    628.992,
                    397.008
                ],
                [
                    635.904,
                    400.032
                ],
                [
                    656.064,
                    401.976
                ],
                [
                    662.976,
                    405.97200000000004
                ],
                [
                    670.0799999999999,
                    405
                ],
                [
                    676.9920000000001,
                    407.052
                ],
                [
                    705.024,
                    409.968
                ],
                [
                    708.096,
                    411.048
                ],
                [
                    710.976,
                    413.964
                ],
                [
                    710.976,
                    416.01599999999996
                ],
                [
                    715.9680000000001,
                    420.984
                ],
                [
                    728.064,
                    428.00399999999996
                ],
                [
                    734.016,
                    432.972
                ],
                [
                    750.912,
                    443.016
                ],
                [
                    755.904,
                    443.016
                ],
                [
                    757.0559999999999,
                    462.99600000000004
                ],
                [
                    754.944,
                    481.03200000000004
                ],
                [
                    744.96,
                    524.0160000000001
                ],
                [
                    744,
                    527.04
                ],
                [
                    740.928,
                    528.984
                ],
                [
                    734.016,
                    527.04
                ],
                [
                    725.952,
                    527.04
                ],
                [
                    710.0160000000001,
                    529.956
                ],
                [
                    700.0319999999999,
                    529.956
                ]
            ]
        }
    ]
}