{
    "IMAGE_INFO": {
        "FILE_NAME": "1001567@0_04002_220906_P1_T3__0997.jpg",
        "DATE": "2022-10-21 15:36:18",
        "RESOLUTION": "1920 x 1080",
        "IMAGE_PHOTOGRAPHER": "이지은",
        "FOCUS_DISTANCE": "5.6",
        "EXPOSURE_TIME": "1/400",
        "SENSITIVITY_ISO": "12800",
        "PLACE": "삼오자원",
        "REGION_NAME": null,
        "Direction": "0",
        "HEIGHT": "100",
        "DAY/NIGHT": "주간",
        "WEATHER": "맑음",
        "IMAGE_HEIGHT": 1080,
        "IMAGE_WIDTH": 1920,
        "IMAGE_SIZE": "657.2 KB"
    },
    "ANNOTATION_INFO": [
        {
            "ID": "1",
            "CLASS": "플라스틱",
            "DETAILS": "PP",
            "DAMAGE": "원형",
            "DIRTINESS": "오염없음",
            "COVER": "겹침",
            "TRANSPARENCY": "불투명",
            "SHAPE": "스프레이용기형",
            "SHAPE_TYPE": "POLYGON",
            "POINTS": [
                [
                    1422.912,
                    1080
                ],
                [
                    1424.064,
                    1048.0320000000002
                ],
                [
                    1429.056,
                    1022.976
                ],
                [
                    1430.016,
                    994.032
                ],
                [
                    1435.968,
                    979.992
                ],
                [
                    1435.968,
                    965.952
                ],
                [
                    1441.92,
                    956.016
                ],
                [
                    1443.0720000000001,
                    938.952
                ],
                [
                    1448.0639999999999,
                    914.976
                ],
                [
                    1450.944,
                    909.0360000000001
                ],
                [
                    1453.056,
                    882.036
                ],
                [
                    1459.008,
                    866.0519999999999
                ],
                [
                    1478.016,
                    836.028
                ],
                [
                    1491.072,
                    821.9879999999999
                ],
                [
                    1515.0720000000001,
                    805.0319999999999
                ],
                [
                    1521.984,
                    801.0360000000001
                ],
                [
                    1526.976,
                    799.956
                ],
                [
                    1550.9759999999999,
                    786.024
                ],
                [
                    1555.968,
                    766.0440000000001
                ],
                [
                    1554.048,
                    752.976
                ],
                [
                    1556.9279999999999,
                    748.008
                ],
                [
                    1555.968,
                    744.012
                ],
                [
                    1559.0400000000002,
                    740.988
                ],
                [
                    1578.048,
                    733.968
                ],
                [
                    1588.032,
                    725.976
                ],
                [
                    1594.944,
                    725.976
                ],
                [
                    1599.9360000000001,
                    728.028
                ],
                [
                    1622.016,
                    728.028
                ],
                [
                    1630.08,
                    724.032
                ],
                [
                    1632,
                    721.98
                ],
                [
                    1635.0720000000001,
                    725.004
                ],
                [
                    1641.984,
                    725.004
                ],
                [
                    1645.056,
                    736.992
                ],
                [
                    1651.008,
                    740.988
                ],
                [
                    1660.0320000000002,
                    743.04
                ],
                [
                    1662.912,
                    748.98
                ],
                [
                    1664.064,
                    790.9920000000001
                ],
                [
                    1665.9840000000002,
                    794.9879999999999
                ],
                [
                    1676.9279999999999,
                    802.008
                ],
                [
                    1684.9920000000002,
                    805.0319999999999
                ],
                [
                    1724.9279999999999,
                    833.004
                ],
                [
                    1738.944,
                    844.992
                ],
                [
                    1739.904,
                    849.96
                ],
                [
                    1743.936,
                    852.0120000000001
                ],
                [
                    1746.048,
                    856.0079999999999
                ],
                [
                    1757.952,
                    856.0079999999999
                ],
                [
                    1765.056,
                    857.952
                ],
                [
                    1774.0800000000002,
                    867.996
                ],
                [
                    1775.04,
                    895.968
                ],
                [
                    1777.92,
                    907.956
                ],
                [
                    1785.024,
                    918
                ],
                [
                    1788.096,
                    925.9920000000001
                ],
                [
                    1788.096,
                    974.052
                ],
                [
                    1785.024,
                    980.9639999999999
                ],
                [
                    1782.912,
                    1014.9839999999999
                ],
                [
                    1777.92,
                    1032.048
                ],
                [
                    1774.0800000000002,
                    1067.04
                ],
                [
                    1771.008,
                    1073.952
                ],
                [
                    1771.968,
                    1080
                ],
                [
                    1422.912,
                    1080
                ]
            ]
        },
        {
            "ID": "2",
            "CLASS": "플라스틱",
            "DETAILS": "PP",
            "DAMAGE": "찌그러짐",
            "DIRTINESS": "오염없음",
            "COVER": "없음",
            "TRANSPARENCY": "투명",
            "SHAPE": "사각용기형",
            "SHAPE_TYPE": "POLYGON",
            "POINTS": [
                [
                    1544.064,
                    743.04
                ],
                [
                    1536,
                    736.02
                ],
                [
                    1521.984,
                    733.968
                ],
                [
                    1496.064,
                    714.96
                ],
                [
                    1484.9279999999999,
                    702
                ],
                [
                    1483.008,
                    694.0079999999999
                ],
                [
                    1467.0720000000001,
                    677.052
                ],
                [
                    1462.08,
                    663.984
                ],
                [
                    1445.952,
                    644.976
                ],
                [
                    1421.952,
                    609.012
                ],
                [
                    1411.008,
                    602.964
                ],
                [
                    1395.0720000000001,
                    602.964
                ],
                [
                    1385.0880000000002,
                    597.024
                ],
                [
                    1353.024,
                    555.984
                ],
                [
                    1339.9679999999998,
                    532.98
                ],
                [
                    1310.9759999999999,
                    504.036
                ],
                [
                    1291.968,
                    478.008
                ],
                [
                    1242.048,
                    435.996
                ],
                [
                    1230.912,
                    420.984
                ],
                [
                    1201.92,
                    393.98400000000004
                ],
                [
                    1194.048,
                    382.968
                ],
                [
                    1196.9279999999999,
                    358.02000000000004
                ],
                [
                    1177.92,
                    334.04400000000004
                ],
                [
                    1165.056,
                    311.03999999999996
                ],
                [
                    1153.92,
                    303.048
                ],
                [
                    1153.92,
                    300.024
                ],
                [
                    1136.064,
                    288.036
                ],
                [
                    1132.992,
                    282.96000000000004
                ],
                [
                    1128,
                    263.952
                ],
                [
                    1117.056,
                    250.02
                ],
                [
                    1113.9840000000002,
                    239.004
                ],
                [
                    1105.9199999999998,
                    227.988
                ],
                [
                    1104,
                    195.048
                ],
                [
                    1095.936,
                    181.98000000000002
                ],
                [
                    1095.936,
                    157.032
                ],
                [
                    1105.9199999999998,
                    127.008
                ],
                [
                    1117.056,
                    114.048
                ],
                [
                    1132.992,
                    108
                ],
                [
                    1152,
                    92.988
                ],
                [
                    1156.992,
                    83.05199999999999
                ],
                [
                    1158.912,
                    65.988
                ],
                [
                    1166.976,
                    53.028
                ],
                [
                    1170.048,
                    42.01199999999999
                ],
                [
                    1165.056,
                    30.023999999999997
                ],
                [
                    1158.912,
                    23.003999999999998
                ],
                [
                    1137.984,
                    7.992
                ],
                [
                    1137.984,
                    0
                ],
                [
                    1657.92,
                    0
                ],
                [
                    1674.048,
                    15.011999999999999
                ],
                [
                    1697.088,
                    43.956
                ],
                [
                    1713.024,
                    73.98
                ],
                [
                    1718.9759999999999,
                    77.976
                ],
                [
                    1721.088,
                    87.048
                ],
                [
                    1734.9119999999998,
                    101.952
                ],
                [
                    1763.904,
                    146.016
                ],
                [
                    1766.0159999999998,
                    157.032
                ],
                [
                    1780.0320000000002,
                    169.02
                ],
                [
                    1785.024,
                    199.04399999999998
                ],
                [
                    1795.0079999999998,
                    208.98000000000002
                ],
                [
                    1795.0079999999998,
                    213.948
                ],
                [
                    1805.952,
                    223.992
                ],
                [
                    1819.008,
                    247.968
                ],
                [
                    1824.96,
                    266.976
                ],
                [
                    1833.024,
                    274.968
                ],
                [
                    1843.008,
                    307.044
                ],
                [
                    1877.952,
                    363.96000000000004
                ],
                [
                    1877.952,
                    374.004
                ],
                [
                    1875.0720000000001,
                    378.972
                ],
                [
                    1863.936,
                    385.02
                ],
                [
                    1853.952,
                    396.036
                ],
                [
                    1843.008,
                    400.032
                ],
                [
                    1803.0720000000001,
                    434.05199999999996
                ],
                [
                    1803.0720000000001,
                    438.048
                ],
                [
                    1814.0159999999998,
                    439.99199999999996
                ],
                [
                    1824.96,
                    435.996
                ],
                [
                    1833.024,
                    428.976
                ],
                [
                    1838.016,
                    432
                ],
                [
                    1843.008,
                    446.03999999999996
                ],
                [
                    1848,
                    451.00800000000004
                ],
                [
                    1846.08,
                    462.99600000000004
                ],
                [
                    1848,
                    479.952
                ],
                [
                    1846.08,
                    483.948
                ],
                [
                    1829.952,
                    483.948
                ],
                [
                    1822.08,
                    490.968
                ],
                [
                    1805.952,
                    512.028
                ],
                [
                    1790.016,
                    543.9960000000001
                ],
                [
                    1763.904,
                    574.992
                ],
                [
                    1757.952,
                    586.0079999999999
                ],
                [
                    1716.096,
                    616.032
                ],
                [
                    1710.912,
                    617.976
                ],
                [
                    1704.96,
                    617.976
                ],
                [
                    1684.032,
                    629.964
                ],
                [
                    1657.92,
                    658.044
                ],
                [
                    1650.048,
                    672.948
                ],
                [
                    1627.968,
                    699.948
                ],
                [
                    1626.048,
                    718.9559999999999
                ],
                [
                    1622.976,
                    725.976
                ],
                [
                    1617.984,
                    729.972
                ],
                [
                    1597.056,
                    729.972
                ],
                [
                    1585.9199999999998,
                    736.02
                ],
                [
                    1561.92,
                    743.04
                ],
                [
                    1544.064,
                    743.04
                ]
            ]
        },
        {
            "ID": "3",
            "CLASS": "플라스틱",
            "DETAILS": "PP",
            "DAMAGE": "찌그러짐",
            "DIRTINESS": "오염없음",
            "COVER": "겹침",
            "TRANSPARENCY": "불투명",
            "SHAPE": "원형용기형",
            "SHAPE_TYPE": "POLYGON",
            "POINTS": [
                [
                    201.024,
                    1080
                ],
                [
                    201.024,
                    1072.98
                ],
                [
                    197.952,
                    1067.04
                ],
                [
                    196.992,
                    1057.968
                ],
                [
                    198.912,
                    1041.012
                ],
                [
                    201.024,
                    1034.964
                ],
                [
                    202.94400000000002,
                    1030.968
                ],
                [
                    203.904,
                    1026
                ],
                [
                    203.904,
                    1021.032
                ],
                [
                    209.088,
                    1009.044
                ],
                [
                    212.928,
                    1006.02
                ],
                [
                    215.04,
                    999.972
                ],
                [
                    221.952,
                    991.0079999999999
                ],
                [
                    225.024,
                    986.0400000000001
                ],
                [
                    230.01600000000002,
                    979.992
                ],
                [
                    233.088,
                    978.048
                ],
                [
                    235.968,
                    972.972
                ],
                [
                    241.92000000000002,
                    968.004
                ],
                [
                    249.02400000000003,
                    964.0079999999999
                ],
                [
                    249.984,
                    964.0079999999999
                ],
                [
                    262.08000000000004,
                    957.96
                ],
                [
                    268.992,
                    955.044
                ],
                [
                    273.024,
                    948.024
                ],
                [
                    273.024,
                    945
                ],
                [
                    282.048,
                    934.956
                ],
                [
                    288.96,
                    929.9879999999999
                ],
                [
                    289.92,
                    926.9639999999999
                ],
                [
                    296.064,
                    921.996
                ],
                [
                    311.04,
                    914.004
                ],
                [
                    316.032,
                    911.952
                ],
                [
                    325.05600000000004,
                    909.0360000000001
                ],
                [
                    326.976,
                    909.0360000000001
                ],
                [
                    332.928,
                    906.984
                ],
                [
                    336.96,
                    906.984
                ],
                [
                    342.91200000000003,
                    906.012
                ],
                [
                    364.032,
                    906.012
                ],
                [
                    379.96799999999996,
                    909.0360000000001
                ],
                [
                    382.08000000000004,
                    909.0360000000001
                ],
                [
                    384.96000000000004,
                    910.98
                ],
                [
                    398.016,
                    913.032
                ],
                [
                    401.088,
                    914.004
                ],
                [
                    403.008,
                    914.004
                ],
                [
                    407.03999999999996,
                    915.948
                ],
                [
                    411.072,
                    917.028
                ],
                [
                    421.056,
                    921.996
                ],
                [
                    435.072,
                    933.0120000000001
                ],
                [
                    449.08799999999997,
                    947.052
                ],
                [
                    451.968,
                    951.048
                ],
                [
                    455.03999999999996,
                    952.992
                ],
                [
                    459.072,
                    957.96
                ],
                [
                    461.952,
                    964.0079999999999
                ],
                [
                    465.024,
                    967.0319999999999
                ],
                [
                    465.984,
                    972.972
                ],
                [
                    467.904,
                    975.024
                ],
                [
                    470.01599999999996,
                    978.048
                ],
                [
                    475.00800000000004,
                    990.036
                ],
                [
                    478.08,
                    1002.996
                ],
                [
                    478.08,
                    1007.964
                ],
                [
                    479.04,
                    1007.964
                ],
                [
                    479.04,
                    1011.96
                ],
                [
                    478.08,
                    1014.012
                ],
                [
                    475.968,
                    1015.956
                ],
                [
                    473.088,
                    1017.036
                ],
                [
                    471.936,
                    1018.008
                ],
                [
                    470.01599999999996,
                    1021.032
                ],
                [
                    470.01599999999996,
                    1025.028
                ],
                [
                    471.936,
                    1029.996
                ],
                [
                    471.936,
                    1037.016
                ],
                [
                    470.01599999999996,
                    1041.012
                ],
                [
                    467.904,
                    1046.952
                ],
                [
                    456,
                    1064.988
                ],
                [
                    451.968,
                    1080
                ],
                [
                    201.024,
                    1080
                ]
            ]
        },
        {
            "ID": "4",
            "CLASS": "플라스틱",
            "DETAILS": "PP",
            "DAMAGE": "찌그러짐",
            "DIRTINESS": "이물질(외부)",
            "COVER": "겹침",
            "TRANSPARENCY": "투명",
            "SHAPE": "사각용기형",
            "SHAPE_TYPE": "POLYGON",
            "POINTS": [
                [
                    1444.9920000000002,
                    848.988
                ],
                [
                    1420.0320000000002,
                    822.96
                ],
                [
                    1387.968,
                    797.04
                ],
                [
                    1348.032,
                    771.012
                ],
                [
                    1344.96,
                    762.048
                ],
                [
                    1337.088,
                    756
                ],
                [
                    1334.976,
                    747.036
                ],
                [
                    1326.912,
                    743.04
                ],
                [
                    1326.912,
                    737.964
                ],
                [
                    1315.968,
                    728.028
                ],
                [
                    1302.912,
                    705.996
                ],
                [
                    1295.04,
                    697.0319999999999
                ],
                [
                    1265.0880000000002,
                    672.948
                ],
                [
                    1238.016,
                    658.044
                ],
                [
                    1219.9679999999998,
                    643.032
                ],
                [
                    1195.0079999999998,
                    628.02
                ],
                [
                    1193.088,
                    623.052
                ],
                [
                    1174.0800000000002,
                    612.036
                ],
                [
                    1157.952,
                    597.024
                ],
                [
                    1142.016,
                    586.0079999999999
                ],
                [
                    1126.08,
                    578.016
                ],
                [
                    1090.944,
                    551.9879999999999
                ],
                [
                    1061.952,
                    525.96
                ],
                [
                    994.944,
                    473.04
                ],
                [
                    987.072,
                    470.988
                ],
                [
                    975.9359999999999,
                    462.99600000000004
                ],
                [
                    970.9440000000001,
                    462.99600000000004
                ],
                [
                    944.0640000000001,
                    443.016
                ],
                [
                    921.984,
                    434.05199999999996
                ],
                [
                    913.92,
                    428.00399999999996
                ],
                [
                    906.048,
                    425.952
                ],
                [
                    884.928,
                    405.97200000000004
                ],
                [
                    882.048,
                    400.032
                ],
                [
                    873.984,
                    394.956
                ],
                [
                    870.912,
                    386.964
                ],
                [
                    863.04,
                    380.05199999999996
                ],
                [
                    849.9839999999999,
                    354.024
                ],
                [
                    844.992,
                    336.96
                ],
                [
                    817.92,
                    312.984
                ],
                [
                    755.904,
                    243
                ],
                [
                    745.9200000000001,
                    227.988
                ],
                [
                    743.04,
                    197.964
                ],
                [
                    745.9200000000001,
                    191.052
                ],
                [
                    750.912,
                    186.948
                ],
                [
                    755.904,
                    172.04399999999998
                ],
                [
                    774.912,
                    147.96
                ],
                [
                    810.048,
                    116.964
                ],
                [
                    815.04,
                    108.97200000000001
                ],
                [
                    817.92,
                    96.012
                ],
                [
                    839.04,
                    76.03200000000001
                ],
                [
                    853.0559999999999,
                    54
                ],
                [
                    860.928,
                    50.004
                ],
                [
                    863.04,
                    42.984
                ],
                [
                    865.9200000000001,
                    47.952000000000005
                ],
                [
                    865.9200000000001,
                    65.01599999999999
                ],
                [
                    868.992,
                    72.036
                ],
                [
                    873.984,
                    76.03200000000001
                ],
                [
                    877.0559999999999,
                    84.99600000000001
                ],
                [
                    901.056,
                    104.00399999999999
                ],
                [
                    927.936,
                    116.964
                ],
                [
                    940.992,
                    127.97999999999999
                ],
                [
                    945.984,
                    130.03199999999998
                ],
                [
                    964.9920000000001,
                    131.976
                ],
                [
                    979.008,
                    142.992
                ],
                [
                    987.072,
                    154.008
                ],
                [
                    1021.056,
                    181.98000000000002
                ],
                [
                    1028.928,
                    186.948
                ],
                [
                    1078.08,
                    205.95600000000002
                ],
                [
                    1099.008,
                    222.048
                ],
                [
                    1104,
                    236.95200000000003
                ],
                [
                    1126.08,
                    265.032
                ],
                [
                    1137.024,
                    270.97200000000004
                ],
                [
                    1138.944,
                    277.992
                ],
                [
                    1157.952,
                    300.024
                ],
                [
                    1171.008,
                    324
                ],
                [
                    1198.08,
                    355.968
                ],
                [
                    1222.08,
                    397.008
                ],
                [
                    1241.088,
                    419.04
                ],
                [
                    1241.088,
                    424.008
                ],
                [
                    1286.976,
                    470.988
                ],
                [
                    1289.088,
                    478.008
                ],
                [
                    1308.096,
                    497.016
                ],
                [
                    1329.0240000000001,
                    532.0079999999999
                ],
                [
                    1337.088,
                    539.028
                ],
                [
                    1372.032,
                    586.0079999999999
                ],
                [
                    1380.096,
                    593.028
                ],
                [
                    1387.968,
                    593.028
                ],
                [
                    1393.92,
                    594.972
                ],
                [
                    1420.0320000000002,
                    608.04
                ],
                [
                    1453.056,
                    632.0160000000001
                ],
                [
                    1453.056,
                    636.012
                ],
                [
                    1460.928,
                    644.976
                ],
                [
                    1463.04,
                    654.048
                ],
                [
                    1470.912,
                    659.9879999999999
                ],
                [
                    1478.9759999999999,
                    678.024
                ],
                [
                    1492.992,
                    694.9799999999999
                ],
                [
                    1497.984,
                    708.048
                ],
                [
                    1532.9279999999999,
                    732.024
                ],
                [
                    1536,
                    736.02
                ],
                [
                    1532.9279999999999,
                    767.0160000000001
                ],
                [
                    1525.056,
                    778.032
                ],
                [
                    1489.92,
                    806.0039999999999
                ],
                [
                    1482.048,
                    810
                ],
                [
                    1478.9759999999999,
                    817.02
                ],
                [
                    1470.912,
                    822.96
                ],
                [
                    1465.9199999999998,
                    833.976
                ],
                [
                    1458.048,
                    840.996
                ],
                [
                    1454.976,
                    847.044
                ],
                [
                    1449.984,
                    848.988
                ],
                [
                    1444.9920000000002,
                    848.988
                ]
            ]
        }
    ]
}