{
    "IMAGE_INFO": {
        "FILE_NAME": "1001569@0_04002_220906_P1_T3__0872.jpg",
        "DATE": "2022-10-21 15:35:58",
        "RESOLUTION": "1920 x 1080",
        "IMAGE_PHOTOGRAPHER": "이지은",
        "FOCUS_DISTANCE": "5.6",
        "EXPOSURE_TIME": "1/400",
        "SENSITIVITY_ISO": "12800",
        "PLACE": "삼오자원",
        "REGION_NAME": null,
        "Direction": "0",
        "HEIGHT": "100",
        "DAY/NIGHT": "주간",
        "WEATHER": "맑음",
        "IMAGE_HEIGHT": 1080,
        "IMAGE_WIDTH": 1920,
        "IMAGE_SIZE": "661.1 KB"
    },
    "ANNOTATION_INFO": [
        {
            "ID": "1",
            "CLASS": "플라스틱",
            "DETAILS": "PP",
            "DAMAGE": "원형",
            "DIRTINESS": "이물질(외부)",
            "COVER": "없음",
            "TRANSPARENCY": "불투명",
            "SHAPE": "사각용기형",
            "SHAPE_TYPE": "POLYGON",
            "POINTS": [
                [
                    1467.0720000000001,
                    381.99600000000004
                ],
                [
                    1444.032,
                    381.024
                ],
                [
                    1436.9279999999999,
                    380.05199999999996
                ],
                [
                    1430.9759999999999,
                    375.94800000000004
                ],
                [
                    1414.0800000000002,
                    374.976
                ],
                [
                    1382.976,
                    367.956
                ],
                [
                    1377.024,
                    363.96000000000004
                ],
                [
                    1358.9759999999999,
                    362.016
                ],
                [
                    1342.08,
                    357.048
                ],
                [
                    1331.904,
                    351.97200000000004
                ],
                [
                    1311.9360000000001,
                    350.028
                ],
                [
                    1308.096,
                    346.03200000000004
                ],
                [
                    1287.936,
                    343.98
                ],
                [
                    1281.984,
                    339.98400000000004
                ],
                [
                    1262.976,
                    338.04
                ],
                [
                    1253.952,
                    332.964
                ],
                [
                    1238.9759999999999,
                    331.992
                ],
                [
                    1227.0720000000001,
                    327.024
                ],
                [
                    1214.976,
                    326.052
                ],
                [
                    1209.0240000000001,
                    321.948
                ],
                [
                    1190.9759999999999,
                    320.004
                ],
                [
                    1185.9840000000002,
                    316.00800000000004
                ],
                [
                    1170.048,
                    313.956
                ],
                [
                    1161.0240000000001,
                    308.988
                ],
                [
                    1148.928,
                    296.028
                ],
                [
                    1146.048,
                    288.036
                ],
                [
                    1146.048,
                    270
                ],
                [
                    1152,
                    247.968
                ],
                [
                    1152,
                    235.98
                ],
                [
                    1170.048,
                    176.04000000000002
                ],
                [
                    1185.024,
                    108
                ],
                [
                    1194.048,
                    81.972
                ],
                [
                    1211.904,
                    0
                ],
                [
                    1372.032,
                    0
                ],
                [
                    1383.936,
                    3.024
                ],
                [
                    1392,
                    7.992
                ],
                [
                    1410.048,
                    10.043999999999999
                ],
                [
                    1414.0800000000002,
                    14.04
                ],
                [
                    1434.048,
                    15.984
                ],
                [
                    1438.08,
                    19.98
                ],
                [
                    1459.9679999999998,
                    22.032
                ],
                [
                    1472.064,
                    27
                ],
                [
                    1486.08,
                    27.971999999999998
                ],
                [
                    1496.064,
                    33.048
                ],
                [
                    1510.08,
                    34.02
                ],
                [
                    1521.0240000000001,
                    38.988
                ],
                [
                    1532.9279999999999,
                    39.96
                ],
                [
                    1563.0720000000001,
                    50.976
                ],
                [
                    1568.0639999999999,
                    50.976
                ],
                [
                    1580.928,
                    60.047999999999995
                ],
                [
                    1593.9840000000002,
                    80.028
                ],
                [
                    1592.064,
                    97.956
                ],
                [
                    1584,
                    115.99199999999999
                ],
                [
                    1578.048,
                    143.964
                ],
                [
                    1554.048,
                    201.96
                ],
                [
                    1526.0159999999998,
                    290.952
                ],
                [
                    1508.928,
                    332.964
                ],
                [
                    1507.968,
                    343.98
                ],
                [
                    1493.952,
                    367.956
                ],
                [
                    1478.016,
                    380.05199999999996
                ],
                [
                    1467.0720000000001,
                    381.99600000000004
                ]
            ]
        },
        {
            "ID": "2",
            "CLASS": "플라스틱",
            "DETAILS": "PP",
            "DAMAGE": "원형",
            "DIRTINESS": "오염없음",
            "COVER": "없음",
            "TRANSPARENCY": "투명",
            "SHAPE": "기타 형태",
            "SHAPE_TYPE": "POLYGON",
            "POINTS": [
                [
                    23.04,
                    1080
                ],
                [
                    24,
                    1072.008
                ],
                [
                    24.959999999999997,
                    1065.96
                ],
                [
                    27.072,
                    1059.048
                ],
                [
                    28.992,
                    1044.036
                ],
                [
                    28.992,
                    1029.996
                ],
                [
                    28.032,
                    1015.956
                ],
                [
                    28.032,
                    1001.0519999999999
                ],
                [
                    27.072,
                    987.0120000000001
                ],
                [
                    33.024,
                    968.004
                ],
                [
                    47.04,
                    934.956
                ],
                [
                    56.064,
                    917.028
                ],
                [
                    71.03999999999999,
                    903.9599999999999
                ],
                [
                    81.024,
                    895.968
                ],
                [
                    90.048,
                    886.032
                ],
                [
                    94.08,
                    880.956
                ],
                [
                    102.912,
                    875.0160000000001
                ],
                [
                    137.08800000000002,
                    844.992
                ],
                [
                    163.008,
                    826.956
                ],
                [
                    187.008,
                    813.9960000000001
                ],
                [
                    197.952,
                    813.024
                ],
                [
                    210.048,
                    810
                ],
                [
                    221.952,
                    793.044
                ],
                [
                    238.07999999999998,
                    774.0360000000001
                ],
                [
                    240,
                    770.04
                ],
                [
                    293.952,
                    739.044
                ],
                [
                    311.04,
                    732.996
                ],
                [
                    320.06399999999996,
                    732.996
                ],
                [
                    336.96,
                    736.02
                ],
                [
                    364.99199999999996,
                    749.952
                ],
                [
                    378.048,
                    752.976
                ],
                [
                    412.03200000000004,
                    771.984
                ],
                [
                    425.088,
                    783.972
                ],
                [
                    436.032,
                    803.952
                ],
                [
                    451.008,
                    821.016
                ],
                [
                    459.072,
                    837
                ],
                [
                    476.928,
                    855.036
                ],
                [
                    484.99199999999996,
                    872.964
                ],
                [
                    504.96000000000004,
                    891.972
                ],
                [
                    513.024,
                    907.956
                ],
                [
                    537.024,
                    936.0360000000001
                ],
                [
                    542.976,
                    951.048
                ],
                [
                    556.032,
                    967.0319999999999
                ],
                [
                    560.0640000000001,
                    983.016
                ],
                [
                    581.952,
                    995.976
                ],
                [
                    596.928,
                    1009.044
                ],
                [
                    608.064,
                    1019.952
                ],
                [
                    618.048,
                    1034.964
                ],
                [
                    624.96,
                    1037.988
                ],
                [
                    643.968,
                    1056.996
                ],
                [
                    643.968,
                    1060.02
                ],
                [
                    652.9920000000001,
                    1065.96
                ],
                [
                    661.056,
                    1080
                ]
            ]
        },
        {
            "ID": "3",
            "CLASS": "플라스틱",
            "DETAILS": "PP",
            "DAMAGE": "원형",
            "DIRTINESS": "오염없음",
            "COVER": "겹침",
            "TRANSPARENCY": "불투명",
            "SHAPE": "원형용기형",
            "SHAPE_TYPE": "POLYGON",
            "POINTS": [
                [
                    1363.008,
                    955.044
                ],
                [
                    1363.008,
                    951.048
                ],
                [
                    1358.016,
                    942.948
                ],
                [
                    1352.064,
                    937.008
                ],
                [
                    1347.0720000000001,
                    925.9920000000001
                ],
                [
                    1345.9199999999998,
                    920.052
                ],
                [
                    1345.9199999999998,
                    902.9879999999999
                ],
                [
                    1344,
                    897.048
                ],
                [
                    1344.96,
                    851.0400000000001
                ],
                [
                    1344,
                    844.02
                ],
                [
                    1344.96,
                    832.0319999999999
                ],
                [
                    1338.048,
                    822.96
                ],
                [
                    1334.0159999999998,
                    810.972
                ],
                [
                    1334.0159999999998,
                    795.96
                ],
                [
                    1337.088,
                    776.952
                ],
                [
                    1337.088,
                    763.9920000000001
                ],
                [
                    1344,
                    752.004
                ],
                [
                    1364.9279999999999,
                    728.028
                ],
                [
                    1374.9119999999998,
                    712.044
                ],
                [
                    1382.976,
                    702.972
                ],
                [
                    1388.928,
                    693.0360000000001
                ],
                [
                    1402.944,
                    675
                ],
                [
                    1407.936,
                    671.0039999999999
                ],
                [
                    1411.008,
                    666.0360000000001
                ],
                [
                    1415.04,
                    662.04
                ],
                [
                    1426.944,
                    640.008
                ],
                [
                    1431.9360000000001,
                    635.04
                ],
                [
                    1440,
                    621
                ],
                [
                    1445.952,
                    613.98
                ],
                [
                    1454.0159999999998,
                    609.9839999999999
                ],
                [
                    1465.9199999999998,
                    609.9839999999999
                ],
                [
                    1473.024,
                    613.008
                ],
                [
                    1477.056,
                    616.032
                ],
                [
                    1498.944,
                    628.02
                ],
                [
                    1511.04,
                    636.984
                ],
                [
                    1526.0159999999998,
                    645.948
                ],
                [
                    1536,
                    654.048
                ],
                [
                    1554.048,
                    666.0360000000001
                ],
                [
                    1582.08,
                    693.0360000000001
                ],
                [
                    1583.04,
                    694.9799999999999
                ],
                [
                    1583.04,
                    708.048
                ],
                [
                    1582.08,
                    712.044
                ],
                [
                    1577.088,
                    720.036
                ],
                [
                    1561.92,
                    736.992
                ],
                [
                    1560.9599999999998,
                    740.988
                ],
                [
                    1556.9279999999999,
                    744.012
                ],
                [
                    1555.968,
                    747.036
                ],
                [
                    1550.016,
                    753.9480000000001
                ],
                [
                    1546.944,
                    759.996
                ],
                [
                    1542.912,
                    763.02
                ],
                [
                    1541.952,
                    766.0440000000001
                ],
                [
                    1522.944,
                    793.044
                ],
                [
                    1518.912,
                    798.0120000000001
                ],
                [
                    1513.92,
                    802.008
                ],
                [
                    1508.928,
                    810
                ],
                [
                    1499.904,
                    820.044
                ],
                [
                    1479.9360000000001,
                    852.9839999999999
                ],
                [
                    1474.944,
                    856.98
                ],
                [
                    1472.064,
                    860.976
                ],
                [
                    1468.992,
                    861.948
                ],
                [
                    1467.0720000000001,
                    864
                ],
                [
                    1440.9599999999998,
                    874.044
                ],
                [
                    1434.048,
                    883.008
                ],
                [
                    1429.056,
                    906.012
                ],
                [
                    1420.0320000000002,
                    922.9680000000001
                ],
                [
                    1416,
                    928.044
                ],
                [
                    1407.936,
                    934.956
                ],
                [
                    1387.968,
                    948.024
                ],
                [
                    1372.992,
                    953.9639999999999
                ],
                [
                    1368.96,
                    955.044
                ],
                [
                    1363.008,
                    955.044
                ]
            ]
        },
        {
            "ID": "4",
            "CLASS": "플라스틱",
            "DETAILS": "PP",
            "DAMAGE": "원형",
            "DIRTINESS": "이물질(외부)",
            "COVER": "겹침",
            "TRANSPARENCY": "불투명",
            "SHAPE": "원형용기형",
            "SHAPE_TYPE": "POLYGON",
            "POINTS": [
                [
                    20.928,
                    1067.04
                ],
                [
                    9.984,
                    1041.984
                ],
                [
                    6.912,
                    1022.976
                ],
                [
                    0,
                    1005.048
                ],
                [
                    0,
                    483.948
                ],
                [
                    3.072,
                    483.948
                ],
                [
                    8.064,
                    481.03200000000004
                ],
                [
                    48,
                    479.952
                ],
                [
                    57.024,
                    475.95599999999996
                ],
                [
                    67.008,
                    475.95599999999996
                ],
                [
                    72.96,
                    473.04
                ],
                [
                    83.90400000000001,
                    470.988
                ],
                [
                    101.952,
                    470.988
                ],
                [
                    115.00800000000001,
                    467.964
                ],
                [
                    240,
                    467.964
                ],
                [
                    245.952,
                    470.988
                ],
                [
                    253.056,
                    478.008
                ],
                [
                    243.07199999999997,
                    504.036
                ],
                [
                    240,
                    516.996
                ],
                [
                    240,
                    532.0079999999999
                ],
                [
                    249.02400000000003,
                    559.9799999999999
                ],
                [
                    260.928,
                    574.992
                ],
                [
                    281.088,
                    589.032
                ],
                [
                    286.08,
                    608.04
                ],
                [
                    289.92,
                    648.972
                ],
                [
                    289.92,
                    736.992
                ],
                [
                    287.03999999999996,
                    741.96
                ],
                [
                    268.992,
                    755.028
                ],
                [
                    259.96799999999996,
                    758.052
                ],
                [
                    252.096,
                    763.02
                ],
                [
                    238.07999999999998,
                    778.032
                ],
                [
                    222.91199999999998,
                    786.024
                ],
                [
                    217.92000000000002,
                    794.9879999999999
                ],
                [
                    219.07199999999997,
                    801.0360000000001
                ],
                [
                    216.96,
                    806.0039999999999
                ],
                [
                    205.056,
                    817.992
                ],
                [
                    195.072,
                    816.048
                ],
                [
                    188.928,
                    821.016
                ],
                [
                    174.912,
                    825.984
                ],
                [
                    164.928,
                    825.984
                ],
                [
                    162.048,
                    826.956
                ],
                [
                    158.016,
                    833.976
                ],
                [
                    149.952,
                    837
                ],
                [
                    132.096,
                    849.96
                ],
                [
                    128.064,
                    855.036
                ],
                [
                    110.976,
                    867.024
                ],
                [
                    105.984,
                    872.964
                ],
                [
                    97.91999999999999,
                    878.04
                ],
                [
                    92.928,
                    880.956
                ],
                [
                    85.056,
                    891
                ],
                [
                    78.91199999999999,
                    898.02
                ],
                [
                    67.968,
                    906.012
                ],
                [
                    51.071999999999996,
                    925.9920000000001
                ],
                [
                    46.08,
                    948.9960000000001
                ],
                [
                    34.944,
                    964.0079999999999
                ],
                [
                    33.024,
                    972.972
                ],
                [
                    27.072,
                    983.016
                ],
                [
                    25.919999999999998,
                    995.976
                ],
                [
                    29.951999999999998,
                    1013.04
                ],
                [
                    28.992,
                    1052.028
                ],
                [
                    25.919999999999998,
                    1067.04
                ]
            ]
        },
        {
            "ID": "5",
            "CLASS": "플라스틱",
            "DETAILS": "PP",
            "DAMAGE": "원형",
            "DIRTINESS": "이물질(외부)",
            "COVER": "없음",
            "TRANSPARENCY": "불투명",
            "SHAPE": "원형용기형",
            "SHAPE_TYPE": "POLYGON",
            "POINTS": [
                [
                    307.96799999999996,
                    591.948
                ],
                [
                    288,
                    590.004
                ],
                [
                    275.904,
                    585.036
                ],
                [
                    258.048,
                    571.968
                ],
                [
                    245.952,
                    555.0120000000001
                ],
                [
                    240,
                    531.0360000000001
                ],
                [
                    240,
                    517.9680000000001
                ],
                [
                    244.03199999999998,
                    500.04
                ],
                [
                    252.096,
                    483.948
                ],
                [
                    268.032,
                    467.964
                ],
                [
                    278.976,
                    462.024
                ],
                [
                    297.98400000000004,
                    455.976
                ],
                [
                    317.952,
                    455.976
                ],
                [
                    355.968,
                    465.048
                ],
                [
                    360,
                    467.964
                ],
                [
                    365.952,
                    467.964
                ],
                [
                    385.92,
                    477.036
                ],
                [
                    398.016,
                    486
                ],
                [
                    404.928,
                    497.988
                ],
                [
                    409.92,
                    501.984
                ],
                [
                    416.064,
                    516.024
                ],
                [
                    416.064,
                    536.976
                ],
                [
                    403.968,
                    566.028
                ],
                [
                    392.06399999999996,
                    578.988
                ],
                [
                    369.024,
                    590.976
                ],
                [
                    363.072,
                    591.948
                ],
                [
                    307.96799999999996,
                    591.948
                ]
            ]
        },
        {
            "ID": "6",
            "CLASS": "플라스틱",
            "DETAILS": "PP",
            "DAMAGE": "원형",
            "DIRTINESS": "오염없음",
            "COVER": "없음",
            "TRANSPARENCY": "투명",
            "SHAPE": "기타 형태",
            "SHAPE_TYPE": "POLYGON",
            "POINTS": [
                [
                    735.9359999999999,
                    1080
                ],
                [
                    735.9359999999999,
                    1037.988
                ],
                [
                    739.008,
                    1022.004
                ],
                [
                    734.016,
                    1018.008
                ],
                [
                    730.944,
                    1010.0160000000001
                ],
                [
                    728.064,
                    1006.02
                ],
                [
                    726.912,
                    999.972
                ],
                [
                    716.928,
                    980.9639999999999
                ],
                [
                    710.0160000000001,
                    964.0079999999999
                ],
                [
                    708.096,
                    956.016
                ],
                [
                    702.9119999999999,
                    948.024
                ],
                [
                    701.952,
                    942.948
                ],
                [
                    695.04,
                    928.044
                ],
                [
                    687.936,
                    915.948
                ],
                [
                    687.936,
                    907.956
                ],
                [
                    672,
                    888.9480000000001
                ],
                [
                    670.0799999999999,
                    883.98
                ],
                [
                    666.048,
                    879.012
                ],
                [
                    663.936,
                    872.964
                ],
                [
                    662.016,
                    871.02
                ],
                [
                    662.016,
                    868.968
                ],
                [
                    658.944,
                    866.0519999999999
                ],
                [
                    658.944,
                    863.028
                ],
                [
                    653.952,
                    855.036
                ],
                [
                    652.032,
                    844.02
                ],
                [
                    646.08,
                    837
                ],
                [
                    643.968,
                    829.9799999999999
                ],
                [
                    642.048,
                    828.0360000000001
                ],
                [
                    638.976,
                    826.956
                ],
                [
                    638.976,
                    822.96
                ],
                [
                    635.904,
                    813.9960000000001
                ],
                [
                    633.024,
                    763.9920000000001
                ],
                [
                    624,
                    747.036
                ],
                [
                    623.04,
                    741.96
                ],
                [
                    618.048,
                    732.996
                ],
                [
                    615.9359999999999,
                    726.948
                ],
                [
                    615.9359999999999,
                    713.988
                ],
                [
                    619.008,
                    705.996
                ],
                [
                    622.08,
                    702
                ],
                [
                    628.032,
                    695.952
                ],
                [
                    639.9359999999999,
                    690.984
                ],
                [
                    649.9200000000001,
                    690.0120000000001
                ],
                [
                    657.984,
                    690.0120000000001
                ],
                [
                    672.9599999999999,
                    687.96
                ],
                [
                    676.9920000000001,
                    683.9639999999999
                ],
                [
                    686.976,
                    677.052
                ],
                [
                    690.048,
                    675.972
                ],
                [
                    692.928,
                    672.948
                ],
                [
                    718.08,
                    659.9879999999999
                ],
                [
                    757.0559999999999,
                    644.976
                ],
                [
                    759.9359999999999,
                    644.976
                ],
                [
                    763.0079999999999,
                    643.032
                ],
                [
                    777.024,
                    639.0360000000001
                ],
                [
                    787.968,
                    636.984
                ],
                [
                    798.912,
                    632.9879999999999
                ],
                [
                    820.0319999999999,
                    628.02
                ],
                [
                    829.056,
                    625.968
                ],
                [
                    843.072,
                    624.024
                ],
                [
                    854.976,
                    620.028
                ],
                [
                    859.9680000000001,
                    618.9480000000001
                ],
                [
                    864.96,
                    618.9480000000001
                ],
                [
                    869.952,
                    617.004
                ],
                [
                    874.944,
                    617.004
                ],
                [
                    898.944,
                    610.956
                ],
                [
                    913.92,
                    609.012
                ],
                [
                    927.936,
                    605.0160000000001
                ],
                [
                    937.92,
                    602.964
                ],
                [
                    944.0640000000001,
                    602.964
                ],
                [
                    949.056,
                    601.02
                ],
                [
                    964.0319999999999,
                    598.968
                ],
                [
                    968.064,
                    597.024
                ],
                [
                    977.0880000000001,
                    597.024
                ],
                [
                    993.024,
                    594
                ],
                [
                    1001.088,
                    590.976
                ],
                [
                    1011.0719999999999,
                    589.032
                ],
                [
                    1016.064,
                    589.032
                ],
                [
                    1031.04,
                    585.036
                ],
                [
                    1036.992,
                    585.036
                ],
                [
                    1056,
                    581.0400000000001
                ],
                [
                    1074.048,
                    575.9639999999999
                ],
                [
                    1080,
                    575.9639999999999
                ],
                [
                    1090.944,
                    574.02
                ],
                [
                    1128.96,
                    566.028
                ],
                [
                    1137.024,
                    563.004
                ],
                [
                    1141.056,
                    562.0319999999999
                ],
                [
                    1146.048,
                    562.0319999999999
                ],
                [
                    1162.944,
                    556.956
                ],
                [
                    1172.9279999999999,
                    555.984
                ],
                [
                    1177.92,
                    554.04
                ],
                [
                    1188.096,
                    552.96
                ],
                [
                    1196.9279999999999,
                    543.9960000000001
                ],
                [
                    1199.0400000000002,
                    543.9960000000001
                ],
                [
                    1206.912,
                    548.9639999999999
                ],
                [
                    1211.904,
                    550.044
                ],
                [
                    1217.088,
                    550.044
                ],
                [
                    1228.032,
                    555.0120000000001
                ],
                [
                    1237.056,
                    563.004
                ],
                [
                    1238.9759999999999,
                    566.028
                ],
                [
                    1242.048,
                    574.992
                ],
                [
                    1247.04,
                    585.036
                ],
                [
                    1247.04,
                    587.952
                ],
                [
                    1251.072,
                    596.0519999999999
                ],
                [
                    1254.9119999999998,
                    608.04
                ],
                [
                    1254.9119999999998,
                    612.036
                ],
                [
                    1257.984,
                    616.032
                ],
                [
                    1262.976,
                    631.0440000000001
                ],
                [
                    1267.968,
                    640.98
                ],
                [
                    1268.928,
                    648
                ],
                [
                    1272.96,
                    656.9639999999999
                ],
                [
                    1276.992,
                    662.04
                ],
                [
                    1278.912,
                    667.98
                ],
                [
                    1281.984,
                    671.976
                ],
                [
                    1282.944,
                    675.972
                ],
                [
                    1287.936,
                    682.992
                ],
                [
                    1292.9279999999999,
                    694.9799999999999
                ],
                [
                    1297.92,
                    701.028
                ],
                [
                    1301.952,
                    708.048
                ],
                [
                    1306.944,
                    724.032
                ],
                [
                    1310.9759999999999,
                    741.96
                ],
                [
                    1319.0400000000002,
                    764.964
                ],
                [
                    1328.0639999999999,
                    780.948
                ],
                [
                    1328.0639999999999,
                    787.9680000000001
                ],
                [
                    1335.936,
                    810
                ],
                [
                    1337.088,
                    820.044
                ],
                [
                    1339.9679999999998,
                    824.04
                ],
                [
                    1339.9679999999998,
                    830.952
                ],
                [
                    1343.04,
                    837.972
                ],
                [
                    1342.08,
                    849.96
                ],
                [
                    1344.96,
                    856.0079999999999
                ],
                [
                    1344.96,
                    861.948
                ],
                [
                    1347.0720000000001,
                    864.972
                ],
                [
                    1345.9199999999998,
                    868.968
                ],
                [
                    1347.0720000000001,
                    874.044
                ],
                [
                    1344.96,
                    875.988
                ],
                [
                    1345.9199999999998,
                    883.98
                ],
                [
                    1344.96,
                    901.0440000000001
                ],
                [
                    1347.0720000000001,
                    902.9879999999999
                ],
                [
                    1347.0720000000001,
                    906.984
                ],
                [
                    1344.96,
                    910.98
                ],
                [
                    1344.96,
                    920.052
                ],
                [
                    1348.032,
                    924.048
                ],
                [
                    1350.912,
                    936.0360000000001
                ],
                [
                    1361.088,
                    944.028
                ],
                [
                    1367.04,
                    952.992
                ],
                [
                    1363.008,
                    956.016
                ],
                [
                    1364.9279999999999,
                    975.024
                ],
                [
                    1362.048,
                    979.992
                ],
                [
                    1353.024,
                    986.0400000000001
                ],
                [
                    1348.032,
                    987.0120000000001
                ],
                [
                    1344.96,
                    996.948
                ],
                [
                    1334.0159999999998,
                    1005.048
                ],
                [
                    1309.056,
                    1018.98
                ],
                [
                    1301.952,
                    1025.028
                ],
                [
                    1296.96,
                    1028.052
                ],
                [
                    1295.04,
                    1029.024
                ],
                [
                    1292.9279999999999,
                    1029.024
                ],
                [
                    1276.992,
                    1037.988
                ],
                [
                    1273.92,
                    1041.984
                ],
                [
                    1271.04,
                    1042.956
                ],
                [
                    1262.016,
                    1050.9479999999999
                ],
                [
                    1253.952,
                    1055.052
                ],
                [
                    1247.04,
                    1063.0439999999999
                ],
                [
                    1244.9279999999999,
                    1064.0159999999998
                ],
                [
                    1238.9759999999999,
                    1060.992
                ],
                [
                    1234.944,
                    1060.992
                ],
                [
                    1229.952,
                    1064.988
                ],
                [
                    1225.9199999999998,
                    1067.04
                ],
                [
                    1222.08,
                    1067.04
                ],
                [
                    1217.088,
                    1072.008
                ],
                [
                    1214.0159999999998,
                    1072.008
                ],
                [
                    1209.984,
                    1080
                ],
                [
                    735.9359999999999,
                    1080
                ]
            ]
        }
    ]
}