{
    "IMAGE_INFO": {
        "FILE_NAME": "1001431@0_04002_220906_P1_T3__0202.jpg",
        "DATE": "2022-10-21 15:34:08",
        "RESOLUTION": "1920 x 1080",
        "IMAGE_PHOTOGRAPHER": "이지은",
        "FOCUS_DISTANCE": "5.6",
        "EXPOSURE_TIME": "1/400",
        "SENSITIVITY_ISO": "12800",
        "PLACE": "삼오자원",
        "REGION_NAME": null,
        "Direction": "0",
        "HEIGHT": "100",
        "DAY/NIGHT": "주간",
        "WEATHER": "맑음",
        "IMAGE_HEIGHT": 1080,
        "IMAGE_WIDTH": 1920,
        "IMAGE_SIZE": "512.6 KB"
    },
    "ANNOTATION_INFO": [
        {
            "ID": "1",
            "CLASS": "플라스틱",
            "DETAILS": "PP",
            "DAMAGE": "찌그러짐",
            "DIRTINESS": "오염없음",
            "COVER": "없음",
            "TRANSPARENCY": "불투명",
            "SHAPE": "원형용기형",
            "SHAPE_TYPE": "POLYGON",
            "POINTS": [
                [
                    1358.016,
                    478.008
                ],
                [
                    1338.048,
                    475.95599999999996
                ],
                [
                    1325.952,
                    473.04
                ],
                [
                    1315.0079999999998,
                    469.04400000000004
                ],
                [
                    1291.968,
                    455.004
                ],
                [
                    1280.0639999999999,
                    450.036
                ],
                [
                    1276.032,
                    447.012
                ],
                [
                    1262.976,
                    440.964
                ],
                [
                    1243.968,
                    423.036
                ],
                [
                    1228.992,
                    405
                ],
                [
                    1219.008,
                    388.044
                ],
                [
                    1217.088,
                    381.99600000000004
                ],
                [
                    1214.0159999999998,
                    377.028
                ],
                [
                    1206.912,
                    354.024
                ],
                [
                    1205.952,
                    313.956
                ],
                [
                    1206.912,
                    304.99199999999996
                ],
                [
                    1209.984,
                    293.00399999999996
                ],
                [
                    1219.008,
                    272.052
                ],
                [
                    1224.96,
                    261.036
                ],
                [
                    1228.992,
                    258.012
                ],
                [
                    1229.952,
                    254.016
                ],
                [
                    1233.9840000000002,
                    247.968
                ],
                [
                    1238.9759999999999,
                    243.97199999999998
                ],
                [
                    1238.9759999999999,
                    242.028
                ],
                [
                    1242.048,
                    238.032
                ],
                [
                    1248.96,
                    231.012
                ],
                [
                    1265.0880000000002,
                    218.052
                ],
                [
                    1281.984,
                    208.00799999999998
                ],
                [
                    1302.912,
                    200.016
                ],
                [
                    1310.016,
                    199.04399999999998
                ],
                [
                    1331.904,
                    193.96800000000002
                ],
                [
                    1347.0720000000001,
                    192.024
                ],
                [
                    1366.08,
                    192.024
                ],
                [
                    1381.056,
                    195.048
                ],
                [
                    1406.976,
                    201.96
                ],
                [
                    1414.0800000000002,
                    205.95600000000002
                ],
                [
                    1416.96,
                    205.95600000000002
                ],
                [
                    1441.92,
                    218.052
                ],
                [
                    1462.08,
                    234.036
                ],
                [
                    1478.016,
                    250.992
                ],
                [
                    1492.032,
                    270.97200000000004
                ],
                [
                    1499.904,
                    288.036
                ],
                [
                    1502.016,
                    289.98
                ],
                [
                    1507.968,
                    312.012
                ],
                [
                    1508.928,
                    320.976
                ],
                [
                    1508.928,
                    359.964
                ],
                [
                    1507.008,
                    374.976
                ],
                [
                    1502.976,
                    389.988
                ],
                [
                    1492.032,
                    415.044
                ],
                [
                    1478.016,
                    436.968
                ],
                [
                    1462.08,
                    454.032
                ],
                [
                    1450.944,
                    462.024
                ],
                [
                    1438.08,
                    470.01599999999996
                ],
                [
                    1422.912,
                    475.95599999999996
                ],
                [
                    1419.072,
                    477.036
                ],
                [
                    1388.928,
                    478.008
                ],
                [
                    1358.016,
                    478.008
                ]
            ]
        },
        {
            "ID": "2",
            "CLASS": "플라스틱",
            "DETAILS": "PP",
            "DAMAGE": "찌그러짐",
            "DIRTINESS": "이물질(외부)",
            "COVER": "없음",
            "TRANSPARENCY": "투명",
            "SHAPE": "사각용기형",
            "SHAPE_TYPE": "POLYGON",
            "POINTS": [
                [
                    1454.0159999999998,
                    1080
                ],
                [
                    1453.056,
                    1073.952
                ],
                [
                    1450.944,
                    1071.036
                ],
                [
                    1449.0240000000001,
                    1060.02
                ],
                [
                    1446.912,
                    1053.972
                ],
                [
                    1446.912,
                    1048.0320000000002
                ],
                [
                    1450.944,
                    1034.964
                ],
                [
                    1459.008,
                    1023.9480000000001
                ],
                [
                    1465.9199999999998,
                    1018.98
                ],
                [
                    1468.032,
                    1014.012
                ],
                [
                    1478.016,
                    1003.968
                ],
                [
                    1483.968,
                    996.948
                ],
                [
                    1492.032,
                    990.036
                ],
                [
                    1498.944,
                    982.044
                ],
                [
                    1511.04,
                    969.948
                ],
                [
                    1518.912,
                    964.0079999999999
                ],
                [
                    1526.976,
                    956.016
                ],
                [
                    1531.968,
                    949.9680000000001
                ],
                [
                    1555.0079999999998,
                    930.96
                ],
                [
                    1566.912,
                    918.972
                ],
                [
                    1573.056,
                    914.976
                ],
                [
                    1577.088,
                    910.008
                ],
                [
                    1584,
                    905.04
                ],
                [
                    1593.024,
                    899.964
                ],
                [
                    1599.9360000000001,
                    898.02
                ],
                [
                    1607.04,
                    897.048
                ],
                [
                    1608.96,
                    897.048
                ],
                [
                    1611.072,
                    898.02
                ],
                [
                    1614.9119999999998,
                    898.02
                ],
                [
                    1622.976,
                    899.964
                ],
                [
                    1632.96,
                    906.984
                ],
                [
                    1637.952,
                    911.952
                ],
                [
                    1640.0639999999999,
                    913.032
                ],
                [
                    1656,
                    932.04
                ],
                [
                    1668.096,
                    948.024
                ],
                [
                    1689.0240000000001,
                    972
                ],
                [
                    1693.056,
                    976.968
                ],
                [
                    1695.936,
                    982.044
                ],
                [
                    1708.992,
                    999
                ],
                [
                    1741.056,
                    1036.044
                ],
                [
                    1761.0240000000001,
                    1056.996
                ],
                [
                    1771.008,
                    1068.984
                ],
                [
                    1776.96,
                    1080
                ],
                [
                    1454.0159999999998,
                    1080
                ]
            ]
        },
        {
            "ID": "3",
            "CLASS": "플라스틱",
            "DETAILS": "PP",
            "DAMAGE": "원형",
            "DIRTINESS": "오염없음",
            "COVER": "없음",
            "TRANSPARENCY": "불투명",
            "SHAPE": "스프레이용기형",
            "SHAPE_TYPE": "POLYGON",
            "POINTS": [
                [
                    1555.968,
                    317.952
                ],
                [
                    1549.056,
                    316.97999999999996
                ],
                [
                    1540.992,
                    309.96
                ],
                [
                    1536,
                    284.04
                ],
                [
                    1536,
                    274.968
                ],
                [
                    1539.072,
                    269.02799999999996
                ],
                [
                    1544.064,
                    263.952
                ],
                [
                    1549.056,
                    261.036
                ],
                [
                    1554.048,
                    259.956
                ],
                [
                    1561.92,
                    250.992
                ],
                [
                    1561.92,
                    223.992
                ],
                [
                    1571.904,
                    212.976
                ],
                [
                    1578.048,
                    199.04399999999998
                ],
                [
                    1580.928,
                    181.008
                ],
                [
                    1579.9679999999998,
                    166.968
                ],
                [
                    1582.08,
                    146.988
                ],
                [
                    1575.936,
                    122.04
                ],
                [
                    1569.0240000000001,
                    115.99199999999999
                ],
                [
                    1559.0400000000002,
                    114.048
                ],
                [
                    1555.968,
                    111.996
                ],
                [
                    1545.9840000000002,
                    110.052
                ],
                [
                    1535.04,
                    105.94800000000001
                ],
                [
                    1526.976,
                    100.008
                ],
                [
                    1521.0240000000001,
                    92.01599999999999
                ],
                [
                    1512,
                    0
                ],
                [
                    1746.048,
                    0
                ],
                [
                    1745.0880000000002,
                    80.028
                ],
                [
                    1742.976,
                    89.964
                ],
                [
                    1733.952,
                    100.008
                ],
                [
                    1723.008,
                    105.94800000000001
                ],
                [
                    1708.992,
                    108
                ],
                [
                    1705.9199999999998,
                    111.996
                ],
                [
                    1699.9679999999998,
                    111.024
                ],
                [
                    1694.0159999999998,
                    114.048
                ],
                [
                    1693.056,
                    123.984
                ],
                [
                    1697.088,
                    139.968
                ],
                [
                    1697.088,
                    150.984
                ],
                [
                    1699.9679999999998,
                    158.976
                ],
                [
                    1699.9679999999998,
                    193.96800000000002
                ],
                [
                    1698.048,
                    201.96
                ],
                [
                    1689.984,
                    212.004
                ],
                [
                    1689.984,
                    216
                ],
                [
                    1684.9920000000002,
                    219.99599999999998
                ],
                [
                    1685.952,
                    239.004
                ],
                [
                    1680,
                    250.992
                ],
                [
                    1681.92,
                    272.052
                ],
                [
                    1679.0400000000002,
                    288.036
                ],
                [
                    1674.048,
                    292.032
                ],
                [
                    1662.912,
                    293.00399999999996
                ],
                [
                    1651.008,
                    297
                ],
                [
                    1632.96,
                    299.05199999999996
                ],
                [
                    1630.08,
                    301.968
                ],
                [
                    1617.024,
                    308.016
                ],
                [
                    1603.008,
                    312.012
                ],
                [
                    1593.024,
                    312.984
                ],
                [
                    1584,
                    316.97999999999996
                ],
                [
                    1555.968,
                    317.952
                ]
            ]
        }
    ]
}