{
    "IMAGE_INFO": {
        "FILE_NAME": "1001472@0_04002_220906_P1_T3__0256.jpg",
        "DATE": "2022-10-21 15:34:18",
        "RESOLUTION": "1920 x 1080",
        "IMAGE_PHOTOGRAPHER": "이지은",
        "FOCUS_DISTANCE": "5.6",
        "EXPOSURE_TIME": "1/400",
        "SENSITIVITY_ISO": "12800",
        "PLACE": "삼오자원",
        "REGION_NAME": null,
        "Direction": "0",
        "HEIGHT": "100",
        "DAY/NIGHT": "주간",
        "WEATHER": "맑음",
        "IMAGE_HEIGHT": 1080,
        "IMAGE_WIDTH": 1920,
        "IMAGE_SIZE": "598.8 KB"
    },
    "ANNOTATION_INFO": [
        {
            "ID": "1",
            "CLASS": "플라스틱",
            "DETAILS": "PP",
            "DAMAGE": "찌그러짐",
            "DIRTINESS": "이물질(외부)",
            "COVER": "없음",
            "TRANSPARENCY": "불투명",
            "SHAPE": "사각용기형",
            "SHAPE_TYPE": "POLYGON",
            "POINTS": [
                [
                    638.976,
                    331.992
                ],
                [
                    627.072,
                    330.048
                ],
                [
                    623.04,
                    327.99600000000004
                ],
                [
                    609.9839999999999,
                    327.99600000000004
                ],
                [
                    595.008,
                    320.976
                ],
                [
                    566.976,
                    316.00800000000004
                ],
                [
                    557.952,
                    309.96
                ],
                [
                    547.968,
                    309.96
                ],
                [
                    532.9920000000001,
                    304.99199999999996
                ],
                [
                    518.976,
                    303.048
                ],
                [
                    508.992,
                    299.05199999999996
                ],
                [
                    504,
                    299.05199999999996
                ],
                [
                    494.97599999999994,
                    292.032
                ],
                [
                    485.952,
                    289.98
                ],
                [
                    481.92,
                    285.984
                ],
                [
                    476.928,
                    284.04
                ],
                [
                    471.936,
                    280.044
                ],
                [
                    470.976,
                    276.048
                ],
                [
                    462.91200000000003,
                    266.976
                ],
                [
                    456.96,
                    262.00800000000004
                ],
                [
                    442.94399999999996,
                    254.016
                ],
                [
                    436.032,
                    246.99599999999998
                ],
                [
                    435.072,
                    239.976
                ],
                [
                    441.024,
                    231.98399999999998
                ],
                [
                    441.024,
                    219.99599999999998
                ],
                [
                    444.096,
                    213.948
                ],
                [
                    446.016,
                    199.04399999999998
                ],
                [
                    449.08799999999997,
                    196.99200000000002
                ],
                [
                    455.03999999999996,
                    180.03599999999997
                ],
                [
                    461.952,
                    173.01600000000002
                ],
                [
                    461.952,
                    169.99200000000002
                ],
                [
                    466.944,
                    165.996
                ],
                [
                    467.904,
                    161.02800000000002
                ],
                [
                    476.928,
                    147.96
                ],
                [
                    478.08,
                    141.048
                ],
                [
                    480.96,
                    139.968
                ],
                [
                    481.92,
                    134.028
                ],
                [
                    486.912,
                    128.952
                ],
                [
                    488.06399999999996,
                    123.012
                ],
                [
                    490.94399999999996,
                    122.04
                ],
                [
                    491.904,
                    116.964
                ],
                [
                    497.088,
                    111.996
                ],
                [
                    512.064,
                    84.99600000000001
                ],
                [
                    518.016,
                    77.976
                ],
                [
                    521.088,
                    76.03200000000001
                ],
                [
                    542.976,
                    74.952
                ],
                [
                    556.032,
                    74.952
                ],
                [
                    562.9440000000001,
                    76.03200000000001
                ],
                [
                    603.072,
                    92.988
                ],
                [
                    613.0559999999999,
                    95.03999999999999
                ],
                [
                    624,
                    100.98
                ],
                [
                    637.0559999999999,
                    104.976
                ],
                [
                    666.048,
                    119.016
                ],
                [
                    678.912,
                    123.012
                ],
                [
                    687.936,
                    130.03199999999998
                ],
                [
                    702.9119999999999,
                    147.96
                ],
                [
                    702.9119999999999,
                    164.05200000000002
                ],
                [
                    697.92,
                    185.976
                ],
                [
                    700.0319999999999,
                    192.024
                ],
                [
                    706.9440000000001,
                    201.96
                ],
                [
                    706.9440000000001,
                    216
                ],
                [
                    702.9119999999999,
                    227.016
                ],
                [
                    699.072,
                    231.98399999999998
                ],
                [
                    696,
                    240.94799999999998
                ],
                [
                    696,
                    247.968
                ],
                [
                    690.048,
                    257.03999999999996
                ],
                [
                    684.096,
                    280.044
                ],
                [
                    680.0640000000001,
                    282.96000000000004
                ],
                [
                    678.912,
                    289.98
                ],
                [
                    666.048,
                    313.956
                ],
                [
                    657.024,
                    326.052
                ],
                [
                    651.072,
                    330.048
                ],
                [
                    638.976,
                    331.992
                ]
            ]
        },
        {
            "ID": "2",
            "CLASS": "플라스틱",
            "DETAILS": "PP",
            "DAMAGE": "찌그러짐",
            "DIRTINESS": "이물질(외부)",
            "COVER": "없음",
            "TRANSPARENCY": "불투명",
            "SHAPE": "사각용기형",
            "SHAPE_TYPE": "POLYGON",
            "POINTS": [
                [
                    1458.048,
                    1080
                ],
                [
                    1457.088,
                    1032.048
                ],
                [
                    1459.9679999999998,
                    1022.004
                ],
                [
                    1460.928,
                    1003.968
                ],
                [
                    1465.9199999999998,
                    995.004
                ],
                [
                    1467.0720000000001,
                    983.988
                ],
                [
                    1470.912,
                    978.048
                ],
                [
                    1473.024,
                    971.028
                ],
                [
                    1477.056,
                    965.952
                ],
                [
                    1477.056,
                    963.0360000000001
                ],
                [
                    1494.9119999999998,
                    940.0319999999999
                ],
                [
                    1494.9119999999998,
                    937.98
                ],
                [
                    1498.944,
                    933.984
                ],
                [
                    1501.056,
                    929.016
                ],
                [
                    1503.936,
                    928.044
                ],
                [
                    1506.048,
                    924.048
                ],
                [
                    1506.048,
                    921.024
                ],
                [
                    1497.984,
                    920.052
                ],
                [
                    1498.944,
                    914.976
                ],
                [
                    1502.016,
                    911.952
                ],
                [
                    1507.968,
                    910.98
                ],
                [
                    1515.0720000000001,
                    906.984
                ],
                [
                    1516.992,
                    903.9599999999999
                ],
                [
                    1531.008,
                    895.968
                ],
                [
                    1540.992,
                    894.996
                ],
                [
                    1542.912,
                    897.048
                ],
                [
                    1544.064,
                    894.996
                ],
                [
                    1550.016,
                    894.024
                ],
                [
                    1551.9360000000001,
                    891
                ],
                [
                    1554.048,
                    891
                ],
                [
                    1560,
                    887.976
                ],
                [
                    1568.0639999999999,
                    887.976
                ],
                [
                    1574.976,
                    884.952
                ],
                [
                    1578.048,
                    884.952
                ],
                [
                    1580.928,
                    883.008
                ],
                [
                    1584,
                    883.008
                ],
                [
                    1593.9840000000002,
                    879.9839999999999
                ],
                [
                    1638.912,
                    875.988
                ],
                [
                    1659.072,
                    875.988
                ],
                [
                    1674.048,
                    879.012
                ],
                [
                    1699.9679999999998,
                    887.976
                ],
                [
                    1714.944,
                    891.972
                ],
                [
                    1734.9119999999998,
                    902.9879999999999
                ],
                [
                    1766.0159999999998,
                    925.0200000000001
                ],
                [
                    1772.9279999999999,
                    933.984
                ],
                [
                    1776.96,
                    937.008
                ],
                [
                    1779.072,
                    941.0039999999999
                ],
                [
                    1789.056,
                    949.9680000000001
                ],
                [
                    1790.016,
                    955.044
                ],
                [
                    1795.968,
                    960.0120000000001
                ],
                [
                    1800.9599999999998,
                    965.952
                ],
                [
                    1801.92,
                    971.028
                ],
                [
                    1808.0639999999999,
                    975.996
                ],
                [
                    1809.0240000000001,
                    982.044
                ],
                [
                    1814.0159999999998,
                    987.0120000000001
                ],
                [
                    1819.9679999999998,
                    999
                ],
                [
                    1819.9679999999998,
                    1002.996
                ],
                [
                    1827.0720000000001,
                    1018.98
                ],
                [
                    1828.032,
                    1034.964
                ],
                [
                    1824,
                    1060.992
                ],
                [
                    1820.928,
                    1067.04
                ],
                [
                    1820.928,
                    1080
                ],
                [
                    1458.048,
                    1080
                ]
            ]
        },
        {
            "ID": "3",
            "CLASS": "플라스틱",
            "DETAILS": "PP",
            "DAMAGE": "원형",
            "DIRTINESS": "이물질(외부)",
            "COVER": "없음",
            "TRANSPARENCY": "불투명",
            "SHAPE": "스프레이용기형",
            "SHAPE_TYPE": "POLYGON",
            "POINTS": [
                [
                    345.984,
                    1080
                ],
                [
                    345.984,
                    1068.012
                ],
                [
                    350.01599999999996,
                    1064.0159999999998
                ],
                [
                    354.048,
                    1049.9759999999999
                ],
                [
                    360.96,
                    1041.012
                ],
                [
                    360.96,
                    1036.044
                ],
                [
                    370.944,
                    1015.956
                ],
                [
                    378.048,
                    1009.044
                ],
                [
                    379.96799999999996,
                    995.976
                ],
                [
                    385.92,
                    987.9839999999999
                ],
                [
                    388.032,
                    979.02
                ],
                [
                    393.024,
                    975.024
                ],
                [
                    394.94399999999996,
                    965.952
                ],
                [
                    416.064,
                    932.04
                ],
                [
                    420.096,
                    920.052
                ],
                [
                    460.992,
                    847.044
                ],
                [
                    469.056,
                    825.984
                ],
                [
                    518.016,
                    740.0160000000001
                ],
                [
                    531.072,
                    725.976
                ],
                [
                    542.016,
                    718.9559999999999
                ],
                [
                    562.9440000000001,
                    709.992
                ],
                [
                    586.9440000000001,
                    702.972
                ],
                [
                    619.008,
                    689.04
                ],
                [
                    651.072,
                    662.04
                ],
                [
                    673.92,
                    624.996
                ],
                [
                    676.032,
                    616.032
                ],
                [
                    700.0319999999999,
                    577.044
                ],
                [
                    701.952,
                    563.004
                ],
                [
                    692.928,
                    555.0120000000001
                ],
                [
                    680.0640000000001,
                    550.044
                ],
                [
                    658.944,
                    537.948
                ],
                [
                    652.9920000000001,
                    527.04
                ],
                [
                    652.9920000000001,
                    516.024
                ],
                [
                    658.944,
                    505.98
                ],
                [
                    685.056,
                    486
                ],
                [
                    711.936,
                    474.98400000000004
                ],
                [
                    745.9200000000001,
                    466.992
                ],
                [
                    761.088,
                    466.992
                ],
                [
                    768,
                    467.964
                ],
                [
                    840,
                    500.04
                ],
                [
                    897.984,
                    523.044
                ],
                [
                    934.0799999999999,
                    547.02
                ],
                [
                    936,
                    556.956
                ],
                [
                    927.936,
                    582.0120000000001
                ],
                [
                    922.9440000000001,
                    586.0079999999999
                ],
                [
                    918.912,
                    586.98
                ],
                [
                    907.968,
                    586.0079999999999
                ],
                [
                    896.064,
                    579.96
                ],
                [
                    884.928,
                    579.96
                ],
                [
                    875.904,
                    589.032
                ],
                [
                    868.032,
                    616.032
                ],
                [
                    865.9200000000001,
                    648
                ],
                [
                    868.032,
                    672.948
                ],
                [
                    859.008,
                    678.024
                ],
                [
                    850.944,
                    667.008
                ],
                [
                    840,
                    636.984
                ],
                [
                    838.08,
                    596.0519999999999
                ],
                [
                    835.9680000000001,
                    593.028
                ],
                [
                    826.9440000000001,
                    586.98
                ],
                [
                    815.04,
                    586.0079999999999
                ],
                [
                    807.936,
                    586.98
                ],
                [
                    804.096,
                    586.0079999999999
                ],
                [
                    800.0640000000001,
                    579.96
                ],
                [
                    795.072,
                    582.0120000000001
                ],
                [
                    792.9599999999999,
                    596.0519999999999
                ],
                [
                    788.928,
                    601.992
                ],
                [
                    785.088,
                    618.9480000000001
                ],
                [
                    777.984,
                    629.964
                ],
                [
                    769.9200000000001,
                    656.9639999999999
                ],
                [
                    763.0079999999999,
                    685.044
                ],
                [
                    763.0079999999999,
                    702.972
                ],
                [
                    758.976,
                    718.9559999999999
                ],
                [
                    761.088,
                    729.972
                ],
                [
                    758.976,
                    731.0519999999999
                ],
                [
                    757.0559999999999,
                    744.012
                ],
                [
                    761.088,
                    755.028
                ],
                [
                    758.976,
                    771.984
                ],
                [
                    766.08,
                    814.9680000000001
                ],
                [
                    766.08,
                    879.012
                ],
                [
                    763.0079999999999,
                    891.972
                ],
                [
                    731.904,
                    976.968
                ],
                [
                    705.984,
                    1018.008
                ],
                [
                    700.0319999999999,
                    1033.992
                ],
                [
                    692.928,
                    1041.012
                ],
                [
                    676.032,
                    1080
                ],
                [
                    345.984,
                    1080
                ]
            ]
        },
        {
            "ID": "4",
            "CLASS": "플라스틱",
            "DETAILS": "PP",
            "DAMAGE": "원형",
            "DIRTINESS": "이물질(내부)",
            "COVER": "없음",
            "TRANSPARENCY": "투명",
            "SHAPE": "사각용기형",
            "SHAPE_TYPE": "POLYGON",
            "POINTS": [
                [
                    1704,
                    732.024
                ],
                [
                    1680,
                    729.972
                ],
                [
                    1671.9360000000001,
                    726.948
                ],
                [
                    1651.008,
                    722.952
                ],
                [
                    1645.056,
                    722.952
                ],
                [
                    1642.944,
                    725.004
                ],
                [
                    1635.0720000000001,
                    725.004
                ],
                [
                    1617.024,
                    720.036
                ],
                [
                    1602.048,
                    704.052
                ],
                [
                    1602.048,
                    698.004
                ],
                [
                    1593.9840000000002,
                    689.04
                ],
                [
                    1593.9840000000002,
                    682.02
                ],
                [
                    1574.0159999999998,
                    666.0360000000001
                ],
                [
                    1560,
                    643.032
                ],
                [
                    1554.048,
                    637.956
                ],
                [
                    1548.096,
                    628.9920000000001
                ],
                [
                    1540.992,
                    609.012
                ],
                [
                    1536.96,
                    606.96
                ],
                [
                    1531.008,
                    597.996
                ],
                [
                    1522.944,
                    593.028
                ],
                [
                    1522.944,
                    590.004
                ],
                [
                    1492.992,
                    558.0360000000001
                ],
                [
                    1482.048,
                    540
                ],
                [
                    1468.032,
                    524.0160000000001
                ],
                [
                    1462.08,
                    509.004
                ],
                [
                    1449.984,
                    492.048
                ],
                [
                    1435.968,
                    462.99600000000004
                ],
                [
                    1435.968,
                    451.00800000000004
                ],
                [
                    1440,
                    443.988
                ],
                [
                    1440,
                    420.012
                ],
                [
                    1434.048,
                    397.008
                ],
                [
                    1430.9759999999999,
                    313.956
                ],
                [
                    1438.08,
                    297
                ],
                [
                    1465.9199999999998,
                    276.048
                ],
                [
                    1494.9119999999998,
                    249.048
                ],
                [
                    1515.0720000000001,
                    239.004
                ],
                [
                    1521.0240000000001,
                    232.95600000000002
                ],
                [
                    1542.912,
                    223.01999999999998
                ],
                [
                    1569.984,
                    203.04
                ],
                [
                    1602.048,
                    186.948
                ],
                [
                    1612.992,
                    176.04000000000002
                ],
                [
                    1625.0880000000002,
                    154.98
                ],
                [
                    1638.912,
                    142.02
                ],
                [
                    1649.088,
                    142.02
                ],
                [
                    1671.9360000000001,
                    131.976
                ],
                [
                    1688.0639999999999,
                    120.96000000000001
                ],
                [
                    1721.088,
                    104.976
                ],
                [
                    1748.928,
                    100.008
                ],
                [
                    1762.944,
                    100.008
                ],
                [
                    1765.056,
                    97.956
                ],
                [
                    1776.96,
                    97.956
                ],
                [
                    1809.984,
                    104.976
                ],
                [
                    1832.064,
                    111.996
                ],
                [
                    1851.072,
                    124.956
                ],
                [
                    1862.976,
                    135
                ],
                [
                    1882.944,
                    169.02
                ],
                [
                    1905.9840000000002,
                    193.96800000000002
                ],
                [
                    1910.016,
                    200.988
                ],
                [
                    1920,
                    208.00799999999998
                ],
                [
                    1920,
                    647.028
                ],
                [
                    1885.056,
                    672.948
                ],
                [
                    1872.96,
                    677.052
                ],
                [
                    1868.928,
                    679.9680000000001
                ],
                [
                    1848.96,
                    686.016
                ],
                [
                    1818.048,
                    704.052
                ],
                [
                    1804.032,
                    706.968
                ],
                [
                    1794.048,
                    712.044
                ],
                [
                    1784.064,
                    720.036
                ],
                [
                    1752.96,
                    729.972
                ],
                [
                    1724.9279999999999,
                    729
                ],
                [
                    1712.064,
                    732.024
                ],
                [
                    1704,
                    732.024
                ]
            ]
        },
        {
            "ID": "5",
            "CLASS": "플라스틱",
            "DETAILS": "PP",
            "DAMAGE": "찌그러짐",
            "DIRTINESS": "이물질(외부)",
            "COVER": "겹침",
            "TRANSPARENCY": "불투명",
            "SHAPE": "원형용기형",
            "SHAPE_TYPE": "POLYGON",
            "POINTS": [
                [
                    526.08,
                    544.9680000000001
                ],
                [
                    512.064,
                    543.9960000000001
                ],
                [
                    497.088,
                    540
                ],
                [
                    483.072,
                    539.028
                ],
                [
                    452.928,
                    528.0120000000001
                ],
                [
                    428.928,
                    515.052
                ],
                [
                    394.94399999999996,
                    486.97200000000004
                ],
                [
                    393.984,
                    482.976
                ],
                [
                    388.992,
                    479.952
                ],
                [
                    380.928,
                    467.964
                ],
                [
                    375.936,
                    463.96799999999996
                ],
                [
                    374.976,
                    459
                ],
                [
                    370.944,
                    456.948
                ],
                [
                    363.072,
                    443.988
                ],
                [
                    361.92,
                    436.968
                ],
                [
                    356.928,
                    431.028
                ],
                [
                    349.056,
                    411.048
                ],
                [
                    347.904,
                    400.032
                ],
                [
                    344.064,
                    394.956
                ],
                [
                    340.03200000000004,
                    359.964
                ],
                [
                    342.91200000000003,
                    312.012
                ],
                [
                    349.056,
                    289.98
                ],
                [
                    355.968,
                    278.964
                ],
                [
                    356.928,
                    270.97200000000004
                ],
                [
                    361.92,
                    265.032
                ],
                [
                    363.072,
                    258.012
                ],
                [
                    368.064,
                    249.048
                ],
                [
                    374.976,
                    242.028
                ],
                [
                    375.936,
                    236.95200000000003
                ],
                [
                    380.928,
                    234.036
                ],
                [
                    380.928,
                    231.012
                ],
                [
                    385.92,
                    227.988
                ],
                [
                    394.94399999999996,
                    216
                ],
                [
                    422.01599999999996,
                    193.96800000000002
                ],
                [
                    446.016,
                    178.956
                ],
                [
                    452.928,
                    177.984
                ],
                [
                    454.08,
                    186.948
                ],
                [
                    454.08,
                    204.984
                ],
                [
                    445.05600000000004,
                    231.012
                ],
                [
                    446.016,
                    249.048
                ],
                [
                    450.048,
                    257.03999999999996
                ],
                [
                    461.952,
                    266.00399999999996
                ],
                [
                    480.96,
                    289.008
                ],
                [
                    497.088,
                    297.972
                ],
                [
                    507.072,
                    296.028
                ],
                [
                    518.016,
                    300.996
                ],
                [
                    526.08,
                    301.968
                ],
                [
                    532.032,
                    305.964
                ],
                [
                    547.968,
                    308.016
                ],
                [
                    560.0640000000001,
                    313.956
                ],
                [
                    562.9440000000001,
                    313.956
                ],
                [
                    566.016,
                    317.952
                ],
                [
                    576.96,
                    319.032
                ],
                [
                    595.9680000000001,
                    327.99600000000004
                ],
                [
                    614.016,
                    332.964
                ],
                [
                    628.032,
                    332.964
                ],
                [
                    638.016,
                    330.048
                ],
                [
                    642.048,
                    324.972
                ],
                [
                    646.08,
                    324.972
                ],
                [
                    649.9200000000001,
                    327.99600000000004
                ],
                [
                    653.952,
                    327.024
                ],
                [
                    660.096,
                    321.948
                ],
                [
                    662.976,
                    313.956
                ],
                [
                    667.968,
                    309.96
                ],
                [
                    676.032,
                    293.976
                ],
                [
                    676.9920000000001,
                    284.04
                ],
                [
                    681.024,
                    281.01599999999996
                ],
                [
                    684.096,
                    266.976
                ],
                [
                    695.04,
                    246.99599999999998
                ],
                [
                    702.9119999999999,
                    251.964
                ],
                [
                    719.04,
                    288.036
                ],
                [
                    724.0319999999999,
                    308.016
                ],
                [
                    724.992,
                    321.948
                ],
                [
                    724.0319999999999,
                    380.05199999999996
                ],
                [
                    716.928,
                    396.036
                ],
                [
                    715.9680000000001,
                    409.968
                ],
                [
                    711.936,
                    412.992
                ],
                [
                    710.976,
                    423.036
                ],
                [
                    702.9119999999999,
                    443.988
                ],
                [
                    676.9920000000001,
                    479.952
                ],
                [
                    638.016,
                    515.052
                ],
                [
                    629.952,
                    520.02
                ],
                [
                    600.96,
                    532.98
                ],
                [
                    582.9119999999999,
                    539.028
                ],
                [
                    560.0640000000001,
                    543.9960000000001
                ],
                [
                    526.08,
                    544.9680000000001
                ]
            ]
        }
    ]
}