{
    "IMAGE_INFO": {
        "FILE_NAME": "1001560@0_04002_220906_P1_T3__1042.jpg",
        "DATE": "2022-10-21 15:36:26",
        "RESOLUTION": "1920 x 1080",
        "IMAGE_PHOTOGRAPHER": "이지은",
        "FOCUS_DISTANCE": "5.6",
        "EXPOSURE_TIME": "1/400",
        "SENSITIVITY_ISO": "12800",
        "PLACE": "삼오자원",
        "REGION_NAME": null,
        "Direction": "0",
        "HEIGHT": "100",
        "DAY/NIGHT": "주간",
        "WEATHER": "맑음",
        "IMAGE_HEIGHT": 1080,
        "IMAGE_WIDTH": 1920,
        "IMAGE_SIZE": "655.8 KB"
    },
    "ANNOTATION_INFO": [
        {
            "ID": "1",
            "CLASS": "플라스틱",
            "DETAILS": "PP",
            "DAMAGE": "찌그러짐",
            "DIRTINESS": "오염없음",
            "COVER": "없음",
            "TRANSPARENCY": "투명",
            "SHAPE": "기타 형태",
            "SHAPE_TYPE": "POLYGON",
            "POINTS": [
                [
                    1636.032,
                    546.048
                ],
                [
                    1588.032,
                    529.956
                ],
                [
                    1571.904,
                    516.996
                ],
                [
                    1570.944,
                    513
                ],
                [
                    1571.904,
                    506.952
                ],
                [
                    1578.048,
                    501.984
                ],
                [
                    1585.9199999999998,
                    486
                ],
                [
                    1594.944,
                    443.988
                ],
                [
                    1608.96,
                    424.008
                ],
                [
                    1611.072,
                    412.02
                ],
                [
                    1614.9119999999998,
                    405.97200000000004
                ],
                [
                    1617.984,
                    382.968
                ],
                [
                    1632,
                    365.04
                ],
                [
                    1638.912,
                    324
                ],
                [
                    1646.976,
                    316.97999999999996
                ],
                [
                    1660.0320000000002,
                    312.012
                ],
                [
                    1689.0240000000001,
                    311.03999999999996
                ],
                [
                    1719.9360000000001,
                    303.048
                ],
                [
                    1734.9119999999998,
                    296.028
                ],
                [
                    1809.0240000000001,
                    290.952
                ],
                [
                    1823.04,
                    293.00399999999996
                ],
                [
                    1824.96,
                    290.952
                ],
                [
                    1832.064,
                    290.952
                ],
                [
                    1842.048,
                    288.036
                ],
                [
                    1851.072,
                    281.01599999999996
                ],
                [
                    1867.968,
                    273.996
                ],
                [
                    1880.0639999999999,
                    273.996
                ],
                [
                    1886.0159999999998,
                    277.992
                ],
                [
                    1920,
                    285.984
                ],
                [
                    1920,
                    407.052
                ],
                [
                    1906.944,
                    402.948
                ],
                [
                    1895.04,
                    404.02799999999996
                ],
                [
                    1886.0159999999998,
                    408.996
                ],
                [
                    1865.0880000000002,
                    424.008
                ],
                [
                    1851.072,
                    438.048
                ],
                [
                    1851.072,
                    443.016
                ],
                [
                    1838.016,
                    455.976
                ],
                [
                    1829.952,
                    473.04
                ],
                [
                    1817.088,
                    478.98
                ],
                [
                    1813.056,
                    483.948
                ],
                [
                    1795.968,
                    493.99199999999996
                ],
                [
                    1761.984,
                    497.016
                ],
                [
                    1731.072,
                    515.052
                ],
                [
                    1689.0240000000001,
                    532.98
                ],
                [
                    1679.0400000000002,
                    540.972
                ],
                [
                    1671.9360000000001,
                    542.052
                ],
                [
                    1664.064,
                    546.048
                ]
            ]
        },
        {
            "ID": "2",
            "CLASS": "플라스틱",
            "DETAILS": "PP",
            "DAMAGE": "원형",
            "DIRTINESS": "오염없음",
            "COVER": "없음",
            "TRANSPARENCY": "불투명",
            "SHAPE": "원형용기형",
            "SHAPE_TYPE": "POLYGON",
            "POINTS": [
                [
                    337.91999999999996,
                    795.96
                ],
                [
                    327.93600000000004,
                    794.9879999999999
                ],
                [
                    307.96799999999996,
                    789.048
                ],
                [
                    279.93600000000004,
                    776.952
                ],
                [
                    258.048,
                    759.996
                ],
                [
                    234.048,
                    735.048
                ],
                [
                    220.03199999999998,
                    713.988
                ],
                [
                    207.93599999999998,
                    683.9639999999999
                ],
                [
                    203.904,
                    632.9879999999999
                ],
                [
                    207.93599999999998,
                    609.012
                ],
                [
                    220.03199999999998,
                    574.02
                ],
                [
                    249.984,
                    533.952
                ],
                [
                    267.072,
                    520.02
                ],
                [
                    291.072,
                    505.98
                ],
                [
                    324.096,
                    493.99199999999996
                ],
                [
                    340.03200000000004,
                    489.996
                ],
                [
                    354.048,
                    489.024
                ],
                [
                    385.92,
                    489.024
                ],
                [
                    393.984,
                    489.996
                ],
                [
                    404.928,
                    494.964
                ],
                [
                    417.024,
                    496.044
                ],
                [
                    456,
                    513
                ],
                [
                    474.048,
                    528.0120000000001
                ],
                [
                    499.968,
                    555.984
                ],
                [
                    513.024,
                    579.96
                ],
                [
                    523.968,
                    608.04
                ],
                [
                    528,
                    632.9879999999999
                ],
                [
                    524.928,
                    668.952
                ],
                [
                    518.016,
                    694.0079999999999
                ],
                [
                    499.968,
                    729
                ],
                [
                    467.904,
                    759.996
                ],
                [
                    459.072,
                    764.964
                ],
                [
                    451.968,
                    764.964
                ],
                [
                    441.984,
                    762.048
                ],
                [
                    426.048,
                    762.048
                ],
                [
                    411.072,
                    766.0440000000001
                ],
                [
                    398.976,
                    775.98
                ],
                [
                    392.06399999999996,
                    794.9879999999999
                ]
            ]
        },
        {
            "ID": "3",
            "CLASS": "플라스틱",
            "DETAILS": "PP",
            "DAMAGE": "찌그러짐",
            "DIRTINESS": "오염없음",
            "COVER": "없음",
            "TRANSPARENCY": "불투명",
            "SHAPE": "원형용기형",
            "SHAPE_TYPE": "POLYGON",
            "POINTS": [
                [
                    1345.9199999999998,
                    891.972
                ],
                [
                    1334.976,
                    890.028
                ],
                [
                    1310.9759999999999,
                    875.988
                ],
                [
                    1292.9279999999999,
                    867.996
                ],
                [
                    1277.952,
                    867.024
                ],
                [
                    1272,
                    844.02
                ],
                [
                    1272,
                    806.0039999999999
                ],
                [
                    1273.92,
                    802.008
                ],
                [
                    1283.904,
                    799.956
                ],
                [
                    1328.0639999999999,
                    771.984
                ],
                [
                    1338.048,
                    770.04
                ],
                [
                    1345.9199999999998,
                    764.964
                ],
                [
                    1371.072,
                    762.048
                ],
                [
                    1383.936,
                    763.9920000000001
                ],
                [
                    1406.976,
                    758.052
                ],
                [
                    1458.048,
                    759.024
                ],
                [
                    1478.016,
                    759.024
                ],
                [
                    1483.968,
                    771.012
                ],
                [
                    1486.08,
                    860.976
                ],
                [
                    1482.048,
                    878.04
                ],
                [
                    1472.064,
                    879.012
                ],
                [
                    1458.048,
                    883.98
                ],
                [
                    1436.9279999999999,
                    883.98
                ],
                [
                    1417.92,
                    887.976
                ],
                [
                    1395.0720000000001,
                    890.028
                ],
                [
                    1382.976,
                    887.976
                ]
            ]
        },
        {
            "ID": "4",
            "CLASS": "플라스틱",
            "DETAILS": "PP",
            "DAMAGE": "원형",
            "DIRTINESS": "이물질(내부)",
            "COVER": "없음",
            "TRANSPARENCY": "투명",
            "SHAPE": "사각용기형",
            "SHAPE_TYPE": "POLYGON",
            "POINTS": [
                [
                    379.96799999999996,
                    1080
                ],
                [
                    382.08000000000004,
                    1073.952
                ],
                [
                    388.992,
                    1073.952
                ],
                [
                    393.024,
                    1068.984
                ],
                [
                    394.94399999999996,
                    1049.0040000000001
                ],
                [
                    398.976,
                    1037.016
                ],
                [
                    398.976,
                    1030.968
                ],
                [
                    402.048,
                    1028.052
                ],
                [
                    404.928,
                    1022.976
                ],
                [
                    406.08,
                    1018.008
                ],
                [
                    411.072,
                    1010.988
                ],
                [
                    412.03200000000004,
                    1006.02
                ],
                [
                    414.912,
                    1002.024
                ],
                [
                    417.024,
                    995.976
                ],
                [
                    421.056,
                    990.036
                ],
                [
                    425.088,
                    986.0400000000001
                ],
                [
                    426.048,
                    978.048
                ],
                [
                    427.96799999999996,
                    972
                ],
                [
                    431.04,
                    967.0319999999999
                ],
                [
                    433.92,
                    964.0079999999999
                ],
                [
                    435.072,
                    960.0120000000001
                ],
                [
                    440.06399999999996,
                    955.044
                ],
                [
                    438.912,
                    951.048
                ],
                [
                    441.984,
                    948.024
                ],
                [
                    441.984,
                    945.972
                ],
                [
                    437.952,
                    941.0039999999999
                ],
                [
                    440.06399999999996,
                    937.98
                ],
                [
                    441.024,
                    933.984
                ],
                [
                    444.096,
                    929.016
                ],
                [
                    450.048,
                    926.9639999999999
                ],
                [
                    451.968,
                    925.0200000000001
                ],
                [
                    456,
                    918
                ],
                [
                    456,
                    914.976
                ],
                [
                    459.072,
                    910.98
                ],
                [
                    471.936,
                    879.9839999999999
                ],
                [
                    475.00800000000004,
                    875.988
                ],
                [
                    480,
                    866.0519999999999
                ],
                [
                    481.92,
                    859.032
                ],
                [
                    484.99199999999996,
                    852.9839999999999
                ],
                [
                    486.912,
                    851.0400000000001
                ],
                [
                    489.02399999999994,
                    844.992
                ],
                [
                    491.904,
                    840.996
                ],
                [
                    493.0559999999999,
                    837
                ],
                [
                    497.088,
                    830.952
                ],
                [
                    499.00800000000004,
                    825.0120000000001
                ],
                [
                    503.04,
                    818.9639999999999
                ],
                [
                    504.96000000000004,
                    814.9680000000001
                ],
                [
                    504.96000000000004,
                    813.024
                ],
                [
                    510.91200000000003,
                    802.98
                ],
                [
                    510.91200000000003,
                    801.0360000000001
                ],
                [
                    513.024,
                    798.984
                ],
                [
                    513.024,
                    797.04
                ],
                [
                    514.944,
                    794.9879999999999
                ],
                [
                    514.944,
                    793.044
                ],
                [
                    517.0559999999999,
                    790.9920000000001
                ],
                [
                    517.0559999999999,
                    789.048
                ],
                [
                    518.976,
                    786.996
                ],
                [
                    518.976,
                    785.052
                ],
                [
                    521.088,
                    783
                ],
                [
                    521.088,
                    780.948
                ],
                [
                    523.0079999999999,
                    779.004
                ],
                [
                    528.96,
                    766.0440000000001
                ],
                [
                    529.9200000000001,
                    760.968
                ],
                [
                    532.9920000000001,
                    756
                ],
                [
                    538.944,
                    740.0160000000001
                ],
                [
                    538.944,
                    736.992
                ],
                [
                    542.016,
                    732.024
                ],
                [
                    542.976,
                    726.948
                ],
                [
                    545.088,
                    725.004
                ],
                [
                    552,
                    709.992
                ],
                [
                    552,
                    705.996
                ],
                [
                    557.952,
                    694.9799999999999
                ],
                [
                    571.008,
                    678.024
                ],
                [
                    579.072,
                    670.0319999999999
                ],
                [
                    589.056,
                    662.04
                ],
                [
                    598.08,
                    655.9920000000001
                ],
                [
                    601.92,
                    655.0200000000001
                ],
                [
                    605.952,
                    651.996
                ],
                [
                    617.0880000000001,
                    647.028
                ],
                [
                    622.08,
                    645.948
                ],
                [
                    633.024,
                    647.028
                ],
                [
                    651.072,
                    644.004
                ],
                [
                    656.064,
                    641.952
                ],
                [
                    662.976,
                    641.952
                ],
                [
                    670.0799999999999,
                    643.032
                ],
                [
                    672.9599999999999,
                    645.948
                ],
                [
                    676.9920000000001,
                    645.948
                ],
                [
                    681.024,
                    648.972
                ],
                [
                    689.088,
                    650.052
                ],
                [
                    696.96,
                    650.052
                ],
                [
                    704.0640000000001,
                    651.024
                ],
                [
                    715.9680000000001,
                    654.048
                ],
                [
                    719.04,
                    655.9920000000001
                ],
                [
                    726.912,
                    658.044
                ],
                [
                    734.976,
                    659.016
                ],
                [
                    735.9359999999999,
                    658.044
                ],
                [
                    739.008,
                    658.044
                ],
                [
                    743.04,
                    659.016
                ],
                [
                    747.072,
                    660.96
                ],
                [
                    754.944,
                    660.96
                ],
                [
                    761.088,
                    663.984
                ],
                [
                    763.968,
                    663.984
                ],
                [
                    767.0400000000001,
                    664.956
                ],
                [
                    777.984,
                    671.0039999999999
                ],
                [
                    785.088,
                    672.948
                ],
                [
                    792,
                    677.052
                ],
                [
                    796.032,
                    678.024
                ],
                [
                    800.0640000000001,
                    678.024
                ],
                [
                    809.088,
                    682.02
                ],
                [
                    816,
                    689.04
                ],
                [
                    819.072,
                    689.04
                ],
                [
                    825.024,
                    694.0079999999999
                ],
                [
                    830.0160000000001,
                    695.952
                ],
                [
                    838.08,
                    702
                ],
                [
                    844.992,
                    702
                ],
                [
                    851.904,
                    704.052
                ],
                [
                    854.976,
                    705.996
                ],
                [
                    859.008,
                    706.968
                ],
                [
                    865.9200000000001,
                    706.968
                ],
                [
                    872.064,
                    710.9639999999999
                ],
                [
                    878.976,
                    713.016
                ],
                [
                    888,
                    713.016
                ],
                [
                    927.936,
                    731.0519999999999
                ],
                [
                    946.9440000000001,
                    740.988
                ],
                [
                    960.9599999999999,
                    752.004
                ],
                [
                    979.008,
                    770.04
                ],
                [
                    998.976,
                    794.016
                ],
                [
                    999.936,
                    797.04
                ],
                [
                    1003.9680000000001,
                    801.0360000000001
                ],
                [
                    1012.992,
                    818.9639999999999
                ],
                [
                    1017.0239999999999,
                    833.004
                ],
                [
                    1018.944,
                    844.992
                ],
                [
                    1018.944,
                    879.012
                ],
                [
                    1017.0239999999999,
                    891
                ],
                [
                    1014.9119999999999,
                    894.996
                ],
                [
                    1014.9119999999999,
                    901.0440000000001
                ],
                [
                    1012.992,
                    906.984
                ],
                [
                    1009.9200000000001,
                    911.952
                ],
                [
                    1008,
                    920.052
                ],
                [
                    1004.928,
                    926.9639999999999
                ],
                [
                    998.976,
                    937.98
                ],
                [
                    985.92,
                    957.96
                ],
                [
                    984.96,
                    961.956
                ],
                [
                    983.04,
                    964.0079999999999
                ],
                [
                    982.0799999999999,
                    968.004
                ],
                [
                    974.9760000000001,
                    978.048
                ],
                [
                    974.016,
                    982.044
                ],
                [
                    969.0240000000001,
                    991.0079999999999
                ],
                [
                    965.952,
                    995.976
                ],
                [
                    963.0720000000001,
                    999
                ],
                [
                    956.928,
                    1010.0160000000001
                ],
                [
                    946.9440000000001,
                    1022.004
                ],
                [
                    942.9119999999999,
                    1029.996
                ],
                [
                    940.0319999999999,
                    1033.02
                ],
                [
                    939.072,
                    1036.044
                ],
                [
                    931.968,
                    1044.036
                ],
                [
                    926.016,
                    1056.996
                ],
                [
                    924.096,
                    1065.96
                ],
                [
                    921.984,
                    1068.012
                ],
                [
                    917.952,
                    1080
                ]
            ]
        },
        {
            "ID": "5",
            "CLASS": "플라스틱",
            "DETAILS": "PP",
            "DAMAGE": "원형",
            "DIRTINESS": "오염없음",
            "COVER": "없음",
            "TRANSPARENCY": "불투명",
            "SHAPE": "사각용기형",
            "SHAPE_TYPE": "POLYGON",
            "POINTS": [
                [
                    881.088,
                    713.016
                ],
                [
                    870.912,
                    709.992
                ],
                [
                    865.9200000000001,
                    706.968
                ],
                [
                    859.008,
                    705.996
                ],
                [
                    849.024,
                    705.996
                ],
                [
                    840.96,
                    704.052
                ],
                [
                    835.008,
                    699.948
                ],
                [
                    833.088,
                    699.948
                ],
                [
                    830.976,
                    698.976
                ],
                [
                    826.9440000000001,
                    695.952
                ],
                [
                    825.024,
                    695.952
                ],
                [
                    820.0319999999999,
                    690.0120000000001
                ],
                [
                    816,
                    687.96
                ],
                [
                    811.008,
                    682.02
                ],
                [
                    809.088,
                    681.048
                ],
                [
                    806.976,
                    681.048
                ],
                [
                    801.984,
                    678.024
                ],
                [
                    798.912,
                    677.052
                ],
                [
                    792.9599999999999,
                    677.052
                ],
                [
                    782.016,
                    671.0039999999999
                ],
                [
                    777.024,
                    670.0319999999999
                ],
                [
                    763.968,
                    663.0120000000001
                ],
                [
                    759.9359999999999,
                    663.0120000000001
                ],
                [
                    755.904,
                    660.96
                ],
                [
                    745.9200000000001,
                    659.016
                ],
                [
                    737.0880000000001,
                    659.016
                ],
                [
                    729.024,
                    658.044
                ],
                [
                    720,
                    655.9920000000001
                ],
                [
                    716.928,
                    654.048
                ],
                [
                    713.088,
                    654.048
                ],
                [
                    709.056,
                    651.996
                ],
                [
                    695.04,
                    648.972
                ],
                [
                    686.016,
                    648.972
                ],
                [
                    668.928,
                    645.948
                ],
                [
                    662.976,
                    641.952
                ],
                [
                    657.984,
                    641.952
                ],
                [
                    652.032,
                    644.004
                ],
                [
                    643.0079999999999,
                    644.004
                ],
                [
                    639.9359999999999,
                    644.976
                ],
                [
                    638.016,
                    647.028
                ],
                [
                    634.944,
                    647.028
                ],
                [
                    633.984,
                    648
                ],
                [
                    624,
                    647.028
                ],
                [
                    614.016,
                    625.968
                ],
                [
                    609.024,
                    608.04
                ],
                [
                    605.952,
                    591.948
                ],
                [
                    604.992,
                    559.0079999999999
                ],
                [
                    605.952,
                    547.992
                ],
                [
                    611.904,
                    523.044
                ],
                [
                    618.048,
                    508.032
                ],
                [
                    624,
                    496.044
                ],
                [
                    628.992,
                    481.03200000000004
                ],
                [
                    638.016,
                    462.024
                ],
                [
                    639.9359999999999,
                    456.948
                ],
                [
                    639.9359999999999,
                    454.032
                ],
                [
                    646.08,
                    439.99199999999996
                ],
                [
                    648,
                    438.048
                ],
                [
                    652.9920000000001,
                    421.956
                ],
                [
                    658.944,
                    411.048
                ],
                [
                    660.096,
                    405.97200000000004
                ],
                [
                    662.976,
                    401.004
                ],
                [
                    663.936,
                    396.036
                ],
                [
                    667.0079999999999,
                    390.96
                ],
                [
                    667.968,
                    385.992
                ],
                [
                    671.04,
                    381.024
                ],
                [
                    672,
                    375.94800000000004
                ],
                [
                    678.912,
                    362.016
                ],
                [
                    699.072,
                    309.96
                ],
                [
                    702.9119999999999,
                    303.048
                ],
                [
                    705.024,
                    294.94800000000004
                ],
                [
                    710.0160000000001,
                    285.012
                ],
                [
                    710.976,
                    280.044
                ],
                [
                    714.048,
                    274.968
                ],
                [
                    715.9680000000001,
                    266.976
                ],
                [
                    723.072,
                    253.044
                ],
                [
                    734.016,
                    223.01999999999998
                ],
                [
                    739.008,
                    213.948
                ],
                [
                    748.032,
                    191.052
                ],
                [
                    748.032,
                    188.028
                ],
                [
                    750.912,
                    182.952
                ],
                [
                    750.912,
                    180.03599999999997
                ],
                [
                    753.984,
                    176.04000000000002
                ],
                [
                    755.904,
                    168.04799999999997
                ],
                [
                    761.088,
                    154.98
                ],
                [
                    768,
                    139.968
                ],
                [
                    771.072,
                    128.952
                ],
                [
                    774.912,
                    122.04
                ],
                [
                    776.064,
                    116.964
                ],
                [
                    783.936,
                    100.008
                ],
                [
                    787.0079999999999,
                    95.03999999999999
                ],
                [
                    791.04,
                    91.044
                ],
                [
                    792,
                    88.02000000000001
                ],
                [
                    797.952,
                    81.972
                ],
                [
                    801.984,
                    76.03200000000001
                ],
                [
                    810.048,
                    68.04
                ],
                [
                    822.9119999999999,
                    57.024
                ],
                [
                    834.048,
                    50.004
                ],
                [
                    846.912,
                    42.984
                ],
                [
                    859.008,
                    38.016000000000005
                ],
                [
                    884.928,
                    30.023999999999997
                ],
                [
                    900.096,
                    27.971999999999998
                ],
                [
                    913.92,
                    27
                ],
                [
                    934.0799999999999,
                    27.971999999999998
                ],
                [
                    936,
                    27
                ],
                [
                    937.92,
                    23.003999999999998
                ],
                [
                    934.0799999999999,
                    16.956
                ],
                [
                    934.0799999999999,
                    12.96
                ],
                [
                    931.968,
                    11.016
                ],
                [
                    930.048,
                    11.016
                ],
                [
                    926.016,
                    7.02
                ],
                [
                    926.016,
                    0
                ],
                [
                    1032,
                    0
                ],
                [
                    1031.04,
                    8.964
                ],
                [
                    1036.992,
                    16.956
                ],
                [
                    1040.0639999999999,
                    23.003999999999998
                ],
                [
                    1038.912,
                    30.996
                ],
                [
                    1035.0720000000001,
                    43.956
                ],
                [
                    1031.04,
                    51.94799999999999
                ],
                [
                    1028.928,
                    58.968
                ],
                [
                    1028.928,
                    62.964
                ],
                [
                    1032,
                    68.04
                ],
                [
                    1035.0720000000001,
                    70.95599999999999
                ],
                [
                    1037.952,
                    72.036
                ],
                [
                    1038.912,
                    73.008
                ],
                [
                    1041.984,
                    78.948
                ],
                [
                    1046.976,
                    84.02399999999999
                ],
                [
                    1047.936,
                    87.048
                ],
                [
                    1054.0800000000002,
                    92.988
                ],
                [
                    1056,
                    96.98400000000001
                ],
                [
                    1060.992,
                    101.952
                ],
                [
                    1064.064,
                    108
                ],
                [
                    1069.056,
                    114.048
                ],
                [
                    1075.968,
                    127.008
                ],
                [
                    1079.0400000000002,
                    134.028
                ],
                [
                    1079.0400000000002,
                    137.05200000000002
                ],
                [
                    1083.0720000000001,
                    145.044
                ],
                [
                    1089.0240000000001,
                    170.964
                ],
                [
                    1089.984,
                    181.98000000000002
                ],
                [
                    1089.984,
                    207.036
                ],
                [
                    1089.0240000000001,
                    216
                ],
                [
                    1086.912,
                    220.96800000000002
                ],
                [
                    1085.952,
                    231.012
                ],
                [
                    1080,
                    249.048
                ],
                [
                    1076.9279999999999,
                    254.016
                ],
                [
                    1073.088,
                    265.032
                ],
                [
                    1073.088,
                    267.948
                ],
                [
                    1070.9759999999999,
                    270.97200000000004
                ],
                [
                    1068.096,
                    293.976
                ],
                [
                    1065.024,
                    300.024
                ],
                [
                    1060.0320000000002,
                    305.964
                ],
                [
                    1059.072,
                    308.988
                ],
                [
                    1056,
                    312.012
                ],
                [
                    1051.008,
                    326.052
                ],
                [
                    1047.936,
                    338.04
                ],
                [
                    1040.0639999999999,
                    358.99199999999996
                ],
                [
                    1036.992,
                    363.96000000000004
                ],
                [
                    1036.992,
                    366.984
                ],
                [
                    1025.0880000000002,
                    397.98
                ],
                [
                    1022.016,
                    407.052
                ],
                [
                    1021.056,
                    413.964
                ],
                [
                    1013.952,
                    425.952
                ],
                [
                    1013.952,
                    431.028
                ],
                [
                    1012.032,
                    434.05199999999996
                ],
                [
                    1009.9200000000001,
                    443.016
                ],
                [
                    1006.08,
                    448.956
                ],
                [
                    1006.08,
                    452.952
                ],
                [
                    998.0160000000001,
                    471.96
                ],
                [
                    998.0160000000001,
                    475.95599999999996
                ],
                [
                    993.024,
                    486.97200000000004
                ],
                [
                    988.0319999999999,
                    504.036
                ],
                [
                    982.0799999999999,
                    517.9680000000001
                ],
                [
                    968.064,
                    560.952
                ],
                [
                    964.9920000000001,
                    567.972
                ],
                [
                    961.92,
                    570.996
                ],
                [
                    963.0720000000001,
                    573.048
                ],
                [
                    960.9599999999999,
                    575.9639999999999
                ],
                [
                    960,
                    583.9559999999999
                ],
                [
                    956.928,
                    589.032
                ],
                [
                    956.928,
                    591.948
                ],
                [
                    954.048,
                    597.024
                ],
                [
                    949.056,
                    614.952
                ],
                [
                    942.9119999999999,
                    628.9920000000001
                ],
                [
                    940.992,
                    637.956
                ],
                [
                    935.04,
                    652.9680000000001
                ],
                [
                    926.016,
                    670.0319999999999
                ],
                [
                    915.072,
                    685.044
                ],
                [
                    906.048,
                    694.9799999999999
                ],
                [
                    886.08,
                    712.044
                ],
                [
                    883.968,
                    713.016
                ]
            ]
        },
        {
            "ID": "6",
            "CLASS": "플라스틱",
            "DETAILS": "PP",
            "DAMAGE": "원형",
            "DIRTINESS": "오염없음",
            "COVER": "겹침",
            "TRANSPARENCY": "투명",
            "SHAPE": "기타 형태",
            "SHAPE_TYPE": "POLYGON",
            "POINTS": [
                [
                    1366.08,
                    558.0360000000001
                ],
                [
                    1350.912,
                    551.9879999999999
                ],
                [
                    1339.008,
                    551.016
                ],
                [
                    1324.032,
                    543.024
                ],
                [
                    1311.9360000000001,
                    532.98
                ],
                [
                    1306.944,
                    525.96
                ],
                [
                    1300.0320000000002,
                    501.984
                ],
                [
                    1300.0320000000002,
                    489.024
                ],
                [
                    1295.04,
                    474.98400000000004
                ],
                [
                    1295.04,
                    458.02799999999996
                ],
                [
                    1290.048,
                    444.96
                ],
                [
                    1290.048,
                    424.008
                ],
                [
                    1285.056,
                    401.976
                ],
                [
                    1285.056,
                    374.976
                ],
                [
                    1280.0639999999999,
                    363.96000000000004
                ],
                [
                    1276.992,
                    343.008
                ],
                [
                    1275.0720000000001,
                    301.968
                ],
                [
                    1267.008,
                    282.96000000000004
                ],
                [
                    1265.0880000000002,
                    259.956
                ],
                [
                    1262.016,
                    150.012
                ],
                [
                    1270.08,
                    141.048
                ],
                [
                    1272,
                    116.964
                ],
                [
                    1280.0639999999999,
                    110.052
                ],
                [
                    1281.984,
                    101.952
                ],
                [
                    1300.0320000000002,
                    74.952
                ],
                [
                    1316.9279999999999,
                    61.992
                ],
                [
                    1324.032,
                    60.047999999999995
                ],
                [
                    1329.0240000000001,
                    54
                ],
                [
                    1334.0159999999998,
                    54
                ],
                [
                    1350.912,
                    43.956
                ],
                [
                    1358.9759999999999,
                    42.01199999999999
                ],
                [
                    1368.96,
                    47.952000000000005
                ],
                [
                    1378.944,
                    46.007999999999996
                ],
                [
                    1388.928,
                    30.996
                ],
                [
                    1401.0240000000001,
                    29.052
                ],
                [
                    1428.096,
                    19.008000000000003
                ],
                [
                    1440,
                    19.008000000000003
                ],
                [
                    1449.984,
                    15.011999999999999
                ],
                [
                    1459.9679999999998,
                    15.011999999999999
                ],
                [
                    1469.952,
                    20.952
                ],
                [
                    1479.9360000000001,
                    23.003999999999998
                ],
                [
                    1507.008,
                    16.956
                ],
                [
                    1512,
                    12.96
                ],
                [
                    1569.0240000000001,
                    11.988000000000001
                ],
                [
                    1585.9199999999998,
                    10.043999999999999
                ],
                [
                    1598.9759999999999,
                    6.048
                ],
                [
                    1611.072,
                    6.048
                ],
                [
                    1621.056,
                    10.043999999999999
                ],
                [
                    1632.96,
                    11.988000000000001
                ],
                [
                    1662.912,
                    12.96
                ],
                [
                    1680,
                    20.952
                ],
                [
                    1704.96,
                    27
                ],
                [
                    1717.056,
                    27
                ],
                [
                    1724.9279999999999,
                    29.052
                ],
                [
                    1743.936,
                    42.01199999999999
                ],
                [
                    1747.008,
                    42.01199999999999
                ],
                [
                    1761.984,
                    56.052
                ],
                [
                    1774.0800000000002,
                    93.96
                ],
                [
                    1781.952,
                    165.996
                ],
                [
                    1784.064,
                    286.956
                ],
                [
                    1769.088,
                    294.94800000000004
                ],
                [
                    1729.92,
                    296.028
                ],
                [
                    1722.048,
                    301.968
                ],
                [
                    1709.952,
                    305.964
                ],
                [
                    1683.0720000000001,
                    312.012
                ],
                [
                    1662.912,
                    312.012
                ],
                [
                    1652.9279999999999,
                    316.00800000000004
                ],
                [
                    1642.944,
                    323.02799999999996
                ],
                [
                    1632.96,
                    346.03200000000004
                ],
                [
                    1631.04,
                    362.016
                ],
                [
                    1622.976,
                    371.952
                ],
                [
                    1612.992,
                    397.98
                ],
                [
                    1608.96,
                    421.956
                ],
                [
                    1601.088,
                    432.972
                ],
                [
                    1593.9840000000002,
                    451.97999999999996
                ],
                [
                    1588.992,
                    477.036
                ],
                [
                    1580.928,
                    490.968
                ],
                [
                    1570.944,
                    500.04
                ],
                [
                    1569.0240000000001,
                    517.9680000000001
                ],
                [
                    1579.008,
                    525.96
                ],
                [
                    1579.008,
                    528.984
                ],
                [
                    1574.0159999999998,
                    532.98
                ],
                [
                    1551.9360000000001,
                    536.976
                ],
                [
                    1516.992,
                    536.976
                ],
                [
                    1478.016,
                    544.9680000000001
                ],
                [
                    1459.9679999999998,
                    544.9680000000001
                ],
                [
                    1401.0240000000001,
                    554.04
                ],
                [
                    1383.936,
                    554.04
                ],
                [
                    1373.952,
                    558.0360000000001
                ]
            ]
        }
    ]
}