{
    "IMAGE_INFO": {
        "FILE_NAME": "1000446@0_03002_220913_P1_T3__0455.jpg",
        "DATE": "2022-11-01 04:20:36",
        "RESOLUTION": "1920 x 1080",
        "IMAGE_PHOTOGRAPHER": "김보배",
        "FOCUS_DISTANCE": "7.1",
        "EXPOSURE_TIME": "1/400",
        "SENSITIVITY_ISO": "5000",
        "PLACE": "삼오자원",
        "REGION_NAME": null,
        "Direction": "0",
        "HEIGHT": "100",
        "DAY/NIGHT": "주간",
        "WEATHER": "맑음",
        "IMAGE_HEIGHT": 1080,
        "IMAGE_WIDTH": 1920,
        "IMAGE_SIZE": "695.9 KB"
    },
    "ANNOTATION_INFO": [
        {
            "ID": "1",
            "CLASS": "페트병",
            "DETAILS": "유색단일",
            "DAMAGE": "찌그러짐",
            "DIRTINESS": "이물질(외부)",
            "COVER": "겹침",
            "TRANSPARENCY": "불투명",
            "SHAPE": "물통형",
            "SHAPE_TYPE": "POLYGON",
            "POINTS": [
                [
                    958.08,
                    851.0400000000001
                ],
                [
                    898.944,
                    849.96
                ],
                [
                    860.928,
                    848.016
                ],
                [
                    807.936,
                    840.996
                ],
                [
                    785.088,
                    833.004
                ],
                [
                    773.952,
                    830.952
                ],
                [
                    761.088,
                    825.984
                ],
                [
                    731.904,
                    820.044
                ],
                [
                    719.04,
                    814.9680000000001
                ],
                [
                    708.096,
                    806.0039999999999
                ],
                [
                    704.0640000000001,
                    798.0120000000001
                ],
                [
                    697.92,
                    794.9879999999999
                ],
                [
                    692.928,
                    794.016
                ],
                [
                    684.096,
                    794.9879999999999
                ],
                [
                    682.9440000000001,
                    798.0120000000001
                ],
                [
                    676.032,
                    795.96
                ],
                [
                    671.04,
                    795.96
                ],
                [
                    661.056,
                    790.9920000000001
                ],
                [
                    657.984,
                    790.9920000000001
                ],
                [
                    638.016,
                    783
                ],
                [
                    635.904,
                    774.0360000000001
                ],
                [
                    637.0559999999999,
                    731.0519999999999
                ],
                [
                    643.968,
                    708.048
                ],
                [
                    649.9200000000001,
                    701.028
                ],
                [
                    652.032,
                    689.04
                ],
                [
                    657.984,
                    681.048
                ],
                [
                    663.936,
                    677.052
                ],
                [
                    665.088,
                    671.976
                ],
                [
                    667.968,
                    671.0039999999999
                ],
                [
                    667.968,
                    668.952
                ],
                [
                    672.9599999999999,
                    664.956
                ],
                [
                    676.032,
                    659.016
                ],
                [
                    686.976,
                    654.048
                ],
                [
                    697.92,
                    652.9680000000001
                ],
                [
                    711.936,
                    648.972
                ],
                [
                    715.008,
                    648.972
                ],
                [
                    720.96,
                    650.052
                ],
                [
                    743.04,
                    658.044
                ],
                [
                    753.024,
                    666.0360000000001
                ],
                [
                    764.928,
                    672.948
                ],
                [
                    778.944,
                    672.948
                ],
                [
                    782.016,
                    674.028
                ],
                [
                    796.032,
                    689.04
                ],
                [
                    806.016,
                    694.0079999999999
                ],
                [
                    812.928,
                    694.9799999999999
                ],
                [
                    828.096,
                    699.948
                ],
                [
                    835.9680000000001,
                    699.948
                ],
                [
                    841.92,
                    698.004
                ],
                [
                    857.0880000000001,
                    698.976
                ],
                [
                    864,
                    702.972
                ],
                [
                    873.024,
                    702.972
                ],
                [
                    884.928,
                    705.996
                ],
                [
                    898.944,
                    705.996
                ],
                [
                    918.912,
                    708.048
                ],
                [
                    922.9440000000001,
                    710.9639999999999
                ],
                [
                    922.9440000000001,
                    713.988
                ],
                [
                    937.92,
                    724.032
                ],
                [
                    953.088,
                    729.972
                ],
                [
                    969.9839999999999,
                    732.996
                ],
                [
                    973.056,
                    735.048
                ],
                [
                    979.008,
                    740.988
                ],
                [
                    983.04,
                    825.0120000000001
                ],
                [
                    979.008,
                    837
                ],
                [
                    966.912,
                    849.96
                ],
                [
                    958.08,
                    851.0400000000001
                ]
            ]
        },
        {
            "ID": "2",
            "CLASS": "페트병",
            "DETAILS": "유색단일",
            "DAMAGE": "원형",
            "DIRTINESS": "이물질(외부)",
            "COVER": "겹침",
            "TRANSPARENCY": "불투명",
            "SHAPE": "일반용기형",
            "SHAPE_TYPE": "POLYGON",
            "POINTS": [
                [
                    1752,
                    960.0120000000001
                ],
                [
                    1741.056,
                    957.96
                ],
                [
                    1728,
                    953.9639999999999
                ],
                [
                    1697.088,
                    937.98
                ],
                [
                    1675.968,
                    918
                ],
                [
                    1650.048,
                    902.9879999999999
                ],
                [
                    1641.0240000000001,
                    894.024
                ],
                [
                    1637.952,
                    894.024
                ],
                [
                    1632,
                    887.004
                ],
                [
                    1622.976,
                    883.008
                ],
                [
                    1590.912,
                    856.0079999999999
                ],
                [
                    1569.0240000000001,
                    844.992
                ],
                [
                    1564.032,
                    829.9799999999999
                ],
                [
                    1564.032,
                    821.016
                ],
                [
                    1546.944,
                    780.948
                ],
                [
                    1546.944,
                    774.0360000000001
                ],
                [
                    1537.92,
                    749.952
                ],
                [
                    1537.92,
                    739.044
                ],
                [
                    1532.9279999999999,
                    717.0120000000001
                ],
                [
                    1523.904,
                    697.0319999999999
                ],
                [
                    1523.904,
                    690.0120000000001
                ],
                [
                    1517.952,
                    677.052
                ],
                [
                    1515.0720000000001,
                    655.0200000000001
                ],
                [
                    1511.04,
                    650.052
                ],
                [
                    1511.04,
                    621
                ],
                [
                    1520.0639999999999,
                    605.988
                ],
                [
                    1520.0639999999999,
                    601.02
                ],
                [
                    1550.9759999999999,
                    552.96
                ],
                [
                    1558.08,
                    535.032
                ],
                [
                    1564.032,
                    528.0120000000001
                ],
                [
                    1564.032,
                    524.0160000000001
                ],
                [
                    1570.944,
                    515.052
                ],
                [
                    1574.0159999999998,
                    505.98
                ],
                [
                    1582.08,
                    497.016
                ],
                [
                    1588.992,
                    483.948
                ],
                [
                    1588.992,
                    479.952
                ],
                [
                    1602.048,
                    456.948
                ],
                [
                    1603.008,
                    448.956
                ],
                [
                    1608.96,
                    439.99199999999996
                ],
                [
                    1608.96,
                    435.024
                ],
                [
                    1622.976,
                    408.996
                ],
                [
                    1627.008,
                    408.996
                ],
                [
                    1628.928,
                    405.97200000000004
                ],
                [
                    1651.968,
                    405.97200000000004
                ],
                [
                    1675.968,
                    415.044
                ],
                [
                    1691.904,
                    425.952
                ],
                [
                    1700.928,
                    425.952
                ],
                [
                    1704.96,
                    424.008
                ],
                [
                    1718.9759999999999,
                    405.97200000000004
                ],
                [
                    1724.9279999999999,
                    404.02799999999996
                ],
                [
                    1738.944,
                    386.964
                ],
                [
                    1755.0720000000001,
                    348.948
                ],
                [
                    1761.0240000000001,
                    342.036
                ],
                [
                    1771.968,
                    316.00800000000004
                ],
                [
                    1791.9360000000001,
                    281.988
                ],
                [
                    1800.9599999999998,
                    258.012
                ],
                [
                    1800.9599999999998,
                    246.99599999999998
                ],
                [
                    1795.0079999999998,
                    228.95999999999998
                ],
                [
                    1804.032,
                    219.99599999999998
                ],
                [
                    1814.976,
                    216
                ],
                [
                    1819.9679999999998,
                    208.98000000000002
                ],
                [
                    1828.032,
                    207.036
                ],
                [
                    1833.024,
                    200.016
                ],
                [
                    1843.968,
                    196.01999999999998
                ],
                [
                    1848.96,
                    189
                ],
                [
                    1857.024,
                    186.948
                ],
                [
                    1857.984,
                    182.952
                ],
                [
                    1862.016,
                    180.03599999999997
                ],
                [
                    1867.968,
                    180.03599999999997
                ],
                [
                    1872.96,
                    173.988
                ],
                [
                    1876.992,
                    172.04399999999998
                ],
                [
                    1881.984,
                    172.04399999999998
                ],
                [
                    1892.9279999999999,
                    162.972
                ],
                [
                    1904.064,
                    162.972
                ],
                [
                    1920,
                    155.952
                ],
                [
                    1920,
                    895.968
                ],
                [
                    1906.944,
                    902.9879999999999
                ],
                [
                    1904.064,
                    902.9879999999999
                ],
                [
                    1892.9279999999999,
                    911.952
                ],
                [
                    1872.96,
                    922.9680000000001
                ],
                [
                    1851.072,
                    932.04
                ],
                [
                    1833.024,
                    942.948
                ],
                [
                    1793.088,
                    956.016
                ],
                [
                    1780.992,
                    957.96
                ],
                [
                    1766.0159999999998,
                    957.96
                ],
                [
                    1763.904,
                    960.0120000000001
                ],
                [
                    1752,
                    960.0120000000001
                ]
            ]
        },
        {
            "ID": "3",
            "CLASS": "페트병",
            "DETAILS": "유색단일",
            "DAMAGE": "원형",
            "DIRTINESS": "이물질(외부)",
            "COVER": "겹침",
            "TRANSPARENCY": "불투명",
            "SHAPE": "일반용기형",
            "SHAPE_TYPE": "POLYGON",
            "POINTS": [
                [
                    1011.0719999999999,
                    1080
                ],
                [
                    1011.0719999999999,
                    1072.008
                ],
                [
                    1008,
                    1068.012
                ],
                [
                    1007.04,
                    1060.992
                ],
                [
                    1007.04,
                    1046.952
                ],
                [
                    997.0559999999999,
                    1013.04
                ],
                [
                    996.0960000000001,
                    995.004
                ],
                [
                    990.912,
                    984.96
                ],
                [
                    989.9519999999999,
                    972
                ],
                [
                    983.9999999999999,
                    957.96
                ],
                [
                    983.04,
                    945.972
                ],
                [
                    979.968,
                    942.948
                ],
                [
                    974.9760000000001,
                    914.004
                ],
                [
                    969.0240000000001,
                    898.02
                ],
                [
                    963.0720000000001,
                    871.992
                ],
                [
                    963.0720000000001,
                    860.976
                ],
                [
                    982.0799999999999,
                    824.04
                ],
                [
                    982.0799999999999,
                    794.9879999999999
                ],
                [
                    983.9999999999999,
                    783.972
                ],
                [
                    982.0799999999999,
                    764.964
                ],
                [
                    983.9999999999999,
                    756.972
                ],
                [
                    1001.088,
                    740.988
                ],
                [
                    1014.9119999999999,
                    732.024
                ],
                [
                    1025.0880000000002,
                    729
                ],
                [
                    1036.032,
                    729.972
                ],
                [
                    1050.048,
                    729
                ],
                [
                    1051.008,
                    729.972
                ],
                [
                    1057.92,
                    729.972
                ],
                [
                    1070.016,
                    733.968
                ],
                [
                    1099.9679999999998,
                    735.048
                ],
                [
                    1113.9840000000002,
                    736.992
                ],
                [
                    1124.9279999999999,
                    740.0160000000001
                ],
                [
                    1137.984,
                    740.988
                ],
                [
                    1143.936,
                    744.9839999999999
                ],
                [
                    1152,
                    763.02
                ],
                [
                    1160.0639999999999,
                    767.9879999999999
                ],
                [
                    1172.9279999999999,
                    768.9599999999999
                ],
                [
                    1179.072,
                    772.956
                ],
                [
                    1185.9840000000002,
                    786.024
                ],
                [
                    1188.096,
                    794.9879999999999
                ],
                [
                    1194.048,
                    802.98
                ],
                [
                    1198.08,
                    816.048
                ],
                [
                    1210.944,
                    837.972
                ],
                [
                    1215.936,
                    860.976
                ],
                [
                    1219.008,
                    867.024
                ],
                [
                    1224.96,
                    872.964
                ],
                [
                    1228.992,
                    883.98
                ],
                [
                    1241.088,
                    903.9599999999999
                ],
                [
                    1246.08,
                    906.984
                ],
                [
                    1257.984,
                    932.04
                ],
                [
                    1267.968,
                    945
                ],
                [
                    1268.928,
                    949.9680000000001
                ],
                [
                    1273.92,
                    955.044
                ],
                [
                    1275.0720000000001,
                    960.0120000000001
                ],
                [
                    1285.056,
                    971.028
                ],
                [
                    1289.088,
                    990.036
                ],
                [
                    1292.9279999999999,
                    994.032
                ],
                [
                    1292.9279999999999,
                    999
                ],
                [
                    1300.0320000000002,
                    1006.992
                ],
                [
                    1300.992,
                    1017.036
                ],
                [
                    1310.016,
                    1037.016
                ],
                [
                    1310.9759999999999,
                    1048.0320000000002
                ],
                [
                    1314.048,
                    1050.9479999999999
                ],
                [
                    1315.0079999999998,
                    1060.02
                ],
                [
                    1320,
                    1068.012
                ],
                [
                    1320,
                    1080
                ],
                [
                    1011.0719999999999,
                    1080
                ]
            ]
        },
        {
            "ID": "4",
            "CLASS": "페트병",
            "DETAILS": "유색단일",
            "DAMAGE": "원형",
            "DIRTINESS": "이물질(외부)",
            "COVER": "없음",
            "TRANSPARENCY": "불투명",
            "SHAPE": "물통형",
            "SHAPE_TYPE": "POLYGON",
            "POINTS": [
                [
                    830.976,
                    1080
                ],
                [
                    830.0160000000001,
                    1018.008
                ],
                [
                    830.0160000000001,
                    1010.988
                ],
                [
                    830.976,
                    969.948
                ],
                [
                    831.936,
                    965.952
                ],
                [
                    835.9680000000001,
                    960.0120000000001
                ],
                [
                    845.952,
                    949.9680000000001
                ],
                [
                    851.904,
                    945
                ],
                [
                    854.976,
                    944.028
                ],
                [
                    865.9200000000001,
                    938.952
                ],
                [
                    873.024,
                    936.0360000000001
                ],
                [
                    883.968,
                    933.0120000000001
                ],
                [
                    892.032,
                    932.04
                ],
                [
                    902.016,
                    929.9879999999999
                ],
                [
                    944.0640000000001,
                    929.9879999999999
                ],
                [
                    951.936,
                    932.04
                ],
                [
                    958.08,
                    933.0120000000001
                ],
                [
                    961.92,
                    933.984
                ],
                [
                    964.0319999999999,
                    936.0360000000001
                ],
                [
                    969.0240000000001,
                    938.952
                ],
                [
                    983.9999999999999,
                    953.9639999999999
                ],
                [
                    985.92,
                    956.9879999999999
                ],
                [
                    987.072,
                    961.956
                ],
                [
                    987.072,
                    965.952
                ],
                [
                    992.0640000000001,
                    975.024
                ],
                [
                    992.0640000000001,
                    980.9639999999999
                ],
                [
                    998.0160000000001,
                    995.976
                ],
                [
                    998.976,
                    1011.96
                ],
                [
                    1004.928,
                    1029.996
                ],
                [
                    1006.08,
                    1041.984
                ],
                [
                    1016.064,
                    1072.008
                ],
                [
                    1017.0239999999999,
                    1080
                ],
                [
                    830.976,
                    1080
                ]
            ]
        }
    ]
}