{
    "IMAGE_INFO": {
        "FILE_NAME": "1000144@0_03002_220913_P1_T3__2084.jpg",
        "DATE": "2022-11-01 04:20:31",
        "RESOLUTION": "1920 x 1080",
        "IMAGE_PHOTOGRAPHER": "김보배",
        "FOCUS_DISTANCE": "7.1",
        "EXPOSURE_TIME": "1/400",
        "SENSITIVITY_ISO": "5000",
        "PLACE": "삼오자원",
        "REGION_NAME": null,
        "Direction": "0",
        "HEIGHT": "100",
        "DAY/NIGHT": "주간",
        "WEATHER": "맑음",
        "IMAGE_HEIGHT": 1080,
        "IMAGE_WIDTH": 1920,
        "IMAGE_SIZE": "645.3 KB"
    },
    "ANNOTATION_INFO": [
        {
            "ID": "1",
            "CLASS": "페트병",
            "DETAILS": "유색단일",
            "DAMAGE": "찌그러짐",
            "DIRTINESS": "이물질(외부)",
            "COVER": "겹침",
            "TRANSPARENCY": "불투명",
            "SHAPE": "일반용기형",
            "SHAPE_TYPE": "POLYGON",
            "POINTS": [
                [
                    456.96,
                    1080
                ],
                [
                    465.984,
                    1060.02
                ],
                [
                    471.936,
                    1053.972
                ],
                [
                    471.936,
                    1050.9479999999999
                ],
                [
                    480.96,
                    1038.96
                ],
                [
                    488.06399999999996,
                    1022.976
                ],
                [
                    510.91200000000003,
                    988.9559999999999
                ],
                [
                    523.968,
                    961.956
                ],
                [
                    523.968,
                    955.044
                ],
                [
                    528.96,
                    947.052
                ],
                [
                    532.9920000000001,
                    933.0120000000001
                ],
                [
                    547.968,
                    902.9879999999999
                ],
                [
                    552.9599999999999,
                    894.024
                ],
                [
                    575.04,
                    867.024
                ],
                [
                    634.944,
                    821.016
                ],
                [
                    646.08,
                    810
                ],
                [
                    709.056,
                    767.9879999999999
                ],
                [
                    752.064,
                    744.9839999999999
                ],
                [
                    758.976,
                    743.04
                ],
                [
                    767.0400000000001,
                    744.012
                ],
                [
                    773.952,
                    741.96
                ],
                [
                    782.976,
                    741.96
                ],
                [
                    792.9599999999999,
                    744.012
                ],
                [
                    796.032,
                    747.036
                ],
                [
                    804.096,
                    748.008
                ],
                [
                    804.096,
                    756.972
                ],
                [
                    812.928,
                    767.0160000000001
                ],
                [
                    824.0640000000001,
                    774.0360000000001
                ],
                [
                    831.936,
                    774.0360000000001
                ],
                [
                    840.96,
                    776.952
                ],
                [
                    849.9839999999999,
                    790.0200000000001
                ],
                [
                    870.912,
                    809.028
                ],
                [
                    878.016,
                    820.044
                ],
                [
                    887.0400000000001,
                    828.0360000000001
                ],
                [
                    888.96,
                    833.976
                ],
                [
                    900.096,
                    844.02
                ],
                [
                    903.936,
                    852.9839999999999
                ],
                [
                    907.968,
                    855.036
                ],
                [
                    910.0799999999999,
                    860.004
                ],
                [
                    915.072,
                    864
                ],
                [
                    924.096,
                    880.956
                ],
                [
                    930.048,
                    886.032
                ],
                [
                    931.968,
                    891.972
                ],
                [
                    946.9440000000001,
                    907.956
                ],
                [
                    949.056,
                    917.028
                ],
                [
                    954.048,
                    922.9680000000001
                ],
                [
                    964.9920000000001,
                    945.972
                ],
                [
                    966.912,
                    968.976
                ],
                [
                    961.92,
                    990.036
                ],
                [
                    958.08,
                    995.976
                ],
                [
                    955.9680000000001,
                    1009.044
                ],
                [
                    946.9440000000001,
                    1026.972
                ],
                [
                    934.0799999999999,
                    1041.984
                ],
                [
                    921.024,
                    1053.972
                ],
                [
                    911.04,
                    1060.02
                ],
                [
                    910.0799999999999,
                    1064.0159999999998
                ],
                [
                    906.048,
                    1064.988
                ],
                [
                    894.912,
                    1073.952
                ],
                [
                    891.072,
                    1080
                ],
                [
                    456.96,
                    1080
                ]
            ]
        },
        {
            "ID": "2",
            "CLASS": "페트병",
            "DETAILS": "유색단일",
            "DAMAGE": "찌그러짐",
            "DIRTINESS": "이물질(외부)",
            "COVER": "없음",
            "TRANSPARENCY": "불투명",
            "SHAPE": "물통형",
            "SHAPE_TYPE": "POLYGON",
            "POINTS": [
                [
                    303.936,
                    313.956
                ],
                [
                    289.92,
                    311.03999999999996
                ],
                [
                    274.94399999999996,
                    304.02
                ],
                [
                    259.008,
                    292.032
                ],
                [
                    249.02400000000003,
                    277.992
                ],
                [
                    246.91199999999998,
                    273.024
                ],
                [
                    246.91199999999998,
                    246.024
                ],
                [
                    250.94400000000002,
                    227.016
                ],
                [
                    259.008,
                    212.004
                ],
                [
                    259.008,
                    200.016
                ],
                [
                    246.91199999999998,
                    169.02
                ],
                [
                    240.96,
                    162
                ],
                [
                    235.00799999999998,
                    142.992
                ],
                [
                    239.04,
                    111.996
                ],
                [
                    246.91199999999998,
                    96.98400000000001
                ],
                [
                    254.976,
                    88.992
                ],
                [
                    263.04,
                    76.03200000000001
                ],
                [
                    264.96000000000004,
                    65.988
                ],
                [
                    270.91200000000003,
                    54.972
                ],
                [
                    273.024,
                    42.984
                ],
                [
                    278.976,
                    34.992
                ],
                [
                    281.088,
                    20.952
                ],
                [
                    286.08,
                    11.016
                ],
                [
                    288,
                    0
                ],
                [
                    739.008,
                    0
                ],
                [
                    735.9359999999999,
                    4.968
                ],
                [
                    729.9839999999999,
                    7.992
                ],
                [
                    729.9839999999999,
                    15.011999999999999
                ],
                [
                    724.0319999999999,
                    18.035999999999998
                ],
                [
                    720,
                    27
                ],
                [
                    687.936,
                    61.02
                ],
                [
                    686.016,
                    65.988
                ],
                [
                    680.0640000000001,
                    69.012
                ],
                [
                    662.016,
                    89.964
                ],
                [
                    623.04,
                    124.956
                ],
                [
                    620.928,
                    130.03199999999998
                ],
                [
                    585.024,
                    168.04799999999997
                ],
                [
                    561.024,
                    196.01999999999998
                ],
                [
                    550.0799999999999,
                    213.948
                ],
                [
                    543.936,
                    219.99599999999998
                ],
                [
                    542.016,
                    226.044
                ],
                [
                    536.064,
                    231.012
                ],
                [
                    512.064,
                    263.952
                ],
                [
                    502.08000000000004,
                    273.024
                ],
                [
                    485.952,
                    293.00399999999996
                ],
                [
                    465.024,
                    304.99199999999996
                ],
                [
                    428.928,
                    312.984
                ],
                [
                    418.944,
                    312.984
                ],
                [
                    407.03999999999996,
                    308.988
                ],
                [
                    390.91200000000003,
                    308.016
                ],
                [
                    380.928,
                    304.99199999999996
                ],
                [
                    365.952,
                    304.02
                ],
                [
                    344.064,
                    312.984
                ],
                [
                    303.936,
                    313.956
                ]
            ]
        }
    ]
}