{
    "IMAGE_INFO": {
        "FILE_NAME": "1000139@0_03002_220913_P1_T3__1947.jpg",
        "DATE": "2022-11-01 04:20:26",
        "RESOLUTION": "1920 x 1080",
        "IMAGE_PHOTOGRAPHER": "김보배",
        "FOCUS_DISTANCE": "7.1",
        "EXPOSURE_TIME": "1/400",
        "SENSITIVITY_ISO": "5000",
        "PLACE": "삼오자원",
        "REGION_NAME": null,
        "Direction": "0",
        "HEIGHT": "100",
        "DAY/NIGHT": "주간",
        "WEATHER": "맑음",
        "IMAGE_HEIGHT": 1080,
        "IMAGE_WIDTH": 1920,
        "IMAGE_SIZE": "666.2 KB"
    },
    "ANNOTATION_INFO": [
        {
            "ID": "1",
            "CLASS": "페트병",
            "DETAILS": "유색단일",
            "DAMAGE": "원형",
            "DIRTINESS": "이물질(외부)",
            "COVER": "없음",
            "TRANSPARENCY": "불투명",
            "SHAPE": "스프레이용기형",
            "SHAPE_TYPE": "POLYGON",
            "POINTS": [
                [
                    354.048,
                    870.048
                ],
                [
                    350.01599999999996,
                    868.968
                ],
                [
                    340.03200000000004,
                    861.948
                ],
                [
                    324.096,
                    843.048
                ],
                [
                    311.04,
                    820.044
                ],
                [
                    302.01599999999996,
                    794.016
                ],
                [
                    282.048,
                    698.004
                ],
                [
                    272.06399999999996,
                    677.052
                ],
                [
                    264.96000000000004,
                    616.032
                ],
                [
                    262.08000000000004,
                    609.012
                ],
                [
                    259.008,
                    582.9839999999999
                ],
                [
                    259.008,
                    496.044
                ],
                [
                    265.92,
                    459.972
                ],
                [
                    270.91200000000003,
                    411.048
                ],
                [
                    273.984,
                    405
                ],
                [
                    283.008,
                    397.98
                ],
                [
                    288.96,
                    397.008
                ],
                [
                    291.072,
                    393.98400000000004
                ],
                [
                    307.008,
                    384.048
                ],
                [
                    312,
                    377.028
                ],
                [
                    310.08,
                    328.96799999999996
                ],
                [
                    315.072,
                    321.948
                ],
                [
                    322.94399999999996,
                    319.032
                ],
                [
                    324.096,
                    299.05199999999996
                ],
                [
                    326.976,
                    296.028
                ],
                [
                    337.91999999999996,
                    294.94800000000004
                ],
                [
                    344.064,
                    289.98
                ],
                [
                    340.992,
                    282.96000000000004
                ],
                [
                    340.992,
                    263.952
                ],
                [
                    345.024,
                    257.03999999999996
                ],
                [
                    341.952,
                    247.968
                ],
                [
                    341.952,
                    231.012
                ],
                [
                    346.944,
                    227.988
                ],
                [
                    360.96,
                    227.988
                ],
                [
                    364.99199999999996,
                    232.95600000000002
                ],
                [
                    366.912,
                    251.964
                ],
                [
                    372.096,
                    265.032
                ],
                [
                    372.096,
                    273.996
                ],
                [
                    374.016,
                    277.02
                ],
                [
                    384,
                    277.992
                ],
                [
                    385.92,
                    289.98
                ],
                [
                    393.984,
                    297.972
                ],
                [
                    395.904,
                    311.03999999999996
                ],
                [
                    402.048,
                    316.00800000000004
                ],
                [
                    408.96,
                    316.97999999999996
                ],
                [
                    412.03200000000004,
                    321.948
                ],
                [
                    414.912,
                    350.028
                ],
                [
                    417.024,
                    353.052
                ],
                [
                    423.936,
                    353.052
                ],
                [
                    432.96000000000004,
                    347.976
                ],
                [
                    450.048,
                    347.00399999999996
                ],
                [
                    456,
                    347.976
                ],
                [
                    470.01599999999996,
                    358.02000000000004
                ],
                [
                    483.072,
                    378.972
                ],
                [
                    494.97599999999994,
                    409.968
                ],
                [
                    510.91200000000003,
                    439.02
                ],
                [
                    528,
                    466.992
                ],
                [
                    556.032,
                    506.952
                ],
                [
                    561.984,
                    524.9879999999999
                ],
                [
                    565.056,
                    551.016
                ],
                [
                    579.072,
                    593.028
                ],
                [
                    585.984,
                    605.988
                ],
                [
                    600,
                    663.0120000000001
                ],
                [
                    599.04,
                    783.972
                ],
                [
                    596.928,
                    809.028
                ],
                [
                    593.088,
                    817.02
                ],
                [
                    586.9440000000001,
                    821.9879999999999
                ],
                [
                    579.072,
                    825.0120000000001
                ],
                [
                    571.968,
                    826.956
                ],
                [
                    556.9920000000001,
                    828.0360000000001
                ],
                [
                    548.928,
                    829.9799999999999
                ],
                [
                    541.056,
                    834.948
                ],
                [
                    526.08,
                    836.028
                ],
                [
                    508.992,
                    843.048
                ],
                [
                    486.912,
                    844.02
                ],
                [
                    481.92,
                    848.016
                ],
                [
                    459.072,
                    848.988
                ],
                [
                    449.08799999999997,
                    851.0400000000001
                ],
                [
                    436.992,
                    856.0079999999999
                ],
                [
                    423.936,
                    856.98
                ],
                [
                    417.98400000000004,
                    860.976
                ],
                [
                    404.928,
                    861.948
                ],
                [
                    384.96000000000004,
                    868.968
                ],
                [
                    374.976,
                    870.048
                ],
                [
                    354.048,
                    870.048
                ]
            ]
        },
        {
            "ID": "2",
            "CLASS": "페트병",
            "DETAILS": "유색단일",
            "DAMAGE": "원형",
            "DIRTINESS": "이물질(외부)",
            "COVER": "겹침",
            "TRANSPARENCY": "불투명",
            "SHAPE": "물통형",
            "SHAPE_TYPE": "POLYGON",
            "POINTS": [
                [
                    830.976,
                    864
                ],
                [
                    793.92,
                    857.952
                ],
                [
                    782.976,
                    853.9559999999999
                ],
                [
                    772.032,
                    852.0120000000001
                ],
                [
                    758.976,
                    845.9639999999999
                ],
                [
                    753.984,
                    841.968
                ],
                [
                    753.024,
                    837.972
                ],
                [
                    753.984,
                    810
                ],
                [
                    758.976,
                    794.9879999999999
                ],
                [
                    759.9359999999999,
                    771.012
                ],
                [
                    763.968,
                    764.964
                ],
                [
                    764.928,
                    740.988
                ],
                [
                    768,
                    733.968
                ],
                [
                    772.032,
                    709.992
                ],
                [
                    772.032,
                    699.948
                ],
                [
                    777.024,
                    690.0120000000001
                ],
                [
                    777.024,
                    682.02
                ],
                [
                    782.976,
                    668.952
                ],
                [
                    783.936,
                    655.9920000000001
                ],
                [
                    788.928,
                    641.952
                ],
                [
                    792,
                    620.028
                ],
                [
                    792,
                    597.024
                ],
                [
                    795.072,
                    587.952
                ],
                [
                    796.032,
                    567.972
                ],
                [
                    801.024,
                    560.952
                ],
                [
                    801.984,
                    536.976
                ],
                [
                    807.936,
                    524.9879999999999
                ],
                [
                    811.968,
                    524.0160000000001
                ],
                [
                    816,
                    532.0079999999999
                ],
                [
                    817.92,
                    542.052
                ],
                [
                    817.92,
                    563.976
                ],
                [
                    821.952,
                    590.004
                ],
                [
                    821.952,
                    604.044
                ],
                [
                    825.984,
                    628.02
                ],
                [
                    830.0160000000001,
                    633.9599999999999
                ],
                [
                    831.936,
                    651.024
                ],
                [
                    841.92,
                    671.976
                ],
                [
                    844.0319999999999,
                    686.016
                ],
                [
                    849.9839999999999,
                    699.948
                ],
                [
                    854.976,
                    710.9639999999999
                ],
                [
                    864,
                    724.032
                ],
                [
                    867.072,
                    736.02
                ],
                [
                    873.984,
                    752.976
                ],
                [
                    883.968,
                    766.0440000000001
                ],
                [
                    884.928,
                    771.012
                ],
                [
                    883.968,
                    794.016
                ],
                [
                    878.976,
                    806.0039999999999
                ],
                [
                    875.904,
                    825.0120000000001
                ],
                [
                    868.032,
                    844.02
                ],
                [
                    858.048,
                    857.952
                ],
                [
                    858.048,
                    860.004
                ],
                [
                    849.9839999999999,
                    864
                ],
                [
                    830.976,
                    864
                ]
            ]
        }
    ]
}