{
    "IMAGE_INFO": {
        "FILE_NAME": "1000252@0_03002_220913_P1_T3__2008.jpg",
        "DATE": "2022-11-01 04:20:28",
        "RESOLUTION": "1920 x 1080",
        "IMAGE_PHOTOGRAPHER": "김보배",
        "FOCUS_DISTANCE": "7.1",
        "EXPOSURE_TIME": "1/400",
        "SENSITIVITY_ISO": "5000",
        "PLACE": "삼오자원",
        "REGION_NAME": null,
        "Direction": "0",
        "HEIGHT": "100",
        "DAY/NIGHT": "주간",
        "WEATHER": "맑음",
        "IMAGE_HEIGHT": 1080,
        "IMAGE_WIDTH": 1920,
        "IMAGE_SIZE": "566.7 KB"
    },
    "ANNOTATION_INFO": [
        {
            "ID": "1",
            "CLASS": "페트병",
            "DETAILS": "유색단일",
            "DAMAGE": "원형",
            "DIRTINESS": "이물질(외부)",
            "COVER": "없음",
            "TRANSPARENCY": "불투명",
            "SHAPE": "물통형",
            "SHAPE_TYPE": "POLYGON",
            "POINTS": [
                [
                    358.08,
                    870.048
                ],
                [
                    355.00800000000004,
                    867.996
                ],
                [
                    350.976,
                    867.996
                ],
                [
                    345.984,
                    861.948
                ],
                [
                    340.992,
                    860.004
                ],
                [
                    340.992,
                    853.9559999999999
                ],
                [
                    335.03999999999996,
                    845.9639999999999
                ],
                [
                    335.03999999999996,
                    841.968
                ],
                [
                    345.984,
                    817.992
                ],
                [
                    341.952,
                    806.0039999999999
                ],
                [
                    347.904,
                    787.9680000000001
                ],
                [
                    345.984,
                    721.0079999999999
                ],
                [
                    353.088,
                    693.0360000000001
                ],
                [
                    355.968,
                    667.008
                ],
                [
                    363.072,
                    644.004
                ],
                [
                    384,
                    620.028
                ],
                [
                    388.032,
                    608.04
                ],
                [
                    388.032,
                    591.948
                ],
                [
                    372.096,
                    559.9799999999999
                ],
                [
                    368.064,
                    543.024
                ],
                [
                    369.98400000000004,
                    502.956
                ],
                [
                    377.08799999999997,
                    481.03200000000004
                ],
                [
                    398.016,
                    438.048
                ],
                [
                    398.016,
                    434.05199999999996
                ],
                [
                    440.06399999999996,
                    351.97200000000004
                ],
                [
                    460.992,
                    303.048
                ],
                [
                    467.904,
                    293.00399999999996
                ],
                [
                    505.92,
                    205.95600000000002
                ],
                [
                    523.0079999999999,
                    176.04000000000002
                ],
                [
                    538.944,
                    154.008
                ],
                [
                    552.9599999999999,
                    139.968
                ],
                [
                    566.976,
                    130.03199999999998
                ],
                [
                    584.0640000000001,
                    130.03199999999998
                ],
                [
                    595.008,
                    138.024
                ],
                [
                    619.008,
                    143.964
                ],
                [
                    634.944,
                    151.956
                ],
                [
                    647.0400000000001,
                    159.948
                ],
                [
                    652.032,
                    165.996
                ],
                [
                    667.968,
                    173.988
                ],
                [
                    684.096,
                    189.972
                ],
                [
                    696.96,
                    192.024
                ],
                [
                    710.976,
                    192.024
                ],
                [
                    716.928,
                    193.96800000000002
                ],
                [
                    744,
                    209.952
                ],
                [
                    753.024,
                    219.99599999999998
                ],
                [
                    754.944,
                    232.95600000000002
                ],
                [
                    743.04,
                    299.05199999999996
                ],
                [
                    734.016,
                    324.972
                ],
                [
                    726.912,
                    336.96
                ],
                [
                    720,
                    355.968
                ],
                [
                    716.928,
                    371.952
                ],
                [
                    710.0160000000001,
                    380.05199999999996
                ],
                [
                    708.096,
                    388.044
                ],
                [
                    696,
                    405.97200000000004
                ],
                [
                    694.0799999999999,
                    416.01599999999996
                ],
                [
                    689.088,
                    424.008
                ],
                [
                    686.976,
                    432
                ],
                [
                    681.984,
                    438.048
                ],
                [
                    680.0640000000001,
                    448.956
                ],
                [
                    675.072,
                    455.004
                ],
                [
                    672.9599999999999,
                    462.99600000000004
                ],
                [
                    666.048,
                    473.04
                ],
                [
                    666.048,
                    478.98
                ],
                [
                    653.952,
                    498.96000000000004
                ],
                [
                    652.032,
                    509.004
                ],
                [
                    647.0400000000001,
                    516.996
                ],
                [
                    639.9359999999999,
                    536.976
                ],
                [
                    634.944,
                    543.024
                ],
                [
                    611.904,
                    600.048
                ],
                [
                    604.992,
                    608.04
                ],
                [
                    600,
                    617.976
                ],
                [
                    596.928,
                    632.0160000000001
                ],
                [
                    552.9599999999999,
                    677.052
                ],
                [
                    546.048,
                    681.048
                ],
                [
                    533.952,
                    681.048
                ],
                [
                    523.0079999999999,
                    686.9879999999999
                ],
                [
                    508.032,
                    706.968
                ],
                [
                    505.92,
                    713.016
                ],
                [
                    494.01599999999996,
                    726.948
                ],
                [
                    478.08,
                    756.972
                ],
                [
                    473.088,
                    763.02
                ],
                [
                    456.96,
                    795.96
                ],
                [
                    456,
                    803.952
                ],
                [
                    446.976,
                    820.044
                ],
                [
                    435.072,
                    837.972
                ],
                [
                    431.04,
                    837.972
                ],
                [
                    418.944,
                    849.96
                ],
                [
                    413.952,
                    860.004
                ],
                [
                    407.03999999999996,
                    867.996
                ],
                [
                    403.008,
                    870.048
                ],
                [
                    390.91200000000003,
                    870.048
                ],
                [
                    385.92,
                    866.0519999999999
                ],
                [
                    363.072,
                    866.0519999999999
                ],
                [
                    358.08,
                    870.048
                ]
            ]
        }
    ]
}