{
    "IMAGE_INFO": {
        "FILE_NAME": "1000022@0_03002_220913_P1_T3__1700.jpg",
        "DATE": "2022-11-01 04:20:17",
        "RESOLUTION": "1920 x 1080",
        "IMAGE_PHOTOGRAPHER": "김보배",
        "FOCUS_DISTANCE": "7.1",
        "EXPOSURE_TIME": "1/400",
        "SENSITIVITY_ISO": "5000",
        "PLACE": "삼오자원",
        "REGION_NAME": null,
        "Direction": "0",
        "HEIGHT": "100",
        "DAY/NIGHT": "주간",
        "WEATHER": "맑음",
        "IMAGE_HEIGHT": 1080,
        "IMAGE_WIDTH": 1920,
        "IMAGE_SIZE": "608.7 KB"
    },
    "ANNOTATION_INFO": [
        {
            "ID": "1",
            "CLASS": "페트병",
            "DETAILS": "유색단일",
            "DAMAGE": "원형",
            "DIRTINESS": "이물질(외부)",
            "COVER": "없음",
            "TRANSPARENCY": "불투명",
            "SHAPE": "일반용기형",
            "SHAPE_TYPE": "POLYGON",
            "POINTS": [
                [
                    657.984,
                    844.02
                ],
                [
                    646.08,
                    843.048
                ],
                [
                    633.984,
                    840.024
                ],
                [
                    622.08,
                    840.024
                ],
                [
                    604.0319999999999,
                    836.028
                ],
                [
                    595.9680000000001,
                    836.028
                ],
                [
                    566.016,
                    828.0360000000001
                ],
                [
                    543.936,
                    817.992
                ],
                [
                    532.032,
                    803.952
                ],
                [
                    519.9359999999999,
                    759.996
                ],
                [
                    522.048,
                    724.032
                ],
                [
                    532.032,
                    675
                ],
                [
                    536.064,
                    668.952
                ],
                [
                    542.016,
                    640.008
                ],
                [
                    543.936,
                    617.976
                ],
                [
                    552,
                    590.004
                ],
                [
                    552,
                    579.96
                ],
                [
                    557.952,
                    558.0360000000001
                ],
                [
                    557.952,
                    543.024
                ],
                [
                    566.976,
                    500.04
                ],
                [
                    567.936,
                    474.012
                ],
                [
                    580.0319999999999,
                    412.02
                ],
                [
                    591.936,
                    378
                ],
                [
                    600,
                    363.96000000000004
                ],
                [
                    622.08,
                    344.952
                ],
                [
                    625.9200000000001,
                    339.98400000000004
                ],
                [
                    629.952,
                    339.012
                ],
                [
                    633.984,
                    300.024
                ],
                [
                    639.9359999999999,
                    288.036
                ],
                [
                    643.968,
                    273.996
                ],
                [
                    648,
                    272.052
                ],
                [
                    660.096,
                    272.052
                ],
                [
                    670.0799999999999,
                    273.996
                ],
                [
                    686.976,
                    273.996
                ],
                [
                    729.024,
                    280.044
                ],
                [
                    738.048,
                    285.012
                ],
                [
                    753.024,
                    288.036
                ],
                [
                    758.016,
                    289.98
                ],
                [
                    771.072,
                    296.028
                ],
                [
                    773.952,
                    300.024
                ],
                [
                    777.984,
                    301.968
                ],
                [
                    782.016,
                    301.968
                ],
                [
                    782.016,
                    350.028
                ],
                [
                    777.984,
                    358.02000000000004
                ],
                [
                    777.984,
                    369.036
                ],
                [
                    790.0799999999999,
                    392.03999999999996
                ],
                [
                    796.032,
                    412.02
                ],
                [
                    795.072,
                    474.012
                ],
                [
                    792,
                    482.976
                ],
                [
                    788.928,
                    508.032
                ],
                [
                    786.048,
                    513.972
                ],
                [
                    777.984,
                    550.044
                ],
                [
                    777.984,
                    562.0319999999999
                ],
                [
                    773.952,
                    578.016
                ],
                [
                    771.072,
                    605.988
                ],
                [
                    766.08,
                    624.024
                ],
                [
                    766.08,
                    633.9599999999999
                ],
                [
                    759.9359999999999,
                    662.04
                ],
                [
                    758.976,
                    683.9639999999999
                ],
                [
                    753.984,
                    705.024
                ],
                [
                    753.024,
                    725.976
                ],
                [
                    747.072,
                    756
                ],
                [
                    734.976,
                    794.9879999999999
                ],
                [
                    724.0319999999999,
                    807.948
                ],
                [
                    716.928,
                    821.9879999999999
                ],
                [
                    704.0640000000001,
                    837
                ],
                [
                    694.0799999999999,
                    841.968
                ],
                [
                    681.024,
                    844.02
                ],
                [
                    657.984,
                    844.02
                ]
            ]
        }
    ]
}