{
    "IMAGE_INFO": {
        "FILE_NAME": "1000224@0_03002_220913_P1_T3__1946.jpg",
        "DATE": "2022-11-01 04:20:26",
        "RESOLUTION": "1920 x 1080",
        "IMAGE_PHOTOGRAPHER": "김보배",
        "FOCUS_DISTANCE": "7.1",
        "EXPOSURE_TIME": "1/400",
        "SENSITIVITY_ISO": "5000",
        "PLACE": "삼오자원",
        "REGION_NAME": null,
        "Direction": "0",
        "HEIGHT": "100",
        "DAY/NIGHT": "주간",
        "WEATHER": "맑음",
        "IMAGE_HEIGHT": 1080,
        "IMAGE_WIDTH": 1920,
        "IMAGE_SIZE": "663.0 KB"
    },
    "ANNOTATION_INFO": [
        {
            "ID": "1",
            "CLASS": "페트병",
            "DETAILS": "유색단일",
            "DAMAGE": "원형",
            "DIRTINESS": "이물질(외부)",
            "COVER": "겹침",
            "TRANSPARENCY": "불투명",
            "SHAPE": "물통형",
            "SHAPE_TYPE": "POLYGON",
            "POINTS": [
                [
                    820.0319999999999,
                    974.052
                ],
                [
                    787.968,
                    968.004
                ],
                [
                    766.08,
                    960.0120000000001
                ],
                [
                    763.968,
                    957.96
                ],
                [
                    753.024,
                    952.02
                ],
                [
                    752.064,
                    949.9680000000001
                ],
                [
                    752.064,
                    937.98
                ],
                [
                    753.024,
                    936.0360000000001
                ],
                [
                    753.984,
                    910.008
                ],
                [
                    758.976,
                    887.976
                ],
                [
                    759.9359999999999,
                    845.9639999999999
                ],
                [
                    766.08,
                    818.9639999999999
                ],
                [
                    771.072,
                    807.948
                ],
                [
                    772.032,
                    795.96
                ],
                [
                    773.952,
                    789.048
                ],
                [
                    779.904,
                    775.98
                ],
                [
                    779.904,
                    763.9920000000001
                ],
                [
                    786.048,
                    725.976
                ],
                [
                    792,
                    704.052
                ],
                [
                    792,
                    693.0360000000001
                ],
                [
                    795.072,
                    686.9879999999999
                ],
                [
                    793.92,
                    663.0120000000001
                ],
                [
                    796.032,
                    655.9920000000001
                ],
                [
                    801.024,
                    650.052
                ],
                [
                    801.984,
                    640.008
                ],
                [
                    804.096,
                    637.956
                ],
                [
                    811.968,
                    633.9599999999999
                ],
                [
                    814.0799999999999,
                    640.008
                ],
                [
                    817.92,
                    650.052
                ],
                [
                    819.072,
                    686.016
                ],
                [
                    821.952,
                    699.948
                ],
                [
                    821.952,
                    717.9839999999999
                ],
                [
                    825.984,
                    740.0160000000001
                ],
                [
                    831.936,
                    753.9480000000001
                ],
                [
                    831.936,
                    759.996
                ],
                [
                    838.08,
                    779.976
                ],
                [
                    841.92,
                    783.972
                ],
                [
                    844.0319999999999,
                    798.0120000000001
                ],
                [
                    849.024,
                    812.052
                ],
                [
                    854.976,
                    825.0120000000001
                ],
                [
                    859.9680000000001,
                    829.9799999999999
                ],
                [
                    864,
                    837
                ],
                [
                    865.9200000000001,
                    841.968
                ],
                [
                    867.072,
                    848.988
                ],
                [
                    882.048,
                    879.012
                ],
                [
                    883.968,
                    890.028
                ],
                [
                    884.928,
                    891
                ],
                [
                    883.968,
                    902.9879999999999
                ],
                [
                    875.904,
                    924.048
                ],
                [
                    873.024,
                    938.952
                ],
                [
                    868.032,
                    951.048
                ],
                [
                    859.9680000000001,
                    965.952
                ],
                [
                    854.016,
                    972
                ],
                [
                    845.952,
                    974.052
                ],
                [
                    820.0319999999999,
                    974.052
                ]
            ]
        },
        {
            "ID": "2",
            "CLASS": "페트병",
            "DETAILS": "유색단일",
            "DAMAGE": "찌그러짐",
            "DIRTINESS": "이물질(외부)",
            "COVER": "없음",
            "TRANSPARENCY": "불투명",
            "SHAPE": "스프레이용기형",
            "SHAPE_TYPE": "POLYGON",
            "POINTS": [
                [
                    345.984,
                    982.044
                ],
                [
                    340.03200000000004,
                    979.992
                ],
                [
                    337.91999999999996,
                    975.996
                ],
                [
                    334.08,
                    975.024
                ],
                [
                    326.976,
                    963.0360000000001
                ],
                [
                    321.024,
                    956.9879999999999
                ],
                [
                    310.08,
                    937.98
                ],
                [
                    303.936,
                    914.004
                ],
                [
                    303.936,
                    906.012
                ],
                [
                    299.904,
                    894.024
                ],
                [
                    297.98400000000004,
                    875.988
                ],
                [
                    292.03200000000004,
                    860.004
                ],
                [
                    291.072,
                    843.048
                ],
                [
                    288,
                    836.028
                ],
                [
                    288,
                    828.0360000000001
                ],
                [
                    284.928,
                    813.9960000000001
                ],
                [
                    278.016,
                    794.9879999999999
                ],
                [
                    273.024,
                    789.048
                ],
                [
                    272.06399999999996,
                    778.032
                ],
                [
                    258.048,
                    758.052
                ],
                [
                    255.936,
                    748.008
                ],
                [
                    252.096,
                    654.048
                ],
                [
                    254.016,
                    633.9599999999999
                ],
                [
                    258.048,
                    616.032
                ],
                [
                    258.048,
                    604.044
                ],
                [
                    260.928,
                    596.0519999999999
                ],
                [
                    262.08000000000004,
                    573.048
                ],
                [
                    269.952,
                    528.0120000000001
                ],
                [
                    275.904,
                    517.9680000000001
                ],
                [
                    278.976,
                    516.024
                ],
                [
                    283.968,
                    516.024
                ],
                [
                    291.072,
                    508.032
                ],
                [
                    296.064,
                    506.952
                ],
                [
                    308.928,
                    494.964
                ],
                [
                    308.928,
                    442.044
                ],
                [
                    315.072,
                    438.048
                ],
                [
                    317.952,
                    438.048
                ],
                [
                    321.984,
                    434.05199999999996
                ],
                [
                    321.984,
                    416.01599999999996
                ],
                [
                    330.048,
                    412.02
                ],
                [
                    336,
                    412.02
                ],
                [
                    339.072,
                    411.048
                ],
                [
                    339.072,
                    380.05199999999996
                ],
                [
                    341.952,
                    374.004
                ],
                [
                    340.03200000000004,
                    347.976
                ],
                [
                    344.064,
                    344.952
                ],
                [
                    347.904,
                    343.98
                ],
                [
                    351.936,
                    343.98
                ],
                [
                    361.92,
                    344.952
                ],
                [
                    364.032,
                    347.976
                ],
                [
                    364.032,
                    358.02000000000004
                ],
                [
                    365.952,
                    370.00800000000004
                ],
                [
                    369.024,
                    375.94800000000004
                ],
                [
                    369.98400000000004,
                    386.964
                ],
                [
                    374.016,
                    389.988
                ],
                [
                    380.928,
                    392.03999999999996
                ],
                [
                    380.928,
                    404.02799999999996
                ],
                [
                    393.024,
                    413.964
                ],
                [
                    393.984,
                    428.00399999999996
                ],
                [
                    399.93600000000004,
                    432
                ],
                [
                    404.928,
                    432
                ],
                [
                    408,
                    434.05199999999996
                ],
                [
                    409.92,
                    438.048
                ],
                [
                    412.03200000000004,
                    465.048
                ],
                [
                    416.064,
                    470.988
                ],
                [
                    417.98400000000004,
                    471.96
                ],
                [
                    422.01599999999996,
                    471.96
                ],
                [
                    432,
                    467.964
                ],
                [
                    451.968,
                    467.964
                ],
                [
                    457.91999999999996,
                    470.01599999999996
                ],
                [
                    470.01599999999996,
                    482.00399999999996
                ],
                [
                    475.968,
                    492.048
                ],
                [
                    483.072,
                    513
                ],
                [
                    489.02399999999994,
                    524.9879999999999
                ],
                [
                    499.968,
                    540
                ],
                [
                    500.92800000000005,
                    546.048
                ],
                [
                    518.016,
                    571.968
                ],
                [
                    519.9359999999999,
                    579.96
                ],
                [
                    529.9200000000001,
                    594
                ],
                [
                    537.024,
                    612.036
                ],
                [
                    537.984,
                    621
                ],
                [
                    548.928,
                    644.976
                ],
                [
                    550.0799999999999,
                    651.996
                ],
                [
                    553.92,
                    655.9920000000001
                ],
                [
                    555.072,
                    663.984
                ],
                [
                    560.0640000000001,
                    671.976
                ],
                [
                    561.024,
                    683.9639999999999
                ],
                [
                    571.968,
                    705.024
                ],
                [
                    572.928,
                    716.0400000000001
                ],
                [
                    576,
                    717.9839999999999
                ],
                [
                    577.92,
                    721.98
                ],
                [
                    577.92,
                    725.976
                ],
                [
                    584.0640000000001,
                    740.0160000000001
                ],
                [
                    584.0640000000001,
                    745.956
                ],
                [
                    590.0160000000001,
                    759.996
                ],
                [
                    594.048,
                    807.948
                ],
                [
                    591.936,
                    920.052
                ],
                [
                    590.0160000000001,
                    929.9879999999999
                ],
                [
                    585.984,
                    933.0120000000001
                ],
                [
                    585.024,
                    936.0360000000001
                ],
                [
                    579.072,
                    940.0319999999999
                ],
                [
                    566.976,
                    944.028
                ],
                [
                    539.904,
                    948.024
                ],
                [
                    526.08,
                    948.024
                ],
                [
                    505.92,
                    951.048
                ],
                [
                    499.968,
                    953.9639999999999
                ],
                [
                    489.02399999999994,
                    953.9639999999999
                ],
                [
                    465.024,
                    960.0120000000001
                ],
                [
                    456,
                    960.0120000000001
                ],
                [
                    441.024,
                    964.0079999999999
                ],
                [
                    422.976,
                    965.952
                ],
                [
                    411.072,
                    969.948
                ],
                [
                    404.928,
                    969.948
                ],
                [
                    384,
                    978.048
                ],
                [
                    374.976,
                    978.048
                ],
                [
                    363.072,
                    982.044
                ],
                [
                    345.984,
                    982.044
                ]
            ]
        }
    ]
}