{
    "IMAGE_INFO": {
        "FILE_NAME": "1000148@0_03002_220913_P1_T3__1944.jpg",
        "DATE": "2022-11-01 04:20:26",
        "RESOLUTION": "1920 x 1080",
        "IMAGE_PHOTOGRAPHER": "김보배",
        "FOCUS_DISTANCE": "7.1",
        "EXPOSURE_TIME": "1/400",
        "SENSITIVITY_ISO": "5000",
        "PLACE": "삼오자원",
        "REGION_NAME": null,
        "Direction": "0",
        "HEIGHT": "100",
        "DAY/NIGHT": "주간",
        "WEATHER": "맑음",
        "IMAGE_HEIGHT": 1080,
        "IMAGE_WIDTH": 1920,
        "IMAGE_SIZE": "650.8 KB"
    },
    "ANNOTATION_INFO": [
        {
            "ID": "1",
            "CLASS": "페트병",
            "DETAILS": "유색단일",
            "DAMAGE": "원형",
            "DIRTINESS": "이물질(외부)",
            "COVER": "없음",
            "TRANSPARENCY": "불투명",
            "SHAPE": "스프레이용기형",
            "SHAPE_TYPE": "POLYGON",
            "POINTS": [
                [
                    282.048,
                    1080
                ],
                [
                    282.048,
                    1064.0159999999998
                ],
                [
                    278.976,
                    1060.02
                ],
                [
                    277.05600000000004,
                    1032.048
                ],
                [
                    272.06399999999996,
                    1025.028
                ],
                [
                    270.91200000000003,
                    1005.048
                ],
                [
                    264.96000000000004,
                    991.98
                ],
                [
                    264.96000000000004,
                    983.016
                ],
                [
                    260.928,
                    971.028
                ],
                [
                    259.96799999999996,
                    951.048
                ],
                [
                    254.016,
                    918.972
                ],
                [
                    250.94400000000002,
                    914.976
                ],
                [
                    250.94400000000002,
                    890.028
                ],
                [
                    260.928,
                    839.052
                ],
                [
                    264.96000000000004,
                    793.044
                ],
                [
                    268.032,
                    783
                ],
                [
                    268.032,
                    772.956
                ],
                [
                    272.06399999999996,
                    752.004
                ],
                [
                    274.94399999999996,
                    744.9839999999999
                ],
                [
                    278.976,
                    740.988
                ],
                [
                    292.03200000000004,
                    735.048
                ],
                [
                    296.064,
                    731.0519999999999
                ],
                [
                    306.048,
                    725.004
                ],
                [
                    307.96799999999996,
                    720.036
                ],
                [
                    306.048,
                    718.9559999999999
                ],
                [
                    306.048,
                    693.0360000000001
                ],
                [
                    307.96799999999996,
                    682.992
                ],
                [
                    306.048,
                    675
                ],
                [
                    316.032,
                    674.028
                ],
                [
                    318.912,
                    671.0039999999999
                ],
                [
                    320.06399999999996,
                    645.948
                ],
                [
                    336,
                    644.004
                ],
                [
                    337.91999999999996,
                    640.98
                ],
                [
                    336,
                    612.036
                ],
                [
                    340.03200000000004,
                    602.964
                ],
                [
                    340.03200000000004,
                    597.024
                ],
                [
                    336.96,
                    578.016
                ],
                [
                    342.91200000000003,
                    574.02
                ],
                [
                    356.928,
                    574.02
                ],
                [
                    360,
                    574.992
                ],
                [
                    361.92,
                    601.992
                ],
                [
                    364.99199999999996,
                    604.044
                ],
                [
                    366.912,
                    609.012
                ],
                [
                    368.064,
                    636.012
                ],
                [
                    370.944,
                    639.0360000000001
                ],
                [
                    383.04,
                    639.0360000000001
                ],
                [
                    388.992,
                    644.004
                ],
                [
                    389.952,
                    658.044
                ],
                [
                    392.06399999999996,
                    660.96
                ],
                [
                    404.928,
                    663.984
                ],
                [
                    407.03999999999996,
                    681.048
                ],
                [
                    417.024,
                    697.0319999999999
                ],
                [
                    427.008,
                    702.972
                ],
                [
                    455.03999999999996,
                    702
                ],
                [
                    457.91999999999996,
                    702.972
                ],
                [
                    467.904,
                    713.016
                ],
                [
                    475.968,
                    729
                ],
                [
                    485.952,
                    756.972
                ],
                [
                    493.0559999999999,
                    770.04
                ],
                [
                    499.968,
                    778.032
                ],
                [
                    515.904,
                    803.952
                ],
                [
                    517.0559999999999,
                    810
                ],
                [
                    523.0079999999999,
                    817.992
                ],
                [
                    537.024,
                    847.044
                ],
                [
                    539.904,
                    856.98
                ],
                [
                    543.936,
                    861.948
                ],
                [
                    556.032,
                    906.012
                ],
                [
                    585.024,
                    990.036
                ],
                [
                    589.056,
                    1009.044
                ],
                [
                    589.056,
                    1080
                ],
                [
                    282.048,
                    1080
                ]
            ]
        }
    ]
}