{
    "IMAGE_INFO": {
        "FILE_NAME": "1001036@0_03002_220913_P1_T3__0701.jpg",
        "DATE": "2022-11-01 04:20:44",
        "RESOLUTION": "1920 x 1080",
        "IMAGE_PHOTOGRAPHER": "김보배",
        "FOCUS_DISTANCE": "7.1",
        "EXPOSURE_TIME": "1/400",
        "SENSITIVITY_ISO": "5000",
        "PLACE": "삼오자원",
        "REGION_NAME": null,
        "Direction": "0",
        "HEIGHT": "100",
        "DAY/NIGHT": "주간",
        "WEATHER": "맑음",
        "IMAGE_HEIGHT": 1080,
        "IMAGE_WIDTH": 1920,
        "IMAGE_SIZE": "597.8 KB"
    },
    "ANNOTATION_INFO": [
        {
            "ID": "1",
            "CLASS": "페트병",
            "DETAILS": "유색단일",
            "DAMAGE": "원형",
            "DIRTINESS": "이물질(외부)",
            "COVER": "겹침",
            "TRANSPARENCY": "불투명",
            "SHAPE": "일반용기형",
            "SHAPE_TYPE": "POLYGON",
            "POINTS": [
                [
                    613.0559999999999,
                    911.952
                ],
                [
                    696,
                    901.0440000000001
                ],
                [
                    715.9680000000001,
                    861.948
                ],
                [
                    900.096,
                    834.948
                ],
                [
                    921.984,
                    902.9879999999999
                ],
                [
                    931.008,
                    979.992
                ],
                [
                    801.024,
                    1022.004
                ],
                [
                    737.0880000000001,
                    1044.036
                ],
                [
                    718.08,
                    1015.956
                ],
                [
                    687.936,
                    1026.972
                ],
                [
                    634.944,
                    1036.044
                ],
                [
                    613.0559999999999,
                    978.048
                ]
            ]
        },
        {
            "ID": "2",
            "CLASS": "페트병",
            "DETAILS": "유색단일",
            "DAMAGE": "원형",
            "DIRTINESS": "오염없음",
            "COVER": "겹침",
            "TRANSPARENCY": "불투명",
            "SHAPE": "물통형",
            "SHAPE_TYPE": "POLYGON",
            "POINTS": [
                [
                    779.904,
                    477.036
                ],
                [
                    758.016,
                    470.01599999999996
                ],
                [
                    758.016,
                    467.964
                ],
                [
                    734.976,
                    455.004
                ],
                [
                    715.008,
                    446.03999999999996
                ],
                [
                    709.056,
                    446.03999999999996
                ],
                [
                    700.0319999999999,
                    442.044
                ],
                [
                    689.088,
                    442.044
                ],
                [
                    671.04,
                    455.976
                ],
                [
                    662.016,
                    459
                ],
                [
                    652.9920000000001,
                    459
                ],
                [
                    634.944,
                    450.036
                ],
                [
                    581.952,
                    448.956
                ],
                [
                    552.9599999999999,
                    442.044
                ],
                [
                    528.96,
                    429.94800000000004
                ],
                [
                    490.94399999999996,
                    405
                ],
                [
                    464.064,
                    393.98400000000004
                ],
                [
                    451.008,
                    392.03999999999996
                ],
                [
                    444.096,
                    386.964
                ],
                [
                    428.928,
                    381.024
                ],
                [
                    420.096,
                    380.05199999999996
                ],
                [
                    412.992,
                    374.976
                ],
                [
                    402.048,
                    370.98
                ],
                [
                    390.91200000000003,
                    369.036
                ],
                [
                    382.08000000000004,
                    365.04
                ],
                [
                    379.96799999999996,
                    358.99199999999996
                ],
                [
                    370.944,
                    353.052
                ],
                [
                    360,
                    350.028
                ],
                [
                    349.056,
                    340.95599999999996
                ],
                [
                    332.928,
                    336.96
                ],
                [
                    296.064,
                    316.00800000000004
                ],
                [
                    275.904,
                    311.03999999999996
                ],
                [
                    267.072,
                    304.99199999999996
                ],
                [
                    249.02400000000003,
                    299.05199999999996
                ],
                [
                    206.976,
                    277.02
                ],
                [
                    167.04,
                    250.02
                ],
                [
                    139.96800000000002,
                    224.96400000000003
                ],
                [
                    138.048,
                    219.024
                ],
                [
                    121.92,
                    201.96
                ],
                [
                    115.968,
                    181.008
                ],
                [
                    104.064,
                    165.996
                ],
                [
                    101.952,
                    149.04000000000002
                ],
                [
                    104.064,
                    131.976
                ],
                [
                    113.08800000000001,
                    111.996
                ],
                [
                    133.056,
                    96.98400000000001
                ],
                [
                    138.048,
                    96.012
                ],
                [
                    142.07999999999998,
                    89.964
                ],
                [
                    142.07999999999998,
                    81.972
                ],
                [
                    147.072,
                    84.02399999999999
                ],
                [
                    150.912,
                    89.964
                ],
                [
                    153.024,
                    68.04
                ],
                [
                    144,
                    51.94799999999999
                ],
                [
                    142.07999999999998,
                    39.96
                ],
                [
                    144,
                    30.996
                ],
                [
                    150.912,
                    23.976000000000003
                ],
                [
                    150.912,
                    10.043999999999999
                ],
                [
                    153.024,
                    7.02
                ],
                [
                    167.04,
                    0
                ],
                [
                    326.976,
                    0
                ],
                [
                    337.91999999999996,
                    3.996
                ],
                [
                    344.064,
                    8.964
                ],
                [
                    350.976,
                    10.043999999999999
                ],
                [
                    369.024,
                    19.008000000000003
                ],
                [
                    414.912,
                    46.007999999999996
                ],
                [
                    469.056,
                    69.012
                ],
                [
                    494.97599999999994,
                    84.99600000000001
                ],
                [
                    566.976,
                    118.044
                ],
                [
                    613.0559999999999,
                    143.964
                ],
                [
                    667.0079999999999,
                    165.024
                ],
                [
                    692.928,
                    185.00400000000002
                ],
                [
                    691.008,
                    227.016
                ],
                [
                    695.04,
                    243.97199999999998
                ],
                [
                    704.0640000000001,
                    258.012
                ],
                [
                    718.08,
                    267.948
                ],
                [
                    748.992,
                    301.968
                ],
                [
                    750.912,
                    308.016
                ],
                [
                    744,
                    331.02
                ],
                [
                    748.992,
                    343.008
                ],
                [
                    763.968,
                    358.02000000000004
                ],
                [
                    821.952,
                    397.008
                ],
                [
                    811.008,
                    421.956
                ],
                [
                    812.928,
                    455.976
                ],
                [
                    811.008,
                    467.964
                ],
                [
                    800.0640000000001,
                    477.036
                ],
                [
                    779.904,
                    477.036
                ]
            ]
        }
    ]
}