{
    "IMAGE_INFO": {
        "FILE_NAME": "1001418@0_03002_220906_P1_T3__0365.jpg",
        "DATE": "2022-10-21 15:34:36",
        "RESOLUTION": "1920 x 1080",
        "IMAGE_PHOTOGRAPHER": "이지은",
        "FOCUS_DISTANCE": "5.6",
        "EXPOSURE_TIME": "1/400",
        "SENSITIVITY_ISO": "12800",
        "PLACE": "삼오자원",
        "REGION_NAME": null,
        "Direction": "0",
        "HEIGHT": "100",
        "DAY/NIGHT": "주간",
        "WEATHER": "맑음",
        "IMAGE_HEIGHT": 1080,
        "IMAGE_WIDTH": 1920,
        "IMAGE_SIZE": "531.3 KB"
    },
    "ANNOTATION_INFO": [
        {
            "ID": "1",
            "CLASS": "페트병",
            "DETAILS": "유색단일",
            "DAMAGE": "찌그러짐",
            "DIRTINESS": "이물질(외부)",
            "COVER": "없음",
            "TRANSPARENCY": "불투명",
            "SHAPE": "스프레이용기형",
            "SHAPE_TYPE": "POLYGON",
            "POINTS": [
                [
                    480.96,
                    1080
                ],
                [
                    444.096,
                    1057.968
                ],
                [
                    380.928,
                    1059.048
                ],
                [
                    374.976,
                    1056.996
                ],
                [
                    370.944,
                    1053
                ],
                [
                    366.912,
                    1037.988
                ],
                [
                    364.99199999999996,
                    1011.96
                ],
                [
                    360.96,
                    999.972
                ],
                [
                    356.928,
                    998.028
                ],
                [
                    336,
                    998.028
                ],
                [
                    299.904,
                    999.972
                ],
                [
                    293.952,
                    995.976
                ],
                [
                    293.952,
                    988.9559999999999
                ],
                [
                    296.064,
                    983.016
                ],
                [
                    312,
                    960.984
                ],
                [
                    317.952,
                    957.96
                ],
                [
                    320.06399999999996,
                    953.9639999999999
                ],
                [
                    326.016,
                    949.9680000000001
                ],
                [
                    345.024,
                    929.9879999999999
                ],
                [
                    355.00800000000004,
                    917.028
                ],
                [
                    356.928,
                    910.98
                ],
                [
                    360.96,
                    909.0360000000001
                ],
                [
                    363.072,
                    902.9879999999999
                ],
                [
                    370.944,
                    895.968
                ],
                [
                    379.008,
                    883.98
                ],
                [
                    384.96000000000004,
                    879.9839999999999
                ],
                [
                    388.992,
                    872.964
                ],
                [
                    394.94399999999996,
                    870.048
                ],
                [
                    401.088,
                    868.968
                ],
                [
                    437.952,
                    866.0519999999999
                ],
                [
                    444.096,
                    863.028
                ],
                [
                    451.968,
                    855.036
                ],
                [
                    464.064,
                    848.016
                ],
                [
                    484.99199999999996,
                    839.052
                ],
                [
                    503.04,
                    834.948
                ],
                [
                    536.064,
                    832.0319999999999
                ],
                [
                    580.0319999999999,
                    830.952
                ],
                [
                    617.0880000000001,
                    829.0079999999999
                ],
                [
                    630.912,
                    826.956
                ],
                [
                    684.096,
                    825.0120000000001
                ],
                [
                    700.0319999999999,
                    822.96
                ],
                [
                    747.072,
                    821.9879999999999
                ],
                [
                    797.952,
                    818.9639999999999
                ],
                [
                    834.048,
                    818.9639999999999
                ],
                [
                    860.928,
                    822.96
                ],
                [
                    877.0559999999999,
                    832.0319999999999
                ],
                [
                    892.9920000000001,
                    851.0400000000001
                ],
                [
                    901.056,
                    879.9839999999999
                ],
                [
                    905.088,
                    952.02
                ],
                [
                    905.088,
                    995.004
                ],
                [
                    898.944,
                    1022.976
                ],
                [
                    881.088,
                    1044.036
                ],
                [
                    860.928,
                    1053
                ],
                [
                    851.904,
                    1053.972
                ],
                [
                    844.0319999999999,
                    1056.996
                ],
                [
                    817.92,
                    1060.992
                ],
                [
                    782.976,
                    1063.0439999999999
                ],
                [
                    772.9920000000001,
                    1064.988
                ],
                [
                    733.0559999999999,
                    1065.96
                ],
                [
                    728.064,
                    1068.012
                ],
                [
                    710.0160000000001,
                    1069.9560000000001
                ],
                [
                    680.0640000000001,
                    1069.9560000000001
                ],
                [
                    673.92,
                    1072.008
                ],
                [
                    657.024,
                    1073.952
                ],
                [
                    634.944,
                    1073.952
                ],
                [
                    627.072,
                    1080
                ],
                [
                    480.96,
                    1080
                ]
            ]
        },
        {
            "ID": "2",
            "CLASS": "페트병",
            "DETAILS": "유색단일",
            "DAMAGE": "찌그러짐",
            "DIRTINESS": "이물질(외부)",
            "COVER": "없음",
            "TRANSPARENCY": "불투명",
            "SHAPE": "스프레이용기형",
            "SHAPE_TYPE": "POLYGON",
            "POINTS": [
                [
                    243.07199999999997,
                    1040.04
                ],
                [
                    205.056,
                    1026
                ],
                [
                    172.032,
                    1007.964
                ],
                [
                    142.07999999999998,
                    987.9839999999999
                ],
                [
                    121.92,
                    968.976
                ],
                [
                    102.912,
                    937.008
                ],
                [
                    95.04,
                    914.976
                ],
                [
                    92.928,
                    887.004
                ],
                [
                    96.96000000000001,
                    876.96
                ],
                [
                    121.92,
                    844.992
                ],
                [
                    134.016,
                    833.004
                ],
                [
                    166.07999999999998,
                    789.048
                ],
                [
                    226.944,
                    716.0400000000001
                ],
                [
                    342.91200000000003,
                    562.0319999999999
                ],
                [
                    447.93600000000004,
                    443.016
                ],
                [
                    480.96,
                    411.048
                ],
                [
                    490.94399999999996,
                    407.052
                ],
                [
                    500.92800000000005,
                    407.052
                ],
                [
                    510.91200000000003,
                    411.048
                ],
                [
                    523.0079999999999,
                    419.04
                ],
                [
                    532.9920000000001,
                    420.984
                ],
                [
                    538.944,
                    419.04
                ],
                [
                    553.92,
                    407.052
                ],
                [
                    570.048,
                    390.96
                ],
                [
                    577.92,
                    386.964
                ],
                [
                    584.0640000000001,
                    386.964
                ],
                [
                    594.048,
                    381.024
                ],
                [
                    604.0319999999999,
                    381.024
                ],
                [
                    611.904,
                    389.016
                ],
                [
                    620.928,
                    390.96
                ],
                [
                    628.992,
                    386.964
                ],
                [
                    668.928,
                    351
                ],
                [
                    675.072,
                    348.948
                ],
                [
                    678.912,
                    348.948
                ],
                [
                    691.968,
                    362.988
                ],
                [
                    690.048,
                    369.036
                ],
                [
                    654.912,
                    407.052
                ],
                [
                    647.0400000000001,
                    412.992
                ],
                [
                    648.96,
                    427.032
                ],
                [
                    657.024,
                    436.968
                ],
                [
                    657.024,
                    444.96
                ],
                [
                    648.96,
                    452.952
                ],
                [
                    648.96,
                    461.052
                ],
                [
                    643.0079999999999,
                    470.988
                ],
                [
                    611.904,
                    501.012
                ],
                [
                    608.064,
                    509.004
                ],
                [
                    605.952,
                    524.9879999999999
                ],
                [
                    608.064,
                    535.032
                ],
                [
                    614.976,
                    548.9639999999999
                ],
                [
                    617.0880000000001,
                    574.02
                ],
                [
                    614.976,
                    586.0079999999999
                ],
                [
                    598.08,
                    621.972
                ],
                [
                    591.936,
                    628.02
                ],
                [
                    585.984,
                    640.008
                ],
                [
                    566.016,
                    667.98
                ],
                [
                    527.0400000000001,
                    713.988
                ],
                [
                    508.992,
                    740.0160000000001
                ],
                [
                    493.0559999999999,
                    756
                ],
                [
                    479.04,
                    775.008
                ],
                [
                    465.984,
                    786.996
                ],
                [
                    457.91999999999996,
                    798.984
                ],
                [
                    451.968,
                    802.98
                ],
                [
                    436.032,
                    821.016
                ],
                [
                    427.96799999999996,
                    833.004
                ],
                [
                    383.04,
                    880.956
                ],
                [
                    370.944,
                    898.9920000000001
                ],
                [
                    360.96,
                    909.0360000000001
                ],
                [
                    356.928,
                    917.028
                ],
                [
                    329.08799999999997,
                    951.048
                ],
                [
                    302.01599999999996,
                    978.048
                ],
                [
                    293.952,
                    994.032
                ],
                [
                    283.968,
                    1006.02
                ],
                [
                    254.016,
                    1037.988
                ],
                [
                    249.02400000000003,
                    1040.04
                ],
                [
                    243.07199999999997,
                    1040.04
                ]
            ]
        }
    ]
}