{
    "IMAGE_INFO": {
        "FILE_NAME": "1001108@0_03002_220913_P1_T3__0561.jpg",
        "DATE": "2022-11-01 04:20:39",
        "RESOLUTION": "1920 x 1080",
        "IMAGE_PHOTOGRAPHER": "김보배",
        "FOCUS_DISTANCE": "7.1",
        "EXPOSURE_TIME": "1/400",
        "SENSITIVITY_ISO": "5000",
        "PLACE": "삼오자원",
        "REGION_NAME": null,
        "Direction": "0",
        "HEIGHT": "100",
        "DAY/NIGHT": "주간",
        "WEATHER": "맑음",
        "IMAGE_HEIGHT": 1080,
        "IMAGE_WIDTH": 1920,
        "IMAGE_SIZE": "575.0 KB"
    },
    "ANNOTATION_INFO": [
        {
            "ID": "1",
            "CLASS": "페트병",
            "DETAILS": "유색단일",
            "DAMAGE": "원형",
            "DIRTINESS": "이물질(외부)",
            "COVER": "없음",
            "TRANSPARENCY": "불투명",
            "SHAPE": "일반용기형",
            "SHAPE_TYPE": "POLYGON",
            "POINTS": [
                [
                    1809.984,
                    990.036
                ],
                [
                    1771.968,
                    986.0400000000001
                ],
                [
                    1752,
                    979.992
                ],
                [
                    1739.904,
                    972
                ],
                [
                    1732.032,
                    961.956
                ],
                [
                    1726.08,
                    918
                ],
                [
                    1718.016,
                    810
                ],
                [
                    1712.064,
                    758.052
                ],
                [
                    1708.032,
                    747.036
                ],
                [
                    1700.928,
                    663.0120000000001
                ],
                [
                    1716.096,
                    632.9879999999999
                ],
                [
                    1737.024,
                    620.028
                ],
                [
                    1747.968,
                    609.012
                ],
                [
                    1753.92,
                    596.0519999999999
                ],
                [
                    1752,
                    558.0360000000001
                ],
                [
                    1756.032,
                    551.9879999999999
                ],
                [
                    1766.976,
                    543.9960000000001
                ],
                [
                    1767.936,
                    501.984
                ],
                [
                    1777.92,
                    497.988
                ],
                [
                    1791.9360000000001,
                    497.988
                ],
                [
                    1814.0159999999998,
                    493.99199999999996
                ],
                [
                    1839.9360000000001,
                    493.99199999999996
                ],
                [
                    1839.9360000000001,
                    501.984
                ],
                [
                    1851.072,
                    528.0120000000001
                ],
                [
                    1852.032,
                    540
                ],
                [
                    1866.048,
                    551.9879999999999
                ],
                [
                    1867.968,
                    578.016
                ],
                [
                    1876.032,
                    597.024
                ],
                [
                    1886.0159999999998,
                    608.04
                ],
                [
                    1920,
                    620.028
                ],
                [
                    1920,
                    983.988
                ],
                [
                    1905.9840000000002,
                    983.988
                ],
                [
                    1876.032,
                    990.036
                ],
                [
                    1809.984,
                    990.036
                ]
            ]
        },
        {
            "ID": "2",
            "CLASS": "페트병",
            "DETAILS": "유색단일",
            "DAMAGE": "찌그러짐",
            "DIRTINESS": "이물질(외부)",
            "COVER": "겹침",
            "TRANSPARENCY": "불투명",
            "SHAPE": "일반용기형",
            "SHAPE_TYPE": "POLYGON",
            "POINTS": [
                [
                    532.032,
                    1080
                ],
                [
                    522.048,
                    1060.992
                ],
                [
                    518.016,
                    1056.996
                ],
                [
                    513.984,
                    1045.008
                ],
                [
                    510.91200000000003,
                    1022.004
                ],
                [
                    507.072,
                    1006.992
                ],
                [
                    507.072,
                    968.004
                ],
                [
                    513.024,
                    945.972
                ],
                [
                    518.016,
                    913.032
                ],
                [
                    522.048,
                    903.9599999999999
                ],
                [
                    523.968,
                    891.972
                ],
                [
                    527.0400000000001,
                    887.976
                ],
                [
                    528.96,
                    871.992
                ],
                [
                    541.056,
                    837.972
                ],
                [
                    542.976,
                    833.976
                ],
                [
                    547.968,
                    830.952
                ],
                [
                    552,
                    833.004
                ],
                [
                    561.984,
                    837.972
                ],
                [
                    562.9440000000001,
                    840.024
                ],
                [
                    594.048,
                    856.0079999999999
                ],
                [
                    651.072,
                    897.048
                ],
                [
                    684.096,
                    917.028
                ],
                [
                    700.0319999999999,
                    925.0200000000001
                ],
                [
                    711.936,
                    926.9639999999999
                ],
                [
                    716.928,
                    926.9639999999999
                ],
                [
                    725.952,
                    925.0200000000001
                ],
                [
                    735.9359999999999,
                    925.9920000000001
                ],
                [
                    739.9680000000001,
                    925.0200000000001
                ],
                [
                    749.952,
                    921.996
                ],
                [
                    758.016,
                    917.028
                ],
                [
                    773.952,
                    910.98
                ],
                [
                    786.048,
                    899.964
                ],
                [
                    786.048,
                    898.02
                ],
                [
                    792.9599999999999,
                    890.028
                ],
                [
                    796.032,
                    888.9480000000001
                ],
                [
                    805.056,
                    875.988
                ],
                [
                    820.992,
                    860.976
                ],
                [
                    822.9119999999999,
                    856.98
                ],
                [
                    826.9440000000001,
                    856.0079999999999
                ],
                [
                    828.096,
                    852.9839999999999
                ],
                [
                    833.088,
                    851.0400000000001
                ],
                [
                    834.048,
                    848.016
                ],
                [
                    841.92,
                    849.96
                ],
                [
                    840.96,
                    856.0079999999999
                ],
                [
                    844.0319999999999,
                    860.004
                ],
                [
                    844.0319999999999,
                    878.04
                ],
                [
                    840.96,
                    891.972
                ],
                [
                    816.96,
                    945.972
                ],
                [
                    816,
                    957.96
                ],
                [
                    810.048,
                    969.948
                ],
                [
                    805.056,
                    987.0120000000001
                ],
                [
                    795.072,
                    1009.044
                ],
                [
                    785.088,
                    1026
                ],
                [
                    783.936,
                    1032.048
                ],
                [
                    774.912,
                    1046.952
                ],
                [
                    764.928,
                    1080
                ],
                [
                    532.032,
                    1080
                ]
            ]
        }
    ]
}