{
    "IMAGE_INFO": {
        "FILE_NAME": "1001087@0_03002_220913_P1_T3__0564.jpg",
        "DATE": "2022-11-01 04:20:39",
        "RESOLUTION": "1920 x 1080",
        "IMAGE_PHOTOGRAPHER": "김보배",
        "FOCUS_DISTANCE": "7.1",
        "EXPOSURE_TIME": "1/400",
        "SENSITIVITY_ISO": "5000",
        "PLACE": "삼오자원",
        "REGION_NAME": null,
        "Direction": "0",
        "HEIGHT": "100",
        "DAY/NIGHT": "주간",
        "WEATHER": "맑음",
        "IMAGE_HEIGHT": 1080,
        "IMAGE_WIDTH": 1920,
        "IMAGE_SIZE": "606.0 KB"
    },
    "ANNOTATION_INFO": [
        {
            "ID": "1",
            "CLASS": "페트병",
            "DETAILS": "유색단일",
            "DAMAGE": "찌그러짐",
            "DIRTINESS": "이물질(외부)",
            "COVER": "없음",
            "TRANSPARENCY": "불투명",
            "SHAPE": "일반용기형",
            "SHAPE_TYPE": "POLYGON",
            "POINTS": [
                [
                    1633.92,
                    876.96
                ],
                [
                    1617.984,
                    874.044
                ],
                [
                    1604.9279999999999,
                    867.996
                ],
                [
                    1593.9840000000002,
                    857.952
                ],
                [
                    1593.024,
                    839.052
                ],
                [
                    1597.056,
                    822.96
                ],
                [
                    1596.096,
                    779.004
                ],
                [
                    1588.992,
                    770.04
                ],
                [
                    1585.9199999999998,
                    770.04
                ],
                [
                    1579.008,
                    762.048
                ],
                [
                    1574.976,
                    743.04
                ],
                [
                    1566.912,
                    678.9960000000001
                ],
                [
                    1564.9920000000002,
                    635.04
                ],
                [
                    1559.0400000000002,
                    602.964
                ],
                [
                    1558.08,
                    573.048
                ],
                [
                    1559.0400000000002,
                    558.0360000000001
                ],
                [
                    1566.912,
                    542.052
                ],
                [
                    1570.944,
                    536.004
                ],
                [
                    1579.008,
                    528.984
                ],
                [
                    1584.96,
                    525.96
                ],
                [
                    1597.056,
                    515.052
                ],
                [
                    1603.968,
                    500.04
                ],
                [
                    1603.968,
                    483.948
                ],
                [
                    1601.088,
                    462.024
                ],
                [
                    1606.08,
                    455.004
                ],
                [
                    1609.92,
                    454.032
                ],
                [
                    1612.992,
                    451.00800000000004
                ],
                [
                    1612.992,
                    432.972
                ],
                [
                    1609.92,
                    421.956
                ],
                [
                    1609.92,
                    408.996
                ],
                [
                    1613.952,
                    402.948
                ],
                [
                    1621.056,
                    401.004
                ],
                [
                    1637.952,
                    397.98
                ],
                [
                    1664.064,
                    396.036
                ],
                [
                    1684.9920000000002,
                    396.036
                ],
                [
                    1691.904,
                    409.968
                ],
                [
                    1693.056,
                    435.024
                ],
                [
                    1699.008,
                    442.044
                ],
                [
                    1704,
                    444.96
                ],
                [
                    1708.032,
                    444.96
                ],
                [
                    1710.912,
                    447.984
                ],
                [
                    1712.064,
                    461.052
                ],
                [
                    1718.016,
                    486.97200000000004
                ],
                [
                    1722.048,
                    493.02000000000004
                ],
                [
                    1734.9119999999998,
                    505.00800000000004
                ],
                [
                    1746.048,
                    509.004
                ],
                [
                    1762.944,
                    520.02
                ],
                [
                    1772.9279999999999,
                    531.0360000000001
                ],
                [
                    1777.92,
                    540.972
                ],
                [
                    1781.952,
                    563.004
                ],
                [
                    1781.952,
                    621.972
                ],
                [
                    1790.016,
                    648
                ],
                [
                    1790.9759999999999,
                    675.972
                ],
                [
                    1796.9279999999999,
                    695.952
                ],
                [
                    1798.08,
                    710.9639999999999
                ],
                [
                    1805.952,
                    745.956
                ],
                [
                    1819.008,
                    821.016
                ],
                [
                    1824.96,
                    830.952
                ],
                [
                    1818.048,
                    843.048
                ],
                [
                    1800.9599999999998,
                    857.952
                ],
                [
                    1782.912,
                    863.028
                ],
                [
                    1771.008,
                    864.972
                ],
                [
                    1758.912,
                    868.968
                ],
                [
                    1738.944,
                    871.02
                ],
                [
                    1731.072,
                    874.044
                ],
                [
                    1697.088,
                    876.96
                ],
                [
                    1633.92,
                    876.96
                ]
            ]
        },
        {
            "ID": "2",
            "CLASS": "페트병",
            "DETAILS": "유색단일",
            "DAMAGE": "찌그러짐",
            "DIRTINESS": "이물질(외부)",
            "COVER": "겹침",
            "TRANSPARENCY": "불투명",
            "SHAPE": "일반용기형",
            "SHAPE_TYPE": "POLYGON",
            "POINTS": [
                [
                    701.952,
                    749.952
                ],
                [
                    667.968,
                    744.012
                ],
                [
                    653.952,
                    744.012
                ],
                [
                    629.952,
                    737.964
                ],
                [
                    619.9680000000001,
                    737.964
                ],
                [
                    608.064,
                    733.968
                ],
                [
                    590.0160000000001,
                    732.024
                ],
                [
                    576,
                    729
                ],
                [
                    555.072,
                    721.98
                ],
                [
                    547.968,
                    713.988
                ],
                [
                    542.976,
                    712.044
                ],
                [
                    532.032,
                    702
                ],
                [
                    528,
                    695.952
                ],
                [
                    522.048,
                    682.02
                ],
                [
                    513.984,
                    633.9599999999999
                ],
                [
                    515.904,
                    597.024
                ],
                [
                    533.952,
                    519.048
                ],
                [
                    537.984,
                    509.976
                ],
                [
                    543.936,
                    486
                ],
                [
                    548.928,
                    475.95599999999996
                ],
                [
                    553.92,
                    470.988
                ],
                [
                    561.024,
                    470.988
                ],
                [
                    594.048,
                    482.00399999999996
                ],
                [
                    608.064,
                    488.052
                ],
                [
                    632.064,
                    501.012
                ],
                [
                    638.016,
                    506.952
                ],
                [
                    648,
                    513
                ],
                [
                    667.968,
                    521.964
                ],
                [
                    699.072,
                    540
                ],
                [
                    721.92,
                    547.992
                ],
                [
                    747.072,
                    548.9639999999999
                ],
                [
                    753.024,
                    546.048
                ],
                [
                    758.976,
                    546.048
                ],
                [
                    771.072,
                    540
                ],
                [
                    777.024,
                    540
                ],
                [
                    782.976,
                    537.948
                ],
                [
                    793.92,
                    532.0079999999999
                ],
                [
                    848.064,
                    475.95599999999996
                ],
                [
                    855.9359999999999,
                    470.01599999999996
                ],
                [
                    859.9680000000001,
                    470.01599999999996
                ],
                [
                    860.928,
                    478.008
                ],
                [
                    858.048,
                    489.996
                ],
                [
                    855.9359999999999,
                    532.0079999999999
                ],
                [
                    851.904,
                    543.024
                ],
                [
                    851.904,
                    548.9639999999999
                ],
                [
                    845.952,
                    562.0319999999999
                ],
                [
                    845.952,
                    573.048
                ],
                [
                    841.92,
                    590.004
                ],
                [
                    836.928,
                    594
                ],
                [
                    835.9680000000001,
                    600.048
                ],
                [
                    825.984,
                    613.98
                ],
                [
                    824.0640000000001,
                    621.972
                ],
                [
                    820.0319999999999,
                    625.968
                ],
                [
                    796.032,
                    675
                ],
                [
                    793.92,
                    686.9879999999999
                ],
                [
                    788.928,
                    694.0079999999999
                ],
                [
                    787.968,
                    704.052
                ],
                [
                    782.976,
                    710.9639999999999
                ],
                [
                    776.064,
                    732.024
                ],
                [
                    763.968,
                    745.956
                ],
                [
                    755.904,
                    749.952
                ],
                [
                    701.952,
                    749.952
                ]
            ]
        }
    ]
}