{
    "IMAGE_INFO": {
        "FILE_NAME": "1001049@0_03002_220913_P1_T3__0582.jpg",
        "DATE": "2022-11-01 04:20:40",
        "RESOLUTION": "1920 x 1080",
        "IMAGE_PHOTOGRAPHER": "김보배",
        "FOCUS_DISTANCE": "7.1",
        "EXPOSURE_TIME": "1/400",
        "SENSITIVITY_ISO": "5000",
        "PLACE": "삼오자원",
        "REGION_NAME": null,
        "Direction": "0",
        "HEIGHT": "100",
        "DAY/NIGHT": "주간",
        "WEATHER": "맑음",
        "IMAGE_HEIGHT": 1080,
        "IMAGE_WIDTH": 1920,
        "IMAGE_SIZE": "506.5 KB"
    },
    "ANNOTATION_INFO": [
        {
            "ID": "1",
            "CLASS": "페트병",
            "DETAILS": "유색단일",
            "DAMAGE": "찌그러짐",
            "DIRTINESS": "이물질(외부)",
            "COVER": "겹침",
            "TRANSPARENCY": "불투명",
            "SHAPE": "물통형",
            "SHAPE_TYPE": "POLYGON",
            "POINTS": [
                [
                    649.9200000000001,
                    232.95600000000002
                ],
                [
                    638.016,
                    219.024
                ],
                [
                    619.9680000000001,
                    209.952
                ],
                [
                    613.0559999999999,
                    209.952
                ],
                [
                    580.992,
                    216
                ],
                [
                    548.928,
                    226.044
                ],
                [
                    541.056,
                    223.01999999999998
                ],
                [
                    527.0400000000001,
                    212.004
                ],
                [
                    523.968,
                    201.96
                ],
                [
                    517.0559999999999,
                    193.96800000000002
                ],
                [
                    504,
                    181.98000000000002
                ],
                [
                    484.99199999999996,
                    168.04799999999997
                ],
                [
                    484.032,
                    165.024
                ],
                [
                    469.056,
                    154.98
                ],
                [
                    455.03999999999996,
                    142.02
                ],
                [
                    445.05600000000004,
                    135.972
                ],
                [
                    436.992,
                    127.008
                ],
                [
                    427.96799999999996,
                    123.984
                ],
                [
                    420.096,
                    115.02
                ],
                [
                    408,
                    111.996
                ],
                [
                    389.952,
                    101.952
                ],
                [
                    373.056,
                    81
                ],
                [
                    345.984,
                    61.02
                ],
                [
                    344.064,
                    57.024
                ],
                [
                    324.096,
                    45.036
                ],
                [
                    316.992,
                    38.988
                ],
                [
                    316.992,
                    15.011999999999999
                ],
                [
                    321.984,
                    0.972
                ],
                [
                    564.096,
                    0
                ],
                [
                    566.016,
                    3.996
                ],
                [
                    580.0319999999999,
                    15.984
                ],
                [
                    585.984,
                    19.008000000000003
                ],
                [
                    605.952,
                    37.044
                ],
                [
                    617.0880000000001,
                    42.984
                ],
                [
                    629.952,
                    54.972
                ],
                [
                    643.0079999999999,
                    61.992
                ],
                [
                    676.9920000000001,
                    88.02000000000001
                ],
                [
                    691.008,
                    107.02799999999999
                ],
                [
                    705.984,
                    145.044
                ],
                [
                    706.9440000000001,
                    154.98
                ],
                [
                    715.9680000000001,
                    166.968
                ],
                [
                    720.96,
                    169.99200000000002
                ],
                [
                    721.92,
                    173.988
                ],
                [
                    733.0559999999999,
                    182.952
                ],
                [
                    735.9359999999999,
                    195.048
                ],
                [
                    748.992,
                    208.00799999999998
                ],
                [
                    748.992,
                    212.004
                ],
                [
                    743.04,
                    213.948
                ],
                [
                    730.944,
                    215.028
                ],
                [
                    704.0640000000001,
                    219.99599999999998
                ],
                [
                    685.056,
                    226.044
                ],
                [
                    654.912,
                    231.012
                ],
                [
                    649.9200000000001,
                    232.95600000000002
                ]
            ]
        },
        {
            "ID": "2",
            "CLASS": "페트병",
            "DETAILS": "유색단일",
            "DAMAGE": "찌그러짐",
            "DIRTINESS": "이물질(외부)",
            "COVER": "없음",
            "TRANSPARENCY": "불투명",
            "SHAPE": "물통형",
            "SHAPE_TYPE": "POLYGON",
            "POINTS": [
                [
                    262.08000000000004,
                    1080
                ],
                [
                    262.08000000000004,
                    1072.98
                ],
                [
                    259.008,
                    1071.036
                ],
                [
                    255.936,
                    1055.052
                ],
                [
                    249.984,
                    1045.98
                ],
                [
                    235.968,
                    996.948
                ],
                [
                    202.94400000000002,
                    920.052
                ],
                [
                    200.064,
                    898.02
                ],
                [
                    187.968,
                    871.02
                ],
                [
                    187.968,
                    860.004
                ],
                [
                    178.94400000000002,
                    844.02
                ],
                [
                    176.06400000000002,
                    825.984
                ],
                [
                    167.04,
                    807.948
                ],
                [
                    163.96800000000002,
                    790.0200000000001
                ],
                [
                    152.06400000000002,
                    764.964
                ],
                [
                    148.99200000000002,
                    747.036
                ],
                [
                    139.96800000000002,
                    731.0519999999999
                ],
                [
                    128.064,
                    693.0360000000001
                ],
                [
                    115.968,
                    636.984
                ],
                [
                    110.01599999999999,
                    579.96
                ],
                [
                    113.08800000000001,
                    486
                ],
                [
                    119.03999999999999,
                    456.948
                ],
                [
                    134.016,
                    424.98
                ],
                [
                    152.06400000000002,
                    407.052
                ],
                [
                    167.04,
                    397.98
                ],
                [
                    193.92000000000002,
                    386.964
                ],
                [
                    206.01600000000002,
                    385.02
                ],
                [
                    215.04,
                    378
                ],
                [
                    233.088,
                    374.004
                ],
                [
                    294.912,
                    343.98
                ],
                [
                    351.936,
                    324
                ],
                [
                    432,
                    304.02
                ],
                [
                    450.048,
                    297
                ],
                [
                    459.072,
                    288.036
                ],
                [
                    456,
                    254.016
                ],
                [
                    461.952,
                    245.052
                ],
                [
                    500.92800000000005,
                    230.04
                ],
                [
                    509.952,
                    227.016
                ],
                [
                    528,
                    227.016
                ],
                [
                    548.928,
                    235.98
                ],
                [
                    575.04,
                    255.95999999999998
                ],
                [
                    580.992,
                    255.95999999999998
                ],
                [
                    604.992,
                    250.02
                ],
                [
                    656.064,
                    231.98399999999998
                ],
                [
                    724.0319999999999,
                    213.948
                ],
                [
                    744.96,
                    212.004
                ],
                [
                    768.96,
                    212.004
                ],
                [
                    790.0799999999999,
                    204.984
                ],
                [
                    801.984,
                    197.964
                ],
                [
                    835.008,
                    189
                ],
                [
                    864.96,
                    189
                ],
                [
                    893.952,
                    197.964
                ],
                [
                    908.928,
                    207.036
                ],
                [
                    912,
                    207.036
                ],
                [
                    939.072,
                    235.98
                ],
                [
                    974.9760000000001,
                    288.036
                ],
                [
                    1002.048,
                    343.98
                ],
                [
                    1017.0239999999999,
                    381.99600000000004
                ],
                [
                    1017.0239999999999,
                    392.03999999999996
                ],
                [
                    1026.048,
                    409.968
                ],
                [
                    1032,
                    429.94800000000004
                ],
                [
                    1033.92,
                    454.032
                ],
                [
                    1049.088,
                    505.98
                ],
                [
                    1051.968,
                    536.004
                ],
                [
                    1064.064,
                    569.052
                ],
                [
                    1064.064,
                    590.004
                ],
                [
                    1075.968,
                    628.02
                ],
                [
                    1088.0639999999999,
                    704.052
                ],
                [
                    1105.9199999999998,
                    774.0360000000001
                ],
                [
                    1105.9199999999998,
                    790.0200000000001
                ],
                [
                    1112.064,
                    818.9639999999999
                ],
                [
                    1147.968,
                    920.052
                ],
                [
                    1153.92,
                    952.02
                ],
                [
                    1171.968,
                    1001.0519999999999
                ],
                [
                    1175.04,
                    1017.036
                ],
                [
                    1175.04,
                    1044.036
                ],
                [
                    1180.992,
                    1068.984
                ],
                [
                    1180.992,
                    1080
                ],
                [
                    262.08000000000004,
                    1080
                ]
            ]
        }
    ]
}