{
    "IMAGE_INFO": {
        "FILE_NAME": "1001124@0_03002_220913_P1_T3__0568.jpg",
        "DATE": "2022-11-01 04:20:39",
        "RESOLUTION": "1920 x 1080",
        "IMAGE_PHOTOGRAPHER": "김보배",
        "FOCUS_DISTANCE": "7.1",
        "EXPOSURE_TIME": "1/400",
        "SENSITIVITY_ISO": "5000",
        "PLACE": "삼오자원",
        "REGION_NAME": null,
        "Direction": "0",
        "HEIGHT": "100",
        "DAY/NIGHT": "주간",
        "WEATHER": "맑음",
        "IMAGE_HEIGHT": 1080,
        "IMAGE_WIDTH": 1920,
        "IMAGE_SIZE": "639.0 KB"
    },
    "ANNOTATION_INFO": [
        {
            "ID": "1",
            "CLASS": "페트병",
            "DETAILS": "유색단일",
            "DAMAGE": "찌그러짐",
            "DIRTINESS": "이물질(외부)",
            "COVER": "겹침",
            "TRANSPARENCY": "불투명",
            "SHAPE": "일반용기형",
            "SHAPE_TYPE": "POLYGON",
            "POINTS": [
                [
                    724.0319999999999,
                    273.024
                ],
                [
                    697.92,
                    266.00399999999996
                ],
                [
                    675.072,
                    255.95999999999998
                ],
                [
                    662.976,
                    254.988
                ],
                [
                    629.952,
                    243.97199999999998
                ],
                [
                    615.9359999999999,
                    243
                ],
                [
                    585.984,
                    231.98399999999998
                ],
                [
                    570.048,
                    231.012
                ],
                [
                    564.096,
                    227.988
                ],
                [
                    557.952,
                    227.988
                ],
                [
                    547.968,
                    219.99599999999998
                ],
                [
                    539.904,
                    218.052
                ],
                [
                    532.032,
                    209.952
                ],
                [
                    526.08,
                    197.964
                ],
                [
                    522.048,
                    176.04000000000002
                ],
                [
                    518.016,
                    115.99199999999999
                ],
                [
                    522.048,
                    68.04
                ],
                [
                    531.072,
                    31.968
                ],
                [
                    532.032,
                    15.984
                ],
                [
                    537.984,
                    0
                ],
                [
                    879.9359999999999,
                    0
                ],
                [
                    873.024,
                    6.048
                ],
                [
                    872.064,
                    42.01199999999999
                ],
                [
                    858.048,
                    81
                ],
                [
                    858.048,
                    89.964
                ],
                [
                    840,
                    122.04
                ],
                [
                    825.984,
                    158.00400000000002
                ],
                [
                    779.904,
                    254.016
                ],
                [
                    768,
                    266.976
                ],
                [
                    758.976,
                    267.948
                ],
                [
                    753.984,
                    272.052
                ],
                [
                    724.0319999999999,
                    273.024
                ]
            ]
        },
        {
            "ID": "2",
            "CLASS": "페트병",
            "DETAILS": "유색단일",
            "DAMAGE": "찌그러짐",
            "DIRTINESS": "이물질(외부)",
            "COVER": "없음",
            "TRANSPARENCY": "불투명",
            "SHAPE": "일반용기형",
            "SHAPE_TYPE": "POLYGON",
            "POINTS": [
                [
                    1719.9360000000001,
                    594
                ],
                [
                    1654.0800000000002,
                    586.0079999999999
                ],
                [
                    1617.024,
                    585.036
                ],
                [
                    1596.096,
                    579.96
                ],
                [
                    1574.0159999999998,
                    578.988
                ],
                [
                    1563.0720000000001,
                    574.02
                ],
                [
                    1551.9360000000001,
                    573.048
                ],
                [
                    1544.064,
                    567
                ],
                [
                    1540.0320000000002,
                    559.9799999999999
                ],
                [
                    1569.0240000000001,
                    277.992
                ],
                [
                    1575.936,
                    261.036
                ],
                [
                    1593.9840000000002,
                    242.028
                ],
                [
                    1622.016,
                    230.04
                ],
                [
                    1633.92,
                    212.976
                ],
                [
                    1641.984,
                    170.964
                ],
                [
                    1650.048,
                    168.04799999999997
                ],
                [
                    1657.92,
                    158.976
                ],
                [
                    1659.072,
                    135.972
                ],
                [
                    1665.024,
                    119.988
                ],
                [
                    1670.016,
                    118.044
                ],
                [
                    1694.976,
                    116.964
                ],
                [
                    1704,
                    116.964
                ],
                [
                    1726.08,
                    118.044
                ],
                [
                    1733.952,
                    119.988
                ],
                [
                    1739.904,
                    138.024
                ],
                [
                    1737.984,
                    165.996
                ],
                [
                    1748.928,
                    177.984
                ],
                [
                    1746.048,
                    216
                ],
                [
                    1750.08,
                    227.988
                ],
                [
                    1756.032,
                    235.98
                ],
                [
                    1770.048,
                    243.97199999999998
                ],
                [
                    1785.024,
                    259.956
                ],
                [
                    1795.968,
                    285.984
                ],
                [
                    1795.968,
                    367.956
                ],
                [
                    1785.9840000000002,
                    416.01599999999996
                ],
                [
                    1772.9279999999999,
                    517.9680000000001
                ],
                [
                    1771.968,
                    548.9639999999999
                ],
                [
                    1766.0159999999998,
                    578.988
                ],
                [
                    1755.0720000000001,
                    590.004
                ],
                [
                    1746.048,
                    594
                ],
                [
                    1719.9360000000001,
                    594
                ]
            ]
        }
    ]
}