{
    "IMAGE_INFO": {
        "FILE_NAME": "1001077@0_03002_220913_P1_T3__0580.jpg",
        "DATE": "2022-11-01 04:20:40",
        "RESOLUTION": "1920 x 1080",
        "IMAGE_PHOTOGRAPHER": "김보배",
        "FOCUS_DISTANCE": "7.1",
        "EXPOSURE_TIME": "1/400",
        "SENSITIVITY_ISO": "5000",
        "PLACE": "삼오자원",
        "REGION_NAME": null,
        "Direction": "0",
        "HEIGHT": "100",
        "DAY/NIGHT": "주간",
        "WEATHER": "맑음",
        "IMAGE_HEIGHT": 1080,
        "IMAGE_WIDTH": 1920,
        "IMAGE_SIZE": "532.7 KB"
    },
    "ANNOTATION_INFO": [
        {
            "ID": "1",
            "CLASS": "페트병",
            "DETAILS": "유색단일",
            "DAMAGE": "원형",
            "DIRTINESS": "이물질(외부)",
            "COVER": "겹침",
            "TRANSPARENCY": "불투명",
            "SHAPE": "일반용기형",
            "SHAPE_TYPE": "POLYGON",
            "POINTS": [
                [
                    710.976,
                    523.044
                ],
                [
                    697.92,
                    521.964
                ],
                [
                    672.9599999999999,
                    505.98
                ],
                [
                    666.048,
                    502.956
                ],
                [
                    657.984,
                    502.956
                ],
                [
                    654.912,
                    501.012
                ],
                [
                    643.968,
                    489.024
                ],
                [
                    643.968,
                    485.028
                ],
                [
                    638.016,
                    478.008
                ],
                [
                    637.0559999999999,
                    471.96
                ],
                [
                    624,
                    462.024
                ],
                [
                    617.0880000000001,
                    459.972
                ],
                [
                    608.064,
                    459.972
                ],
                [
                    598.08,
                    462.024
                ],
                [
                    585.984,
                    467.964
                ],
                [
                    567.936,
                    473.04
                ],
                [
                    556.9920000000001,
                    471.96
                ],
                [
                    547.968,
                    467.964
                ],
                [
                    527.0400000000001,
                    455.004
                ],
                [
                    527.0400000000001,
                    452.952
                ],
                [
                    510.91200000000003,
                    438.048
                ],
                [
                    507.072,
                    432
                ],
                [
                    504,
                    431.028
                ],
                [
                    493.0559999999999,
                    420.012
                ],
                [
                    486.912,
                    417.96000000000004
                ],
                [
                    476.928,
                    417.96000000000004
                ],
                [
                    466.944,
                    413.964
                ],
                [
                    461.952,
                    407.052
                ],
                [
                    440.06399999999996,
                    393.98400000000004
                ],
                [
                    417.024,
                    377.028
                ],
                [
                    408.96,
                    375.94800000000004
                ],
                [
                    406.08,
                    373.032
                ],
                [
                    397.05600000000004,
                    371.952
                ],
                [
                    388.992,
                    367.956
                ],
                [
                    373.056,
                    353.052
                ],
                [
                    353.088,
                    339.98400000000004
                ],
                [
                    346.944,
                    334.04400000000004
                ],
                [
                    344.064,
                    321.948
                ],
                [
                    337.91999999999996,
                    313.956
                ],
                [
                    336.96,
                    301.968
                ],
                [
                    317.952,
                    288.036
                ],
                [
                    315.072,
                    284.04
                ],
                [
                    312.96000000000004,
                    281.01599999999996
                ],
                [
                    312.96000000000004,
                    269.02799999999996
                ],
                [
                    320.06399999999996,
                    254.988
                ],
                [
                    326.016,
                    247.968
                ],
                [
                    335.03999999999996,
                    223.992
                ],
                [
                    360,
                    189.972
                ],
                [
                    394.94399999999996,
                    153.036
                ],
                [
                    417.98400000000004,
                    135
                ],
                [
                    426.048,
                    131.00400000000002
                ],
                [
                    431.04,
                    131.976
                ],
                [
                    446.976,
                    142.992
                ],
                [
                    457.91999999999996,
                    147.96
                ],
                [
                    466.944,
                    154.98
                ],
                [
                    480,
                    169.99200000000002
                ],
                [
                    490.94399999999996,
                    177.984
                ],
                [
                    494.97599999999994,
                    184.03199999999998
                ],
                [
                    497.088,
                    192.996
                ],
                [
                    508.992,
                    204.984
                ],
                [
                    552.9599999999999,
                    239.004
                ],
                [
                    584.0640000000001,
                    266.00399999999996
                ],
                [
                    637.0559999999999,
                    305.964
                ],
                [
                    663.936,
                    323.02799999999996
                ],
                [
                    675.072,
                    331.992
                ],
                [
                    686.016,
                    347.976
                ],
                [
                    692.928,
                    365.04
                ],
                [
                    692.928,
                    397.008
                ],
                [
                    697.92,
                    401.004
                ],
                [
                    708.096,
                    405
                ],
                [
                    716.928,
                    412.992
                ],
                [
                    716.928,
                    415.044
                ],
                [
                    724.0319999999999,
                    420.012
                ],
                [
                    725.952,
                    425.952
                ],
                [
                    728.064,
                    425.952
                ],
                [
                    739.9680000000001,
                    443.016
                ],
                [
                    771.072,
                    469.04400000000004
                ],
                [
                    779.904,
                    478.008
                ],
                [
                    779.904,
                    479.952
                ],
                [
                    783.936,
                    482.00399999999996
                ],
                [
                    782.016,
                    485.028
                ],
                [
                    772.9920000000001,
                    489.996
                ],
                [
                    730.944,
                    506.952
                ],
                [
                    721.92,
                    512.028
                ],
                [
                    716.928,
                    519.048
                ],
                [
                    710.976,
                    523.044
                ]
            ]
        },
        {
            "ID": "2",
            "CLASS": "페트병",
            "DETAILS": "유색단일",
            "DAMAGE": "원형",
            "DIRTINESS": "이물질(외부)",
            "COVER": "없음",
            "TRANSPARENCY": "불투명",
            "SHAPE": "일반용기형",
            "SHAPE_TYPE": "POLYGON",
            "POINTS": [
                [
                    145.92,
                    1080
                ],
                [
                    145.92,
                    1072.98
                ],
                [
                    140.92800000000003,
                    1064.0159999999998
                ],
                [
                    138.048,
                    1046.952
                ],
                [
                    126.912,
                    1028.052
                ],
                [
                    124.03200000000001,
                    1006.02
                ],
                [
                    119.03999999999999,
                    996.948
                ],
                [
                    115.968,
                    982.044
                ],
                [
                    115.968,
                    964.0079999999999
                ],
                [
                    110.01599999999999,
                    949.9680000000001
                ],
                [
                    105.024,
                    884.952
                ],
                [
                    105.024,
                    828.0360000000001
                ],
                [
                    110.01599999999999,
                    774.0360000000001
                ],
                [
                    124.03200000000001,
                    741.96
                ],
                [
                    134.976,
                    726.948
                ],
                [
                    143.04,
                    720.036
                ],
                [
                    178.94400000000002,
                    695.952
                ],
                [
                    196.03199999999998,
                    678.024
                ],
                [
                    211.968,
                    667.008
                ],
                [
                    236.928,
                    655.0200000000001
                ],
                [
                    243.07199999999997,
                    652.9680000000001
                ],
                [
                    248.06400000000002,
                    652.9680000000001
                ],
                [
                    259.008,
                    648
                ],
                [
                    283.968,
                    640.008
                ],
                [
                    331.008,
                    628.9920000000001
                ],
                [
                    385.92,
                    620.028
                ],
                [
                    413.952,
                    620.028
                ],
                [
                    432.96000000000004,
                    617.004
                ],
                [
                    444.096,
                    613.008
                ],
                [
                    450.048,
                    608.04
                ],
                [
                    446.976,
                    563.976
                ],
                [
                    455.03999999999996,
                    547.992
                ],
                [
                    452.928,
                    532.0079999999999
                ],
                [
                    455.03999999999996,
                    524.9879999999999
                ],
                [
                    460.992,
                    519.048
                ],
                [
                    480,
                    508.032
                ],
                [
                    504.96000000000004,
                    498.96000000000004
                ],
                [
                    513.024,
                    493.99199999999996
                ],
                [
                    527.0400000000001,
                    489.996
                ],
                [
                    548.928,
                    478.98
                ],
                [
                    606.912,
                    459
                ],
                [
                    614.976,
                    459
                ],
                [
                    625.9200000000001,
                    462.99600000000004
                ],
                [
                    628.992,
                    466.992
                ],
                [
                    634.944,
                    470.01599999999996
                ],
                [
                    639.9359999999999,
                    482.976
                ],
                [
                    648,
                    492.048
                ],
                [
                    651.072,
                    501.012
                ],
                [
                    653.952,
                    505.00800000000004
                ],
                [
                    671.04,
                    516.996
                ],
                [
                    672.9599999999999,
                    525.96
                ],
                [
                    678.912,
                    529.956
                ],
                [
                    686.976,
                    525.96
                ],
                [
                    695.04,
                    525.96
                ],
                [
                    711.936,
                    520.992
                ],
                [
                    720,
                    512.028
                ],
                [
                    739.9680000000001,
                    501.012
                ],
                [
                    748.032,
                    498.96000000000004
                ],
                [
                    755.904,
                    493.99199999999996
                ],
                [
                    774.912,
                    486.97200000000004
                ],
                [
                    825.024,
                    470.01599999999996
                ],
                [
                    854.976,
                    470.01599999999996
                ],
                [
                    864,
                    471.96
                ],
                [
                    877.0559999999999,
                    477.036
                ],
                [
                    888.96,
                    485.028
                ],
                [
                    900.096,
                    489.996
                ],
                [
                    907.968,
                    497.016
                ],
                [
                    921.984,
                    515.052
                ],
                [
                    937.92,
                    543.9960000000001
                ],
                [
                    940.992,
                    555.0120000000001
                ],
                [
                    955.008,
                    577.044
                ],
                [
                    963.0720000000001,
                    598.968
                ],
                [
                    982.0799999999999,
                    631.0440000000001
                ],
                [
                    984.96,
                    644.004
                ],
                [
                    993.024,
                    656.9639999999999
                ],
                [
                    1007.04,
                    690.984
                ],
                [
                    1023.936,
                    748.98
                ],
                [
                    1032,
                    798.0120000000001
                ],
                [
                    1040.0639999999999,
                    821.016
                ],
                [
                    1049.088,
                    870.048
                ],
                [
                    1060.0320000000002,
                    903.9599999999999
                ],
                [
                    1068.096,
                    941.976
                ],
                [
                    1073.088,
                    982.044
                ],
                [
                    1084.032,
                    1022.004
                ],
                [
                    1112.064,
                    1075.032
                ],
                [
                    1112.064,
                    1080
                ],
                [
                    145.92,
                    1080
                ]
            ]
        }
    ]
}