{
    "IMAGE_INFO": {
        "FILE_NAME": "1003310@0_03002_220913_P1_T3__1103.jpg",
        "DATE": "2022-10-18 14:05:12",
        "RESOLUTION": "1920 x 1080",
        "IMAGE_PHOTOGRAPHER": "이지은",
        "FOCUS_DISTANCE": "7.1",
        "EXPOSURE_TIME": "1/400",
        "SENSITIVITY_ISO": "5000",
        "PLACE": "삼오자원",
        "REGION_NAME": null,
        "Direction": "0",
        "HEIGHT": "100",
        "DAY/NIGHT": "주간",
        "WEATHER": "맑음",
        "IMAGE_HEIGHT": 1080,
        "IMAGE_WIDTH": 1920,
        "IMAGE_SIZE": "682.8 KB"
    },
    "ANNOTATION_INFO": [
        {
            "ID": "1",
            "CLASS": "페트병",
            "DETAILS": "유색단일",
            "DAMAGE": "원형",
            "DIRTINESS": "이물질(외부)",
            "COVER": "겹침",
            "TRANSPARENCY": "불투명",
            "SHAPE": "스프레이용기형",
            "SHAPE_TYPE": "POLYGON",
            "POINTS": [
                [
                    1136.064,
                    1034.964
                ],
                [
                    1132.032,
                    1033.02
                ],
                [
                    1118.9759999999999,
                    1019.952
                ],
                [
                    1109.952,
                    1014.012
                ],
                [
                    1109.952,
                    1011.96
                ],
                [
                    1105.9199999999998,
                    1009.044
                ],
                [
                    1094.976,
                    1006.02
                ],
                [
                    1080.9599999999998,
                    999.972
                ],
                [
                    1070.016,
                    996.948
                ],
                [
                    1069.056,
                    995.004
                ],
                [
                    1065.9840000000002,
                    992.952
                ],
                [
                    1064.064,
                    987.9839999999999
                ],
                [
                    1060.992,
                    986.0400000000001
                ],
                [
                    1060.0320000000002,
                    982.044
                ],
                [
                    1055.04,
                    978.048
                ],
                [
                    1055.04,
                    974.052
                ],
                [
                    1051.008,
                    969.948
                ],
                [
                    1050.048,
                    965.952
                ],
                [
                    1046.976,
                    963.0360000000001
                ],
                [
                    1046.0159999999998,
                    955.044
                ],
                [
                    1041.984,
                    952.02
                ],
                [
                    1041.984,
                    949.9680000000001
                ],
                [
                    1045.056,
                    949.9680000000001
                ],
                [
                    1041.984,
                    947.052
                ],
                [
                    1038.912,
                    945.972
                ],
                [
                    1033.92,
                    941.0039999999999
                ],
                [
                    1035.0720000000001,
                    938.952
                ],
                [
                    1047.936,
                    926.9639999999999
                ],
                [
                    1051.968,
                    921.996
                ],
                [
                    1060.0320000000002,
                    917.028
                ],
                [
                    1065.024,
                    911.952
                ],
                [
                    1074.048,
                    906.984
                ],
                [
                    1080,
                    906.984
                ],
                [
                    1107.0720000000001,
                    910.98
                ],
                [
                    1110.912,
                    910.98
                ],
                [
                    1123.968,
                    914.004
                ],
                [
                    1132.032,
                    914.976
                ],
                [
                    1137.984,
                    918
                ],
                [
                    1143.936,
                    920.052
                ],
                [
                    1175.04,
                    921.024
                ],
                [
                    1188.096,
                    918.972
                ],
                [
                    1195.0079999999998,
                    917.028
                ],
                [
                    1198.08,
                    918.972
                ],
                [
                    1200.9599999999998,
                    947.052
                ],
                [
                    1204.032,
                    952.992
                ],
                [
                    1205.952,
                    967.0319999999999
                ],
                [
                    1217.088,
                    987.9839999999999
                ],
                [
                    1220.928,
                    991.98
                ],
                [
                    1222.08,
                    995.004
                ],
                [
                    1228.992,
                    1002.996
                ],
                [
                    1233.9840000000002,
                    1010.988
                ],
                [
                    1241.088,
                    1015.956
                ],
                [
                    1243.008,
                    1019.952
                ],
                [
                    1244.9279999999999,
                    1021.032
                ],
                [
                    1229.952,
                    1023.9480000000001
                ],
                [
                    1190.9759999999999,
                    1023.9480000000001
                ],
                [
                    1185.024,
                    1025.028
                ],
                [
                    1174.0800000000002,
                    1025.028
                ],
                [
                    1166.0159999999998,
                    1026
                ],
                [
                    1156.032,
                    1026
                ],
                [
                    1145.0880000000002,
                    1026.972
                ],
                [
                    1142.016,
                    1028.052
                ],
                [
                    1141.056,
                    1030.968
                ],
                [
                    1136.064,
                    1034.964
                ]
            ]
        },
        {
            "ID": "2",
            "CLASS": "페트병",
            "DETAILS": "유색단일",
            "DAMAGE": "찌그러짐",
            "DIRTINESS": "오염없음",
            "COVER": "없음",
            "TRANSPARENCY": "불투명",
            "SHAPE": "물통형",
            "SHAPE_TYPE": "POLYGON",
            "POINTS": [
                [
                    0,
                    879.012
                ],
                [
                    0,
                    686.9879999999999
                ],
                [
                    1.92,
                    687.96
                ],
                [
                    5.952,
                    689.04
                ],
                [
                    9.024000000000001,
                    689.04
                ],
                [
                    13.056,
                    690.984
                ],
                [
                    14.975999999999999,
                    690.984
                ],
                [
                    20.928,
                    694.0079999999999
                ],
                [
                    23.04,
                    694.0079999999999
                ],
                [
                    24.959999999999997,
                    694.9799999999999
                ],
                [
                    25.919999999999998,
                    695.952
                ],
                [
                    28.032,
                    697.0319999999999
                ],
                [
                    28.992,
                    697.0319999999999
                ],
                [
                    32.064,
                    698.976
                ],
                [
                    38.976,
                    701.028
                ],
                [
                    43.008,
                    702
                ],
                [
                    44.928000000000004,
                    702
                ],
                [
                    48,
                    705.024
                ],
                [
                    52.992,
                    705.024
                ],
                [
                    57.024,
                    706.968
                ],
                [
                    58.944,
                    709.02
                ],
                [
                    61.056000000000004,
                    712.044
                ],
                [
                    65.088,
                    713.988
                ],
                [
                    66.048,
                    713.988
                ],
                [
                    70.08,
                    718.9559999999999
                ],
                [
                    71.03999999999999,
                    718.9559999999999
                ],
                [
                    72.96,
                    721.98
                ],
                [
                    72.96,
                    726.948
                ],
                [
                    70.08,
                    732.024
                ],
                [
                    70.08,
                    736.02
                ],
                [
                    67.968,
                    739.044
                ],
                [
                    66.048,
                    743.04
                ],
                [
                    66.048,
                    748.98
                ],
                [
                    62.976000000000006,
                    753.9480000000001
                ],
                [
                    62.016000000000005,
                    759.024
                ],
                [
                    62.016000000000005,
                    762.048
                ],
                [
                    58.944,
                    768.9599999999999
                ],
                [
                    57.984,
                    771.984
                ],
                [
                    57.984,
                    776.952
                ],
                [
                    57.024,
                    778.032
                ],
                [
                    57.024,
                    783
                ],
                [
                    57.984,
                    813.024
                ],
                [
                    57.024,
                    817.02
                ],
                [
                    56.064,
                    818.9639999999999
                ],
                [
                    54.912,
                    822.96
                ],
                [
                    53.952,
                    824.04
                ],
                [
                    48,
                    832.0319999999999
                ],
                [
                    46.08,
                    836.028
                ],
                [
                    43.968,
                    837.972
                ],
                [
                    43.008,
                    840.024
                ],
                [
                    39.936,
                    843.048
                ],
                [
                    35.904,
                    845.9639999999999
                ],
                [
                    33.984,
                    848.016
                ],
                [
                    28.032,
                    852.0120000000001
                ],
                [
                    25.919999999999998,
                    853.9559999999999
                ],
                [
                    17.088,
                    860.976
                ],
                [
                    9.024000000000001,
                    867.996
                ],
                [
                    5.952,
                    871.992
                ],
                [
                    4.992,
                    874.044
                ],
                [
                    0,
                    879.012
                ]
            ]
        },
        {
            "ID": "3",
            "CLASS": "페트병",
            "DETAILS": "유색단일",
            "DAMAGE": "찌그러짐",
            "DIRTINESS": "이물질(외부)",
            "COVER": "없음",
            "TRANSPARENCY": "불투명",
            "SHAPE": "물통형",
            "SHAPE_TYPE": "POLYGON",
            "POINTS": [
                [
                    522.048,
                    501.012
                ],
                [
                    498.04800000000006,
                    500.04
                ],
                [
                    489.984,
                    493.99199999999996
                ],
                [
                    489.984,
                    489.024
                ],
                [
                    485.952,
                    482.976
                ],
                [
                    488.06399999999996,
                    477.036
                ],
                [
                    485.952,
                    459
                ],
                [
                    489.984,
                    438.048
                ],
                [
                    488.06399999999996,
                    417.96000000000004
                ],
                [
                    489.02399999999994,
                    413.964
                ],
                [
                    498.04800000000006,
                    404.02799999999996
                ],
                [
                    500.92800000000005,
                    396.036
                ],
                [
                    500.92800000000005,
                    381.99600000000004
                ],
                [
                    505.92,
                    367.956
                ],
                [
                    508.032,
                    309.96
                ],
                [
                    504,
                    296.028
                ],
                [
                    502.08000000000004,
                    273.996
                ],
                [
                    498.04800000000006,
                    262.00800000000004
                ],
                [
                    498.04800000000006,
                    243.97199999999998
                ],
                [
                    489.02399999999994,
                    209.952
                ],
                [
                    489.02399999999994,
                    182.952
                ],
                [
                    485.952,
                    172.04399999999998
                ],
                [
                    485.952,
                    150.012
                ],
                [
                    483.072,
                    134.028
                ],
                [
                    481.92,
                    81.972
                ],
                [
                    484.032,
                    51.94799999999999
                ],
                [
                    489.02399999999994,
                    38.016000000000005
                ],
                [
                    502.08000000000004,
                    20.952
                ],
                [
                    518.016,
                    8.964
                ],
                [
                    519.9359999999999,
                    3.996
                ],
                [
                    523.968,
                    3.024
                ],
                [
                    526.08,
                    0
                ],
                [
                    806.976,
                    0
                ],
                [
                    807.936,
                    6.048
                ],
                [
                    801.984,
                    15.011999999999999
                ],
                [
                    800.0640000000001,
                    38.988
                ],
                [
                    795.072,
                    56.052
                ],
                [
                    793.92,
                    72.036
                ],
                [
                    790.0799999999999,
                    77.976
                ],
                [
                    788.928,
                    89.964
                ],
                [
                    783.936,
                    100.008
                ],
                [
                    782.976,
                    111.996
                ],
                [
                    773.952,
                    135.972
                ],
                [
                    773.952,
                    150.012
                ],
                [
                    769.9200000000001,
                    164.05200000000002
                ],
                [
                    769.9200000000001,
                    176.04000000000002
                ],
                [
                    768,
                    181.98000000000002
                ],
                [
                    762.048,
                    188.028
                ],
                [
                    758.016,
                    218.052
                ],
                [
                    749.952,
                    230.04
                ],
                [
                    749.952,
                    236.95200000000003
                ],
                [
                    744,
                    246.024
                ],
                [
                    729.024,
                    261.036
                ],
                [
                    710.976,
                    276.048
                ],
                [
                    704.0640000000001,
                    280.044
                ],
                [
                    684.096,
                    301.968
                ],
                [
                    676.032,
                    308.016
                ],
                [
                    672,
                    308.988
                ],
                [
                    667.968,
                    313.956
                ],
                [
                    662.976,
                    315.036
                ],
                [
                    657.984,
                    320.004
                ],
                [
                    653.952,
                    320.976
                ],
                [
                    643.968,
                    327.99600000000004
                ],
                [
                    633.024,
                    339.012
                ],
                [
                    628.032,
                    350.028
                ],
                [
                    628.032,
                    357.048
                ],
                [
                    633.984,
                    371.952
                ],
                [
                    638.016,
                    374.976
                ],
                [
                    638.976,
                    381.024
                ],
                [
                    643.968,
                    385.992
                ],
                [
                    643.968,
                    393.012
                ],
                [
                    629.952,
                    400.032
                ],
                [
                    615.9359999999999,
                    411.048
                ],
                [
                    596.928,
                    429.94800000000004
                ],
                [
                    595.9680000000001,
                    435.024
                ],
                [
                    590.0160000000001,
                    439.99199999999996
                ],
                [
                    584.0640000000001,
                    440.964
                ],
                [
                    580.0319999999999,
                    451.97999999999996
                ],
                [
                    574.0799999999999,
                    458.02799999999996
                ],
                [
                    570.048,
                    467.964
                ],
                [
                    561.024,
                    477.036
                ],
                [
                    555.072,
                    488.052
                ],
                [
                    556.032,
                    492.048
                ],
                [
                    564.096,
                    500.04
                ],
                [
                    522.048,
                    501.012
                ]
            ]
        },
        {
            "ID": "4",
            "CLASS": "페트병",
            "DETAILS": "유색단일",
            "DAMAGE": "원형",
            "DIRTINESS": "이물질(외부)",
            "COVER": "없음",
            "TRANSPARENCY": "불투명",
            "SHAPE": "물통형",
            "SHAPE_TYPE": "POLYGON",
            "POINTS": [
                [
                    442.94399999999996,
                    1080
                ],
                [
                    442.94399999999996,
                    1072.008
                ],
                [
                    441.984,
                    1068.012
                ],
                [
                    437.952,
                    1059.048
                ],
                [
                    435.072,
                    1053.972
                ],
                [
                    423.936,
                    1042.956
                ],
                [
                    418.944,
                    1036.044
                ],
                [
                    417.024,
                    1029.996
                ],
                [
                    417.024,
                    1014.012
                ],
                [
                    418.944,
                    1010.0160000000001
                ],
                [
                    422.976,
                    1005.048
                ],
                [
                    423.936,
                    1002.996
                ],
                [
                    423.936,
                    995.004
                ],
                [
                    422.976,
                    987.9839999999999
                ],
                [
                    418.944,
                    979.992
                ],
                [
                    418.944,
                    965.952
                ],
                [
                    422.976,
                    956.9879999999999
                ],
                [
                    426.048,
                    952.992
                ],
                [
                    431.04,
                    948.024
                ],
                [
                    432.96000000000004,
                    945
                ],
                [
                    436.992,
                    941.976
                ],
                [
                    459.072,
                    929.016
                ],
                [
                    470.01599999999996,
                    924.048
                ],
                [
                    476.928,
                    921.996
                ],
                [
                    481.92,
                    920.052
                ],
                [
                    485.952,
                    920.052
                ],
                [
                    491.904,
                    918.972
                ],
                [
                    513.024,
                    918.972
                ],
                [
                    518.016,
                    920.052
                ],
                [
                    523.0079999999999,
                    920.052
                ],
                [
                    526.08,
                    921.024
                ],
                [
                    533.952,
                    925.9920000000001
                ],
                [
                    534.912,
                    926.9639999999999
                ],
                [
                    537.024,
                    933.0120000000001
                ],
                [
                    539.904,
                    934.956
                ],
                [
                    542.016,
                    941.0039999999999
                ],
                [
                    543.936,
                    941.976
                ],
                [
                    546.048,
                    944.028
                ],
                [
                    546.048,
                    945.972
                ],
                [
                    547.0079999999999,
                    948.024
                ],
                [
                    553.92,
                    952.02
                ],
                [
                    557.952,
                    953.9639999999999
                ],
                [
                    561.024,
                    955.044
                ],
                [
                    567.936,
                    960.984
                ],
                [
                    574.0799999999999,
                    968.976
                ],
                [
                    575.04,
                    972.972
                ],
                [
                    576,
                    982.044
                ],
                [
                    576,
                    998.028
                ],
                [
                    577.92,
                    1015.956
                ],
                [
                    579.072,
                    1018.98
                ],
                [
                    580.992,
                    1021.032
                ],
                [
                    581.952,
                    1022.976
                ],
                [
                    585.984,
                    1026.972
                ],
                [
                    590.976,
                    1030.968
                ],
                [
                    604.992,
                    1041.012
                ],
                [
                    609.024,
                    1041.984
                ],
                [
                    614.976,
                    1046.952
                ],
                [
                    619.008,
                    1050.9479999999999
                ],
                [
                    623.04,
                    1053.972
                ],
                [
                    625.9200000000001,
                    1057.968
                ],
                [
                    633.024,
                    1063.0439999999999
                ],
                [
                    637.0559999999999,
                    1068.984
                ],
                [
                    641.088,
                    1072.008
                ],
                [
                    644.928,
                    1080
                ],
                [
                    442.94399999999996,
                    1080
                ]
            ]
        }
    ]
}