{
    "IMAGE_INFO": {
        "FILE_NAME": "1003294@0_03002_220913_P1_T3__1122.jpg",
        "DATE": "2022-10-18 14:05:18",
        "RESOLUTION": "1920 x 1080",
        "IMAGE_PHOTOGRAPHER": "이지은",
        "FOCUS_DISTANCE": "7.1",
        "EXPOSURE_TIME": "1/400",
        "SENSITIVITY_ISO": "5000",
        "PLACE": "삼오자원",
        "REGION_NAME": null,
        "Direction": "0",
        "HEIGHT": "100",
        "DAY/NIGHT": "주간",
        "WEATHER": "맑음",
        "IMAGE_HEIGHT": 1080,
        "IMAGE_WIDTH": 1920,
        "IMAGE_SIZE": "673.4 KB"
    },
    "ANNOTATION_INFO": [
        {
            "ID": "1",
            "CLASS": "페트병",
            "DETAILS": "유색단일",
            "DAMAGE": "원형",
            "DIRTINESS": "이물질(외부)",
            "COVER": "겹침",
            "TRANSPARENCY": "불투명",
            "SHAPE": "일반용기형",
            "SHAPE_TYPE": "POLYGON",
            "POINTS": [
                [
                    838.08,
                    1080
                ],
                [
                    833.088,
                    1069.9560000000001
                ],
                [
                    830.0160000000001,
                    1065.96
                ],
                [
                    825.024,
                    1060.02
                ],
                [
                    811.008,
                    1044.036
                ],
                [
                    809.088,
                    1041.012
                ],
                [
                    796.9920000000001,
                    1028.052
                ],
                [
                    790.0799999999999,
                    1018.98
                ],
                [
                    783.936,
                    1011.96
                ],
                [
                    782.016,
                    1010.0160000000001
                ],
                [
                    776.064,
                    1002.024
                ],
                [
                    773.952,
                    999.972
                ],
                [
                    772.9920000000001,
                    998.028
                ],
                [
                    768,
                    994.032
                ],
                [
                    768,
                    992.952
                ],
                [
                    768.96,
                    991.98
                ],
                [
                    771.072,
                    986.0400000000001
                ],
                [
                    771.072,
                    976.968
                ],
                [
                    768.96,
                    972
                ],
                [
                    768.96,
                    961.956
                ],
                [
                    769.9200000000001,
                    957.96
                ],
                [
                    773.952,
                    947.052
                ],
                [
                    774.912,
                    945
                ],
                [
                    776.064,
                    941.976
                ],
                [
                    777.024,
                    934.956
                ],
                [
                    777.984,
                    932.04
                ],
                [
                    787.968,
                    907.956
                ],
                [
                    788.928,
                    902.0160000000001
                ],
                [
                    792.9599999999999,
                    894.024
                ],
                [
                    795.072,
                    894.024
                ],
                [
                    796.9920000000001,
                    893.052
                ],
                [
                    801.024,
                    894.996
                ],
                [
                    802.9440000000001,
                    897.048
                ],
                [
                    804.096,
                    898.9920000000001
                ],
                [
                    806.016,
                    902.0160000000001
                ],
                [
                    807.936,
                    903.9599999999999
                ],
                [
                    810.048,
                    902.9879999999999
                ],
                [
                    811.968,
                    902.9879999999999
                ],
                [
                    817.92,
                    899.964
                ],
                [
                    821.952,
                    898.9920000000001
                ],
                [
                    824.0640000000001,
                    898.02
                ],
                [
                    825.024,
                    898.9920000000001
                ],
                [
                    826.9440000000001,
                    898.9920000000001
                ],
                [
                    829.056,
                    899.964
                ],
                [
                    830.0160000000001,
                    902.0160000000001
                ],
                [
                    834.048,
                    906.012
                ],
                [
                    838.08,
                    913.032
                ],
                [
                    850.944,
                    929.016
                ],
                [
                    855.9359999999999,
                    936.0360000000001
                ],
                [
                    864.96,
                    949.9680000000001
                ],
                [
                    869.952,
                    957.96
                ],
                [
                    875.904,
                    964.9799999999999
                ],
                [
                    878.976,
                    968.976
                ],
                [
                    888,
                    982.044
                ],
                [
                    894.912,
                    991.98
                ],
                [
                    907.968,
                    1013.04
                ],
                [
                    918.912,
                    1026.972
                ],
                [
                    925.056,
                    1036.044
                ],
                [
                    931.968,
                    1049.9759999999999
                ],
                [
                    931.008,
                    1053
                ],
                [
                    926.016,
                    1057.968
                ],
                [
                    924.096,
                    1060.992
                ],
                [
                    916.032,
                    1068.012
                ],
                [
                    912.9599999999999,
                    1071.036
                ],
                [
                    910.0799999999999,
                    1072.98
                ],
                [
                    908.928,
                    1080
                ],
                [
                    838.08,
                    1080
                ]
            ]
        }
    ]
}