{
    "IMAGE_INFO": {
        "FILE_NAME": "1003292@0_03002_220913_P1_T3__0935.jpg",
        "DATE": "2022-10-18 14:04:20",
        "RESOLUTION": "1920 x 1080",
        "IMAGE_PHOTOGRAPHER": "이지은",
        "FOCUS_DISTANCE": "7.1",
        "EXPOSURE_TIME": "1/400",
        "SENSITIVITY_ISO": "5000",
        "PLACE": "삼오자원",
        "REGION_NAME": null,
        "Direction": "0",
        "HEIGHT": "100",
        "DAY/NIGHT": "주간",
        "WEATHER": "맑음",
        "IMAGE_HEIGHT": 1080,
        "IMAGE_WIDTH": 1920,
        "IMAGE_SIZE": "689.8 KB"
    },
    "ANNOTATION_INFO": [
        {
            "ID": "2",
            "CLASS": "페트병",
            "DETAILS": "유색단일",
            "DAMAGE": "찌그러짐",
            "DIRTINESS": "이물질(외부)",
            "COVER": "겹침",
            "TRANSPARENCY": "불투명",
            "SHAPE": "물통형",
            "SHAPE_TYPE": "POLYGON",
            "POINTS": [
                [
                    1215.936,
                    493.99199999999996
                ],
                [
                    1214.0159999999998,
                    489.996
                ],
                [
                    1196.9279999999999,
                    488.052
                ],
                [
                    1191.9360000000001,
                    483.948
                ],
                [
                    1161.0240000000001,
                    482.00399999999996
                ],
                [
                    1150.08,
                    478.008
                ],
                [
                    1128,
                    477.036
                ],
                [
                    1123.968,
                    474.012
                ],
                [
                    1118.016,
                    474.012
                ],
                [
                    1108.032,
                    477.036
                ],
                [
                    1078.08,
                    475.95599999999996
                ],
                [
                    1068.096,
                    467.964
                ],
                [
                    1059.072,
                    467.964
                ],
                [
                    1052.9279999999999,
                    466.02
                ],
                [
                    1046.976,
                    462.024
                ],
                [
                    999.936,
                    409.968
                ],
                [
                    999.936,
                    404.02799999999996
                ],
                [
                    996.0960000000001,
                    397.98
                ],
                [
                    992.0640000000001,
                    381.99600000000004
                ],
                [
                    982.0799999999999,
                    367.956
                ],
                [
                    982.0799999999999,
                    358.02000000000004
                ],
                [
                    974.9760000000001,
                    338.04
                ],
                [
                    969.0240000000001,
                    335.988
                ],
                [
                    969.0240000000001,
                    332.964
                ],
                [
                    964.0319999999999,
                    327.99600000000004
                ],
                [
                    961.92,
                    320.976
                ],
                [
                    958.08,
                    316.00800000000004
                ],
                [
                    932.928,
                    292.032
                ],
                [
                    917.952,
                    273.024
                ],
                [
                    916.032,
                    266.976
                ],
                [
                    916.032,
                    247.968
                ],
                [
                    926.016,
                    231.98399999999998
                ],
                [
                    924.096,
                    209.952
                ],
                [
                    926.976,
                    201.96
                ],
                [
                    926.976,
                    184.03199999999998
                ],
                [
                    930.048,
                    172.04399999999998
                ],
                [
                    927.936,
                    146.016
                ],
                [
                    930.048,
                    130.03199999999998
                ],
                [
                    926.976,
                    123.012
                ],
                [
                    926.016,
                    111.996
                ],
                [
                    926.976,
                    105.94800000000001
                ],
                [
                    931.968,
                    101.952
                ],
                [
                    932.928,
                    99.036
                ],
                [
                    932.928,
                    84.02399999999999
                ],
                [
                    945.984,
                    64.044
                ],
                [
                    955.9680000000001,
                    54
                ],
                [
                    956.928,
                    50.004
                ],
                [
                    969.0240000000001,
                    38.988
                ],
                [
                    974.9760000000001,
                    38.016000000000005
                ],
                [
                    993.024,
                    38.988
                ],
                [
                    998.0160000000001,
                    43.956
                ],
                [
                    1006.08,
                    46.007999999999996
                ],
                [
                    1013.952,
                    51.94799999999999
                ],
                [
                    1016.064,
                    56.052
                ],
                [
                    1017.984,
                    57.024
                ],
                [
                    1022.9760000000001,
                    57.024
                ],
                [
                    1026.048,
                    54
                ],
                [
                    1026.048,
                    35.964000000000006
                ],
                [
                    1028.928,
                    35.964000000000006
                ],
                [
                    1033.92,
                    31.968
                ],
                [
                    1035.0720000000001,
                    23.976000000000003
                ],
                [
                    1033.92,
                    15.984
                ],
                [
                    1026.048,
                    6.048
                ],
                [
                    1022.9760000000001,
                    6.048
                ],
                [
                    1022.9760000000001,
                    0
                ],
                [
                    1116.096,
                    0
                ],
                [
                    1124.9279999999999,
                    6.048
                ],
                [
                    1142.016,
                    14.04
                ],
                [
                    1153.92,
                    15.984
                ],
                [
                    1157.952,
                    18.035999999999998
                ],
                [
                    1170.048,
                    31.968
                ],
                [
                    1176,
                    34.02
                ],
                [
                    1190.9759999999999,
                    50.976
                ],
                [
                    1201.92,
                    57.995999999999995
                ],
                [
                    1204.032,
                    61.992
                ],
                [
                    1238.016,
                    97.956
                ],
                [
                    1248,
                    115.99199999999999
                ],
                [
                    1262.976,
                    130.03199999999998
                ],
                [
                    1263.936,
                    135
                ],
                [
                    1268.928,
                    139.968
                ],
                [
                    1275.0720000000001,
                    151.956
                ],
                [
                    1280.0639999999999,
                    165.996
                ],
                [
                    1280.0639999999999,
                    177.012
                ],
                [
                    1281.984,
                    184.03199999999998
                ],
                [
                    1281.984,
                    212.976
                ],
                [
                    1286.0159999999998,
                    231.98399999999998
                ],
                [
                    1286.0159999999998,
                    270
                ],
                [
                    1290.048,
                    289.98
                ],
                [
                    1290.048,
                    301.968
                ],
                [
                    1300.0320000000002,
                    350.028
                ],
                [
                    1304.064,
                    378
                ],
                [
                    1304.064,
                    393.98400000000004
                ],
                [
                    1291.968,
                    424.008
                ],
                [
                    1277.952,
                    440.964
                ],
                [
                    1266.048,
                    458.02799999999996
                ],
                [
                    1262.976,
                    465.048
                ],
                [
                    1249.92,
                    482.00399999999996
                ],
                [
                    1243.968,
                    486
                ],
                [
                    1238.9759999999999,
                    486
                ],
                [
                    1229.952,
                    493.99199999999996
                ],
                [
                    1215.936,
                    493.99199999999996
                ]
            ]
        },
        {
            "ID": "4",
            "CLASS": "페트병",
            "DETAILS": "유색단일",
            "DAMAGE": "원형",
            "DIRTINESS": "이물질(외부)",
            "COVER": "겹침",
            "TRANSPARENCY": "불투명",
            "SHAPE": "일반용기형",
            "SHAPE_TYPE": "POLYGON",
            "POINTS": [
                [
                    1342.08,
                    234.036
                ],
                [
                    1339.9679999999998,
                    231.98399999999998
                ],
                [
                    1335.936,
                    230.04
                ],
                [
                    1335.936,
                    223.992
                ],
                [
                    1331.904,
                    222.048
                ],
                [
                    1329.984,
                    216
                ],
                [
                    1315.968,
                    208.00799999999998
                ],
                [
                    1308.096,
                    201.96
                ],
                [
                    1304.064,
                    201.96
                ],
                [
                    1296,
                    193.96800000000002
                ],
                [
                    1296,
                    189.972
                ],
                [
                    1294.0800000000002,
                    188.028
                ],
                [
                    1287.936,
                    177.012
                ],
                [
                    1281.984,
                    169.99200000000002
                ],
                [
                    1277.952,
                    155.952
                ],
                [
                    1273.92,
                    147.96
                ],
                [
                    1266.048,
                    135.972
                ],
                [
                    1257.024,
                    126.036
                ],
                [
                    1251.072,
                    122.04
                ],
                [
                    1248,
                    115.99199999999999
                ],
                [
                    1243.968,
                    111.024
                ],
                [
                    1242.048,
                    105.94800000000001
                ],
                [
                    1229.952,
                    92.01599999999999
                ],
                [
                    1196.9279999999999,
                    60.047999999999995
                ],
                [
                    1188.096,
                    51.94799999999999
                ],
                [
                    1166.976,
                    38.988
                ],
                [
                    1160.0639999999999,
                    35.964000000000006
                ],
                [
                    1152,
                    27.971999999999998
                ],
                [
                    1143.936,
                    26.028
                ],
                [
                    1137.024,
                    18.035999999999998
                ],
                [
                    1133.952,
                    15.984
                ],
                [
                    1131.072,
                    15.984
                ],
                [
                    1128,
                    15.011999999999999
                ],
                [
                    1123.968,
                    10.043999999999999
                ],
                [
                    1118.016,
                    8.964
                ],
                [
                    1104,
                    0
                ],
                [
                    1334.0159999999998,
                    0
                ],
                [
                    1335.936,
                    11.988000000000001
                ],
                [
                    1345.9199999999998,
                    38.016000000000005
                ],
                [
                    1348.032,
                    57.024
                ],
                [
                    1356.096,
                    81.972
                ],
                [
                    1356.096,
                    89.964
                ],
                [
                    1349.952,
                    104.00399999999999
                ],
                [
                    1348.032,
                    114.048
                ],
                [
                    1348.032,
                    126.036
                ],
                [
                    1356.096,
                    146.988
                ],
                [
                    1356.096,
                    159.948
                ],
                [
                    1358.9759999999999,
                    168.04799999999997
                ],
                [
                    1358.016,
                    185.976
                ],
                [
                    1356.096,
                    193.96800000000002
                ],
                [
                    1353.024,
                    197.964
                ],
                [
                    1356.096,
                    222.048
                ],
                [
                    1356.096,
                    230.04
                ],
                [
                    1349.952,
                    234.036
                ],
                [
                    1342.08,
                    234.036
                ]
            ]
        }
    ]
}