{
    "IMAGE_INFO": {
        "FILE_NAME": "1003190@0_03002_220913_P1_T3__0972.jpg",
        "DATE": "2022-10-18 14:04:30",
        "RESOLUTION": "1920 x 1080",
        "IMAGE_PHOTOGRAPHER": "이지은",
        "FOCUS_DISTANCE": "7.1",
        "EXPOSURE_TIME": "1/400",
        "SENSITIVITY_ISO": "5000",
        "PLACE": "삼오자원",
        "REGION_NAME": null,
        "Direction": "0",
        "HEIGHT": "100",
        "DAY/NIGHT": "주간",
        "WEATHER": "맑음",
        "IMAGE_HEIGHT": 1080,
        "IMAGE_WIDTH": 1920,
        "IMAGE_SIZE": "646.3 KB"
    },
    "ANNOTATION_INFO": [
        {
            "ID": "1",
            "CLASS": "페트병",
            "DETAILS": "유색단일",
            "DAMAGE": "원형",
            "DIRTINESS": "이물질(외부)",
            "COVER": "없음",
            "TRANSPARENCY": "불투명",
            "SHAPE": "일반용기형",
            "SHAPE_TYPE": "POLYGON",
            "POINTS": [
                [
                    542.016,
                    671.976
                ],
                [
                    518.976,
                    668.952
                ],
                [
                    494.97599999999994,
                    660.96
                ],
                [
                    485.952,
                    651.996
                ],
                [
                    484.99199999999996,
                    623.052
                ],
                [
                    475.968,
                    613.98
                ],
                [
                    465.984,
                    609.012
                ],
                [
                    456,
                    605.988
                ],
                [
                    450.048,
                    605.988
                ],
                [
                    440.06399999999996,
                    601.992
                ],
                [
                    436.032,
                    601.992
                ],
                [
                    430.08,
                    600.048
                ],
                [
                    409.92,
                    587.952
                ],
                [
                    403.968,
                    578.988
                ],
                [
                    398.016,
                    533.952
                ],
                [
                    397.05600000000004,
                    509.976
                ],
                [
                    393.984,
                    501.984
                ],
                [
                    393.024,
                    481.03200000000004
                ],
                [
                    388.032,
                    463.96799999999996
                ],
                [
                    384.96000000000004,
                    436.968
                ],
                [
                    384.96000000000004,
                    425.952
                ],
                [
                    395.904,
                    389.016
                ],
                [
                    395.904,
                    382.968
                ],
                [
                    390.91200000000003,
                    371.952
                ],
                [
                    389.952,
                    362.016
                ],
                [
                    387.072,
                    358.99199999999996
                ],
                [
                    388.032,
                    339.012
                ],
                [
                    389.952,
                    332.964
                ],
                [
                    393.984,
                    327.99600000000004
                ],
                [
                    393.984,
                    312.984
                ],
                [
                    401.088,
                    272.052
                ],
                [
                    408,
                    254.988
                ],
                [
                    418.944,
                    243
                ],
                [
                    418.944,
                    230.04
                ],
                [
                    426.048,
                    219.99599999999998
                ],
                [
                    433.92,
                    196.99200000000002
                ],
                [
                    432.96000000000004,
                    181.008
                ],
                [
                    436.032,
                    173.988
                ],
                [
                    438.912,
                    170.964
                ],
                [
                    438.912,
                    154.008
                ],
                [
                    441.984,
                    146.016
                ],
                [
                    442.94399999999996,
                    134.028
                ],
                [
                    451.968,
                    114.048
                ],
                [
                    459.072,
                    107.02799999999999
                ],
                [
                    465.024,
                    104.00399999999999
                ],
                [
                    475.968,
                    104.00399999999999
                ],
                [
                    484.99199999999996,
                    104.976
                ],
                [
                    508.032,
                    112.968
                ],
                [
                    531.072,
                    116.964
                ],
                [
                    542.016,
                    122.04
                ],
                [
                    570.048,
                    127.97999999999999
                ],
                [
                    585.984,
                    128.952
                ],
                [
                    601.92,
                    134.028
                ],
                [
                    619.008,
                    135.972
                ],
                [
                    639.9359999999999,
                    142.02
                ],
                [
                    662.976,
                    142.992
                ],
                [
                    677.952,
                    147.96
                ],
                [
                    694.0799999999999,
                    149.04000000000002
                ],
                [
                    700.992,
                    151.956
                ],
                [
                    710.0160000000001,
                    154.008
                ],
                [
                    730.944,
                    154.98
                ],
                [
                    745.9200000000001,
                    159.948
                ],
                [
                    753.024,
                    159.948
                ],
                [
                    763.0079999999999,
                    162.972
                ],
                [
                    772.032,
                    168.04799999999997
                ],
                [
                    776.064,
                    172.04399999999998
                ],
                [
                    778.944,
                    177.984
                ],
                [
                    782.016,
                    196.99200000000002
                ],
                [
                    779.904,
                    246.024
                ],
                [
                    782.976,
                    261.036
                ],
                [
                    782.976,
                    330.048
                ],
                [
                    779.904,
                    351
                ],
                [
                    779.904,
                    371.952
                ],
                [
                    777.024,
                    381.99600000000004
                ],
                [
                    778.944,
                    401.976
                ],
                [
                    776.064,
                    417.96000000000004
                ],
                [
                    768.96,
                    434.05199999999996
                ],
                [
                    766.08,
                    451.97999999999996
                ],
                [
                    733.0559999999999,
                    519.048
                ],
                [
                    720.96,
                    539.028
                ],
                [
                    711.936,
                    550.044
                ],
                [
                    671.04,
                    625.968
                ],
                [
                    662.976,
                    632.0160000000001
                ],
                [
                    656.064,
                    633.9599999999999
                ],
                [
                    648,
                    632.0160000000001
                ],
                [
                    590.0160000000001,
                    633.9599999999999
                ],
                [
                    584.0640000000001,
                    636.984
                ],
                [
                    580.0319999999999,
                    643.032
                ],
                [
                    580.0319999999999,
                    648
                ],
                [
                    576,
                    655.0200000000001
                ],
                [
                    576,
                    659.9879999999999
                ],
                [
                    572.928,
                    666.0360000000001
                ],
                [
                    564.096,
                    671.976
                ],
                [
                    542.016,
                    671.976
                ]
            ]
        },
        {
            "ID": "2",
            "CLASS": "페트병",
            "DETAILS": "유색단일",
            "DAMAGE": "찌그러짐",
            "DIRTINESS": "이물질(외부)",
            "COVER": "없음",
            "TRANSPARENCY": "불투명",
            "SHAPE": "물통형",
            "SHAPE_TYPE": "POLYGON",
            "POINTS": [
                [
                    965.952,
                    319.032
                ],
                [
                    963.0720000000001,
                    317.952
                ],
                [
                    965.952,
                    313.956
                ],
                [
                    959.04,
                    303.048
                ],
                [
                    956.928,
                    293.00399999999996
                ],
                [
                    950.976,
                    284.04
                ],
                [
                    950.0160000000001,
                    277.992
                ],
                [
                    945.984,
                    273.024
                ],
                [
                    945.024,
                    265.032
                ],
                [
                    940.0319999999999,
                    254.988
                ],
                [
                    940.0319999999999,
                    250.992
                ],
                [
                    936,
                    239.976
                ],
                [
                    932.928,
                    235.98
                ],
                [
                    930.048,
                    234.036
                ],
                [
                    927.936,
                    227.016
                ],
                [
                    924.096,
                    223.01999999999998
                ],
                [
                    917.952,
                    211.03199999999998
                ],
                [
                    912.9599999999999,
                    204.012
                ],
                [
                    907.968,
                    193.96800000000002
                ],
                [
                    907.0079999999999,
                    188.028
                ],
                [
                    898.944,
                    176.04000000000002
                ],
                [
                    888.96,
                    155.952
                ],
                [
                    867.072,
                    104.00399999999999
                ],
                [
                    864,
                    92.988
                ],
                [
                    862.08,
                    73.98
                ],
                [
                    862.08,
                    38.988
                ],
                [
                    863.04,
                    35.964000000000006
                ],
                [
                    868.032,
                    31.968
                ],
                [
                    878.976,
                    26.028
                ],
                [
                    879.9359999999999,
                    23.976000000000003
                ],
                [
                    892.032,
                    15.984
                ],
                [
                    897.024,
                    14.04
                ],
                [
                    917.952,
                    0
                ],
                [
                    1040.0639999999999,
                    0
                ],
                [
                    1043.904,
                    3.996
                ],
                [
                    1047.936,
                    11.988000000000001
                ],
                [
                    1056.96,
                    24.948
                ],
                [
                    1069.056,
                    34.992
                ],
                [
                    1078.08,
                    46.007999999999996
                ],
                [
                    1089.0240000000001,
                    54.972
                ],
                [
                    1114.944,
                    96.012
                ],
                [
                    1116.096,
                    103.032
                ],
                [
                    1119.9360000000001,
                    111.024
                ],
                [
                    1126.08,
                    119.016
                ],
                [
                    1127.04,
                    123.012
                ],
                [
                    1132.992,
                    132.948
                ],
                [
                    1140.096,
                    139.968
                ],
                [
                    1140.096,
                    142.992
                ],
                [
                    1148.928,
                    153.036
                ],
                [
                    1157.952,
                    169.02
                ],
                [
                    1165.056,
                    176.04000000000002
                ],
                [
                    1176,
                    192.996
                ],
                [
                    1177.92,
                    196.99200000000002
                ],
                [
                    1177.92,
                    200.988
                ],
                [
                    1167.936,
                    212.004
                ],
                [
                    1152,
                    223.992
                ],
                [
                    1140.096,
                    231.012
                ],
                [
                    1134.9119999999998,
                    232.95600000000002
                ],
                [
                    1113.9840000000002,
                    246.99599999999998
                ],
                [
                    1109.952,
                    247.968
                ],
                [
                    1099.008,
                    254.016
                ],
                [
                    1089.0240000000001,
                    262.00800000000004
                ],
                [
                    1081.92,
                    265.032
                ],
                [
                    1074.048,
                    266.976
                ],
                [
                    1032,
                    288.036
                ],
                [
                    1021.056,
                    293.976
                ],
                [
                    1016.064,
                    299.05199999999996
                ],
                [
                    998.0160000000001,
                    308.988
                ],
                [
                    974.9760000000001,
                    317.952
                ],
                [
                    965.952,
                    319.032
                ]
            ]
        }
    ]
}