{
    "IMAGE_INFO": {
        "FILE_NAME": "1003279@0_03002_220913_P1_T3__1041.jpg",
        "DATE": "2022-10-18 14:04:54",
        "RESOLUTION": "1920 x 1080",
        "IMAGE_PHOTOGRAPHER": "이지은",
        "FOCUS_DISTANCE": "7.1",
        "EXPOSURE_TIME": "1/400",
        "SENSITIVITY_ISO": "5000",
        "PLACE": "삼오자원",
        "REGION_NAME": null,
        "Direction": "0",
        "HEIGHT": "100",
        "DAY/NIGHT": "주간",
        "WEATHER": "맑음",
        "IMAGE_HEIGHT": 1080,
        "IMAGE_WIDTH": 1920,
        "IMAGE_SIZE": "681.9 KB"
    },
    "ANNOTATION_INFO": [
        {
            "ID": "1",
            "CLASS": "페트병",
            "DETAILS": "유색단일",
            "DAMAGE": "원형",
            "DIRTINESS": "이물질(외부)",
            "COVER": "없음",
            "TRANSPARENCY": "불투명",
            "SHAPE": "물통형",
            "SHAPE_TYPE": "POLYGON",
            "POINTS": [
                [
                    820.0319999999999,
                    1080
                ],
                [
                    817.92,
                    1056.0240000000001
                ],
                [
                    811.968,
                    1048.0320000000002
                ],
                [
                    806.976,
                    1010.0160000000001
                ],
                [
                    801.984,
                    1002.024
                ],
                [
                    796.9920000000001,
                    975.024
                ],
                [
                    792,
                    967.0319999999999
                ],
                [
                    788.928,
                    955.044
                ],
                [
                    788.928,
                    941.976
                ],
                [
                    782.016,
                    921.996
                ],
                [
                    778.944,
                    902.0160000000001
                ],
                [
                    778.944,
                    878.04
                ],
                [
                    788.928,
                    856.0079999999999
                ],
                [
                    801.984,
                    841.968
                ],
                [
                    815.04,
                    837.972
                ],
                [
                    828.096,
                    829.9799999999999
                ],
                [
                    838.08,
                    825.984
                ],
                [
                    845.952,
                    825.0120000000001
                ],
                [
                    853.0559999999999,
                    821.016
                ],
                [
                    868.992,
                    820.044
                ],
                [
                    907.0079999999999,
                    806.0039999999999
                ],
                [
                    960.9599999999999,
                    791.9639999999999
                ],
                [
                    968.064,
                    787.9680000000001
                ],
                [
                    979.008,
                    786.024
                ],
                [
                    988.992,
                    782.028
                ],
                [
                    1003.9680000000001,
                    779.976
                ],
                [
                    1008.9599999999999,
                    776.952
                ],
                [
                    1018.944,
                    775.98
                ],
                [
                    1035.0720000000001,
                    768.9599999999999
                ],
                [
                    1050.048,
                    767.9879999999999
                ],
                [
                    1090.944,
                    756
                ],
                [
                    1122.048,
                    755.028
                ],
                [
                    1152,
                    740.988
                ],
                [
                    1195.968,
                    729
                ],
                [
                    1205.952,
                    728.028
                ],
                [
                    1254.9119999999998,
                    713.016
                ],
                [
                    1265.0880000000002,
                    712.044
                ],
                [
                    1275.0720000000001,
                    708.048
                ],
                [
                    1297.92,
                    702.972
                ],
                [
                    1342.08,
                    695.952
                ],
                [
                    1358.9759999999999,
                    694.9799999999999
                ],
                [
                    1369.92,
                    695.952
                ],
                [
                    1392.96,
                    706.968
                ],
                [
                    1405.056,
                    709.02
                ],
                [
                    1435.968,
                    724.032
                ],
                [
                    1444.032,
                    731.0519999999999
                ],
                [
                    1467.0720000000001,
                    743.04
                ],
                [
                    1472.064,
                    744.012
                ],
                [
                    1482.048,
                    736.02
                ],
                [
                    1497.024,
                    735.048
                ],
                [
                    1510.08,
                    731.0519999999999
                ],
                [
                    1526.0159999999998,
                    729
                ],
                [
                    1537.92,
                    729
                ],
                [
                    1540.992,
                    731.0519999999999
                ],
                [
                    1554.048,
                    731.0519999999999
                ],
                [
                    1555.968,
                    740.0160000000001
                ],
                [
                    1564.032,
                    744.012
                ],
                [
                    1565.952,
                    756
                ],
                [
                    1574.0159999999998,
                    764.964
                ],
                [
                    1579.008,
                    780.948
                ],
                [
                    1579.008,
                    789.048
                ],
                [
                    1587.0720000000001,
                    806.0039999999999
                ],
                [
                    1588.992,
                    817.02
                ],
                [
                    1587.0720000000001,
                    825.0120000000001
                ],
                [
                    1577.088,
                    833.976
                ],
                [
                    1564.032,
                    840.024
                ],
                [
                    1537.92,
                    845.9639999999999
                ],
                [
                    1536,
                    848.988
                ],
                [
                    1520.0639999999999,
                    849.96
                ],
                [
                    1515.0720000000001,
                    845.9639999999999
                ],
                [
                    1510.08,
                    845.9639999999999
                ],
                [
                    1502.976,
                    849.96
                ],
                [
                    1492.032,
                    867.024
                ],
                [
                    1472.064,
                    917.028
                ],
                [
                    1449.0240000000001,
                    938.952
                ],
                [
                    1439.0400000000002,
                    953.9639999999999
                ],
                [
                    1416,
                    975.024
                ],
                [
                    1411.008,
                    978.048
                ],
                [
                    1367.04,
                    990.036
                ],
                [
                    1353.9840000000002,
                    991.0079999999999
                ],
                [
                    1330.944,
                    999.972
                ],
                [
                    1305.9840000000002,
                    1006.992
                ],
                [
                    1297.92,
                    1006.992
                ],
                [
                    1270.08,
                    1018.008
                ],
                [
                    1265.0880000000002,
                    1018.008
                ],
                [
                    1254.9119999999998,
                    1022.004
                ],
                [
                    1232.064,
                    1026.972
                ],
                [
                    1215.936,
                    1028.052
                ],
                [
                    1188.096,
                    1042.956
                ],
                [
                    1132.032,
                    1056.0240000000001
                ],
                [
                    1127.04,
                    1060.02
                ],
                [
                    1117.056,
                    1064.0159999999998
                ],
                [
                    1104,
                    1064.988
                ],
                [
                    1088.0639999999999,
                    1071.036
                ],
                [
                    1075.968,
                    1072.008
                ],
                [
                    1062.912,
                    1080
                ],
                [
                    820.0319999999999,
                    1080
                ]
            ]
        }
    ]
}