{
    "IMAGE_INFO": {
        "FILE_NAME": "1003235@0_03002_220913_P1_T3__1102.jpg",
        "DATE": "2022-10-18 14:05:12",
        "RESOLUTION": "1920 x 1080",
        "IMAGE_PHOTOGRAPHER": "이지은",
        "FOCUS_DISTANCE": "7.1",
        "EXPOSURE_TIME": "1/400",
        "SENSITIVITY_ISO": "5000",
        "PLACE": "삼오자원",
        "REGION_NAME": null,
        "Direction": "0",
        "HEIGHT": "100",
        "DAY/NIGHT": "주간",
        "WEATHER": "맑음",
        "IMAGE_HEIGHT": 1080,
        "IMAGE_WIDTH": 1920,
        "IMAGE_SIZE": "662.6 KB"
    },
    "ANNOTATION_INFO": [
        {
            "ID": "1",
            "CLASS": "페트병",
            "DETAILS": "유색단일",
            "DAMAGE": "찌그러짐",
            "DIRTINESS": "이물질(외부)",
            "COVER": "없음",
            "TRANSPARENCY": "불투명",
            "SHAPE": "일반용기형",
            "SHAPE_TYPE": "POLYGON",
            "POINTS": [
                [
                    1444.032,
                    259.956
                ],
                [
                    1435.968,
                    258.012
                ],
                [
                    1428.096,
                    247.968
                ],
                [
                    1411.968,
                    213.948
                ],
                [
                    1400.0639999999999,
                    195.048
                ],
                [
                    1393.92,
                    189
                ],
                [
                    1371.072,
                    180.03599999999997
                ],
                [
                    1372.032,
                    173.988
                ],
                [
                    1366.08,
                    162
                ],
                [
                    1376.064,
                    128.952
                ],
                [
                    1377.984,
                    69.984
                ],
                [
                    1373.952,
                    34.02
                ],
                [
                    1363.968,
                    0
                ],
                [
                    1637.952,
                    0
                ],
                [
                    1688.0639999999999,
                    130.03199999999998
                ],
                [
                    1688.0639999999999,
                    143.964
                ],
                [
                    1684.032,
                    151.956
                ],
                [
                    1676.9279999999999,
                    158.00400000000002
                ],
                [
                    1665.9840000000002,
                    159.948
                ],
                [
                    1643.904,
                    176.04000000000002
                ],
                [
                    1617.984,
                    188.028
                ],
                [
                    1611.072,
                    189
                ],
                [
                    1579.9679999999998,
                    201.96
                ],
                [
                    1575.936,
                    205.95600000000002
                ],
                [
                    1551.9360000000001,
                    213.948
                ],
                [
                    1521.0240000000001,
                    231.98399999999998
                ],
                [
                    1508.928,
                    242.028
                ],
                [
                    1484.9279999999999,
                    254.016
                ],
                [
                    1451.904,
                    255.95999999999998
                ],
                [
                    1444.032,
                    259.956
                ]
            ]
        },
        {
            "ID": "2",
            "CLASS": "페트병",
            "DETAILS": "유색단일",
            "DAMAGE": "원형",
            "DIRTINESS": "이물질(외부)",
            "COVER": "겹침",
            "TRANSPARENCY": "불투명",
            "SHAPE": "일반용기형",
            "SHAPE_TYPE": "POLYGON",
            "POINTS": [
                [
                    0,
                    1080
                ],
                [
                    0,
                    783.972
                ],
                [
                    4.032,
                    783.972
                ],
                [
                    4.992,
                    785.052
                ],
                [
                    9.024000000000001,
                    785.052
                ],
                [
                    10.944,
                    783
                ],
                [
                    12.096,
                    783
                ],
                [
                    13.056,
                    782.028
                ],
                [
                    13.056,
                    780.948
                ],
                [
                    17.088,
                    775.008
                ],
                [
                    19.008000000000003,
                    768.9599999999999
                ],
                [
                    28.032,
                    755.028
                ],
                [
                    33.984,
                    743.04
                ],
                [
                    35.904,
                    740.0160000000001
                ],
                [
                    38.016000000000005,
                    737.964
                ],
                [
                    48.959999999999994,
                    737.964
                ],
                [
                    53.952,
                    739.044
                ],
                [
                    59.903999999999996,
                    740.988
                ],
                [
                    67.968,
                    743.04
                ],
                [
                    71.03999999999999,
                    744.012
                ],
                [
                    73.92,
                    747.036
                ],
                [
                    90.048,
                    751.032
                ],
                [
                    99.072,
                    756
                ],
                [
                    104.064,
                    758.052
                ],
                [
                    109.05600000000001,
                    762.048
                ],
                [
                    110.976,
                    763.9920000000001
                ],
                [
                    111.93599999999999,
                    763.9920000000001
                ],
                [
                    115.00800000000001,
                    767.0160000000001
                ],
                [
                    115.00800000000001,
                    768.9599999999999
                ],
                [
                    115.968,
                    771.012
                ],
                [
                    115.968,
                    776.952
                ],
                [
                    115.00800000000001,
                    780.948
                ],
                [
                    111.93599999999999,
                    786.996
                ],
                [
                    111.93599999999999,
                    790.0200000000001
                ],
                [
                    109.05600000000001,
                    794.016
                ],
                [
                    109.05600000000001,
                    801.0360000000001
                ],
                [
                    108.096,
                    805.0319999999999
                ],
                [
                    105.024,
                    809.028
                ],
                [
                    104.064,
                    816.048
                ],
                [
                    104.064,
                    822.96
                ],
                [
                    101.952,
                    825.984
                ],
                [
                    101.952,
                    829.0079999999999
                ],
                [
                    102.912,
                    829.9799999999999
                ],
                [
                    102.912,
                    832.0319999999999
                ],
                [
                    101.952,
                    840.996
                ],
                [
                    100.032,
                    843.048
                ],
                [
                    97.91999999999999,
                    848.988
                ],
                [
                    97.91999999999999,
                    863.028
                ],
                [
                    95.04,
                    872.964
                ],
                [
                    92.928,
                    878.04
                ],
                [
                    87.936,
                    887.004
                ],
                [
                    82.944,
                    893.052
                ],
                [
                    81.98400000000001,
                    894.996
                ],
                [
                    78.91199999999999,
                    897.048
                ],
                [
                    78.91199999999999,
                    898.02
                ],
                [
                    73.92,
                    899.964
                ],
                [
                    70.08,
                    906.012
                ],
                [
                    63.93600000000001,
                    915.948
                ],
                [
                    57.984,
                    929.9879999999999
                ],
                [
                    52.992,
                    952.992
                ],
                [
                    52.992,
                    957.96
                ],
                [
                    54.912,
                    978.048
                ],
                [
                    54.912,
                    1006.02
                ],
                [
                    53.952,
                    1011.96
                ],
                [
                    49.919999999999995,
                    1029.024
                ],
                [
                    48.959999999999994,
                    1030.968
                ],
                [
                    47.04,
                    1033.02
                ],
                [
                    43.968,
                    1045.008
                ],
                [
                    41.088,
                    1053
                ],
                [
                    33.984,
                    1064.0159999999998
                ],
                [
                    30.912,
                    1071.036
                ],
                [
                    28.992,
                    1080
                ],
                [
                    0,
                    1080
                ]
            ]
        },
        {
            "ID": "3",
            "CLASS": "페트병",
            "DETAILS": "유색단일",
            "DAMAGE": "찌그러짐",
            "DIRTINESS": "이물질(외부)",
            "COVER": "겹침",
            "TRANSPARENCY": "불투명",
            "SHAPE": "물통형",
            "SHAPE_TYPE": "POLYGON",
            "POINTS": [
                [
                    486.912,
                    728.028
                ],
                [
                    484.032,
                    725.976
                ],
                [
                    478.08,
                    713.016
                ],
                [
                    478.08,
                    698.976
                ],
                [
                    485.952,
                    670.0319999999999
                ],
                [
                    480.96,
                    651.996
                ],
                [
                    494.01599999999996,
                    641.952
                ],
                [
                    497.088,
                    632.9879999999999
                ],
                [
                    503.04,
                    590.004
                ],
                [
                    503.04,
                    555.984
                ],
                [
                    498.04800000000006,
                    537.948
                ],
                [
                    497.088,
                    520.02
                ],
                [
                    491.904,
                    504.036
                ],
                [
                    490.94399999999996,
                    477.036
                ],
                [
                    484.032,
                    454.032
                ],
                [
                    483.072,
                    417.96000000000004
                ],
                [
                    478.08,
                    398.952
                ],
                [
                    478.08,
                    374.004
                ],
                [
                    475.00800000000004,
                    358.02000000000004
                ],
                [
                    475.00800000000004,
                    316.00800000000004
                ],
                [
                    478.08,
                    284.04
                ],
                [
                    494.97599999999994,
                    266.00399999999996
                ],
                [
                    503.04,
                    262.98
                ],
                [
                    526.08,
                    243
                ],
                [
                    532.9920000000001,
                    231.98399999999998
                ],
                [
                    541.056,
                    228.95999999999998
                ],
                [
                    552.9599999999999,
                    212.976
                ],
                [
                    566.976,
                    204.012
                ],
                [
                    576,
                    192.996
                ],
                [
                    579.072,
                    185.976
                ],
                [
                    595.9680000000001,
                    174.96
                ],
                [
                    623.04,
                    150.012
                ],
                [
                    628.032,
                    138.024
                ],
                [
                    628.992,
                    124.956
                ],
                [
                    624,
                    115.99199999999999
                ],
                [
                    624,
                    104.976
                ],
                [
                    618.048,
                    91.044
                ],
                [
                    617.0880000000001,
                    80.028
                ],
                [
                    610.944,
                    68.04
                ],
                [
                    611.904,
                    50.004
                ],
                [
                    617.0880000000001,
                    46.007999999999996
                ],
                [
                    620.928,
                    45.036
                ],
                [
                    634.944,
                    45.036
                ],
                [
                    639.9359999999999,
                    46.007999999999996
                ],
                [
                    643.968,
                    50.004
                ],
                [
                    652.032,
                    51.94799999999999
                ],
                [
                    666.048,
                    50.004
                ],
                [
                    672.9599999999999,
                    54
                ],
                [
                    691.008,
                    54.972
                ],
                [
                    706.9440000000001,
                    61.02
                ],
                [
                    716.928,
                    68.04
                ],
                [
                    739.008,
                    73.008
                ],
                [
                    745.9200000000001,
                    78.948
                ],
                [
                    750.912,
                    78.948
                ],
                [
                    763.0079999999999,
                    84.02399999999999
                ],
                [
                    772.032,
                    88.992
                ],
                [
                    779.904,
                    96.98400000000001
                ],
                [
                    787.0079999999999,
                    100.008
                ],
                [
                    797.952,
                    138.996
                ],
                [
                    802.9440000000001,
                    165.996
                ],
                [
                    802.9440000000001,
                    189
                ],
                [
                    797.952,
                    251.964
                ],
                [
                    782.976,
                    328.96799999999996
                ],
                [
                    763.968,
                    382.968
                ],
                [
                    763.0079999999999,
                    394.956
                ],
                [
                    752.064,
                    431.028
                ],
                [
                    750.912,
                    447.012
                ],
                [
                    743.04,
                    461.052
                ],
                [
                    739.9680000000001,
                    471.96
                ],
                [
                    721.92,
                    492.048
                ],
                [
                    710.976,
                    498.96000000000004
                ],
                [
                    694.0799999999999,
                    515.052
                ],
                [
                    670.0799999999999,
                    542.052
                ],
                [
                    641.088,
                    560.952
                ],
                [
                    628.992,
                    574.02
                ],
                [
                    624,
                    585.036
                ],
                [
                    624,
                    598.968
                ],
                [
                    633.984,
                    617.976
                ],
                [
                    632.064,
                    625.968
                ],
                [
                    614.976,
                    637.956
                ],
                [
                    594.048,
                    660.96
                ],
                [
                    585.984,
                    675.972
                ],
                [
                    585.024,
                    701.028
                ],
                [
                    572.928,
                    720.036
                ],
                [
                    566.976,
                    725.976
                ],
                [
                    527.0400000000001,
                    724.032
                ],
                [
                    486.912,
                    728.028
                ]
            ]
        }
    ]
}