{
    "IMAGE_INFO": {
        "FILE_NAME": "1003903@0_03002_220913_P1_T3__0756.jpg",
        "DATE": "2022-10-18 14:09:12",
        "RESOLUTION": "1920 x 1080",
        "IMAGE_PHOTOGRAPHER": "이지은",
        "FOCUS_DISTANCE": "7.1",
        "EXPOSURE_TIME": "1/400",
        "SENSITIVITY_ISO": "5000",
        "PLACE": "삼오자원",
        "REGION_NAME": null,
        "Direction": "0",
        "HEIGHT": "100",
        "DAY/NIGHT": "주간",
        "WEATHER": "맑음",
        "IMAGE_HEIGHT": 1080,
        "IMAGE_WIDTH": 1920,
        "IMAGE_SIZE": "635.5 KB"
    },
    "ANNOTATION_INFO": [
        {
            "ID": "1",
            "CLASS": "페트병",
            "DETAILS": "유색단일",
            "DAMAGE": "찌그러짐",
            "DIRTINESS": "이물질(외부)",
            "COVER": "겹침",
            "TRANSPARENCY": "불투명",
            "SHAPE": "스프레이용기형",
            "SHAPE_TYPE": "BOX",
            "POINTS": [
                [
                    1097.8021978021977,
                    0,
                    267.03296703296724,
                    528.0494404887105
                ]
            ]
        }
    ]
}