{
    "IMAGE_INFO": {
        "FILE_NAME": "1003276@0_03002_220913_P1_T3__0981.jpg",
        "DATE": "2022-10-18 14:04:32",
        "RESOLUTION": "1920 x 1080",
        "IMAGE_PHOTOGRAPHER": "이지은",
        "FOCUS_DISTANCE": "7.1",
        "EXPOSURE_TIME": "1/400",
        "SENSITIVITY_ISO": "5000",
        "PLACE": "삼오자원",
        "REGION_NAME": null,
        "Direction": "0",
        "HEIGHT": "100",
        "DAY/NIGHT": "주간",
        "WEATHER": "맑음",
        "IMAGE_HEIGHT": 1080,
        "IMAGE_WIDTH": 1920,
        "IMAGE_SIZE": "650.9 KB"
    },
    "ANNOTATION_INFO": [
        {
            "ID": "1",
            "CLASS": "페트병",
            "DETAILS": "유색단일",
            "DAMAGE": "원형",
            "DIRTINESS": "이물질(외부)",
            "COVER": "없음",
            "TRANSPARENCY": "불투명",
            "SHAPE": "스프레이용기형",
            "SHAPE_TYPE": "POLYGON",
            "POINTS": [
                [
                    610.944,
                    709.992
                ],
                [
                    606.912,
                    709.02
                ],
                [
                    588.096,
                    686.016
                ],
                [
                    576.96,
                    675.972
                ],
                [
                    572.928,
                    667.008
                ],
                [
                    567.936,
                    662.04
                ],
                [
                    567.936,
                    659.016
                ],
                [
                    561.984,
                    654.048
                ],
                [
                    557.952,
                    645.948
                ],
                [
                    551.04,
                    639.0360000000001
                ],
                [
                    551.04,
                    636.012
                ],
                [
                    545.088,
                    631.0440000000001
                ],
                [
                    542.976,
                    623.052
                ],
                [
                    519.9359999999999,
                    582.9839999999999
                ],
                [
                    522.048,
                    564.948
                ],
                [
                    526.08,
                    559.0079999999999
                ],
                [
                    545.088,
                    543.024
                ],
                [
                    561.984,
                    532.0079999999999
                ],
                [
                    566.016,
                    531.0360000000001
                ],
                [
                    591.936,
                    509.976
                ],
                [
                    600,
                    505.98
                ],
                [
                    624,
                    486.97200000000004
                ],
                [
                    663.936,
                    461.052
                ],
                [
                    691.008,
                    439.99199999999996
                ],
                [
                    750.912,
                    397.98
                ],
                [
                    777.984,
                    388.044
                ],
                [
                    795.072,
                    388.044
                ],
                [
                    810.048,
                    392.03999999999996
                ],
                [
                    829.056,
                    400.032
                ],
                [
                    841.92,
                    400.032
                ],
                [
                    875.904,
                    378
                ],
                [
                    888,
                    377.028
                ],
                [
                    894.912,
                    373.032
                ],
                [
                    897.024,
                    370.00800000000004
                ],
                [
                    926.016,
                    354.024
                ],
                [
                    929.088,
                    350.028
                ],
                [
                    936.96,
                    351
                ],
                [
                    942.9119999999999,
                    354.996
                ],
                [
                    945.984,
                    354.996
                ],
                [
                    951.936,
                    351
                ],
                [
                    960,
                    351
                ],
                [
                    966.912,
                    358.99199999999996
                ],
                [
                    998.976,
                    339.012
                ],
                [
                    1004.928,
                    336.96
                ],
                [
                    1007.04,
                    339.98400000000004
                ],
                [
                    1011.0719999999999,
                    344.952
                ],
                [
                    1011.0719999999999,
                    354.996
                ],
                [
                    998.0160000000001,
                    367.956
                ],
                [
                    982.0799999999999,
                    378
                ],
                [
                    988.0319999999999,
                    389.016
                ],
                [
                    988.0319999999999,
                    396.036
                ],
                [
                    985.92,
                    400.032
                ],
                [
                    979.968,
                    402.948
                ],
                [
                    982.0799999999999,
                    413.964
                ],
                [
                    979.968,
                    415.044
                ],
                [
                    979.968,
                    419.04
                ],
                [
                    940.992,
                    448.956
                ],
                [
                    939.072,
                    461.052
                ],
                [
                    932.928,
                    466.992
                ],
                [
                    910.0799999999999,
                    482.00399999999996
                ],
                [
                    905.088,
                    489.996
                ],
                [
                    901.056,
                    497.988
                ],
                [
                    902.976,
                    536.004
                ],
                [
                    894.912,
                    547.992
                ],
                [
                    892.9920000000001,
                    555.984
                ],
                [
                    886.08,
                    564.948
                ],
                [
                    870.912,
                    578.016
                ],
                [
                    844.0319999999999,
                    594
                ],
                [
                    841.92,
                    597.996
                ],
                [
                    825.024,
                    609.012
                ],
                [
                    792.9599999999999,
                    625.968
                ],
                [
                    782.016,
                    633.9599999999999
                ],
                [
                    782.016,
                    639.0360000000001
                ],
                [
                    776.064,
                    644.976
                ],
                [
                    710.0160000000001,
                    691.956
                ],
                [
                    692.928,
                    697.0319999999999
                ],
                [
                    673.92,
                    698.004
                ],
                [
                    663.936,
                    702
                ],
                [
                    652.9920000000001,
                    704.052
                ],
                [
                    624,
                    705.996
                ],
                [
                    619.008,
                    709.02
                ],
                [
                    610.944,
                    709.992
                ]
            ]
        },
        {
            "ID": "2",
            "CLASS": "페트병",
            "DETAILS": "유색단일",
            "DAMAGE": "원형",
            "DIRTINESS": "오염없음",
            "COVER": "겹침",
            "TRANSPARENCY": "불투명",
            "SHAPE": "일반용기형",
            "SHAPE_TYPE": "POLYGON",
            "POINTS": [
                [
                    1544.064,
                    699.948
                ],
                [
                    1535.04,
                    694.9799999999999
                ],
                [
                    1526.976,
                    694.9799999999999
                ],
                [
                    1523.904,
                    694.0079999999999
                ],
                [
                    1521.984,
                    691.956
                ],
                [
                    1517.952,
                    690.984
                ],
                [
                    1516.032,
                    690.984
                ],
                [
                    1511.04,
                    689.04
                ],
                [
                    1510.08,
                    686.9879999999999
                ],
                [
                    1511.04,
                    675
                ],
                [
                    1510.08,
                    671.0039999999999
                ],
                [
                    1506.048,
                    666.0360000000001
                ],
                [
                    1501.056,
                    655.9920000000001
                ],
                [
                    1497.984,
                    652.9680000000001
                ],
                [
                    1493.952,
                    641.952
                ],
                [
                    1493.952,
                    631.0440000000001
                ],
                [
                    1497.984,
                    608.04
                ],
                [
                    1497.984,
                    596.0519999999999
                ],
                [
                    1498.944,
                    589.032
                ],
                [
                    1501.056,
                    586.98
                ],
                [
                    1502.016,
                    582.9839999999999
                ],
                [
                    1502.016,
                    569.052
                ],
                [
                    1505.0880000000002,
                    560.952
                ],
                [
                    1506.048,
                    550.044
                ],
                [
                    1507.968,
                    543.024
                ],
                [
                    1510.08,
                    529.956
                ],
                [
                    1510.08,
                    513
                ],
                [
                    1512,
                    506.952
                ],
                [
                    1513.92,
                    486.97200000000004
                ],
                [
                    1516.032,
                    481.03200000000004
                ],
                [
                    1516.992,
                    462.024
                ],
                [
                    1520.0639999999999,
                    447.012
                ],
                [
                    1521.0240000000001,
                    444.96
                ],
                [
                    1525.056,
                    442.044
                ],
                [
                    1548.096,
                    442.044
                ],
                [
                    1561.92,
                    443.016
                ],
                [
                    1571.904,
                    443.016
                ],
                [
                    1575.936,
                    444.96
                ],
                [
                    1580.928,
                    446.03999999999996
                ],
                [
                    1588.992,
                    446.03999999999996
                ],
                [
                    1593.9840000000002,
                    447.012
                ],
                [
                    1599.9360000000001,
                    451.00800000000004
                ],
                [
                    1599.9360000000001,
                    471.96
                ],
                [
                    1598.016,
                    477.036
                ],
                [
                    1597.056,
                    492.048
                ],
                [
                    1593.9840000000002,
                    504.036
                ],
                [
                    1593.024,
                    523.044
                ],
                [
                    1590.912,
                    529.956
                ],
                [
                    1589.952,
                    543.024
                ],
                [
                    1587.0720000000001,
                    548.9639999999999
                ],
                [
                    1584.96,
                    550.044
                ],
                [
                    1579.9679999999998,
                    550.044
                ],
                [
                    1574.0159999999998,
                    554.04
                ],
                [
                    1570.944,
                    554.04
                ],
                [
                    1568.0639999999999,
                    555.0120000000001
                ],
                [
                    1563.0720000000001,
                    558.0360000000001
                ],
                [
                    1555.968,
                    559.9799999999999
                ],
                [
                    1546.944,
                    559.9799999999999
                ],
                [
                    1531.968,
                    564.948
                ],
                [
                    1521.0240000000001,
                    575.9639999999999
                ],
                [
                    1512.96,
                    589.032
                ],
                [
                    1512.96,
                    597.024
                ],
                [
                    1513.92,
                    600.048
                ],
                [
                    1525.056,
                    610.956
                ],
                [
                    1529.088,
                    613.008
                ],
                [
                    1535.04,
                    617.976
                ],
                [
                    1537.92,
                    618.9480000000001
                ],
                [
                    1546.944,
                    624.996
                ],
                [
                    1556.9279999999999,
                    628.9920000000001
                ],
                [
                    1569.984,
                    637.956
                ],
                [
                    1571.904,
                    637.956
                ],
                [
                    1577.088,
                    643.032
                ],
                [
                    1575.936,
                    648
                ],
                [
                    1571.904,
                    658.044
                ],
                [
                    1568.0639999999999,
                    663.0120000000001
                ],
                [
                    1549.056,
                    682.02
                ],
                [
                    1549.056,
                    693.0360000000001
                ],
                [
                    1545.9840000000002,
                    699.948
                ],
                [
                    1544.064,
                    699.948
                ]
            ]
        }
    ]
}