{
    "IMAGE_INFO": {
        "FILE_NAME": "1003298@0_03002_220913_P1_T3__1068.jpg",
        "DATE": "2022-10-18 14:05:02",
        "RESOLUTION": "1920 x 1080",
        "IMAGE_PHOTOGRAPHER": "이지은",
        "FOCUS_DISTANCE": "7.1",
        "EXPOSURE_TIME": "1/400",
        "SENSITIVITY_ISO": "5000",
        "PLACE": "삼오자원",
        "REGION_NAME": null,
        "Direction": "0",
        "HEIGHT": "100",
        "DAY/NIGHT": "주간",
        "WEATHER": "맑음",
        "IMAGE_HEIGHT": 1080,
        "IMAGE_WIDTH": 1920,
        "IMAGE_SIZE": "653.5 KB"
    },
    "ANNOTATION_INFO": [
        {
            "ID": "1",
            "CLASS": "페트병",
            "DETAILS": "유색단일",
            "DAMAGE": "찌그러짐",
            "DIRTINESS": "이물질(외부)",
            "COVER": "겹침",
            "TRANSPARENCY": "불투명",
            "SHAPE": "스프레이용기형",
            "SHAPE_TYPE": "POLYGON",
            "POINTS": [
                [
                    558.912,
                    424.008
                ],
                [
                    542.016,
                    423.036
                ],
                [
                    503.04,
                    389.988
                ],
                [
                    498.04800000000006,
                    388.044
                ],
                [
                    488.06399999999996,
                    386.964
                ],
                [
                    470.01599999999996,
                    377.028
                ],
                [
                    451.008,
                    373.032
                ],
                [
                    422.976,
                    373.032
                ],
                [
                    414.912,
                    374.976
                ],
                [
                    402.048,
                    374.004
                ],
                [
                    409.92,
                    354.024
                ],
                [
                    409.92,
                    348.948
                ],
                [
                    403.968,
                    336.96
                ],
                [
                    393.024,
                    327.024
                ],
                [
                    388.032,
                    320.004
                ],
                [
                    387.072,
                    313.956
                ],
                [
                    379.96799999999996,
                    304.02
                ],
                [
                    365.952,
                    272.052
                ],
                [
                    364.99199999999996,
                    258.98400000000004
                ],
                [
                    369.024,
                    245.052
                ],
                [
                    375.936,
                    231.98399999999998
                ],
                [
                    379.008,
                    230.04
                ],
                [
                    389.952,
                    207.036
                ],
                [
                    409.92,
                    155.952
                ],
                [
                    412.992,
                    142.992
                ],
                [
                    420.096,
                    131.00400000000002
                ],
                [
                    422.976,
                    119.016
                ],
                [
                    423.936,
                    101.952
                ],
                [
                    428.928,
                    87.048
                ],
                [
                    432,
                    68.04
                ],
                [
                    432,
                    51.94799999999999
                ],
                [
                    435.072,
                    37.044
                ],
                [
                    435.072,
                    14.04
                ],
                [
                    430.08,
                    3.996
                ],
                [
                    430.08,
                    0
                ],
                [
                    750.912,
                    0
                ],
                [
                    749.952,
                    61.992
                ],
                [
                    753.024,
                    69.984
                ],
                [
                    748.032,
                    73.98
                ],
                [
                    742.08,
                    92.01599999999999
                ],
                [
                    742.08,
                    108.97200000000001
                ],
                [
                    739.008,
                    114.048
                ],
                [
                    737.0880000000001,
                    128.952
                ],
                [
                    733.0559999999999,
                    139.968
                ],
                [
                    733.0559999999999,
                    154.98
                ],
                [
                    729.9839999999999,
                    176.04000000000002
                ],
                [
                    725.952,
                    185.00400000000002
                ],
                [
                    724.992,
                    207.036
                ],
                [
                    720,
                    227.988
                ],
                [
                    719.04,
                    245.052
                ],
                [
                    710.976,
                    261.036
                ],
                [
                    689.088,
                    293.00399999999996
                ],
                [
                    663.936,
                    323.02799999999996
                ],
                [
                    648,
                    336.96
                ],
                [
                    637.0559999999999,
                    351.97200000000004
                ],
                [
                    630.912,
                    357.048
                ],
                [
                    617.0880000000001,
                    378
                ],
                [
                    589.056,
                    412.02
                ],
                [
                    579.072,
                    419.04
                ],
                [
                    567.936,
                    423.036
                ],
                [
                    558.912,
                    424.008
                ]
            ]
        },
        {
            "ID": "2",
            "CLASS": "페트병",
            "DETAILS": "유색단일",
            "DAMAGE": "원형",
            "DIRTINESS": "이물질(외부)",
            "COVER": "없음",
            "TRANSPARENCY": "불투명",
            "SHAPE": "일반용기형",
            "SHAPE_TYPE": "POLYGON",
            "POINTS": [
                [
                    154.944,
                    1080
                ],
                [
                    159.936,
                    1072.98
                ],
                [
                    162.048,
                    1064.988
                ],
                [
                    169.92,
                    1056.996
                ],
                [
                    172.992,
                    1049.0040000000001
                ],
                [
                    191.04000000000002,
                    1026.972
                ],
                [
                    192.96,
                    1018.008
                ],
                [
                    201.024,
                    1011.96
                ],
                [
                    203.904,
                    1005.048
                ],
                [
                    214.08,
                    994.032
                ],
                [
                    214.08,
                    990.036
                ],
                [
                    221.952,
                    983.988
                ],
                [
                    224.064,
                    975.996
                ],
                [
                    241.92000000000002,
                    956.016
                ],
                [
                    253.056,
                    941.0039999999999
                ],
                [
                    254.976,
                    932.04
                ],
                [
                    263.04,
                    921.996
                ],
                [
                    265.92,
                    914.976
                ],
                [
                    273.024,
                    893.052
                ],
                [
                    275.904,
                    879.012
                ],
                [
                    275.904,
                    866.0519999999999
                ],
                [
                    281.088,
                    851.0400000000001
                ],
                [
                    288.96,
                    841.968
                ],
                [
                    296.064,
                    837.972
                ],
                [
                    308.928,
                    825.984
                ],
                [
                    330.048,
                    813.024
                ],
                [
                    375.936,
                    790.0200000000001
                ],
                [
                    379.008,
                    786.996
                ],
                [
                    387.072,
                    778.032
                ],
                [
                    392.06399999999996,
                    762.048
                ],
                [
                    402.048,
                    741.96
                ],
                [
                    414.912,
                    728.028
                ],
                [
                    414.912,
                    722.952
                ],
                [
                    420.096,
                    720.036
                ],
                [
                    427.96799999999996,
                    706.968
                ],
                [
                    441.024,
                    693.0360000000001
                ],
                [
                    442.94399999999996,
                    685.044
                ],
                [
                    460.992,
                    663.984
                ],
                [
                    464.064,
                    656.9639999999999
                ],
                [
                    476.928,
                    651.996
                ],
                [
                    481.92,
                    651.996
                ],
                [
                    489.984,
                    652.9680000000001
                ],
                [
                    499.968,
                    655.9920000000001
                ],
                [
                    528.96,
                    667.98
                ],
                [
                    543.936,
                    671.976
                ],
                [
                    556.9920000000001,
                    677.052
                ],
                [
                    577.92,
                    687.96
                ],
                [
                    588.096,
                    695.952
                ],
                [
                    590.0160000000001,
                    701.028
                ],
                [
                    590.0160000000001,
                    725.976
                ],
                [
                    582.9119999999999,
                    763.9920000000001
                ],
                [
                    582.9119999999999,
                    790.0200000000001
                ],
                [
                    577.92,
                    802.008
                ],
                [
                    571.968,
                    833.004
                ],
                [
                    571.968,
                    852.9839999999999
                ],
                [
                    575.04,
                    860.976
                ],
                [
                    588.096,
                    875.0160000000001
                ],
                [
                    595.9680000000001,
                    887.004
                ],
                [
                    598.08,
                    897.048
                ],
                [
                    605.952,
                    906.012
                ],
                [
                    608.064,
                    914.976
                ],
                [
                    619.008,
                    929.016
                ],
                [
                    619.008,
                    933.984
                ],
                [
                    628.992,
                    945.972
                ],
                [
                    638.976,
                    980.9639999999999
                ],
                [
                    642.048,
                    987.9839999999999
                ],
                [
                    647.0400000000001,
                    992.952
                ],
                [
                    649.9200000000001,
                    1003.968
                ],
                [
                    649.9200000000001,
                    1028.052
                ],
                [
                    644.928,
                    1049.0040000000001
                ],
                [
                    644.928,
                    1068.012
                ],
                [
                    652.032,
                    1072.98
                ],
                [
                    647.0400000000001,
                    1072.98
                ],
                [
                    642.048,
                    1080
                ],
                [
                    154.944,
                    1080
                ]
            ]
        }
    ]
}