{
    "IMAGE_INFO": {
        "FILE_NAME": "1003268@0_03002_220913_P1_T3__0955.jpg",
        "DATE": "2022-10-18 14:04:26",
        "RESOLUTION": "1920 x 1080",
        "IMAGE_PHOTOGRAPHER": "이지은",
        "FOCUS_DISTANCE": "7.1",
        "EXPOSURE_TIME": "1/400",
        "SENSITIVITY_ISO": "5000",
        "PLACE": "삼오자원",
        "REGION_NAME": null,
        "Direction": "0",
        "HEIGHT": "100",
        "DAY/NIGHT": "주간",
        "WEATHER": "맑음",
        "IMAGE_HEIGHT": 1080,
        "IMAGE_WIDTH": 1920,
        "IMAGE_SIZE": "685.7 KB"
    },
    "ANNOTATION_INFO": [
        {
            "ID": "1",
            "CLASS": "페트병",
            "DETAILS": "유색단일",
            "DAMAGE": "찌그러짐",
            "DIRTINESS": "이물질(외부)",
            "COVER": "없음",
            "TRANSPARENCY": "불투명",
            "SHAPE": "물통형",
            "SHAPE_TYPE": "POLYGON",
            "POINTS": [
                [
                    1531.968,
                    1006.992
                ],
                [
                    1518.912,
                    1001.0519999999999
                ],
                [
                    1483.008,
                    951.048
                ],
                [
                    1479.9360000000001,
                    938.952
                ],
                [
                    1482.048,
                    922.9680000000001
                ],
                [
                    1467.0720000000001,
                    898.9920000000001
                ],
                [
                    1445.952,
                    875.988
                ],
                [
                    1436.9279999999999,
                    870.048
                ],
                [
                    1430.016,
                    867.996
                ],
                [
                    1392,
                    844.02
                ],
                [
                    1387.008,
                    837.972
                ],
                [
                    1381.056,
                    836.028
                ],
                [
                    1324.032,
                    786.024
                ],
                [
                    1300.992,
                    752.976
                ],
                [
                    1277.952,
                    726.948
                ],
                [
                    1265.0880000000002,
                    702.972
                ],
                [
                    1238.016,
                    672.948
                ],
                [
                    1219.9679999999998,
                    644.976
                ],
                [
                    1209.0240000000001,
                    632.9879999999999
                ],
                [
                    1201.92,
                    617.976
                ],
                [
                    1199.0400000000002,
                    591.948
                ],
                [
                    1193.088,
                    571.968
                ],
                [
                    1191.9360000000001,
                    550.044
                ],
                [
                    1188.096,
                    540
                ],
                [
                    1188.096,
                    525.96
                ],
                [
                    1175.04,
                    465.048
                ],
                [
                    1171.968,
                    424.98
                ],
                [
                    1171.968,
                    355.968
                ],
                [
                    1182.912,
                    342.036
                ],
                [
                    1199.0400000000002,
                    327.99600000000004
                ],
                [
                    1205.952,
                    326.052
                ],
                [
                    1224,
                    326.052
                ],
                [
                    1227.0720000000001,
                    317.952
                ],
                [
                    1234.944,
                    312.012
                ],
                [
                    1243.968,
                    309.96
                ],
                [
                    1251.072,
                    304.02
                ],
                [
                    1256.064,
                    301.968
                ],
                [
                    1261.056,
                    301.968
                ],
                [
                    1272,
                    296.028
                ],
                [
                    1287.936,
                    296.028
                ],
                [
                    1295.04,
                    300.024
                ],
                [
                    1304.064,
                    288.036
                ],
                [
                    1316.9279999999999,
                    281.988
                ],
                [
                    1325.952,
                    280.044
                ],
                [
                    1350.912,
                    280.044
                ],
                [
                    1368.96,
                    289.98
                ],
                [
                    1376.064,
                    296.028
                ],
                [
                    1420.992,
                    350.028
                ],
                [
                    1436.9279999999999,
                    377.028
                ],
                [
                    1464,
                    411.048
                ],
                [
                    1482.048,
                    440.964
                ],
                [
                    1507.008,
                    474.98400000000004
                ],
                [
                    1550.016,
                    547.992
                ],
                [
                    1553.088,
                    591.948
                ],
                [
                    1556.9279999999999,
                    597.996
                ],
                [
                    1559.0400000000002,
                    608.04
                ],
                [
                    1560,
                    647.028
                ],
                [
                    1565.952,
                    664.956
                ],
                [
                    1565.952,
                    740.988
                ],
                [
                    1561.92,
                    774.0360000000001
                ],
                [
                    1555.0079999999998,
                    803.952
                ],
                [
                    1553.088,
                    841.968
                ],
                [
                    1555.0079999999998,
                    857.952
                ],
                [
                    1559.0400000000002,
                    866.0519999999999
                ],
                [
                    1560,
                    882.036
                ],
                [
                    1569.0240000000001,
                    894.996
                ],
                [
                    1574.976,
                    897.048
                ],
                [
                    1579.9679999999998,
                    902.9879999999999
                ],
                [
                    1588.992,
                    934.956
                ],
                [
                    1602.048,
                    964.9799999999999
                ],
                [
                    1599.9360000000001,
                    979.02
                ],
                [
                    1593.024,
                    988.9559999999999
                ],
                [
                    1574.976,
                    1001.0519999999999
                ],
                [
                    1569.0240000000001,
                    1001.0519999999999
                ],
                [
                    1564.032,
                    1005.048
                ],
                [
                    1556.9279999999999,
                    1006.992
                ],
                [
                    1531.968,
                    1006.992
                ]
            ]
        }
    ]
}