{
    "IMAGE_INFO": {
        "FILE_NAME": "1003254@0_03002_220913_P1_T3__0957.jpg",
        "DATE": "2022-10-18 14:04:26",
        "RESOLUTION": "1920 x 1080",
        "IMAGE_PHOTOGRAPHER": "이지은",
        "FOCUS_DISTANCE": "7.1",
        "EXPOSURE_TIME": "1/400",
        "SENSITIVITY_ISO": "5000",
        "PLACE": "삼오자원",
        "REGION_NAME": null,
        "Direction": "0",
        "HEIGHT": "100",
        "DAY/NIGHT": "주간",
        "WEATHER": "맑음",
        "IMAGE_HEIGHT": 1080,
        "IMAGE_WIDTH": 1920,
        "IMAGE_SIZE": "697.0 KB"
    },
    "ANNOTATION_INFO": [
        {
            "ID": "1",
            "CLASS": "페트병",
            "DETAILS": "유색단일",
            "DAMAGE": "찌그러짐",
            "DIRTINESS": "이물질(외부)",
            "COVER": "없음",
            "TRANSPARENCY": "불투명",
            "SHAPE": "스프레이용기형",
            "SHAPE_TYPE": "POLYGON",
            "POINTS": [
                [
                    1206.912,
                    1080
                ],
                [
                    1233.024,
                    1057.968
                ],
                [
                    1228.992,
                    1042.956
                ],
                [
                    1222.08,
                    1037.988
                ],
                [
                    1219.9679999999998,
                    1032.048
                ],
                [
                    1213.056,
                    1026.972
                ],
                [
                    1194.048,
                    1002.024
                ],
                [
                    1177.92,
                    988.9559999999999
                ],
                [
                    1171.968,
                    979.02
                ],
                [
                    1123.008,
                    929.9879999999999
                ],
                [
                    1104,
                    914.004
                ],
                [
                    1084.032,
                    902.0160000000001
                ],
                [
                    1069.056,
                    894.024
                ],
                [
                    1003.0079999999999,
                    867.024
                ],
                [
                    996.0960000000001,
                    861.948
                ],
                [
                    984.96,
                    859.032
                ],
                [
                    979.008,
                    853.9559999999999
                ],
                [
                    963.0720000000001,
                    847.044
                ],
                [
                    948.096,
                    836.028
                ],
                [
                    940.992,
                    832.0319999999999
                ],
                [
                    935.04,
                    830.952
                ],
                [
                    918.912,
                    821.016
                ],
                [
                    911.04,
                    803.952
                ],
                [
                    894.912,
                    783.972
                ],
                [
                    892.9920000000001,
                    776.952
                ],
                [
                    882.048,
                    766.0440000000001
                ],
                [
                    879.9359999999999,
                    756
                ],
                [
                    870.912,
                    743.04
                ],
                [
                    864.96,
                    721.0079999999999
                ],
                [
                    854.016,
                    702.972
                ],
                [
                    867.072,
                    694.0079999999999
                ],
                [
                    891.072,
                    682.992
                ],
                [
                    892.9920000000001,
                    675.972
                ],
                [
                    906.048,
                    660.96
                ],
                [
                    906.048,
                    658.044
                ],
                [
                    926.016,
                    643.032
                ],
                [
                    963.0720000000001,
                    593.028
                ],
                [
                    1012.032,
                    546.048
                ],
                [
                    1031.04,
                    535.032
                ],
                [
                    1049.088,
                    535.032
                ],
                [
                    1070.9759999999999,
                    543.024
                ],
                [
                    1099.008,
                    560.952
                ],
                [
                    1114.944,
                    586.0079999999999
                ],
                [
                    1128,
                    614.952
                ],
                [
                    1152,
                    648.972
                ],
                [
                    1161.0240000000001,
                    694.0079999999999
                ],
                [
                    1180.992,
                    739.044
                ],
                [
                    1185.024,
                    767.0160000000001
                ],
                [
                    1194.048,
                    790.9920000000001
                ],
                [
                    1198.08,
                    817.02
                ],
                [
                    1204.9920000000002,
                    829.0079999999999
                ],
                [
                    1206.912,
                    840.996
                ],
                [
                    1224,
                    876.96
                ],
                [
                    1239.9360000000001,
                    902.0160000000001
                ],
                [
                    1272.96,
                    944.028
                ],
                [
                    1276.992,
                    953.9639999999999
                ],
                [
                    1283.904,
                    960.0120000000001
                ],
                [
                    1291.968,
                    979.02
                ],
                [
                    1308.096,
                    995.004
                ],
                [
                    1311.9360000000001,
                    1002.024
                ],
                [
                    1314.048,
                    1017.036
                ],
                [
                    1323.0720000000001,
                    1014.012
                ],
                [
                    1329.984,
                    1009.044
                ],
                [
                    1343.04,
                    1009.044
                ],
                [
                    1359.9360000000001,
                    994.032
                ],
                [
                    1359.9360000000001,
                    984.96
                ],
                [
                    1352.064,
                    961.956
                ],
                [
                    1352.064,
                    911.952
                ],
                [
                    1356.096,
                    909.0360000000001
                ],
                [
                    1367.04,
                    909.0360000000001
                ],
                [
                    1371.072,
                    914.976
                ],
                [
                    1368.96,
                    924.048
                ],
                [
                    1373.952,
                    937.008
                ],
                [
                    1373.952,
                    948.9960000000001
                ],
                [
                    1380.096,
                    959.04
                ],
                [
                    1382.016,
                    969.948
                ],
                [
                    1388.928,
                    976.968
                ],
                [
                    1391.04,
                    988.9559999999999
                ],
                [
                    1401.984,
                    999.972
                ],
                [
                    1411.008,
                    999
                ],
                [
                    1416.96,
                    994.032
                ],
                [
                    1428.096,
                    991.98
                ],
                [
                    1433.088,
                    995.004
                ],
                [
                    1435.0079999999998,
                    1002.024
                ],
                [
                    1449.984,
                    1018.008
                ],
                [
                    1453.056,
                    1025.028
                ],
                [
                    1453.056,
                    1033.02
                ],
                [
                    1441.92,
                    1045.008
                ],
                [
                    1448.0639999999999,
                    1057.968
                ],
                [
                    1445.952,
                    1068.012
                ],
                [
                    1433.088,
                    1080
                ],
                [
                    1206.912,
                    1080
                ]
            ]
        },
        {
            "ID": "2",
            "CLASS": "페트병",
            "DETAILS": "유색단일",
            "DAMAGE": "찌그러짐",
            "DIRTINESS": "이물질(외부)",
            "COVER": "없음",
            "TRANSPARENCY": "불투명",
            "SHAPE": "물통형",
            "SHAPE_TYPE": "POLYGON",
            "POINTS": [
                [
                    1449.984,
                    513.972
                ],
                [
                    1444.032,
                    513
                ],
                [
                    1438.08,
                    506.952
                ],
                [
                    1431.9360000000001,
                    496.044
                ],
                [
                    1430.9759999999999,
                    486
                ],
                [
                    1416,
                    462.024
                ],
                [
                    1412.9279999999999,
                    451.97999999999996
                ],
                [
                    1414.0800000000002,
                    443.016
                ],
                [
                    1421.952,
                    438.048
                ],
                [
                    1397.952,
                    392.03999999999996
                ],
                [
                    1371.072,
                    362.016
                ],
                [
                    1363.968,
                    355.968
                ],
                [
                    1358.9759999999999,
                    354.996
                ],
                [
                    1353.9840000000002,
                    350.028
                ],
                [
                    1349.952,
                    348.948
                ],
                [
                    1347.0720000000001,
                    343.98
                ],
                [
                    1335.936,
                    336.96
                ],
                [
                    1318.08,
                    320.004
                ],
                [
                    1292.9279999999999,
                    293.976
                ],
                [
                    1276.032,
                    278.964
                ],
                [
                    1259.904,
                    258.012
                ],
                [
                    1253.952,
                    234.036
                ],
                [
                    1244.9279999999999,
                    212.976
                ],
                [
                    1224,
                    178.956
                ],
                [
                    1209.984,
                    151.956
                ],
                [
                    1204.032,
                    145.044
                ],
                [
                    1196.9279999999999,
                    127.008
                ],
                [
                    1191.9360000000001,
                    120.96000000000001
                ],
                [
                    1190.016,
                    111.996
                ],
                [
                    1180.0320000000002,
                    97.956
                ],
                [
                    1174.0800000000002,
                    84.99600000000001
                ],
                [
                    1176,
                    18.035999999999998
                ],
                [
                    1174.0800000000002,
                    15.984
                ],
                [
                    1174.0800000000002,
                    6.048
                ],
                [
                    1176,
                    0
                ],
                [
                    1502.976,
                    0
                ],
                [
                    1503.936,
                    12.96
                ],
                [
                    1510.08,
                    30.996
                ],
                [
                    1513.92,
                    185.00400000000002
                ],
                [
                    1510.08,
                    208.98000000000002
                ],
                [
                    1508.928,
                    246.024
                ],
                [
                    1499.904,
                    285.012
                ],
                [
                    1493.952,
                    300.996
                ],
                [
                    1489.92,
                    382.968
                ],
                [
                    1492.032,
                    397.98
                ],
                [
                    1497.984,
                    409.968
                ],
                [
                    1502.976,
                    412.992
                ],
                [
                    1510.08,
                    413.964
                ],
                [
                    1515.0720000000001,
                    421.956
                ],
                [
                    1516.032,
                    448.956
                ],
                [
                    1520.0639999999999,
                    452.952
                ],
                [
                    1521.0240000000001,
                    463.96799999999996
                ],
                [
                    1526.0159999999998,
                    473.04
                ],
                [
                    1526.976,
                    479.952
                ],
                [
                    1526.0159999999998,
                    486
                ],
                [
                    1521.0240000000001,
                    492.048
                ],
                [
                    1502.016,
                    504.036
                ],
                [
                    1473.9840000000002,
                    513
                ],
                [
                    1449.984,
                    513.972
                ]
            ]
        }
    ]
}