{
    "IMAGE_INFO": {
        "FILE_NAME": "1003293@0_03002_220913_P1_T3__0890.jpg",
        "DATE": "2022-10-18 14:04:08",
        "RESOLUTION": "1920 x 1080",
        "IMAGE_PHOTOGRAPHER": "이지은",
        "FOCUS_DISTANCE": "7.1",
        "EXPOSURE_TIME": "1/400",
        "SENSITIVITY_ISO": "5000",
        "PLACE": "삼오자원",
        "REGION_NAME": null,
        "Direction": "0",
        "HEIGHT": "100",
        "DAY/NIGHT": "주간",
        "WEATHER": "맑음",
        "IMAGE_HEIGHT": 1080,
        "IMAGE_WIDTH": 1920,
        "IMAGE_SIZE": "622.7 KB"
    },
    "ANNOTATION_INFO": [
        {
            "ID": "2",
            "CLASS": "페트병",
            "DETAILS": "유색단일",
            "DAMAGE": "원형",
            "DIRTINESS": "이물질(외부)",
            "COVER": "없음",
            "TRANSPARENCY": "불투명",
            "SHAPE": "스프레이용기형",
            "SHAPE_TYPE": "POLYGON",
            "POINTS": [
                [
                    226.944,
                    1080
                ],
                [
                    224.064,
                    1073.952
                ],
                [
                    212.928,
                    1064.988
                ],
                [
                    205.056,
                    1052.028
                ],
                [
                    203.904,
                    1022.976
                ],
                [
                    217.92000000000002,
                    952.992
                ],
                [
                    222.91199999999998,
                    940.0319999999999
                ],
                [
                    254.976,
                    778.032
                ],
                [
                    259.96799999999996,
                    763.02
                ],
                [
                    274.94399999999996,
                    674.028
                ],
                [
                    288,
                    647.028
                ],
                [
                    302.976,
                    628.02
                ],
                [
                    318.912,
                    614.952
                ],
                [
                    341.952,
                    601.02
                ],
                [
                    359.04,
                    582.0120000000001
                ],
                [
                    366.912,
                    567
                ],
                [
                    374.976,
                    558.0360000000001
                ],
                [
                    374.976,
                    548.9639999999999
                ],
                [
                    384,
                    512.028
                ],
                [
                    388.992,
                    505.00800000000004
                ],
                [
                    397.05600000000004,
                    501.012
                ],
                [
                    404.928,
                    489.996
                ],
                [
                    412.03200000000004,
                    486
                ],
                [
                    418.944,
                    486
                ],
                [
                    427.96799999999996,
                    481.03200000000004
                ],
                [
                    431.04,
                    466.02
                ],
                [
                    436.992,
                    455.004
                ],
                [
                    436.032,
                    435.024
                ],
                [
                    427.96799999999996,
                    427.032
                ],
                [
                    418.944,
                    424.98
                ],
                [
                    412.03200000000004,
                    412.992
                ],
                [
                    394.94399999999996,
                    393.98400000000004
                ],
                [
                    394.94399999999996,
                    386.964
                ],
                [
                    399.93600000000004,
                    381.024
                ],
                [
                    404.928,
                    381.024
                ],
                [
                    406.08,
                    382.968
                ],
                [
                    431.04,
                    386.964
                ],
                [
                    445.05600000000004,
                    392.03999999999996
                ],
                [
                    460.992,
                    393.98400000000004
                ],
                [
                    470.01599999999996,
                    400.032
                ],
                [
                    491.904,
                    401.004
                ],
                [
                    503.04,
                    411.048
                ],
                [
                    494.97599999999994,
                    447.984
                ],
                [
                    489.984,
                    456.948
                ],
                [
                    480.96,
                    488.052
                ],
                [
                    480.96,
                    498.96000000000004
                ],
                [
                    484.032,
                    509.976
                ],
                [
                    484.032,
                    552.96
                ],
                [
                    479.04,
                    563.976
                ],
                [
                    478.08,
                    578.016
                ],
                [
                    486.912,
                    618.9480000000001
                ],
                [
                    503.04,
                    643.032
                ],
                [
                    517.0559999999999,
                    671.0039999999999
                ],
                [
                    521.088,
                    686.9879999999999
                ],
                [
                    521.088,
                    718.9559999999999
                ],
                [
                    456,
                    1053.972
                ],
                [
                    452.928,
                    1064.988
                ],
                [
                    446.976,
                    1073.952
                ],
                [
                    446.976,
                    1080
                ],
                [
                    226.944,
                    1080
                ]
            ]
        }
    ]
}