{
    "IMAGE_INFO": {
        "FILE_NAME": "1003349@0_03002_220913_P1_T3__1166.jpg",
        "DATE": "2022-10-18 14:05:30",
        "RESOLUTION": "1920 x 1080",
        "IMAGE_PHOTOGRAPHER": "이지은",
        "FOCUS_DISTANCE": "7.1",
        "EXPOSURE_TIME": "1/400",
        "SENSITIVITY_ISO": "5000",
        "PLACE": "삼오자원",
        "REGION_NAME": null,
        "Direction": "0",
        "HEIGHT": "100",
        "DAY/NIGHT": "주간",
        "WEATHER": "맑음",
        "IMAGE_HEIGHT": 1080,
        "IMAGE_WIDTH": 1920,
        "IMAGE_SIZE": "676.8 KB"
    },
    "ANNOTATION_INFO": [
        {
            "ID": "1",
            "CLASS": "페트병",
            "DETAILS": "유색단일",
            "DAMAGE": "찌그러짐",
            "DIRTINESS": "이물질(외부)",
            "COVER": "없음",
            "TRANSPARENCY": "불투명",
            "SHAPE": "물통형",
            "SHAPE_TYPE": "POLYGON",
            "POINTS": [
                [
                    240.96,
                    976.968
                ],
                [
                    196.992,
                    975.024
                ],
                [
                    177.024,
                    972
                ],
                [
                    149.952,
                    971.028
                ],
                [
                    102.912,
                    971.028
                ],
                [
                    89.088,
                    974.052
                ],
                [
                    48.959999999999994,
                    974.052
                ],
                [
                    38.976,
                    968.976
                ],
                [
                    37.056000000000004,
                    959.04
                ],
                [
                    29.951999999999998,
                    948.024
                ],
                [
                    27.072,
                    934.956
                ],
                [
                    14.975999999999999,
                    909.0360000000001
                ],
                [
                    6.912,
                    899.964
                ],
                [
                    0,
                    884.952
                ],
                [
                    0,
                    570.024
                ],
                [
                    4.992,
                    564.948
                ],
                [
                    14.975999999999999,
                    559.9799999999999
                ],
                [
                    37.056000000000004,
                    554.04
                ],
                [
                    57.024,
                    542.052
                ],
                [
                    71.03999999999999,
                    539.028
                ],
                [
                    86.016,
                    537.948
                ],
                [
                    97.91999999999999,
                    532.98
                ],
                [
                    113.08800000000001,
                    531.0360000000001
                ],
                [
                    134.976,
                    524.9879999999999
                ],
                [
                    167.04,
                    513.972
                ],
                [
                    180.096,
                    512.028
                ],
                [
                    196.992,
                    505.00800000000004
                ],
                [
                    229.056,
                    498.96000000000004
                ],
                [
                    239.04,
                    493.99199999999996
                ],
                [
                    270.91200000000003,
                    486
                ],
                [
                    279.93600000000004,
                    481.03200000000004
                ],
                [
                    339.072,
                    473.04
                ],
                [
                    374.016,
                    471.96
                ],
                [
                    425.088,
                    471.96
                ],
                [
                    445.05600000000004,
                    473.04
                ],
                [
                    465.024,
                    475.95599999999996
                ],
                [
                    471.936,
                    479.952
                ],
                [
                    489.02399999999994,
                    481.03200000000004
                ],
                [
                    518.976,
                    489.024
                ],
                [
                    566.016,
                    509.004
                ],
                [
                    580.0319999999999,
                    517.9680000000001
                ],
                [
                    590.0160000000001,
                    528.0120000000001
                ],
                [
                    611.904,
                    542.052
                ],
                [
                    619.9680000000001,
                    543.9960000000001
                ],
                [
                    642.048,
                    543.9960000000001
                ],
                [
                    653.952,
                    540.972
                ],
                [
                    663.936,
                    540.972
                ],
                [
                    668.928,
                    546.048
                ],
                [
                    673.92,
                    556.956
                ],
                [
                    678.912,
                    578.016
                ],
                [
                    689.088,
                    597.024
                ],
                [
                    696,
                    617.976
                ],
                [
                    702.9119999999999,
                    644.976
                ],
                [
                    702.9119999999999,
                    662.04
                ],
                [
                    700.992,
                    664.956
                ],
                [
                    691.008,
                    671.0039999999999
                ],
                [
                    684.096,
                    672.948
                ],
                [
                    663.936,
                    674.028
                ],
                [
                    653.952,
                    678.9960000000001
                ],
                [
                    648.96,
                    683.9639999999999
                ],
                [
                    647.0400000000001,
                    698.976
                ],
                [
                    638.976,
                    705.024
                ],
                [
                    627.072,
                    729
                ],
                [
                    624.96,
                    741.96
                ],
                [
                    617.0880000000001,
                    752.004
                ],
                [
                    609.9839999999999,
                    771.012
                ],
                [
                    600,
                    782.028
                ],
                [
                    577.92,
                    825.984
                ],
                [
                    547.968,
                    860.976
                ],
                [
                    546.048,
                    867.996
                ],
                [
                    512.064,
                    907.956
                ],
                [
                    476.928,
                    932.04
                ],
                [
                    442.94399999999996,
                    951.048
                ],
                [
                    435.072,
                    952.992
                ],
                [
                    427.96799999999996,
                    957.96
                ],
                [
                    412.992,
                    963.0360000000001
                ],
                [
                    356.928,
                    971.028
                ],
                [
                    315.072,
                    972
                ],
                [
                    305.088,
                    975.024
                ],
                [
                    288,
                    976.968
                ],
                [
                    240.96,
                    976.968
                ]
            ]
        }
    ]
}