{
    "IMAGE_INFO": {
        "FILE_NAME": "1003336@0_03002_220913_P1_T3__1126.jpg",
        "DATE": "2022-10-18 14:05:18",
        "RESOLUTION": "1920 x 1080",
        "IMAGE_PHOTOGRAPHER": "이지은",
        "FOCUS_DISTANCE": "7.1",
        "EXPOSURE_TIME": "1/400",
        "SENSITIVITY_ISO": "5000",
        "PLACE": "삼오자원",
        "REGION_NAME": null,
        "Direction": "0",
        "HEIGHT": "100",
        "DAY/NIGHT": "주간",
        "WEATHER": "맑음",
        "IMAGE_HEIGHT": 1080,
        "IMAGE_WIDTH": 1920,
        "IMAGE_SIZE": "663.5 KB"
    },
    "ANNOTATION_INFO": [
        {
            "ID": "1",
            "CLASS": "페트병",
            "DETAILS": "유색단일",
            "DAMAGE": "찌그러짐",
            "DIRTINESS": "이물질(외부)",
            "COVER": "겹침",
            "TRANSPARENCY": "불투명",
            "SHAPE": "물통형",
            "SHAPE_TYPE": "POLYGON",
            "POINTS": [
                [
                    1268.928,
                    1080
                ],
                [
                    1270.08,
                    1072.008
                ],
                [
                    1266.048,
                    1065.96
                ],
                [
                    1276.032,
                    1052.028
                ],
                [
                    1276.032,
                    1022.976
                ],
                [
                    1272,
                    1002.996
                ],
                [
                    1261.056,
                    972.972
                ],
                [
                    1236.096,
                    933.0120000000001
                ],
                [
                    1204.9920000000002,
                    872.964
                ],
                [
                    1180.992,
                    816.048
                ],
                [
                    1180.992,
                    805.0319999999999
                ],
                [
                    1184.064,
                    801.0360000000001
                ],
                [
                    1182.912,
                    783
                ],
                [
                    1185.024,
                    767.9879999999999
                ],
                [
                    1193.088,
                    752.976
                ],
                [
                    1200.9599999999998,
                    744.012
                ],
                [
                    1209.0240000000001,
                    737.964
                ],
                [
                    1210.944,
                    732.996
                ],
                [
                    1213.056,
                    732.996
                ],
                [
                    1220.928,
                    721.98
                ],
                [
                    1225.9199999999998,
                    710.9639999999999
                ],
                [
                    1233.9840000000002,
                    699.948
                ],
                [
                    1238.9759999999999,
                    689.04
                ],
                [
                    1239.9360000000001,
                    682.02
                ],
                [
                    1243.968,
                    675.972
                ],
                [
                    1243.968,
                    659.016
                ],
                [
                    1239.9360000000001,
                    656.9639999999999
                ],
                [
                    1225.9199999999998,
                    643.032
                ],
                [
                    1217.088,
                    629.964
                ],
                [
                    1209.0240000000001,
                    624.024
                ],
                [
                    1205.952,
                    618.9480000000001
                ],
                [
                    1184.064,
                    597.024
                ],
                [
                    1179.072,
                    596.0519999999999
                ],
                [
                    1180.0320000000002,
                    589.032
                ],
                [
                    1190.016,
                    582.9839999999999
                ],
                [
                    1195.968,
                    574.992
                ],
                [
                    1209.984,
                    542.052
                ],
                [
                    1210.944,
                    531.0360000000001
                ],
                [
                    1214.976,
                    524.9879999999999
                ],
                [
                    1214.976,
                    520.992
                ],
                [
                    1227.0720000000001,
                    501.984
                ],
                [
                    1229.952,
                    501.012
                ],
                [
                    1232.064,
                    501.012
                ],
                [
                    1234.944,
                    509.004
                ],
                [
                    1241.088,
                    552.96
                ],
                [
                    1247.04,
                    554.04
                ],
                [
                    1257.984,
                    560.952
                ],
                [
                    1278.912,
                    563.976
                ],
                [
                    1299.072,
                    563.976
                ],
                [
                    1308.096,
                    569.052
                ],
                [
                    1319.0400000000002,
                    571.968
                ],
                [
                    1326.912,
                    571.968
                ],
                [
                    1334.0159999999998,
                    567
                ],
                [
                    1348.032,
                    566.028
                ],
                [
                    1358.016,
                    560.952
                ],
                [
                    1364.9279999999999,
                    559.0079999999999
                ],
                [
                    1373.952,
                    559.0079999999999
                ],
                [
                    1382.976,
                    555.984
                ],
                [
                    1396.992,
                    554.04
                ],
                [
                    1401.0240000000001,
                    554.04
                ],
                [
                    1407.936,
                    558.0360000000001
                ],
                [
                    1420.992,
                    601.992
                ],
                [
                    1426.944,
                    616.032
                ],
                [
                    1433.088,
                    621
                ],
                [
                    1440,
                    635.04
                ],
                [
                    1467.0720000000001,
                    663.0120000000001
                ],
                [
                    1473.024,
                    675.972
                ],
                [
                    1476.096,
                    698.004
                ],
                [
                    1479.9360000000001,
                    708.048
                ],
                [
                    1482.048,
                    729.972
                ],
                [
                    1488,
                    744.012
                ],
                [
                    1488.96,
                    767.9879999999999
                ],
                [
                    1492.032,
                    774.0360000000001
                ],
                [
                    1492.032,
                    779.976
                ],
                [
                    1478.016,
                    810
                ],
                [
                    1477.056,
                    816.048
                ],
                [
                    1473.024,
                    821.016
                ],
                [
                    1470.912,
                    830.952
                ],
                [
                    1468.032,
                    833.976
                ],
                [
                    1467.0720000000001,
                    840.024
                ],
                [
                    1455.936,
                    864
                ],
                [
                    1451.904,
                    868.968
                ],
                [
                    1451.904,
                    871.992
                ],
                [
                    1434.048,
                    906.012
                ],
                [
                    1398.912,
                    961.956
                ],
                [
                    1388.928,
                    971.028
                ],
                [
                    1368,
                    1006.992
                ],
                [
                    1363.008,
                    1029.996
                ],
                [
                    1361.088,
                    1080
                ],
                [
                    1268.928,
                    1080
                ]
            ]
        },
        {
            "ID": "2",
            "CLASS": "페트병",
            "DETAILS": "유색단일",
            "DAMAGE": "원형",
            "DIRTINESS": "이물질(외부)",
            "COVER": "겹침",
            "TRANSPARENCY": "불투명",
            "SHAPE": "일반용기형",
            "SHAPE_TYPE": "POLYGON",
            "POINTS": [
                [
                    0,
                    686.9879999999999
                ],
                [
                    0,
                    374.004
                ],
                [
                    5.952,
                    369.036
                ],
                [
                    20.928,
                    362.016
                ],
                [
                    34.944,
                    351
                ],
                [
                    46.08,
                    338.04
                ],
                [
                    49.919999999999995,
                    335.988
                ],
                [
                    53.952,
                    331.992
                ],
                [
                    59.903999999999996,
                    328.96799999999996
                ],
                [
                    70.08,
                    317.952
                ],
                [
                    73.92,
                    316.97999999999996
                ],
                [
                    76.99199999999999,
                    312.012
                ],
                [
                    94.08,
                    301.968
                ],
                [
                    99.072,
                    296.028
                ],
                [
                    110.976,
                    289.008
                ],
                [
                    114.048,
                    284.04
                ],
                [
                    118.08,
                    282.96000000000004
                ],
                [
                    120.96000000000001,
                    277.992
                ],
                [
                    133.056,
                    269.02799999999996
                ],
                [
                    156.096,
                    255.95999999999998
                ],
                [
                    162.048,
                    254.016
                ],
                [
                    168,
                    254.016
                ],
                [
                    176.06400000000002,
                    257.03999999999996
                ],
                [
                    188.928,
                    265.032
                ],
                [
                    206.976,
                    277.992
                ],
                [
                    214.08,
                    285.984
                ],
                [
                    220.03199999999998,
                    289.008
                ],
                [
                    235.968,
                    301.968
                ],
                [
                    244.992,
                    313.956
                ],
                [
                    248.06400000000002,
                    320.004
                ],
                [
                    243.07199999999997,
                    328.96799999999996
                ],
                [
                    239.04,
                    328.96799999999996
                ],
                [
                    235.00799999999998,
                    324
                ],
                [
                    230.976,
                    323.02799999999996
                ],
                [
                    214.08,
                    323.02799999999996
                ],
                [
                    206.01600000000002,
                    324
                ],
                [
                    197.952,
                    328.96799999999996
                ],
                [
                    188.928,
                    330.048
                ],
                [
                    182.016,
                    338.04
                ],
                [
                    164.928,
                    369.036
                ],
                [
                    154.944,
                    393.012
                ],
                [
                    145.92,
                    408.024
                ],
                [
                    144,
                    416.988
                ],
                [
                    133.056,
                    435.996
                ],
                [
                    129.98399999999998,
                    447.012
                ],
                [
                    129.024,
                    456.948
                ],
                [
                    115.00800000000001,
                    496.044
                ],
                [
                    106.944,
                    525.96
                ],
                [
                    105.984,
                    536.976
                ],
                [
                    97.91999999999999,
                    556.956
                ],
                [
                    89.088,
                    569.052
                ],
                [
                    86.976,
                    574.992
                ],
                [
                    67.968,
                    601.02
                ],
                [
                    56.064,
                    613.98
                ],
                [
                    17.088,
                    664.956
                ],
                [
                    9.984,
                    677.052
                ],
                [
                    0,
                    686.9879999999999
                ]
            ]
        }
    ]
}