{
    "IMAGE_INFO": {
        "FILE_NAME": "1003228@0_03002_220913_P1_T3__1056.jpg",
        "DATE": "2022-10-18 14:04:58",
        "RESOLUTION": "1920 x 1080",
        "IMAGE_PHOTOGRAPHER": "이지은",
        "FOCUS_DISTANCE": "7.1",
        "EXPOSURE_TIME": "1/400",
        "SENSITIVITY_ISO": "5000",
        "PLACE": "삼오자원",
        "REGION_NAME": null,
        "Direction": "0",
        "HEIGHT": "100",
        "DAY/NIGHT": "주간",
        "WEATHER": "맑음",
        "IMAGE_HEIGHT": 1080,
        "IMAGE_WIDTH": 1920,
        "IMAGE_SIZE": "644.9 KB"
    },
    "ANNOTATION_INFO": [
        {
            "ID": "1",
            "CLASS": "페트병",
            "DETAILS": "유색단일",
            "DAMAGE": "원형",
            "DIRTINESS": "이물질(외부)",
            "COVER": "없음",
            "TRANSPARENCY": "불투명",
            "SHAPE": "일반용기형",
            "SHAPE_TYPE": "POLYGON",
            "POINTS": [
                [
                    330.048,
                    1080
                ],
                [
                    330.048,
                    1072.008
                ],
                [
                    327.93600000000004,
                    1071.036
                ],
                [
                    326.976,
                    1053
                ],
                [
                    326.976,
                    1044.036
                ],
                [
                    327.93600000000004,
                    764.964
                ],
                [
                    330.048,
                    704.052
                ],
                [
                    332.928,
                    693.0360000000001
                ],
                [
                    336,
                    690.0120000000001
                ],
                [
                    336,
                    687.96
                ],
                [
                    347.904,
                    682.02
                ],
                [
                    360,
                    679.9680000000001
                ],
                [
                    369.98400000000004,
                    678.024
                ],
                [
                    417.024,
                    675.972
                ],
                [
                    422.01599999999996,
                    675.972
                ],
                [
                    465.024,
                    679.9680000000001
                ],
                [
                    474.048,
                    682.02
                ],
                [
                    476.928,
                    683.9639999999999
                ],
                [
                    480,
                    686.9879999999999
                ],
                [
                    481.92,
                    694.0079999999999
                ],
                [
                    484.032,
                    724.032
                ],
                [
                    484.032,
                    752.976
                ],
                [
                    488.06399999999996,
                    763.9920000000001
                ],
                [
                    489.02399999999994,
                    806.976
                ],
                [
                    485.952,
                    845.9639999999999
                ],
                [
                    485.952,
                    853.9559999999999
                ],
                [
                    488.06399999999996,
                    882.036
                ],
                [
                    488.06399999999996,
                    987.0120000000001
                ],
                [
                    485.952,
                    1056.0240000000001
                ],
                [
                    484.032,
                    1069.9560000000001
                ],
                [
                    481.92,
                    1080
                ],
                [
                    330.048,
                    1080
                ]
            ]
        },
        {
            "ID": "2",
            "CLASS": "페트병",
            "DETAILS": "유색단일",
            "DAMAGE": "원형",
            "DIRTINESS": "이물질(외부)",
            "COVER": "겹침",
            "TRANSPARENCY": "불투명",
            "SHAPE": "기타 형태",
            "SHAPE_TYPE": "POLYGON",
            "POINTS": [
                [
                    1601.088,
                    918.972
                ],
                [
                    1554.048,
                    917.028
                ],
                [
                    1539.072,
                    914.004
                ],
                [
                    1517.952,
                    913.032
                ],
                [
                    1503.936,
                    909.0360000000001
                ],
                [
                    1488.96,
                    907.956
                ],
                [
                    1472.064,
                    903.9599999999999
                ],
                [
                    1464.96,
                    901.0440000000001
                ],
                [
                    1459.9679999999998,
                    901.0440000000001
                ],
                [
                    1443.0720000000001,
                    897.048
                ],
                [
                    1430.9759999999999,
                    890.028
                ],
                [
                    1431.9360000000001,
                    887.004
                ],
                [
                    1440.9599999999998,
                    882.036
                ],
                [
                    1449.0240000000001,
                    821.016
                ],
                [
                    1455.936,
                    797.04
                ],
                [
                    1463.04,
                    748.98
                ],
                [
                    1465.9199999999998,
                    743.04
                ],
                [
                    1470.912,
                    713.016
                ],
                [
                    1473.9840000000002,
                    708.048
                ],
                [
                    1476.096,
                    686.016
                ],
                [
                    1479.9360000000001,
                    674.028
                ],
                [
                    1479.9360000000001,
                    664.956
                ],
                [
                    1484.9279999999999,
                    645.948
                ],
                [
                    1484.9279999999999,
                    637.956
                ],
                [
                    1494.9119999999998,
                    602.964
                ],
                [
                    1496.064,
                    601.02
                ],
                [
                    1501.056,
                    598.968
                ],
                [
                    1545.9840000000002,
                    598.968
                ],
                [
                    1574.0159999999998,
                    601.02
                ],
                [
                    1583.04,
                    600.048
                ],
                [
                    1587.0720000000001,
                    602.964
                ],
                [
                    1592.064,
                    628.9920000000001
                ],
                [
                    1596.096,
                    639.0360000000001
                ],
                [
                    1598.016,
                    655.9920000000001
                ],
                [
                    1602.048,
                    671.0039999999999
                ],
                [
                    1604.9279999999999,
                    675
                ],
                [
                    1606.08,
                    695.952
                ],
                [
                    1602.048,
                    706.968
                ],
                [
                    1604.9279999999999,
                    714.96
                ],
                [
                    1607.04,
                    735.048
                ],
                [
                    1609.92,
                    741.96
                ],
                [
                    1612.992,
                    744.012
                ],
                [
                    1623.936,
                    744.012
                ],
                [
                    1635.0720000000001,
                    741.96
                ],
                [
                    1671.9360000000001,
                    740.988
                ],
                [
                    1675.0079999999998,
                    741.96
                ],
                [
                    1676.9279999999999,
                    783
                ],
                [
                    1680.9599999999998,
                    798.984
                ],
                [
                    1688.0639999999999,
                    810.972
                ],
                [
                    1694.0159999999998,
                    853.9559999999999
                ],
                [
                    1700.928,
                    871.02
                ],
                [
                    1700.928,
                    879.9839999999999
                ],
                [
                    1704.96,
                    886.032
                ],
                [
                    1705.9199999999998,
                    899.964
                ],
                [
                    1700.928,
                    903.9599999999999
                ],
                [
                    1675.0079999999998,
                    913.032
                ],
                [
                    1649.088,
                    917.028
                ],
                [
                    1617.984,
                    918.972
                ],
                [
                    1601.088,
                    918.972
                ]
            ]
        },
        {
            "ID": "3",
            "CLASS": "페트병",
            "DETAILS": "유색단일",
            "DAMAGE": "원형",
            "DIRTINESS": "이물질(외부)",
            "COVER": "없음",
            "TRANSPARENCY": "불투명",
            "SHAPE": "일반용기형",
            "SHAPE_TYPE": "POLYGON",
            "POINTS": [
                [
                    289.92,
                    250.02
                ],
                [
                    273.984,
                    243
                ],
                [
                    262.08000000000004,
                    234.036
                ],
                [
                    252.096,
                    223.992
                ],
                [
                    249.02400000000003,
                    218.052
                ],
                [
                    244.03199999999998,
                    213.948
                ],
                [
                    241.92000000000002,
                    208.00799999999998
                ],
                [
                    219.07199999999997,
                    181.98000000000002
                ],
                [
                    207.93599999999998,
                    164.05200000000002
                ],
                [
                    206.01600000000002,
                    150.012
                ],
                [
                    207.93599999999998,
                    143.964
                ],
                [
                    214.08,
                    138.024
                ],
                [
                    225.024,
                    130.03199999999998
                ],
                [
                    244.03199999999998,
                    111.996
                ],
                [
                    254.016,
                    105.94800000000001
                ],
                [
                    275.904,
                    87.048
                ],
                [
                    278.976,
                    84.02399999999999
                ],
                [
                    278.976,
                    81.972
                ],
                [
                    286.08,
                    76.03200000000001
                ],
                [
                    299.904,
                    68.04
                ],
                [
                    316.032,
                    50.976
                ],
                [
                    327.93600000000004,
                    39.96
                ],
                [
                    369.024,
                    7.992
                ],
                [
                    369.98400000000004,
                    3.996
                ],
                [
                    378.048,
                    0
                ],
                [
                    601.92,
                    0
                ],
                [
                    596.928,
                    7.992
                ],
                [
                    590.0160000000001,
                    10.043999999999999
                ],
                [
                    572.928,
                    26.028
                ],
                [
                    561.984,
                    33.048
                ],
                [
                    537.024,
                    57.024
                ],
                [
                    518.976,
                    69.984
                ],
                [
                    509.952,
                    81
                ],
                [
                    484.032,
                    104.00399999999999
                ],
                [
                    478.08,
                    105.94800000000001
                ],
                [
                    470.976,
                    111.996
                ],
                [
                    457.91999999999996,
                    127.97999999999999
                ],
                [
                    446.016,
                    134.028
                ],
                [
                    440.06399999999996,
                    135.972
                ],
                [
                    430.08,
                    143.964
                ],
                [
                    428.928,
                    146.988
                ],
                [
                    420.096,
                    153.036
                ],
                [
                    399.93600000000004,
                    169.99200000000002
                ],
                [
                    388.032,
                    177.012
                ],
                [
                    384,
                    177.984
                ],
                [
                    382.08000000000004,
                    180.03599999999997
                ],
                [
                    380.928,
                    184.03199999999998
                ],
                [
                    369.024,
                    196.01999999999998
                ],
                [
                    363.072,
                    200.988
                ],
                [
                    356.928,
                    204.012
                ],
                [
                    350.01599999999996,
                    209.952
                ],
                [
                    347.904,
                    212.976
                ],
                [
                    337.91999999999996,
                    219.99599999999998
                ],
                [
                    334.08,
                    224.96400000000003
                ],
                [
                    330.048,
                    226.044
                ],
                [
                    326.016,
                    231.98399999999998
                ],
                [
                    313.92,
                    239.976
                ],
                [
                    302.01599999999996,
                    250.02
                ],
                [
                    289.92,
                    250.02
                ]
            ]
        },
        {
            "ID": "4",
            "CLASS": "페트병",
            "DETAILS": "유색단일",
            "DAMAGE": "원형",
            "DIRTINESS": "이물질(외부)",
            "COVER": "겹침",
            "TRANSPARENCY": "불투명",
            "SHAPE": "물통형",
            "SHAPE_TYPE": "POLYGON",
            "POINTS": [
                [
                    926.976,
                    971.028
                ],
                [
                    921.024,
                    969.948
                ],
                [
                    916.032,
                    965.952
                ],
                [
                    907.0079999999999,
                    961.956
                ],
                [
                    873.984,
                    960.0120000000001
                ],
                [
                    860.928,
                    955.044
                ],
                [
                    858.048,
                    952.02
                ],
                [
                    838.08,
                    942.948
                ],
                [
                    821.952,
                    938.952
                ],
                [
                    810.048,
                    929.9879999999999
                ],
                [
                    804.096,
                    921.024
                ],
                [
                    806.976,
                    917.028
                ],
                [
                    811.968,
                    914.004
                ],
                [
                    815.04,
                    818.9639999999999
                ],
                [
                    815.04,
                    741.96
                ],
                [
                    816,
                    725.004
                ],
                [
                    820.992,
                    704.052
                ],
                [
                    820.0319999999999,
                    654.048
                ],
                [
                    825.024,
                    650.052
                ],
                [
                    826.9440000000001,
                    650.052
                ],
                [
                    829.056,
                    648.972
                ],
                [
                    834.048,
                    650.052
                ],
                [
                    840,
                    655.9920000000001
                ],
                [
                    846.912,
                    659.016
                ],
                [
                    855.9359999999999,
                    660.96
                ],
                [
                    859.9680000000001,
                    663.984
                ],
                [
                    865.9200000000001,
                    666.0360000000001
                ],
                [
                    869.952,
                    666.0360000000001
                ],
                [
                    873.024,
                    667.98
                ],
                [
                    879.9359999999999,
                    668.952
                ],
                [
                    888,
                    671.976
                ],
                [
                    901.056,
                    674.028
                ],
                [
                    922.9440000000001,
                    679.9680000000001
                ],
                [
                    954.048,
                    685.044
                ],
                [
                    980.928,
                    686.016
                ],
                [
                    988.0319999999999,
                    687.96
                ],
                [
                    1028.928,
                    686.9879999999999
                ],
                [
                    1040.0639999999999,
                    686.016
                ],
                [
                    1041.0240000000001,
                    685.044
                ],
                [
                    1049.088,
                    685.044
                ],
                [
                    1051.008,
                    686.9879999999999
                ],
                [
                    1046.976,
                    694.9799999999999
                ],
                [
                    1046.0159999999998,
                    702
                ],
                [
                    1041.984,
                    706.968
                ],
                [
                    1041.0240000000001,
                    716.0400000000001
                ],
                [
                    1036.992,
                    722.952
                ],
                [
                    1035.0720000000001,
                    733.968
                ],
                [
                    1032,
                    736.992
                ],
                [
                    1030.08,
                    748.98
                ],
                [
                    1021.056,
                    776.952
                ],
                [
                    1012.992,
                    791.9639999999999
                ],
                [
                    1008.9599999999999,
                    813.024
                ],
                [
                    1003.0079999999999,
                    830.952
                ],
                [
                    993.9840000000002,
                    844.02
                ],
                [
                    993.024,
                    852.0120000000001
                ],
                [
                    987.072,
                    861.948
                ],
                [
                    983.04,
                    883.98
                ],
                [
                    974.016,
                    906.984
                ],
                [
                    973.056,
                    922.9680000000001
                ],
                [
                    965.952,
                    929.9879999999999
                ],
                [
                    955.9680000000001,
                    936.0360000000001
                ],
                [
                    951.936,
                    956.9879999999999
                ],
                [
                    946.9440000000001,
                    968.976
                ],
                [
                    942.9119999999999,
                    969.948
                ],
                [
                    932.928,
                    968.976
                ],
                [
                    926.976,
                    971.028
                ]
            ]
        }
    ]
}