{
    "IMAGE_INFO": {
        "FILE_NAME": "1003334@0_03002_220913_P1_T3__1124.jpg",
        "DATE": "2022-10-18 14:05:18",
        "RESOLUTION": "1920 x 1080",
        "IMAGE_PHOTOGRAPHER": "이지은",
        "FOCUS_DISTANCE": "7.1",
        "EXPOSURE_TIME": "1/400",
        "SENSITIVITY_ISO": "5000",
        "PLACE": "삼오자원",
        "REGION_NAME": null,
        "Direction": "0",
        "HEIGHT": "100",
        "DAY/NIGHT": "주간",
        "WEATHER": "맑음",
        "IMAGE_HEIGHT": 1080,
        "IMAGE_WIDTH": 1920,
        "IMAGE_SIZE": "659.9 KB"
    },
    "ANNOTATION_INFO": [
        {
            "ID": "1",
            "CLASS": "페트병",
            "DETAILS": "유색단일",
            "DAMAGE": "원형",
            "DIRTINESS": "이물질(외부)",
            "COVER": "겹침",
            "TRANSPARENCY": "불투명",
            "SHAPE": "일반용기형",
            "SHAPE_TYPE": "POLYGON",
            "POINTS": [
                [
                    968.064,
                    821.9879999999999
                ],
                [
                    960,
                    817.992
                ],
                [
                    951.936,
                    810
                ],
                [
                    941.952,
                    794.016
                ],
                [
                    926.976,
                    759.996
                ],
                [
                    917.952,
                    747.036
                ],
                [
                    917.952,
                    744.012
                ],
                [
                    900.096,
                    717.9839999999999
                ],
                [
                    893.952,
                    705.024
                ],
                [
                    879.9359999999999,
                    683.9639999999999
                ],
                [
                    873.984,
                    670.0319999999999
                ],
                [
                    873.024,
                    662.04
                ],
                [
                    868.032,
                    655.9920000000001
                ],
                [
                    865.9200000000001,
                    648
                ],
                [
                    864,
                    648
                ],
                [
                    862.08,
                    645.948
                ],
                [
                    859.9680000000001,
                    640.008
                ],
                [
                    849.024,
                    632.0160000000001
                ],
                [
                    848.064,
                    625.968
                ],
                [
                    844.0319999999999,
                    624.024
                ],
                [
                    844.0319999999999,
                    621
                ],
                [
                    831.936,
                    609.012
                ],
                [
                    812.928,
                    583.9559999999999
                ],
                [
                    790.0799999999999,
                    558.0360000000001
                ],
                [
                    787.968,
                    551.9879999999999
                ],
                [
                    782.016,
                    547.992
                ],
                [
                    787.968,
                    525.96
                ],
                [
                    786.048,
                    509.976
                ],
                [
                    795.072,
                    478.008
                ],
                [
                    806.976,
                    466.02
                ],
                [
                    811.968,
                    465.048
                ],
                [
                    816,
                    459.972
                ],
                [
                    830.976,
                    454.032
                ],
                [
                    836.928,
                    454.032
                ],
                [
                    845.952,
                    463.96799999999996
                ],
                [
                    858.048,
                    482.976
                ],
                [
                    873.024,
                    501.984
                ],
                [
                    893.952,
                    536.004
                ],
                [
                    906.048,
                    550.044
                ],
                [
                    916.032,
                    567
                ],
                [
                    916.032,
                    573.048
                ],
                [
                    913.92,
                    575.9639999999999
                ],
                [
                    908.928,
                    578.016
                ],
                [
                    907.968,
                    590.004
                ],
                [
                    910.0799999999999,
                    597.024
                ],
                [
                    920.0640000000001,
                    609.9839999999999
                ],
                [
                    921.024,
                    614.952
                ],
                [
                    912,
                    627.048
                ],
                [
                    906.048,
                    639.0360000000001
                ],
                [
                    902.976,
                    651.024
                ],
                [
                    902.976,
                    667.98
                ],
                [
                    903.936,
                    679.9680000000001
                ],
                [
                    913.92,
                    695.952
                ],
                [
                    916.032,
                    705.024
                ],
                [
                    924.096,
                    716.0400000000001
                ],
                [
                    932.928,
                    724.032
                ],
                [
                    940.0319999999999,
                    728.028
                ],
                [
                    948.096,
                    729
                ],
                [
                    955.9680000000001,
                    735.048
                ],
                [
                    961.92,
                    740.988
                ],
                [
                    964.0319999999999,
                    748.008
                ],
                [
                    975.9359999999999,
                    764.964
                ],
                [
                    988.0319999999999,
                    776.952
                ],
                [
                    996.0960000000001,
                    782.028
                ],
                [
                    1003.9680000000001,
                    791.9639999999999
                ],
                [
                    1016.064,
                    801.0360000000001
                ],
                [
                    999.936,
                    813.024
                ],
                [
                    980.928,
                    821.9879999999999
                ],
                [
                    968.064,
                    821.9879999999999
                ]
            ]
        },
        {
            "ID": "2",
            "CLASS": "페트병",
            "DETAILS": "유색단일",
            "DAMAGE": "찌그러짐",
            "DIRTINESS": "이물질(외부)",
            "COVER": "겹침",
            "TRANSPARENCY": "불투명",
            "SHAPE": "일반용기형",
            "SHAPE_TYPE": "POLYGON",
            "POINTS": [
                [
                    0,
                    841.968
                ],
                [
                    0,
                    286.956
                ],
                [
                    3.072,
                    286.956
                ],
                [
                    6.912,
                    282.96000000000004
                ],
                [
                    14.016,
                    273.024
                ],
                [
                    19.008000000000003,
                    273.024
                ],
                [
                    23.04,
                    277.02
                ],
                [
                    28.992,
                    274.968
                ],
                [
                    25.919999999999998,
                    272.052
                ],
                [
                    24,
                    272.052
                ],
                [
                    23.04,
                    267.948
                ],
                [
                    24.959999999999997,
                    266.00399999999996
                ],
                [
                    33.024,
                    266.00399999999996
                ],
                [
                    39.936,
                    267.948
                ],
                [
                    43.008,
                    272.052
                ],
                [
                    52.032,
                    272.052
                ],
                [
                    57.024,
                    267.948
                ],
                [
                    68.928,
                    267.948
                ],
                [
                    77.952,
                    281.01599999999996
                ],
                [
                    85.056,
                    282.96000000000004
                ],
                [
                    92.928,
                    281.01599999999996
                ],
                [
                    97.91999999999999,
                    281.01599999999996
                ],
                [
                    101.952,
                    282.96000000000004
                ],
                [
                    105.024,
                    286.956
                ],
                [
                    108.096,
                    288.036
                ],
                [
                    115.00800000000001,
                    288.036
                ],
                [
                    116.92800000000001,
                    289.98
                ],
                [
                    106.944,
                    332.964
                ],
                [
                    109.05600000000001,
                    351.97200000000004
                ],
                [
                    114.048,
                    366.984
                ],
                [
                    114.048,
                    384.048
                ],
                [
                    110.976,
                    392.03999999999996
                ],
                [
                    104.064,
                    398.952
                ],
                [
                    95.04,
                    407.052
                ],
                [
                    91.96799999999999,
                    407.052
                ],
                [
                    85.056,
                    413.964
                ],
                [
                    81.98400000000001,
                    413.964
                ],
                [
                    77.952,
                    416.01599999999996
                ],
                [
                    75.072,
                    421.956
                ],
                [
                    72,
                    424.008
                ],
                [
                    72,
                    432.972
                ],
                [
                    73.92,
                    436.968
                ],
                [
                    82.944,
                    446.03999999999996
                ],
                [
                    97.91999999999999,
                    471.96
                ],
                [
                    102.912,
                    489.024
                ],
                [
                    102.912,
                    542.052
                ],
                [
                    99.072,
                    559.0079999999999
                ],
                [
                    86.976,
                    596.0519999999999
                ],
                [
                    75.072,
                    625.968
                ],
                [
                    53.952,
                    695.952
                ],
                [
                    27.072,
                    767.0160000000001
                ],
                [
                    13.056,
                    810.972
                ],
                [
                    4.992,
                    825.984
                ],
                [
                    0,
                    841.968
                ]
            ]
        }
    ]
}