{
    "IMAGE_INFO": {
        "FILE_NAME": "1003333@0_03002_220913_P1_T3__1161.jpg",
        "DATE": "2022-10-18 14:05:28",
        "RESOLUTION": "1920 x 1080",
        "IMAGE_PHOTOGRAPHER": "이지은",
        "FOCUS_DISTANCE": "7.1",
        "EXPOSURE_TIME": "1/400",
        "SENSITIVITY_ISO": "5000",
        "PLACE": "삼오자원",
        "REGION_NAME": null,
        "Direction": "0",
        "HEIGHT": "100",
        "DAY/NIGHT": "주간",
        "WEATHER": "맑음",
        "IMAGE_HEIGHT": 1080,
        "IMAGE_WIDTH": 1920,
        "IMAGE_SIZE": "628.2 KB"
    },
    "ANNOTATION_INFO": [
        {
            "ID": "1",
            "CLASS": "페트병",
            "DETAILS": "유색단일",
            "DAMAGE": "찌그러짐",
            "DIRTINESS": "이물질(외부)",
            "COVER": "겹침",
            "TRANSPARENCY": "불투명",
            "SHAPE": "물통형",
            "SHAPE_TYPE": "POLYGON",
            "POINTS": [
                [
                    713.088,
                    793.044
                ],
                [
                    702.9119999999999,
                    786.024
                ],
                [
                    686.016,
                    759.996
                ],
                [
                    672,
                    743.04
                ],
                [
                    670.0799999999999,
                    739.044
                ],
                [
                    670.0799999999999,
                    721.0079999999999
                ],
                [
                    652.9920000000001,
                    693.0360000000001
                ],
                [
                    644.928,
                    687.96
                ],
                [
                    634.944,
                    686.016
                ],
                [
                    624,
                    678.9960000000001
                ],
                [
                    622.08,
                    671.0039999999999
                ],
                [
                    615.9359999999999,
                    663.984
                ],
                [
                    609.9839999999999,
                    648.972
                ],
                [
                    611.904,
                    637.956
                ],
                [
                    600.96,
                    620.028
                ],
                [
                    599.04,
                    612.036
                ],
                [
                    603.072,
                    600.048
                ],
                [
                    614.016,
                    586.98
                ],
                [
                    638.976,
                    566.028
                ],
                [
                    644.928,
                    564.948
                ],
                [
                    651.072,
                    559.0079999999999
                ],
                [
                    663.936,
                    554.04
                ],
                [
                    680.0640000000001,
                    540.972
                ],
                [
                    692.928,
                    535.032
                ],
                [
                    702.9119999999999,
                    532.98
                ],
                [
                    710.976,
                    528.0120000000001
                ],
                [
                    721.92,
                    525.96
                ],
                [
                    729.9839999999999,
                    520.02
                ],
                [
                    742.08,
                    519.048
                ],
                [
                    754.944,
                    510.94800000000004
                ],
                [
                    772.9920000000001,
                    490.968
                ],
                [
                    787.968,
                    478.008
                ],
                [
                    796.032,
                    466.992
                ],
                [
                    811.008,
                    454.032
                ],
                [
                    815.04,
                    447.012
                ],
                [
                    835.9680000000001,
                    424.98
                ],
                [
                    849.9839999999999,
                    413.964
                ],
                [
                    855.9359999999999,
                    405.97200000000004
                ],
                [
                    864.96,
                    401.004
                ],
                [
                    870.912,
                    393.012
                ],
                [
                    877.0559999999999,
                    392.03999999999996
                ],
                [
                    883.0079999999999,
                    385.992
                ],
                [
                    897.984,
                    378.972
                ],
                [
                    907.968,
                    377.028
                ],
                [
                    912,
                    373.032
                ],
                [
                    917.952,
                    370.98
                ],
                [
                    954.048,
                    362.016
                ],
                [
                    969.9839999999999,
                    359.964
                ],
                [
                    994.944,
                    359.964
                ],
                [
                    1004.928,
                    363.96000000000004
                ],
                [
                    1026.048,
                    377.028
                ],
                [
                    1030.08,
                    377.028
                ],
                [
                    1036.032,
                    381.99600000000004
                ],
                [
                    1042.944,
                    384.048
                ],
                [
                    1049.088,
                    389.988
                ],
                [
                    1055.04,
                    392.03999999999996
                ],
                [
                    1080,
                    413.964
                ],
                [
                    1088.0639999999999,
                    416.988
                ],
                [
                    1099.008,
                    424.98
                ],
                [
                    1108.992,
                    440.964
                ],
                [
                    1113.024,
                    454.032
                ],
                [
                    1113.024,
                    508.032
                ],
                [
                    1100.928,
                    575.9639999999999
                ],
                [
                    1091.904,
                    585.036
                ],
                [
                    1065.9840000000002,
                    605.0160000000001
                ],
                [
                    969.9839999999999,
                    672.948
                ],
                [
                    940.992,
                    701.028
                ],
                [
                    925.056,
                    712.044
                ],
                [
                    887.0400000000001,
                    728.028
                ],
                [
                    858.048,
                    743.04
                ],
                [
                    851.904,
                    748.98
                ],
                [
                    848.064,
                    748.98
                ],
                [
                    841.92,
                    753.9480000000001
                ],
                [
                    826.9440000000001,
                    762.048
                ],
                [
                    800.0640000000001,
                    771.012
                ],
                [
                    787.968,
                    778.032
                ],
                [
                    772.9920000000001,
                    783.972
                ],
                [
                    764.928,
                    786.024
                ],
                [
                    754.944,
                    786.024
                ],
                [
                    735.9359999999999,
                    793.044
                ],
                [
                    713.088,
                    793.044
                ]
            ]
        }
    ]
}