{
    "IMAGE_INFO": {
        "FILE_NAME": "1003343@0_03002_220913_P1_T3__1160.jpg",
        "DATE": "2022-10-18 14:05:28",
        "RESOLUTION": "1920 x 1080",
        "IMAGE_PHOTOGRAPHER": "이지은",
        "FOCUS_DISTANCE": "7.1",
        "EXPOSURE_TIME": "1/400",
        "SENSITIVITY_ISO": "5000",
        "PLACE": "삼오자원",
        "REGION_NAME": null,
        "Direction": "0",
        "HEIGHT": "100",
        "DAY/NIGHT": "주간",
        "WEATHER": "맑음",
        "IMAGE_HEIGHT": 1080,
        "IMAGE_WIDTH": 1920,
        "IMAGE_SIZE": "617.3 KB"
    },
    "ANNOTATION_INFO": [
        {
            "ID": "1",
            "CLASS": "페트병",
            "DETAILS": "유색단일",
            "DAMAGE": "찌그러짐",
            "DIRTINESS": "이물질(외부)",
            "COVER": "겹침",
            "TRANSPARENCY": "불투명",
            "SHAPE": "일반용기형",
            "SHAPE_TYPE": "POLYGON",
            "POINTS": [
                [
                    447.93600000000004,
                    196.01999999999998
                ],
                [
                    440.06399999999996,
                    193.96800000000002
                ],
                [
                    416.064,
                    170.964
                ],
                [
                    411.072,
                    169.99200000000002
                ],
                [
                    398.016,
                    158.976
                ],
                [
                    387.072,
                    158.00400000000002
                ],
                [
                    384,
                    158.976
                ],
                [
                    378.048,
                    164.05200000000002
                ],
                [
                    361.92,
                    165.996
                ],
                [
                    351.936,
                    165.996
                ],
                [
                    341.952,
                    158.976
                ],
                [
                    321.984,
                    141.048
                ],
                [
                    303.936,
                    111.024
                ],
                [
                    303.936,
                    97.956
                ],
                [
                    312,
                    84.02399999999999
                ],
                [
                    312,
                    81
                ],
                [
                    307.96799999999996,
                    57.995999999999995
                ],
                [
                    292.03200000000004,
                    35.964000000000006
                ],
                [
                    288,
                    26.028
                ],
                [
                    286.08,
                    18.035999999999998
                ],
                [
                    288,
                    6.048
                ],
                [
                    291.072,
                    0
                ],
                [
                    787.968,
                    0
                ],
                [
                    782.016,
                    6.048
                ],
                [
                    773.952,
                    8.964
                ],
                [
                    759.9359999999999,
                    19.98
                ],
                [
                    752.064,
                    22.032
                ],
                [
                    742.08,
                    31.968
                ],
                [
                    738.048,
                    33.048
                ],
                [
                    731.904,
                    38.988
                ],
                [
                    728.064,
                    39.96
                ],
                [
                    718.08,
                    50.976
                ],
                [
                    705.984,
                    57.024
                ],
                [
                    691.968,
                    68.04
                ],
                [
                    686.016,
                    69.012
                ],
                [
                    680.0640000000001,
                    73.98
                ],
                [
                    668.928,
                    76.03200000000001
                ],
                [
                    652.032,
                    85.968
                ],
                [
                    643.968,
                    87.048
                ],
                [
                    632.064,
                    93.96
                ],
                [
                    618.048,
                    105.94800000000001
                ],
                [
                    614.976,
                    111.996
                ],
                [
                    614.016,
                    135.972
                ],
                [
                    608.064,
                    146.016
                ],
                [
                    591.936,
                    151.956
                ],
                [
                    584.0640000000001,
                    153.036
                ],
                [
                    574.0799999999999,
                    158.00400000000002
                ],
                [
                    564.096,
                    158.976
                ],
                [
                    537.024,
                    169.99200000000002
                ],
                [
                    523.968,
                    172.04399999999998
                ],
                [
                    518.976,
                    176.04000000000002
                ],
                [
                    513.024,
                    177.012
                ],
                [
                    498.04800000000006,
                    177.012
                ],
                [
                    494.01599999999996,
                    177.984
                ],
                [
                    483.072,
                    184.03199999999998
                ],
                [
                    474.048,
                    192.024
                ],
                [
                    465.984,
                    195.048
                ],
                [
                    447.93600000000004,
                    196.01999999999998
                ]
            ]
        },
        {
            "ID": "2",
            "CLASS": "페트병",
            "DETAILS": "유색단일",
            "DAMAGE": "찌그러짐",
            "DIRTINESS": "이물질(외부)",
            "COVER": "겹침",
            "TRANSPARENCY": "불투명",
            "SHAPE": "물통형",
            "SHAPE_TYPE": "POLYGON",
            "POINTS": [
                [
                    692.928,
                    1023.9480000000001
                ],
                [
                    676.032,
                    1011.96
                ],
                [
                    668.928,
                    1002.024
                ],
                [
                    658.944,
                    980.9639999999999
                ],
                [
                    657.984,
                    968.976
                ],
                [
                    653.952,
                    963.0360000000001
                ],
                [
                    641.088,
                    953.9639999999999
                ],
                [
                    637.0559999999999,
                    952.992
                ],
                [
                    628.992,
                    941.0039999999999
                ],
                [
                    615.9359999999999,
                    913.032
                ],
                [
                    615.9359999999999,
                    899.964
                ],
                [
                    614.016,
                    894.996
                ],
                [
                    606.912,
                    886.032
                ],
                [
                    604.992,
                    879.9839999999999
                ],
                [
                    594.048,
                    868.968
                ],
                [
                    585.984,
                    853.9559999999999
                ],
                [
                    584.0640000000001,
                    840.996
                ],
                [
                    588.096,
                    832.0319999999999
                ],
                [
                    595.008,
                    822.96
                ],
                [
                    615.9359999999999,
                    805.0319999999999
                ],
                [
                    618.048,
                    798.0120000000001
                ],
                [
                    622.08,
                    794.9879999999999
                ],
                [
                    625.9200000000001,
                    786.024
                ],
                [
                    641.088,
                    783
                ],
                [
                    643.968,
                    779.976
                ],
                [
                    657.984,
                    776.952
                ],
                [
                    675.072,
                    767.9879999999999
                ],
                [
                    681.984,
                    767.0160000000001
                ],
                [
                    696.96,
                    759.024
                ],
                [
                    721.92,
                    755.028
                ],
                [
                    737.0880000000001,
                    745.956
                ],
                [
                    757.0559999999999,
                    721.98
                ],
                [
                    805.056,
                    678.9960000000001
                ],
                [
                    810.048,
                    671.0039999999999
                ],
                [
                    822.9119999999999,
                    659.016
                ],
                [
                    835.008,
                    644.004
                ],
                [
                    870.912,
                    617.004
                ],
                [
                    875.904,
                    613.98
                ],
                [
                    886.08,
                    610.956
                ],
                [
                    891.072,
                    606.96
                ],
                [
                    925.056,
                    594.972
                ],
                [
                    940.0319999999999,
                    591.948
                ],
                [
                    955.008,
                    590.976
                ],
                [
                    978.0479999999999,
                    590.976
                ],
                [
                    983.9999999999999,
                    591.948
                ],
                [
                    998.976,
                    601.02
                ],
                [
                    1002.048,
                    605.988
                ],
                [
                    1022.9760000000001,
                    617.004
                ],
                [
                    1027.008,
                    621.972
                ],
                [
                    1062.912,
                    648
                ],
                [
                    1070.016,
                    656.9639999999999
                ],
                [
                    1070.016,
                    659.9879999999999
                ],
                [
                    1078.08,
                    667.98
                ],
                [
                    1080,
                    675
                ],
                [
                    1086.912,
                    678.9960000000001
                ],
                [
                    1084.9920000000002,
                    683.9639999999999
                ],
                [
                    1090.944,
                    690.984
                ],
                [
                    1094.976,
                    705.024
                ],
                [
                    1094.976,
                    764.964
                ],
                [
                    1090.944,
                    793.044
                ],
                [
                    1086.912,
                    802.008
                ],
                [
                    1084.9920000000002,
                    814.9680000000001
                ],
                [
                    1078.08,
                    824.04
                ],
                [
                    1059.072,
                    837.972
                ],
                [
                    1037.952,
                    848.988
                ],
                [
                    1013.952,
                    867.024
                ],
                [
                    994.944,
                    876.96
                ],
                [
                    956.928,
                    903.9599999999999
                ],
                [
                    898.944,
                    949.9680000000001
                ],
                [
                    883.968,
                    953.9639999999999
                ],
                [
                    844.0319999999999,
                    972
                ],
                [
                    840,
                    972
                ],
                [
                    796.9920000000001,
                    991.0079999999999
                ],
                [
                    791.04,
                    995.976
                ],
                [
                    757.0559999999999,
                    1010.988
                ],
                [
                    724.0319999999999,
                    1021.032
                ],
                [
                    702.9119999999999,
                    1022.004
                ],
                [
                    700.992,
                    1023.9480000000001
                ],
                [
                    692.928,
                    1023.9480000000001
                ]
            ]
        }
    ]
}