{
    "IMAGE_INFO": {
        "FILE_NAME": "1003199@0_03002_220913_P1_T3__0982.jpg",
        "DATE": "2022-10-18 14:04:32",
        "RESOLUTION": "1920 x 1080",
        "IMAGE_PHOTOGRAPHER": "이지은",
        "FOCUS_DISTANCE": "7.1",
        "EXPOSURE_TIME": "1/400",
        "SENSITIVITY_ISO": "5000",
        "PLACE": "삼오자원",
        "REGION_NAME": null,
        "Direction": "0",
        "HEIGHT": "100",
        "DAY/NIGHT": "주간",
        "WEATHER": "맑음",
        "IMAGE_HEIGHT": 1080,
        "IMAGE_WIDTH": 1920,
        "IMAGE_SIZE": "620.6 KB"
    },
    "ANNOTATION_INFO": [
        {
            "ID": "2",
            "CLASS": "페트병",
            "DETAILS": "유색단일",
            "DAMAGE": "원형",
            "DIRTINESS": "이물질(외부)",
            "COVER": "없음",
            "TRANSPARENCY": "불투명",
            "SHAPE": "물통형",
            "SHAPE_TYPE": "POLYGON",
            "POINTS": [
                [
                    216.96,
                    1080
                ],
                [
                    216,
                    1072.98
                ],
                [
                    219.07199999999997,
                    1067.04
                ],
                [
                    219.07199999999997,
                    1059.048
                ],
                [
                    221.952,
                    1050.9479999999999
                ],
                [
                    221.952,
                    1048.0320000000002
                ],
                [
                    219.07199999999997,
                    1045.008
                ],
                [
                    219.07199999999997,
                    1010.988
                ],
                [
                    216.96,
                    1003.968
                ],
                [
                    217.92000000000002,
                    994.032
                ],
                [
                    216.96,
                    979.992
                ],
                [
                    219.07199999999997,
                    972.972
                ],
                [
                    219.07199999999997,
                    964.9799999999999
                ],
                [
                    224.064,
                    944.028
                ],
                [
                    224.064,
                    934.956
                ],
                [
                    227.904,
                    918
                ],
                [
                    229.056,
                    903.9599999999999
                ],
                [
                    230.976,
                    898.9920000000001
                ],
                [
                    234.048,
                    883.98
                ],
                [
                    236.928,
                    878.04
                ],
                [
                    238.07999999999998,
                    871.02
                ],
                [
                    240,
                    866.0519999999999
                ],
                [
                    249.984,
                    852.9839999999999
                ],
                [
                    260.928,
                    833.004
                ],
                [
                    262.08000000000004,
                    826.956
                ],
                [
                    260.928,
                    817.02
                ],
                [
                    255.936,
                    807.948
                ],
                [
                    255.936,
                    803.952
                ],
                [
                    257.08799999999997,
                    802.98
                ],
                [
                    255.936,
                    790.9920000000001
                ],
                [
                    257.08799999999997,
                    779.976
                ],
                [
                    255.936,
                    760.968
                ],
                [
                    257.08799999999997,
                    752.004
                ],
                [
                    258.048,
                    748.98
                ],
                [
                    264,
                    744.012
                ],
                [
                    272.06399999999996,
                    741.96
                ],
                [
                    277.05600000000004,
                    741.96
                ],
                [
                    281.088,
                    740.0160000000001
                ],
                [
                    284.928,
                    739.044
                ],
                [
                    291.072,
                    737.964
                ],
                [
                    297.98400000000004,
                    737.964
                ],
                [
                    302.976,
                    735.048
                ],
                [
                    308.928,
                    735.048
                ],
                [
                    336.96,
                    737.964
                ],
                [
                    341.952,
                    739.044
                ],
                [
                    346.944,
                    740.988
                ],
                [
                    349.056,
                    744.9839999999999
                ],
                [
                    351.936,
                    772.956
                ],
                [
                    350.976,
                    789.048
                ],
                [
                    351.936,
                    803.952
                ],
                [
                    349.056,
                    812.052
                ],
                [
                    350.01599999999996,
                    821.9879999999999
                ],
                [
                    355.968,
                    830.952
                ],
                [
                    377.08799999999997,
                    853.9559999999999
                ],
                [
                    379.008,
                    857.952
                ],
                [
                    390.91200000000003,
                    903.9599999999999
                ],
                [
                    392.06399999999996,
                    913.032
                ],
                [
                    398.976,
                    933.0120000000001
                ],
                [
                    403.968,
                    955.044
                ],
                [
                    403.968,
                    968.004
                ],
                [
                    406.08,
                    978.048
                ],
                [
                    406.08,
                    996.948
                ],
                [
                    403.968,
                    1023.9480000000001
                ],
                [
                    408.96,
                    1055.052
                ],
                [
                    408,
                    1080
                ],
                [
                    216.96,
                    1080
                ]
            ]
        },
        {
            "ID": "3",
            "CLASS": "페트병",
            "DETAILS": "유색단일",
            "DAMAGE": "원형",
            "DIRTINESS": "이물질(외부)",
            "COVER": "없음",
            "TRANSPARENCY": "불투명",
            "SHAPE": "스프레이용기형",
            "SHAPE_TYPE": "POLYGON",
            "POINTS": [
                [
                    615.9359999999999,
                    486
                ],
                [
                    609.9839999999999,
                    483.948
                ],
                [
                    558.912,
                    419.04
                ],
                [
                    553.92,
                    405.97200000000004
                ],
                [
                    546.048,
                    393.012
                ],
                [
                    538.944,
                    386.964
                ],
                [
                    528,
                    367.956
                ],
                [
                    526.08,
                    363.96000000000004
                ],
                [
                    526.08,
                    347.00399999999996
                ],
                [
                    532.9920000000001,
                    339.012
                ],
                [
                    598.08,
                    292.032
                ],
                [
                    685.056,
                    232.95600000000002
                ],
                [
                    724.0319999999999,
                    204.012
                ],
                [
                    759.9359999999999,
                    180.03599999999997
                ],
                [
                    771.072,
                    174.96
                ],
                [
                    787.968,
                    172.04399999999998
                ],
                [
                    802.9440000000001,
                    173.01600000000002
                ],
                [
                    815.04,
                    176.04000000000002
                ],
                [
                    834.048,
                    185.00400000000002
                ],
                [
                    844.992,
                    185.00400000000002
                ],
                [
                    859.008,
                    178.956
                ],
                [
                    881.088,
                    162.972
                ],
                [
                    892.032,
                    162.972
                ],
                [
                    900.096,
                    159.948
                ],
                [
                    921.984,
                    143.964
                ],
                [
                    940.0319999999999,
                    134.028
                ],
                [
                    946.9440000000001,
                    138.996
                ],
                [
                    955.9680000000001,
                    138.996
                ],
                [
                    961.92,
                    135.972
                ],
                [
                    973.056,
                    142.02
                ],
                [
                    1003.9680000000001,
                    124.956
                ],
                [
                    1012.992,
                    124.956
                ],
                [
                    1017.0239999999999,
                    127.008
                ],
                [
                    1018.944,
                    142.02
                ],
                [
                    999.936,
                    159.948
                ],
                [
                    988.992,
                    165.996
                ],
                [
                    993.024,
                    173.01600000000002
                ],
                [
                    993.024,
                    182.952
                ],
                [
                    985.92,
                    192.024
                ],
                [
                    988.0319999999999,
                    203.04
                ],
                [
                    974.9760000000001,
                    215.028
                ],
                [
                    944.0640000000001,
                    236.95200000000003
                ],
                [
                    944.0640000000001,
                    246.99599999999998
                ],
                [
                    931.008,
                    255.95999999999998
                ],
                [
                    929.088,
                    259.956
                ],
                [
                    912,
                    273.996
                ],
                [
                    907.0079999999999,
                    284.04
                ],
                [
                    908.928,
                    319.032
                ],
                [
                    907.0079999999999,
                    327.024
                ],
                [
                    897.984,
                    343.98
                ],
                [
                    893.952,
                    346.03200000000004
                ],
                [
                    891.072,
                    353.052
                ],
                [
                    884.928,
                    358.99199999999996
                ],
                [
                    869.952,
                    369.036
                ],
                [
                    859.008,
                    378.972
                ],
                [
                    854.016,
                    381.024
                ],
                [
                    846.912,
                    388.044
                ],
                [
                    839.04,
                    392.03999999999996
                ],
                [
                    825.024,
                    404.02799999999996
                ],
                [
                    815.04,
                    408.024
                ],
                [
                    811.968,
                    412.992
                ],
                [
                    807.936,
                    413.964
                ],
                [
                    806.016,
                    416.988
                ],
                [
                    798.912,
                    420.012
                ],
                [
                    796.9920000000001,
                    424.008
                ],
                [
                    745.9200000000001,
                    455.976
                ],
                [
                    733.0559999999999,
                    466.02
                ],
                [
                    728.064,
                    471.96
                ],
                [
                    718.08,
                    474.012
                ],
                [
                    686.976,
                    474.012
                ],
                [
                    638.016,
                    478.98
                ],
                [
                    615.9359999999999,
                    486
                ]
            ]
        }
    ]
}