{
    "IMAGE_INFO": {
        "FILE_NAME": "1003350@0_03002_220913_P1_T3__1153.jpg",
        "DATE": "2022-10-18 14:05:26",
        "RESOLUTION": "1920 x 1080",
        "IMAGE_PHOTOGRAPHER": "이지은",
        "FOCUS_DISTANCE": "7.1",
        "EXPOSURE_TIME": "1/400",
        "SENSITIVITY_ISO": "5000",
        "PLACE": "삼오자원",
        "REGION_NAME": null,
        "Direction": "0",
        "HEIGHT": "100",
        "DAY/NIGHT": "주간",
        "WEATHER": "맑음",
        "IMAGE_HEIGHT": 1080,
        "IMAGE_WIDTH": 1920,
        "IMAGE_SIZE": "718.5 KB"
    },
    "ANNOTATION_INFO": [
        {
            "ID": "2",
            "CLASS": "페트병",
            "DETAILS": "유색단일",
            "DAMAGE": "원형",
            "DIRTINESS": "이물질(외부)",
            "COVER": "없음",
            "TRANSPARENCY": "불투명",
            "SHAPE": "일반용기형",
            "SHAPE_TYPE": "POLYGON",
            "POINTS": [
                [
                    633.024,
                    999
                ],
                [
                    611.904,
                    998.028
                ],
                [
                    605.952,
                    995.976
                ],
                [
                    596.928,
                    991.98
                ],
                [
                    590.0160000000001,
                    986.0400000000001
                ],
                [
                    581.952,
                    982.044
                ],
                [
                    566.976,
                    979.992
                ],
                [
                    561.024,
                    975.024
                ],
                [
                    552,
                    974.052
                ],
                [
                    526.08,
                    960.0120000000001
                ],
                [
                    509.952,
                    944.028
                ],
                [
                    498.04800000000006,
                    926.9639999999999
                ],
                [
                    494.01599999999996,
                    915.948
                ],
                [
                    494.01599999999996,
                    898.02
                ],
                [
                    495.9359999999999,
                    890.028
                ],
                [
                    502.08000000000004,
                    879.012
                ],
                [
                    504,
                    864
                ],
                [
                    513.024,
                    849.96
                ],
                [
                    513.984,
                    828.0360000000001
                ],
                [
                    528,
                    803.952
                ],
                [
                    536.064,
                    798.0120000000001
                ],
                [
                    537.984,
                    789.048
                ],
                [
                    542.976,
                    783
                ],
                [
                    543.936,
                    774.0360000000001
                ],
                [
                    548.928,
                    764.964
                ],
                [
                    550.0799999999999,
                    756
                ],
                [
                    572.928,
                    693.0360000000001
                ],
                [
                    574.0799999999999,
                    682.02
                ],
                [
                    580.0319999999999,
                    668.952
                ],
                [
                    588.096,
                    640.008
                ],
                [
                    598.08,
                    613.98
                ],
                [
                    601.92,
                    587.952
                ],
                [
                    600,
                    578.016
                ],
                [
                    604.0319999999999,
                    550.044
                ],
                [
                    609.024,
                    543.024
                ],
                [
                    618.048,
                    513.972
                ],
                [
                    627.072,
                    496.044
                ],
                [
                    629.952,
                    479.952
                ],
                [
                    642.048,
                    443.988
                ],
                [
                    646.08,
                    425.952
                ],
                [
                    652.032,
                    413.964
                ],
                [
                    662.016,
                    405
                ],
                [
                    672,
                    400.032
                ],
                [
                    686.976,
                    398.952
                ],
                [
                    697.92,
                    398.952
                ],
                [
                    699.072,
                    400.032
                ],
                [
                    710.976,
                    400.032
                ],
                [
                    721.92,
                    401.976
                ],
                [
                    769.9200000000001,
                    413.964
                ],
                [
                    807.936,
                    428.976
                ],
                [
                    825.024,
                    438.048
                ],
                [
                    841.92,
                    443.988
                ],
                [
                    859.9680000000001,
                    458.02799999999996
                ],
                [
                    865.9200000000001,
                    467.964
                ],
                [
                    868.032,
                    496.044
                ],
                [
                    858.048,
                    525.96
                ],
                [
                    854.976,
                    547.992
                ],
                [
                    844.0319999999999,
                    573.048
                ],
                [
                    836.928,
                    608.04
                ],
                [
                    824.0640000000001,
                    640.008
                ],
                [
                    807.936,
                    655.9920000000001
                ],
                [
                    796.032,
                    675.972
                ],
                [
                    788.928,
                    705.024
                ],
                [
                    783.936,
                    713.988
                ],
                [
                    777.984,
                    737.964
                ],
                [
                    772.032,
                    752.976
                ],
                [
                    768,
                    775.98
                ],
                [
                    762.048,
                    787.9680000000001
                ],
                [
                    759.9359999999999,
                    801.0360000000001
                ],
                [
                    753.984,
                    817.992
                ],
                [
                    753.024,
                    829.9799999999999
                ],
                [
                    747.072,
                    843.048
                ],
                [
                    744,
                    894.024
                ],
                [
                    739.9680000000001,
                    909.0360000000001
                ],
                [
                    740.928,
                    936.0360000000001
                ],
                [
                    734.976,
                    952.02
                ],
                [
                    725.952,
                    964.0079999999999
                ],
                [
                    723.072,
                    974.052
                ],
                [
                    718.08,
                    978.048
                ],
                [
                    715.9680000000001,
                    986.0400000000001
                ],
                [
                    710.0160000000001,
                    991.98
                ],
                [
                    699.072,
                    995.976
                ],
                [
                    681.024,
                    999
                ],
                [
                    633.024,
                    999
                ]
            ]
        }
    ]
}