{
    "IMAGE_INFO": {
        "FILE_NAME": "1004531@0_03002_220907_P1_T3__1470.jpg",
        "DATE": "2022-10-24 18:12:56",
        "RESOLUTION": "1920 x 1080",
        "IMAGE_PHOTOGRAPHER": "이지은",
        "FOCUS_DISTANCE": "5.6",
        "EXPOSURE_TIME": "1/400",
        "SENSITIVITY_ISO": "4000",
        "PLACE": "용인시재활용센터",
        "REGION_NAME": null,
        "Direction": "0",
        "HEIGHT": "100",
        "DAY/NIGHT": "주간",
        "WEATHER": "맑음",
        "IMAGE_HEIGHT": 1080,
        "IMAGE_WIDTH": 1920,
        "IMAGE_SIZE": "539.9 KB"
    },
    "ANNOTATION_INFO": [
        {
            "ID": "1",
            "CLASS": "페트병",
            "DETAILS": "유색단일",
            "DAMAGE": "찌그러짐",
            "DIRTINESS": "이물질(외부)",
            "COVER": "겹침",
            "TRANSPARENCY": "불투명",
            "SHAPE": "물통형",
            "SHAPE_TYPE": "BOX",
            "POINTS": [
                [
                    848.6068451735016,
                    161.73269148264973,
                    414.96072075709776,
                    371.75657791798125
                ]
            ]
        }
    ]
}