{
    "IMAGE_INFO": {
        "FILE_NAME": "1004468@0_03002_220907_P1_T3__1486.jpg",
        "DATE": "2022-10-24 18:13:00",
        "RESOLUTION": "1920 x 1080",
        "IMAGE_PHOTOGRAPHER": "이지은",
        "FOCUS_DISTANCE": "5.6",
        "EXPOSURE_TIME": "1/400",
        "SENSITIVITY_ISO": "4000",
        "PLACE": "용인시재활용센터",
        "REGION_NAME": null,
        "Direction": "0",
        "HEIGHT": "100",
        "DAY/NIGHT": "주간",
        "WEATHER": "맑음",
        "IMAGE_HEIGHT": 1080,
        "IMAGE_WIDTH": 1920,
        "IMAGE_SIZE": "556.7 KB"
    },
    "ANNOTATION_INFO": [
        {
            "ID": "1",
            "CLASS": "페트병",
            "DETAILS": "유색단일",
            "DAMAGE": "원형",
            "DIRTINESS": "오염없음",
            "COVER": "겹침",
            "TRANSPARENCY": "불투명",
            "SHAPE": "일반용기형",
            "SHAPE_TYPE": "BOX",
            "POINTS": [
                [
                    524.6877418487393,
                    114.54571879012938,
                    227.80093310924372,
                    198.6566884033614
                ]
            ]
        }
    ]
}