{
    "IMAGE_INFO": {
        "FILE_NAME": "207439@1_07003_220816_P1_T1.jpg",
        "DATE": "2022-08-16 18:53:41",
        "RESOLUTION": "4032 x 3024",
        "IMAGE_PHOTOGRAPHER": "김태진",
        "FOCUS_DISTANCE": "5.7",
        "EXPOSURE_TIME": "0.00826",
        "SENSITIVITY_ISO": null,
        "PLACE": "주택가분리수거장",
        "REGION_NAME": null,
        "Direction": "1",
        "HEIGHT": null,
        "DAY/NIGHT": "주간",
        "WEATHER": "맑음",
        "IMAGE_HEIGHT": 3024,
        "IMAGE_WIDTH": 4032,
        "IMAGE_SIZE": "6.7 MB"
    },
    "ANNOTATION_INFO": [
        {
            "ID": "1",
            "CLASS": "유리병",
            "DETAILS": "투명",
            "DAMAGE": "원형",
            "DIRTINESS": "이물질(외부)",
            "COVER": "없음",
            "TRANSPARENCY": "투명",
            "SHAPE": "유리병형",
            "SHAPE_TYPE": "BOX",
            "POINTS": [
                [
                    900.0734269935481,
                    1113.7784632258065,
                    2125.9692362322585,
                    559.7011175225805
                ]
            ]
        }
    ]
}