{
    "IMAGE_INFO": {
        "FILE_NAME": "216443@1_07003_220819_P1_T1.jpg",
        "DATE": "2022-08-19 13:43:08",
        "RESOLUTION": "4032 x 3024",
        "IMAGE_PHOTOGRAPHER": "이윤경",
        "FOCUS_DISTANCE": "5.7",
        "EXPOSURE_TIME": "0.01667",
        "SENSITIVITY_ISO": null,
        "PLACE": "주택가분리수거장",
        "REGION_NAME": null,
        "Direction": "1",
        "HEIGHT": null,
        "DAY/NIGHT": "야간",
        "WEATHER": "비",
        "IMAGE_HEIGHT": 3024,
        "IMAGE_WIDTH": 4032,
        "IMAGE_SIZE": "3.4 MB"
    },
    "ANNOTATION_INFO": [
        {
            "ID": "1",
            "CLASS": "유리병",
            "DETAILS": "투명",
            "DAMAGE": "원형",
            "DIRTINESS": "이물질(외부)",
            "COVER": "없음",
            "TRANSPARENCY": "투명",
            "SHAPE": "유리병형",
            "SHAPE_TYPE": "POLYGON",
            "POINTS": [
                [
                    2652.427316178344,
                    1512.4454717961783
                ],
                [
                    2652.427316178344,
                    1394.6309454267514
                ],
                [
                    2645.6950575286623,
                    1318.8930356178341
                ],
                [
                    2638.962798878981,
                    1263.3519017579615
                ],
                [
                    2625.498281579618,
                    1214.5430265477703
                ],
                [
                    2588.4708590063697,
                    1172.4664099872607
                ],
                [
                    2551.443436433121,
                    1179.1986686369426
                ],
                [
                    2507.6837552101906,
                    1170.7833453248406
                ],
                [
                    2497.585367235669,
                    1143.8543107261144
                ],
                [
                    2475.7055266242037,
                    1138.8051167388533
                ],
                [
                    2450.459556687898,
                    1147.2204400509552
                ],
                [
                    2430.262780738853,
                    1110.193017477707
                ],
                [
                    2388.186164178344,
                    1096.728500178344
                ],
                [
                    2373.0385822165604,
                    1123.6575347770702
                ],
                [
                    2218.1966332738853,
                    1091.6793061910826
                ],
                [
                    1888.3159594394904,
                    1026.0397843566877
                ],
                [
                    1651.0038420382161,
                    983.9631677961779
                ],
                [
                    1571.8998029044583,
                    970.4986504968149
                ],
                [
                    1519.7247983694263,
                    989.0123617834391
                ],
                [
                    1477.6481818089167,
                    1026.0397843566877
                ],
                [
                    1449.0360825477703,
                    1063.0672069299358
                ],
                [
                    1425.473177273885,
                    1113.5591468025475
                ],
                [
                    1412.008659974522,
                    1162.3680220127385
                ],
                [
                    1390.128819363057,
                    1190.980121273885
                ],
                [
                    1361.5167201019103,
                    1334.040617579618
                ],
                [
                    1339.6368794904454,
                    1498.9809544968155
                ],
                [
                    1329.5384915159232,
                    1724.5116192611465
                ],
                [
                    1337.953814828025,
                    1820.4463050191084
                ],
                [
                    1353.1013967898084,
                    1867.5721155668793
                ],
                [
                    1361.5167201019103,
                    1938.2608313885353
                ],
                [
                    1380.0304313885347,
                    1990.4358359235673
                ],
                [
                    1428.8393065987257,
                    2064.490681070064
                ],
                [
                    1470.9159231592353,
                    2074.5890690445863
                ],
                [
                    1555.0691562802544,
                    2069.539875057325
                ],
                [
                    2036.425649732484,
                    2064.490681070064
                ],
                [
                    2280.47002578344,
                    2064.490681070064
                ],
                [
                    2309.082125044586,
                    2084.687457019109
                ],
                [
                    2351.1587416050957,
                    2083.004392356688
                ],
                [
                    2378.0877762038217,
                    2045.97696978344
                ],
                [
                    2381.4539055286623,
                    2032.512452484077
                ],
                [
                    2405.0168108025478,
                    2064.490681070064
                ],
                [
                    2452.142621350318,
                    2037.561646471338
                ],
                [
                    2517.7821431847137,
                    2047.6600344458602
                ],
                [
                    2564.907953732484,
                    2017.3648705222934
                ],
                [
                    2598.569246980892,
                    1931.5285727388539
                ],
                [
                    2632.2305402292995,
                    1800.249529070064
                ],
                [
                    2645.695057528663,
                    1685.801132025478
                ],
                [
                    2655.7934455031846,
                    1567.9866056560513
                ]
            ]
        }
    ]
}