{
    "IMAGE_INFO": {
        "FILE_NAME": "216457@3_07003_220819_P1_T1.jpg",
        "DATE": "2022-08-19 13:55:14",
        "RESOLUTION": "4032 x 3024",
        "IMAGE_PHOTOGRAPHER": "이윤경",
        "FOCUS_DISTANCE": "1.57",
        "EXPOSURE_TIME": "0.03333",
        "SENSITIVITY_ISO": null,
        "PLACE": "주택가분리수거장",
        "REGION_NAME": null,
        "Direction": "3",
        "HEIGHT": null,
        "DAY/NIGHT": "야간",
        "WEATHER": "비",
        "IMAGE_HEIGHT": 3024,
        "IMAGE_WIDTH": 4032,
        "IMAGE_SIZE": "3.6 MB"
    },
    "ANNOTATION_INFO": [
        {
            "ID": "1",
            "CLASS": "유리병",
            "DETAILS": "투명",
            "DAMAGE": "원형",
            "DIRTINESS": "이물질(외부)",
            "COVER": "없음",
            "TRANSPARENCY": "투명",
            "SHAPE": "유리병형",
            "SHAPE_TYPE": "POLYGON",
            "POINTS": [
                [
                    2883.961705987261,
                    1547.278253656051
                ],
                [
                    2882.2786413248405,
                    1464.8080851974523
                ],
                [
                    2857.032671388535,
                    1365.5072701146498
                ],
                [
                    2804.857666853503,
                    1251.0588730700636
                ],
                [
                    2757.731856305732,
                    1161.8564459617833
                ],
                [
                    2712.2891104203813,
                    1096.2169241273882
                ],
                [
                    2604.572972025477,
                    926.2273932229297
                ],
                [
                    2559.1302261401265,
                    860.5878713885348
                ],
                [
                    2549.0318381656048,
                    810.0959315159232
                ],
                [
                    2515.3705449171966,
                    737.7241510318468
                ],
                [
                    2437.949570445859,
                    636.7402712866239
                ],
                [
                    2357.162466649681,
                    564.3684908025475
                ],
                [
                    2264.59391021656,
                    512.1934862675156
                ],
                [
                    2173.708418445859,
                    475.16606369426717
                ],
                [
                    2054.210827414012,
                    449.92009375796135
                ],
                [
                    1943.1285596942664,
                    451.60315842038176
                ],
                [
                    1825.3140333248398,
                    468.43380504458554
                ],
                [
                    1668.7890197197444,
                    537.4394562038212
                ],
                [
                    1581.2696572738844,
                    596.3467193885347
                ],
                [
                    1518.9962647643301,
                    658.6201118980888
                ],
                [
                    1473.5535188789797,
                    714.1612457579615
                ],
                [
                    1446.6244842802537,
                    764.6531856305728
                ],
                [
                    1426.427708331209,
                    813.462060840764
                ],
                [
                    1406.2309323821646,
                    869.0031947006368
                ],
                [
                    1362.4712511592345,
                    949.790298496815
                ],
                [
                    1273.2688240509542,
                    1086.118536152866
                ],
                [
                    1217.7276901910814,
                    1185.4193512356687
                ],
                [
                    1182.3833322802536,
                    1257.7911317197452
                ],
                [
                    1138.6236510573235,
                    1363.8242054522295
                ],
                [
                    1111.6946164585972,
                    1464.8080851974526
                ],
                [
                    1099.9131638216547,
                    1555.6935769681531
                ],
                [
                    1108.3284871337567,
                    1686.972620636943
                ],
                [
                    1152.0881683566865,
                    1813.2024703184718
                ],
                [
                    1210.9954315414,
                    1924.284738038217
                ],
                [
                    1310.2962466242025,
                    2045.4653937324847
                ],
                [
                    1416.3293203566868,
                    2129.6186268535034
                ],
                [
                    1520.6793294267504,
                    2193.575084025478
                ],
                [
                    1714.2317656050946,
                    2272.679123159236
                ],
                [
                    1894.3196844840754,
                    2296.2420284331215
                ],
                [
                    2074.4076033630563,
                    2304.6573517452234
                ],
                [
                    2202.320517707006,
                    2291.19283444586
                ],
                [
                    2343.6979493503177,
                    2250.7992825477713
                ],
                [
                    2495.1737689681527,
                    2181.7936313885352
                ],
                [
                    2641.600394598726,
                    2080.809751643312
                ],
                [
                    2735.8520156942673,
                    1986.5581305477706
                ],
                [
                    2820.0052488152864,
                    1855.279086878981
                ],
                [
                    2868.814124025478,
                    1727.3661725350323
                ],
                [
                    2885.6447706496815,
                    1638.1637454267516
                ]
            ]
        }
    ]
}