{
    "IMAGE_INFO": {
        "FILE_NAME": "216441@1_07003_220819_P1_T1.jpg",
        "DATE": "2022-08-19 13:41:06",
        "RESOLUTION": "4032 x 3024",
        "IMAGE_PHOTOGRAPHER": "이윤경",
        "FOCUS_DISTANCE": "5.7",
        "EXPOSURE_TIME": "0.01667",
        "SENSITIVITY_ISO": null,
        "PLACE": "주택가분리수거장",
        "REGION_NAME": null,
        "Direction": "1",
        "HEIGHT": null,
        "DAY/NIGHT": "야간",
        "WEATHER": "비",
        "IMAGE_HEIGHT": 3024,
        "IMAGE_WIDTH": 4032,
        "IMAGE_SIZE": "3.8 MB"
    },
    "ANNOTATION_INFO": [
        {
            "ID": "1",
            "CLASS": "유리병",
            "DETAILS": "투명",
            "DAMAGE": "원형",
            "DIRTINESS": "이물질(외부)",
            "COVER": "없음",
            "TRANSPARENCY": "투명",
            "SHAPE": "유리병형",
            "SHAPE_TYPE": "POLYGON",
            "POINTS": [
                [
                    3162.259983470504,
                    1494.8472918561154
                ],
                [
                    3165.179943250878,
                    1421.0574749062448
                ],
                [
                    3155.4467439829637,
                    1343.1918807629354
                ],
                [
                    3135.980345447137,
                    1277.0061257411226
                ],
                [
                    3109.7007074237704,
                    1231.2600891819282
                ],
                [
                    3093.154268668317,
                    1216.6602902800578
                ],
                [
                    3072.7145502056983,
                    1207.9004109389355
                ],
                [
                    3028.9151535000865,
                    1213.7403304996835
                ],
                [
                    3017.23531437859,
                    1204.00713123177
                ],
                [
                    2998.7422357695546,
                    1195.2472518906477
                ],
                [
                    2966.6226781854393,
                    1192.3272921102734
                ],
                [
                    2952.0228792835687,
                    1178.7008131351943
                ],
                [
                    2885.837124261756,
                    1180.6474529887769
                ],
                [
                    2869.2906855063025,
                    1197.1938917442303
                ],
                [
                    2854.6908866044323,
                    1211.7936906461007
                ],
                [
                    2786.558491729036,
                    1209.847050792518
                ],
                [
                    2726.991312209404,
                    1192.521956095632
                ],
                [
                    2613.743592087375,
                    1151.0351675360766
                ],
                [
                    2417.5222948462356,
                    1078.1529714179394
                ],
                [
                    2377.1567708423436,
                    1065.8190613056393
                ],
                [
                    2362.580331618716,
                    1072.546648639621
                ],
                [
                    2311.0021620581883,
                    1053.485151193339
                ],
                [
                    2257.181463386333,
                    1050.121357526348
                ],
                [
                    2220.1797330494323,
                    1056.84894486033
                ],
                [
                    1887.164160017326,
                    1057.9702094159934
                ],
                [
                    1554.1485869852204,
                    1056.84894486033
                ],
                [
                    1440.9008668631914,
                    1062.4552676386484
                ],
                [
                    1415.1117820829272,
                    1055.7276803046664
                ],
                [
                    1341.1083214091261,
                    1053.4851511933389
                ],
                [
                    1255.8922151786883,
                    1071.4253840839574
                ],
                [
                    1214.4054266191329,
                    1087.1230878632484
                ],
                [
                    1186.3738127275417,
                    1126.3673473114764
                ],
                [
                    1153.8571406132958,
                    1203.7346016522686
                ],
                [
                    1140.401965945332,
                    1295.6782952166882
                ],
                [
                    1130.3105849443593,
                    1427.9875127849994
                ],
                [
                    1132.5531140556864,
                    1537.871439240038
                ],
                [
                    1148.2508178349776,
                    1653.361688473394
                ],
                [
                    1166.1910507255961,
                    1750.9117048161322
                ],
                [
                    1193.1014000615237,
                    1813.7025199332966
                ],
                [
                    1225.6180721757696,
                    1857.4318376041795
                ],
                [
                    1246.922098733379,
                    1864.1594249381612
                ],
                [
                    1274.9537126249706,
                    1876.4933350504612
                ],
                [
                    1421.8393694169094,
                    1882.0996578287795
                ],
                [
                    1715.6106830007868,
                    1876.4933350504612
                ],
                [
                    2208.9670874927956,
                    1872.0082768278066
                ],
                [
                    2281.849283610932,
                    1872.0082768278066
                ],
                [
                    2385.0056227319888,
                    1847.3404566032063
                ],
                [
                    2506.1021947436634,
                    1812.581255377633
                ],
                [
                    2698.959698317812,
                    1738.5777947038312
                ],
                [
                    2809.9648893285143,
                    1711.6674453679036
                ],
                [
                    2850.330413332406,
                    1704.9398580339216
                ],
                [
                    2866.0281171116967,
                    1728.4864137028587
                ],
                [
                    2895.180995558952,
                    1746.426646593477
                ],
                [
                    2941.152842341162,
                    1743.0628529264861
                ],
                [
                    2959.09307523178,
                    1730.728942814186
                ],
                [
                    3018.5200966819543,
                    1727.3651491471946
                ],
                [
                    3034.2178004612456,
                    1712.7887099235672
                ],
                [
                    3086.9172345774373,
                    1703.818593478258
                ],
                [
                    3116.0701130246925,
                    1673.5444504753395
                ],
                [
                    3137.3741395823017,
                    1637.6639846941023
                ],
                [
                    3156.435637028584,
                    1558.054201241983
                ]
            ]
        }
    ]
}