{
    "IMAGE_INFO": {
        "FILE_NAME": "216476@5_07003_220819_P1_T1.jpg",
        "DATE": "2022-08-19 13:41:54",
        "RESOLUTION": "4032 x 3024",
        "IMAGE_PHOTOGRAPHER": "이윤경",
        "FOCUS_DISTANCE": "5.7",
        "EXPOSURE_TIME": "0.01667",
        "SENSITIVITY_ISO": null,
        "PLACE": "주택가분리수거장",
        "REGION_NAME": null,
        "Direction": "5",
        "HEIGHT": null,
        "DAY/NIGHT": "야간",
        "WEATHER": "비",
        "IMAGE_HEIGHT": 3024,
        "IMAGE_WIDTH": 4032,
        "IMAGE_SIZE": "3.5 MB"
    },
    "ANNOTATION_INFO": [
        {
            "ID": "1",
            "CLASS": "유리병",
            "DETAILS": "투명",
            "DAMAGE": "원형",
            "DIRTINESS": "이물질(외부)",
            "COVER": "없음",
            "TRANSPARENCY": "투명",
            "SHAPE": "유리병형",
            "SHAPE_TYPE": "POLYGON",
            "POINTS": [
                [
                    3334.299449200508,
                    1415.405173629554
                ],
                [
                    3326.7593195128647,
                    1306.6118738507002
                ],
                [
                    3305.2160918338845,
                    1181.6611533126113
                ],
                [
                    3270.7469275475146,
                    1082.562305989299
                ],
                [
                    3241.663570180891,
                    1028.7042367918468
                ],
                [
                    3206.1172445105726,
                    984.5406200499359
                ],
                [
                    3163.0307891526104,
                    951.1486171475154
                ],
                [
                    3124.2529793304448,
                    933.9140350043308
                ],
                [
                    3067.1634259811453,
                    917.7566142450951
                ],
                [
                    3016.53684093554,
                    911.2936459414009
                ],
                [
                    2919.5923163801267,
                    904.8306776377065
                ],
                [
                    2898.0490887011456,
                    903.7535162537574
                ],
                [
                    2884.045990709808,
                    912.3708073253497
                ],
                [
                    2473.6475034252217,
                    908.0621617895538
                ],
                [
                    2043.860111229553,
                    908.062161789554
                ],
                [
                    1889.8260333248395,
                    910.2164845574521
                ],
                [
                    1852.125384886623,
                    909.1393231735029
                ],
                [
                    1840.2766096631835,
                    902.6763548698088
                ],
                [
                    1750.872214795413,
                    900.5220321019107
                ],
                [
                    1680.856724838725,
                    915.6022914771969
                ],
                [
                    1637.770269480763,
                    930.6825508524837
                ],
                [
                    1583.912200283311,
                    945.7628102277703
                ],
                [
                    1546.2115518450944,
                    950.0714557635665
                ],
                [
                    1405.10341054777,
                    997.4665566573243
                ],
                [
                    1320.0076612157955,
                    1027.6270754078978
                ],
                [
                    1219.8316525085345,
                    1068.5592079979615
                ],
                [
                    1144.4303556321013,
                    1094.4110812127383
                ],
                [
                    1076.5691884433113,
                    1111.645663355923
                ],
                [
                    993.627761879235,
                    1121.3401158114646
                ],
                [
                    964.5444045126108,
                    1117.0314702756682
                ],
                [
                    947.309822369426,
                    1093.3339198287895
                ],
                [
                    922.5351105385979,
                    1078.2536604535026
                ],
                [
                    892.3745917880246,
                    1073.9450149177067
                ],
                [
                    846.0566522782158,
                    1076.0993376856045
                ],
                [
                    819.1276176794896,
                    1089.0252742929931
                ],
                [
                    809.4331652239483,
                    1106.2598564361776
                ],
                [
                    798.6615513844578,
                    1120.2629544275153
                ],
                [
                    767.4238712499354,
                    1122.4172771954134
                ],
                [
                    750.1892891067507,
                    1107.337017820127
                ],
                [
                    713.5658020524833,
                    1120.2629544275153
                ],
                [
                    675.8651536142667,
                    1112.7228247398718
                ],
                [
                    643.5503120957953,
                    1126.7259227312097
                ],
                [
                    618.7756002649674,
                    1150.4234731780884
                ],
                [
                    590.7694042822922,
                    1190.278444384203
                ],
                [
                    573.5348221391074,
                    1233.3648997421649
                ],
                [
                    561.686046915668,
                    1280.7600006359228
                ],
                [
                    550.9144330761775,
                    1335.6952312173241
                ],
                [
                    544.4514647724832,
                    1426.1767874690438
                ],
                [
                    551.9915944601264,
                    1518.8126664886615
                ],
                [
                    564.9175310675151,
                    1614.6800296601266
                ],
                [
                    589.6922428983431,
                    1697.6214562242037
                ],
                [
                    622.0070844168145,
                    1749.3252026537575
                ],
                [
                    658.630571471082,
                    1778.408560020382
                ],
                [
                    684.482444685859,
                    1783.794366940127
                ],
                [
                    725.4145772759229,
                    1787.0258510919743
                ],
                [
                    754.4979346425471,
                    1807.491917387006
                ],
                [
                    815.8961335276426,
                    1806.414756003057
                ],
                [
                    842.8251681263687,
                    1818.2635312264963
                ],
                [
                    872.985686876942,
                    1829.0351450659869
                ],
                [
                    911.7634966991077,
                    1824.7264995301905
                ],
                [
                    948.386983753375,
                    1819.340692610445
                ],
                [
                    975.3160183521012,
                    1784.8715283240758
                ],
                [
                    1030.2512489335024,
                    1771.9455917166872
                ],
                [
                    1100.2667388901903,
                    1789.180173859872
                ],
                [
                    1226.2946208122285,
                    1834.4209519857318
                ],
                [
                    1454.6528342094261,
                    1917.3623785498082
                ],
                [
                    1546.211551845095,
                    1944.2914131485338
                ],
                [
                    1625.9214942573244,
                    1960.4488339077695
                ],
                [
                    1688.396854526369,
                    1988.4550298904446
                ],
                [
                    1769.1839583225474,
                    1995.995159578088
                ],
                [
                    1853.202546270573,
                    1990.609352658343
                ],
                [
                    1925.372358995159,
                    1988.455029890445
                ],
                [
                    2332.539362127898,
                    1986.3007071225463
                ],
                [
                    2862.502763030828,
                    1986.3007071225463
                ],
                [
                    2915.2836708443324,
                    1989.5321912743948
                ],
                [
                    2946.5213509788546,
                    1993.8408368101911
                ],
                [
                    2970.2189014257333,
                    1988.4550298904458
                ],
                [
                    2978.8361924973256,
                    1981.9920615867516
                ],
                [
                    3008.9967112478994,
                    1994.91799819414
                ],
                [
                    3056.391812141657,
                    1988.4550298904458
                ],
                [
                    3098.40110611567,
                    1976.6062546670062
                ],
                [
                    3139.3332387057335,
                    1964.7574794435666
                ],
                [
                    3158.722143616816,
                    1949.6772200682801
                ],
                [
                    3198.577114822932,
                    1915.2080557819104
                ],
                [
                    3238.432086029047,
                    1864.5814707363052
                ],
                [
                    3281.518541387008,
                    1777.3313986364326
                ],
                [
                    3307.3704146017876,
                    1683.6183582328663
                ],
                [
                    3327.8364808968195,
                    1587.750995061401
                ],
                [
                    3335.3766105844625,
                    1487.5749863541398
                ]
            ]
        }
    ]
}