{
    "IMAGE_INFO": {
        "FILE_NAME": "250277@1_07003_220823_P1_T1.jpg",
        "DATE": "2022-08-23 12:01:13",
        "RESOLUTION": "5664 x 3184",
        "IMAGE_PHOTOGRAPHER": "김담영",
        "FOCUS_DISTANCE": "3.93",
        "EXPOSURE_TIME": "0.00680",
        "SENSITIVITY_ISO": null,
        "PLACE": "주택가분리수거장",
        "REGION_NAME": null,
        "Direction": "1",
        "HEIGHT": null,
        "DAY/NIGHT": "주간",
        "WEATHER": "맑음",
        "IMAGE_HEIGHT": 3184,
        "IMAGE_WIDTH": 5664,
        "IMAGE_SIZE": "6.5 MB"
    },
    "ANNOTATION_INFO": [
        {
            "ID": "1",
            "CLASS": "유리병",
            "DETAILS": "투명",
            "DAMAGE": "원형",
            "DIRTINESS": "이물질(외부)",
            "COVER": "없음",
            "TRANSPARENCY": "투명",
            "SHAPE": "유리병형",
            "SHAPE_TYPE": "BOX",
            "POINTS": [
                [
                    1931.2565057413246,
                    1459.4461627760252,
                    1680.1186564037855,
                    472.58997097791826
                ]
            ]
        }
    ]
}