{
    "IMAGE_INFO": {
        "FILE_NAME": "250278@3_07003_220823_P1_T1.jpg",
        "DATE": "2022-08-23 12:01:43",
        "RESOLUTION": "5664 x 3184",
        "IMAGE_PHOTOGRAPHER": "김담영",
        "FOCUS_DISTANCE": "3.93",
        "EXPOSURE_TIME": "0.00694",
        "SENSITIVITY_ISO": null,
        "PLACE": "주택가분리수거장",
        "REGION_NAME": null,
        "Direction": "3",
        "HEIGHT": null,
        "DAY/NIGHT": "주간",
        "WEATHER": "맑음",
        "IMAGE_HEIGHT": 3184,
        "IMAGE_WIDTH": 5664,
        "IMAGE_SIZE": "4.9 MB"
    },
    "ANNOTATION_INFO": [
        {
            "ID": "1",
            "CLASS": "유리병",
            "DETAILS": "투명",
            "DAMAGE": "원형",
            "DIRTINESS": "이물질(외부)",
            "COVER": "없음",
            "TRANSPARENCY": "투명",
            "SHAPE": "유리병형",
            "SHAPE_TYPE": "BOX",
            "POINTS": [
                [
                    2212.4079242902208,
                    420.3331987381702,
                    1107.18829022082,
                    2255.5576529968457
                ]
            ]
        }
    ]
}