{
    "IMAGE_INFO": {
        "FILE_NAME": "250265@4_07003_220823_P1_T1.jpg",
        "DATE": "2022-08-23 12:04:18",
        "RESOLUTION": "5664 x 3184",
        "IMAGE_PHOTOGRAPHER": "김담영",
        "FOCUS_DISTANCE": "3.93",
        "EXPOSURE_TIME": "0.00833",
        "SENSITIVITY_ISO": null,
        "PLACE": "주택가분리수거장",
        "REGION_NAME": null,
        "Direction": "4",
        "HEIGHT": null,
        "DAY/NIGHT": "주간",
        "WEATHER": "맑음",
        "IMAGE_HEIGHT": 3184,
        "IMAGE_WIDTH": 5664,
        "IMAGE_SIZE": "4.2 MB"
    },
    "ANNOTATION_INFO": [
        {
            "ID": "1",
            "CLASS": "유리병",
            "DETAILS": "투명",
            "DAMAGE": "원형",
            "DIRTINESS": "이물질(외부)",
            "COVER": "없음",
            "TRANSPARENCY": "투명",
            "SHAPE": "유리병형",
            "SHAPE_TYPE": "POLYGON",
            "POINTS": [
                [
                    1146.4200195504134,
                    1330.9500690992938
                ],
                [
                    1117.1592913073785,
                    1413.2745721656986
                ],
                [
                    1102.0071505604906,
                    1519.3395573939147
                ],
                [
                    1093.3487844194117,
                    1644.8858664395577
                ],
                [
                    1089.0196013488721,
                    1794.2426823731678
                ],
                [
                    1097.677967489951,
                    1971.739188265284
                ],
                [
                    1123.6530659131877,
                    2125.425187269433
                ],
                [
                    1140.9697981953452,
                    2179.539975651176
                ],
                [
                    1182.09703736547,
                    2227.1609894271096
                ],
                [
                    1229.7180511414033,
                    2235.8193555681887
                ],
                [
                    1379.0748670750133,
                    2235.8193555681887
                ],
                [
                    1394.2270078219015,
                    2214.1734402154916
                ],
                [
                    1404.772897781735,
                    2165.617322896321
                ],
                [
                    1425.8300442368388,
                    2156.751155967856
                ],
                [
                    1438.0210237634778,
                    2148.993259905449
                ],
                [
                    1464.6195245488723,
                    2126.8278425842877
                ],
                [
                    1656.3503843769217,
                    2125.7195717182294
                ],
                [
                    1694.0315938228973,
                    2125.7195717182294
                ],
                [
                    1861.3804945976688,
                    2171.158677226612
                ],
                [
                    1982.182018998001,
                    2203.2985323422963
                ],
                [
                    2091.9008347377517,
                    2229.8970331276905
                ],
                [
                    2286.9565071639763,
                    2255.3872630470282
                ],
                [
                    2415.515927626715,
                    2258.7120756452023
                ],
                [
                    2525.234743366466,
                    2258.7120756452023
                ],
                [
                    2785.7847908932586,
                    2253.5519664928356
                ],
                [
                    3584.3781784739344,
                    2232.4859538708038
                ],
                [
                    3666.7271369055147,
                    2217.165217418417
                ],
                [
                    3708.859162149579,
                    2207.5897571356745
                ],
                [
                    3768.2270159025784,
                    2190.3539286267396
                ],
                [
                    3857.7347164652215,
                    2131.9956188551605
                ],
                [
                    3915.6891042568045,
                    2039.061656159417
                ],
                [
                    3953.9909453877726,
                    1916.4957645403208
                ],
                [
                    3969.3116818401595,
                    1822.65625376945
                ],
                [
                    3973.1418659532565,
                    1719.241282715837
                ],
                [
                    3955.906037444321,
                    1585.1848387574507
                ],
                [
                    3925.264564539547,
                    1453.0434868556122
                ],
                [
                    3888.8778154651272,
                    1374.5247125371286
                ],
                [
                    3834.1061826478435,
                    1312.6289372694853
                ],
                [
                    3788.7568027487773,
                    1272.1821930351834
                ],
                [
                    3734.8278104363753,
                    1253.7973092923191
                ],
                [
                    3682.124477040164,
                    1239.0894022980276
                ],
                [
                    3655.1599808839624,
                    1232.9611077170725
                ],
                [
                    2932.0212203312935,
                    1228.0584720523088
                ],
                [
                    2498.6752984661834,
                    1219.032952672595
                ],
                [
                    2279.2139062898495,
                    1233.4238636349774
                ],
                [
                    2024.3508731460554,
                    1270.696323027548
                ],
                [
                    1901.1646753080609,
                    1304.0832364602754
                ],
                [
                    1797.5501163789068,
                    1338.6214227699934
                ],
                [
                    1716.9610149895652,
                    1362.7981531867958
                ],
                [
                    1661.6999168940165,
                    1368.5545175717489
                ],
                [
                    1588.0184527666177,
                    1372.0083362027208
                ],
                [
                    1533.9086275480595,
                    1373.1596090797111
                ],
                [
                    1487.8577124684355,
                    1373.1596090797111
                ],
                [
                    1461.3784362976517,
                    1370.85706332573
                ],
                [
                    1446.411888896774,
                    1359.3443345558242
                ],
                [
                    1425.688977110943,
                    1344.3777871549462
                ],
                [
                    1406.117338202103,
                    1339.772695646984
                ],
                [
                    1402.2030104203345,
                    1307.076545940451
                ],
                [
                    1398.5189372139646,
                    1293.2612714165639
                ],
                [
                    1390.3795232700138,
                    1286.308545509442
                ],
                [
                    1280.628594610127,
                    1280.3670151942692
                ],
                [
                    1245.6298991496126,
                    1274.8409053847142
                ],
                [
                    1205.1575169228163,
                    1281.249109784184
                ],
                [
                    1183.000654641324,
                    1294.1822897181564
                ],
                [
                    1167.3433435142517,
                    1302.4714544324888
                ]
            ]
        }
    ]
}