{
    "IMAGE_INFO": {
        "FILE_NAME": "250243@5_07003_220823_P1_T1.jpg",
        "DATE": "2022-08-23 12:05:40",
        "RESOLUTION": "5664 x 3184",
        "IMAGE_PHOTOGRAPHER": "김담영",
        "FOCUS_DISTANCE": "3.93",
        "EXPOSURE_TIME": "0.01667",
        "SENSITIVITY_ISO": null,
        "PLACE": "주택가분리수거장",
        "REGION_NAME": null,
        "Direction": "5",
        "HEIGHT": null,
        "DAY/NIGHT": "주간",
        "WEATHER": "맑음",
        "IMAGE_HEIGHT": 3184,
        "IMAGE_WIDTH": 5664,
        "IMAGE_SIZE": "3.8 MB"
    },
    "ANNOTATION_INFO": [
        {
            "ID": "1",
            "CLASS": "유리병",
            "DETAILS": "투명",
            "DAMAGE": "원형",
            "DIRTINESS": "이물질(외부)",
            "COVER": "없음",
            "TRANSPARENCY": "투명",
            "SHAPE": "유리병형",
            "SHAPE_TYPE": "POLYGON",
            "POINTS": [
                [
                    2109.6689012658844,
                    604.9581731615502
                ],
                [
                    2058.9362871580006,
                    1014.2012602984797
                ],
                [
                    2035.3422394235606,
                    1226.4394603316748
                ],
                [
                    2040.537259108208,
                    1299.1697359167372
                ],
                [
                    2054.3906449339343,
                    1394.4117634686045
                ],
                [
                    2092.487455954681,
                    1498.3121571615504
                ],
                [
                    2125.389247290781,
                    1572.7741059748287
                ],
                [
                    2192.9245031911955,
                    1680.1378461242061
                ],
                [
                    2237.948007124806,
                    1759.7948146221315
                ],
                [
                    2281.239837830199,
                    1844.6468028047045
                ],
                [
                    2321.068322079162,
                    2000.4973933441238
                ],
                [
                    2334.921707904889,
                    2436.879046854497
                ],
                [
                    2302.0199165687895,
                    2487.0975704727543
                ],
                [
                    2300.288243340574,
                    2519.9993618088542
                ],
                [
                    2298.556570112358,
                    2552.9011531449537
                ],
                [
                    2300.288243340574,
                    2585.802944481053
                ],
                [
                    2310.6782827098687,
                    2625.631428730016
                ],
                [
                    2321.068322079163,
                    2655.069873609684
                ],
                [
                    2329.726688220242,
                    2670.654932663626
                ],
                [
                    2321.76099137045,
                    2721.912460218813
                ],
                [
                    2331.458361448458,
                    2787.023373599726
                ],
                [
                    2359.1651330999102,
                    2831.354208242049
                ],
                [
                    2418.734692150533,
                    2881.2263972146634
                ],
                [
                    2458.909511045139,
                    2897.850460205535
                ],
                [
                    2514.3230543480436,
                    2913.0891846138334
                ],
                [
                    2561.424566155512,
                    2918.630538944124
                ],
                [
                    2619.608786623562,
                    2918.630538944124
                ],
                [
                    2691.6463929173383,
                    2902.006475953253
                ],
                [
                    2756.757306298251,
                    2872.914365719228
                ],
                [
                    2817.712203931446,
                    2818.8861609988962
                ],
                [
                    2845.4189755828984,
                    2755.1605862005554
                ],
                [
                    2852.345668495762,
                    2717.756444471095
                ],
                [
                    2852.345668495762,
                    2688.6643342370703
                ],
                [
                    2850.9603299131886,
                    2663.728239750763
                ],
                [
                    2835.7216055048902,
                    2636.021468099311
                ],
                [
                    2862.043038573769,
                    2594.461310622133
                ],
                [
                    2870.355070069205,
                    2541.818444484374
                ],
                [
                    2864.8137157389147,
                    2486.404901181469
                ],
                [
                    2850.9603299131886,
                    2451.7714366171535
                ],
                [
                    2830.180251174599,
                    2421.2939878005564
                ],
                [
                    2810.7855110185824,
                    2408.8259405574026
                ],
                [
                    2802.4734795231475,
                    2188.557105928357
                ],
                [
                    2801.088140940575,
                    2054.179263418813
                ],
                [
                    2803.8588181057203,
                    1923.9574366569875
                ],
                [
                    2852.3456684957623,
                    1756.3314681657014
                ],
                [
                    2900.8325188858043,
                    1631.6509957341661
                ],
                [
                    2949.319369275846,
                    1536.0626335366555
                ],
                [
                    2992.264865335596,
                    1432.1622398437091
                ],
                [
                    3010.2742669090394,
                    1336.5738776461985
                ],
                [
                    3017.200959821903,
                    1253.4535626918419
                ],
                [
                    3010.2742669090394,
                    1155.0945233291861
                ],
                [
                    2990.879526753023,
                    1069.203531209684
                ],
                [
                    2936.85132203269,
                    862.7880824063645
                ],
                [
                    2873.880153631981,
                    549.6729211955906
                ],
                [
                    2851.2888084887486,
                    498.84239462331885
                ],
                [
                    2799.328714659315,
                    437.8457627365928
                ],
                [
                    2733.813813743944,
                    377.9786981070284
                ],
                [
                    2672.817181857218,
                    339.5734113635342
                ],
                [
                    2617.4683862562997,
                    316.9820662203024
                ],
                [
                    2563.2491579125435,
                    302.29769187720166
                ],
                [
                    2499.9933915114943,
                    296.6498555913937
                ],
                [
                    2438.996759624768,
                    295.5202883342321
                ],
                [
                    2382.5183967666885,
                    306.815960905848
                ],
                [
                    2295.5417179652463,
                    342.962113135019
                ],
                [
                    2257.136431221751,
                    373.460429078382
                ],
                [
                    2217.601577221096,
                    408.4770140503914
                ],
                [
                    2193.8806648207023,
                    435.58662822226967
                ],
                [
                    2170.159752420309,
                    471.73278045144065
                ],
                [
                    2149.8275417913997,
                    507.8789326806115
                ],
                [
                    2128.3657639053295,
                    547.4137866812673
                ],
                [
                    2114.8109568193904,
                    576.7825353674687
                ]
            ]
        }
    ]
}