{
    "IMAGE_INFO": {
        "FILE_NAME": "251319@1_07003_220823_P1_T1.jpg",
        "DATE": "2022-08-23 13:05:19",
        "RESOLUTION": "4000 x 2250",
        "IMAGE_PHOTOGRAPHER": "김복선",
        "FOCUS_DISTANCE": "4.6",
        "EXPOSURE_TIME": "0.02000",
        "SENSITIVITY_ISO": null,
        "PLACE": "주택가분리수거장",
        "REGION_NAME": null,
        "Direction": "1",
        "HEIGHT": null,
        "DAY/NIGHT": "주간",
        "WEATHER": "맑음",
        "IMAGE_HEIGHT": 2250,
        "IMAGE_WIDTH": 4000,
        "IMAGE_SIZE": "5.6 MB"
    },
    "ANNOTATION_INFO": [
        {
            "ID": "1",
            "CLASS": "유리병",
            "DETAILS": "투명",
            "DAMAGE": "원형",
            "DIRTINESS": "이물질(전체)",
            "COVER": "없음",
            "TRANSPARENCY": "투명",
            "SHAPE": "유리병형",
            "SHAPE_TYPE": "BOX",
            "POINTS": [
                [
                    1317.4101098901097,
                    998.2456823368277,
                    1443.096263736264,
                    360.16061538461577
                ]
            ]
        }
    ]
}