{
    "IMAGE_INFO": {
        "FILE_NAME": "251318@2_07003_220823_P1_T1.jpg",
        "DATE": "2022-08-23 13:05:55",
        "RESOLUTION": "4000 x 2250",
        "IMAGE_PHOTOGRAPHER": "김복선",
        "FOCUS_DISTANCE": "4.6",
        "EXPOSURE_TIME": "0.02000",
        "SENSITIVITY_ISO": null,
        "PLACE": "주택가분리수거장",
        "REGION_NAME": null,
        "Direction": "2",
        "HEIGHT": null,
        "DAY/NIGHT": "주간",
        "WEATHER": "맑음",
        "IMAGE_HEIGHT": 2250,
        "IMAGE_WIDTH": 4000,
        "IMAGE_SIZE": "3.7 MB"
    },
    "ANNOTATION_INFO": [
        {
            "ID": "1",
            "CLASS": "유리병",
            "DETAILS": "투명",
            "DAMAGE": "원형",
            "DIRTINESS": "이물질(외부)",
            "COVER": "없음",
            "TRANSPARENCY": "투명",
            "SHAPE": "유리병형",
            "SHAPE_TYPE": "POLYGON",
            "POINTS": [
                [
                    693.329348989766,
                    737.4911634407886
                ],
                [
                    657.1087972427305,
                    804.1244351905412
                ],
                [
                    630.34033251244,
                    884.4298293814126
                ],
                [
                    615.0440669522741,
                    974.2953895473878
                ],
                [
                    605.4839009771703,
                    1077.545182078508
                ],
                [
                    603.5718677821495,
                    1190.355140584732
                ],
                [
                    622.692199732357,
                    1356.702028551537
                ],
                [
                    647.5486312676267,
                    1452.6860949415789
                ],
                [
                    675.0819092759255,
                    1521.519289962326
                ],
                [
                    710.263320064307,
                    1575.0562194229067
                ],
                [
                    759.2113698568384,
                    1617.8857629913714
                ],
                [
                    791.1071907746942,
                    1631.8214809412225
                ],
                [
                    861.6963491099505,
                    1634.711655107554
                ],
                [
                    884.6407474501992,
                    1634.711655107554
                ],
                [
                    1592.8578428858846,
                    1601.0598708751888
                ],
                [
                    2438.680143300823,
                    1568.0199372652307
                ],
                [
                    2588.0206432178356,
                    1555.6850287175123
                ],
                [
                    2653.219445541487,
                    1536.30160099967
                ],
                [
                    2697.2726903547655,
                    1513.3939136967656
                ],
                [
                    2725.4667670352633,
                    1494.0104859789233
                ],
                [
                    2767.75788205601,
                    1458.7678901283007
                ],
                [
                    2806.5247374916944,
                    1404.1418665598358
                ],
                [
                    2843.529463134848,
                    1324.8460258959356
                ],
                [
                    2866.4371504377523,
                    1289.603430045313
                ],
                [
                    2885.8205781555953,
                    1277.2685214975952
                ],
                [
                    3210.052459981321,
                    1249.0744448170974
                ],
                [
                    3236.4844068692883,
                    1252.59870440216
                ],
                [
                    3245.2950558319435,
                    1257.8850937797529
                ],
                [
                    3269.964872927379,
                    1270.220002327471
                ],
                [
                    3303.4453389854707,
                    1270.220002327471
                ],
                [
                    3339.175692362666,
                    1264.998459326243
                ],
                [
                    3349.280449444956,
                    1262.1113858741599
                ],
                [
                    3364.437585068392,
                    1260.6678491481182
                ],
                [
                    3374.542342150682,
                    1260.6678491481182
                ],
                [
                    3377.4294156027654,
                    1257.780775696035
                ],
                [
                    3397.55601643587,
                    1262.163410616674
                ],
                [
                    3413.4764591038406,
                    1262.163410616674
                ],
                [
                    3429.396901771811,
                    1256.8565963940168
                ],
                [
                    3446.7191784527568,
                    1244.067176798641
                ],
                [
                    3464.041619165255,
                    1244.788945161662
                ],
                [
                    3492.190585323064,
                    1236.127724805413
                ],
                [
                    3510.956562761604,
                    1215.9182106408318
                ],
                [
                    3528.2790034741015,
                    1190.6563179351058
                ],
                [
                    3543.4361390975373,
                    1159.6202783252136
                ],
                [
                    3550.9074602143155,
                    1096.185888458718
                ],
                [
                    3547.4591581604177,
                    1038.714187560421
                ],
                [
                    3539.413120034656,
                    993.8862608597491
                ],
                [
                    3512.976137621439,
                    944.4605980872134
                ],
                [
                    3485.3897211902563,
                    919.1730496919628
                ],
                [
                    3453.2055686872104,
                    904.2304074584056
                ],
                [
                    3421.021416184164,
                    896.1843693326438
                ],
                [
                    3393.3509251559153,
                    900.8997864518244
                ],
                [
                    3362.400281267901,
                    896.1843693326438
                ],
                [
                    3264.9051761174196,
                    898.2327875517032
                ],
                [
                    3261.2500876868976,
                    913.4258796021329
                ],
                [
                    3218.721029022158,
                    921.4719177278947
                ],
                [
                    2946.3051667642294,
                    916.8741816560308
                ],
                [
                    2886.53459783,
                    909.9775775482352
                ],
                [
                    2853.201011308988,
                    897.3338033506099
                ],
                [
                    2835.9595010394987,
                    881.2417270990867
                ],
                [
                    2793.430442374759,
                    803.0802138774023
                ],
                [
                    2747.453081656121,
                    742.1602109252076
                ],
                [
                    2683.084776650028,
                    696.1828502065696
                ],
                [
                    2622.164773697833,
                    659.4009616316595
                ],
                [
                    2548.600996548013,
                    646.7571874340342
                ],
                [
                    2465.841747254465,
                    644.4583193981023
                ],
                [
                    2388.8296680507465,
                    642.1594513621702
                ],
                [
                    1693.4220871813513,
                    660.5503956496254
                ],
                [
                    1154.3375327553238,
                    666.2975657394551
                ],
                [
                    903.7609168387481,
                    670.8953018113189
                ],
                [
                    793.4152511140176,
                    675.4930378831825
                ],
                [
                    763.5299666469031,
                    684.6885100269102
                ],
                [
                    742.4411035638236,
                    695.1534439803942
                ],
                [
                    722.1189982228343,
                    708.7015142077204
                ]
            ]
        }
    ]
}