{
    "IMAGE_INFO": {
        "FILE_NAME": "251348@1_07003_220823_P1_T1.jpg",
        "DATE": "2022-08-23 13:05:54",
        "RESOLUTION": "4000 x 2250",
        "IMAGE_PHOTOGRAPHER": "김복선",
        "FOCUS_DISTANCE": "4.6",
        "EXPOSURE_TIME": "0.02000",
        "SENSITIVITY_ISO": null,
        "PLACE": "주택가분리수거장",
        "REGION_NAME": null,
        "Direction": "1",
        "HEIGHT": null,
        "DAY/NIGHT": "주간",
        "WEATHER": "맑음",
        "IMAGE_HEIGHT": 2250,
        "IMAGE_WIDTH": 4000,
        "IMAGE_SIZE": "5.3 MB"
    },
    "ANNOTATION_INFO": [
        {
            "ID": "1",
            "CLASS": "유리병",
            "DETAILS": "투명",
            "DAMAGE": "원형",
            "DIRTINESS": "이물질(외부)",
            "COVER": "없음",
            "TRANSPARENCY": "투명",
            "SHAPE": "유리병형",
            "SHAPE_TYPE": "POLYGON",
            "POINTS": [
                [
                    1342.5326016307479,
                    995.0108570463942
                ],
                [
                    1330.2774279481246,
                    1073.1549746096284
                ],
                [
                    1327.2181748360913,
                    1154.2251820785084
                ],
                [
                    1328.7478013921082,
                    1261.29904099967
                ],
                [
                    1337.9255607282078,
                    1350.0173812486328
                ],
                [
                    1348.632946620324,
                    1408.1431903772634
                ],
                [
                    1362.3995856244733,
                    1454.0319870577614
                ],
                [
                    1383.8143574087055,
                    1476.9763853980103
                ],
                [
                    1402.1698760809047,
                    1487.6837712901265
                ],
                [
                    1451.117925873436,
                    1492.2726509581764
                ],
                [
                    1787.6357681970876,
                    1464.7393729498776
                ],
                [
                    2223.5793366618186,
                    1444.8542277216618
                ],
                [
                    2348.3356785705314,
                    1437.5120202527821
                ],
                [
                    2407.073338321569,
                    1429.680332285977
                ],
                [
                    2456.0213881141003,
                    1413.0379953565166
                ],
                [
                    2480.4954130103656,
                    1403.2483853980102
                ],
                [
                    2514.7590478651373,
                    1369.9637115390892
                ],
                [
                    2532.3803457904487,
                    1330.8052717050641
                ],
                [
                    2556.854370686714,
                    1288.7099488834874
                ],
                [
                    2564.6860586535195,
                    1277.9413779291306
                ],
                [
                    2582.3073565788304,
                    1266.193845978923
                ],
                [
                    2795.720853674266,
                    1247.5935870577612
                ],
                [
                    2810.405268612026,
                    1259.3411190079685
                ],
                [
                    2837.816176495843,
                    1265.2148849830724
                ],
                [
                    2864.24812338381,
                    1261.2990409996698
                ],
                [
                    2877.9535773257185,
                    1253.4673530328648
                ],
                [
                    2886.764226288374,
                    1253.4673530328648
                ],
                [
                    2903.4065632178344,
                    1249.5515090494625
                ],
                [
                    2911.23825118464,
                    1242.698782078508
                ],
                [
                    2922.006822138996,
                    1244.6567040702091
                ],
                [
                    2936.887029275926,
                    1238.5871458959355
                ],
                [
                    2947.5381249107804,
                    1217.2849546262257
                ],
                [
                    2955.6830803962575,
                    1193.4766232071386
                ],
                [
                    2958.1892205456356,
                    1157.7641260785078
                ],
                [
                    2955.302147093553,
                    1111.124857898591
                ],
                [
                    2945.1973900112625,
                    1078.6452815626574
                ],
                [
                    2932.2055594768894,
                    1056.992230672035
                ],
                [
                    2919.9354973055365,
                    1050.4963154048482
                ],
                [
                    2906.221898408142,
                    1044.7221685006823
                ],
                [
                    2897.560678051894,
                    1040.3915583225578
                ],
                [
                    2882.403542428458,
                    1039.669789959537
                ],
                [
                    2875.907627161271,
                    1039.669789959537
                ],
                [
                    2864.359333352939,
                    1040.3915583225578
                ],
                [
                    2856.4198813597104,
                    1042.55686341162
                ],
                [
                    2851.3675028185653,
                    1044.7221685006823
                ],
                [
                    2836.9321355581505,
                    1041.835095048599
                ],
                [
                    2832.601525380026,
                    1041.835095048599
                ],
                [
                    2817.4443897565907,
                    1041.835095048599
                ],
                [
                    2807.3396326743,
                    1044.0004001376615
                ],
                [
                    2791.460728687843,
                    1046.1657052267237
                ],
                [
                    2784.243045057636,
                    1052.6616204939105
                ],
                [
                    2779.9124348795112,
                    1056.2704623090142
                ],
                [
                    2598.026807398283,
                    1056.2704623090142
                ],
                [
                    2572.0431463295354,
                    1051.9398521308894
                ],
                [
                    2553.998937254017,
                    1046.887473589744
                ],
                [
                    2539.563569993602,
                    1035.3391797814122
                ],
                [
                    2514.3016772878755,
                    1000.6942983564163
                ],
                [
                    2491.2050896712117,
                    971.1017954725656
                ],
                [
                    2472.4391122326724,
                    947.283439492881
                ],
                [
                    2444.290146074863,
                    928.5174620543415
                ],
                [
                    2413.2541064649704,
                    914.8038631569472
                ],
                [
                    2382.939835218099,
                    910.4732529788228
                ],
                [
                    2342.520806888937,
                    907.5861795267397
                ],
                [
                    2286.9446429363393,
                    908.3079478897604
                ],
                [
                    1992.4631508238747,
                    922.7433151501754
                ],
                [
                    1694.598008625568,
                    935.3344198893997
                ],
                [
                    1413.6252486783374,
                    944.9130367057826
                ],
                [
                    1398.4591053857316,
                    947.7866217506977
                ],
                [
                    1386.3261907516467,
                    950.9794940228253
                ],
                [
                    1370.3618293910088,
                    960.5581108392083
                ],
                [
                    1360.1446381202,
                    968.2210042923147
                ],
                [
                    1351.4794809916423,
                    979.8016638131469
                ]
            ]
        }
    ]
}