{
    "IMAGE_INFO": {
        "FILE_NAME": "252679@4_07003_220823_P1_T1.jpg",
        "DATE": "2022-08-23 11:38:17",
        "RESOLUTION": "4032 x 2268",
        "IMAGE_PHOTOGRAPHER": "박희영",
        "FOCUS_DISTANCE": "4.32",
        "EXPOSURE_TIME": "0.00185",
        "SENSITIVITY_ISO": null,
        "PLACE": "주택가분리수거장",
        "REGION_NAME": null,
        "Direction": "4",
        "HEIGHT": null,
        "DAY/NIGHT": "주간",
        "WEATHER": "맑음",
        "IMAGE_HEIGHT": 2268,
        "IMAGE_WIDTH": 4032,
        "IMAGE_SIZE": "4.2 MB"
    },
    "ANNOTATION_INFO": [
        {
            "ID": "1",
            "CLASS": "유리병",
            "DETAILS": "투명",
            "DAMAGE": "원형",
            "DIRTINESS": "이물질(외부)",
            "COVER": "없음",
            "TRANSPARENCY": "투명",
            "SHAPE": "유리병형",
            "SHAPE_TYPE": "BOX",
            "POINTS": [
                [
                    1637.463829787234,
                    314.06170212765954,
                    823.5574468085103,
                    1563.4723404255317
                ]
            ]
        }
    ]
}