{
    "IMAGE_INFO": {
        "FILE_NAME": "252656@1_07003_220823_P1_T1.jpg",
        "DATE": "2022-08-23 11:15:19",
        "RESOLUTION": "4032 x 2268",
        "IMAGE_PHOTOGRAPHER": "박희영",
        "FOCUS_DISTANCE": "4.32",
        "EXPOSURE_TIME": "0.00196",
        "SENSITIVITY_ISO": null,
        "PLACE": "주택가분리수거장",
        "REGION_NAME": null,
        "Direction": "1",
        "HEIGHT": null,
        "DAY/NIGHT": "주간",
        "WEATHER": "맑음",
        "IMAGE_HEIGHT": 2268,
        "IMAGE_WIDTH": 4032,
        "IMAGE_SIZE": "3.6 MB"
    },
    "ANNOTATION_INFO": [
        {
            "ID": "1",
            "CLASS": "유리병",
            "DETAILS": "투명",
            "DAMAGE": "원형",
            "DIRTINESS": "이물질(외부)",
            "COVER": "없음",
            "TRANSPARENCY": "투명",
            "SHAPE": "유리병형",
            "SHAPE_TYPE": "BOX",
            "POINTS": [
                [
                    1473.4070685957445,
                    960.4626771063829,
                    1074.182449021277,
                    455.39432578723427
                ]
            ]
        }
    ]
}