{
    "IMAGE_INFO": {
        "FILE_NAME": "256875@4_07003_220823_P1_T1.jpg",
        "DATE": "2022-08-23 11:36:22",
        "RESOLUTION": "4032 x 3024",
        "IMAGE_PHOTOGRAPHER": "이윤경",
        "FOCUS_DISTANCE": "1.57",
        "EXPOSURE_TIME": "0.00132",
        "SENSITIVITY_ISO": null,
        "PLACE": "주택가분리수거장",
        "REGION_NAME": null,
        "Direction": "4",
        "HEIGHT": null,
        "DAY/NIGHT": "주간",
        "WEATHER": "흐림",
        "IMAGE_HEIGHT": 2268,
        "IMAGE_WIDTH": 4032,
        "IMAGE_SIZE": "4.5 MB"
    },
    "ANNOTATION_INFO": [
        {
            "ID": "1",
            "CLASS": "유리병",
            "DETAILS": "투명",
            "DAMAGE": "원형",
            "DIRTINESS": "이물질(외부)",
            "COVER": "없음",
            "TRANSPARENCY": "투명",
            "SHAPE": "유리병형",
            "SHAPE_TYPE": "BOX",
            "POINTS": [
                [
                    1304.7220253164553,
                    404.1489727396904,
                    1276.9701265822785,
                    1427.0217721518989
                ]
            ]
        }
    ]
}