{
    "IMAGE_INFO": {
        "FILE_NAME": "258916@3_07003_220824_P1_T1.jpg",
        "DATE": "2022-08-24 11:05:19",
        "RESOLUTION": "4032 x 2268",
        "IMAGE_PHOTOGRAPHER": "이윤경",
        "FOCUS_DISTANCE": "5.4",
        "EXPOSURE_TIME": "0.00248",
        "SENSITIVITY_ISO": null,
        "PLACE": "주택가분리수거장",
        "REGION_NAME": null,
        "Direction": "3",
        "HEIGHT": null,
        "DAY/NIGHT": "주간",
        "WEATHER": "맑음",
        "IMAGE_HEIGHT": 2268,
        "IMAGE_WIDTH": 4032,
        "IMAGE_SIZE": "3.4 MB"
    },
    "ANNOTATION_INFO": [
        {
            "ID": "1",
            "CLASS": "유리병",
            "DETAILS": "투명",
            "DAMAGE": "원형",
            "DIRTINESS": "이물질(외부)",
            "COVER": "없음",
            "TRANSPARENCY": "투명",
            "SHAPE": "유리병형",
            "SHAPE_TYPE": "BOX",
            "POINTS": [
                [
                    1615.8461538461538,
                    219.98074810321515,
                    944.9169230769235,
                    1872.2215384615386
                ]
            ]
        }
    ]
}