{
    "IMAGE_INFO": {
        "FILE_NAME": "261394@5_07003_220823_P1_T1.jpg",
        "DATE": "2022-08-23 08:27:56",
        "RESOLUTION": "4624 x 2600",
        "IMAGE_PHOTOGRAPHER": "조은희",
        "FOCUS_DISTANCE": "4.7",
        "EXPOSURE_TIME": "0.01600",
        "SENSITIVITY_ISO": null,
        "PLACE": "주택가분리수거장",
        "REGION_NAME": null,
        "Direction": "5",
        "HEIGHT": null,
        "DAY/NIGHT": "주간",
        "WEATHER": "맑음",
        "IMAGE_HEIGHT": 2600,
        "IMAGE_WIDTH": 4624,
        "IMAGE_SIZE": "6.3 MB"
    },
    "ANNOTATION_INFO": [
        {
            "ID": "1",
            "CLASS": "유리병",
            "DETAILS": "투명",
            "DAMAGE": "원형",
            "DIRTINESS": "이물질(외부)",
            "COVER": "없음",
            "TRANSPARENCY": "투명",
            "SHAPE": "유리병형",
            "SHAPE_TYPE": "BOX",
            "POINTS": [
                [
                    987.3417721518987,
                    893.1328946528051,
                    2802.95358649789,
                    954.4303797468356
                ]
            ]
        }
    ]
}