{
    "IMAGE_INFO": {
        "FILE_NAME": "261400@1_07003_220823_P1_T1.jpg",
        "DATE": "2022-08-23 08:39:33",
        "RESOLUTION": "4624 x 2600",
        "IMAGE_PHOTOGRAPHER": "조은희",
        "FOCUS_DISTANCE": "4.7",
        "EXPOSURE_TIME": "0.00800",
        "SENSITIVITY_ISO": null,
        "PLACE": "주택가분리수거장",
        "REGION_NAME": null,
        "Direction": "1",
        "HEIGHT": null,
        "DAY/NIGHT": "주간",
        "WEATHER": "맑음",
        "IMAGE_HEIGHT": 2600,
        "IMAGE_WIDTH": 4624,
        "IMAGE_SIZE": "7.0 MB"
    },
    "ANNOTATION_INFO": [
        {
            "ID": "1",
            "CLASS": "유리병",
            "DETAILS": "투명",
            "DAMAGE": "원형",
            "DIRTINESS": "이물질(외부)",
            "COVER": "없음",
            "TRANSPARENCY": "투명",
            "SHAPE": "유리병형",
            "SHAPE_TYPE": "BOX",
            "POINTS": [
                [
                    1608.2577552742614,
                    1003.6186330494294,
                    1628.2924556962025,
                    621.4197468354431
                ]
            ]
        }
    ]
}