{
    "IMAGE_INFO": {
        "FILE_NAME": "262346@4_07003_220823_P1_T1.jpg",
        "DATE": "2022-08-23 13:11:10",
        "RESOLUTION": "4000 x 2250",
        "IMAGE_PHOTOGRAPHER": "천수영",
        "FOCUS_DISTANCE": "4.6",
        "EXPOSURE_TIME": "0.02000",
        "SENSITIVITY_ISO": null,
        "PLACE": "주택가분리수거장",
        "REGION_NAME": null,
        "Direction": "4",
        "HEIGHT": null,
        "DAY/NIGHT": "주간",
        "WEATHER": "맑음",
        "IMAGE_HEIGHT": 2250,
        "IMAGE_WIDTH": 4000,
        "IMAGE_SIZE": "4.9 MB"
    },
    "ANNOTATION_INFO": [
        {
            "ID": "1",
            "CLASS": "유리병",
            "DETAILS": "투명",
            "DAMAGE": "원형",
            "DIRTINESS": "이물질(외부)",
            "COVER": "없음",
            "TRANSPARENCY": "투명",
            "SHAPE": "유리병형",
            "SHAPE_TYPE": "BOX",
            "POINTS": [
                [
                    1411.430886075949,
                    365.58701083026364,
                    867.0501265822788,
                    1323.455696202532
                ]
            ]
        }
    ]
}