{
    "IMAGE_INFO": {
        "FILE_NAME": "262358@1_07003_220823_P1_T1.jpg",
        "DATE": "2022-08-23 13:51:21",
        "RESOLUTION": "4000 x 2250",
        "IMAGE_PHOTOGRAPHER": "천수영",
        "FOCUS_DISTANCE": "4.6",
        "EXPOSURE_TIME": "0.02000",
        "SENSITIVITY_ISO": null,
        "PLACE": "주택가분리수거장",
        "REGION_NAME": null,
        "Direction": "1",
        "HEIGHT": null,
        "DAY/NIGHT": "주간",
        "WEATHER": "맑음",
        "IMAGE_HEIGHT": 2250,
        "IMAGE_WIDTH": 4000,
        "IMAGE_SIZE": "5.3 MB"
    },
    "ANNOTATION_INFO": [
        {
            "ID": "1",
            "CLASS": "유리병",
            "DETAILS": "투명",
            "DAMAGE": "원형",
            "DIRTINESS": "이물질(외부)",
            "COVER": "없음",
            "TRANSPARENCY": "투명",
            "SHAPE": "유리병형",
            "SHAPE_TYPE": "POLYGON",
            "POINTS": [
                [
                    1312.7088607594937,
                    1032.8401753872256
                ],
                [
                    1456.1012658227846,
                    1027.979415893555
                ],
                [
                    1565.4683544303798,
                    959.9287829821624
                ],
                [
                    1657.239493670886,
                    922.5981500707697
                ],
                [
                    1770.786835443038,
                    908.5991627289976
                ],
                [
                    2646.501265822785,
                    916.3763779188712
                ],
                [
                    2715.251848101266,
                    901.1952538682384
                ],
                [
                    2753.329093670887,
                    903.4350918429218
                ],
                [
                    2780.207149367089,
                    939.2724994378588
                ],
                [
                    2809.3250430379753,
                    1057.9839120960864
                ],
                [
                    2818.2843949367098,
                    1203.573380450517
                ],
                [
                    2782.4469873417725,
                    1324.5246310834286
                ],
                [
                    2766.768121518988,
                    1342.4433348808968
                ],
                [
                    2730.930713924052,
                    1346.9230108302638
                ],
                [
                    2668.2152506329116,
                    1337.9636589315298
                ],
                [
                    2639.0973569620255,
                    1333.4839829821626
                ],
                [
                    1743.1621670886077,
                    1344.6831728555806
                ],
                [
                    1626.6905924050634,
                    1326.764469058112
                ],
                [
                    1559.4954531645571,
                    1295.4067374125423
                ],
                [
                    1465.3355317014677,
                    1233.9993394986184
                ],
                [
                    1416.1608744959995,
                    1225.9258883156308
                ],
                [
                    1314.1418095473412,
                    1218.5863872401878
                ],
                [
                    1309.0041587945313,
                    1232.4140072663226
                ],
                [
                    1272.0130733742985,
                    1233.4708954211865
                ],
                [
                    1245.5908695027035,
                    1232.4140072663226
                ],
                [
                    1235.0219879540655,
                    1235.5846717309141
                ],
                [
                    1215.9980011665173,
                    1220.7882375628208
                ],
                [
                    1182.1775802108757,
                    1218.6744612530936
                ],
                [
                    1174.7793631268291,
                    1208.1055797044553
                ],
                [
                    1157.8691526490084,
                    1151.0336193418104
                ],
                [
                    1166.3242578879187,
                    1063.311902488115
                ],
                [
                    1182.1775802108757,
                    1039.0034749262477
                ],
                [
                    1211.7704485470622,
                    1030.5483696873373
                ],
                [
                    1235.0219879540655,
                    1021.0363762935631
                ],
                [
                    1265.6717444451158,
                    1021.0363762935631
                ],
                [
                    1283.6388430778006,
                    1015.7519355192441
                ],
                [
                    1306.8903824848037,
                    1019.9794881386993
                ]
            ]
        }
    ]
}