{
    "IMAGE_INFO": {
        "FILE_NAME": "263280@3_07003_220823_P1_T1.jpg",
        "DATE": "2022-08-23 10:11:30",
        "RESOLUTION": "4032 x 2268",
        "IMAGE_PHOTOGRAPHER": "최정원",
        "FOCUS_DISTANCE": "4.2",
        "EXPOSURE_TIME": "0.00833",
        "SENSITIVITY_ISO": null,
        "PLACE": "주택가분리수거장",
        "REGION_NAME": null,
        "Direction": "3",
        "HEIGHT": null,
        "DAY/NIGHT": "주간",
        "WEATHER": "맑음",
        "IMAGE_HEIGHT": 2268,
        "IMAGE_WIDTH": 4032,
        "IMAGE_SIZE": "3.2 MB"
    },
    "ANNOTATION_INFO": [
        {
            "ID": "1",
            "CLASS": "유리병",
            "DETAILS": "투명",
            "DAMAGE": "원형",
            "DIRTINESS": "이물질(외부)",
            "COVER": "없음",
            "TRANSPARENCY": "투명",
            "SHAPE": "유리병형",
            "SHAPE_TYPE": "BOX",
            "POINTS": [
                [
                    732.9050119331739,
                    158.21872938788846,
                    2715.1045346062056,
                    1652.4463961813844
                ]
            ]
        }
    ]
}