{
    "IMAGE_INFO": {
        "FILE_NAME": "263283@2_07003_220823_P1_T1.jpg",
        "DATE": "2022-08-23 10:06:48",
        "RESOLUTION": "4032 x 2268",
        "IMAGE_PHOTOGRAPHER": "최정원",
        "FOCUS_DISTANCE": "4.2",
        "EXPOSURE_TIME": "0.00800",
        "SENSITIVITY_ISO": null,
        "PLACE": "주택가분리수거장",
        "REGION_NAME": null,
        "Direction": "2",
        "HEIGHT": null,
        "DAY/NIGHT": "주간",
        "WEATHER": "맑음",
        "IMAGE_HEIGHT": 2268,
        "IMAGE_WIDTH": 4032,
        "IMAGE_SIZE": "5.4 MB"
    },
    "ANNOTATION_INFO": [
        {
            "ID": "1",
            "CLASS": "유리병",
            "DETAILS": "투명",
            "DAMAGE": "원형",
            "DIRTINESS": "이물질(외부)",
            "COVER": "없음",
            "TRANSPARENCY": "투명",
            "SHAPE": "유리병형",
            "SHAPE_TYPE": "BOX",
            "POINTS": [
                [
                    1563.5884295942717,
                    246.13720571743517,
                    720.5636276849643,
                    1779.9608653239907
                ]
            ]
        }
    ]
}