{
    "IMAGE_INFO": {
        "FILE_NAME": "263319@1_07003_220823_P1_T1.jpg",
        "DATE": "2022-08-23 10:14:00",
        "RESOLUTION": "4032 x 2268",
        "IMAGE_PHOTOGRAPHER": "최정원",
        "FOCUS_DISTANCE": "4.2",
        "EXPOSURE_TIME": "0.00833",
        "SENSITIVITY_ISO": null,
        "PLACE": "주택가분리수거장",
        "REGION_NAME": null,
        "Direction": "1",
        "HEIGHT": null,
        "DAY/NIGHT": "주간",
        "WEATHER": "맑음",
        "IMAGE_HEIGHT": 2268,
        "IMAGE_WIDTH": 4032,
        "IMAGE_SIZE": "5.3 MB"
    },
    "ANNOTATION_INFO": [
        {
            "ID": "1",
            "CLASS": "유리병",
            "DETAILS": "투명",
            "DAMAGE": "원형",
            "DIRTINESS": "이물질(외부)",
            "COVER": "없음",
            "TRANSPARENCY": "투명",
            "SHAPE": "유리병형",
            "SHAPE_TYPE": "BOX",
            "POINTS": [
                [
                    1683.792908505802,
                    744.2223034020917,
                    533.5456437641462,
                    898.8674845532457
                ]
            ]
        }
    ]
}