{
    "IMAGE_INFO": {
        "FILE_NAME": "264172@3_07003_220823_P1_T1.jpg",
        "DATE": "2022-08-23 09:59:26",
        "RESOLUTION": "4032 x 2268",
        "IMAGE_PHOTOGRAPHER": "정영길",
        "FOCUS_DISTANCE": "4.2",
        "EXPOSURE_TIME": "0.00833",
        "SENSITIVITY_ISO": null,
        "PLACE": "주택가분리수거장",
        "REGION_NAME": null,
        "Direction": "3",
        "HEIGHT": null,
        "DAY/NIGHT": "주간",
        "WEATHER": "맑음",
        "IMAGE_HEIGHT": 2268,
        "IMAGE_WIDTH": 4032,
        "IMAGE_SIZE": "2.8 MB"
    },
    "ANNOTATION_INFO": [
        {
            "ID": "1",
            "CLASS": "유리병",
            "DETAILS": "투명",
            "DAMAGE": "원형",
            "DIRTINESS": "이물질(외부)",
            "COVER": "없음",
            "TRANSPARENCY": "투명",
            "SHAPE": "유리병형",
            "SHAPE_TYPE": "POLYGON",
            "POINTS": [
                [
                    1430.5179173657893,
                    1886.1455489078623
                ],
                [
                    1690.4598476410188,
                    1884.0148773482297
                ],
                [
                    1937.6177485584499,
                    1892.5375635867617
                ],
                [
                    2228.454416448358,
                    1906.3869287243765
                ],
                [
                    2527.8137705767986,
                    1925.5629727610735
                ],
                [
                    2662.046078833679,
                    1926.62830854089
                ],
                [
                    2848.4798403015698,
                    1940.4776736785047
                ],
                [
                    3081.788376081386,
                    1936.216330559239
                ],
                [
                    3224.543370576799,
                    1908.5176002840094
                ],
                [
                    3268.222137549277,
                    1870.165512210615
                ],
                [
                    3298.0515393841383,
                    1783.8733140454772
                ],
                [
                    3299.1168751639552,
                    1664.5557067060276
                ],
                [
                    3308.602624947441,
                    1419.1620018399724
                ],
                [
                    3300.9662980777166,
                    1392.4348577959358
                ],
                [
                    3307.511721108909,
                    1241.8901280785046
                ],
                [
                    3303.6935576740466,
                    1143.7087826106147
                ],
                [
                    3294.420875046523,
                    975.7095914766699
                ],
                [
                    3290.057259692395,
                    826.2557655977707
                ],
                [
                    3257.3301445364323,
                    517.5299792931836
                ],
                [
                    3245.875654231845,
                    438.9849029188716
                ],
                [
                    3226.2393851382667,
                    336.4399420968532
                ],
                [
                    3215.8757986722117,
                    296.07650007116524
                ],
                [
                    3186.9668469511107,
                    265.5311925922661
                ],
                [
                    3127.512587751111,
                    235.53133703263305
                ],
                [
                    3047.3311556190006,
                    233.8949812748349
                ],
                [
                    2949.1498101511106,
                    223.53139480877982
                ],
                [
                    2744.059888507074,
                    232.80407743630278
                ],
                [
                    2648.0603507162486,
                    250.2585388528165
                ],
                [
                    2513.3337266575327,
                    272.07661562345874
                ],
                [
                    2109.1538544813857,
                    320.0763845188716
                ],
                [
                    1725.1557033180825,
                    356.07621119043125
                ],
                [
                    1588.2472715823028,
                    362.0761823023578
                ],
                [
                    1428.9753111566151,
                    358.80347078676147
                ],
                [
                    1314.9758600300097,
                    383.894259073
                ],
                [
                    1254.4306969914776,
                    440.6212586766698
                ],
                [
                    1220.067226077716,
                    484.80286413722024
                ],
                [
                    1164.9765822318445,
                    473.8938257518991
                ],
                [
                    1053.158938782303,
                    486.4392198950183
                ],
                [
                    1018.2500159492755,
                    503.8936813115322
                ],
                [
                    980.0683816006517,
                    503.8936813115322
                ],
                [
                    938.6140357364314,
                    521.893594647312
                ],
                [
                    890.0688149217525,
                    549.7116425298808
                ],
                [
                    805.5237674355141,
                    684.4382665885964
                ],
                [
                    736.7968256079911,
                    866.6192076234589
                ],
                [
                    710.6151334832205,
                    1061.8909947207067
                ],
                [
                    701.3424508556976,
                    1205.3448494876789
                ],
                [
                    729.1604987382664,
                    1362.980454155569
                ],
                [
                    777.7057195529452,
                    1549.5250105445598
                ],
                [
                    892.2370395676244,
                    1714.639139219789
                ],
                [
                    1007.4637575125786,
                    1786.2297036234586
                ],
                [
                    1188.826520668542,
                    1800.547816504193
                ],
                [
                    1259.885216184138,
                    1784.0693358289636
                ],
                [
                    1304.6122735639547,
                    1840.2508835133674
                ],
                [
                    1406.0663305474409,
                    1884.432488973918
                ]
            ]
        }
    ]
}