{
    "IMAGE_INFO": {
        "FILE_NAME": "264241@1_07003_220823_P1_T1.jpg",
        "DATE": "2022-08-23 09:59:22",
        "RESOLUTION": "4032 x 2268",
        "IMAGE_PHOTOGRAPHER": "정영길",
        "FOCUS_DISTANCE": "4.2",
        "EXPOSURE_TIME": "0.00833",
        "SENSITIVITY_ISO": null,
        "PLACE": "주택가분리수거장",
        "REGION_NAME": null,
        "Direction": "1",
        "HEIGHT": null,
        "DAY/NIGHT": "주간",
        "WEATHER": "맑음",
        "IMAGE_HEIGHT": 2268,
        "IMAGE_WIDTH": 4032,
        "IMAGE_SIZE": "4.8 MB"
    },
    "ANNOTATION_INFO": [
        {
            "ID": "1",
            "CLASS": "유리병",
            "DETAILS": "투명",
            "DAMAGE": "원형",
            "DIRTINESS": "이물질(외부)",
            "COVER": "없음",
            "TRANSPARENCY": "투명",
            "SHAPE": "유리병형",
            "SHAPE_TYPE": "POLYGON",
            "POINTS": [
                [
                    1853.115978207595,
                    1624.0465533790552
                ],
                [
                    1901.1506560258408,
                    1624.0465533790552
                ],
                [
                    1977.9502862585014,
                    1619.5782112564275
                ],
                [
                    2023.471521632769,
                    1606.173184888545
                ],
                [
                    2096.3613525081305,
                    1577.128961091466
                ],
                [
                    2147.7472869183475,
                    1540.544409962453
                ],
                [
                    2188.8001801699875,
                    1489.1584755522367
                ],
                [
                    2204.160106216519,
                    1451.177567509903
                ],
                [
                    2208.349176956483,
                    1390.0171347064381
                ],
                [
                    2205.2771917471764,
                    1351.4776838987757
                ],
                [
                    2201.3673923898773,
                    1299.2539353405666
                ],
                [
                    2172.043897210134,
                    1194.2478954588198
                ],
                [
                    2155.8461570156096,
                    1108.23230959824
                ],
                [
                    2141.32404511707,
                    1031.153407982915
                ],
                [
                    2137.693517142435,
                    1004.0640838644856
                ],
                [
                    2133.2251750198075,
                    977.8125738940489
                ],
                [
                    2122.8921338612313,
                    948.76835009697
                ],
                [
                    2099.433337717437,
                    909.3910851413151
                ],
                [
                    2089.9381107068534,
                    900.45440089606
                ],
                [
                    2084.9112258188975,
                    876.7163333696011
                ],
                [
                    2071.226928068351,
                    844.6001243632159
                ],
                [
                    2042.7412470366003,
                    813.3217295048231
                ],
                [
                    2010.3457666475508,
                    787.9080336823793
                ],
                [
                    1963.1489029772974,
                    766.4041372172343
                ],
                [
                    1911.3943303419644,
                    756.9647644831837
                ],
                [
                    1877.25619652509,
                    756.0710960586582
                ],
                [
                    1808.6224615215315,
                    764.8290466190082
                ],
                [
                    1756.4322255292418,
                    784.6684856434744
                ],
                [
                    1713.1786737822074,
                    814.1595436528161
                ],
                [
                    1677.9681378559023,
                    850.0850143187413
                ],
                [
                    1661.345905159728,
                    880.2910070677034
                ],
                [
                    1648.4770798465609,
                    916.2164777336287
                ],
                [
                    1647.5834114220354,
                    938.2007209769562
                ],
                [
                    1647.7621451069406,
                    953.2143505089848
                ],
                [
                    1632.748515574912,
                    988.2461527503845
                ],
                [
                    1627.207771342854,
                    1014.6987381163394
                ],
                [
                    1626.3141029183282,
                    1037.3979160992872
                ],
                [
                    1628.8163745069999,
                    1065.280370944483
                ],
                [
                    1631.8548471503864,
                    1081.9026036406574
                ],
                [
                    1633.6421839994382,
                    1136.416377536713
                ],
                [
                    1633.820917684343,
                    1197.3645640893528
                ],
                [
                    1638.289259806971,
                    1264.925896983481
                ],
                [
                    1639.1829282314964,
                    1301.5663023890265
                ],
                [
                    1637.5743250673504,
                    1322.656877207828
                ],
                [
                    1635.072053478679,
                    1347.1433920398267
                ],
                [
                    1637.9317924371608,
                    1392.1842806359125
                ],
                [
                    1641.3277324503576,
                    1422.0328060150646
                ],
                [
                    1649.1920145861823,
                    1467.0736946111497
                ],
                [
                    1661.7033725295394,
                    1502.9991652770748
                ],
                [
                    1684.5812841973918,
                    1543.392978065628
                ],
                [
                    1712.821206412398,
                    1571.2754329108236
                ],
                [
                    1759.291964487724,
                    1598.442953016399
                ],
                [
                    1817.0229447120714,
                    1617.74619098615
                ]
            ]
        }
    ]
}