{
    "IMAGE_INFO": {
        "FILE_NAME": "264230@3_07003_220823_P1_T1.jpg",
        "DATE": "2022-08-23 10:00:24",
        "RESOLUTION": "4032 x 2268",
        "IMAGE_PHOTOGRAPHER": "정영길",
        "FOCUS_DISTANCE": "4.2",
        "EXPOSURE_TIME": "0.00629",
        "SENSITIVITY_ISO": null,
        "PLACE": "주택가분리수거장",
        "REGION_NAME": null,
        "Direction": "3",
        "HEIGHT": null,
        "DAY/NIGHT": "주간",
        "WEATHER": "맑음",
        "IMAGE_HEIGHT": 2268,
        "IMAGE_WIDTH": 4032,
        "IMAGE_SIZE": "3.6 MB"
    },
    "ANNOTATION_INFO": [
        {
            "ID": "1",
            "CLASS": "유리병",
            "DETAILS": "투명",
            "DAMAGE": "원형",
            "DIRTINESS": "이물질(외부)",
            "COVER": "없음",
            "TRANSPARENCY": "투명",
            "SHAPE": "유리병형",
            "SHAPE_TYPE": "POLYGON",
            "POINTS": [
                [
                    753.9291561180833,
                    1372.7016431463946
                ],
                [
                    795.5198649621201,
                    1385.6561262289636
                ],
                [
                    834.3833142098265,
                    1398.6106093115322
                ],
                [
                    856.2013909804687,
                    1389.0652007243764
                ],
                [
                    957.7918109437715,
                    1393.8379050179542
                ],
                [
                    1008.2461134758817,
                    1378.8379772381377
                ],
                [
                    1087.3366417694594,
                    1397.246979513367
                ],
                [
                    1183.4725425401018,
                    1420.4286860821744
                ],
                [
                    1309.6082988703772,
                    1462.0193949262111
                ],
                [
                    1518.2436579896432,
                    1522.019106045477
                ],
                [
                    1816.8785837878083,
                    1589.5187810546513
                ],
                [
                    1881.7300036784509,
                    1615.50092819108
                ],
                [
                    1968.2085097829352,
                    1635.5762956796211
                ],
                [
                    2092.058084596857,
                    1651.636589670454
                ],
                [
                    2192.1260702320455,
                    1659.66673666587
                ],
                [
                    2261.000023308117,
                    1659.66673666587
                ],
                [
                    2356.435231830565,
                    1665.5349210086745
                ],
                [
                    2495.7273970202878,
                    1669.5499945063827
                ],
                [
                    2701.4227008259536,
                    1674.1827716191228
                ],
                [
                    2854.3043455463803,
                    1679.4332523468952
                ],
                [
                    3002.553213154068,
                    1680.6686595769593
                ],
                [
                    3097.9884216765167,
                    1683.4483258446035
                ],
                [
                    3170.5685964427794,
                    1686.2279921122476
                ],
                [
                    3230.4858471008865,
                    1685.3014366896996
                ],
                [
                    3302.7571700596336,
                    1672.9473643890585
                ],
                [
                    3358.6593472200325,
                    1651.6365896704538
                ],
                [
                    3395.7215641219545,
                    1629.7081113368165
                ],
                [
                    3417.032338840559,
                    1595.4255607025393
                ],
                [
                    3432.1660774088436,
                    1552.804011265329
                ],
                [
                    3436.7988545215844,
                    1496.9018341049302
                ],
                [
                    3439.578520789229,
                    1418.7623268033788
                ],
                [
                    3439.887372596744,
                    1360.080483375336
                ],
                [
                    3440.8139280192927,
                    1272.6754218483036
                ],
                [
                    3435.959289436881,
                    1258.5859457035408
                ],
                [
                    3441.47913373251,
                    1229.0833296406954
                ],
                [
                    3435.1979316030006,
                    1218.9953383417874
                ],
                [
                    3439.1950602308707,
                    1179.5950704385036
                ],
                [
                    3430.820124058192,
                    1167.0326661794857
                ],
                [
                    3435.0075921445305,
                    1135.055637156531
                ],
                [
                    3428.726390015021,
                    1123.2545907313927
                ],
                [
                    3426.061637596442,
                    1119.2574621035235
                ],
                [
                    3431.771821350541,
                    1088.9934882067985
                ],
                [
                    3423.967903553272,
                    1076.6214234062504
                ],
                [
                    3422.254848427042,
                    1070.5305607352116
                ],
                [
                    3425.6809586795016,
                    1054.732385682204
                ],
                [
                    3430.95404215357,
                    1036.9852865916378
                ],
                [
                    3425.25956737772,
                    1019.6171385252944
                ],
                [
                    3424.405396161342,
                    994.2767257727605
                ],
                [
                    3420.70398755704,
                    981.4641575270975
                ],
                [
                    3415.294236519982,
                    970.9293791917744
                ],
                [
                    3424.6901199001345,
                    954.4154023418085
                ],
                [
                    3418.710921385492,
                    932.4916744547849
                ],
                [
                    3418.9956451242842,
                    912.5610127393089
                ],
                [
                    3418.710921385492,
                    894.3386934565879
                ],
                [
                    3411.308104176886,
                    873.5538605247343
                ],
                [
                    3410.1692092217163,
                    858.7482261075236
                ],
                [
                    3395.3635748045053,
                    839.1022881308401
                ],
                [
                    3409.1852039804508,
                    831.9401877599594
                ],
                [
                    3405.616544972122,
                    811.5778393006757
                ],
                [
                    3405.826466090259,
                    788.9063585418855
                ],
                [
                    3403.7890556860693,
                    750.7047455264297
                ],
                [
                    3388.98911304673,
                    674.0932777463262
                ],
                [
                    3371.5774158239788,
                    610.5405828832859
                ],
                [
                    3331.5305122116524,
                    564.3995852429963
                ],
                [
                    3276.2483735294186,
                    539.5879167005764
                ],
                [
                    3200.072198179884,
                    525.6585589223757
                ],
                [
                    3139.5665503308246,
                    529.5761907974946
                ],
                [
                    3069.4844690092523,
                    540.4585015617139
                ],
                [
                    3052.50806421707,
                    539.1526242700075
                ],
                [
                    2876.6499222672874,
                    557.4349063538959
                ],
                [
                    2762.1680130277014,
                    568.3172171181151
                ],
                [
                    2483.1455650331195,
                    593.5641780911038
                ],
                [
                    2324.263827875518,
                    608.364120730442
                ],
                [
                    2231.5465401643705,
                    614.4582147584049
                ],
                [
                    2211.087795927638,
                    620.9876012169364
                ],
                [
                    2192.3702214131813,
                    621.8581860780738
                ],
                [
                    2123.1587249527465,
                    624.0346482309177
                ],
                [
                    1990.3945336292716,
                    646.234562189925
                ],
                [
                    1947.3005830029633,
                    652.3286562178879
                ],
                [
                    1909.8654339740492,
                    672.78740045462
                ],
                [
                    1898.0867690368027,
                    667.7345259205777
                ],
                [
                    1879.722303742023,
                    679.6803431511624
                ],
                [
                    1865.4586413771456,
                    687.703653231406
                ],
                [
                    1846.9158803028051,
                    689.3083152474547
                ],
                [
                    1822.6676542825135,
                    696.6184422094544
                ],
                [
                    1799.8457944987094,
                    708.9208509991613
                ],
                [
                    1780.589850306125,
                    709.812329896966
                ],
                [
                    1763.6517512478329,
                    715.1612032837951
                ],
                [
                    1746.7136521895409,
                    724.6108796005263
                ],
                [
                    1735.124426518078,
                    732.6341896807701
                ],
                [
                    1722.822017728371,
                    732.812485460331
                ],
                [
                    1698.5737917080799,
                    736.5566968311114
                ],
                [
                    1667.3720302849101,
                    757.0607114806226
                ],
                [
                    1650.7905227857402,
                    759.0219650557933
                ],
                [
                    1634.2090152865703,
                    758.8436692762324
                ],
                [
                    1607.108056793303,
                    771.8592611841832
                ],
                [
                    1600.5111129495472,
                    777.0298387914512
                ],
                [
                    1580.7202814182797,
                    775.9600641140854
                ],
                [
                    1563.9604781395485,
                    785.7663319899386
                ],
                [
                    1535.0765618506719,
                    798.6036281183282
                ],
                [
                    1504.9445751048675,
                    803.4176141664744
                ],
                [
                    1486.7584055896486,
                    816.6115018539862
                ],
                [
                    1467.3241656175032,
                    818.3944596495958
                ],
                [
                    1436.6572915330169,
                    829.092206423254
                ],
                [
                    1420.4323755929686,
                    839.7899531969119
                ],
                [
                    1406.5253047872131,
                    841.7512067720826
                ],
                [
                    1379.9592336326289,
                    846.3868970406678
                ],
                [
                    1359.4552189831174,
                    856.728052255204
                ],
                [
                    1343.40859882263,
                    855.1233902391555
                ],
                [
                    1327.1836828825817,
                    866.7126159106185
                ],
                [
                    1314.524682533753,
                    874.5576302113011
                ],
                [
                    1307.0362597921924,
                    876.6971795660327
                ],
                [
                    1294.7338510024858,
                    875.6274048886669
                ],
                [
                    1278.6872308419986,
                    876.6971795660327
                ],
                [
                    1265.849934713609,
                    885.2553769849591
                ],
                [
                    1253.547525923902,
                    890.7825461513493
                ],
                [
                    1238.2140888816589,
                    894.3484617425686
                ],
                [
                    1213.8141180334785,
                    900.5481372571979
                ],
                [
                    1205.1823283326185,
                    913.4958218084874
                ],
                [
                    1177.2425879850991,
                    929.3964870469132
                ],
                [
                    1159.9790085833795,
                    939.6183432716155
                ],
                [
                    1079.7942253096037,
                    949.38589477522
                ],
                [
                    999.4170455024398,
                    976.3846907587775
                ],
                [
                    977.080257244208,
                    966.3831437774797
                ],
                [
                    908.736352872006,
                    960.382215588701
                ],
                [
                    814.0550414490533,
                    971.050532368752
                ],
                [
                    751.3786803662534,
                    987.0530075388286
                ],
                [
                    684.7017004909345,
                    1037.7275122440708
                ],
                [
                    642.0284333707305,
                    1118.4066578932068
                ],
                [
                    638.6945843769646,
                    1197.4188790454598
                ],
                [
                    674.7001535096368,
                    1306.4357411416065
                ],
                [
                    720.0404998248538,
                    1348.1088535636807
                ]
            ]
        }
    ]
}