{
    "IMAGE_INFO": {
        "FILE_NAME": "264299@3_07003_220823_P1_T1.jpg",
        "DATE": "2022-08-23 09:57:03",
        "RESOLUTION": "4032 x 2268",
        "IMAGE_PHOTOGRAPHER": "정영길",
        "FOCUS_DISTANCE": "4.2",
        "EXPOSURE_TIME": "0.00794",
        "SENSITIVITY_ISO": null,
        "PLACE": "주택가분리수거장",
        "REGION_NAME": null,
        "Direction": "3",
        "HEIGHT": null,
        "DAY/NIGHT": "주간",
        "WEATHER": "맑음",
        "IMAGE_HEIGHT": 2268,
        "IMAGE_WIDTH": 4032,
        "IMAGE_SIZE": "3.3 MB"
    },
    "ANNOTATION_INFO": [
        {
            "ID": "1",
            "CLASS": "유리병",
            "DETAILS": "투명",
            "DAMAGE": "원형",
            "DIRTINESS": "이물질(외부)",
            "COVER": "없음",
            "TRANSPARENCY": "투명",
            "SHAPE": "유리병형",
            "SHAPE_TYPE": "POLYGON",
            "POINTS": [
                [
                    1017.8523642416912,
                    1290.6659452971348
                ],
                [
                    1078.1749828971629,
                    1295.1342874197621
                ],
                [
                    1236.8011282504401,
                    1298.03870979947
                ],
                [
                    1307.4009337879547,
                    1307.6813921001008
                ],
                [
                    1346.650850993115,
                    1322.802261843072
                ],
                [
                    1434.4805837554816,
                    1379.425093221008
                ],
                [
                    1535.8225830966737,
                    1441.1954547242108
                ],
                [
                    1678.3448234400012,
                    1509.078508251168
                ],
                [
                    1836.2586936108887,
                    1560.1445808588787
                ],
                [
                    1981.0237128297952,
                    1593.5005760706083
                ],
                [
                    2236.530636151643,
                    1608.1772139637694
                ],
                [
                    2553.4125906630748,
                    1612.1799333891768
                ],
                [
                    2816.9249528357377,
                    1615.5155329103495
                ],
                [
                    2969.0282910012243,
                    1616.1826528145843
                ],
                [
                    3054.4196387432517,
                    1610.8456935807076
                ],
                [
                    3249.2186507797524,
                    1608.8443338680038
                ],
                [
                    3299.2366327196446,
                    1613.0925534181692
                ],
                [
                    3349.446745191957,
                    1613.7756842001058
                ],
                [
                    3398.2905961003967,
                    1600.7961993433175
                ],
                [
                    3434.496527543017,
                    1564.5902679006977
                ],
                [
                    3461.686641016845,
                    1474.5034617168785
                ],
                [
                    3471.8857289406906,
                    1375.9122784530414
                ],
                [
                    3468.3422122275647,
                    1337.8761535182343
                ],
                [
                    3472.3526567846275,
                    1318.9379431098828
                ],
                [
                    3468.119409752172,
                    1304.2329797339858
                ],
                [
                    3473.466669161589,
                    1290.1964237842665
                ],
                [
                    3469.4562246045266,
                    1271.7038183266993
                ],
                [
                    3474.803484013944,
                    1255.4392376230562
                ],
                [
                    3469.010619653742,
                    1235.8326197885276
                ],
                [
                    3477.254311243261,
                    1221.127656412631
                ],
                [
                    3469.2334221291353,
                    1201.9666435288866
                ],
                [
                    3474.3578790631595,
                    1177.4583712357255
                ],
                [
                    3468.3422122275656,
                    1164.3130251875757
                ],
                [
                    3473.021064210806,
                    1146.9344321069705
                ],
                [
                    3468.5650147029583,
                    1122.4261598138091
                ],
                [
                    3475.249088964729,
                    1112.17724594576
                ],
                [
                    3465.4457800474643,
                    1087.8917761279913
                ],
                [
                    3469.6790270799193,
                    1079.202479587689
                ],
                [
                    3469.6790270799193,
                    1066.2799360149313
                ],
                [
                    3462.9949528181487,
                    1056.2538246222744
                ],
                [
                    3463.440557768933,
                    1040.657651344808
                ],
                [
                    3469.2334221291344,
                    1033.5279721322522
                ],
                [
                    3464.3317676705024,
                    1026.6210953950888
                ],
                [
                    3462.3265453919707,
                    1007.01447756056
                ],
                [
                    3467.0053973752106,
                    997.65677359408
                ],
                [
                    3464.3317676705024,
                    989.19027952917
                ],
                [
                    3460.3213231134396,
                    980.7237854642598
                ],
                [
                    3467.2281998506032,
                    962.2311800066926
                ],
                [
                    3466.559792424426,
                    951.9822661386435
                ],
                [
                    3457.8704958841236,
                    948.1946240569732
                ],
                [
                    3464.5545701458955,
                    926.1371789931283
                ],
                [
                    3465.00017509668,
                    922.3495369114578
                ],
                [
                    3459.6529156872634,
                    919.4531047313569
                ],
                [
                    3461.0837987204104,
                    902.261595949116
                ],
                [
                    3469.1934160731375,
                    892.8439757975617
                ],
                [
                    3462.6534020790027,
                    884.9959590045997
                ],
                [
                    3471.0246199914955,
                    866.683919821022
                ],
                [
                    3453.758983046979,
                    838.9542604858898
                ],
                [
                    3455.3285864055715,
                    822.7350257804351
                ],
                [
                    3451.1429774493254,
                    811.7478022702884
                ],
                [
                    3452.974181367682,
                    787.157349652341
                ],
                [
                    3446.434167373547,
                    778.5245311800828
                ],
                [
                    3449.311773530967,
                    764.9213020722822
                ],
                [
                    3445.387765134486,
                    754.4572796816664
                ],
                [
                    3441.9869578575353,
                    720.4492069121648
                ],
                [
                    3434.9237427438698,
                    683.825128545009
                ],
                [
                    3429.691731548562,
                    652.9562624926921
                ],
                [
                    3417.1349046798223,
                    616.3321841255364
                ],
                [
                    3406.409281729441,
                    589.1257259099349
                ],
                [
                    3395.4220582192943,
                    568.9824828079994
                ],
                [
                    3365.0763932865084,
                    542.8224268314596
                ],
                [
                    3342.0555440271532,
                    533.4048066799053
                ],
                [
                    3228.782501648736,
                    537.5904156361515
                ],
                [
                    3007.7300286469745,
                    544.1304296302866
                ],
                [
                    2893.9337851490263,
                    549.8856419451254
                ],
                [
                    2728.790583780327,
                    561.0294072302357
                ],
                [
                    2473.294316116718,
                    574.590780248474
                ],
                [
                    2139.6845398680584,
                    592.4917926325484
                ],
                [
                    2046.924748423309,
                    602.2559812056799
                ],
                [
                    1909.6836534787383,
                    626.1239977177793
                ],
                [
                    1810.9568579059642,
                    652.704288833526
                ],
                [
                    1656.3572054980484,
                    708.5771456686675
                ],
                [
                    1563.0549591325696,
                    754.6858139306775
                ],
                [
                    1468.1253480049018,
                    819.780404418221
                ],
                [
                    1392.1816591027678,
                    875.1108063326328
                ],
                [
                    1313.5256955969862,
                    927.1864787226675
                ],
                [
                    1196.8978876401375,
                    943.4601263445535
                ],
                [
                    978.8310095068672,
                    971.667782222489
                ],
                [
                    948.9959888667431,
                    960.8186838078983
                ],
                [
                    918.6185133058895,
                    951.0544952347667
                ],
                [
                    869.7975704402318,
                    964.0734133322757
                ],
                [
                    846.4720088488622,
                    978.7196961919727
                ],
                [
                    806.8727996356065,
                    977.6347863505138
                ],
                [
                    736.8961148614973,
                    999.3329831796949
                ],
                [
                    712.4856434286685,
                    1009.6396266735559
                ],
                [
                    677.2260735812491,
                    1093.720139386633
                ],
                [
                    673.4288891361424,
                    1137.116533044995
                ],
                [
                    692.9572662824054,
                    1211.9753121056701
                ],
                [
                    716.8252827945048,
                    1260.796254971328
                ],
                [
                    759.136766611408,
                    1282.494451800509
                ],
                [
                    812.2973488429018,
                    1302.5652838675014
                ],
                [
                    850.8116482146984,
                    1299.3105543431243
                ],
                [
                    874.6796647267976,
                    1306.9049232333377
                ],
                [
                    918.6185133058895,
                    1322.0936610137644
                ],
                [
                    971.2366406166537,
                    1323.1785708552236
                ],
                [
                    997.2744768116711,
                    1305.2775584711492
                ]
            ]
        }
    ]
}