{
    "IMAGE_INFO": {
        "FILE_NAME": "264205@2_07003_220823_P1_T1.jpg",
        "DATE": "2022-08-23 09:58:09",
        "RESOLUTION": "4032 x 2268",
        "IMAGE_PHOTOGRAPHER": "정영길",
        "FOCUS_DISTANCE": "4.2",
        "EXPOSURE_TIME": "0.01000",
        "SENSITIVITY_ISO": null,
        "PLACE": "주택가분리수거장",
        "REGION_NAME": null,
        "Direction": "2",
        "HEIGHT": null,
        "DAY/NIGHT": "주간",
        "WEATHER": "맑음",
        "IMAGE_HEIGHT": 2268,
        "IMAGE_WIDTH": 4032,
        "IMAGE_SIZE": "3.6 MB"
    },
    "ANNOTATION_INFO": [
        {
            "ID": "1",
            "CLASS": "유리병",
            "DETAILS": "투명",
            "DAMAGE": "원형",
            "DIRTINESS": "이물질(외부)",
            "COVER": "없음",
            "TRANSPARENCY": "투명",
            "SHAPE": "유리병형",
            "SHAPE_TYPE": "POLYGON",
            "POINTS": [
                [
                    1741.7563970530189,
                    361.8751138341477
                ],
                [
                    1770.0029311346498,
                    344.61334300648383
                ],
                [
                    1829.6345030847604,
                    314.79755703142854
                ],
                [
                    1876.7120598874794,
                    305.3820456708848
                ],
                [
                    1922.220364796774,
                    299.1050380971889
                ],
                [
                    1975.5749291731886,
                    302.24354188403686
                ],
                [
                    2014.8062265087879,
                    310.08980135115667
                ],
                [
                    2052.468271950963,
                    341.47483921963595
                ],
                [
                    2080.714806032594,
                    363.4443657275713
                ],
                [
                    2090.130317393138,
                    388.5523960223548
                ],
                [
                    2108.9613401142255,
                    407.38341874344235
                ],
                [
                    2112.0998439010737,
                    448.1839679724653
                ],
                [
                    2129.361614728737,
                    485.8460134146404
                ],
                [
                    2140.346377982705,
                    532.9235702173593
                ],
                [
                    2140.346377982705,
                    567.4471118726866
                ],
                [
                    2126.223110941889,
                    589.4166383806219
                ],
                [
                    2116.807599581345,
                    603.5399054214377
                ],
                [
                    2162.3159044906406,
                    653.7559660110044
                ],
                [
                    2201.5472018262394,
                    718.0952936413868
                ],
                [
                    2237.6399953749906,
                    785.5731250586173
                ],
                [
                    2286.2868040711332,
                    878.1589867706309
                ],
                [
                    2297.271567325101,
                    920.528787893078
                ],
                [
                    2298.8408192185248,
                    959.7600852286771
                ],
                [
                    2295.702315431677,
                    983.2988636300366
                ],
                [
                    2366.3186506357556,
                    1576.4760793442947
                ],
                [
                    2382.011169569995,
                    1675.3389486300043
                ],
                [
                    2383.580421463419,
                    1725.5550092195713
                ],
                [
                    2372.5956582094514,
                    1789.8943368499536
                ],
                [
                    2366.3186506357556,
                    1843.2489012263686
                ],
                [
                    2344.3491241278193,
                    1880.9109466685431
                ],
                [
                    2314.5333381527644,
                    1907.5882288567507
                ],
                [
                    2275.3020408171656,
                    1935.834762938382
                ],
                [
                    2201.5472018262394,
                    1968.789052700285
                ],
                [
                    2126.223110941889,
                    1992.3278311016447
                ],
                [
                    2028.9294935496039,
                    2003.3125943556122
                ],
                [
                    1950.4668988784058,
                    2008.0203500358841
                ],
                [
                    1890.8353269282952,
                    2004.8818462490362
                ],
                [
                    1813.941984150521,
                    2001.7433424621884
                ],
                [
                    1738.6178932661708,
                    1995.4663348884922
                ],
                [
                    1660.1552985949727,
                    1962.512045126589
                ],
                [
                    1606.800734218558,
                    1940.5425186186537
                ],
                [
                    1542.4614065881756,
                    1895.0342137093585
                ],
                [
                    1522.061131973664,
                    1847.9566569066399
                ],
                [
                    1517.3533762933923,
                    1811.8638633578887
                ],
                [
                    1506.3686130394242,
                    1782.0480773828335
                ],
                [
                    1504.7993611460004,
                    1756.94004708805
                ],
                [
                    1501.6608573591525,
                    1730.2627648998428
                ],
                [
                    1522.061131973664,
                    1480.751713845433
                ],
                [
                    1555.0154217355673,
                    939.3598106141659
                ],
                [
                    1555.0154217355673,
                    909.5440246391107
                ],
                [
                    1566.000184989535,
                    864.0357197298157
                ],
                [
                    1580.1234520303508,
                    813.8196591402489
                ],
                [
                    1616.216245579102,
                    751.0495834032905
                ],
                [
                    1647.6012834475814,
                    697.6950190268757
                ],
                [
                    1678.9863213160604,
                    638.0634470767651
                ],
                [
                    1691.5403364634524,
                    605.1091573148619
                ],
                [
                    1683.6940769963326,
                    586.2781345937744
                ],
                [
                    1675.8478175292123,
                    540.7698296844794
                ],
                [
                    1677.4170694226364,
                    512.5232956028482
                ],
                [
                    1682.1248251029083,
                    473.291998267249
                ],
                [
                    1705.6636035042677,
                    429.3529452513781
                ],
                [
                    1715.0791148648118,
                    393.260151702627
                ]
            ]
        }
    ]
}