{
    "IMAGE_INFO": {
        "FILE_NAME": "264271@3_07003_220823_P1_T1.jpg",
        "DATE": "2022-08-23 10:05:08",
        "RESOLUTION": "4032 x 2268",
        "IMAGE_PHOTOGRAPHER": "정영길",
        "FOCUS_DISTANCE": "4.2",
        "EXPOSURE_TIME": "0.00599",
        "SENSITIVITY_ISO": null,
        "PLACE": "주택가분리수거장",
        "REGION_NAME": null,
        "Direction": "3",
        "HEIGHT": null,
        "DAY/NIGHT": "주간",
        "WEATHER": "맑음",
        "IMAGE_HEIGHT": 2268,
        "IMAGE_WIDTH": 4032,
        "IMAGE_SIZE": "3.0 MB"
    },
    "ANNOTATION_INFO": [
        {
            "ID": "1",
            "CLASS": "유리병",
            "DETAILS": "투명",
            "DAMAGE": "원형",
            "DIRTINESS": "이물질(외부)",
            "COVER": "없음",
            "TRANSPARENCY": "불투명",
            "SHAPE": "유리병형",
            "SHAPE_TYPE": "POLYGON",
            "POINTS": [
                [
                    1017.572062892395,
                    1349.8734948895133
                ],
                [
                    1078.6626778501932,
                    1415.873177120706
                ],
                [
                    1153.935042708909,
                    1470.9638209665775
                ],
                [
                    1261.9345227235879,
                    1546.7816377445595
                ],
                [
                    1336.6614356630373,
                    1588.7814355280457
                ],
                [
                    1421.751935068542,
                    1629.6903294729998
                ],
                [
                    1502.4788191199182,
                    1655.3265696785045
                ],
                [
                    1579.3875397364318,
                    1666.7810599830916
                ],
                [
                    1658.4780680300098,
                    1666.2356080638258
                ],
                [
                    1811.2046054245054,
                    1674.4173868528164
                ],
                [
                    2128.112170518084,
                    1685.8718771574033
                ],
                [
                    2285.747775185974,
                    1695.1445597849265
                ],
                [
                    2585.746330782304,
                    1712.053569282174
                ],
                [
                    2805.0180023272587,
                    1721.3262519096972
                ],
                [
                    2905.3811554722124,
                    1732.235290295018
                ],
                [
                    2986.6534914428553,
                    1731.689838375752
                ],
                [
                    3055.3804332703776,
                    1720.235348071165
                ],
                [
                    3117.016500147442,
                    1698.9627232197888
                ],
                [
                    3175.3798555089097,
                    1666.7810599830916
                ],
                [
                    3227.197787839185,
                    1629.1448775537335
                ],
                [
                    3248.4704126905613,
                    1610.054060379422
                ],
                [
                    3255.015835721754,
                    1563.690647241807
                ],
                [
                    3259.9249029951484,
                    1442.600321164743
                ],
                [
                    3257.379798158161,
                    1430.6066625469998
                ],
                [
                    3257.522785106085,
                    1412.3043332127177
                ],
                [
                    3257.379798158161,
                    1409.4445942542359
                ],
                [
                    3258.8096676374016,
                    1396.7187558889925
                ],
                [
                    3257.0938242623133,
                    1383.277982784129
                ],
                [
                    3255.520967835148,
                    1379.1313612943309
                ],
                [
                    3257.665772054009,
                    1372.1250008460509
                ],
                [
                    3257.093824262313,
                    1352.3928020325277
                ],
                [
                    3255.520967835148,
                    1350.2479978136664
                ],
                [
                    3255.94992867892,
                    1337.522159448423
                ],
                [
                    3257.379798158161,
                    1326.5121644582691
                ],
                [
                    3253.0901897204385,
                    1316.3600911556593
                ],
                [
                    3255.2349939393007,
                    1305.3500961655047
                ],
                [
                    3256.6648634185412,
                    1294.0541272795026
                ],
                [
                    3254.377072251756,
                    1283.0441322893482
                ],
                [
                    3253.376163616287,
                    1279.7554324870944
                ],
                [
                    3255.6639547830728,
                    1271.4621895074977
                ],
                [
                    3254.52005919968,
                    1256.019599131697
                ],
                [
                    3253.5191505642115,
                    1248.1553169958725
                ],
                [
                    3256.664863418541,
                    1231.139870192907
                ],
                [
                    3254.2340853038313,
                    1215.8402667650303
                ],
                [
                    3251.660320241198,
                    1205.9741673582687
                ],
                [
                    3254.2340853038327,
                    1191.3894986700122
                ],
                [
                    3253.6621375121363,
                    1184.0971643258843
                ],
                [
                    3248.3716204389452,
                    1173.9450910232747
                ],
                [
                    3250.945385501579,
                    1161.6482135018036
                ],
                [
                    3253.5191505642124,
                    1156.786657272385
                ],
                [
                    3252.8042158245917,
                    1144.918740594686
                ],
                [
                    3248.228633491021,
                    1139.6282235214946
                ],
                [
                    3247.942659595173,
                    1130.3340719064295
                ],
                [
                    3251.4530322877295,
                    1122.052821172332
                ],
                [
                    3252.0126530242915,
                    1114.0782256763214
                ],
                [
                    3249.354454525621,
                    1105.683914627889
                ],
                [
                    3247.3957819476536,
                    1091.6933962138353
                ],
                [
                    3251.1732219194478,
                    1083.9986110861055
                ],
                [
                    3250.333790814605,
                    1072.8061963548628
                ],
                [
                    3247.2558767635132,
                    1067.7696097258033
                ],
                [
                    3245.437109369686,
                    1060.3546349663548
                ],
                [
                    3246.8361612110916,
                    1044.4054439743334
                ],
                [
                    3244.4577730807027,
                    1025.6581492995012
                ],
                [
                    3245.8568249221075,
                    1017.9633641717718
                ],
                [
                    3249.4943597097613,
                    1008.5897168343556
                ],
                [
                    3247.9554026842156,
                    1001.0348368907665
                ],
                [
                    3243.618341975859,
                    996.6977761824098
                ],
                [
                    3244.3178678965614,
                    983.8264992414803
                ],
                [
                    3247.1159715793724,
                    976.4115244820318
                ],
                [
                    3244.877488633124,
                    967.0378771446158
                ],
                [
                    3241.519764213751,
                    962.8407216203996
                ],
                [
                    3241.2399538454692,
                    950.5290654160323
                ],
                [
                    3245.5770145538263,
                    945.0727632345513
                ],
                [
                    3245.297204185545,
                    939.056840316508
                ],
                [
                    3240.540427924767,
                    931.5019603729189
                ],
                [
                    3241.7995745820317,
                    921.8485026672217
                ],
                [
                    3242.219290134454,
                    914.4335279077734
                ],
                [
                    3243.3385316075783,
                    907.1584583324653
                ],
                [
                    3240.120712372345,
                    898.9040524681736
                ],
                [
                    3238.4418501626587,
                    898.3444317316115
                ],
                [
                    3241.1000486613298,
                    888.2712584734926
                ],
                [
                    3240.9601434771894,
                    879.4572318726387
                ],
                [
                    3239.561091635784,
                    871.4826363766281
                ],
                [
                    3236.762987952973,
                    869.8037741669417
                ],
                [
                    3237.7423242419572,
                    864.7671875378823
                ],
                [
                    3239.4211864516437,
                    858.4714542515579
                ],
                [
                    3239.4211864516437,
                    850.7766691238285
                ],
                [
                    3235.862526164636,
                    840.9326201356199
                ],
                [
                    3237.9432601095905,
                    835.6267485759869
                ],
                [
                    3238.939448938948,
                    827.6669990802072
                ],
                [
                    3237.282638734177,
                    822.5585009488311
                ],
                [
                    3235.6258285294066,
                    817.8642053686477
                ],
                [
                    3237.5587737683054,
                    803.6432511110329
                ],
                [
                    3235.763896046471,
                    796.4637402236935
                ],
                [
                    3234.383220875829,
                    779.4814356247945
                ],
                [
                    3230.379262880966,
                    773.6825999080971
                ],
                [
                    3234.797423427021,
                    770.2309119814917
                ],
                [
                    3232.588343153994,
                    754.3531475191062
                ],
                [
                    3230.5173303980314,
                    737.3708429202072
                ],
                [
                    3224.5651707257252,
                    708.0099163643214
                ],
                [
                    3215.9460336817574,
                    687.2536271563977
                ],
                [
                    3205.3919883217955,
                    675.6441772604401
                ],
                [
                    3184.6356991138723,
                    657.3504986365073
                ],
                [
                    3125.357144342089,
                    617.9487292926517
                ],
                [
                    3076.10493266227,
                    597.3683408407272
                ],
                [
                    3036.5272625624148,
                    585.0552879207723
                ],
                [
                    2993.4969505067374,
                    574.7180648686864
                ],
                [
                    2927.900704780713,
                    569.115538543332
                ],
                [
                    2855.7681783417743,
                    572.6171174966786
                ],
                [
                    2743.7176518346864,
                    585.4562403256157
                ],
                [
                    2664.348528892165,
                    592.4593982323088
                ],
                [
                    2527.8149623432787,
                    600.713787018331
                ],
                [
                    2365.7899010140286,
                    613.8236986196603
                ],
                [
                    2247.1283934430217,
                    621.5551849486494
                ],
                [
                    2022.9152899023375,
                    637.0181576066276
                ],
                [
                    1860.8902285730876,
                    648.4473113103506
                ],
                [
                    1668.9476766664447,
                    661.8933744912011
                ],
                [
                    1595.3304807512875,
                    660.8849197526374
                ],
                [
                    1525.7471037903854,
                    672.3140734563605
                ],
                [
                    1457.602455589835,
                    691.985663889945
                ],
                [
                    1403.2158192359302,
                    715.9088995013144
                ],
                [
                    1297.6545248898017,
                    767.0766731091898
                ],
                [
                    1234.1287306254499,
                    803.4790945415713
                ],
                [
                    1173.8149147227782,
                    840.2384024585841
                ],
                [
                    1111.3597799123195,
                    894.128261637894
                ],
                [
                    1055.3286018252224,
                    951.2300991788846
                ],
                [
                    1002.1525156151749,
                    1005.833731327457
                ],
                [
                    982.8806454450905,
                    995.8409097577836
                ],
                [
                    949.3333158897584,
                    997.9822286655708
                ],
                [
                    931.488991658199,
                    993.6995908499965
                ],
                [
                    906.5069377340153,
                    990.1307260036846
                ],
                [
                    882.2386567790944,
                    994.413363819259
                ],
                [
                    864.751219032166,
                    999.4097746040956
                ],
                [
                    839.7691651079826,
                    999.4097746040956
                ],
                [
                    819.783521968636,
                    998.339115150202
                ],
                [
                    771.9607330280562,
                    1014.0421204739741
                ],
                [
                    740.1978358958801,
                    1041.165493305945
                ],
                [
                    704.509187432761,
                    1104.3344010856658
                ],
                [
                    698.0852307093995,
                    1156.0829413571885
                ],
                [
                    703.4385279788673,
                    1222.1069410139594
                ],
                [
                    714.1451225178031,
                    1237.0961733684692
                ],
                [
                    724.8517170567387,
                    1281.7069839473684
                ],
                [
                    757.3283871581773,
                    1314.8974270180688
                ],
                [
                    797.656559921502,
                    1342.0207998500396
                ],
                [
                    829.7763435383092,
                    1347.0172106348762
                ],
                [
                    865.4649920014284,
                    1352.013621419713
                ],
                [
                    883.309316232988,
                    1354.1549403275
                ],
                [
                    926.9325790916706,
                    1355.2381657670799
                ],
                [
                    959.3300776141305,
                    1345.538315910056
                ],
                [
                    967.4779514940303,
                    1337.9724330215774
                ],
                [
                    995.9955100736805,
                    1342.8223579500896
                ]
            ]
        }
    ]
}