{
    "IMAGE_INFO": {
        "FILE_NAME": "264283@1_07003_220823_P1_T1.jpg",
        "DATE": "2022-08-23 10:04:41",
        "RESOLUTION": "4032 x 2268",
        "IMAGE_PHOTOGRAPHER": "정영길",
        "FOCUS_DISTANCE": "4.2",
        "EXPOSURE_TIME": "0.01000",
        "SENSITIVITY_ISO": null,
        "PLACE": "주택가분리수거장",
        "REGION_NAME": null,
        "Direction": "1",
        "HEIGHT": null,
        "DAY/NIGHT": "주간",
        "WEATHER": "맑음",
        "IMAGE_HEIGHT": 2268,
        "IMAGE_WIDTH": 4032,
        "IMAGE_SIZE": "5.1 MB"
    },
    "ANNOTATION_INFO": [
        {
            "ID": "1",
            "CLASS": "유리병",
            "DETAILS": "투명",
            "DAMAGE": "원형",
            "DIRTINESS": "이물질(외부)",
            "COVER": "없음",
            "TRANSPARENCY": "투명",
            "SHAPE": "유리병형",
            "SHAPE_TYPE": "POLYGON",
            "POINTS": [
                [
                    1865.0095400487517,
                    1605.443887973756
                ],
                [
                    1921.7574850061214,
                    1602.0926313817852
                ],
                [
                    1985.2079431474322,
                    1596.2837866223695
                ],
                [
                    2045.753978909035,
                    1594.0496155610558
                ],
                [
                    2126.854388434725,
                    1589.357856332297
                ],
                [
                    2148.972681941731,
                    1590.474941862954
                ],
                [
                    2169.7504728119484,
                    1579.3040865563848
                ],
                [
                    2185.166253135014,
                    1567.462979931422
                ],
                [
                    2189.8580123637726,
                    1552.9408680328825
                ],
                [
                    2199.688365033553,
                    1491.7245809528852
                ],
                [
                    2206.3908782174944,
                    1450.8392505308432
                ],
                [
                    2215.1041453566186,
                    1390.7400489815032
                ],
                [
                    2217.7851506301945,
                    1362.5894936089499
                ],
                [
                    2217.7851506301945,
                    1325.9490882034038
                ],
                [
                    2210.188969021728,
                    1294.8941104511425
                ],
                [
                    2194.5497715925317,
                    1274.5631537931872
                ],
                [
                    2192.092183425086,
                    1255.1258655597576
                ],
                [
                    2176.8998202081525,
                    1193.686161373629
                ],
                [
                    2157.909366186986,
                    1107.8939926191802
                ],
                [
                    2125.8087963780304,
                    960.4655126252076
                ],
                [
                    2120.6870039033897,
                    938.0171337489184
                ],
                [
                    2122.1694925794664,
                    925.4983404842693
                ],
                [
                    2120.6870039033897,
                    906.22598769527
                ],
                [
                    2117.392584623219,
                    898.8135443148858
                ],
                [
                    2112.6156766669715,
                    875.0937254976559
                ],
                [
                    2095.978859302109,
                    861.9160483769726
                ],
                [
                    2083.2953450734512,
                    847.7500454722381
                ],
                [
                    2045.0800814234694,
                    848.9030922202978
                ],
                [
                    2001.099584033189,
                    850.0561389683577
                ],
                [
                    1996.4876599208817,
                    832.8741969656355
                ],
                [
                    1973.4955498291383,
                    803.4318116445347
                ],
                [
                    1973.703623223634,
                    781.5841052225164
                ],
                [
                    1970.8946323979458,
                    766.0826373326081
                ],
                [
                    1967.1493112970284,
                    763.8978666904063
                ],
                [
                    1964.9645406548266,
                    750.165022653709
                ],
                [
                    1963.5080268933584,
                    742.8824538463696
                ],
                [
                    1959.2425223062025,
                    727.9011694426998
                ],
                [
                    1953.104357168588,
                    714.8965822867366
                ],
                [
                    1943.6370177190465,
                    704.9090593509568
                ],
                [
                    1931.8808709300558,
                    697.4184171491218
                ],
                [
                    1915.6511461594137,
                    691.5923621032503
                ],
                [
                    1892.2428892786797,
                    691.384288708755
                ],
                [
                    1876.5333479942758,
                    695.6497932959109
                ],
                [
                    1860.3036232236338,
                    706.57364650692
                ],
                [
                    1847.8192195539089,
                    718.641903387654
                ],
                [
                    1841.785091113542,
                    729.8778666904061
                ],
                [
                    1839.60032047134,
                    741.5299767821493
                ],
                [
                    1841.6810544162943,
                    754.1184171491219
                ],
                [
                    1841.4729810217987,
                    768.6835547638007
                ],
                [
                    1842.5133479942758,
                    781.4800685252686
                ],
                [
                    1845.3223388199638,
                    783.8729125619658
                ],
                [
                    1845.1142654254684,
                    790.94740797481
                ],
                [
                    1844.4900452419818,
                    802.8075914610484
                ],
                [
                    1845.3223388199633,
                    815.3960318280209
                ],
                [
                    1848.339403040147,
                    819.3494263234337
                ],
                [
                    1848.963623223633,
                    824.1351143968283
                ],
                [
                    1846.154632397945,
                    831.7297932959108
                ],
                [
                    1843.4496782695046,
                    839.6365822867365
                ],
                [
                    1842.5133479942756,
                    853.7855731124247
                ],
                [
                    1820.0414213887707,
                    854.3057565986633
                ],
                [
                    1808.389311297028,
                    855.6582336628834
                ],
                [
                    1794.3443571685873,
                    867.206307057379
                ],
                [
                    1775.3056415722572,
                    883.6441052225166
                ],
                [
                    1772.3698102706205,
                    890.7086115144211
                ],
                [
                    1772.2657735733726,
                    903.8172353676322
                ],
                [
                    1770.0267373898864,
                    999.704113899742
                ],
                [
                    1769.6856526343806,
                    1040.2436998387127
                ],
                [
                    1769.3802693774376,
                    1086.3565716371547
                ],
                [
                    1772.2814103183994,
                    1121.6283378141088
                ],
                [
                    1781.137524769756,
                    1180.7199980326423
                ],
                [
                    1791.8259387627727,
                    1239.048200108817
                ],
                [
                    1802.4215162456783,
                    1365.1690421603546
                ],
                [
                    1813.7671150076364,
                    1479.6804343159347
                ],
                [
                    1816.4056263476268,
                    1555.1418586396578
                ],
                [
                    1827.6161333289776,
                    1584.1718158067674
                ],
                [
                    1859.0925182105261,
                    1604.5706746785008
                ]
            ]
        }
    ]
}