{
    "IMAGE_INFO": {
        "FILE_NAME": "264297@1_07003_220823_P1_T1.jpg",
        "DATE": "2022-08-23 10:00:20",
        "RESOLUTION": "4032 x 2268",
        "IMAGE_PHOTOGRAPHER": "정영길",
        "FOCUS_DISTANCE": "4.2",
        "EXPOSURE_TIME": "0.01000",
        "SENSITIVITY_ISO": null,
        "PLACE": "주택가분리수거장",
        "REGION_NAME": null,
        "Direction": "1",
        "HEIGHT": null,
        "DAY/NIGHT": "주간",
        "WEATHER": "맑음",
        "IMAGE_HEIGHT": 2268,
        "IMAGE_WIDTH": 4032,
        "IMAGE_SIZE": "5.5 MB"
    },
    "ANNOTATION_INFO": [
        {
            "ID": "1",
            "CLASS": "유리병",
            "DETAILS": "투명",
            "DAMAGE": "원형",
            "DIRTINESS": "이물질(외부)",
            "COVER": "없음",
            "TRANSPARENCY": "투명",
            "SHAPE": "유리병형",
            "SHAPE_TYPE": "POLYGON",
            "POINTS": [
                [
                    1765.1788521668404,
                    1541.518030771918
                ],
                [
                    1791.7654877964744,
                    1547.997126849728
                ],
                [
                    1834.6615721736985,
                    1555.3698913520634
                ],
                [
                    1871.9722288976382,
                    1555.5933084581945
                ],
                [
                    1919.3366553974904,
                    1548.2205439558593
                ],
                [
                    1950.3916331497514,
                    1538.3901912860786
                ],
                [
                    1982.3402793265384,
                    1518.5060688403862
                ],
                [
                    2014.0655083971938,
                    1488.5681766187815
                ],
                [
                    2027.9173689773388,
                    1465.3327975811185
                ],
                [
                    2044.6736519371923,
                    1431.3733974491493
                ],
                [
                    2044.450234831061,
                    1409.4785210482746
                ],
                [
                    2043.5565664065355,
                    1373.9552011733856
                ],
                [
                    2036.1838019041998,
                    1339.3255497230225
                ],
                [
                    2031.7154597815722,
                    1323.016100975432
                ],
                [
                    2016.0762623523765,
                    1220.6910663672618
                ],
                [
                    2008.9269149561721,
                    1145.8463358132506
                ],
                [
                    2001.3307333477053,
                    1109.6527646199675
                ],
                [
                    1982.3402793265386,
                    1062.0649210139848
                ],
                [
                    1960.4454029256638,
                    1023.190344547125
                ],
                [
                    1934.3056015082925,
                    972.9214956675654
                ],
                [
                    1898.5588645272724,
                    900.7577703871309
                ],
                [
                    1890.2924316004114,
                    883.1078190027521
                ],
                [
                    1891.8563513433314,
                    872.1603808023146
                ],
                [
                    1891.8563513433314,
                    859.2021886466948
                ],
                [
                    1888.058260539098,
                    842.4459056868417
                ],
                [
                    1886.4943407961782,
                    821.6681148166236
                ],
                [
                    1877.7810736570545,
                    806.2523344935587
                ],
                [
                    1843.598256418954,
                    785.6979607294721
                ],
                [
                    1819.4692089567652,
                    779.4422817577936
                ],
                [
                    1793.5528246455258,
                    782.7935383497642
                ],
                [
                    1772.3281995630448,
                    793.964393656333
                ],
                [
                    1754.6782481786663,
                    810.4972595100548
                ],
                [
                    1745.7415639334113,
                    829.2642964250904
                ],
                [
                    1743.0605586598344,
                    850.7123386137026
                ],
                [
                    1744.8478955088858,
                    856.297766266987
                ],
                [
                    1746.188398145674,
                    882.2141505782267
                ],
                [
                    1746.6352323579365,
                    891.8210861418759
                ],
                [
                    1742.613724447572,
                    919.9716415144293
                ],
                [
                    1714.910003287281,
                    993.475869431652
                ],
                [
                    1691.674624249618,
                    1072.1186907898964
                ],
                [
                    1679.3283744317694,
                    1114.1074242090403
                ],
                [
                    1673.7193815510352,
                    1146.6827290163799
                ],
                [
                    1670.6991546152556,
                    1182.709721750325
                ],
                [
                    1673.5036510556226,
                    1196.300742961334
                ],
                [
                    1676.092417000577,
                    1303.73452967693
                ],
                [
                    1677.386799973054,
                    1369.5323307778472
                ],
                [
                    1675.6609560097506,
                    1410.305394410875
                ],
                [
                    1679.7598354225947,
                    1435.7615928695905
                ],
                [
                    1693.3508566336038,
                    1472.8672380805992
                ],
                [
                    1711.6879487436956,
                    1501.9908549613333
                ],
                [
                    1735.4183032391086,
                    1524.8582874750948
                ]
            ]
        }
    ]
}