{
    "IMAGE_INFO": {
        "FILE_NAME": "286055@1_09001_220825_P1_T1.jpg",
        "DATE": "2022-08-25 10:05:36",
        "RESOLUTION": "4032 x 2268",
        "IMAGE_PHOTOGRAPHER": "김복선",
        "FOCUS_DISTANCE": "4.2",
        "EXPOSURE_TIME": "0.00316",
        "SENSITIVITY_ISO": null,
        "PLACE": "주택가분리수거장",
        "REGION_NAME": null,
        "Direction": "1",
        "HEIGHT": null,
        "DAY/NIGHT": "주간",
        "WEATHER": "비",
        "IMAGE_HEIGHT": 2268,
        "IMAGE_WIDTH": 4032,
        "IMAGE_SIZE": "4.3 MB"
    },
    "ANNOTATION_INFO": [
        {
            "ID": "1",
            "CLASS": "형광등",
            "DETAILS": "형광등",
            "DAMAGE": "원형",
            "DIRTINESS": "오염없음",
            "COVER": "없음",
            "TRANSPARENCY": "불투명",
            "SHAPE": "전구형",
            "SHAPE_TYPE": "BOX",
            "POINTS": [
                [
                    1668.3722801261829,
                    732.4433620401842,
                    684.5679687066249,
                    842.5383486443993
                ]
            ]
        }
    ]
}