{
    "IMAGE_INFO": {
        "FILE_NAME": "286124@2_09001_220825_P1_T1.jpg",
        "DATE": "2022-08-25 10:00:49",
        "RESOLUTION": "4032 x 2268",
        "IMAGE_PHOTOGRAPHER": "김복선",
        "FOCUS_DISTANCE": "4.2",
        "EXPOSURE_TIME": "0.00218",
        "SENSITIVITY_ISO": null,
        "PLACE": "주택가분리수거장",
        "REGION_NAME": null,
        "Direction": "2",
        "HEIGHT": null,
        "DAY/NIGHT": "주간",
        "WEATHER": "비",
        "IMAGE_HEIGHT": 2268,
        "IMAGE_WIDTH": 4032,
        "IMAGE_SIZE": "5.4 MB"
    },
    "ANNOTATION_INFO": [
        {
            "ID": "1",
            "CLASS": "형광등",
            "DETAILS": "형광등",
            "DAMAGE": "원형",
            "DIRTINESS": "오염없음",
            "COVER": "없음",
            "TRANSPARENCY": "불투명",
            "SHAPE": "원형",
            "SHAPE_TYPE": "BOX",
            "POINTS": [
                [
                    831.892915804585,
                    196.0445368950704,
                    2347.1867325323265,
                    1787.0114288069476
                ]
            ]
        }
    ]
}