{
    "IMAGE_INFO": {
        "FILE_NAME": "289745@5_09001_220825_P1_T1.jpg",
        "DATE": "2022-08-25 09:30:47",
        "RESOLUTION": "4624 x 2600",
        "IMAGE_PHOTOGRAPHER": "박하림",
        "FOCUS_DISTANCE": "4.7",
        "EXPOSURE_TIME": "0.00800",
        "SENSITIVITY_ISO": null,
        "PLACE": "주택가분리수거장",
        "REGION_NAME": null,
        "Direction": "5",
        "HEIGHT": null,
        "DAY/NIGHT": "주간",
        "WEATHER": "비",
        "IMAGE_HEIGHT": 2600,
        "IMAGE_WIDTH": 4624,
        "IMAGE_SIZE": "7.7 MB"
    },
    "ANNOTATION_INFO": [
        {
            "ID": "1",
            "CLASS": "형광등",
            "DETAILS": "형광등",
            "DAMAGE": "원형",
            "DIRTINESS": "오염없음",
            "COVER": "없음",
            "TRANSPARENCY": "불투명",
            "SHAPE": "원형",
            "SHAPE_TYPE": "BOX",
            "POINTS": [
                [
                    1222.0899858156029,
                    390.8836135035459,
                    2104.4348368794326,
                    1971.4977437283464
                ]
            ]
        }
    ]
}