{
    "IMAGE_INFO": {
        "FILE_NAME": "289753@4_09001_220825_P1_T1.jpg",
        "DATE": "2022-08-25 09:30:03",
        "RESOLUTION": "4624 x 2600",
        "IMAGE_PHOTOGRAPHER": "박하림",
        "FOCUS_DISTANCE": "4.7",
        "EXPOSURE_TIME": "0.00800",
        "SENSITIVITY_ISO": null,
        "PLACE": "주택가분리수거장",
        "REGION_NAME": null,
        "Direction": "4",
        "HEIGHT": null,
        "DAY/NIGHT": "주간",
        "WEATHER": "비",
        "IMAGE_HEIGHT": 2600,
        "IMAGE_WIDTH": 4624,
        "IMAGE_SIZE": "6.9 MB"
    },
    "ANNOTATION_INFO": [
        {
            "ID": "1",
            "CLASS": "형광등",
            "DETAILS": "형광등",
            "DAMAGE": "원형",
            "DIRTINESS": "오염없음",
            "COVER": "없음",
            "TRANSPARENCY": "불투명",
            "SHAPE": "막대형",
            "SHAPE_TYPE": "BOX",
            "POINTS": [
                [
                    2168.9080693236624,
                    215.4795409792908,
                    398.72372148257955,
                    2113.4861212301935
                ]
            ]
        }
    ]
}