{
    "IMAGE_INFO": {
        "FILE_NAME": "289718@4_09001_220825_P1_T1.jpg",
        "DATE": "2022-08-25 07:27:16",
        "RESOLUTION": "4624 x 2600",
        "IMAGE_PHOTOGRAPHER": "박하림",
        "FOCUS_DISTANCE": "4.7",
        "EXPOSURE_TIME": "0.00800",
        "SENSITIVITY_ISO": null,
        "PLACE": "주택가분리수거장",
        "REGION_NAME": null,
        "Direction": "4",
        "HEIGHT": null,
        "DAY/NIGHT": "주간",
        "WEATHER": "비",
        "IMAGE_HEIGHT": 2600,
        "IMAGE_WIDTH": 4624,
        "IMAGE_SIZE": "5.0 MB"
    },
    "ANNOTATION_INFO": [
        {
            "ID": "1",
            "CLASS": "형광등",
            "DETAILS": "형광등",
            "DAMAGE": "원형",
            "DIRTINESS": "오염없음",
            "COVER": "없음",
            "TRANSPARENCY": "불투명",
            "SHAPE": "원형",
            "SHAPE_TYPE": "BOX",
            "POINTS": [
                [
                    1114.7501843971634,
                    277.81346457747605,
                    2658.0157730496458,
                    1944.6333439331622
                ]
            ]
        }
    ]
}