{
    "IMAGE_INFO": {
        "FILE_NAME": "289804@1_09001_220825_P1_T1.jpg",
        "DATE": "2022-08-25 09:29:46",
        "RESOLUTION": "4624 x 2600",
        "IMAGE_PHOTOGRAPHER": "박하림",
        "FOCUS_DISTANCE": "4.7",
        "EXPOSURE_TIME": "0.00800",
        "SENSITIVITY_ISO": null,
        "PLACE": "주택가분리수거장",
        "REGION_NAME": null,
        "Direction": "1",
        "HEIGHT": null,
        "DAY/NIGHT": "주간",
        "WEATHER": "비",
        "IMAGE_HEIGHT": 2600,
        "IMAGE_WIDTH": 4624,
        "IMAGE_SIZE": "7.3 MB"
    },
    "ANNOTATION_INFO": [
        {
            "ID": "1",
            "CLASS": "형광등",
            "DETAILS": "형광등",
            "DAMAGE": "원형",
            "DIRTINESS": "오염없음",
            "COVER": "없음",
            "TRANSPARENCY": "불투명",
            "SHAPE": "막대형",
            "SHAPE_TYPE": "BOX",
            "POINTS": [
                [
                    1568.4850526890862,
                    1096.5007600567374,
                    1514.0651568541787,
                    174.0284642590018
                ]
            ]
        }
    ]
}