{
    "IMAGE_INFO": {
        "FILE_NAME": "291247@2_09001_220825_P1_T1.jpg",
        "DATE": "2022-08-25 13:53:36",
        "RESOLUTION": "4000 x 2250",
        "IMAGE_PHOTOGRAPHER": "전성애",
        "FOCUS_DISTANCE": "4.6",
        "EXPOSURE_TIME": "0.01667",
        "SENSITIVITY_ISO": null,
        "PLACE": "주택가분리수거장",
        "REGION_NAME": null,
        "Direction": "2",
        "HEIGHT": null,
        "DAY/NIGHT": "주간",
        "WEATHER": "비",
        "IMAGE_HEIGHT": 2250,
        "IMAGE_WIDTH": 4000,
        "IMAGE_SIZE": "2.6 MB"
    },
    "ANNOTATION_INFO": [
        {
            "ID": "1",
            "CLASS": "형광등",
            "DETAILS": "형광등",
            "DAMAGE": "원형",
            "DIRTINESS": "오염없음",
            "COVER": "없음",
            "TRANSPARENCY": "불투명",
            "SHAPE": "전구형",
            "SHAPE_TYPE": "BOX",
            "POINTS": [
                [
                    538.7223974763408,
                    691.413643533123,
                    2988.880126182965,
                    929.8107255520505
                ]
            ]
        }
    ]
}