{
    "IMAGE_INFO": {
        "FILE_NAME": "291280@3_09001_220825_P1_T1.jpg",
        "DATE": "2022-08-25 13:58:35",
        "RESOLUTION": "4000 x 2250",
        "IMAGE_PHOTOGRAPHER": "전성애",
        "FOCUS_DISTANCE": "4.6",
        "EXPOSURE_TIME": "0.01667",
        "SENSITIVITY_ISO": null,
        "PLACE": "주택가분리수거장",
        "REGION_NAME": null,
        "Direction": "3",
        "HEIGHT": null,
        "DAY/NIGHT": "주간",
        "WEATHER": "비",
        "IMAGE_HEIGHT": 2250,
        "IMAGE_WIDTH": 4000,
        "IMAGE_SIZE": "5.0 MB"
    },
    "ANNOTATION_INFO": [
        {
            "ID": "1",
            "CLASS": "형광등",
            "DETAILS": "형광등",
            "DAMAGE": "원형",
            "DIRTINESS": "오염없음",
            "COVER": "없음",
            "TRANSPARENCY": "불투명",
            "SHAPE": "막대형",
            "SHAPE_TYPE": "BOX",
            "POINTS": [
                [
                    1662.2176656151419,
                    206.0950315457413,
                    490.5425867507888,
                    1550.697160883281
                ]
            ]
        }
    ]
}