{
    "IMAGE_INFO": {
        "FILE_NAME": "291345@2_09001_220825_P1_T1.jpg",
        "DATE": "2022-08-25 14:00:08",
        "RESOLUTION": "4000 x 2250",
        "IMAGE_PHOTOGRAPHER": "전성애",
        "FOCUS_DISTANCE": "4.6",
        "EXPOSURE_TIME": "0.01667",
        "SENSITIVITY_ISO": null,
        "PLACE": "주택가분리수거장",
        "REGION_NAME": null,
        "Direction": "2",
        "HEIGHT": null,
        "DAY/NIGHT": "주간",
        "WEATHER": "비",
        "IMAGE_HEIGHT": 2250,
        "IMAGE_WIDTH": 4000,
        "IMAGE_SIZE": "3.9 MB"
    },
    "ANNOTATION_INFO": [
        {
            "ID": "1",
            "CLASS": "형광등",
            "DETAILS": "형광등",
            "DAMAGE": "원형",
            "DIRTINESS": "오염없음",
            "COVER": "없음",
            "TRANSPARENCY": "불투명",
            "SHAPE": "막대형",
            "SHAPE_TYPE": "BOX",
            "POINTS": [
                [
                    176.87697160883272,
                    820.195977917981,
                    3687.870662460568,
                    335.4132492113565
                ]
            ]
        }
    ]
}