{
    "IMAGE_INFO": {
        "FILE_NAME": "293571@3_09001_220825_P1_T1.jpg",
        "DATE": "2022-08-25 08:32:43",
        "RESOLUTION": "4032 x 3024",
        "IMAGE_PHOTOGRAPHER": "정영길",
        "FOCUS_DISTANCE": "3.99",
        "EXPOSURE_TIME": "0.00833",
        "SENSITIVITY_ISO": null,
        "PLACE": "주택가분리수거장",
        "REGION_NAME": null,
        "Direction": "3",
        "HEIGHT": null,
        "DAY/NIGHT": "주간",
        "WEATHER": "비",
        "IMAGE_HEIGHT": 3024,
        "IMAGE_WIDTH": 4032,
        "IMAGE_SIZE": "3.9 MB"
    },
    "ANNOTATION_INFO": [
        {
            "ID": "1",
            "CLASS": "형광등",
            "DETAILS": "형광등",
            "DAMAGE": "원형",
            "DIRTINESS": "오염없음",
            "COVER": "없음",
            "TRANSPARENCY": "불투명",
            "SHAPE": "전구형",
            "SHAPE_TYPE": "BOX",
            "POINTS": [
                [
                    1095.6215907611236,
                    182.90267234042557,
                    1664.6531012802448,
                    2588.662868676158
                ]
            ]
        }
    ]
}