{
    "IMAGE_INFO": {
        "FILE_NAME": "1000593@0_04003_220906_P1_T3__1250.jpg",
        "DATE": "2022-10-21 15:24:20",
        "RESOLUTION": "1920 x 1080",
        "IMAGE_PHOTOGRAPHER": "이지은",
        "FOCUS_DISTANCE": "5.6",
        "EXPOSURE_TIME": "1/400",
        "SENSITIVITY_ISO": "12800",
        "PLACE": "삼오자원",
        "REGION_NAME": null,
        "Direction": "0",
        "HEIGHT": "100",
        "DAY/NIGHT": "주간",
        "WEATHER": "맑음",
        "IMAGE_HEIGHT": 1080,
        "IMAGE_WIDTH": 1920,
        "IMAGE_SIZE": "562.4 KB"
    },
    "ANNOTATION_INFO": [
        {
            "ID": "1",
            "CLASS": "플라스틱",
            "DETAILS": "PS",
            "DAMAGE": "찌그러짐",
            "DIRTINESS": "오염없음",
            "COVER": "없음",
            "TRANSPARENCY": "불투명",
            "SHAPE": "식품용기형",
            "SHAPE_TYPE": "POLYGON",
            "POINTS": [
                [
                    192.96,
                    0
                ],
                [
                    173.952,
                    11.016
                ],
                [
                    124.992,
                    42.01199999999999
                ],
                [
                    105.984,
                    54
                ],
                [
                    96.96000000000001,
                    66.96
                ],
                [
                    96.96000000000001,
                    81
                ],
                [
                    96.96000000000001,
                    92.988
                ],
                [
                    100.992,
                    107.02799999999999
                ],
                [
                    110.01599999999999,
                    123.012
                ],
                [
                    129.98399999999998,
                    135
                ],
                [
                    157.05599999999998,
                    138.996
                ],
                [
                    171.072,
                    135
                ],
                [
                    224.064,
                    146.988
                ],
                [
                    245.952,
                    153.036
                ],
                [
                    264,
                    158.00400000000002
                ],
                [
                    278.976,
                    157.032
                ],
                [
                    302.976,
                    157.032
                ],
                [
                    331.968,
                    164.05200000000002
                ],
                [
                    346.944,
                    159.948
                ],
                [
                    364.99199999999996,
                    146.016
                ],
                [
                    377.08799999999997,
                    105.94800000000001
                ],
                [
                    373.056,
                    54
                ],
                [
                    360,
                    12.96
                ],
                [
                    354.048,
                    0
                ]
            ]
        },
        {
            "ID": "2",
            "CLASS": "플라스틱",
            "DETAILS": "PS",
            "DAMAGE": "원형",
            "DIRTINESS": "이물질(외부)",
            "COVER": "없음",
            "TRANSPARENCY": "불투명",
            "SHAPE": "식품용기형",
            "SHAPE_TYPE": "POLYGON",
            "POINTS": [
                [
                    821.952,
                    0
                ],
                [
                    820.992,
                    8.964
                ],
                [
                    828.096,
                    30.023999999999997
                ],
                [
                    812.928,
                    115.02
                ],
                [
                    806.976,
                    162
                ],
                [
                    811.968,
                    176.04000000000002
                ],
                [
                    820.0319999999999,
                    193.96800000000002
                ],
                [
                    830.0160000000001,
                    213.948
                ],
                [
                    864.96,
                    239.976
                ],
                [
                    906.048,
                    255.95999999999998
                ],
                [
                    937.92,
                    255.95999999999998
                ],
                [
                    973.056,
                    253.044
                ],
                [
                    1011.0719999999999,
                    226.044
                ],
                [
                    1022.9760000000001,
                    203.04
                ],
                [
                    1065.024,
                    95.03999999999999
                ],
                [
                    1081.92,
                    83.05199999999999
                ],
                [
                    1094.976,
                    70.95599999999999
                ],
                [
                    1102.08,
                    50.004
                ],
                [
                    1104,
                    24.948
                ],
                [
                    1097.088,
                    0
                ]
            ]
        }
    ]
}