{
    "IMAGE_INFO": {
        "FILE_NAME": "1000594@0_04003_220906_P1_T3__1423.jpg",
        "DATE": "2022-10-21 15:24:46",
        "RESOLUTION": "1920 x 1080",
        "IMAGE_PHOTOGRAPHER": "이지은",
        "FOCUS_DISTANCE": "5.6",
        "EXPOSURE_TIME": "1/400",
        "SENSITIVITY_ISO": "12800",
        "PLACE": "삼오자원",
        "REGION_NAME": null,
        "Direction": "0",
        "HEIGHT": "100",
        "DAY/NIGHT": "주간",
        "WEATHER": "맑음",
        "IMAGE_HEIGHT": 1080,
        "IMAGE_WIDTH": 1920,
        "IMAGE_SIZE": "586.8 KB"
    },
    "ANNOTATION_INFO": [
        {
            "ID": "1",
            "CLASS": "플라스틱",
            "DETAILS": "PS",
            "DAMAGE": "찌그러짐",
            "DIRTINESS": "오염없음",
            "COVER": "없음",
            "TRANSPARENCY": "불투명",
            "SHAPE": "식품용기형",
            "SHAPE_TYPE": "POLYGON",
            "POINTS": [
                [
                    1498.944,
                    698.976
                ],
                [
                    1491.072,
                    697.0319999999999
                ],
                [
                    1488,
                    697.0319999999999
                ],
                [
                    1464.96,
                    683.9639999999999
                ],
                [
                    1460.928,
                    677.052
                ],
                [
                    1454.976,
                    662.04
                ],
                [
                    1449.984,
                    654.048
                ],
                [
                    1449.984,
                    645.948
                ],
                [
                    1445.952,
                    632.9879999999999
                ],
                [
                    1448.0639999999999,
                    613.98
                ],
                [
                    1444.032,
                    612.036
                ],
                [
                    1435.968,
                    602.964
                ],
                [
                    1435.968,
                    598.968
                ],
                [
                    1433.088,
                    594.972
                ],
                [
                    1429.056,
                    582.9839999999999
                ],
                [
                    1424.064,
                    574.02
                ],
                [
                    1422.912,
                    573.048
                ],
                [
                    1387.968,
                    573.048
                ],
                [
                    1380.096,
                    570.996
                ],
                [
                    1378.944,
                    570.024
                ],
                [
                    1378.944,
                    566.028
                ],
                [
                    1386.048,
                    559.9799999999999
                ],
                [
                    1416,
                    543.024
                ],
                [
                    1434.048,
                    535.032
                ],
                [
                    1444.9920000000002,
                    528.0120000000001
                ],
                [
                    1459.9679999999998,
                    520.992
                ],
                [
                    1473.9840000000002,
                    520.02
                ],
                [
                    1481.088,
                    520.992
                ],
                [
                    1498.944,
                    517.9680000000001
                ],
                [
                    1503.936,
                    517.9680000000001
                ],
                [
                    1513.92,
                    516.024
                ],
                [
                    1521.0240000000001,
                    516.024
                ],
                [
                    1527.936,
                    515.052
                ],
                [
                    1541.952,
                    515.052
                ],
                [
                    1573.056,
                    506.952
                ],
                [
                    1578.048,
                    505.00800000000004
                ],
                [
                    1588.032,
                    504.036
                ],
                [
                    1590.912,
                    504.036
                ],
                [
                    1590.912,
                    506.952
                ],
                [
                    1589.952,
                    509.976
                ],
                [
                    1588.032,
                    512.028
                ],
                [
                    1584.96,
                    513
                ],
                [
                    1579.9679999999998,
                    517.9680000000001
                ],
                [
                    1574.976,
                    520.992
                ],
                [
                    1571.904,
                    520.992
                ],
                [
                    1569.0240000000001,
                    523.044
                ],
                [
                    1568.0639999999999,
                    527.04
                ],
                [
                    1569.984,
                    528.0120000000001
                ],
                [
                    1574.0159999999998,
                    537.948
                ],
                [
                    1580.928,
                    548.9639999999999
                ],
                [
                    1579.9679999999998,
                    569.052
                ],
                [
                    1578.048,
                    574.02
                ],
                [
                    1589.952,
                    597.024
                ],
                [
                    1596.096,
                    621
                ],
                [
                    1597.056,
                    628.9920000000001
                ],
                [
                    1594.944,
                    636.984
                ],
                [
                    1594.944,
                    648.972
                ],
                [
                    1592.064,
                    660.96
                ],
                [
                    1587.0720000000001,
                    667.008
                ],
                [
                    1571.904,
                    677.052
                ],
                [
                    1555.968,
                    686.9879999999999
                ],
                [
                    1551.9360000000001,
                    689.04
                ],
                [
                    1549.056,
                    689.04
                ],
                [
                    1546.944,
                    690.984
                ],
                [
                    1536.96,
                    695.952
                ],
                [
                    1535.04,
                    695.952
                ],
                [
                    1526.976,
                    698.976
                ],
                [
                    1498.944,
                    698.976
                ]
            ]
        }
    ]
}