{
    "IMAGE_INFO": {
        "FILE_NAME": "1001295@0_04003_220906_P1_T3__2240.jpg",
        "DATE": "2022-10-21 15:33:10",
        "RESOLUTION": "1920 x 1080",
        "IMAGE_PHOTOGRAPHER": "이지은",
        "FOCUS_DISTANCE": "5.6",
        "EXPOSURE_TIME": "1/400",
        "SENSITIVITY_ISO": "12800",
        "PLACE": "삼오자원",
        "REGION_NAME": null,
        "Direction": "0",
        "HEIGHT": "100",
        "DAY/NIGHT": "주간",
        "WEATHER": "맑음",
        "IMAGE_HEIGHT": 1080,
        "IMAGE_WIDTH": 1920,
        "IMAGE_SIZE": "607.1 KB"
    },
    "ANNOTATION_INFO": [
        {
            "ID": "1",
            "CLASS": "플라스틱",
            "DETAILS": "PS",
            "DAMAGE": "찌그러짐",
            "DIRTINESS": "오염없음",
            "COVER": "없음",
            "TRANSPARENCY": "불투명",
            "SHAPE": "음료용기형",
            "SHAPE_TYPE": "POLYGON",
            "POINTS": [
                [
                    1027.968,
                    508.032
                ],
                [
                    1014.9119999999999,
                    505.00800000000004
                ],
                [
                    1008,
                    497.016
                ],
                [
                    1001.088,
                    497.988
                ],
                [
                    996.0960000000001,
                    504.036
                ],
                [
                    989.9519999999999,
                    505.00800000000004
                ],
                [
                    984.96,
                    497.988
                ],
                [
                    983.04,
                    490.968
                ],
                [
                    970.9440000000001,
                    483.948
                ],
                [
                    966.912,
                    474.98400000000004
                ],
                [
                    961.92,
                    470.01599999999996
                ],
                [
                    940.0319999999999,
                    455.976
                ],
                [
                    907.0079999999999,
                    428.00399999999996
                ],
                [
                    891.072,
                    408.024
                ],
                [
                    883.0079999999999,
                    392.03999999999996
                ],
                [
                    879.9359999999999,
                    389.988
                ],
                [
                    878.976,
                    384.048
                ],
                [
                    868.992,
                    369.036
                ],
                [
                    867.072,
                    359.964
                ],
                [
                    862.08,
                    354.996
                ],
                [
                    858.048,
                    343.98
                ],
                [
                    853.0559999999999,
                    336.96
                ],
                [
                    848.064,
                    321.948
                ],
                [
                    840.96,
                    312.984
                ],
                [
                    835.008,
                    300.996
                ],
                [
                    835.008,
                    288.036
                ],
                [
                    840.96,
                    270.97200000000004
                ],
                [
                    849.9839999999999,
                    254.016
                ],
                [
                    879.9359999999999,
                    213.948
                ],
                [
                    902.976,
                    192.996
                ],
                [
                    912.9599999999999,
                    189
                ],
                [
                    925.056,
                    189
                ],
                [
                    949.056,
                    193.96800000000002
                ],
                [
                    978.0479999999999,
                    196.99200000000002
                ],
                [
                    983.04,
                    200.016
                ],
                [
                    1011.0719999999999,
                    204.012
                ],
                [
                    1056.96,
                    216
                ],
                [
                    1068.096,
                    220.96800000000002
                ],
                [
                    1091.904,
                    239.976
                ],
                [
                    1122.048,
                    261.036
                ],
                [
                    1132.032,
                    265.032
                ],
                [
                    1145.0880000000002,
                    277.992
                ],
                [
                    1147.008,
                    277.992
                ],
                [
                    1148.928,
                    280.044
                ],
                [
                    1155.0720000000001,
                    277.02
                ],
                [
                    1156.992,
                    278.964
                ],
                [
                    1155.0720000000001,
                    286.956
                ],
                [
                    1137.984,
                    308.016
                ],
                [
                    1143.936,
                    312.984
                ],
                [
                    1148.928,
                    324
                ],
                [
                    1147.008,
                    335.01599999999996
                ],
                [
                    1099.008,
                    382.968
                ],
                [
                    1054.0800000000002,
                    456.948
                ],
                [
                    1033.92,
                    502.956
                ],
                [
                    1027.968,
                    508.032
                ]
            ]
        },
        {
            "ID": "2",
            "CLASS": "플라스틱",
            "DETAILS": "PS",
            "DAMAGE": "찌그러짐",
            "DIRTINESS": "오염없음",
            "COVER": "없음",
            "TRANSPARENCY": "불투명",
            "SHAPE": "음료용기형",
            "SHAPE_TYPE": "POLYGON",
            "POINTS": [
                [
                    697.92,
                    515.052
                ],
                [
                    680.0640000000001,
                    513.972
                ],
                [
                    670.0799999999999,
                    513.972
                ],
                [
                    639.9359999999999,
                    508.032
                ],
                [
                    637.0559999999999,
                    506.952
                ],
                [
                    624,
                    500.04
                ],
                [
                    611.904,
                    497.016
                ],
                [
                    609.024,
                    494.964
                ],
                [
                    605.952,
                    493.99199999999996
                ],
                [
                    605.952,
                    493.02000000000004
                ],
                [
                    598.08,
                    489.024
                ],
                [
                    580.992,
                    488.052
                ],
                [
                    571.968,
                    486
                ],
                [
                    567.936,
                    486
                ],
                [
                    562.9440000000001,
                    481.03200000000004
                ],
                [
                    558.912,
                    466.992
                ],
                [
                    558.912,
                    447.012
                ],
                [
                    555.072,
                    438.048
                ],
                [
                    553.92,
                    432.972
                ],
                [
                    553.92,
                    416.988
                ],
                [
                    555.072,
                    412.02
                ],
                [
                    552.9599999999999,
                    405
                ],
                [
                    552.9599999999999,
                    394.956
                ],
                [
                    555.072,
                    389.988
                ],
                [
                    558.912,
                    388.044
                ],
                [
                    558.912,
                    385.992
                ],
                [
                    567.936,
                    381.99600000000004
                ],
                [
                    579.072,
                    381.024
                ],
                [
                    586.9440000000001,
                    381.024
                ],
                [
                    595.9680000000001,
                    378
                ],
                [
                    601.92,
                    370.00800000000004
                ],
                [
                    609.024,
                    366.984
                ],
                [
                    614.016,
                    363.96000000000004
                ],
                [
                    618.048,
                    363.96000000000004
                ],
                [
                    633.024,
                    355.968
                ],
                [
                    635.904,
                    355.968
                ],
                [
                    646.08,
                    354.024
                ],
                [
                    653.952,
                    353.052
                ],
                [
                    662.976,
                    353.052
                ],
                [
                    676.032,
                    351.97200000000004
                ],
                [
                    695.04,
                    351.97200000000004
                ],
                [
                    714.048,
                    351
                ],
                [
                    733.0559999999999,
                    351
                ],
                [
                    745.9200000000001,
                    351.97200000000004
                ],
                [
                    787.968,
                    353.052
                ],
                [
                    797.952,
                    354.996
                ],
                [
                    810.048,
                    354.996
                ],
                [
                    819.072,
                    358.99199999999996
                ],
                [
                    824.0640000000001,
                    358.99199999999996
                ],
                [
                    828.096,
                    358.02000000000004
                ],
                [
                    831.936,
                    358.02000000000004
                ],
                [
                    834.048,
                    358.99199999999996
                ],
                [
                    835.9680000000001,
                    362.016
                ],
                [
                    838.08,
                    393.012
                ],
                [
                    838.08,
                    424.008
                ],
                [
                    840.96,
                    442.044
                ],
                [
                    841.92,
                    462.024
                ],
                [
                    841.92,
                    497.988
                ],
                [
                    840.96,
                    505.00800000000004
                ],
                [
                    836.928,
                    508.032
                ],
                [
                    828.096,
                    506.952
                ],
                [
                    815.04,
                    509.976
                ],
                [
                    804.096,
                    509.976
                ],
                [
                    790.0799999999999,
                    512.028
                ],
                [
                    748.992,
                    515.052
                ],
                [
                    697.92,
                    515.052
                ]
            ]
        }
    ]
}