{
    "IMAGE_INFO": {
        "FILE_NAME": "1001243@0_04003_220906_P1_T3__1359.jpg",
        "DATE": "2022-10-21 15:30:46",
        "RESOLUTION": "1920 x 1080",
        "IMAGE_PHOTOGRAPHER": "이지은",
        "FOCUS_DISTANCE": "5.6",
        "EXPOSURE_TIME": "1/400",
        "SENSITIVITY_ISO": "12800",
        "PLACE": "삼오자원",
        "REGION_NAME": null,
        "Direction": "0",
        "HEIGHT": "100",
        "DAY/NIGHT": "주간",
        "WEATHER": "맑음",
        "IMAGE_HEIGHT": 1080,
        "IMAGE_WIDTH": 1920,
        "IMAGE_SIZE": "598.9 KB"
    },
    "ANNOTATION_INFO": [
        {
            "ID": "1",
            "CLASS": "플라스틱",
            "DETAILS": "PS",
            "DAMAGE": "찌그러짐",
            "DIRTINESS": "이물질(외부)",
            "COVER": "겹침",
            "TRANSPARENCY": "불투명",
            "SHAPE": "음료용기형",
            "SHAPE_TYPE": "POLYGON",
            "POINTS": [
                [
                    561.984,
                    280.044
                ],
                [
                    539.904,
                    165.024
                ],
                [
                    517.0559999999999,
                    132.948
                ],
                [
                    514.944,
                    124.956
                ],
                [
                    504,
                    110.052
                ],
                [
                    493.0559999999999,
                    104.00399999999999
                ],
                [
                    480,
                    100.98
                ],
                [
                    432.96000000000004,
                    110.052
                ],
                [
                    388.992,
                    123.984
                ],
                [
                    368.064,
                    135
                ],
                [
                    356.928,
                    154.008
                ],
                [
                    355.968,
                    169.02
                ],
                [
                    354.048,
                    189.972
                ],
                [
                    360,
                    224.96400000000003
                ],
                [
                    372.096,
                    254.988
                ],
                [
                    397.05600000000004,
                    323.02799999999996
                ],
                [
                    399.93600000000004,
                    332.964
                ],
                [
                    407.03999999999996,
                    338.04
                ],
                [
                    460.03200000000004,
                    405
                ],
                [
                    470.01599999999996,
                    425.952
                ],
                [
                    469.056,
                    435.024
                ],
                [
                    476.928,
                    435.024
                ],
                [
                    508.992,
                    424.008
                ],
                [
                    541.056,
                    415.044
                ],
                [
                    532.9920000000001,
                    378.972
                ],
                [
                    547.0079999999999,
                    334.04400000000004
                ]
            ]
        },
        {
            "ID": "2",
            "CLASS": "플라스틱",
            "DETAILS": "PS",
            "DAMAGE": "찌그러짐",
            "DIRTINESS": "오염없음",
            "COVER": "없음",
            "TRANSPARENCY": "불투명",
            "SHAPE": "식품용기형",
            "SHAPE_TYPE": "POLYGON",
            "POINTS": [
                [
                    853.0559999999999,
                    208.00799999999998
                ],
                [
                    665.088,
                    157.032
                ],
                [
                    638.016,
                    157.032
                ],
                [
                    622.08,
                    162.972
                ],
                [
                    609.024,
                    169.02
                ],
                [
                    600,
                    176.04000000000002
                ],
                [
                    589.056,
                    186.948
                ],
                [
                    533.952,
                    377.028
                ],
                [
                    537.024,
                    393.98400000000004
                ],
                [
                    541.056,
                    405.97200000000004
                ],
                [
                    542.976,
                    416.988
                ],
                [
                    553.92,
                    435.996
                ],
                [
                    569.088,
                    443.016
                ],
                [
                    613.0559999999999,
                    451.00800000000004
                ],
                [
                    635.904,
                    474.98400000000004
                ],
                [
                    643.968,
                    473.04
                ],
                [
                    763.0079999999999,
                    505.98
                ],
                [
                    782.016,
                    502.956
                ],
                [
                    796.032,
                    490.968
                ],
                [
                    819.072,
                    482.976
                ],
                [
                    836.928,
                    469.04400000000004
                ],
                [
                    873.984,
                    385.992
                ],
                [
                    901.056,
                    328.96799999999996
                ],
                [
                    902.016,
                    320.976
                ],
                [
                    892.9920000000001,
                    320.976
                ],
                [
                    883.968,
                    316.00800000000004
                ],
                [
                    887.0400000000001,
                    308.016
                ],
                [
                    888,
                    297
                ],
                [
                    882.048,
                    278.964
                ],
                [
                    872.064,
                    266.976
                ],
                [
                    864.96,
                    259.956
                ],
                [
                    849.9839999999999,
                    254.988
                ],
                [
                    843.072,
                    262.00800000000004
                ],
                [
                    838.08,
                    276.048
                ],
                [
                    836.928,
                    288.036
                ],
                [
                    834.048,
                    304.99199999999996
                ],
                [
                    830.976,
                    315.036
                ],
                [
                    829.056,
                    326.052
                ],
                [
                    829.056,
                    334.04400000000004
                ],
                [
                    820.0319999999999,
                    316.97999999999996
                ],
                [
                    811.968,
                    303.048
                ],
                [
                    811.008,
                    294.94800000000004
                ],
                [
                    804.096,
                    286.956
                ],
                [
                    797.952,
                    262.00800000000004
                ],
                [
                    805.056,
                    254.988
                ],
                [
                    804.096,
                    246.024
                ],
                [
                    815.04,
                    232.95600000000002
                ],
                [
                    830.0160000000001,
                    224.96400000000003
                ],
                [
                    841.92,
                    219.024
                ],
                [
                    851.904,
                    212.004
                ]
            ]
        }
    ]
}