{
    "IMAGE_INFO": {
        "FILE_NAME": "1001271@0_04003_220906_P1_T3__1321.jpg",
        "DATE": "2022-10-21 15:30:40",
        "RESOLUTION": "1920 x 1080",
        "IMAGE_PHOTOGRAPHER": "이지은",
        "FOCUS_DISTANCE": "5.6",
        "EXPOSURE_TIME": "1/400",
        "SENSITIVITY_ISO": "12800",
        "PLACE": "삼오자원",
        "REGION_NAME": null,
        "Direction": "0",
        "HEIGHT": "100",
        "DAY/NIGHT": "주간",
        "WEATHER": "맑음",
        "IMAGE_HEIGHT": 1080,
        "IMAGE_WIDTH": 1920,
        "IMAGE_SIZE": "580.4 KB"
    },
    "ANNOTATION_INFO": [
        {
            "ID": "1",
            "CLASS": "플라스틱",
            "DETAILS": "PS",
            "DAMAGE": "원형",
            "DIRTINESS": "오염없음",
            "COVER": "없음",
            "TRANSPARENCY": "불투명",
            "SHAPE": "식품용기형",
            "SHAPE_TYPE": "POLYGON",
            "POINTS": [
                [
                    1364.9279999999999,
                    763.9920000000001
                ],
                [
                    1358.9759999999999,
                    762.048
                ],
                [
                    1356.096,
                    762.048
                ],
                [
                    1350.912,
                    759.024
                ],
                [
                    1335.936,
                    751.032
                ],
                [
                    1325.952,
                    744.012
                ],
                [
                    1310.016,
                    729.972
                ],
                [
                    1304.064,
                    724.032
                ],
                [
                    1302.912,
                    721.0079999999999
                ],
                [
                    1300.0320000000002,
                    718.9559999999999
                ],
                [
                    1299.072,
                    717.0120000000001
                ],
                [
                    1296,
                    713.016
                ],
                [
                    1295.04,
                    709.992
                ],
                [
                    1287.936,
                    702
                ],
                [
                    1286.0159999999998,
                    697.0319999999999
                ],
                [
                    1286.0159999999998,
                    694.0079999999999
                ],
                [
                    1281.984,
                    678.024
                ],
                [
                    1278.912,
                    662.04
                ],
                [
                    1278.912,
                    636.012
                ],
                [
                    1281.984,
                    623.052
                ],
                [
                    1285.056,
                    617.976
                ],
                [
                    1286.0159999999998,
                    613.008
                ],
                [
                    1287.936,
                    606.96
                ],
                [
                    1291.968,
                    600.048
                ],
                [
                    1296.96,
                    593.028
                ],
                [
                    1300.0320000000002,
                    586.98
                ],
                [
                    1304.064,
                    582.0120000000001
                ],
                [
                    1308.096,
                    575.9639999999999
                ],
                [
                    1310.9759999999999,
                    573.048
                ],
                [
                    1330.944,
                    555.984
                ],
                [
                    1339.008,
                    551.016
                ],
                [
                    1342.08,
                    547.992
                ],
                [
                    1349.952,
                    543.9960000000001
                ],
                [
                    1353.024,
                    543.9960000000001
                ],
                [
                    1357.056,
                    540.972
                ],
                [
                    1362.048,
                    540
                ],
                [
                    1377.024,
                    535.032
                ],
                [
                    1382.016,
                    533.952
                ],
                [
                    1387.008,
                    533.952
                ],
                [
                    1392,
                    532.98
                ],
                [
                    1401.984,
                    532.0079999999999
                ],
                [
                    1410.048,
                    532.0079999999999
                ],
                [
                    1417.92,
                    533.952
                ],
                [
                    1420.992,
                    533.952
                ],
                [
                    1433.088,
                    539.028
                ],
                [
                    1440,
                    542.052
                ],
                [
                    1453.056,
                    550.044
                ],
                [
                    1460.928,
                    555.984
                ],
                [
                    1465.9199999999998,
                    560.952
                ],
                [
                    1472.064,
                    566.028
                ],
                [
                    1476.096,
                    570.024
                ],
                [
                    1484.9279999999999,
                    582.0120000000001
                ],
                [
                    1496.064,
                    605.988
                ],
                [
                    1499.904,
                    620.028
                ],
                [
                    1499.904,
                    624.024
                ],
                [
                    1501.056,
                    629.964
                ],
                [
                    1502.016,
                    641.952
                ],
                [
                    1501.056,
                    656.9639999999999
                ],
                [
                    1499.904,
                    662.04
                ],
                [
                    1499.904,
                    667.98
                ],
                [
                    1493.952,
                    685.044
                ],
                [
                    1488,
                    698.004
                ],
                [
                    1477.056,
                    714.96
                ],
                [
                    1472.064,
                    720.036
                ],
                [
                    1468.992,
                    724.032
                ],
                [
                    1464.96,
                    728.028
                ],
                [
                    1454.0159999999998,
                    736.992
                ],
                [
                    1443.0720000000001,
                    744.9839999999999
                ],
                [
                    1440,
                    747.036
                ],
                [
                    1436.9279999999999,
                    748.008
                ],
                [
                    1426.944,
                    752.976
                ],
                [
                    1419.072,
                    756
                ],
                [
                    1406.0159999999998,
                    759.996
                ],
                [
                    1397.952,
                    762.048
                ],
                [
                    1392.96,
                    762.048
                ],
                [
                    1382.976,
                    763.9920000000001
                ]
            ]
        }
    ]
}