{
    "IMAGE_INFO": {
        "FILE_NAME": "1001268@0_04003_220906_P1_T3__2292.jpg",
        "DATE": "2022-10-21 15:33:18",
        "RESOLUTION": "1920 x 1080",
        "IMAGE_PHOTOGRAPHER": "이지은",
        "FOCUS_DISTANCE": "5.6",
        "EXPOSURE_TIME": "1/400",
        "SENSITIVITY_ISO": "12800",
        "PLACE": "삼오자원",
        "REGION_NAME": null,
        "Direction": "0",
        "HEIGHT": "100",
        "DAY/NIGHT": "주간",
        "WEATHER": "맑음",
        "IMAGE_HEIGHT": 1080,
        "IMAGE_WIDTH": 1920,
        "IMAGE_SIZE": "591.4 KB"
    },
    "ANNOTATION_INFO": [
        {
            "ID": "1",
            "CLASS": "플라스틱",
            "DETAILS": "PS",
            "DAMAGE": "원형",
            "DIRTINESS": "오염없음",
            "COVER": "겹침",
            "TRANSPARENCY": "불투명",
            "SHAPE": "기타 형태",
            "SHAPE_TYPE": "POLYGON",
            "POINTS": [
                [
                    1374.9119999999998,
                    1080
                ],
                [
                    1354.944,
                    1068.012
                ],
                [
                    1334.0159999999998,
                    1059.048
                ],
                [
                    1320,
                    1049.9759999999999
                ],
                [
                    1313.088,
                    1045.008
                ],
                [
                    1305.9840000000002,
                    1034.964
                ],
                [
                    1301.952,
                    1032.048
                ],
                [
                    1295.04,
                    1019.952
                ],
                [
                    1281.0240000000001,
                    1002.996
                ],
                [
                    1277.952,
                    995.004
                ],
                [
                    1273.92,
                    991.0079999999999
                ],
                [
                    1272.96,
                    978.048
                ],
                [
                    1276.992,
                    972
                ],
                [
                    1277.952,
                    964.0079999999999
                ],
                [
                    1285.056,
                    953.9639999999999
                ],
                [
                    1296.96,
                    945
                ],
                [
                    1301.952,
                    937.008
                ],
                [
                    1305.9840000000002,
                    933.0120000000001
                ],
                [
                    1320,
                    924.048
                ],
                [
                    1329.0240000000001,
                    914.976
                ],
                [
                    1350.912,
                    898.02
                ],
                [
                    1361.088,
                    887.976
                ],
                [
                    1368,
                    876.96
                ],
                [
                    1372.032,
                    874.044
                ],
                [
                    1372.992,
                    871.02
                ],
                [
                    1382.976,
                    860.976
                ],
                [
                    1383.936,
                    857.952
                ],
                [
                    1393.92,
                    849.96
                ],
                [
                    1405.056,
                    837.972
                ],
                [
                    1407.936,
                    832.0319999999999
                ],
                [
                    1459.9679999999998,
                    782.028
                ],
                [
                    1468.032,
                    770.04
                ],
                [
                    1472.064,
                    766.0440000000001
                ],
                [
                    1487.04,
                    753.9480000000001
                ],
                [
                    1493.952,
                    749.952
                ],
                [
                    1499.904,
                    748.008
                ],
                [
                    1507.008,
                    748.98
                ],
                [
                    1513.92,
                    751.032
                ],
                [
                    1517.952,
                    753.9480000000001
                ],
                [
                    1527.936,
                    758.052
                ],
                [
                    1541.952,
                    768.9599999999999
                ],
                [
                    1574.0159999999998,
                    798.0120000000001
                ],
                [
                    1588.992,
                    816.048
                ],
                [
                    1594.944,
                    825.0120000000001
                ],
                [
                    1602.048,
                    840.024
                ],
                [
                    1608.96,
                    864.972
                ],
                [
                    1612.032,
                    888.9480000000001
                ],
                [
                    1612.992,
                    910.98
                ],
                [
                    1612.032,
                    926.9639999999999
                ],
                [
                    1608.96,
                    942.948
                ],
                [
                    1602.048,
                    975.024
                ],
                [
                    1598.016,
                    986.0400000000001
                ],
                [
                    1588.032,
                    1006.02
                ],
                [
                    1569.984,
                    1032.048
                ],
                [
                    1556.9279999999999,
                    1045.008
                ],
                [
                    1532.9279999999999,
                    1063.0439999999999
                ],
                [
                    1523.904,
                    1068.012
                ],
                [
                    1510.08,
                    1080
                ],
                [
                    1374.9119999999998,
                    1080
                ]
            ]
        },
        {
            "ID": "2",
            "CLASS": "플라스틱",
            "DETAILS": "PS",
            "DAMAGE": "찌그러짐",
            "DIRTINESS": "오염없음",
            "COVER": "없음",
            "TRANSPARENCY": "불투명",
            "SHAPE": "음료용기형",
            "SHAPE_TYPE": "POLYGON",
            "POINTS": [
                [
                    1611.072,
                    1080
                ],
                [
                    1608,
                    1073.952
                ],
                [
                    1606.08,
                    1072.008
                ],
                [
                    1604.9279999999999,
                    1069.9560000000001
                ],
                [
                    1604.9279999999999,
                    1064.0159999999998
                ],
                [
                    1606.08,
                    1060.02
                ],
                [
                    1608.96,
                    1053
                ],
                [
                    1608.96,
                    1048.0320000000002
                ],
                [
                    1608,
                    1040.04
                ],
                [
                    1606.08,
                    1030.968
                ],
                [
                    1604.9279999999999,
                    1015.956
                ],
                [
                    1608,
                    1003.968
                ],
                [
                    1608,
                    999.972
                ],
                [
                    1608.96,
                    995.976
                ],
                [
                    1616.064,
                    982.044
                ],
                [
                    1616.064,
                    975.024
                ],
                [
                    1620.096,
                    957.96
                ],
                [
                    1620.096,
                    953.9639999999999
                ],
                [
                    1621.056,
                    948.9960000000001
                ],
                [
                    1622.976,
                    945.972
                ],
                [
                    1622.976,
                    937.008
                ],
                [
                    1627.008,
                    910.008
                ],
                [
                    1627.008,
                    898.9920000000001
                ],
                [
                    1625.0880000000002,
                    883.98
                ],
                [
                    1625.0880000000002,
                    875.0160000000001
                ],
                [
                    1627.008,
                    866.0519999999999
                ],
                [
                    1627.008,
                    839.052
                ],
                [
                    1628.928,
                    834.948
                ],
                [
                    1631.04,
                    833.004
                ],
                [
                    1635.0720000000001,
                    830.952
                ],
                [
                    1636.992,
                    830.952
                ],
                [
                    1638.912,
                    829.9799999999999
                ],
                [
                    1643.904,
                    829.0079999999999
                ],
                [
                    1655.04,
                    829.0079999999999
                ],
                [
                    1660.0320000000002,
                    830.952
                ],
                [
                    1675.968,
                    830.952
                ],
                [
                    1684.9920000000002,
                    832.0319999999999
                ],
                [
                    1699.008,
                    834.948
                ],
                [
                    1723.008,
                    834.948
                ],
                [
                    1737.024,
                    837
                ],
                [
                    1741.056,
                    837
                ],
                [
                    1745.0880000000002,
                    837.972
                ],
                [
                    1748.928,
                    840.024
                ],
                [
                    1750.08,
                    840.024
                ],
                [
                    1752,
                    840.996
                ],
                [
                    1756.032,
                    844.992
                ],
                [
                    1756.992,
                    848.016
                ],
                [
                    1756.992,
                    856.98
                ],
                [
                    1753.92,
                    868.968
                ],
                [
                    1753.92,
                    878.04
                ],
                [
                    1752.96,
                    886.032
                ],
                [
                    1752.96,
                    890.028
                ],
                [
                    1752,
                    893.052
                ],
                [
                    1747.008,
                    902.9879999999999
                ],
                [
                    1746.048,
                    906.984
                ],
                [
                    1745.0880000000002,
                    915.948
                ],
                [
                    1746.048,
                    952.992
                ],
                [
                    1745.0880000000002,
                    964.9799999999999
                ],
                [
                    1745.0880000000002,
                    975.024
                ],
                [
                    1742.976,
                    995.004
                ],
                [
                    1739.904,
                    1006.992
                ],
                [
                    1738.944,
                    1014.9839999999999
                ],
                [
                    1736.064,
                    1026.972
                ],
                [
                    1736.064,
                    1032.048
                ],
                [
                    1734.9119999999998,
                    1037.016
                ],
                [
                    1732.032,
                    1046.952
                ],
                [
                    1731.072,
                    1049.0040000000001
                ],
                [
                    1724.9279999999999,
                    1055.052
                ],
                [
                    1722.048,
                    1060.02
                ],
                [
                    1717.056,
                    1068.984
                ],
                [
                    1713.024,
                    1080
                ],
                [
                    1611.072,
                    1080
                ]
            ]
        },
        {
            "ID": "5",
            "CLASS": "플라스틱",
            "DETAILS": "PS",
            "DAMAGE": "찌그러짐",
            "DIRTINESS": "오염없음",
            "COVER": "겹침",
            "TRANSPARENCY": "불투명",
            "SHAPE": "음료용기형",
            "SHAPE_TYPE": "POLYGON",
            "POINTS": [
                [
                    1350.912,
                    208.00799999999998
                ],
                [
                    1347.0720000000001,
                    207.036
                ],
                [
                    1342.08,
                    203.04
                ],
                [
                    1334.976,
                    195.048
                ],
                [
                    1326.912,
                    189.972
                ],
                [
                    1323.0720000000001,
                    185.976
                ],
                [
                    1320,
                    184.03199999999998
                ],
                [
                    1315.0079999999998,
                    181.008
                ],
                [
                    1314.048,
                    181.008
                ],
                [
                    1310.9759999999999,
                    178.956
                ],
                [
                    1305.024,
                    173.01600000000002
                ],
                [
                    1300.0320000000002,
                    169.02
                ],
                [
                    1296.96,
                    165.996
                ],
                [
                    1290.048,
                    154.98
                ],
                [
                    1286.0159999999998,
                    150.012
                ],
                [
                    1282.944,
                    146.988
                ],
                [
                    1281.0240000000001,
                    143.964
                ],
                [
                    1272,
                    135.972
                ],
                [
                    1268.928,
                    131.976
                ],
                [
                    1266.048,
                    128.952
                ],
                [
                    1263.936,
                    124.956
                ],
                [
                    1258.944,
                    118.044
                ],
                [
                    1256.064,
                    115.99199999999999
                ],
                [
                    1252.032,
                    111.996
                ],
                [
                    1244.9279999999999,
                    104.00399999999999
                ],
                [
                    1238.9759999999999,
                    95.03999999999999
                ],
                [
                    1238.016,
                    92.988
                ],
                [
                    1238.016,
                    89.964
                ],
                [
                    1234.944,
                    84.99600000000001
                ],
                [
                    1228.032,
                    77.976
                ],
                [
                    1220.928,
                    73.98
                ],
                [
                    1217.088,
                    72.036
                ],
                [
                    1211.904,
                    70.95599999999999
                ],
                [
                    1209.984,
                    69.984
                ],
                [
                    1209.984,
                    69.012
                ],
                [
                    1225.9199999999998,
                    57.995999999999995
                ],
                [
                    1233.024,
                    54
                ],
                [
                    1237.056,
                    51.94799999999999
                ],
                [
                    1239.9360000000001,
                    50.976
                ],
                [
                    1242.048,
                    50.004
                ],
                [
                    1251.072,
                    46.98
                ],
                [
                    1258.944,
                    43.956
                ],
                [
                    1262.976,
                    42.01199999999999
                ],
                [
                    1266.048,
                    41.04
                ],
                [
                    1271.04,
                    41.04
                ],
                [
                    1275.0720000000001,
                    43.956
                ],
                [
                    1276.992,
                    45.036
                ],
                [
                    1290.048,
                    58.968
                ],
                [
                    1291.968,
                    61.992
                ],
                [
                    1296.96,
                    68.04
                ],
                [
                    1300.0320000000002,
                    72.036
                ],
                [
                    1305.9840000000002,
                    81
                ],
                [
                    1309.056,
                    84.99600000000001
                ],
                [
                    1310.9759999999999,
                    88.992
                ],
                [
                    1311.9360000000001,
                    92.988
                ],
                [
                    1314.048,
                    96.012
                ],
                [
                    1319.0400000000002,
                    101.952
                ],
                [
                    1320,
                    104.00399999999999
                ],
                [
                    1320,
                    105.94800000000001
                ],
                [
                    1321.92,
                    111.996
                ],
                [
                    1338.048,
                    130.03199999999998
                ],
                [
                    1343.04,
                    138.024
                ],
                [
                    1348.032,
                    145.044
                ],
                [
                    1350.912,
                    150.012
                ],
                [
                    1354.944,
                    158.00400000000002
                ],
                [
                    1356.096,
                    161.02800000000002
                ],
                [
                    1356.096,
                    181.008
                ],
                [
                    1358.016,
                    185.00400000000002
                ],
                [
                    1358.016,
                    201.96
                ],
                [
                    1357.056,
                    204.012
                ],
                [
                    1353.9840000000002,
                    207.036
                ],
                [
                    1350.912,
                    208.00799999999998
                ]
            ]
        },
        {
            "ID": "6",
            "CLASS": "플라스틱",
            "DETAILS": "PS",
            "DAMAGE": "찌그러짐",
            "DIRTINESS": "이물질(외부)",
            "COVER": "겹침",
            "TRANSPARENCY": "불투명",
            "SHAPE": "식품용기형",
            "SHAPE_TYPE": "POLYGON",
            "POINTS": [
                [
                    1200.9599999999998,
                    1045.98
                ],
                [
                    1287.936,
                    949.9680000000001
                ],
                [
                    1362.048,
                    888.9480000000001
                ],
                [
                    1536,
                    698.976
                ],
                [
                    1630.08,
                    606.96
                ],
                [
                    1662.912,
                    570.996
                ],
                [
                    1662.912,
                    548.9639999999999
                ],
                [
                    1643.904,
                    519.048
                ],
                [
                    1614.9119999999998,
                    486.97200000000004
                ],
                [
                    1462.08,
                    324
                ],
                [
                    1381.056,
                    243
                ],
                [
                    1349.952,
                    209.952
                ],
                [
                    1228.992,
                    84.99600000000001
                ],
                [
                    1201.92,
                    77.004
                ],
                [
                    1176.96,
                    85.968
                ],
                [
                    1132.992,
                    120.96000000000001
                ],
                [
                    1075.0079999999998,
                    178.956
                ],
                [
                    1011.0719999999999,
                    230.04
                ],
                [
                    843.072,
                    381.99600000000004
                ],
                [
                    764.928,
                    470.01599999999996
                ],
                [
                    678.912,
                    567
                ],
                [
                    629.952,
                    629.964
                ],
                [
                    643.0079999999999,
                    659.9879999999999
                ],
                [
                    685.056,
                    682.992
                ],
                [
                    753.984,
                    772.956
                ],
                [
                    796.032,
                    851.0400000000001
                ],
                [
                    878.016,
                    952.992
                ],
                [
                    926.016,
                    998.028
                ],
                [
                    950.976,
                    986.0400000000001
                ],
                [
                    988.992,
                    975.024
                ],
                [
                    1035.0720000000001,
                    964.0079999999999
                ],
                [
                    1089.0240000000001,
                    959.04
                ],
                [
                    1116.096,
                    964.0079999999999
                ],
                [
                    1151.04,
                    996.948
                ]
            ]
        },
        {
            "ID": "7",
            "CLASS": "플라스틱",
            "DETAILS": "PS",
            "DAMAGE": "찌그러짐",
            "DIRTINESS": "오염없음",
            "COVER": "없음",
            "TRANSPARENCY": "투명",
            "SHAPE": "기타 형태",
            "SHAPE_TYPE": "POLYGON",
            "POINTS": [
                [
                    1248,
                    605.988
                ],
                [
                    1233.024,
                    604.044
                ],
                [
                    1219.9679999999998,
                    605.0160000000001
                ],
                [
                    1210.944,
                    601.02
                ],
                [
                    1203.0720000000001,
                    600.048
                ],
                [
                    1196.9279999999999,
                    597.024
                ],
                [
                    1189.056,
                    596.0519999999999
                ],
                [
                    1155.0720000000001,
                    586.0079999999999
                ],
                [
                    1142.016,
                    578.988
                ],
                [
                    1136.064,
                    570.024
                ],
                [
                    1129.92,
                    564.948
                ],
                [
                    1089.0240000000001,
                    543.9960000000001
                ],
                [
                    1071.9360000000001,
                    539.028
                ],
                [
                    1042.944,
                    520.02
                ],
                [
                    1041.0240000000001,
                    516.996
                ],
                [
                    1036.032,
                    515.052
                ],
                [
                    1036.032,
                    513
                ],
                [
                    1030.08,
                    508.032
                ],
                [
                    1018.944,
                    489.024
                ],
                [
                    1017.984,
                    477.036
                ],
                [
                    1012.032,
                    466.02
                ],
                [
                    1012.992,
                    436.968
                ],
                [
                    1018.944,
                    412.992
                ],
                [
                    1027.008,
                    400.032
                ],
                [
                    1046.0159999999998,
                    380.05199999999996
                ],
                [
                    1054.0800000000002,
                    374.004
                ],
                [
                    1069.056,
                    366.012
                ],
                [
                    1099.008,
                    357.048
                ],
                [
                    1104.96,
                    351.97200000000004
                ],
                [
                    1113.024,
                    348.948
                ],
                [
                    1124.9279999999999,
                    340.95599999999996
                ],
                [
                    1137.984,
                    328.96799999999996
                ],
                [
                    1148.928,
                    326.052
                ],
                [
                    1194.048,
                    320.004
                ],
                [
                    1211.904,
                    316.00800000000004
                ],
                [
                    1233.024,
                    316.00800000000004
                ],
                [
                    1244.9279999999999,
                    319.032
                ],
                [
                    1256.064,
                    319.032
                ],
                [
                    1267.008,
                    324
                ],
                [
                    1275.0720000000001,
                    324.972
                ],
                [
                    1289.088,
                    330.048
                ],
                [
                    1300.992,
                    339.98400000000004
                ],
                [
                    1304.064,
                    339.98400000000004
                ],
                [
                    1311.9360000000001,
                    343.98
                ],
                [
                    1311.9360000000001,
                    346.03200000000004
                ],
                [
                    1318.08,
                    350.028
                ],
                [
                    1329.0240000000001,
                    362.016
                ],
                [
                    1339.9679999999998,
                    370.00800000000004
                ],
                [
                    1358.9759999999999,
                    392.03999999999996
                ],
                [
                    1372.992,
                    412.02
                ],
                [
                    1380.096,
                    432.972
                ],
                [
                    1390.08,
                    442.044
                ],
                [
                    1393.92,
                    455.976
                ],
                [
                    1401.0240000000001,
                    462.024
                ],
                [
                    1406.976,
                    470.988
                ],
                [
                    1407.936,
                    493.99199999999996
                ],
                [
                    1425.9840000000002,
                    515.052
                ],
                [
                    1429.056,
                    525.96
                ],
                [
                    1425.9840000000002,
                    535.032
                ],
                [
                    1417.92,
                    543.024
                ],
                [
                    1392.96,
                    559.9799999999999
                ],
                [
                    1380.096,
                    562.0319999999999
                ],
                [
                    1371.072,
                    566.028
                ],
                [
                    1362.048,
                    567.972
                ],
                [
                    1356.096,
                    571.968
                ],
                [
                    1352.064,
                    571.968
                ],
                [
                    1338.048,
                    578.988
                ],
                [
                    1329.0240000000001,
                    582.0120000000001
                ],
                [
                    1324.032,
                    582.0120000000001
                ],
                [
                    1311.9360000000001,
                    591.948
                ],
                [
                    1302.912,
                    597.024
                ],
                [
                    1286.976,
                    598.968
                ],
                [
                    1271.04,
                    604.044
                ],
                [
                    1248,
                    605.988
                ]
            ]
        }
    ]
}