{
    "IMAGE_INFO": {
        "FILE_NAME": "1001266@0_04003_220906_P1_T3__2229.jpg",
        "DATE": "2022-10-21 15:33:08",
        "RESOLUTION": "1920 x 1080",
        "IMAGE_PHOTOGRAPHER": "이지은",
        "FOCUS_DISTANCE": "5.6",
        "EXPOSURE_TIME": "1/400",
        "SENSITIVITY_ISO": "12800",
        "PLACE": "삼오자원",
        "REGION_NAME": null,
        "Direction": "0",
        "HEIGHT": "100",
        "DAY/NIGHT": "주간",
        "WEATHER": "맑음",
        "IMAGE_HEIGHT": 1080,
        "IMAGE_WIDTH": 1920,
        "IMAGE_SIZE": "594.6 KB"
    },
    "ANNOTATION_INFO": [
        {
            "ID": "1",
            "CLASS": "플라스틱",
            "DETAILS": "PS",
            "DAMAGE": "찌그러짐",
            "DIRTINESS": "이물질(외부)",
            "COVER": "없음",
            "TRANSPARENCY": "불투명",
            "SHAPE": "음료용기형",
            "SHAPE_TYPE": "POLYGON",
            "POINTS": [
                [
                    1369.92,
                    1080
                ],
                [
                    1368.96,
                    1073.952
                ],
                [
                    1368.96,
                    1068.984
                ],
                [
                    1368,
                    1063.0439999999999
                ],
                [
                    1366.08,
                    1060.992
                ],
                [
                    1364.9279999999999,
                    1059.048
                ],
                [
                    1364.9279999999999,
                    1055.052
                ],
                [
                    1363.968,
                    1053
                ],
                [
                    1362.048,
                    1052.028
                ],
                [
                    1361.088,
                    1049.9759999999999
                ],
                [
                    1359.9360000000001,
                    1045.98
                ],
                [
                    1359.9360000000001,
                    1041.984
                ],
                [
                    1358.016,
                    1041.012
                ],
                [
                    1357.056,
                    1037.988
                ],
                [
                    1357.056,
                    1029.024
                ],
                [
                    1356.096,
                    1022.004
                ],
                [
                    1353.9840000000002,
                    1018.008
                ],
                [
                    1353.024,
                    1005.048
                ],
                [
                    1352.064,
                    999.972
                ],
                [
                    1348.992,
                    995.004
                ],
                [
                    1348.032,
                    991.0079999999999
                ],
                [
                    1348.032,
                    984.96
                ],
                [
                    1345.9199999999998,
                    982.044
                ],
                [
                    1344,
                    976.968
                ],
                [
                    1344,
                    968.976
                ],
                [
                    1345.9199999999998,
                    968.004
                ],
                [
                    1349.952,
                    963.0360000000001
                ],
                [
                    1363.008,
                    955.044
                ],
                [
                    1363.968,
                    953.9639999999999
                ],
                [
                    1363.968,
                    952.992
                ],
                [
                    1371.072,
                    948.9960000000001
                ],
                [
                    1376.064,
                    947.052
                ],
                [
                    1381.056,
                    944.028
                ],
                [
                    1387.008,
                    941.976
                ],
                [
                    1393.92,
                    938.952
                ],
                [
                    1396.032,
                    938.952
                ],
                [
                    1400.0639999999999,
                    937.008
                ],
                [
                    1403.904,
                    936.0360000000001
                ],
                [
                    1409.088,
                    936.0360000000001
                ],
                [
                    1419.072,
                    933.984
                ],
                [
                    1435.968,
                    933.984
                ],
                [
                    1444.9920000000002,
                    936.0360000000001
                ],
                [
                    1449.0240000000001,
                    936.0360000000001
                ],
                [
                    1459.008,
                    938.952
                ],
                [
                    1460.928,
                    940.0319999999999
                ],
                [
                    1463.04,
                    940.0319999999999
                ],
                [
                    1465.9199999999998,
                    941.976
                ],
                [
                    1468.992,
                    942.948
                ],
                [
                    1477.056,
                    947.052
                ],
                [
                    1482.048,
                    949.9680000000001
                ],
                [
                    1483.008,
                    952.02
                ],
                [
                    1483.968,
                    959.04
                ],
                [
                    1483.968,
                    965.952
                ],
                [
                    1486.08,
                    971.028
                ],
                [
                    1486.08,
                    978.048
                ],
                [
                    1487.04,
                    980.9639999999999
                ],
                [
                    1488.96,
                    983.988
                ],
                [
                    1489.92,
                    987.0120000000001
                ],
                [
                    1493.952,
                    999.972
                ],
                [
                    1494.9119999999998,
                    1005.048
                ],
                [
                    1497.024,
                    1015.956
                ],
                [
                    1497.024,
                    1028.052
                ],
                [
                    1498.944,
                    1038.96
                ],
                [
                    1502.976,
                    1052.028
                ],
                [
                    1507.008,
                    1060.02
                ],
                [
                    1507.968,
                    1067.04
                ],
                [
                    1507.968,
                    1080
                ]
            ]
        },
        {
            "ID": "2",
            "CLASS": "플라스틱",
            "DETAILS": "PS",
            "DAMAGE": "찌그러짐",
            "DIRTINESS": "이물질(외부)",
            "COVER": "없음",
            "TRANSPARENCY": "불투명",
            "SHAPE": "음료용기형",
            "SHAPE_TYPE": "POLYGON",
            "POINTS": [
                [
                    380.928,
                    598.968
                ],
                [
                    379.008,
                    594
                ],
                [
                    374.016,
                    590.004
                ],
                [
                    363.072,
                    583.9559999999999
                ],
                [
                    355.00800000000004,
                    578.016
                ],
                [
                    344.064,
                    564.948
                ],
                [
                    331.968,
                    546.048
                ],
                [
                    322.94399999999996,
                    527.04
                ],
                [
                    316.992,
                    510.94800000000004
                ],
                [
                    312.96000000000004,
                    497.988
                ],
                [
                    312.96000000000004,
                    490.968
                ],
                [
                    312,
                    489.996
                ],
                [
                    312.96000000000004,
                    448.956
                ],
                [
                    316.032,
                    424.98
                ],
                [
                    320.06399999999996,
                    404.02799999999996
                ],
                [
                    324.096,
                    400.032
                ],
                [
                    327.93600000000004,
                    397.98
                ],
                [
                    344.064,
                    392.03999999999996
                ],
                [
                    354.048,
                    389.016
                ],
                [
                    356.928,
                    389.016
                ],
                [
                    364.99199999999996,
                    385.992
                ],
                [
                    369.98400000000004,
                    385.02
                ],
                [
                    378.048,
                    385.02
                ],
                [
                    387.072,
                    382.968
                ],
                [
                    393.024,
                    382.968
                ],
                [
                    398.016,
                    381.99600000000004
                ],
                [
                    408.96,
                    378.972
                ],
                [
                    417.024,
                    374.976
                ],
                [
                    421.056,
                    374.004
                ],
                [
                    427.008,
                    374.004
                ],
                [
                    428.928,
                    374.976
                ],
                [
                    436.992,
                    384.048
                ],
                [
                    446.016,
                    421.956
                ],
                [
                    449.08799999999997,
                    428.976
                ],
                [
                    451.008,
                    438.048
                ],
                [
                    451.968,
                    444.96
                ],
                [
                    451.008,
                    459.972
                ],
                [
                    452.928,
                    474.98400000000004
                ],
                [
                    452.928,
                    492.048
                ],
                [
                    450.048,
                    500.04
                ],
                [
                    447.93600000000004,
                    513.972
                ],
                [
                    445.05600000000004,
                    519.048
                ],
                [
                    441.024,
                    529.956
                ],
                [
                    436.992,
                    544.9680000000001
                ],
                [
                    436.992,
                    548.9639999999999
                ],
                [
                    432.96000000000004,
                    559.9799999999999
                ],
                [
                    432,
                    569.052
                ],
                [
                    432.96000000000004,
                    570.024
                ],
                [
                    432.96000000000004,
                    574.02
                ],
                [
                    428.928,
                    577.044
                ],
                [
                    427.96799999999996,
                    579.96
                ],
                [
                    426.048,
                    582.0120000000001
                ],
                [
                    422.976,
                    582.9839999999999
                ],
                [
                    412.992,
                    582.9839999999999
                ],
                [
                    409.92,
                    583.9559999999999
                ],
                [
                    394.94399999999996,
                    590.976
                ],
                [
                    384.96000000000004,
                    598.968
                ]
            ]
        },
        {
            "ID": "3",
            "CLASS": "플라스틱",
            "DETAILS": "PS",
            "DAMAGE": "원형",
            "DIRTINESS": "이물질(내부)",
            "COVER": "없음",
            "TRANSPARENCY": "불투명",
            "SHAPE": "식품용기형",
            "SHAPE_TYPE": "POLYGON",
            "POINTS": [
                [
                    628.992,
                    0
                ],
                [
                    615.9359999999999,
                    26.028
                ],
                [
                    606.912,
                    64.044
                ],
                [
                    603.072,
                    108
                ],
                [
                    604.992,
                    173.01600000000002
                ],
                [
                    614.016,
                    212.004
                ],
                [
                    633.984,
                    265.032
                ],
                [
                    663.936,
                    305.964
                ],
                [
                    704.0640000000001,
                    343.98
                ],
                [
                    731.904,
                    366.012
                ],
                [
                    776.064,
                    386.964
                ],
                [
                    830.0160000000001,
                    404.02799999999996
                ],
                [
                    879.9359999999999,
                    412.02
                ],
                [
                    934.0799999999999,
                    413.964
                ],
                [
                    992.0640000000001,
                    408.996
                ],
                [
                    1041.984,
                    388.044
                ],
                [
                    1091.904,
                    357.048
                ],
                [
                    1134.9119999999998,
                    308.988
                ],
                [
                    1174.0800000000002,
                    246.024
                ],
                [
                    1189.056,
                    201.96
                ],
                [
                    1199.0400000000002,
                    135
                ],
                [
                    1194.048,
                    78.948
                ],
                [
                    1182.912,
                    34.02
                ],
                [
                    1166.976,
                    0
                ]
            ]
        },
        {
            "ID": "4",
            "CLASS": "플라스틱",
            "DETAILS": "PS",
            "DAMAGE": "원형",
            "DIRTINESS": "이물질(외부)",
            "COVER": "겹침",
            "TRANSPARENCY": "불투명",
            "SHAPE": "음료용기형",
            "SHAPE_TYPE": "POLYGON",
            "POINTS": [
                [
                    931.008,
                    509.004
                ],
                [
                    916.9920000000001,
                    508.032
                ],
                [
                    893.952,
                    501.984
                ],
                [
                    869.952,
                    493.02000000000004
                ],
                [
                    811.008,
                    481.03200000000004
                ],
                [
                    792.9599999999999,
                    479.952
                ],
                [
                    737.0880000000001,
                    481.03200000000004
                ],
                [
                    719.04,
                    478.98
                ],
                [
                    710.0160000000001,
                    475.95599999999996
                ],
                [
                    699.072,
                    462.024
                ],
                [
                    695.04,
                    459
                ],
                [
                    695.04,
                    456.948
                ],
                [
                    691.008,
                    455.004
                ],
                [
                    676.032,
                    455.004
                ],
                [
                    667.968,
                    452.952
                ],
                [
                    665.088,
                    451.00800000000004
                ],
                [
                    658.944,
                    451.97999999999996
                ],
                [
                    656.064,
                    455.004
                ],
                [
                    652.9920000000001,
                    451.97999999999996
                ],
                [
                    652.9920000000001,
                    447.012
                ],
                [
                    657.024,
                    432.972
                ],
                [
                    658.944,
                    408.996
                ],
                [
                    667.968,
                    362.016
                ],
                [
                    670.0799999999999,
                    362.988
                ],
                [
                    672,
                    366.012
                ],
                [
                    677.952,
                    366.984
                ],
                [
                    691.008,
                    366.984
                ],
                [
                    699.072,
                    370.00800000000004
                ],
                [
                    708.096,
                    370.00800000000004
                ],
                [
                    721.92,
                    362.016
                ],
                [
                    724.992,
                    362.016
                ],
                [
                    743.04,
                    370.98
                ],
                [
                    753.024,
                    374.976
                ],
                [
                    755.904,
                    374.976
                ],
                [
                    768,
                    384.048
                ],
                [
                    772.032,
                    382.968
                ],
                [
                    797.952,
                    394.956
                ],
                [
                    804.096,
                    397.008
                ],
                [
                    816.96,
                    398.952
                ],
                [
                    830.0160000000001,
                    404.02799999999996
                ],
                [
                    848.064,
                    405
                ],
                [
                    858.048,
                    408.024
                ],
                [
                    865.9200000000001,
                    408.024
                ],
                [
                    878.976,
                    411.048
                ],
                [
                    896.064,
                    411.048
                ],
                [
                    903.936,
                    412.02
                ],
                [
                    935.04,
                    411.048
                ],
                [
                    958.08,
                    407.052
                ],
                [
                    965.952,
                    407.052
                ],
                [
                    969.0240000000001,
                    412.02
                ],
                [
                    969.0240000000001,
                    419.04
                ],
                [
                    965.952,
                    427.032
                ],
                [
                    965.952,
                    435.996
                ],
                [
                    963.0720000000001,
                    443.016
                ],
                [
                    958.08,
                    481.03200000000004
                ],
                [
                    956.928,
                    485.028
                ],
                [
                    954.048,
                    486.97200000000004
                ],
                [
                    948.096,
                    504.036
                ],
                [
                    944.0640000000001,
                    508.032
                ],
                [
                    940.0319999999999,
                    509.004
                ]
            ]
        }
    ]
}