{
    "IMAGE_INFO": {
        "FILE_NAME": "1001256@0_04003_220906_P1_T3__0519.jpg",
        "DATE": "2022-10-21 15:28:34",
        "RESOLUTION": "1920 x 1080",
        "IMAGE_PHOTOGRAPHER": "이지은",
        "FOCUS_DISTANCE": "5.6",
        "EXPOSURE_TIME": "1/400",
        "SENSITIVITY_ISO": "12800",
        "PLACE": "삼오자원",
        "REGION_NAME": null,
        "Direction": "0",
        "HEIGHT": "100",
        "DAY/NIGHT": "주간",
        "WEATHER": "맑음",
        "IMAGE_HEIGHT": 1080,
        "IMAGE_WIDTH": 1920,
        "IMAGE_SIZE": "626.7 KB"
    },
    "ANNOTATION_INFO": [
        {
            "ID": "1",
            "CLASS": "플라스틱",
            "DETAILS": "PS",
            "DAMAGE": "찌그러짐",
            "DIRTINESS": "오염없음",
            "COVER": "없음",
            "TRANSPARENCY": "불투명",
            "SHAPE": "식품용기형",
            "SHAPE_TYPE": "POLYGON",
            "POINTS": [
                [
                    1038.912,
                    582.0120000000001
                ],
                [
                    1061.952,
                    551.016
                ],
                [
                    1084.032,
                    519.048
                ],
                [
                    1108.992,
                    497.016
                ],
                [
                    1137.984,
                    478.008
                ],
                [
                    1166.0159999999998,
                    469.04400000000004
                ],
                [
                    1204.032,
                    459
                ],
                [
                    1238.016,
                    456.948
                ],
                [
                    1261.056,
                    459
                ],
                [
                    1294.0800000000002,
                    469.04400000000004
                ],
                [
                    1320,
                    479.952
                ],
                [
                    1344,
                    497.988
                ],
                [
                    1354.944,
                    506.952
                ],
                [
                    1374.9119999999998,
                    521.964
                ],
                [
                    1392.96,
                    540.972
                ],
                [
                    1409.088,
                    559.9799999999999
                ],
                [
                    1426.944,
                    590.976
                ],
                [
                    1439.0400000000002,
                    624.024
                ],
                [
                    1446.912,
                    670.0319999999999
                ],
                [
                    1446.912,
                    690.984
                ],
                [
                    1444.032,
                    724.032
                ],
                [
                    1438.08,
                    748.008
                ],
                [
                    1425.024,
                    779.976
                ],
                [
                    1411.008,
                    802.008
                ],
                [
                    1388.928,
                    830.952
                ],
                [
                    1368.96,
                    848.988
                ],
                [
                    1348.992,
                    864.972
                ],
                [
                    1324.9920000000002,
                    879.012
                ],
                [
                    1289.088,
                    894.996
                ],
                [
                    1253.952,
                    902.0160000000001
                ],
                [
                    1224,
                    903.9599999999999
                ],
                [
                    1193.088,
                    903.9599999999999
                ],
                [
                    1156.032,
                    894.996
                ],
                [
                    1124.9279999999999,
                    884.952
                ],
                [
                    1105.9199999999998,
                    875.988
                ],
                [
                    1078.08,
                    856.0079999999999
                ],
                [
                    1055.04,
                    833.004
                ],
                [
                    1035.0720000000001,
                    797.04
                ],
                [
                    1023.936,
                    759.024
                ],
                [
                    1014.9119999999999,
                    717.9839999999999
                ],
                [
                    1017.0239999999999,
                    663.984
                ],
                [
                    1023.936,
                    623.052
                ]
            ]
        },
        {
            "ID": "2",
            "CLASS": "플라스틱",
            "DETAILS": "PS",
            "DAMAGE": "원형",
            "DIRTINESS": "이물질(외부)",
            "COVER": "없음",
            "TRANSPARENCY": "불투명",
            "SHAPE": "음료용기형",
            "SHAPE_TYPE": "POLYGON",
            "POINTS": [
                [
                    1372.032,
                    208.00799999999998
                ],
                [
                    1357.056,
                    216
                ],
                [
                    1353.024,
                    224.96400000000003
                ],
                [
                    1353.024,
                    239.004
                ],
                [
                    1356.096,
                    250.02
                ],
                [
                    1361.088,
                    262.00800000000004
                ],
                [
                    1368,
                    273.996
                ],
                [
                    1381.056,
                    293.976
                ],
                [
                    1393.92,
                    308.016
                ],
                [
                    1405.056,
                    313.956
                ],
                [
                    1412.9279999999999,
                    311.03999999999996
                ],
                [
                    1425.024,
                    304.02
                ],
                [
                    1433.088,
                    297
                ],
                [
                    1441.92,
                    293.00399999999996
                ],
                [
                    1453.056,
                    292.032
                ],
                [
                    1483.008,
                    273.996
                ],
                [
                    1526.0159999999998,
                    249.048
                ],
                [
                    1541.952,
                    235.00799999999998
                ],
                [
                    1564.032,
                    216
                ],
                [
                    1584,
                    197.964
                ],
                [
                    1593.9840000000002,
                    191.052
                ],
                [
                    1601.088,
                    191.052
                ],
                [
                    1606.08,
                    181.98000000000002
                ],
                [
                    1606.08,
                    170.964
                ],
                [
                    1598.9759999999999,
                    151.956
                ],
                [
                    1590.912,
                    138.024
                ],
                [
                    1579.008,
                    123.984
                ],
                [
                    1566.912,
                    115.02
                ],
                [
                    1560.9599999999998,
                    112.968
                ],
                [
                    1555.968,
                    115.02
                ],
                [
                    1554.048,
                    119.016
                ],
                [
                    1545.024,
                    128.952
                ],
                [
                    1530.048,
                    131.976
                ],
                [
                    1476.096,
                    150.012
                ],
                [
                    1464.96,
                    154.98
                ],
                [
                    1393.92,
                    197.964
                ],
                [
                    1388.928,
                    203.04
                ],
                [
                    1380.096,
                    208.98000000000002
                ]
            ]
        }
    ]
}