{
    "IMAGE_INFO": {
        "FILE_NAME": "1001963@0_04003_220906_P1_T3__0197.jpg",
        "DATE": "2022-10-21 15:34:08",
        "RESOLUTION": "1920 x 1080",
        "IMAGE_PHOTOGRAPHER": "이지은",
        "FOCUS_DISTANCE": "5.6",
        "EXPOSURE_TIME": "1/400",
        "SENSITIVITY_ISO": "12800",
        "PLACE": "삼오자원",
        "REGION_NAME": null,
        "Direction": "0",
        "HEIGHT": "100",
        "DAY/NIGHT": "주간",
        "WEATHER": "맑음",
        "IMAGE_HEIGHT": 1080,
        "IMAGE_WIDTH": 1920,
        "IMAGE_SIZE": "562.2 KB"
    },
    "ANNOTATION_INFO": [
        {
            "ID": "1",
            "CLASS": "플라스틱",
            "DETAILS": "PS",
            "DAMAGE": "찌그러짐",
            "DIRTINESS": "오염없음",
            "COVER": "없음",
            "TRANSPARENCY": "불투명",
            "SHAPE": "식품용기형",
            "SHAPE_TYPE": "BOX",
            "POINTS": [
                [
                    961.5702879542798,
                    0.06850267834317969,
                    210.23892232761568,
                    147.5416196682877
                ]
            ]
        },
        {
            "ID": "2",
            "CLASS": "플라스틱",
            "DETAILS": "PS",
            "DAMAGE": "찌그러짐",
            "DIRTINESS": "이물질(외부)",
            "COVER": "없음",
            "TRANSPARENCY": "불투명",
            "SHAPE": "음료용기형",
            "SHAPE_TYPE": "BOX",
            "POINTS": [
                [
                    784.8860383142821,
                    407.2654226472264,
                    239.36579158658333,
                    317.41568732619874
                ]
            ]
        },
        {
            "ID": "3",
            "CLASS": "플라스틱",
            "DETAILS": "PS",
            "DAMAGE": "찌그러짐",
            "DIRTINESS": "오염없음",
            "COVER": "없음",
            "TRANSPARENCY": "불투명",
            "SHAPE": "음료용기형",
            "SHAPE_TYPE": "BOX",
            "POINTS": [
                [
                    1370.7327636776395,
                    206.1322079455165,
                    153.07113873156254,
                    215.2550037440195
                ]
            ]
        }
    ]
}