{
    "IMAGE_INFO": {
        "FILE_NAME": "1002771@0_04003_220907_P1_T3__2519.jpg",
        "DATE": "2022-10-24 16:36:08",
        "RESOLUTION": "1920 x 1080",
        "IMAGE_PHOTOGRAPHER": "이지은",
        "FOCUS_DISTANCE": "5.6",
        "EXPOSURE_TIME": "1/400",
        "SENSITIVITY_ISO": "4000",
        "PLACE": "용인시재활용센터",
        "REGION_NAME": null,
        "Direction": "0",
        "HEIGHT": "100",
        "DAY/NIGHT": "주간",
        "WEATHER": "맑음",
        "IMAGE_HEIGHT": 1080,
        "IMAGE_WIDTH": 1920,
        "IMAGE_SIZE": "673.4 KB"
    },
    "ANNOTATION_INFO": [
        {
            "ID": "1",
            "CLASS": "플라스틱",
            "DETAILS": "PS",
            "DAMAGE": "원형",
            "DIRTINESS": "오염없음",
            "COVER": "없음",
            "TRANSPARENCY": "투명",
            "SHAPE": "기타 형태",
            "SHAPE_TYPE": "BOX",
            "POINTS": [
                [
                    0.8775187381703622,
                    350.920890851735,
                    186.21320479495273,
                    204.9908411356468
                ]
            ]
        }
    ]
}