{
    "IMAGE_INFO": {
        "FILE_NAME": "1002016@0_04003_220906_P1_T3__0074.jpg",
        "DATE": "2022-10-21 15:33:48",
        "RESOLUTION": "1920 x 1080",
        "IMAGE_PHOTOGRAPHER": "이지은",
        "FOCUS_DISTANCE": "5.6",
        "EXPOSURE_TIME": "1/400",
        "SENSITIVITY_ISO": "12800",
        "PLACE": "삼오자원",
        "REGION_NAME": null,
        "Direction": "0",
        "HEIGHT": "100",
        "DAY/NIGHT": "주간",
        "WEATHER": "맑음",
        "IMAGE_HEIGHT": 1080,
        "IMAGE_WIDTH": 1920,
        "IMAGE_SIZE": "597.4 KB"
    },
    "ANNOTATION_INFO": [
        {
            "ID": "1",
            "CLASS": "플라스틱",
            "DETAILS": "PS",
            "DAMAGE": "찌그러짐",
            "DIRTINESS": "이물질(외부)",
            "COVER": "겹침",
            "TRANSPARENCY": "불투명",
            "SHAPE": "식품용기형",
            "SHAPE_TYPE": "BOX",
            "POINTS": [
                [
                    868.8507440856863,
                    377.7788689730658,
                    205.560525095917,
                    273.2227635595652
                ]
            ]
        },
        {
            "ID": "2",
            "CLASS": "플라스틱",
            "DETAILS": "PS",
            "DAMAGE": "찌그러짐",
            "DIRTINESS": "이물질(내부)",
            "COVER": "없음",
            "TRANSPARENCY": "불투명",
            "SHAPE": "식품용기형",
            "SHAPE_TYPE": "BOX",
            "POINTS": [
                [
                    265.06778053302236,
                    800.0175401407492,
                    599.8516488426874,
                    279.70383211804744
                ]
            ]
        },
        {
            "ID": "3",
            "CLASS": "플라스틱",
            "DETAILS": "PS",
            "DAMAGE": "찌그러짐",
            "DIRTINESS": "오염없음",
            "COVER": "없음",
            "TRANSPARENCY": "불투명",
            "SHAPE": "식품용기형",
            "SHAPE_TYPE": "BOX",
            "POINTS": [
                [
                    600.5979904290577,
                    477.77285077866054,
                    213.45836310762593,
                    209.49528438718278
                ]
            ]
        }
    ]
}