{
    "IMAGE_INFO": {
        "FILE_NAME": "1002896@0_04003_220907_P1_T3__3299.jpg",
        "DATE": "2022-10-24 16:38:02",
        "RESOLUTION": "1920 x 1080",
        "IMAGE_PHOTOGRAPHER": "이지은",
        "FOCUS_DISTANCE": "5.6",
        "EXPOSURE_TIME": "1/400",
        "SENSITIVITY_ISO": "4000",
        "PLACE": "용인시재활용센터",
        "REGION_NAME": null,
        "Direction": "0",
        "HEIGHT": "100",
        "DAY/NIGHT": "주간",
        "WEATHER": "맑음",
        "IMAGE_HEIGHT": 1080,
        "IMAGE_WIDTH": 1920,
        "IMAGE_SIZE": "655.6 KB"
    },
    "ANNOTATION_INFO": [
        {
            "ID": "1",
            "CLASS": "플라스틱",
            "DETAILS": "PS",
            "DAMAGE": "원형",
            "DIRTINESS": "오염없음",
            "COVER": "겹침",
            "TRANSPARENCY": "투명",
            "SHAPE": "기타 형태",
            "SHAPE_TYPE": "BOX",
            "POINTS": [
                [
                    960.4752757097792,
                    147.03705993690855,
                    189.41834498422713,
                    190.60821198738168
                ]
            ]
        },
        {
            "ID": "2",
            "CLASS": "플라스틱",
            "DETAILS": "PS",
            "DAMAGE": "찌그러짐",
            "DIRTINESS": "오염없음",
            "COVER": "없음",
            "TRANSPARENCY": "투명",
            "SHAPE": "기타 형태",
            "SHAPE_TYPE": "BOX",
            "POINTS": [
                [
                    504.49968454258686,
                    818.7139305993693,
                    198.25578757911768,
                    199.5393280350528
                ]
            ]
        }
    ]
}