{
    "IMAGE_INFO": {
        "FILE_NAME": "1003954@0_04003_220913_P1_T3__0199.jpg",
        "DATE": "2022-10-18 14:06:36",
        "RESOLUTION": "1920 x 1080",
        "IMAGE_PHOTOGRAPHER": "이지은",
        "FOCUS_DISTANCE": "7.1",
        "EXPOSURE_TIME": "1/400",
        "SENSITIVITY_ISO": "5000",
        "PLACE": "삼오자원",
        "REGION_NAME": null,
        "Direction": "0",
        "HEIGHT": "100",
        "DAY/NIGHT": "주간",
        "WEATHER": "맑음",
        "IMAGE_HEIGHT": 1080,
        "IMAGE_WIDTH": 1920,
        "IMAGE_SIZE": "637.0 KB"
    },
    "ANNOTATION_INFO": [
        {
            "ID": "1",
            "CLASS": "플라스틱",
            "DETAILS": "PS",
            "DAMAGE": "찌그러짐",
            "DIRTINESS": "이물질(외부)",
            "COVER": "없음",
            "TRANSPARENCY": "불투명",
            "SHAPE": "식품용기형",
            "SHAPE_TYPE": "POLYGON",
            "POINTS": [
                [
                    1259.904,
                    617.976
                ],
                [
                    1248.96,
                    623.052
                ],
                [
                    1234.944,
                    624.996
                ],
                [
                    1227.0720000000001,
                    623.052
                ],
                [
                    1208.0639999999999,
                    616.032
                ],
                [
                    1171.968,
                    612.036
                ],
                [
                    1137.984,
                    605.0160000000001
                ],
                [
                    1114.944,
                    602.964
                ],
                [
                    1109.952,
                    597.996
                ],
                [
                    1097.088,
                    597.024
                ],
                [
                    1089.984,
                    594
                ],
                [
                    1080,
                    596.0519999999999
                ],
                [
                    1070.016,
                    597.996
                ],
                [
                    1065.9840000000002,
                    598.968
                ],
                [
                    1056,
                    591.948
                ],
                [
                    1057.92,
                    586.0079999999999
                ],
                [
                    1064.064,
                    581.0400000000001
                ],
                [
                    1070.016,
                    575.9639999999999
                ],
                [
                    1070.9759999999999,
                    570.024
                ],
                [
                    1071.9360000000001,
                    559.0079999999999
                ],
                [
                    1071.9360000000001,
                    554.04
                ],
                [
                    1083.0720000000001,
                    546.048
                ],
                [
                    1090.944,
                    544.9680000000001
                ],
                [
                    1099.008,
                    542.052
                ],
                [
                    1104,
                    537.948
                ],
                [
                    1107.0720000000001,
                    528.984
                ],
                [
                    1109.952,
                    520.992
                ],
                [
                    1112.064,
                    510.94800000000004
                ],
                [
                    1113.9840000000002,
                    489.024
                ],
                [
                    1117.056,
                    482.00399999999996
                ],
                [
                    1122.048,
                    478.008
                ],
                [
                    1127.04,
                    469.04400000000004
                ],
                [
                    1132.992,
                    459
                ],
                [
                    1137.024,
                    447.984
                ],
                [
                    1137.984,
                    442.044
                ],
                [
                    1126.08,
                    431.028
                ],
                [
                    1109.952,
                    416.988
                ],
                [
                    1094.976,
                    409.968
                ],
                [
                    1083.0720000000001,
                    402.948
                ],
                [
                    1075.968,
                    397.98
                ],
                [
                    1085.952,
                    377.028
                ],
                [
                    1089.984,
                    385.02
                ],
                [
                    1103.04,
                    385.992
                ],
                [
                    1108.032,
                    385.992
                ],
                [
                    1114.944,
                    393.012
                ],
                [
                    1121.088,
                    398.952
                ],
                [
                    1127.04,
                    404.02799999999996
                ],
                [
                    1142.976,
                    408.996
                ],
                [
                    1151.04,
                    412.02
                ],
                [
                    1158.912,
                    416.01599999999996
                ],
                [
                    1166.976,
                    420.984
                ],
                [
                    1179.072,
                    428.00399999999996
                ],
                [
                    1189.056,
                    435.996
                ],
                [
                    1190.016,
                    435.996
                ],
                [
                    1188.096,
                    431.028
                ],
                [
                    1180.992,
                    423.036
                ],
                [
                    1169.088,
                    409.968
                ],
                [
                    1162.944,
                    404.02799999999996
                ],
                [
                    1142.016,
                    380.05199999999996
                ],
                [
                    1141.056,
                    371.952
                ],
                [
                    1128.96,
                    359.964
                ],
                [
                    1152.96,
                    330.048
                ],
                [
                    1163.904,
                    317.952
                ],
                [
                    1174.0800000000002,
                    304.99199999999996
                ],
                [
                    1180.992,
                    292.032
                ],
                [
                    1185.024,
                    285.984
                ],
                [
                    1182.912,
                    293.00399999999996
                ],
                [
                    1186.944,
                    299.05199999999996
                ],
                [
                    1190.9759999999999,
                    305.964
                ],
                [
                    1194.048,
                    312.984
                ],
                [
                    1193.088,
                    323.02799999999996
                ],
                [
                    1193.088,
                    330.048
                ],
                [
                    1200,
                    339.98400000000004
                ],
                [
                    1209.984,
                    354.996
                ],
                [
                    1214.0159999999998,
                    348.948
                ],
                [
                    1217.088,
                    343.008
                ],
                [
                    1220.928,
                    374.004
                ],
                [
                    1222.08,
                    404.02799999999996
                ],
                [
                    1225.9199999999998,
                    456.948
                ],
                [
                    1268.928,
                    613.008
                ]
            ]
        }
    ]
}