{
    "IMAGE_INFO": {
        "FILE_NAME": "1003968@0_04003_220913_P1_T3__0200.jpg",
        "DATE": "2022-10-18 14:06:36",
        "RESOLUTION": "1920 x 1080",
        "IMAGE_PHOTOGRAPHER": "이지은",
        "FOCUS_DISTANCE": "7.1",
        "EXPOSURE_TIME": "1/400",
        "SENSITIVITY_ISO": "5000",
        "PLACE": "삼오자원",
        "REGION_NAME": null,
        "Direction": "0",
        "HEIGHT": "100",
        "DAY/NIGHT": "주간",
        "WEATHER": "맑음",
        "IMAGE_HEIGHT": 1080,
        "IMAGE_WIDTH": 1920,
        "IMAGE_SIZE": "613.6 KB"
    },
    "ANNOTATION_INFO": [
        {
            "ID": "1",
            "CLASS": "플라스틱",
            "DETAILS": "PS",
            "DAMAGE": "찌그러짐",
            "DIRTINESS": "이물질(외부)",
            "COVER": "겹침",
            "TRANSPARENCY": "불투명",
            "SHAPE": "음료용기형",
            "SHAPE_TYPE": "POLYGON",
            "POINTS": [
                [
                    1215.936,
                    200.988
                ],
                [
                    1204.9920000000002,
                    177.984
                ],
                [
                    1190.9759999999999,
                    151.956
                ],
                [
                    1181.952,
                    169.99200000000002
                ],
                [
                    1161.984,
                    193.96800000000002
                ],
                [
                    1146.048,
                    213.948
                ],
                [
                    1128,
                    224.96400000000003
                ],
                [
                    1142.016,
                    247.968
                ],
                [
                    1174.0800000000002,
                    278.964
                ],
                [
                    1194.048,
                    303.048
                ],
                [
                    1162.944,
                    285.012
                ],
                [
                    1131.072,
                    273.024
                ],
                [
                    1118.9759999999999,
                    261.036
                ],
                [
                    1105.9199999999998,
                    254.016
                ],
                [
                    1095.936,
                    243.97199999999998
                ],
                [
                    1078.08,
                    258.98400000000004
                ],
                [
                    1066.944,
                    282.96000000000004
                ],
                [
                    1064.064,
                    305.964
                ],
                [
                    1076.9279999999999,
                    354.024
                ],
                [
                    1078.08,
                    389.988
                ],
                [
                    1070.9759999999999,
                    439.99199999999996
                ],
                [
                    1062.912,
                    462.99600000000004
                ],
                [
                    1094.0159999999998,
                    466.992
                ],
                [
                    1152.96,
                    473.04
                ],
                [
                    1193.088,
                    483.948
                ],
                [
                    1238.9759999999999,
                    494.964
                ],
                [
                    1270.08,
                    483.948
                ],
                [
                    1270.08,
                    435.024
                ],
                [
                    1239.9360000000001,
                    273.024
                ],
                [
                    1229.952,
                    184.03199999999998
                ]
            ]
        },
        {
            "ID": "3",
            "CLASS": "플라스틱",
            "DETAILS": "PS",
            "DAMAGE": "원형",
            "DIRTINESS": "오염없음",
            "COVER": "겹침",
            "TRANSPARENCY": "불투명",
            "SHAPE": "기타 형태",
            "SHAPE_TYPE": "POLYGON",
            "POINTS": [
                [
                    1138.944,
                    797.04
                ],
                [
                    1118.9759999999999,
                    803.952
                ],
                [
                    1103.04,
                    817.992
                ],
                [
                    1084.9920000000002,
                    840.024
                ],
                [
                    1080,
                    867.024
                ],
                [
                    1076.9279999999999,
                    918
                ],
                [
                    1086.912,
                    960.984
                ],
                [
                    1142.976,
                    996.948
                ],
                [
                    1193.088,
                    1002.024
                ],
                [
                    1233.9840000000002,
                    998.028
                ],
                [
                    1283.904,
                    972.972
                ],
                [
                    1305.9840000000002,
                    951.048
                ],
                [
                    1321.92,
                    922.9680000000001
                ],
                [
                    1324.032,
                    894.024
                ],
                [
                    1313.088,
                    848.016
                ],
                [
                    1272,
                    805.0319999999999
                ],
                [
                    1246.08,
                    801.0360000000001
                ],
                [
                    1233.024,
                    817.02
                ],
                [
                    1209.984,
                    825.984
                ],
                [
                    1176,
                    810.972
                ],
                [
                    1161.984,
                    794.016
                ],
                [
                    1150.08,
                    790.0200000000001
                ]
            ]
        }
    ]
}