{
    "IMAGE_INFO": {
        "FILE_NAME": "1010662@0_04003_220906_P1_T3__0293.jpg",
        "DATE": "2022-10-21 12:14:10",
        "RESOLUTION": "1920 x 1080",
        "IMAGE_PHOTOGRAPHER": "김건무",
        "FOCUS_DISTANCE": "5.0",
        "EXPOSURE_TIME": "1/320",
        "SENSITIVITY_ISO": "6400",
        "PLACE": "삼오자원",
        "REGION_NAME": null,
        "Direction": "0",
        "HEIGHT": "100",
        "DAY/NIGHT": "주간",
        "WEATHER": "맑음",
        "IMAGE_HEIGHT": 1080,
        "IMAGE_WIDTH": 1920,
        "IMAGE_SIZE": "676.6 KB"
    },
    "ANNOTATION_INFO": [
        {
            "ID": "1",
            "CLASS": "플라스틱",
            "DETAILS": "PS",
            "DAMAGE": "찌그러짐",
            "DIRTINESS": "이물질(외부)",
            "COVER": "겹침",
            "TRANSPARENCY": "불투명",
            "SHAPE": "음료용기형",
            "SHAPE_TYPE": "POLYGON",
            "POINTS": [
                [
                    782.976,
                    209.952
                ],
                [
                    772.9920000000001,
                    208.00799999999998
                ],
                [
                    762.048,
                    203.04
                ],
                [
                    745.9200000000001,
                    193.96800000000002
                ],
                [
                    718.08,
                    181.008
                ],
                [
                    709.056,
                    177.984
                ],
                [
                    697.92,
                    177.012
                ],
                [
                    696,
                    176.04000000000002
                ],
                [
                    695.04,
                    165.996
                ],
                [
                    696.96,
                    143.964
                ],
                [
                    699.072,
                    135.972
                ],
                [
                    697.92,
                    115.02
                ],
                [
                    699.072,
                    114.048
                ],
                [
                    702.9119999999999,
                    111.996
                ],
                [
                    713.088,
                    111.996
                ],
                [
                    728.064,
                    108
                ],
                [
                    730.944,
                    105.94800000000001
                ],
                [
                    744.96,
                    100.98
                ],
                [
                    745.9200000000001,
                    99.036
                ],
                [
                    773.952,
                    88.992
                ],
                [
                    787.0079999999999,
                    81.972
                ],
                [
                    791.04,
                    81
                ],
                [
                    798.912,
                    81
                ],
                [
                    806.016,
                    81.972
                ],
                [
                    814.0799999999999,
                    81.972
                ],
                [
                    820.992,
                    84.02399999999999
                ],
                [
                    825.984,
                    84.02399999999999
                ],
                [
                    839.04,
                    88.02000000000001
                ],
                [
                    846.912,
                    88.992
                ],
                [
                    853.0559999999999,
                    88.992
                ],
                [
                    870.912,
                    91.044
                ],
                [
                    878.976,
                    91.044
                ],
                [
                    886.08,
                    89.964
                ],
                [
                    892.032,
                    92.01599999999999
                ],
                [
                    900.096,
                    92.01599999999999
                ],
                [
                    908.928,
                    92.988
                ],
                [
                    917.952,
                    96.012
                ],
                [
                    921.984,
                    99.036
                ],
                [
                    921.984,
                    100.98
                ],
                [
                    925.056,
                    103.032
                ],
                [
                    926.016,
                    104.976
                ],
                [
                    927.936,
                    114.048
                ],
                [
                    926.016,
                    141.048
                ],
                [
                    927.936,
                    161.02800000000002
                ],
                [
                    927.936,
                    188.028
                ],
                [
                    925.056,
                    200.988
                ],
                [
                    916.032,
                    204.984
                ],
                [
                    901.056,
                    204.984
                ],
                [
                    896.064,
                    200.988
                ],
                [
                    887.0400000000001,
                    188.028
                ],
                [
                    877.0559999999999,
                    178.956
                ],
                [
                    868.992,
                    174.96
                ],
                [
                    855.9359999999999,
                    172.04399999999998
                ],
                [
                    846.912,
                    172.04399999999998
                ],
                [
                    841.92,
                    173.988
                ],
                [
                    835.9680000000001,
                    173.988
                ],
                [
                    831.936,
                    176.04000000000002
                ],
                [
                    830.0160000000001,
                    176.04000000000002
                ],
                [
                    825.024,
                    178.956
                ],
                [
                    820.0319999999999,
                    180.03599999999997
                ],
                [
                    812.928,
                    184.03199999999998
                ],
                [
                    809.088,
                    189
                ],
                [
                    795.072,
                    199.04399999999998
                ],
                [
                    790.0799999999999,
                    207.036
                ]
            ]
        },
        {
            "ID": "2",
            "CLASS": "플라스틱",
            "DETAILS": "PS",
            "DAMAGE": "원형",
            "DIRTINESS": "이물질(외부)",
            "COVER": "겹침",
            "TRANSPARENCY": "불투명",
            "SHAPE": "식품용기형",
            "SHAPE_TYPE": "POLYGON",
            "POINTS": [
                [
                    550.0799999999999,
                    250.992
                ],
                [
                    542.976,
                    250.02
                ],
                [
                    534.912,
                    246.99599999999998
                ],
                [
                    532.032,
                    245.052
                ],
                [
                    524.928,
                    242.028
                ],
                [
                    504,
                    228.95999999999998
                ],
                [
                    491.904,
                    215.028
                ],
                [
                    489.984,
                    212.004
                ],
                [
                    489.984,
                    209.952
                ],
                [
                    485.952,
                    204.012
                ],
                [
                    485.952,
                    200.016
                ],
                [
                    480.96,
                    192.996
                ],
                [
                    480.96,
                    188.028
                ],
                [
                    479.04,
                    182.952
                ],
                [
                    478.08,
                    176.04000000000002
                ],
                [
                    479.04,
                    154.98
                ],
                [
                    480.96,
                    151.956
                ],
                [
                    481.92,
                    143.964
                ],
                [
                    484.032,
                    138.024
                ],
                [
                    488.06399999999996,
                    131.00400000000002
                ],
                [
                    494.01599999999996,
                    122.04
                ],
                [
                    504.96000000000004,
                    110.052
                ],
                [
                    524.928,
                    96.012
                ],
                [
                    545.088,
                    87.048
                ],
                [
                    552.9599999999999,
                    84.02399999999999
                ],
                [
                    555.072,
                    84.02399999999999
                ],
                [
                    565.056,
                    81
                ],
                [
                    588.096,
                    77.004
                ],
                [
                    606.912,
                    77.004
                ],
                [
                    624.96,
                    80.028
                ],
                [
                    643.0079999999999,
                    84.99600000000001
                ],
                [
                    648,
                    87.048
                ],
                [
                    653.952,
                    89.964
                ],
                [
                    666.048,
                    97.956
                ],
                [
                    676.032,
                    105.94800000000001
                ],
                [
                    681.024,
                    114.048
                ],
                [
                    685.056,
                    123.984
                ],
                [
                    685.056,
                    138.024
                ],
                [
                    681.984,
                    147.96
                ],
                [
                    681.984,
                    150.984
                ],
                [
                    686.976,
                    165.024
                ],
                [
                    691.968,
                    172.04399999999998
                ],
                [
                    692.928,
                    174.96
                ],
                [
                    692.928,
                    181.98000000000002
                ],
                [
                    691.008,
                    195.048
                ],
                [
                    687.936,
                    199.04399999999998
                ],
                [
                    685.056,
                    205.95600000000002
                ],
                [
                    680.0640000000001,
                    209.952
                ],
                [
                    643.0079999999999,
                    209.952
                ],
                [
                    638.016,
                    208.98000000000002
                ],
                [
                    633.984,
                    207.036
                ],
                [
                    624.96,
                    207.036
                ],
                [
                    618.048,
                    204.984
                ],
                [
                    614.976,
                    204.984
                ],
                [
                    608.064,
                    201.96
                ],
                [
                    585.024,
                    200.988
                ],
                [
                    580.0319999999999,
                    201.96
                ],
                [
                    572.928,
                    201.96
                ],
                [
                    567.936,
                    205.95600000000002
                ],
                [
                    566.016,
                    211.03199999999998
                ],
                [
                    560.0640000000001,
                    231.012
                ],
                [
                    558.912,
                    238.032
                ],
                [
                    555.072,
                    249.048
                ],
                [
                    552,
                    250.992
                ]
            ]
        }
    ]
}