{
    "IMAGE_INFO": {
        "FILE_NAME": "1010659@0_04003_220906_P1_T3__0295.jpg",
        "DATE": "2022-10-21 12:14:10",
        "RESOLUTION": "1920 x 1080",
        "IMAGE_PHOTOGRAPHER": "김건무",
        "FOCUS_DISTANCE": "5.0",
        "EXPOSURE_TIME": "1/320",
        "SENSITIVITY_ISO": "6400",
        "PLACE": "삼오자원",
        "REGION_NAME": null,
        "Direction": "0",
        "HEIGHT": "100",
        "DAY/NIGHT": "주간",
        "WEATHER": "맑음",
        "IMAGE_HEIGHT": 1080,
        "IMAGE_WIDTH": 1920,
        "IMAGE_SIZE": "652.5 KB"
    },
    "ANNOTATION_INFO": [
        {
            "ID": "1",
            "CLASS": "플라스틱",
            "DETAILS": "PS",
            "DAMAGE": "원형",
            "DIRTINESS": "이물질(외부)",
            "COVER": "겹침",
            "TRANSPARENCY": "불투명",
            "SHAPE": "기타 형태",
            "SHAPE_TYPE": "POLYGON",
            "POINTS": [
                [
                    550.0799999999999,
                    493.02000000000004
                ],
                [
                    538.944,
                    490.968
                ],
                [
                    527.0400000000001,
                    486.97200000000004
                ],
                [
                    523.968,
                    486.97200000000004
                ],
                [
                    489.02399999999994,
                    463.96799999999996
                ],
                [
                    480.96,
                    451.00800000000004
                ],
                [
                    478.08,
                    448.956
                ],
                [
                    475.968,
                    443.988
                ],
                [
                    471.936,
                    440.964
                ],
                [
                    465.984,
                    432
                ],
                [
                    465.024,
                    396.036
                ],
                [
                    465.984,
                    380.05199999999996
                ],
                [
                    466.944,
                    374.976
                ],
                [
                    470.976,
                    370.00800000000004
                ],
                [
                    471.936,
                    361.044
                ],
                [
                    473.088,
                    358.99199999999996
                ],
                [
                    475.968,
                    357.048
                ],
                [
                    478.08,
                    350.028
                ],
                [
                    483.072,
                    343.008
                ],
                [
                    486.912,
                    339.98400000000004
                ],
                [
                    486.912,
                    338.04
                ],
                [
                    493.0559999999999,
                    331.02
                ],
                [
                    503.04,
                    323.02799999999996
                ],
                [
                    513.024,
                    316.00800000000004
                ],
                [
                    523.968,
                    309.96
                ],
                [
                    538.944,
                    304.02
                ],
                [
                    565.056,
                    296.028
                ],
                [
                    570.048,
                    294.94800000000004
                ],
                [
                    584.0640000000001,
                    293.976
                ],
                [
                    596.928,
                    293.976
                ],
                [
                    605.952,
                    294.94800000000004
                ],
                [
                    611.904,
                    294.94800000000004
                ],
                [
                    627.072,
                    297.972
                ],
                [
                    637.0559999999999,
                    300.996
                ],
                [
                    647.0400000000001,
                    304.99199999999996
                ],
                [
                    668.928,
                    320.004
                ],
                [
                    682.9440000000001,
                    335.01599999999996
                ],
                [
                    686.016,
                    336.96
                ],
                [
                    686.976,
                    343.008
                ],
                [
                    691.008,
                    344.952
                ],
                [
                    695.04,
                    348.948
                ],
                [
                    700.0319999999999,
                    361.044
                ],
                [
                    699.072,
                    397.98
                ],
                [
                    696.96,
                    411.048
                ],
                [
                    695.04,
                    416.01599999999996
                ],
                [
                    695.04,
                    424.008
                ],
                [
                    694.0799999999999,
                    428.00399999999996
                ],
                [
                    685.056,
                    443.988
                ],
                [
                    673.92,
                    455.976
                ],
                [
                    668.928,
                    459.972
                ],
                [
                    663.936,
                    459.972
                ],
                [
                    652.032,
                    458.02799999999996
                ],
                [
                    644.928,
                    458.02799999999996
                ],
                [
                    635.904,
                    455.004
                ],
                [
                    628.992,
                    455.004
                ],
                [
                    620.928,
                    452.952
                ],
                [
                    610.944,
                    451.97999999999996
                ],
                [
                    596.928,
                    448.956
                ],
                [
                    585.024,
                    448.956
                ],
                [
                    579.072,
                    451.00800000000004
                ],
                [
                    569.088,
                    451.00800000000004
                ],
                [
                    564.096,
                    454.032
                ],
                [
                    564.096,
                    458.02799999999996
                ],
                [
                    560.0640000000001,
                    461.052
                ],
                [
                    558.912,
                    467.964
                ],
                [
                    556.032,
                    470.988
                ],
                [
                    553.92,
                    488.052
                ],
                [
                    550.0799999999999,
                    493.02000000000004
                ]
            ]
        },
        {
            "ID": "2",
            "CLASS": "플라스틱",
            "DETAILS": "PS",
            "DAMAGE": "찌그러짐",
            "DIRTINESS": "이물질(외부)",
            "COVER": "겹침",
            "TRANSPARENCY": "불투명",
            "SHAPE": "음료용기형",
            "SHAPE_TYPE": "POLYGON",
            "POINTS": [
                [
                    788.928,
                    450.036
                ],
                [
                    783.936,
                    447.984
                ],
                [
                    773.952,
                    442.044
                ],
                [
                    767.0400000000001,
                    439.99199999999996
                ],
                [
                    754.944,
                    434.05199999999996
                ],
                [
                    737.0880000000001,
                    424.008
                ],
                [
                    729.9839999999999,
                    421.956
                ],
                [
                    720,
                    416.01599999999996
                ],
                [
                    713.088,
                    416.01599999999996
                ],
                [
                    700.992,
                    412.02
                ],
                [
                    699.072,
                    412.02
                ],
                [
                    699.072,
                    393.012
                ],
                [
                    700.992,
                    380.05199999999996
                ],
                [
                    700.992,
                    346.03200000000004
                ],
                [
                    705.024,
                    343.008
                ],
                [
                    715.008,
                    342.036
                ],
                [
                    730.944,
                    338.04
                ],
                [
                    738.048,
                    334.04400000000004
                ],
                [
                    740.928,
                    334.04400000000004
                ],
                [
                    748.992,
                    330.048
                ],
                [
                    772.9920000000001,
                    320.004
                ],
                [
                    781.056,
                    316.00800000000004
                ],
                [
                    785.088,
                    316.00800000000004
                ],
                [
                    792.9599999999999,
                    312.012
                ],
                [
                    801.024,
                    308.988
                ],
                [
                    806.976,
                    308.988
                ],
                [
                    825.024,
                    311.03999999999996
                ],
                [
                    839.04,
                    313.956
                ],
                [
                    840.96,
                    315.036
                ],
                [
                    844.992,
                    316.00800000000004
                ],
                [
                    849.024,
                    317.952
                ],
                [
                    862.08,
                    320.004
                ],
                [
                    872.064,
                    321.948
                ],
                [
                    888,
                    321.948
                ],
                [
                    907.968,
                    324
                ],
                [
                    913.92,
                    324.972
                ],
                [
                    922.9440000000001,
                    324.972
                ],
                [
                    934.0799999999999,
                    327.99600000000004
                ],
                [
                    936.96,
                    327.99600000000004
                ],
                [
                    940.992,
                    328.96799999999996
                ],
                [
                    942.9119999999999,
                    331.02
                ],
                [
                    945.024,
                    331.992
                ],
                [
                    945.984,
                    334.04400000000004
                ],
                [
                    948.096,
                    343.98
                ],
                [
                    948.096,
                    382.968
                ],
                [
                    946.9440000000001,
                    428.976
                ],
                [
                    945.024,
                    436.968
                ],
                [
                    942.9119999999999,
                    439.02
                ],
                [
                    940.992,
                    439.99199999999996
                ],
                [
                    940.992,
                    440.964
                ],
                [
                    936.96,
                    442.044
                ],
                [
                    934.0799999999999,
                    442.044
                ],
                [
                    921.984,
                    443.988
                ],
                [
                    915.072,
                    443.988
                ],
                [
                    913.92,
                    442.044
                ],
                [
                    910.0799999999999,
                    440.964
                ],
                [
                    902.976,
                    431.028
                ],
                [
                    901.056,
                    428.976
                ],
                [
                    892.032,
                    423.036
                ],
                [
                    879.9359999999999,
                    420.984
                ],
                [
                    873.024,
                    420.984
                ],
                [
                    860.928,
                    421.956
                ],
                [
                    855.9359999999999,
                    421.956
                ],
                [
                    854.016,
                    423.036
                ],
                [
                    851.904,
                    423.036
                ],
                [
                    846.912,
                    424.98
                ],
                [
                    840.96,
                    428.00399999999996
                ],
                [
                    811.968,
                    444.96
                ],
                [
                    811.968,
                    446.03999999999996
                ],
                [
                    806.016,
                    448.956
                ],
                [
                    801.984,
                    450.036
                ],
                [
                    788.928,
                    450.036
                ]
            ]
        }
    ]
}