{
    "IMAGE_INFO": {
        "FILE_NAME": "1010665@0_04003_220906_P1_T3__0297.jpg",
        "DATE": "2022-10-21 12:14:10",
        "RESOLUTION": "1920 x 1080",
        "IMAGE_PHOTOGRAPHER": "김건무",
        "FOCUS_DISTANCE": "5.0",
        "EXPOSURE_TIME": "1/320",
        "SENSITIVITY_ISO": "6400",
        "PLACE": "삼오자원",
        "REGION_NAME": null,
        "Direction": "0",
        "HEIGHT": "100",
        "DAY/NIGHT": "주간",
        "WEATHER": "맑음",
        "IMAGE_HEIGHT": 1080,
        "IMAGE_WIDTH": 1920,
        "IMAGE_SIZE": "639.9 KB"
    },
    "ANNOTATION_INFO": [
        {
            "ID": "1",
            "CLASS": "플라스틱",
            "DETAILS": "PS",
            "DAMAGE": "찌그러짐",
            "DIRTINESS": "이물질(외부)",
            "COVER": "없음",
            "TRANSPARENCY": "불투명",
            "SHAPE": "음료용기형",
            "SHAPE_TYPE": "POLYGON",
            "POINTS": [
                [
                    802.9440000000001,
                    732.996
                ],
                [
                    791.04,
                    725.976
                ],
                [
                    787.0079999999999,
                    725.004
                ],
                [
                    769.9200000000001,
                    714.96
                ],
                [
                    740.928,
                    701.028
                ],
                [
                    724.992,
                    691.956
                ],
                [
                    720,
                    690.0120000000001
                ],
                [
                    713.088,
                    689.04
                ],
                [
                    705.984,
                    686.9879999999999
                ],
                [
                    702.9119999999999,
                    685.044
                ],
                [
                    701.952,
                    683.9639999999999
                ],
                [
                    701.952,
                    671.976
                ],
                [
                    705.024,
                    667.008
                ],
                [
                    705.984,
                    632.9879999999999
                ],
                [
                    702.9119999999999,
                    621
                ],
                [
                    702.9119999999999,
                    613.008
                ],
                [
                    713.088,
                    613.008
                ],
                [
                    728.064,
                    609.9839999999999
                ],
                [
                    742.08,
                    605.988
                ],
                [
                    763.968,
                    596.0519999999999
                ],
                [
                    769.9200000000001,
                    594.972
                ],
                [
                    777.984,
                    590.004
                ],
                [
                    795.072,
                    583.9559999999999
                ],
                [
                    806.016,
                    578.988
                ],
                [
                    812.928,
                    578.016
                ],
                [
                    819.072,
                    577.044
                ],
                [
                    834.048,
                    578.988
                ],
                [
                    855.9359999999999,
                    583.9559999999999
                ],
                [
                    864,
                    586.98
                ],
                [
                    875.904,
                    587.952
                ],
                [
                    879.9359999999999,
                    590.004
                ],
                [
                    894.912,
                    590.004
                ],
                [
                    907.968,
                    590.976
                ],
                [
                    915.072,
                    593.028
                ],
                [
                    930.048,
                    593.028
                ],
                [
                    936.96,
                    594.972
                ],
                [
                    955.9680000000001,
                    597.996
                ],
                [
                    961.92,
                    597.996
                ],
                [
                    969.0240000000001,
                    601.02
                ],
                [
                    971.904,
                    605.988
                ],
                [
                    973.056,
                    639.0360000000001
                ],
                [
                    975.9359999999999,
                    655.0200000000001
                ],
                [
                    975.9359999999999,
                    663.984
                ],
                [
                    971.904,
                    678.024
                ],
                [
                    971.904,
                    698.004
                ],
                [
                    969.0240000000001,
                    713.988
                ],
                [
                    965.952,
                    717.0120000000001
                ],
                [
                    959.04,
                    721.0079999999999
                ],
                [
                    949.056,
                    722.952
                ],
                [
                    941.952,
                    722.952
                ],
                [
                    934.0799999999999,
                    724.032
                ],
                [
                    926.976,
                    721.0079999999999
                ],
                [
                    921.024,
                    713.988
                ],
                [
                    918.912,
                    713.016
                ],
                [
                    912.9599999999999,
                    712.044
                ],
                [
                    891.072,
                    712.044
                ],
                [
                    881.088,
                    716.0400000000001
                ],
                [
                    878.016,
                    716.0400000000001
                ],
                [
                    870.912,
                    717.9839999999999
                ],
                [
                    849.024,
                    728.028
                ],
                [
                    838.08,
                    731.0519999999999
                ],
                [
                    802.9440000000001,
                    732.996
                ]
            ]
        }
    ]
}