{
    "IMAGE_INFO": {
        "FILE_NAME": "1017921@0_04003_220906_P1_T3__3414.jpg",
        "DATE": "2022-10-21 12:12:59",
        "RESOLUTION": "1920 x 1080",
        "IMAGE_PHOTOGRAPHER": "권혁준",
        "FOCUS_DISTANCE": "5.0",
        "EXPOSURE_TIME": "1/320",
        "SENSITIVITY_ISO": "6400",
        "PLACE": "삼오자원",
        "REGION_NAME": null,
        "Direction": "0",
        "HEIGHT": "100",
        "DAY/NIGHT": "주간",
        "WEATHER": "맑음",
        "IMAGE_HEIGHT": 1080,
        "IMAGE_WIDTH": 1920,
        "IMAGE_SIZE": "628.6 KB"
    },
    "ANNOTATION_INFO": [
        {
            "ID": "1",
            "CLASS": "플라스틱",
            "DETAILS": "PS",
            "DAMAGE": "찌그러짐",
            "DIRTINESS": "오염없음",
            "COVER": "없음",
            "TRANSPARENCY": "불투명",
            "SHAPE": "기타 형태",
            "SHAPE_TYPE": "POLYGON",
            "POINTS": [
                [
                    1174.0800000000002,
                    490.968
                ],
                [
                    1166.976,
                    489.996
                ],
                [
                    1156.992,
                    488.052
                ],
                [
                    1142.976,
                    483.948
                ],
                [
                    1137.984,
                    481.03200000000004
                ],
                [
                    1136.064,
                    481.03200000000004
                ],
                [
                    1127.04,
                    478.008
                ],
                [
                    1122.048,
                    477.036
                ],
                [
                    1117.056,
                    474.98400000000004
                ],
                [
                    1104,
                    467.964
                ],
                [
                    1094.976,
                    463.96799999999996
                ],
                [
                    1071.9360000000001,
                    446.03999999999996
                ],
                [
                    1064.064,
                    434.05199999999996
                ],
                [
                    1061.952,
                    428.976
                ],
                [
                    1059.072,
                    413.964
                ],
                [
                    1059.072,
                    401.976
                ],
                [
                    1057.92,
                    397.98
                ],
                [
                    1056.96,
                    397.008
                ],
                [
                    1051.008,
                    397.008
                ],
                [
                    1047.936,
                    396.036
                ],
                [
                    1046.0159999999998,
                    389.988
                ],
                [
                    1045.056,
                    366.984
                ],
                [
                    1046.0159999999998,
                    353.052
                ],
                [
                    1050.048,
                    336.96
                ],
                [
                    1051.008,
                    335.01599999999996
                ],
                [
                    1054.0800000000002,
                    332.964
                ],
                [
                    1055.04,
                    328.96799999999996
                ],
                [
                    1062.912,
                    316.97999999999996
                ],
                [
                    1084.9920000000002,
                    300.996
                ],
                [
                    1094.0159999999998,
                    297
                ],
                [
                    1097.088,
                    294.94800000000004
                ],
                [
                    1099.008,
                    294.94800000000004
                ],
                [
                    1113.9840000000002,
                    289.98
                ],
                [
                    1117.056,
                    289.98
                ],
                [
                    1121.088,
                    289.008
                ],
                [
                    1129.92,
                    288.036
                ],
                [
                    1148.928,
                    288.036
                ],
                [
                    1171.008,
                    292.032
                ],
                [
                    1177.92,
                    294.94800000000004
                ],
                [
                    1180.0320000000002,
                    294.94800000000004
                ],
                [
                    1199.0400000000002,
                    304.99199999999996
                ],
                [
                    1209.984,
                    312.012
                ],
                [
                    1232.064,
                    330.048
                ],
                [
                    1237.056,
                    335.988
                ],
                [
                    1238.016,
                    339.012
                ],
                [
                    1241.088,
                    339.98400000000004
                ],
                [
                    1248.96,
                    354.024
                ],
                [
                    1249.92,
                    358.02000000000004
                ],
                [
                    1254.9119999999998,
                    365.04
                ],
                [
                    1259.904,
                    367.956
                ],
                [
                    1266.048,
                    367.956
                ],
                [
                    1271.04,
                    369.036
                ],
                [
                    1277.952,
                    369.036
                ],
                [
                    1278.912,
                    370.00800000000004
                ],
                [
                    1281.0240000000001,
                    370.00800000000004
                ],
                [
                    1281.0240000000001,
                    378.972
                ],
                [
                    1277.952,
                    400.032
                ],
                [
                    1272.96,
                    416.01599999999996
                ],
                [
                    1271.04,
                    439.02
                ],
                [
                    1267.008,
                    450.036
                ],
                [
                    1263.936,
                    451.97999999999996
                ],
                [
                    1257.984,
                    454.032
                ],
                [
                    1256.064,
                    459
                ],
                [
                    1247.04,
                    467.964
                ],
                [
                    1238.9759999999999,
                    474.98400000000004
                ],
                [
                    1233.024,
                    478.98
                ],
                [
                    1219.008,
                    486
                ],
                [
                    1215.936,
                    486
                ],
                [
                    1199.0400000000002,
                    489.996
                ],
                [
                    1189.056,
                    490.968
                ],
                [
                    1174.0800000000002,
                    490.968
                ]
            ]
        }
    ]
}