{
    "IMAGE_INFO": {
        "FILE_NAME": "1033841@0_04003_221006_P1_T3__3149.jpg",
        "DATE": "2022-10-28 18:42:31",
        "RESOLUTION": "1920 x 1080",
        "IMAGE_PHOTOGRAPHER": "조신주",
        "FOCUS_DISTANCE": "8.0",
        "EXPOSURE_TIME": "1/160",
        "SENSITIVITY_ISO": "5000",
        "PLACE": "강북재활용센터",
        "REGION_NAME": null,
        "Direction": "0",
        "HEIGHT": "115",
        "DAY/NIGHT": "주간",
        "WEATHER": "맑음",
        "IMAGE_HEIGHT": 1080,
        "IMAGE_WIDTH": 1920,
        "IMAGE_SIZE": "566.5 KB"
    },
    "ANNOTATION_INFO": [
        {
            "ID": "1",
            "CLASS": "플라스틱",
            "DETAILS": "PS",
            "DAMAGE": "찌그러짐",
            "DIRTINESS": "오염없음",
            "COVER": "없음",
            "TRANSPARENCY": "불투명",
            "SHAPE": "식품용기형",
            "SHAPE_TYPE": "POLYGON",
            "POINTS": [
                [
                    614.016,
                    675.972
                ],
                [
                    513.984,
                    644.004
                ],
                [
                    503.04,
                    645.948
                ],
                [
                    495.9359999999999,
                    650.052
                ],
                [
                    491.904,
                    654.048
                ],
                [
                    471.936,
                    659.9879999999999
                ],
                [
                    464.064,
                    667.008
                ],
                [
                    455.03999999999996,
                    679.9680000000001
                ],
                [
                    451.008,
                    694.0079999999999
                ],
                [
                    451.008,
                    708.048
                ],
                [
                    455.03999999999996,
                    725.004
                ],
                [
                    460.992,
                    740.0160000000001
                ],
                [
                    461.952,
                    744.012
                ],
                [
                    461.952,
                    753.9480000000001
                ],
                [
                    465.984,
                    762.048
                ],
                [
                    566.976,
                    798.0120000000001
                ],
                [
                    576,
                    797.04
                ],
                [
                    582.9119999999999,
                    791.9639999999999
                ],
                [
                    595.008,
                    760.968
                ],
                [
                    598.08,
                    749.952
                ],
                [
                    601.92,
                    740.0160000000001
                ],
                [
                    618.048,
                    691.956
                ],
                [
                    618.048,
                    683.9639999999999
                ]
            ]
        },
        {
            "ID": "2",
            "CLASS": "플라스틱",
            "DETAILS": "PS",
            "DAMAGE": "찌그러짐",
            "DIRTINESS": "이물질(외부)",
            "COVER": "겹침",
            "TRANSPARENCY": "불투명",
            "SHAPE": "식품용기형",
            "SHAPE_TYPE": "POLYGON",
            "POINTS": [
                [
                    950.976,
                    199.04399999999998
                ],
                [
                    916.9920000000001,
                    211.03199999999998
                ],
                [
                    910.0799999999999,
                    219.024
                ],
                [
                    900.096,
                    223.01999999999998
                ],
                [
                    894.912,
                    231.012
                ],
                [
                    889.9200000000001,
                    247.968
                ],
                [
                    891.072,
                    254.988
                ],
                [
                    881.088,
                    269.02799999999996
                ],
                [
                    870.912,
                    281.01599999999996
                ],
                [
                    872.064,
                    289.98
                ],
                [
                    878.016,
                    296.028
                ],
                [
                    950.0160000000001,
                    336.96
                ],
                [
                    970.9440000000001,
                    347.976
                ],
                [
                    979.008,
                    344.952
                ],
                [
                    987.072,
                    335.01599999999996
                ],
                [
                    1023.936,
                    281.01599999999996
                ],
                [
                    1032.96,
                    265.032
                ],
                [
                    1035.0720000000001,
                    255.95999999999998
                ],
                [
                    1032.96,
                    247.968
                ],
                [
                    1001.088,
                    227.016
                ],
                [
                    987.072,
                    212.976
                ],
                [
                    969.0240000000001,
                    199.04399999999998
                ],
                [
                    958.08,
                    197.964
                ]
            ]
        }
    ]
}