{
    "IMAGE_INFO": {
        "FILE_NAME": "106496@3_05001_220804_P1_T1.jpg",
        "DATE": "2022-08-04 08:56:45",
        "RESOLUTION": "4000 x 2250",
        "IMAGE_PHOTOGRAPHER": "조은희",
        "FOCUS_DISTANCE": "4.6",
        "EXPOSURE_TIME": "0.00817",
        "SENSITIVITY_ISO": null,
        "PLACE": "주택가분리수거장",
        "REGION_NAME": null,
        "Direction": "3",
        "HEIGHT": null,
        "DAY/NIGHT": "주간",
        "WEATHER": "맑음",
        "IMAGE_HEIGHT": 2250,
        "IMAGE_WIDTH": 4000,
        "IMAGE_SIZE": "4.9 MB"
    },
    "ANNOTATION_INFO": [
        {
            "ID": "1",
            "CLASS": "스티로폼",
            "DETAILS": "스티로폼",
            "DAMAGE": "원형",
            "DIRTINESS": "오염없음",
            "COVER": "없음",
            "TRANSPARENCY": "불투명",
            "SHAPE": "식품용기형",
            "SHAPE_TYPE": "POLYGON",
            "POINTS": [
                [
                    1413.4295227524972,
                    1729.640677025527
                ],
                [
                    2247.5027746947835,
                    1669.707269700333
                ],
                [
                    2337.402885682575,
                    1679.6961709211985
                ],
                [
                    2467.258601553829,
                    1662.2155937846837
                ],
                [
                    2579.633740288568,
                    1619.7627635960043
                ],
                [
                    2684.517203107658,
                    1607.2766370699223
                ],
                [
                    2761.9311875693675,
                    1587.298834628191
                ],
                [
                    2821.8645948945614,
                    1539.8515538290787
                ],
                [
                    2846.836847946726,
                    1487.4098224195338
                ],
                [
                    2851.831298557159,
                    1444.9569922308547
                ],
                [
                    2789.400665926748,
                    1327.5874028856826
                ],
                [
                    2771.920088790233,
                    1310.1068257491675
                ],
                [
                    2769.4228634850165,
                    1292.6262486126525
                ],
                [
                    2694.5061043285236,
                    1120.317702552719
                ],
                [
                    2484.739178690344,
                    698.2866259711432
                ],
                [
                    2352.3862375138738,
                    423.59184239733634
                ],
                [
                    2314.927857935627,
                    373.64733629300775
                ],
                [
                    2257.491675915649,
                    341.18340732519425
                ],
                [
                    2167.5915649278577,
                    328.6972807991121
                ],
                [
                    1895.3940066592675,
                    321.20560488346285
                ],
                [
                    1515.8157602663707,
                    311.21670366259707
                ],
                [
                    1281.0765815760265,
                    303.72502774694783
                ],
                [
                    1193.6736958934516,
                    318.70837957824637
                ],
                [
                    1148.723640399556,
                    346.17785793562706
                ],
                [
                    1128.7458379578245,
                    368.65288568257495
                ],
                [
                    1113.762486126526,
                    1010.4397891231965
                ],
                [
                    1113.762486126526,
                    1512.382075471698
                ],
                [
                    1118.756936736959,
                    1582.3043840177581
                ],
                [
                    1166.204217536071,
                    1634.7461154273028
                ],
                [
                    1211.1542730299666,
                    1677.1989456159822
                ],
                [
                    1266.093229744728,
                    1704.668423973363
                ],
                [
                    1336.0155382907878,
                    1727.1434517203106
                ]
            ]
        }
    ]
}