{
    "IMAGE_INFO": {
        "FILE_NAME": "106492@1_05001_220804_P1_T1.jpg",
        "DATE": "2022-08-04 08:59:46",
        "RESOLUTION": "4000 x 2250",
        "IMAGE_PHOTOGRAPHER": "조은희",
        "FOCUS_DISTANCE": "4.6",
        "EXPOSURE_TIME": "0.00687",
        "SENSITIVITY_ISO": null,
        "PLACE": "주택가분리수거장",
        "REGION_NAME": null,
        "Direction": "1",
        "HEIGHT": null,
        "DAY/NIGHT": "주간",
        "WEATHER": "맑음",
        "IMAGE_HEIGHT": 2250,
        "IMAGE_WIDTH": 4000,
        "IMAGE_SIZE": "5.1 MB"
    },
    "ANNOTATION_INFO": [
        {
            "ID": "1",
            "CLASS": "스티로폼",
            "DETAILS": "스티로폼",
            "DAMAGE": "원형",
            "DIRTINESS": "오염없음",
            "COVER": "없음",
            "TRANSPARENCY": "불투명",
            "SHAPE": "식품용기형",
            "SHAPE_TYPE": "POLYGON",
            "POINTS": [
                [
                    2089.8779134295223,
                    1641.3387902330746
                ],
                [
                    2276.870144284129,
                    1631.7494450610434
                ],
                [
                    2455.871254162042,
                    1594.9902885682575
                ],
                [
                    2647.658157602664,
                    1516.6773029966703
                ],
                [
                    2756.3374028856824,
                    1457.5430077691453
                ],
                [
                    2825.061043285238,
                    1372.8371254162041
                ],
                [
                    2857.025527192009,
                    1302.5152608213098
                ],
                [
                    2868.2130965593783,
                    1222.6040510543842
                ],
                [
                    2858.6237513873475,
                    1152.2821864594896
                ],
                [
                    2815.471698113208,
                    1043.6029411764705
                ],
                [
                    2729.167591564928,
                    936.5219200887902
                ],
                [
                    2615.6936736958937,
                    859.8071587125415
                ],
                [
                    2513.407325194228,
                    811.8604328523862
                ],
                [
                    2404.7280799112095,
                    771.9048279689233
                ],
                [
                    2251.2985571587124,
                    731.9492230854605
                ],
                [
                    2086.453398446171,
                    710.0091209766927
                ],
                [
                    1874.3524261931186,
                    715.2461820199777
                ],
                [
                    1676.6533718091005,
                    746.6685482796893
                ],
                [
                    1501.7314095449497,
                    802.2710876803551
                ],
                [
                    1378.7955249722525,
                    867.7755849056605
                ],
                [
                    1306.13130299667,
                    935.202745837958
                ],
                [
                    1241.7070728665924,
                    1029.3870990526084
                ],
                [
                    1215.6492785793562,
                    1113.924805771365
                ],
                [
                    1211.5416012572696,
                    1191.0740268785792
                ],
                [
                    1234.4673596803552,
                    1297.2564869433963
                ],
                [
                    1273.0791633402885,
                    1357.587430162042
                ],
                [
                    1314.7391786903438,
                    1409.5962819089902
                ],
                [
                    1412.4436421753605,
                    1478.2493165993342
                ],
                [
                    1551.2763596004438,
                    1539.0524417314098
                ],
                [
                    1640.7769145394004,
                    1572.6151498335187
                ],
                [
                    1727.08102108768,
                    1596.588512763596
                ],
                [
                    1853.3407325194228,
                    1623.7583240843508
                ],
                [
                    1966.814650388457,
                    1636.544117647059
                ]
            ]
        }
    ]
}