{
    "IMAGE_INFO": {
        "FILE_NAME": "106429@2_05001_220802_P1_T1.jpg",
        "DATE": "2022-08-02 12:47:44",
        "RESOLUTION": "4624 x 2600",
        "IMAGE_PHOTOGRAPHER": "조은희",
        "FOCUS_DISTANCE": "4.7",
        "EXPOSURE_TIME": "0.03300",
        "SENSITIVITY_ISO": null,
        "PLACE": "주택가분리수거장",
        "REGION_NAME": null,
        "Direction": "2",
        "HEIGHT": null,
        "DAY/NIGHT": "주간",
        "WEATHER": "비",
        "IMAGE_HEIGHT": 2600,
        "IMAGE_WIDTH": 4624,
        "IMAGE_SIZE": "4.2 MB"
    },
    "ANNOTATION_INFO": [
        {
            "ID": "1",
            "CLASS": "스티로폼",
            "DETAILS": "스티로폼",
            "DAMAGE": "원형",
            "DIRTINESS": "이물질(내부)",
            "COVER": "없음",
            "TRANSPARENCY": "불투명",
            "SHAPE": "식품용기형",
            "SHAPE_TYPE": "POLYGON",
            "POINTS": [
                [
                    3255.0499445061046,
                    405.79911209766925
                ],
                [
                    1307.214206437292,
                    446.1986681465039
                ],
                [
                    1165.8157602663707,
                    463.51276359600445
                ],
                [
                    1035.9600443951165,
                    581.8257491675915
                ],
                [
                    986.9034406215316,
                    734.7669256381797
                ],
                [
                    784.9056603773585,
                    1964.067702552719
                ],
                [
                    807.9911209766925,
                    2067.9522752497223
                ],
                [
                    854.1620421753607,
                    2145.865704772475
                ],
                [
                    940.7325194228634,
                    2215.122086570477
                ],
                [
                    1033.0743618201998,
                    2249.7502774694785
                ],
                [
                    1861.2652608213098,
                    2220.8934517203106
                ],
                [
                    3572.4750277469475,
                    2148.7513873473918
                ],
                [
                    3745.615982241953,
                    2076.609322974473
                ],
                [
                    3814.8723640399553,
                    1990.0388457269698
                ],
                [
                    3832.186459489456,
                    1886.1542730299668
                ],
                [
                    3685.0166481687015,
                    1288.8179800221976
                ],
                [
                    3517.6470588235293,
                    653.9678135405106
                ],
                [
                    3471.476137624861,
                    526.9977802441732
                ],
                [
                    3376.2486126526082,
                    451.9700332963374
                ]
            ]
        }
    ]
}