{
    "IMAGE_INFO": {
        "FILE_NAME": "106487@4_05001_220804_P1_T1.jpg",
        "DATE": "2022-08-04 08:57:46",
        "RESOLUTION": "4000 x 2250",
        "IMAGE_PHOTOGRAPHER": "조은희",
        "FOCUS_DISTANCE": "4.6",
        "EXPOSURE_TIME": "0.00834",
        "SENSITIVITY_ISO": null,
        "PLACE": "주택가분리수거장",
        "REGION_NAME": null,
        "Direction": "4",
        "HEIGHT": null,
        "DAY/NIGHT": "주간",
        "WEATHER": "맑음",
        "IMAGE_HEIGHT": 2250,
        "IMAGE_WIDTH": 4000,
        "IMAGE_SIZE": "5.5 MB"
    },
    "ANNOTATION_INFO": [
        {
            "ID": "1",
            "CLASS": "스티로폼",
            "DETAILS": "스티로폼",
            "DAMAGE": "원형",
            "DIRTINESS": "오염없음",
            "COVER": "없음",
            "TRANSPARENCY": "불투명",
            "SHAPE": "식품용기형",
            "SHAPE_TYPE": "POLYGON",
            "POINTS": [
                [
                    1625.6936736958933,
                    1829.5296892341842
                ],
                [
                    2205.049944506104,
                    1777.0879578246393
                ],
                [
                    2387.3473917869032,
                    1757.110155382908
                ],
                [
                    2492.230854605993,
                    1724.6462264150944
                ],
                [
                    2527.192008879023,
                    1677.1989456159822
                ],
                [
                    2542.175360710322,
                    1594.7905105438401
                ],
                [
                    2464.7613762486126,
                    1372.5374583795783
                ],
                [
                    2197.558268590455,
                    720.761653718091
                ],
                [
                    2089.8595338512764,
                    471.08147613762486
                ],
                [
                    2037.7358490566037,
                    406.1112652608213
                ],
                [
                    1997.780244173141,
                    388.6306881243063
                ],
                [
                    1866.4661487236406,
                    381.06948945615983
                ],
                [
                    1670.8946503884574,
                    381.88778024417314
                ],
                [
                    1520.8102108768035,
                    381.13901220865705
                ],
                [
                    1433.4073251942286,
                    383.6362375138735
                ],
                [
                    1383.4628190899,
                    401.11681465038845
                ],
                [
                    1360.9877913429523,
                    423.59184239733634
                ],
                [
                    1349.306370699223,
                    502.9948168701444
                ],
                [
                    1348.50166481687,
                    1092.8482241953386
                ],
                [
                    1353.4961154273028,
                    1607.2766370699223
                ],
                [
                    1358.4905660377358,
                    1722.1490011098779
                ],
                [
                    1420.9211986681464,
                    1777.0879578246393
                ],
                [
                    1478.3573806881243,
                    1814.5463374028857
                ],
                [
                    1560.7658157602664,
                    1824.5352386237514
                ]
            ]
        }
    ]
}