{
    "IMAGE_INFO": {
        "FILE_NAME": "106420@5_05001_220802_P1_T1.jpg",
        "DATE": "2022-08-02 12:50:45",
        "RESOLUTION": "4624 x 2600",
        "IMAGE_PHOTOGRAPHER": "조은희",
        "FOCUS_DISTANCE": "4.7",
        "EXPOSURE_TIME": "0.03300",
        "SENSITIVITY_ISO": null,
        "PLACE": "주택가분리수거장",
        "REGION_NAME": null,
        "Direction": "5",
        "HEIGHT": null,
        "DAY/NIGHT": "주간",
        "WEATHER": "비",
        "IMAGE_HEIGHT": 2600,
        "IMAGE_WIDTH": 4624,
        "IMAGE_SIZE": "2.7 MB"
    },
    "ANNOTATION_INFO": [
        {
            "ID": "1",
            "CLASS": "스티로폼",
            "DETAILS": "스티로폼",
            "DAMAGE": "원형",
            "DIRTINESS": "오염없음",
            "COVER": "없음",
            "TRANSPARENCY": "불투명",
            "SHAPE": "식품용기형",
            "SHAPE_TYPE": "POLYGON",
            "POINTS": [
                [
                    3635.9600443951167,
                    310.5715871254162
                ],
                [
                    2608.65704772475,
                    310.5715871254162
                ],
                [
                    900.3329633740287,
                    267.2863485016648
                ],
                [
                    724.3063263041065,
                    287.4861265260821
                ],
                [
                    640.6215316315205,
                    359.6281908990011
                ],
                [
                    600.2219755826859,
                    431.7702552719201
                ],
                [
                    429.96670366259707,
                    1242.6470588235295
                ],
                [
                    432.8523862375139,
                    1283.046614872364
                ],
                [
                    401.1098779134295,
                    1320.5604883462818
                ],
                [
                    323.19644839067706,
                    1762.0699223085462
                ],
                [
                    337.62486126526085,
                    1834.211986681465
                ],
                [
                    415.5382907880133,
                    1958.2963374028857
                ],
                [
                    470.3662597114317,
                    1972.7247502774694
                ],
                [
                    542.5083240843508,
                    1990.0388457269698
                ],
                [
                    2426.8590455049944,
                    1958.2963374028857
                ],
                [
                    3817.758046614872,
                    1926.5538290788013
                ],
                [
                    4057.2697003329636,
                    1915.0110987791343
                ],
                [
                    4132.297447280799,
                    1868.8401775804662
                ],
                [
                    4184.239733629301,
                    1770.7269700332963
                ],
                [
                    4198.668146503885,
                    1710.1276359600445
                ],
                [
                    3855.27192008879,
                    515.4550499445062
                ],
                [
                    3814.8723640399553,
                    425.9988901220866
                ],
                [
                    3745.615982241953,
                    356.7425083240844
                ]
            ]
        }
    ]
}