{
    "IMAGE_INFO": {
        "FILE_NAME": "106401@2_05001_220802_P1_T1.jpg",
        "DATE": "2022-08-02 12:50:27",
        "RESOLUTION": "4624 x 2600",
        "IMAGE_PHOTOGRAPHER": "조은희",
        "FOCUS_DISTANCE": "4.7",
        "EXPOSURE_TIME": "0.03300",
        "SENSITIVITY_ISO": null,
        "PLACE": "주택가분리수거장",
        "REGION_NAME": null,
        "Direction": "2",
        "HEIGHT": null,
        "DAY/NIGHT": "주간",
        "WEATHER": "비",
        "IMAGE_HEIGHT": 2600,
        "IMAGE_WIDTH": 4624,
        "IMAGE_SIZE": "2.9 MB"
    },
    "ANNOTATION_INFO": [
        {
            "ID": "1",
            "CLASS": "스티로폼",
            "DETAILS": "스티로폼",
            "DAMAGE": "원형",
            "DIRTINESS": "오염없음",
            "COVER": "없음",
            "TRANSPARENCY": "불투명",
            "SHAPE": "식품용기형",
            "SHAPE_TYPE": "POLYGON",
            "POINTS": [
                [
                    3670.5882352941176,
                    648.196448390677
                ],
                [
                    1307.214206437292,
                    642.4250832408435
                ],
                [
                    1258.157602663707,
                    622.2253052164261
                ],
                [
                    1145.6159822419534,
                    642.4250832408435
                ],
                [
                    1079.245283018868,
                    682.8246392896781
                ],
                [
                    1033.0743618201998,
                    737.6526082130965
                ],
                [
                    1004.2175360710322,
                    812.6803551609323
                ],
                [
                    758.9345172031077,
                    1877.4972253052165
                ],
                [
                    816.6481687014427,
                    2039.0954495005549
                ],
                [
                    880.1331853496115,
                    2065.0665926748056
                ],
                [
                    934.9611542730299,
                    2079.4950055493896
                ],
                [
                    1419.7558268590456,
                    2082.3806881243063
                ],
                [
                    3996.670366259711,
                    2076.609322974473
                ],
                [
                    4103.440621531631,
                    2039.0954495005549
                ],
                [
                    4152.4972253052165,
                    1978.496115427303
                ],
                [
                    4161.154273029966,
                    1912.1254162042176
                ],
                [
                    4086.126526082131,
                    1609.128745837958
                ],
                [
                    3840.8435072142065,
                    769.3951165371808
                ],
                [
                    3788.9012208657045,
                    705.9100998890123
                ]
            ]
        }
    ]
}