{
    "IMAGE_INFO": {
        "FILE_NAME": "106417@4_05001_220802_P1_T1.jpg",
        "DATE": "2022-08-02 12:52:56",
        "RESOLUTION": "4624 x 2600",
        "IMAGE_PHOTOGRAPHER": "조은희",
        "FOCUS_DISTANCE": "4.7",
        "EXPOSURE_TIME": "0.04100",
        "SENSITIVITY_ISO": null,
        "PLACE": "주택가분리수거장",
        "REGION_NAME": null,
        "Direction": "4",
        "HEIGHT": null,
        "DAY/NIGHT": "주간",
        "WEATHER": "비",
        "IMAGE_HEIGHT": 2600,
        "IMAGE_WIDTH": 4624,
        "IMAGE_SIZE": "2.2 MB"
    },
    "ANNOTATION_INFO": [
        {
            "ID": "1",
            "CLASS": "스티로폼",
            "DETAILS": "스티로폼",
            "DAMAGE": "원형",
            "DIRTINESS": "이물질(내부)",
            "COVER": "없음",
            "TRANSPARENCY": "불투명",
            "SHAPE": "식품용기형",
            "SHAPE_TYPE": "POLYGON",
            "POINTS": [
                [
                    3142.5083240843505,
                    226.88679245283018
                ],
                [
                    2998.224195338513,
                    209.57269700332964
                ],
                [
                    2692.341842397336,
                    238.42952275249723
                ],
                [
                    2184.4617092119865,
                    255.74361820199778
                ],
                [
                    1953.6071032186458,
                    270.1720310765816
                ],
                [
                    1777.5804661487236,
                    281.71476137624865
                ],
                [
                    1667.9245283018868,
                    348.08546059933406
                ],
                [
                    1592.896781354051,
                    417.3418423973363
                ],
                [
                    1566.9256381798002,
                    503.91231964483904
                ],
                [
                    1483.2408435072143,
                    1369.6170921198668
                ],
                [
                    1457.2697003329633,
                    1496.5871254162041
                ],
                [
                    1497.669256381798,
                    1606.2430632630412
                ],
                [
                    1575.5826859045503,
                    1692.8135405105438
                ],
                [
                    1699.667036625971,
                    1750.527192008879
                ],
                [
                    1843.9511653718089,
                    1776.49833518313
                ],
                [
                    2080.577136514983,
                    1785.1553829078803
                ],
                [
                    2357.602663706992,
                    1790.9267480577134
                ],
                [
                    2631.7425083240846,
                    1790.9267480577134
                ],
                [
                    2827.968923418424,
                    1776.49833518313
                ],
                [
                    3087.6803551609323,
                    1756.2985571587126
                ],
                [
                    3231.96448390677,
                    1733.2130965593785
                ],
                [
                    3419.5338512763597,
                    1713.013318534961
                ],
                [
                    3543.61820199778,
                    1672.6137624861265
                ],
                [
                    3638.8457269700334,
                    1591.8146503884573
                ],
                [
                    3705.2164261931184,
                    1485.0443951165373
                ],
                [
                    3705.2164261931184,
                    1384.0455049944508
                ],
                [
                    3592.6748057713653,
                    1052.1920088790234
                ],
                [
                    3457.047724750277,
                    659.739178690344
                ],
                [
                    3390.6770255271917,
                    489.4839067702553
                ],
                [
                    3330.07769145394,
                    316.34295227524973
                ],
                [
                    3200.221975582686,
                    244.20088790233075
                ]
            ]
        }
    ]
}