{
    "IMAGE_INFO": {
        "FILE_NAME": "106554@1_05001_220804_P1_T1.jpg",
        "DATE": "2022-08-04 09:01:09",
        "RESOLUTION": "4000 x 2250",
        "IMAGE_PHOTOGRAPHER": "조은희",
        "FOCUS_DISTANCE": "4.6",
        "EXPOSURE_TIME": "0.00741",
        "SENSITIVITY_ISO": null,
        "PLACE": "주택가분리수거장",
        "REGION_NAME": null,
        "Direction": "1",
        "HEIGHT": null,
        "DAY/NIGHT": "주간",
        "WEATHER": "맑음",
        "IMAGE_HEIGHT": 2250,
        "IMAGE_WIDTH": 4000,
        "IMAGE_SIZE": "5.4 MB"
    },
    "ANNOTATION_INFO": [
        {
            "ID": "1",
            "CLASS": "스티로폼",
            "DETAILS": "스티로폼",
            "DAMAGE": "파손",
            "DIRTINESS": "오염없음",
            "COVER": "없음",
            "TRANSPARENCY": "불투명",
            "SHAPE": "식품용기형",
            "SHAPE_TYPE": "BOX",
            "POINTS": [
                [
                    1193.6736958934516,
                    680.8060488346282,
                    1685.6270810210872,
                    933.9622641509432
                ]
            ]
        }
    ]
}