{
    "IMAGE_INFO": {
        "FILE_NAME": "106539@3_05001_220804_P1_T1.jpg",
        "DATE": "2022-08-04 08:57:23",
        "RESOLUTION": "4000 x 2250",
        "IMAGE_PHOTOGRAPHER": "조은희",
        "FOCUS_DISTANCE": "4.6",
        "EXPOSURE_TIME": "0.00834",
        "SENSITIVITY_ISO": null,
        "PLACE": "주택가분리수거장",
        "REGION_NAME": null,
        "Direction": "3",
        "HEIGHT": null,
        "DAY/NIGHT": "주간",
        "WEATHER": "맑음",
        "IMAGE_HEIGHT": 2250,
        "IMAGE_WIDTH": 4000,
        "IMAGE_SIZE": "4.8 MB"
    },
    "ANNOTATION_INFO": [
        {
            "ID": "1",
            "CLASS": "스티로폼",
            "DETAILS": "스티로폼",
            "DAMAGE": "원형",
            "DIRTINESS": "오염없음",
            "COVER": "없음",
            "TRANSPARENCY": "불투명",
            "SHAPE": "식품용기형",
            "SHAPE_TYPE": "POLYGON",
            "POINTS": [
                [
                    1513.3185349611542,
                    1779.5851831298557
                ],
                [
                    2212.5416204217536,
                    1794.5685349611542
                ],
                [
                    2394.8390677025527,
                    1794.5685349611542
                ],
                [
                    2472.253052164262,
                    1764.601831298557
                ],
                [
                    2524.694783573807,
                    1712.1600998890121
                ],
                [
                    2537.180910099889,
                    1649.7294672586015
                ],
                [
                    2357.3806881243063,
                    1017.9314650388458
                ],
                [
                    2190.0665926748056,
                    436.0779689234184
                ],
                [
                    2177.5804661487236,
                    383.6362375138735
                ],
                [
                    2157.602663706992,
                    346.17785793562706
                ],
                [
                    2082.6859045504993,
                    318.70837957824637
                ],
                [
                    2035.2386237513872,
                    303.72502774694783
                ],
                [
                    1763.0410654827967,
                    283.74722530521643
                ],
                [
                    1490.8435072142063,
                    256.27774694783574
                ],
                [
                    1433.4073251942286,
                    256.27774694783574
                ],
                [
                    1378.4683684794672,
                    278.75277469478357
                ],
                [
                    1355.9933407325193,
                    306.22225305216426
                ],
                [
                    1296.0599334073252,
                    975.4786348501665
                ],
                [
                    1223.6403995560488,
                    1387.5208102108768
                ],
                [
                    1216.1487236403996,
                    1557.3321309655937
                ],
                [
                    1211.1542730299666,
                    1639.7405660377358
                ],
                [
                    1251.1098779134295,
                    1697.1767480577137
                ],
                [
                    1323.5294117647059,
                    1742.126803551609
                ],
                [
                    1375.9711431742508,
                    1767.0990566037735
                ]
            ]
        }
    ]
}