{
    "IMAGE_INFO": {
        "FILE_NAME": "106528@5_05001_220804_P1_T1.jpg",
        "DATE": "2022-08-04 10:25:02",
        "RESOLUTION": "4000 x 2250",
        "IMAGE_PHOTOGRAPHER": "조은희",
        "FOCUS_DISTANCE": "4.6",
        "EXPOSURE_TIME": "0.01667",
        "SENSITIVITY_ISO": null,
        "PLACE": "주택가분리수거장",
        "REGION_NAME": null,
        "Direction": "5",
        "HEIGHT": null,
        "DAY/NIGHT": "주간",
        "WEATHER": "맑음",
        "IMAGE_HEIGHT": 2250,
        "IMAGE_WIDTH": 4000,
        "IMAGE_SIZE": "3.5 MB"
    },
    "ANNOTATION_INFO": [
        {
            "ID": "1",
            "CLASS": "스티로폼",
            "DETAILS": "스티로폼",
            "DAMAGE": "원형",
            "DIRTINESS": "오염없음",
            "COVER": "없음",
            "TRANSPARENCY": "불투명",
            "SHAPE": "식품용기형",
            "SHAPE_TYPE": "POLYGON",
            "POINTS": [
                [
                    755.9148264984227,
                    1737.1845425867507
                ],
                [
                    1934.1482649842271,
                    1705.244479495268
                ],
                [
                    3236.5930599369085,
                    1687.5
                ],
                [
                    3357.255520504732,
                    1676.8533123028392
                ],
                [
                    3438.880126182966,
                    1616.5220820189274
                ],
                [
                    3456.6246056782334,
                    1545.5441640378547
                ],
                [
                    3453.07570977918,
                    1478.115141955836
                ],
                [
                    3080.441640378549,
                    629.9290220820188
                ],
                [
                    3027.2082018927445,
                    512.8154574132492
                ],
                [
                    2970.4258675078863,
                    466.67981072555204
                ],
                [
                    2888.801261829653,
                    434.7397476340694
                ],
                [
                    1483.4384858044166,
                    445.38643533123025
                ],
                [
                    1110.8044164037856,
                    438.28864353312304
                ],
                [
                    1007.8864353312302,
                    484.4242902208202
                ],
                [
                    947.5552050473186,
                    541.2066246056783
                ],
                [
                    574.9211356466877,
                    1513.6041009463722
                ],
                [
                    574.9211356466877,
                    1620.070977917981
                ],
                [
                    631.7034700315459,
                    1691.0488958990536
                ]
            ]
        }
    ]
}