{
    "IMAGE_INFO": {
        "FILE_NAME": "106545@5_05001_220804_P1_T1.jpg",
        "DATE": "2022-08-04 08:56:51",
        "RESOLUTION": "4000 x 2250",
        "IMAGE_PHOTOGRAPHER": "조은희",
        "FOCUS_DISTANCE": "4.6",
        "EXPOSURE_TIME": "0.00746",
        "SENSITIVITY_ISO": null,
        "PLACE": "주택가분리수거장",
        "REGION_NAME": null,
        "Direction": "5",
        "HEIGHT": null,
        "DAY/NIGHT": "주간",
        "WEATHER": "맑음",
        "IMAGE_HEIGHT": 2250,
        "IMAGE_WIDTH": 4000,
        "IMAGE_SIZE": "4.9 MB"
    },
    "ANNOTATION_INFO": [
        {
            "ID": "1",
            "CLASS": "스티로폼",
            "DETAILS": "스티로폼",
            "DAMAGE": "원형",
            "DIRTINESS": "오염없음",
            "COVER": "없음",
            "TRANSPARENCY": "불투명",
            "SHAPE": "식품용기형",
            "SHAPE_TYPE": "POLYGON",
            "POINTS": [
                [
                    1113.0211987381695,
                    1596.3139589905354
                ],
                [
                    1375.8370977917975,
                    1588.1736435331225
                ],
                [
                    1673.1409544950056,
                    1564.8238068812432
                ],
                [
                    2574.6392896781354,
                    1499.895948945616
                ],
                [
                    2859.322974472808,
                    1474.9236958934518
                ],
                [
                    2915.5196214511043,
                    1448.6253785488948
                ],
                [
                    2961.7092119866816,
                    1417.4875138734737
                ],
                [
                    2987.619558359622,
                    1362.5706151419547
                ],
                [
                    2986.6814650388455,
                    1302.6151498335184
                ],
                [
                    2699.5005549389566,
                    570.9281354051054
                ],
                [
                    2613.165047318612,
                    500.86007886435317
                ],
                [
                    2513.1554574132488,
                    488.0681545741324
                ],
                [
                    1824.7173501577288,
                    526.4439274447948
                ],
                [
                    1143.729189789123,
                    553.4475582685905
                ],
                [
                    1076.9712302839114,
                    568.308406940063
                ],
                [
                    1018.8261198738167,
                    596.2180599369084
                ],
                [
                    973.9178690344062,
                    643.3476692563819
                ],
                [
                    842.064984227129,
                    1314.8916246056783
                ],
                [
                    843.227886435331,
                    1343.9641798107257
                ],
                [
                    833.9246687697158,
                    1370.710930599369
                ],
                [
                    830.4359621451101,
                    1412.5754100946374
                ],
                [
                    822.295646687697,
                    1432.3447476340693
                ],
                [
                    825.7843533123028,
                    1475.3721293375395
                ],
                [
                    856.0198107255512,
                    1533.5172397476333
                ],
                [
                    928.9678135405105,
                    1577.3099334073252
                ]
            ]
        }
    ]
}