{
    "IMAGE_INFO": {
        "FILE_NAME": "106570@2_05001_220804_P1_T1.jpg",
        "DATE": "2022-08-04 10:24:29",
        "RESOLUTION": "4000 x 2250",
        "IMAGE_PHOTOGRAPHER": "조은희",
        "FOCUS_DISTANCE": "4.6",
        "EXPOSURE_TIME": "0.01667",
        "SENSITIVITY_ISO": null,
        "PLACE": "주택가분리수거장",
        "REGION_NAME": null,
        "Direction": "2",
        "HEIGHT": null,
        "DAY/NIGHT": "주간",
        "WEATHER": "맑음",
        "IMAGE_HEIGHT": 2250,
        "IMAGE_WIDTH": 4000,
        "IMAGE_SIZE": "3.7 MB"
    },
    "ANNOTATION_INFO": [
        {
            "ID": "1",
            "CLASS": "스티로폼",
            "DETAILS": "스티로폼",
            "DAMAGE": "원형",
            "DIRTINESS": "오염없음",
            "COVER": "없음",
            "TRANSPARENCY": "불투명",
            "SHAPE": "식품용기형",
            "SHAPE_TYPE": "POLYGON",
            "POINTS": [
                [
                    3245.5599918312987,
                    685.1565877025528
                ],
                [
                    716.7036625971143,
                    653.3365704772475
                ],
                [
                    621.8091009988901,
                    700.7838512763595
                ],
                [
                    551.8867924528302,
                    748.2311320754717
                ],
                [
                    531.9089900110988,
                    840.6284683684794
                ],
                [
                    304.66148723640396,
                    1547.343229744728
                ],
                [
                    319.64483906770255,
                    1637.2433407325193
                ],
                [
                    389.5671476137625,
                    1679.6961709211985
                ],
                [
                    469.4783573806881,
                    1704.668423973363
                ],
                [
                    661.7647058823529,
                    1709.6628745837959
                ],
                [
                    1885.4051054384017,
                    1732.1379023307436
                ],
                [
                    3471.1431742508325,
                    1749.6184794672586
                ],
                [
                    3615.9822419533853,
                    1719.6517758046616
                ],
                [
                    3663.429522752497,
                    1647.2322419533853
                ],
                [
                    3673.418423973363,
                    1589.7960599334074
                ],
                [
                    3511.098779134295,
                    1057.8870699223085
                ],
                [
                    3451.165371809101,
                    855.611820199778
                ],
                [
                    3403.7180910099887,
                    775.7006104328524
                ],
                [
                    3351.558107347392,
                    722.4444623307437
                ],
                [
                    3300.444391564928,
                    696.4686395560489
                ]
            ]
        }
    ]
}