{
    "IMAGE_INFO": {
        "FILE_NAME": "107208@4_05001_220808_P1_T1.jpg",
        "DATE": "2022-08-08 16:32:10",
        "RESOLUTION": "4032 x 3024",
        "IMAGE_PHOTOGRAPHER": "조은희",
        "FOCUS_DISTANCE": "3.99",
        "EXPOSURE_TIME": "0.06667",
        "SENSITIVITY_ISO": null,
        "PLACE": "주택가분리수거장",
        "REGION_NAME": null,
        "Direction": "4",
        "HEIGHT": null,
        "DAY/NIGHT": "주간",
        "WEATHER": "비",
        "IMAGE_HEIGHT": 3024,
        "IMAGE_WIDTH": 4032,
        "IMAGE_SIZE": "2.6 MB"
    },
    "ANNOTATION_INFO": [
        {
            "ID": "1",
            "CLASS": "스티로폼",
            "DETAILS": "스티로폼",
            "DAMAGE": "원형",
            "DIRTINESS": "오염없음",
            "COVER": "없음",
            "TRANSPARENCY": "불투명",
            "SHAPE": "식품용기형",
            "SHAPE_TYPE": "BOX",
            "POINTS": [
                [
                    563.8534961154273,
                    723.6958934517203,
                    2533.9844617092126,
                    1174.694783573807
                ]
            ]
        }
    ]
}