{
    "IMAGE_INFO": {
        "FILE_NAME": "107336@2_05001_220808_P1_T1.jpg",
        "DATE": "2022-08-08 16:50:44",
        "RESOLUTION": "4032 x 3024",
        "IMAGE_PHOTOGRAPHER": "조은희",
        "FOCUS_DISTANCE": "3.99",
        "EXPOSURE_TIME": "0.06667",
        "SENSITIVITY_ISO": null,
        "PLACE": "주택가분리수거장",
        "REGION_NAME": null,
        "Direction": "2",
        "HEIGHT": null,
        "DAY/NIGHT": "주간",
        "WEATHER": "비",
        "IMAGE_HEIGHT": 3024,
        "IMAGE_WIDTH": 4032,
        "IMAGE_SIZE": "3.1 MB"
    },
    "ANNOTATION_INFO": [
        {
            "ID": "1",
            "CLASS": "스티로폼",
            "DETAILS": "스티로폼",
            "DAMAGE": "원형",
            "DIRTINESS": "오염없음",
            "COVER": "없음",
            "TRANSPARENCY": "불투명",
            "SHAPE": "내장재용도형",
            "SHAPE_TYPE": "BOX",
            "POINTS": [
                [
                    417.5200887902331,
                    715.6408435072143,
                    3294.5154273029975,
                    1115.6244173140954
                ]
            ]
        }
    ]
}