{
    "IMAGE_INFO": {
        "FILE_NAME": "110630@5_05001_220808_P1_T1.jpg",
        "DATE": "2022-08-08 09:13:25",
        "RESOLUTION": "4032 x 2268",
        "IMAGE_PHOTOGRAPHER": "천수영",
        "FOCUS_DISTANCE": "5.4",
        "EXPOSURE_TIME": "0.00621",
        "SENSITIVITY_ISO": null,
        "PLACE": "주택가분리수거장",
        "REGION_NAME": null,
        "Direction": "5",
        "HEIGHT": null,
        "DAY/NIGHT": "주간",
        "WEATHER": "비",
        "IMAGE_HEIGHT": 2268,
        "IMAGE_WIDTH": 4032,
        "IMAGE_SIZE": "2.8 MB"
    },
    "ANNOTATION_INFO": [
        {
            "ID": "1",
            "CLASS": "스티로폼",
            "DETAILS": "스티로폼",
            "DAMAGE": "원형",
            "DIRTINESS": "오염없음",
            "COVER": "없음",
            "TRANSPARENCY": "불투명",
            "SHAPE": "식품용기형",
            "SHAPE_TYPE": "POLYGON",
            "POINTS": [
                [
                    1101.0683076923076,
                    503.7715173339845
                ],
                [
                    1164.8713846153846,
                    361.277978872446
                ],
                [
                    1235.0547692307691,
                    299.6016711801382
                ],
                [
                    1341.3932307692307,
                    282.5875173339844
                ],
                [
                    1479.633230769231,
                    280.46074810321517
                ],
                [
                    2717.4129230769236,
                    331.50320964167673
                ],
                [
                    3000.2732307692313,
                    354.8976711801383
                ],
                [
                    3095.9778461538467,
                    412.3204404109075
                ],
                [
                    3183.1753846153856,
                    552.6872096416766
                ],
                [
                    3242.724923076924,
                    790.8853634878307
                ],
                [
                    3489.430153846155,
                    1633.0859788724465
                ],
                [
                    3474.5427692307703,
                    1735.1709019493696
                ],
                [
                    3400.1058461538473,
                    1837.2558250262928
                ],
                [
                    3300.1476923076934,
                    1877.6644404109084
                ],
                [
                    3153.4006153846167,
                    1892.5518250262928
                ],
                [
                    2849.272615384616,
                    1881.9179788724468
                ],
                [
                    1511.5347692307694,
                    1820.2416711801393
                ],
                [
                    1001.1101538461537,
                    1805.3542865647546
                ],
                [
                    879.8843076923076,
                    1728.7905942570621
                ],
                [
                    820.3347692307691,
                    1660.7339788724466
                ],
                [
                    786.3064615384615,
                    1590.5505942570624
                ],
                [
                    822.4615384615382,
                    1380.0004404109081
                ]
            ]
        }
    ]
}