{
    "IMAGE_INFO": {
        "FILE_NAME": "110688@1_05001_220808_P1_T1.jpg",
        "DATE": "2022-08-08 09:12:20",
        "RESOLUTION": "4032 x 2268",
        "IMAGE_PHOTOGRAPHER": "천수영",
        "FOCUS_DISTANCE": "5.4",
        "EXPOSURE_TIME": "0.00833",
        "SENSITIVITY_ISO": null,
        "PLACE": "주택가분리수거장",
        "REGION_NAME": null,
        "Direction": "1",
        "HEIGHT": null,
        "DAY/NIGHT": "주간",
        "WEATHER": "비",
        "IMAGE_HEIGHT": 2268,
        "IMAGE_WIDTH": 4032,
        "IMAGE_SIZE": "3.6 MB"
    },
    "ANNOTATION_INFO": [
        {
            "ID": "1",
            "CLASS": "스티로폼",
            "DETAILS": "스티로폼",
            "DAMAGE": "원형",
            "DIRTINESS": "오염없음",
            "COVER": "없음",
            "TRANSPARENCY": "불투명",
            "SHAPE": "식품용기형",
            "SHAPE_TYPE": "POLYGON",
            "POINTS": [
                [
                    1279.4112000000002,
                    870.2803173339845
                ],
                [
                    1308.335261538462,
                    798.820871180138
                ],
                [
                    1371.287630769231,
                    769.8968096416766
                ],
                [
                    1398.5102769230773,
                    768.1953942570614
                ],
                [
                    1452.9555692307695,
                    768.1953942570614
                ],
                [
                    2609.918030769232,
                    776.7024711801382
                ],
                [
                    2669.46756923077,
                    776.7024711801382
                ],
                [
                    2729.017107692308,
                    795.4180404109076
                ],
                [
                    2766.448246153847,
                    843.0576711801383
                ],
                [
                    2897.4572307692315,
                    1406.2261634878307
                ],
                [
                    2895.755815384616,
                    1428.3445634878308
                ],
                [
                    2882.1444923076933,
                    1472.5813634878307
                ],
                [
                    2802.1779692307705,
                    1487.8941019493693
                ],
                [
                    2739.2256000000007,
                    1487.8941019493693
                ],
                [
                    2700.093046153847,
                    1484.4912711801383
                ],
                [
                    2679.6760615384624,
                    1477.6856096416766
                ],
                [
                    2630.335015384617,
                    1481.0884404109074
                ],
                [
                    2572.486892307693,
                    1491.2969327186
                ],
                [
                    2053.5552000000007,
                    1489.5955173339844
                ],
                [
                    1558.4433230769237,
                    1486.1926865647538
                ],
                [
                    1415.524430769231,
                    1482.7898557955227
                ],
                [
                    1354.2734769230772,
                    1482.7898557955227
                ],
                [
                    1274.306953846154,
                    1484.4912711801383
                ],
                [
                    1180.729107692308,
                    1489.5955173339844
                ],
                [
                    1162.0135384615385,
                    1455.5672096416768
                ],
                [
                    1160.3121230769232,
                    1423.2403173339842
                ]
            ]
        }
    ]
}