{
    "IMAGE_INFO": {
        "FILE_NAME": "110651@3_05001_220808_P1_T1.jpg",
        "DATE": "2022-08-08 09:12:29",
        "RESOLUTION": "4032 x 2268",
        "IMAGE_PHOTOGRAPHER": "천수영",
        "FOCUS_DISTANCE": "5.4",
        "EXPOSURE_TIME": "0.00833",
        "SENSITIVITY_ISO": null,
        "PLACE": "주택가분리수거장",
        "REGION_NAME": null,
        "Direction": "3",
        "HEIGHT": null,
        "DAY/NIGHT": "주간",
        "WEATHER": "비",
        "IMAGE_HEIGHT": 2268,
        "IMAGE_WIDTH": 4032,
        "IMAGE_SIZE": "2.9 MB"
    },
    "ANNOTATION_INFO": [
        {
            "ID": "1",
            "CLASS": "스티로폼",
            "DETAILS": "스티로폼",
            "DAMAGE": "원형",
            "DIRTINESS": "오염없음",
            "COVER": "없음",
            "TRANSPARENCY": "불투명",
            "SHAPE": "식품용기형",
            "SHAPE_TYPE": "POLYGON",
            "POINTS": [
                [
                    1276.9255384615387,
                    524.6072096416767
                ],
                [
                    1291.8129230769232,
                    477.8182865647536
                ],
                [
                    1293.9396923076924,
                    433.15613271859974
                ],
                [
                    1285.4326153846155,
                    407.63490194936895
                ],
                [
                    1306.700307692308,
                    386.3672096416766
                ],
                [
                    1361.996307692308,
                    360.8459788724458
                ],
                [
                    1451.3206153846156,
                    292.7893634878304
                ],
                [
                    1476.8418461538465,
                    280.02874810321504
                ],
                [
                    2227.591384615385,
                    292.7893634878304
                ],
                [
                    2287.1409230769236,
                    320.43736348783045
                ],
                [
                    2350.9440000000004,
                    375.73336348783045
                ],
                [
                    2380.7187692307693,
                    399.12782502629204
                ],
                [
                    2412.6203076923075,
                    414.0152096416766
                ],
                [
                    2423.2541538461546,
                    471.43797887244585
                ],
                [
                    2950.692923076924,
                    1507.1745942570617
                ],
                [
                    3033.636923076924,
                    1683.6964404109078
                ],
                [
                    3037.890461538463,
                    1736.8656711801384
                ],
                [
                    3042.1440000000007,
                    1796.4152096416767
                ],
                [
                    2980.4676923076936,
                    1832.570286564754
                ],
                [
                    2929.425230769232,
                    1860.218286564754
                ],
                [
                    2842.2276923076934,
                    1870.8521327186002
                ],
                [
                    1404.5316923076925,
                    1958.0496711801386
                ],
                [
                    1342.8553846153852,
                    1909.133978872446
                ],
                [
                    1281.1790769230772,
                    1864.4718250262922
                ],
                [
                    1262.0381538461543,
                    1783.6545942570615
                ],
                [
                    1272.6720000000003,
                    1645.4145942570617
                ],
                [
                    1291.8129230769234,
                    1579.484748103215
                ],
                [
                    1274.7987692307697,
                    1502.9210557955232
                ],
                [
                    1274.7987692307697,
                    1471.0195173339846
                ],
                [
                    1266.2916923076928,
                    1439.1179788724462
                ]
            ]
        }
    ]
}