{
    "IMAGE_INFO": {
        "FILE_NAME": "110663@4_05001_220808_P1_T1.jpg",
        "DATE": "2022-08-08 09:15:34",
        "RESOLUTION": "4032 x 2268",
        "IMAGE_PHOTOGRAPHER": "천수영",
        "FOCUS_DISTANCE": "5.4",
        "EXPOSURE_TIME": "0.00833",
        "SENSITIVITY_ISO": null,
        "PLACE": "주택가분리수거장",
        "REGION_NAME": null,
        "Direction": "4",
        "HEIGHT": null,
        "DAY/NIGHT": "주간",
        "WEATHER": "비",
        "IMAGE_HEIGHT": 2268,
        "IMAGE_WIDTH": 4032,
        "IMAGE_SIZE": "2.7 MB"
    },
    "ANNOTATION_INFO": [
        {
            "ID": "1",
            "CLASS": "스티로폼",
            "DETAILS": "스티로폼",
            "DAMAGE": "원형",
            "DIRTINESS": "오염없음",
            "COVER": "없음",
            "TRANSPARENCY": "불투명",
            "SHAPE": "식품용기형",
            "SHAPE_TYPE": "POLYGON",
            "POINTS": [
                [
                    1323.182769230769,
                    1724.703209641677
                ],
                [
                    1448.6621538461536,
                    593.2619788724456
                ],
                [
                    1484.8172307692305,
                    550.7265942570612
                ],
                [
                    1537.9864615384615,
                    514.5715173339842
                ],
                [
                    1576.2683076923074,
                    480.54320964167647
                ],
                [
                    1608.1698461538458,
                    452.89520964167644
                ],
                [
                    1669.8461538461538,
                    423.1204404109072
                ],
                [
                    2295.1163076923076,
                    442.2613634878303
                ],
                [
                    2346.1587692307694,
                    482.6699788724457
                ],
                [
                    2380.187076923077,
                    535.8392096416765
                ],
                [
                    2422.7224615384616,
                    565.6139788724457
                ],
                [
                    2463.131076923077,
                    642.1776711801381
                ],
                [
                    2592.8639999999996,
                    1167.4896711801382
                ],
                [
                    2620.512,
                    1231.2927481032152
                ],
                [
                    2656.667076923077,
                    1409.9413634878304
                ],
                [
                    2711.9630769230776,
                    1705.5622865647538
                ],
                [
                    2714.0898461538463,
                    1754.477978872446
                ],
                [
                    2667.3009230769235,
                    1865.0699788724462
                ],
                [
                    2541.8215384615387,
                    1899.098286564754
                ],
                [
                    1929.3120000000001,
                    1922.4927481032153
                ],
                [
                    1486.944,
                    1918.2392096416768
                ],
                [
                    1389.1126153846153,
                    1879.9573634878307
                ],
                [
                    1333.8166153846153,
                    1797.0133634878307
                ],
                [
                    1321.056,
                    1711.9425942570615
                ]
            ]
        }
    ]
}