{
    "IMAGE_INFO": {
        "FILE_NAME": "110676@3_05001_220808_P1_T1.jpg",
        "DATE": "2022-08-08 09:16:44",
        "RESOLUTION": "4032 x 2268",
        "IMAGE_PHOTOGRAPHER": "천수영",
        "FOCUS_DISTANCE": "5.4",
        "EXPOSURE_TIME": "0.00562",
        "SENSITIVITY_ISO": null,
        "PLACE": "주택가분리수거장",
        "REGION_NAME": null,
        "Direction": "3",
        "HEIGHT": null,
        "DAY/NIGHT": "주간",
        "WEATHER": "비",
        "IMAGE_HEIGHT": 2268,
        "IMAGE_WIDTH": 4032,
        "IMAGE_SIZE": "4.0 MB"
    },
    "ANNOTATION_INFO": [
        {
            "ID": "1",
            "CLASS": "스티로폼",
            "DETAILS": "스티로폼",
            "DAMAGE": "원형",
            "DIRTINESS": "이물질(내부)",
            "COVER": "없음",
            "TRANSPARENCY": "불투명",
            "SHAPE": "식품용기형",
            "SHAPE_TYPE": "POLYGON",
            "POINTS": [
                [
                    1081.728,
                    1663.159825026292
                ],
                [
                    1283.771076923077,
                    1097.4392096416768
                ],
                [
                    1507.0818461538463,
                    442.39428656475326
                ],
                [
                    1549.617230769231,
                    344.5629019493686
                ],
                [
                    1615.5470769230772,
                    312.6613634878301
                ],
                [
                    1672.9698461538464,
                    287.1401327185994
                ],
                [
                    1792.0689230769235,
                    276.5062865647532
                ],
                [
                    2764.002461538462,
                    208.44967118013778
                ],
                [
                    2821.4252307692313,
                    225.46382502629166
                ],
                [
                    2893.735384615385,
                    250.9850557955224
                ],
                [
                    2915.0030769230775,
                    312.6613634878301
                ],
                [
                    2993.693538461539,
                    933.6779788724457
                ],
                [
                    3038.355692307693,
                    1233.5524404109071
                ],
                [
                    3093.651692307693,
                    1656.7795173339844
                ],
                [
                    3091.524923076924,
                    1718.4558250262921
                ],
                [
                    3078.7643076923086,
                    1792.8927481032151
                ],
                [
                    3038.355692307693,
                    1848.1887481032152
                ],
                [
                    2955.411692307693,
                    1907.7382865647537
                ],
                [
                    2910.7495384615395,
                    1931.132748103215
                ],
                [
                    2859.7070769230777,
                    1937.5130557955229
                ],
                [
                    1479.4338461538466,
                    1909.8650557955227
                ],
                [
                    1200.8270769230774,
                    1894.9776711801383
                ],
                [
                    1145.5310769230773,
                    1865.2029019493689
                ],
                [
                    1081.7280000000003,
                    1769.4982865647535
                ]
            ]
        }
    ]
}