{
    "IMAGE_INFO": {
        "FILE_NAME": "110625@3_05001_220808_P1_T1.jpg",
        "DATE": "2022-08-08 09:13:19",
        "RESOLUTION": "4032 x 2268",
        "IMAGE_PHOTOGRAPHER": "천수영",
        "FOCUS_DISTANCE": "5.4",
        "EXPOSURE_TIME": "0.00581",
        "SENSITIVITY_ISO": null,
        "PLACE": "주택가분리수거장",
        "REGION_NAME": null,
        "Direction": "3",
        "HEIGHT": null,
        "DAY/NIGHT": "주간",
        "WEATHER": "비",
        "IMAGE_HEIGHT": 2268,
        "IMAGE_WIDTH": 4032,
        "IMAGE_SIZE": "3.0 MB"
    },
    "ANNOTATION_INFO": [
        {
            "ID": "1",
            "CLASS": "스티로폼",
            "DETAILS": "스티로폼",
            "DAMAGE": "원형",
            "DIRTINESS": "오염없음",
            "COVER": "없음",
            "TRANSPARENCY": "불투명",
            "SHAPE": "식품용기형",
            "SHAPE_TYPE": "POLYGON",
            "POINTS": [
                [
                    1379.7415384615383,
                    591.0022865647536
                ],
                [
                    1430.2523076923076,
                    495.2976711801382
                ],
                [
                    1512.6646153846152,
                    442.12844041090744
                ],
                [
                    1619.003076923077,
                    412.88536348783055
                ],
                [
                    1977.8953846153847,
                    380.98382502629204
                ],
                [
                    1993.8461538461538,
                    394.27613271859974
                ],
                [
                    2166.646153846154,
                    378.32536348783054
                ],
                [
                    2342.104615384616,
                    346.42382502629204
                ],
                [
                    2597.316923076923,
                    325.15613271859974
                ],
                [
                    2690.363076923077,
                    322.4976711801382
                ],
                [
                    2738.2153846153847,
                    335.7899788724459
                ],
                [
                    2796.701538461539,
                    349.0822865647536
                ],
                [
                    2833.92,
                    402.2515173339844
                ],
                [
                    2836.5784615384623,
                    503.27305579552285
                ],
                [
                    2969.501538461539,
                    1409.8084404109077
                ],
                [
                    2964.184615384616,
                    1462.9776711801385
                ],
                [
                    2881.772307692308,
                    1579.9499788724463
                ],
                [
                    2783.4092307692317,
                    1638.4361327186
                ],
                [
                    2663.7784615384617,
                    1670.3376711801386
                ],
                [
                    2496.295384615385,
                    1680.9715173339846
                ],
                [
                    1153.7723076923078,
                    1694.2638250262924
                ],
                [
                    1036.8,
                    1654.386901949369
                ],
                [
                    978.3138461538462,
                    1585.2669019493692
                ],
                [
                    972.996923076923,
                    1508.1715173339849
                ],
                [
                    1036.8,
                    1377.9069019493695
                ]
            ]
        }
    ]
}