{
    "IMAGE_INFO": {
        "FILE_NAME": "110618@1_05001_220808_P1_T1.jpg",
        "DATE": "2022-08-08 09:16:21",
        "RESOLUTION": "4032 x 2268",
        "IMAGE_PHOTOGRAPHER": "천수영",
        "FOCUS_DISTANCE": "5.4",
        "EXPOSURE_TIME": "0.00833",
        "SENSITIVITY_ISO": null,
        "PLACE": "주택가분리수거장",
        "REGION_NAME": null,
        "Direction": "1",
        "HEIGHT": null,
        "DAY/NIGHT": "주간",
        "WEATHER": "비",
        "IMAGE_HEIGHT": 2268,
        "IMAGE_WIDTH": 4032,
        "IMAGE_SIZE": "3.8 MB"
    },
    "ANNOTATION_INFO": [
        {
            "ID": "1",
            "CLASS": "스티로폼",
            "DETAILS": "스티로폼",
            "DAMAGE": "원형",
            "DIRTINESS": "이물질(내부)",
            "COVER": "없음",
            "TRANSPARENCY": "불투명",
            "SHAPE": "식품용기형",
            "SHAPE_TYPE": "POLYGON",
            "POINTS": [
                [
                    1241.227716923077,
                    1397.0664342570615
                ],
                [
                    1388.2300061538465,
                    783.1957634878304
                ],
                [
                    1434.508504615385,
                    735.5561327185998
                ],
                [
                    1517.5375753846156,
                    713.7780157955227
                ],
                [
                    2159.992024615385,
                    709.694618872446
                ],
                [
                    2635.0272000000004,
                    709.6946188724461
                ],
                [
                    2674.5000369230775,
                    731.4727357955229
                ],
                [
                    2715.334006153847,
                    753.2508527186
                ],
                [
                    2734.389858461539,
                    785.9180281032152
                ],
                [
                    2798.363076923077,
                    1049.977695795523
                ],
                [
                    2863.697427692308,
                    1371.2049204109073
                ],
                [
                    2860.975163076923,
                    1435.178138872446
                ],
                [
                    2840.5581784615383,
                    1470.5675788724461
                ],
                [
                    2788.835150769231,
                    1508.6792834878306
                ],
                [
                    2724.8619323076923,
                    1523.6517388724458
                ],
                [
                    2602.3600246153846,
                    1526.3740034878306
                ],
                [
                    2468.969058461538,
                    1525.0128711801383
                ],
                [
                    1343.3126399999996,
                    1514.1238127185998
                ],
                [
                    1282.061686153846,
                    1489.6234311801381
                ],
                [
                    1239.8665846153842,
                    1432.4558742570612
                ]
            ]
        }
    ]
}