{
    "IMAGE_INFO": {
        "FILE_NAME": "110629@4_05001_220808_P1_T1.jpg",
        "DATE": "2022-08-08 09:10:25",
        "RESOLUTION": "4032 x 2268",
        "IMAGE_PHOTOGRAPHER": "천수영",
        "FOCUS_DISTANCE": "5.4",
        "EXPOSURE_TIME": "0.00833",
        "SENSITIVITY_ISO": null,
        "PLACE": "주택가분리수거장",
        "REGION_NAME": null,
        "Direction": "4",
        "HEIGHT": null,
        "DAY/NIGHT": "주간",
        "WEATHER": "비",
        "IMAGE_HEIGHT": 2268,
        "IMAGE_WIDTH": 4032,
        "IMAGE_SIZE": "3.2 MB"
    },
    "ANNOTATION_INFO": [
        {
            "ID": "1",
            "CLASS": "스티로폼",
            "DETAILS": "스티로폼",
            "DAMAGE": "원형",
            "DIRTINESS": "오염없음",
            "COVER": "없음",
            "TRANSPARENCY": "불투명",
            "SHAPE": "식품용기형",
            "SHAPE_TYPE": "POLYGON",
            "POINTS": [
                [
                    1267.953230769231,
                    545.3764404109073
                ],
                [
                    1283.265969230769,
                    499.438225026292
                ],
                [
                    1317.294276923077,
                    465.40991733398425
                ],
                [
                    1419.3792,
                    426.2773634878304
                ],
                [
                    1504.4499692307695,
                    426.2773634878304
                ],
                [
                    2283.698215384616,
                    402.45754810321506
                ],
                [
                    2472.555323076924,
                    405.86037887244584
                ],
                [
                    2538.9105230769233,
                    446.6943481032151
                ],
                [
                    2572.9388307692316,
                    489.22973271859973
                ],
                [
                    3011.904000000001,
                    1438.6195173339845
                ],
                [
                    3124.1974153846163,
                    1663.2063481032153
                ],
                [
                    3124.197415384616,
                    1709.144563487831
                ],
                [
                    3091.8705230769237,
                    1797.6181634878308
                ],
                [
                    3017.0082461538464,
                    1857.1677019493693
                ],
                [
                    2947.250215384616,
                    1879.2861019493691
                ],
                [
                    1919.595323076923,
                    1949.0441327186
                ],
                [
                    1424.4834461538455,
                    1984.7738557955236
                ],
                [
                    1358.1282461538456,
                    1984.7738557955236
                ],
                [
                    1250.9390769230763,
                    1913.3144096416772
                ],
                [
                    1205.0008615384609,
                    1848.6606250262926
                ],
                [
                    1179.47963076923,
                    1772.0969327186
                ],
                [
                    1184.5838769230763,
                    1702.3389019493695
                ],
                [
                    1267.95323076923,
                    553.8835173339846
                ]
            ]
        }
    ]
}