{
    "IMAGE_INFO": {
        "FILE_NAME": "110642@5_05001_220808_P1_T1.jpg",
        "DATE": "2022-08-08 09:10:28",
        "RESOLUTION": "4032 x 2268",
        "IMAGE_PHOTOGRAPHER": "천수영",
        "FOCUS_DISTANCE": "5.4",
        "EXPOSURE_TIME": "0.00787",
        "SENSITIVITY_ISO": null,
        "PLACE": "주택가분리수거장",
        "REGION_NAME": null,
        "Direction": "5",
        "HEIGHT": null,
        "DAY/NIGHT": "주간",
        "WEATHER": "비",
        "IMAGE_HEIGHT": 2268,
        "IMAGE_WIDTH": 4032,
        "IMAGE_SIZE": "3.0 MB"
    },
    "ANNOTATION_INFO": [
        {
            "ID": "1",
            "CLASS": "스티로폼",
            "DETAILS": "스티로폼",
            "DAMAGE": "원형",
            "DIRTINESS": "오염없음",
            "COVER": "없음",
            "TRANSPARENCY": "불투명",
            "SHAPE": "식품용기형",
            "SHAPE_TYPE": "POLYGON",
            "POINTS": [
                [
                    883.7257846153846,
                    550.5471481032152
                ],
                [
                    929.664,
                    463.7749634878306
                ],
                [
                    977.3036307692307,
                    429.7466557955229
                ],
                [
                    1086.1942153846155,
                    387.21127118013817
                ],
                [
                    1172.9664,
                    382.10702502629204
                ],
                [
                    2503.4732307692307,
                    431.44807118013824
                ],
                [
                    2563.022769230769,
                    434.850901949369
                ],
                [
                    2637.8850461538464,
                    438.25373271859974
                ],
                [
                    2767.1926153846152,
                    438.25373271859974
                ],
                [
                    2891.395938461539,
                    450.1636404109075
                ],
                [
                    2986.6752,
                    462.0735481032152
                ],
                [
                    3058.134646153846,
                    485.8933634878306
                ],
                [
                    3095.565784615385,
                    499.50468656475357
                ],
                [
                    3172.1294769230776,
                    560.7556404109074
                ],
                [
                    3209.5606153846156,
                    633.9165019493691
                ],
                [
                    3337.166769230769,
                    1001.4222250262923
                ],
                [
                    3588.976246153847,
                    1709.2110250262922
                ],
                [
                    3588.976246153847,
                    1765.3577327186
                ],
                [
                    3578.767753846155,
                    1830.0115173339843
                ],
                [
                    3532.829538461539,
                    1887.8596404109078
                ],
                [
                    3449.460184615385,
                    1925.290778872446
                ],
                [
                    3389.9106461538468,
                    1942.3049327186
                ],
                [
                    3284.422892307693,
                    1954.2148404109075
                ],
                [
                    1424.7758769230768,
                    1940.6035173339849
                ],
                [
                    773.1337846153845,
                    1920.1865327186006
                ],
                [
                    684.6601846153844,
                    1901.470963487831
                ],
                [
                    601.2908307692305,
                    1847.0256711801387
                ],
                [
                    562.1582769230765,
                    1794.2817942570618
                ],
                [
                    538.3384615384612,
                    1693.8982865647542
                ],
                [
                    531.5327999999997,
                    1649.6614865647543
                ],
                [
                    558.7554461538458,
                    1561.1878865647543
                ],
                [
                    575.7695999999999,
                    1530.5624096416775
                ],
                [
                    608.096492307692,
                    1426.7760711801386
                ]
            ]
        }
    ]
}