{
    "IMAGE_INFO": {
        "FILE_NAME": "110684@2_05001_220808_P1_T1.jpg",
        "DATE": "2022-08-08 09:10:21",
        "RESOLUTION": "4032 x 2268",
        "IMAGE_PHOTOGRAPHER": "천수영",
        "FOCUS_DISTANCE": "5.4",
        "EXPOSURE_TIME": "0.00719",
        "SENSITIVITY_ISO": null,
        "PLACE": "주택가분리수거장",
        "REGION_NAME": null,
        "Direction": "2",
        "HEIGHT": null,
        "DAY/NIGHT": "주간",
        "WEATHER": "비",
        "IMAGE_HEIGHT": 2268,
        "IMAGE_WIDTH": 4032,
        "IMAGE_SIZE": "3.4 MB"
    },
    "ANNOTATION_INFO": [
        {
            "ID": "1",
            "CLASS": "스티로폼",
            "DETAILS": "스티로폼",
            "DAMAGE": "원형",
            "DIRTINESS": "오염없음",
            "COVER": "없음",
            "TRANSPARENCY": "불투명",
            "SHAPE": "식품용기형",
            "SHAPE_TYPE": "POLYGON",
            "POINTS": [
                [
                    985.8572307692309,
                    537.8795788724457
                ],
                [
                    1014.7812923076924,
                    480.0314557955226
                ],
                [
                    1091.3449846153846,
                    410.27342502629176
                ],
                [
                    1155.9987692307695,
                    379.64794810321484
                ],
                [
                    1263.1879384615388,
                    376.2451173339841
                ],
                [
                    1474.1634461538463,
                    388.1550250262918
                ],
                [
                    2078.165907692308,
                    405.1691788724457
                ],
                [
                    2311.259815384616,
                    428.98899425706105
                ],
                [
                    2464.387200000001,
                    423.88474810321486
                ],
                [
                    2666.855630769232,
                    430.69040964167635
                ],
                [
                    2971.4089846153856,
                    452.8088096416764
                ],
                [
                    3093.910892307693,
                    464.7187173339841
                ],
                [
                    3173.877415384616,
                    515.7611788724457
                ],
                [
                    3223.218461538463,
                    575.3107173339841
                ],
                [
                    3248.739692307693,
                    638.2630865647534
                ],
                [
                    3248.739692307693,
                    675.694225026292
                ],
                [
                    3274.260923076924,
                    711.4239481032149
                ],
                [
                    3451.2081230769245,
                    1191.2230865647534
                ],
                [
                    3451.2081230769245,
                    1208.2372404109074
                ],
                [
                    3478.4307692307707,
                    1269.4881942570612
                ],
                [
                    3619.648246153847,
                    1657.4109019493692
                ],
                [
                    3612.842584615386,
                    1732.2731788724461
                ],
                [
                    3587.3213538461555,
                    1808.8368711801386
                ],
                [
                    3492.0420923076936,
                    1864.983578872446
                ],
                [
                    3325.3033846153858,
                    1881.9977327186002
                ],
                [
                    2816.580184615386,
                    1873.4906557955233
                ],
                [
                    2552.860800000001,
                    1873.4906557955228
                ],
                [
                    2302.752738461539,
                    1868.3864096416767
                ],
                [
                    1668.1248000000007,
                    1851.3722557955227
                ],
                [
                    1086.240738461539,
                    1847.9694250262924
                ],
                [
                    858.2510769230774,
                    1830.9552711801387
                ],
                [
                    749.3604923076928,
                    1774.8085634878307
                ],
                [
                    694.9152000000004,
                    1688.0363788724458
                ],
                [
                    677.9010461538464,
                    1592.7571173339843
                ],
                [
                    701.7208615384619,
                    1521.2976711801382
                ],
                [
                    890.5779692307699,
                    888.3711481032149
                ]
            ]
        }
    ]
}