{
    "IMAGE_INFO": {
        "FILE_NAME": "111179@4_05001_220809_P1_T1.jpg",
        "DATE": "2022-08-09 08:01:15",
        "RESOLUTION": "4624 x 2600",
        "IMAGE_PHOTOGRAPHER": "천수영",
        "FOCUS_DISTANCE": "4.7",
        "EXPOSURE_TIME": "0.01600",
        "SENSITIVITY_ISO": null,
        "PLACE": "주택가분리수거장",
        "REGION_NAME": null,
        "Direction": "4",
        "HEIGHT": null,
        "DAY/NIGHT": "주간",
        "WEATHER": "비",
        "IMAGE_HEIGHT": 2600,
        "IMAGE_WIDTH": 4624,
        "IMAGE_SIZE": "6.5 MB"
    },
    "ANNOTATION_INFO": [
        {
            "ID": "1",
            "CLASS": "스티로폼",
            "DETAILS": "스티로폼",
            "DAMAGE": "원형",
            "DIRTINESS": "오염없음",
            "COVER": "없음",
            "TRANSPARENCY": "불투명",
            "SHAPE": "박스형",
            "SHAPE_TYPE": "POLYGON",
            "POINTS": [
                [
                    1489.9689589905363,
                    1835.8829652996844
                ],
                [
                    2044.2856782334388,
                    1817.4057413249213
                ],
                [
                    2111.4755835962146,
                    1770.372807570978
                ],
                [
                    2150.109779179811,
                    1768.6930599369086
                ],
                [
                    2171.9464984227134,
                    1795.5690220820193
                ],
                [
                    2220.6591798107256,
                    1805.6475078864355
                ],
                [
                    2811.9303470031546,
                    1790.5297791798107
                ],
                [
                    2852.244290220821,
                    1770.372807570978
                ],
                [
                    3073.970977917981,
                    1256.3700315457413
                ],
                [
                    2822.0088328075717,
                    436.6531861198734
                ],
                [
                    2754.818927444796,
                    396.3392429022078
                ],
                [
                    2712.8252365930607,
                    398.0189905362772
                ],
                [
                    1429.498044164038,
                    379.5417665615137
                ],
                [
                    1390.8638485804418,
                    424.89495268138757
                ],
                [
                    1280.0005047318612,
                    1256.370031545741
                ],
                [
                    1311.91570977918,
                    1365.5536277602523
                ],
                [
                    1416.0600630914837,
                    1793.8892744479494
                ],
                [
                    1454.69425867508,
                    1824.1247318611986
                ]
            ]
        }
    ]
}