{
    "IMAGE_INFO": {
        "FILE_NAME": "111168@2_05001_220809_P1_T1.jpg",
        "DATE": "2022-08-09 08:12:45",
        "RESOLUTION": "4624 x 2600",
        "IMAGE_PHOTOGRAPHER": "천수영",
        "FOCUS_DISTANCE": "4.7",
        "EXPOSURE_TIME": "0.03300",
        "SENSITIVITY_ISO": null,
        "PLACE": "주택가분리수거장",
        "REGION_NAME": null,
        "Direction": "2",
        "HEIGHT": null,
        "DAY/NIGHT": "주간",
        "WEATHER": "비",
        "IMAGE_HEIGHT": 2600,
        "IMAGE_WIDTH": 4624,
        "IMAGE_SIZE": "6.3 MB"
    },
    "ANNOTATION_INFO": [
        {
            "ID": "1",
            "CLASS": "스티로폼",
            "DETAILS": "스티로폼",
            "DAMAGE": "원형",
            "DIRTINESS": "오염없음",
            "COVER": "없음",
            "TRANSPARENCY": "불투명",
            "SHAPE": "식품용기형",
            "SHAPE_TYPE": "POLYGON",
            "POINTS": [
                [
                    1262.2712933753944,
                    2033.3517350157729
                ],
                [
                    3266.813880126183,
                    2020.2287066246056
                ],
                [
                    3398.0441640378554,
                    1931.648264984227
                ],
                [
                    3407.8864353312306,
                    1800.4179810725552
                ],
                [
                    3145.4258675078863,
                    901.4905362776024
                ],
                [
                    3089.6529968454265,
                    855.5599369085171
                ],
                [
                    2942.0189274447953,
                    799.7870662460567
                ],
                [
                    1386.9400630914827,
                    744.014195583596
                ],
                [
                    1245.8675078864353,
                    803.0678233438484
                ],
                [
                    1199.9369085173503,
                    878.5252365930598
                ],
                [
                    1016.2145110410096,
                    1803.698738170347
                ],
                [
                    1049.0220820189274,
                    1928.3675078864353
                ],
                [
                    1127.7602523659307,
                    2007.1056782334383
                ]
            ]
        }
    ]
}