{
    "IMAGE_INFO": {
        "FILE_NAME": "111201@2_05001_220809_P1_T1.jpg",
        "DATE": "2022-08-09 07:53:46",
        "RESOLUTION": "4624 x 2600",
        "IMAGE_PHOTOGRAPHER": "천수영",
        "FOCUS_DISTANCE": "4.7",
        "EXPOSURE_TIME": "0.00800",
        "SENSITIVITY_ISO": null,
        "PLACE": "주택가분리수거장",
        "REGION_NAME": null,
        "Direction": "2",
        "HEIGHT": null,
        "DAY/NIGHT": "주간",
        "WEATHER": "비",
        "IMAGE_HEIGHT": 2600,
        "IMAGE_WIDTH": 4624,
        "IMAGE_SIZE": "6.0 MB"
    },
    "ANNOTATION_INFO": [
        {
            "ID": "1",
            "CLASS": "스티로폼",
            "DETAILS": "스티로폼",
            "DAMAGE": "원형",
            "DIRTINESS": "오염없음",
            "COVER": "없음",
            "TRANSPARENCY": "불투명",
            "SHAPE": "박스형",
            "SHAPE_TYPE": "POLYGON",
            "POINTS": [
                [
                    1243.3133714285716,
                    1366.0741726050967
                ],
                [
                    1453.214476190476,
                    509.38937260509647
                ],
                [
                    1473.4994285714286,
                    479.7421345098583
                ],
                [
                    1512.508952380952,
                    470.3798487955726
                ],
                [
                    1546.8373333333332,
                    470.3798487955726
                ],
                [
                    2044.5988571428572,
                    482.8628964146203
                ],
                [
                    2664.0700952380957,
                    514.0705154622393
                ],
                [
                    3061.9672380952384,
                    532.7950868908107
                ],
                [
                    3097.856,
                    532.7950868908107
                ],
                [
                    3124.3824761904766,
                    545.2781345098584
                ],
                [
                    3143.107047619048,
                    570.2442297479536
                ],
                [
                    3252.3337142857144,
                    941.6148964146206
                ],
                [
                    3406.811428571428,
                    1470.5840392717635
                ],
                [
                    3411.492571428572,
                    1532.9992773670015
                ],
                [
                    3402.130285714286,
                    1565.7672773670015
                ],
                [
                    3171.1939047619044,
                    2030.760801176525
                ],
                [
                    3158.710857142857,
                    2044.8042297479535
                ],
                [
                    3122.822095238095,
                    2044.8042297479535
                ],
                [
                    1420.446476190475,
                    2021.3985154622394
                ],
                [
                    1368.9539047619037,
                    2015.156991652716
                ],
                [
                    1353.3500952380944,
                    1990.1908964146205
                ],
                [
                    1226.959238095237,
                    1525.197372605097
                ],
                [
                    1222.2780952380942,
                    1478.385944033668
                ]
            ]
        }
    ]
}