{
    "IMAGE_INFO": {
        "FILE_NAME": "111288@2_05001_220809_P1_T1.jpg",
        "DATE": "2022-08-09 08:19:06",
        "RESOLUTION": "4624 x 2600",
        "IMAGE_PHOTOGRAPHER": "천수영",
        "FOCUS_DISTANCE": "4.7",
        "EXPOSURE_TIME": "0.01600",
        "SENSITIVITY_ISO": null,
        "PLACE": "주택가분리수거장",
        "REGION_NAME": null,
        "Direction": "2",
        "HEIGHT": null,
        "DAY/NIGHT": "주간",
        "WEATHER": "비",
        "IMAGE_HEIGHT": 2600,
        "IMAGE_WIDTH": 4624,
        "IMAGE_SIZE": "4.9 MB"
    },
    "ANNOTATION_INFO": [
        {
            "ID": "1",
            "CLASS": "스티로폼",
            "DETAILS": "스티로폼",
            "DAMAGE": "원형",
            "DIRTINESS": "오염없음",
            "COVER": "없음",
            "TRANSPARENCY": "불투명",
            "SHAPE": "식품용기형",
            "SHAPE_TYPE": "BOX",
            "POINTS": [
                [
                    1178.4143545741326,
                    509.4925552050473,
                    2165.5901394683106,
                    1177.5062516967441
                ]
            ]
        }
    ]
}