{
    "IMAGE_INFO": {
        "FILE_NAME": "111219@5_05001_220809_P1_T1.jpg",
        "DATE": "2022-08-09 07:45:33",
        "RESOLUTION": "4624 x 2600",
        "IMAGE_PHOTOGRAPHER": "천수영",
        "FOCUS_DISTANCE": "4.7",
        "EXPOSURE_TIME": "0.00800",
        "SENSITIVITY_ISO": null,
        "PLACE": "주택가분리수거장",
        "REGION_NAME": null,
        "Direction": "5",
        "HEIGHT": null,
        "DAY/NIGHT": "주간",
        "WEATHER": "비",
        "IMAGE_HEIGHT": 2600,
        "IMAGE_WIDTH": 4624,
        "IMAGE_SIZE": "3.7 MB"
    },
    "ANNOTATION_INFO": [
        {
            "ID": "1",
            "CLASS": "스티로폼",
            "DETAILS": "스티로폼",
            "DAMAGE": "원형",
            "DIRTINESS": "오염없음",
            "COVER": "없음",
            "TRANSPARENCY": "불투명",
            "SHAPE": "박스형",
            "SHAPE_TYPE": "POLYGON",
            "POINTS": [
                [
                    1497.1468190476191,
                    578.8894107003345
                ],
                [
                    1498.3951238095242,
                    546.4334868908107
                ],
                [
                    1549.556832548571,
                    542.2800029441445
                ],
                [
                    1601.198701226666,
                    549.9495874012873
                ],
                [
                    1603.2439237485708,
                    537.1669466393824
                ],
                [
                    1619.6057039238087,
                    538.700863530811
                ],
                [
                    1635.7086476190477,
                    547.6817916527154
                ],
                [
                    1672.7814894933329,
                    542.2800029441445
                ],
                [
                    1702.437216060952,
                    548.4156705098587
                ],
                [
                    1734.3247238095241,
                    548.9300964146202
                ],
                [
                    1775.553921219047,
                    547.9043648793826
                ],
                [
                    1814.216228571429,
                    552.6750107003345
                ],
                [
                    1844.175542857143,
                    545.1851821289059
                ],
                [
                    1870.3899428571433,
                    537.6953535574773
                ],
                [
                    1891.6111238095245,
                    552.6750107003345
                ],
                [
                    1946.5365333333336,
                    546.4334868908107
                ],
                [
                    1997.7170285714292,
                    545.1851821289059
                ],
                [
                    2008.9517714285719,
                    546.4334868908107
                ],
                [
                    2042.6560000000006,
                    546.4334868908107
                ],
                [
                    2128.7890285714293,
                    560.1648392717631
                ],
                [
                    2164.9898666666672,
                    560.1648392717631
                ],
                [
                    2206.1839238095245,
                    562.6614487955726
                ],
                [
                    2243.633066666667,
                    558.9165345098584
                ],
                [
                    2243.633066666667,
                    533.9504392717631
                ],
                [
                    2278.585600000001,
                    527.7089154622392
                ],
                [
                    2614.3795809523817,
                    525.2123059384297
                ],
                [
                    2754.189714285715,
                    525.2123059384297
                ],
                [
                    2816.604952380954,
                    525.2123059384297
                ],
                [
                    2869.033752380953,
                    541.4402678431917
                ],
                [
                    2885.2617142857157,
                    562.6614487955726
                ],
                [
                    2978.884571428573,
                    883.4757726050966
                ],
                [
                    3123.0252809018934,
                    1432.0975102100704
                ],
                [
                    3138.667580952383,
                    1497.6417154622395
                ],
                [
                    3137.419276190478,
                    1517.6145916527155
                ],
                [
                    3147.405714285716,
                    1523.8561154622398
                ],
                [
                    3157.3921523809545,
                    1546.3256011765252
                ],
                [
                    3161.137066666669,
                    1570.0433916527159
                ],
                [
                    3164.881980952383,
                    1587.5196583193824
                ],
                [
                    3166.1302857142878,
                    1607.4925345098588
                ],
                [
                    3157.3921523809545,
                    1629.9620202241445
                ],
                [
                    2952.670171428574,
                    2103.0695249860487
                ],
                [
                    2931.4489904761926,
                    2111.8076583193824
                ],
                [
                    2896.4964571428595,
                    2111.8076583193824
                ],
                [
                    2339.7525333333365,
                    2135.525448795573
                ],
                [
                    2329.7660952380984,
                    2123.0424011765253
                ],
                [
                    2355.9804952380982,
                    2123.0424011765253
                ],
                [
                    2323.5245714285747,
                    2118.049182128906
                ],
                [
                    2256.1161142857177,
                    2118.049182128906
                ],
                [
                    2201.190704761908,
                    2123.0424011765253
                ],
                [
                    2188.7076571428606,
                    2133.028839271763
                ],
                [
                    2184.962742857146,
                    2143.0152773670015
                ],
                [
                    2164.98986666667,
                    2150.50510593843
                ],
                [
                    1820.4577523809546,
                    2162.9881535574777
                ],
                [
                    1553.3205333333358,
                    2166.733067843192
                ],
                [
                    1523.3612190476217,
                    2144.263582128907
                ],
                [
                    1503.3883428571453,
                    2110.5593535574785
                ],
                [
                    1401.0273523809547,
                    1664.9145535574778
                ],
                [
                    1399.7790476190496,
                    1644.941677367002
                ],
                [
                    1398.5307428571448,
                    1606.2442297479545
                ],
                [
                    1469.6841142857165,
                    823.5571440336686
                ]
            ]
        }
    ]
}