{
    "IMAGE_INFO": {
        "FILE_NAME": "111203@4_05001_220809_P1_T1.jpg",
        "DATE": "2022-08-09 07:45:31",
        "RESOLUTION": "4624 x 2600",
        "IMAGE_PHOTOGRAPHER": "천수영",
        "FOCUS_DISTANCE": "4.7",
        "EXPOSURE_TIME": "0.00800",
        "SENSITIVITY_ISO": null,
        "PLACE": "주택가분리수거장",
        "REGION_NAME": null,
        "Direction": "4",
        "HEIGHT": null,
        "DAY/NIGHT": "주간",
        "WEATHER": "비",
        "IMAGE_HEIGHT": 2600,
        "IMAGE_WIDTH": 4624,
        "IMAGE_SIZE": "5.3 MB"
    },
    "ANNOTATION_INFO": [
        {
            "ID": "1",
            "CLASS": "스티로폼",
            "DETAILS": "스티로폼",
            "DAMAGE": "원형",
            "DIRTINESS": "오염없음",
            "COVER": "없음",
            "TRANSPARENCY": "불투명",
            "SHAPE": "박스형",
            "SHAPE_TYPE": "POLYGON",
            "POINTS": [
                [
                    1586.2216533333335,
                    347.9697916527157
                ],
                [
                    1598.2053790476193,
                    300.0348887955728
                ],
                [
                    1607.1931733333338,
                    283.05794403366804
                ],
                [
                    1649.1362133333337,
                    271.07421831938234
                ],
                [
                    1706.058910476191,
                    274.0701497479538
                ],
                [
                    1779.9585523809526,
                    277.0660811765252
                ],
                [
                    1838.8785371428576,
                    279.0633687955728
                ],
                [
                    1931.7524114285718,
                    275.06879355747753
                ],
                [
                    2267.296731428572,
                    271.0742183193823
                ],
                [
                    2595.8505447619054,
                    279.0633687955728
                ],
                [
                    2729.6688152380966,
                    284.05658784319183
                ],
                [
                    2810.558963809525,
                    286.05387546223943
                ],
                [
                    2832.5291276190483,
                    290.0484507003347
                ],
                [
                    2842.515565714287,
                    296.04031355747753
                ],
                [
                    2856.4965790476194,
                    297.03895736700133
                ],
                [
                    2867.4816609523823,
                    297.03895736700133
                ],
                [
                    2882.461318095239,
                    293.04438212890614
                ],
                [
                    2888.453180952382,
                    287.05251927176323
                ],
                [
                    2915.416563809524,
                    287.05251927176323
                ],
                [
                    2927.40028952381,
                    295.04166974795373
                ],
                [
                    2971.340617142858,
                    309.0226830812871
                ],
                [
                    2986.3202742857147,
                    322.0050526050966
                ],
                [
                    3066.21177904762,
                    632.5832773670015
                ],
                [
                    3171.069379047622,
                    1043.0258830812875
                ],
                [
                    3184.0517485714327,
                    1092.958073557478
                ],
                [
                    3190.0436114285753,
                    1091.9594297479541
                ],
                [
                    3198.032761904766,
                    1109.9350183193828
                ],
                [
                    3206.021912380957,
                    1155.872633557478
                ],
                [
                    3207.020556190481,
                    1178.8414411765257
                ],
                [
                    3208.0192000000043,
                    1196.8170297479542
                ],
                [
                    3222.9988571428617,
                    1244.7519326050972
                ],
                [
                    3223.997500952385,
                    1259.7315897479543
                ],
                [
                    3236.9798704761947,
                    1270.716671652716
                ],
                [
                    3239.975801904766,
                    1299.6773421289065
                ],
                [
                    3245.967664761909,
                    1329.6366564146208
                ],
                [
                    3249.9622400000044,
                    1348.6108887955734
                ],
                [
                    3249.9622400000044,
                    1357.5986830812874
                ],
                [
                    3227.9920761904805,
                    1406.532229747954
                ],
                [
                    3052.2307657142887,
                    1823.9653421289065
                ],
                [
                    3040.2470400000034,
                    1835.9490678431923
                ],
                [
                    3010.287725714289,
                    1851.9273687955733
                ],
                [
                    2974.336548571432,
                    1856.9205878431924
                ],
                [
                    2933.3921523809563,
                    1861.9138068908112
                ],
                [
                    2431.074316190479,
                    1875.8948202241445
                ],
                [
                    2411.1014400000026,
                    1873.897532605097
                ],
                [
                    2408.1055085714315,
                    1858.9178754622399
                ],
                [
                    2273.2885942857174,
                    1859.916519271764
                ],
                [
                    2269.294019047622,
                    1874.896176414621
                ],
                [
                    2255.313005714289,
                    1879.8893954622401
                ],
                [
                    1666.1131580952408,
                    1897.8649840336695
                ],
                [
                    1640.1484190476217,
                    1888.877189747955
                ],
                [
                    1620.1755428571455,
                    1868.9043135574789
                ],
                [
                    1603.1985980952409,
                    1851.9273687955742
                ],
                [
                    1494.3464228571452,
                    1388.5566411765267
                ],
                [
                    1495.3450666666683,
                    1335.6285192717644
                ],
                [
                    1509.3260800000016,
                    1257.7343021289073
                ],
                [
                    1526.3030247619065,
                    996.0896240336692
                ],
                [
                    1551.2691200000015,
                    761.408328795574
                ],
                [
                    1549.2718323809543,
                    731.4490145098597
                ],
                [
                    1549.2718323809543,
                    699.4924126050976
                ],
                [
                    1574.237927619049,
                    464.81111736700217
                ],
                [
                    1583.2257219047633,
                    378.92774974795446
                ],
                [
                    1588.2189409523826,
                    361.95080498604966
                ]
            ]
        }
    ]
}