{
    "IMAGE_INFO": {
        "FILE_NAME": "111207@3_05001_220809_P1_T1.jpg",
        "DATE": "2022-08-09 07:48:37",
        "RESOLUTION": "4624 x 2600",
        "IMAGE_PHOTOGRAPHER": "천수영",
        "FOCUS_DISTANCE": "4.7",
        "EXPOSURE_TIME": "0.00800",
        "SENSITIVITY_ISO": null,
        "PLACE": "주택가분리수거장",
        "REGION_NAME": null,
        "Direction": "3",
        "HEIGHT": null,
        "DAY/NIGHT": "주간",
        "WEATHER": "비",
        "IMAGE_HEIGHT": 2600,
        "IMAGE_WIDTH": 4624,
        "IMAGE_SIZE": "6.0 MB"
    },
    "ANNOTATION_INFO": [
        {
            "ID": "1",
            "CLASS": "스티로폼",
            "DETAILS": "스티로폼",
            "DAMAGE": "원형",
            "DIRTINESS": "오염없음",
            "COVER": "없음",
            "TRANSPARENCY": "불투명",
            "SHAPE": "박스형",
            "SHAPE_TYPE": "POLYGON",
            "POINTS": [
                [
                    1554.7961904761905,
                    495.9234678431919
                ],
                [
                    1556.7466666666671,
                    458.86442022414417
                ],
                [
                    1576.251428571429,
                    433.5082297479538
                ],
                [
                    1613.3104761904763,
                    419.8548964146203
                ],
                [
                    2567.093333333334,
                    425.70632498604897
                ],
                [
                    2613.327420952382,
                    423.4968255574775
                ],
                [
                    2646.8818529523824,
                    433.0838061289061
                ],
                [
                    2673.2495238095244,
                    458.6809535574776
                ],
                [
                    2694.8167558095247,
                    548.127572986049
                ],
                [
                    2940.3579908993224,
                    1414.8808620869713
                ],
                [
                    2875.3597719992586,
                    1634.2240074429026
                ],
                [
                    2798.0044167925257,
                    1879.5219101379346
                ],
                [
                    2765.433740916007,
                    1888.6824127282052
                ],
                [
                    2000.0228578178153,
                    1924.3065894681479
                ],
                [
                    1589.8359084979065,
                    1936.520592921842
                ],
                [
                    1562.354400727094,
                    1927.3600903315712
                ],
                [
                    1536.9085601985637,
                    1910.056918772171
                ],
                [
                    1535.8907265774226,
                    1895.8072480761937
                ],
                [
                    1469.7315412032438,
                    1459.1566246066138
                ],
                [
                    1477.8742101723742,
                    1334.9809228273862
                ]
            ]
        }
    ]
}