{
    "IMAGE_INFO": {
        "FILE_NAME": "111959@2_05001_220808_P1_T1.jpg",
        "DATE": "2022-08-08 13:51:03",
        "RESOLUTION": "4032 x 2268",
        "IMAGE_PHOTOGRAPHER": "김담영",
        "FOCUS_DISTANCE": "4.32",
        "EXPOSURE_TIME": "0.01667",
        "SENSITIVITY_ISO": null,
        "PLACE": "주택가분리수거장",
        "REGION_NAME": null,
        "Direction": "2",
        "HEIGHT": null,
        "DAY/NIGHT": "주간",
        "WEATHER": "비",
        "IMAGE_HEIGHT": 2268,
        "IMAGE_WIDTH": 4032,
        "IMAGE_SIZE": "3.1 MB"
    },
    "ANNOTATION_INFO": [
        {
            "ID": "1",
            "CLASS": "스티로폼",
            "DETAILS": "스티로폼",
            "DAMAGE": "원형",
            "DIRTINESS": "오염없음",
            "COVER": "없음",
            "TRANSPARENCY": "불투명",
            "SHAPE": "식품용기형",
            "SHAPE_TYPE": "POLYGON",
            "POINTS": [
                [
                    1011.1988895899052,
                    443.78750157728695
                ],
                [
                    969.0727570977916,
                    469.4294952681387
                ],
                [
                    925.1150536277601,
                    509.7240567823343
                ],
                [
                    893.9783470031545,
                    537.197621451104
                ],
                [
                    840.862788643533,
                    659.9128769716089
                ],
                [
                    676.0848169444545,
                    1115.7842938588467
                ],
                [
                    624.9457454855635,
                    1253.2674800936531
                ],
                [
                    617.9318616767362,
                    1263.788305806894
                ],
                [
                    614.4249197723225,
                    1279.5695443767556
                ],
                [
                    596.8902102502542,
                    1335.680614847374
                ],
                [
                    568.8346750149449,
                    1402.312511031234
                ],
                [
                    561.8207912061176,
                    1432.12151721875
                ],
                [
                    568.8346750149449,
                    1491.7395295937822
                ],
                [
                    589.0900981219929,
                    1537.4248265045371
                ],
                [
                    590.1243373729072,
                    1553.9726545191681
                ],
                [
                    600.4667298820518,
                    1555.0068937700823
                ],
                [
                    623.2199934021695,
                    1587.06831054843
                ],
                [
                    666.658041940576,
                    1619.129727326778
                ],
                [
                    712.1645689808115,
                    1636.7117945923233
                ],
                [
                    782.4928380429935,
                    1651.1911441051254
                ],
                [
                    868.3346958688923,
                    1658.4308188615266
                ],
                [
                    892.1221986399245,
                    1657.396579610612
                ],
                [
                    1044.1553685243475,
                    1656.3623403596978
                ],
                [
                    1065.874392793551,
                    1660.4992973633555
                ],
                [
                    1082.422220808182,
                    1657.396579610612
                ],
                [
                    1365.6130783886986,
                    1656.1291483673153
                ],
                [
                    1758.1603897865284,
                    1650.638976179933
                ],
                [
                    2578.404106874346,
                    1648.0747407502322
                ],
                [
                    2819.717402939417,
                    1651.5720348961027
                ],
                [
                    2844.1984619605105,
                    1658.566623187844
                ],
                [
                    2872.1768151274755,
                    1656.8179761149088
                ],
                [
                    2991.0848160870755,
                    1653.320681969038
                ],
                [
                    3118.7360524113515,
                    1649.8233878231674
                ],
                [
                    3223.6548767874688,
                    1611.3531522185908
                ],
                [
                    3270.8683477567224,
                    1560.6423871034674
                ],
                [
                    3283.1088772672692,
                    1562.3910341764029
                ],
                [
                    3290.1034655590097,
                    1539.658622228244
                ],
                [
                    3297.0980538507515,
                    1501.1883866236676
                ],
                [
                    3311.0872304342342,
                    1443.483033216803
                ],
                [
                    3309.3385833612983,
                    1382.2803856640676
                ],
                [
                    3211.414347276922,
                    1121.731971796709
                ],
                [
                    3045.876125545702,
                    652.3884569624354
                ],
                [
                    3009.9459887042603,
                    551.4418820269561
                ],
                [
                    2994.547358629356,
                    518.9336629799373
                ],
                [
                    2939.7966739185877,
                    476.15969054964955
                ],
                [
                    2881.6240714133965,
                    445.3624303998423
                ],
                [
                    2816.607633319359,
                    419.69804694166965
                ],
                [
                    2760.1459897113796,
                    412.8542113528236
                ],
                [
                    2667.754209261958,
                    412.8542113528236
                ],
                [
                    2577.0733877097477,
                    412.8542113528236
                ],
                [
                    2554.8309220459982,
                    412.8542113528236
                ],
                [
                    2539.4322919710944,
                    416.27612914724665
                ],
                [
                    2513.7679085129216,
                    416.27612914724665
                ],
                [
                    2351.226813277828,
                    417.9870880444582
                ],
                [
                    1772.7292538930283,
                    416.884120170768
                ],
                [
                    1422.2181245531328,
                    415.1402837063905
                ],
                [
                    1146.6919631814737,
                    413.3964472420129
                ],
                [
                    1082.1700139995028,
                    420.37179309952325
                ]
            ]
        }
    ]
}