{
    "IMAGE_INFO": {
        "FILE_NAME": "111948@1_05001_220808_P1_T1.jpg",
        "DATE": "2022-08-08 13:54:03",
        "RESOLUTION": "4032 x 2268",
        "IMAGE_PHOTOGRAPHER": "김담영",
        "FOCUS_DISTANCE": "4.32",
        "EXPOSURE_TIME": "0.01667",
        "SENSITIVITY_ISO": null,
        "PLACE": "주택가분리수거장",
        "REGION_NAME": null,
        "Direction": "1",
        "HEIGHT": null,
        "DAY/NIGHT": "주간",
        "WEATHER": "비",
        "IMAGE_HEIGHT": 2268,
        "IMAGE_WIDTH": 4032,
        "IMAGE_SIZE": "2.9 MB"
    },
    "ANNOTATION_INFO": [
        {
            "ID": "1",
            "CLASS": "스티로폼",
            "DETAILS": "스티로폼",
            "DAMAGE": "원형",
            "DIRTINESS": "오염없음",
            "COVER": "없음",
            "TRANSPARENCY": "불투명",
            "SHAPE": "식품용기형",
            "SHAPE_TYPE": "POLYGON",
            "POINTS": [
                [
                    1576.709524754574,
                    802.6327796593058
                ],
                [
                    1545.2006429072555,
                    820.6378550006307
                ],
                [
                    1525.6951446208202,
                    839.3931418145107
                ],
                [
                    1509.9407036971609,
                    864.1501204088327
                ],
                [
                    1503.188800444164,
                    885.1560416403784
                ],
                [
                    1495.686685718612,
                    957.9265544782334
                ],
                [
                    1471.448138061638,
                    1186.374066959934
                ],
                [
                    1455.2579472282634,
                    1323.2786159766508
                ],
                [
                    1457.8556819722735,
                    1351.2042644747596
                ],
                [
                    1473.4420904363344,
                    1385.6242498328936
                ],
                [
                    1502.0171726204455,
                    1420.6936688770304
                ],
                [
                    1540.333760094595,
                    1442.1249805151137
                ],
                [
                    1579.949214940749,
                    1453.8147868631595
                ],
                [
                    1632.553343506954,
                    1455.763087921167
                ],
                [
                    1688.4046405031715,
                    1453.8147868631595
                ],
                [
                    1763.0895143934627,
                    1452.5159194911546
                ],
                [
                    1979.4992728771274,
                    1448.5038449484862
                ],
                [
                    2007.7684790687886,
                    1447.8143521145435
                ],
                [
                    2044.3115992677656,
                    1448.5038449484862
                ],
                [
                    2091.197111975887,
                    1447.8143521145435
                ],
                [
                    2156.698931200468,
                    1448.5038449484862
                ],
                [
                    2236.6800999378515,
                    1450.5723234503153
                ],
                [
                    2401.577441001995,
                    1453.869851059954
                ],
                [
                    2453.307063389774,
                    1454.8458816710445
                ],
                [
                    2476.243782750393,
                    1454.8458816710445
                ],
                [
                    2485.028058250205,
                    1457.7739735043147
                ],
                [
                    2489.42019600011,
                    1455.3338969765894
                ],
                [
                    2518.2130990272713,
                    1457.7739735043147
                ],
                [
                    2559.694399998603,
                    1458.26198880986
                ],
                [
                    2607.031884636476,
                    1454.3578663654991
                ],
                [
                    2636.312802969182,
                    1447.5256520878681
                ],
                [
                    2655.8334151909853,
                    1440.6934378102367
                ],
                [
                    2673.8899814961533,
                    1427.5170245605195
                ],
                [
                    2691.946547801322,
                    1408.972442949806
                ],
                [
                    2700.730823301133,
                    1391.8919072557278
                ],
                [
                    2709.0270834954,
                    1373.8353409505596
                ],
                [
                    2714.395251856396,
                    1347.4825144511249
                ],
                [
                    2714.395251856396,
                    1333.3300705903175
                ],
                [
                    2719.275404911847,
                    1329.9139634515018
                ],
                [
                    2715.3712824674863,
                    1319.665642035055
                ],
                [
                    2713.4192212453063,
                    1312.8334277574238
                ],
                [
                    2696.8501255914393,
                    1218.2146778448753
                ],
                [
                    2683.0876254803743,
                    1163.164677400616
                ],
                [
                    2674.9920371797484,
                    1128.3536477079226
                ],
                [
                    2658.8008605784953,
                    1057.9220294924735
                ],
                [
                    2640.550870373277,
                    958.6013539271994
                ],
                [
                    2638.3505631494972,
                    951.1203093663465
                ],
                [
                    2637.9105017047414,
                    930.8774829075684
                ],
                [
                    2633.0698258124244,
                    909.7545335592781
                ],
                [
                    2629.5493342543764,
                    892.1520757690363
                ],
                [
                    2626.90896558584,
                    889.5117071005001
                ],
                [
                    2616.347490911695,
                    870.1490035312339
                ],
                [
                    2596.9847873424287,
                    846.3856855144074
                ],
                [
                    2561.1034676084055,
                    823.7530491224262
                ],
                [
                    2532.616194394116,
                    810.9054750074287
                ],
                [
                    2505.738298909425,
                    803.7010906507073
                ],
                [
                    2468.6080103017066,
                    799.5447150602912
                ],
                [
                    2427.1088318746597,
                    799.6452276305806
                ],
                [
                    2390.6667761311724,
                    797.9632865962658
                ],
                [
                    2382.2570709595984,
                    797.9632865962658
                ],
                [
                    2373.286718776586,
                    800.2058746420188
                ],
                [
                    2365.43766061645,
                    799.0845806191423
                ],
                [
                    2351.4214853304934,
                    797.9632865962658
                ],
                [
                    2343.6396508831936,
                    798.7134399422079
                ],
                [
                    2289.627980232323,
                    798.2345994777359
                ],
                [
                    2263.148067279358,
                    798.1948508556591
                ],
                [
                    2238.5452474014905,
                    798.1948508556591
                ],
                [
                    2164.743136882695,
                    797.1218504532437
                ],
                [
                    2137.090873937005,
                    796.2385354327552
                ],
                [
                    2108.9415080938215,
                    793.9736439281312
                ],
                [
                    2102.793945438413,
                    794.620755786595
                ],
                [
                    2078.5272507460136,
                    794.620755786595
                ],
                [
                    2000.4386330986588,
                    793.6333065764966
                ],
                [
                    1994.598896895117,
                    791.9157371048666
                ],
                [
                    1973.9880632355569,
                    792.6027648935186
                ],
                [
                    1961.6215630398208,
                    793.6333065764966
                ],
                [
                    1913.8369577917558,
                    790.7813695839784
                ],
                [
                    1896.6959200548488,
                    790.0519637228335
                ],
                [
                    1884.6607233459565,
                    790.7813695839784
                ],
                [
                    1877.3666647345067,
                    791.5107754451235
                ],
                [
                    1870.4373090536296,
                    788.5931520005436
                ],
                [
                    1860.5903299281724,
                    788.957854931116
                ],
                [
                    1843.813995121838,
                    789.6872607922611
                ],
                [
                    1836.5199365103879,
                    788.957854931116
                ],
                [
                    1802.4203875592661,
                    788.2224971181448
                ],
                [
                    1758.8605029415635,
                    786.3402798815775
                ],
                [
                    1739.3475710473654,
                    785.0415732202848
                ],
                [
                    1731.3542973721092,
                    782.7577807416401
                ],
                [
                    1723.3610236968532,
                    784.1851510407931
                ],
                [
                    1697.0974101924398,
                    782.4723066818096
                ],
                [
                    1656.2746196366677,
                    782.7577807416401
                ],
                [
                    1639.4316501066637,
                    783.8996769809626
                ],
                [
                    1621.732258397168,
                    786.4689435194377
                ],
                [
                    1605.460236986825,
                    791.6074765963881
                ],
                [
                    1587.1898971576684,
                    797.6024318528301
                ]
            ]
        }
    ]
}