{
    "IMAGE_INFO": {
        "FILE_NAME": "111934@5_05001_220808_P1_T1.jpg",
        "DATE": "2022-08-08 13:51:12",
        "RESOLUTION": "4032 x 2268",
        "IMAGE_PHOTOGRAPHER": "김담영",
        "FOCUS_DISTANCE": "4.32",
        "EXPOSURE_TIME": "0.01667",
        "SENSITIVITY_ISO": null,
        "PLACE": "주택가분리수거장",
        "REGION_NAME": null,
        "Direction": "5",
        "HEIGHT": null,
        "DAY/NIGHT": "주간",
        "WEATHER": "비",
        "IMAGE_HEIGHT": 2268,
        "IMAGE_WIDTH": 4032,
        "IMAGE_SIZE": "3.1 MB"
    },
    "ANNOTATION_INFO": [
        {
            "ID": "1",
            "CLASS": "스티로폼",
            "DETAILS": "스티로폼",
            "DAMAGE": "원형",
            "DIRTINESS": "오염없음",
            "COVER": "없음",
            "TRANSPARENCY": "불투명",
            "SHAPE": "식품용기형",
            "SHAPE_TYPE": "POLYGON",
            "POINTS": [
                [
                    916.6440378548895,
                    338.21460567823334
                ],
                [
                    880.0126182965298,
                    367.97763406940055
                ],
                [
                    818.197097791798,
                    489.3192113564669
                ],
                [
                    680.8292744479494,
                    821.2914511041009
                ],
                [
                    543.0382849453623,
                    1125.2272038323288
                ],
                [
                    489.5632111816273,
                    1246.7614623862717
                ],
                [
                    487.1325260105484,
                    1334.2661285451109
                ],
                [
                    526.0234887478102,
                    1436.354905730423
                ],
                [
                    596.5133587090972,
                    1487.3992943230794
                ],
                [
                    701.0328210654885,
                    1528.7209422314202
                ],
                [
                    941.6706530022963,
                    1550.5971087711298
                ],
                [
                    1044.9554237413677,
                    1557.7441003711012
                ],
                [
                    1114.322425114929,
                    1552.789314558704
                ],
                [
                    1248.1016420496542,
                    1555.2667074649025
                ],
                [
                    1629.6201496042409,
                    1570.1310649020943
                ],
                [
                    2084.964965763546,
                    1584.0044651768064
                ],
                [
                    2542.7871748290495,
                    1601.8416941014366
                ],
                [
                    2997.636512407115,
                    1628.5975374883817
                ],
                [
                    3249.1943335739024,
                    1628.690957002003
                ],
                [
                    3343.8817649930716,
                    1623.4305441453826
                ],
                [
                    3408.7601902247243,
                    1590.114596053453
                ],
                [
                    3459.6108478387223,
                    1556.798647961523
                ],
                [
                    3492.9267959306517,
                    1509.4549322519383
                ],
                [
                    3513.968447357134,
                    1425.2883265460107
                ],
                [
                    3498.187208787273,
                    1332.3543660790488
                ],
                [
                    3246.058151178732,
                    732.6342173371635
                ],
                [
                    3160.423141203016,
                    520.4083230495203
                ],
                [
                    3130.63705077668,
                    460.8361421968484
                ],
                [
                    3084.0962844855303,
                    412.4337452540526
                ],
                [
                    3002.1845358131063,
                    375.20113222113264
                ],
                [
                    2936.0792051886433,
                    356.52698199823334
                ],
                [
                    2874.2617798500946,
                    346.32410597148254
                ],
                [
                    2827.191254558383,
                    347.2766724464428
                ],
                [
                    2798.64046341653,
                    345.12376761539423
                ],
                [
                    2778.7888576155874,
                    339.83014983985873
                ],
                [
                    2616.00765897581,
                    329.0015000664175
                ],
                [
                    2574.5019572392002,
                    330.9779620538751
                ],
                [
                    2540.5677168575394,
                    330.1195381642902
                ],
                [
                    2299.773740982593,
                    313.18980416675663
                ],
                [
                    1772.058390331413,
                    287.4957983298078
                ],
                [
                    1222.2796845913338,
                    254.0846425868306
                ],
                [
                    1107.8594114797152,
                    252.47308944441338
                ],
                [
                    1033.7279669285256,
                    268.58862086858505
                ],
                [
                    996.6622446529307,
                    281.4810460079223
                ],
                [
                    953.1503098076673,
                    307.26589628659696
                ]
            ]
        }
    ]
}