{
    "IMAGE_INFO": {
        "FILE_NAME": "111956@2_05001_220808_P1_T1.jpg",
        "DATE": "2022-08-08 13:53:29",
        "RESOLUTION": "4032 x 2268",
        "IMAGE_PHOTOGRAPHER": "김담영",
        "FOCUS_DISTANCE": "4.32",
        "EXPOSURE_TIME": "0.02500",
        "SENSITIVITY_ISO": null,
        "PLACE": "주택가분리수거장",
        "REGION_NAME": null,
        "Direction": "2",
        "HEIGHT": null,
        "DAY/NIGHT": "주간",
        "WEATHER": "비",
        "IMAGE_HEIGHT": 2268,
        "IMAGE_WIDTH": 4032,
        "IMAGE_SIZE": "2.6 MB"
    },
    "ANNOTATION_INFO": [
        {
            "ID": "1",
            "CLASS": "스티로폼",
            "DETAILS": "스티로폼",
            "DAMAGE": "원형",
            "DIRTINESS": "오염없음",
            "COVER": "없음",
            "TRANSPARENCY": "불투명",
            "SHAPE": "식품용기형",
            "SHAPE_TYPE": "POLYGON",
            "POINTS": [
                [
                    1122.361373421951,
                    318.8037065674607
                ],
                [
                    1107.4847819457161,
                    326.6334915549527
                ],
                [
                    1098.1698927444793,
                    334.7231735015773
                ],
                [
                    1080.472023738869,
                    353.2547605124252
                ],
                [
                    1064.8124537638853,
                    381.4419864673961
                ],
                [
                    1055.7289009659148,
                    406.6019845318018
                ],
                [
                    1051.0737603046487,
                    421.89744670453337
                ],
                [
                    1037.728050473186,
                    428.1332933753944
                ],
                [
                    999.2021929362544,
                    449.8282906721305
                ],
                [
                    961.9610676461249,
                    478.0916446869607
                ],
                [
                    927.0475126866291,
                    516.3303001187896
                ],
                [
                    891.2023722397473,
                    587.4799684542587
                ],
                [
                    843.5815268138798,
                    712.0267949526814
                ],
                [
                    768.2247489034041,
                    897.6143209486515
                ],
                [
                    761.9644965374736,
                    922.1187373524372
                ],
                [
                    757.6717520579783,
                    934.460377730986
                ],
                [
                    750.9433042129965,
                    952.7479706952681
                ],
                [
                    736.7643073817031,
                    997.3105321650473
                ],
                [
                    700.3040298155203,
                    1072.2566582733123
                ],
                [
                    669.9204651770343,
                    1143.1516424297795
                ],
                [
                    639.5369005385486,
                    1230.2511943934387
                ],
                [
                    567.0149777742397,
                    1415.7448820823704
                ],
                [
                    527.8128873350797,
                    1507.2164264404103
                ],
                [
                    516.6122900667483,
                    1611.75533427817
                ],
                [
                    538.1102684396926,
                    1679.902157519449
                ],
                [
                    579.4001502096696,
                    1731.5145097319205
                ],
                [
                    641.334972864635,
                    1772.8043915018973
                ],
                [
                    661.9799137496235,
                    1781.0623678558927
                ],
                [
                    686.7538428116096,
                    1857.4486491303503
                ],
                [
                    717.7212541390923,
                    1923.512459962313
                ],
                [
                    789.9785472365519,
                    1968.9313299092876
                ],
                [
                    835.7123799169209,
                    1995.2155700617284
                ],
                [
                    901.010786488126,
                    2007.6990889650474
                ],
                [
                    1010.778311440959,
                    2009.8672715520001
                ],
                [
                    1182.2324240513326,
                    2012.2857057677636
                ],
                [
                    1427.9072205826951,
                    2012.2857057677636
                ],
                [
                    1513.7464636103416,
                    2011.2864818799624
                ],
                [
                    1556.6660851241647,
                    2010.7868699360617
                ],
                [
                    1582.7314373638264,
                    2006.0736906736213
                ],
                [
                    1593.073829872971,
                    2004.1584328015572
                ],
                [
                    1598.8196034891623,
                    2006.0736906736213
                ],
                [
                    1601.5009645100517,
                    2009.5211548433358
                ],
                [
                    1784.6417134670887,
                    2007.529040391135
                ],
                [
                    2077.6393301819603,
                    2005.3399120613517
                ],
                [
                    2105.0612816103167,
                    2006.092223502267
                ],
                [
                    2133.739941234837,
                    1993.7799719082393
                ],
                [
                    2164.08449487675,
                    2002.230353935101
                ],
                [
                    2188.6674244094393,
                    2001.8462456611528
                ],
                [
                    2225.9259269824206,
                    1999.9257042914112
                ],
                [
                    2262.0321047335574,
                    2000.3098125653594
                ],
                [
                    2305.8204479636597,
                    1998.7733794695666
                ],
                [
                    2344.5425958761825,
                    2001.963235325269
                ],
                [
                    2914.686971777628,
                    1994.5968033112135
                ],
                [
                    3202.8340268187467,
                    1991.6197704205586
                ],
                [
                    3285.6702053269396,
                    1986.3848685486444
                ],
                [
                    3326.0015740915073,
                    1972.4609436180197
                ],
                [
                    3376.4157850472175,
                    1959.0171540298302
                ],
                [
                    3460.454805652004,
                    1906.9232557008716
                ],
                [
                    3494.3599256475845,
                    1855.6014293130095
                ],
                [
                    3515.48588071474,
                    1811.4289778089587
                ],
                [
                    3522.3998296458076,
                    1776.4751248796665
                ],
                [
                    3562.731198410378,
                    1751.8921953469771
                ],
                [
                    3598.1022754002397,
                    1718.4251283386377
                ],
                [
                    3620.8973977789283,
                    1681.6022383422942
                ],
                [
                    3639.9369614739862,
                    1630.1298725053764
                ],
                [
                    3641.9390492054104,
                    1576.3939812098845
                ],
                [
                    3638.7846366521417,
                    1546.7783770586027
                ],
                [
                    3633.791229090814,
                    1531.7981543746205
                ],
                [
                    3634.943553912659,
                    1521.0431227040692
                ],
                [
                    3580.5675658781715,
                    1376.498292658306
                ],
                [
                    3420.0006423724653,
                    981.4084272631287
                ],
                [
                    3253.4486885837473,
                    586.6121374288756
                ],
                [
                    3220.0503873542475,
                    507.9409473409206
                ],
                [
                    3182.119695301856,
                    465.6890372066114
                ],
                [
                    3154.751980783042,
                    443.12267611215077
                ],
                [
                    3119.2219654428272,
                    419.5960443328195
                ],
                [
                    3082.1786686323157,
                    400.4490722642762
                ],
                [
                    3069.1472540707937,
                    389.2792883544002
                ],
                [
                    3046.807686251042,
                    385.55602705110823
                ],
                [
                    3033.77627168952,
                    383.6943963994622
                ],
                [
                    3020.7448571279983,
                    350.1850446698344
                ],
                [
                    2992.820397353308,
                    311.09080098526846
                ],
                [
                    2967.8492403588248,
                    291.5955903413805
                ],
                [
                    2929.6376419346443,
                    286.3250250414936
                ],
                [
                    2834.7674665366794,
                    283.6897423915501
                ],
                [
                    2370.92142829891,
                    288.09829619551016
                ],
                [
                    2229.9105283374083,
                    292.5748327022245
                ],
                [
                    2197.455638663729,
                    293.6939668289031
                ],
                [
                    1956.8418014278334,
                    294.8131009555817
                ],
                [
                    1912.07643636069,
                    300.4087715889746
                ],
                [
                    1831.4987792398317,
                    301.5279057156533
                ],
                [
                    1471.961273113464,
                    297.663287101233
                ],
                [
                    1261.0966651329331,
                    299.45047786856816
                ],
                [
                    1172.7947608314057,
                    302.6041173079085
                ],
                [
                    1149.7656208781725,
                    306.6675398368483
                ]
            ]
        }
    ]
}