{
    "IMAGE_INFO": {
        "FILE_NAME": "111957@2_05001_220808_P1_T1.jpg",
        "DATE": "2022-08-08 13:51:35",
        "RESOLUTION": "4032 x 2268",
        "IMAGE_PHOTOGRAPHER": "김담영",
        "FOCUS_DISTANCE": "4.32",
        "EXPOSURE_TIME": "0.00833",
        "SENSITIVITY_ISO": null,
        "PLACE": "주택가분리수거장",
        "REGION_NAME": null,
        "Direction": "2",
        "HEIGHT": null,
        "DAY/NIGHT": "주간",
        "WEATHER": "비",
        "IMAGE_HEIGHT": 2268,
        "IMAGE_WIDTH": 4032,
        "IMAGE_SIZE": "2.8 MB"
    },
    "ANNOTATION_INFO": [
        {
            "ID": "1",
            "CLASS": "스티로폼",
            "DETAILS": "스티로폼",
            "DAMAGE": "원형",
            "DIRTINESS": "오염없음",
            "COVER": "없음",
            "TRANSPARENCY": "불투명",
            "SHAPE": "식품용기형",
            "SHAPE_TYPE": "POLYGON",
            "POINTS": [
                [
                    666.4342712933753,
                    320.0419873817036
                ],
                [
                    624.3081388012617,
                    343.8524100946373
                ],
                [
                    591.339861198738,
                    393.3048264984228
                ],
                [
                    554.7084416403786,
                    499.5359432176657
                ],
                [
                    510.7507381703469,
                    607.5986309148267
                ],
                [
                    471.9365548884793,
                    696.1541792379563
                ],
                [
                    455.73198708128683,
                    725.3224012909027
                ],
                [
                    447.62970317769066,
                    751.2497097824105
                ],
                [
                    407.1182836597096,
                    833.893005599092
                ],
                [
                    296.61287988264957,
                    1080.5490325283313
                ],
                [
                    164.36171742438285,
                    1374.831877357575
                ],
                [
                    131.48413707050474,
                    1480.0401344899847
                ],
                [
                    129.29229838024625,
                    1526.0687469854138
                ],
                [
                    144.63516921205596,
                    1598.3994237639456
                ],
                [
                    180.17073097412728,
                    1662.7357038327118
                ],
                [
                    225.16013838890544,
                    1709.2764701238616
                ],
                [
                    336.85797748766515,
                    1754.2658775386399
                ],
                [
                    451.65853433916806,
                    1779.087619560586
                ],
                [
                    606.7944219763342,
                    1789.9471316951879
                ],
                [
                    822.4333057919952,
                    1786.8444139424448
                ],
                [
                    913.9634794979233,
                    1786.8444139424448
                ],
                [
                    1490.8128211305154,
                    1769.4006865191016
                ],
                [
                    1750.738160626893,
                    1759.10661366776
                ],
                [
                    1979.7812815692455,
                    1753.9595772420892
                ],
                [
                    2038.97220046446,
                    1741.0919861779118
                ],
                [
                    2064.7073825928146,
                    1743.6655043907472
                ],
                [
                    2080.148491869827,
                    1748.812540816418
                ],
                [
                    2144.486447190712,
                    1743.6655043907472
                ],
                [
                    2386.3971591972418,
                    1751.3860590292536
                ],
                [
                    2448.1615963052927,
                    1741.0919861779118
                ],
                [
                    2494.4849241363295,
                    1746.2390226035827
                ],
                [
                    2630.8813894166074,
                    1748.812540816418
                ],
                [
                    2695.2193447374925,
                    1748.812540816418
                ],
                [
                    2821.321737166428,
                    1743.6655043907472
                ],
                [
                    3053.676090758436,
                    1724.7945747448332
                ],
                [
                    3160.68964860734,
                    1702.0257326493218
                ],
                [
                    3226.7192906843243,
                    1654.2111642487473
                ],
                [
                    3258.5956696180406,
                    1601.8428274290704
                ],
                [
                    3283.641395923103,
                    1569.9664484953541
                ],
                [
                    3295.0258169708586,
                    1519.8749958852288
                ],
                [
                    3285.918280132654,
                    1431.0765117127337
                ],
                [
                    3260.872553827591,
                    1358.2162170070967
                ],
                [
                    3144.7514591404824,
                    1132.3493034196213
                ],
                [
                    3066.3827163174496,
                    982.7754652643101
                ],
                [
                    3050.911806150245,
                    937.6519772766295
                ],
                [
                    3012.234530732233,
                    860.2974264406057
                ],
                [
                    2937.458464924077,
                    701.7205972267568
                ],
                [
                    2875.3169757524706,
                    581.8210434309199
                ],
                [
                    2865.415593245459,
                    557.0675871633922
                ],
                [
                    2847.263058649273,
                    534.7894765226174
                ],
                [
                    2814.221801975451,
                    459.4427544350518
                ],
                [
                    2801.1692387404037,
                    436.24598433679347
                ],
                [
                    2787.153063454447,
                    417.74463295933066
                ],
                [
                    2768.651712076984,
                    404.28910468481223
                ],
                [
                    2736.134185413565,
                    391.95487043317036
                ],
                [
                    2708.6624818530895,
                    371.21093100995444
                ],
                [
                    2674.4630141553553,
                    346.5424625066707
                ],
                [
                    2635.778370366115,
                    321.8739940033868
                ],
                [
                    2606.624725771325,
                    309.539759751745
                ],
                [
                    2586.4414333595473,
                    303.372642625924
                ],
                [
                    2574.107199107905,
                    301.13005458017096
                ],
                [
                    2565.136846924893,
                    291.03840837428214
                ],
                [
                    2546.6354955474303,
                    287.1138792942143
                ],
                [
                    2539.3470843987325,
                    288.2351733170908
                ],
                [
                    2532.6193202614736,
                    293.28099642003514
                ],
                [
                    2520.8457330212696,
                    297.7661725115413
                ],
                [
                    2486.0856183120973,
                    296.08423147722647
                ],
                [
                    2439.4122242975022,
                    297.124640193283
                ],
                [
                    2392.270046854104,
                    297.124640193283
                ],
                [
                    2357.5086432847297,
                    296.6484565827436
                ],
                [
                    2316.556852778344,
                    293.79135491950734
                ],
                [
                    2303.223711683241,
                    289.505702424653
                ],
                [
                    2293.223855861914,
                    289.98188603519236
                ],
                [
                    2276.5574294930366,
                    291.8866204773498
                ],
                [
                    2238.938924260426,
                    294.26753853004675
                ],
                [
                    2219.1963450627986,
                    294.74817160024287
                ],
                [
                    2203.4229935127387,
                    294.74817160024287
                ],
                [
                    2180.369633554959,
                    294.74817160024287
                ],
                [
                    2159.136275699109,
                    289.28816529445294
                ],
                [
                    2105.142880008519,
                    285.64816109059296
                ],
                [
                    2009.28943597354,
                    285.64816109059296
                ],
                [
                    1940.4996045150017,
                    282.8453089319639
                ],
                [
                    1672.950086536996,
                    274.1962380542672
                ],
                [
                    1514.438712378441,
                    266.0781332715553
                ],
                [
                    1429.3317582914508,
                    266.0781332715553
                ],
                [
                    1397.2159265605105,
                    264.4723416850083
                ],
                [
                    1386.7782812479554,
                    261.26075851191433
                ],
                [
                    1315.3205556466141,
                    258.04917533882036
                ],
                [
                    1265.5410164636576,
                    256.4433837522734
                ],
                [
                    1243.059934252,
                    254.83759216572636
                ],
                [
                    1033.6735290890326,
                    248.85242410195173
                ],
                [
                    986.6198912652159,
                    246.8066137617858
                ],
                [
                    913.6526557992975,
                    246.1246769817305
                ],
                [
                    906.8332879987443,
                    248.85242410195173
                ],
                [
                    846.1409145738213,
                    252.9440447822836
                ],
                [
                    794.9956560696727,
                    264.53697004322396
                ],
                [
                    768.4001216475153,
                    272.03827462383236
                ],
                [
                    750.6697653660773,
                    278.8576424243856
                ],
                [
                    713.163242463035,
                    291.8144412454365
                ],
                [
                    688.6135183810437,
                    305.4531768465428
                ]
            ]
        }
    ]
}