{
    "IMAGE_INFO": {
        "FILE_NAME": "111941@4_05001_220808_P1_T1.jpg",
        "DATE": "2022-08-08 13:54:11",
        "RESOLUTION": "4032 x 2268",
        "IMAGE_PHOTOGRAPHER": "김담영",
        "FOCUS_DISTANCE": "4.32",
        "EXPOSURE_TIME": "0.01667",
        "SENSITIVITY_ISO": null,
        "PLACE": "주택가분리수거장",
        "REGION_NAME": null,
        "Direction": "4",
        "HEIGHT": null,
        "DAY/NIGHT": "주간",
        "WEATHER": "비",
        "IMAGE_HEIGHT": 2268,
        "IMAGE_WIDTH": 4032,
        "IMAGE_SIZE": "3.2 MB"
    },
    "ANNOTATION_INFO": [
        {
            "ID": "1",
            "CLASS": "스티로폼",
            "DETAILS": "스티로폼",
            "DAMAGE": "원형",
            "DIRTINESS": "오염없음",
            "COVER": "없음",
            "TRANSPARENCY": "불투명",
            "SHAPE": "식품용기형",
            "SHAPE_TYPE": "POLYGON",
            "POINTS": [
                [
                    1553.5659770347002,
                    202.45055167192427
                ],
                [
                    1541.8439227760252,
                    204.7949625236593
                ],
                [
                    1490.2668840378547,
                    211.82819507886433
                ],
                [
                    1443.3786670031543,
                    224.72245476340692
                ],
                [
                    1384.768395709779,
                    249.3387687066246
                ],
                [
                    1347.2578220820187,
                    270.4384663722397
                ],
                [
                    1313.263864731861,
                    297.39919116719244
                ],
                [
                    1288.6475507886435,
                    341.9429973501578
                ],
                [
                    1278.0977019558356,
                    402.8976794952682
                ],
                [
                    1268.7200585488956,
                    426.34178801261834
                ],
                [
                    1262.8590314195583,
                    463.8523616403786
                ],
                [
                    1247.6203608832807,
                    527.1514546372241
                ],
                [
                    1217.8254271703906,
                    650.9225437177379
                ],
                [
                    1107.0413609959683,
                    1121.7808222919987
                ],
                [
                    1057.493502871996,
                    1306.0988545131754
                ],
                [
                    1029.7467023225715,
                    1413.1222280609556
                ],
                [
                    996.1252413446844,
                    1541.092806097211
                ],
                [
                    991.916911059388,
                    1606.3219255193053
                ],
                [
                    1027.6877184844072,
                    1698.9051917958257
                ],
                [
                    1084.5001773359086,
                    1762.030146075272
                ],
                [
                    1153.9376270432992,
                    1814.6342746414766
                ],
                [
                    1244.4167281771715,
                    1854.6134123517922
                ],
                [
                    1345.416655024285,
                    1865.1342380650335
                ],
                [
                    1425.3749304449166,
                    1865.1342380650335
                ],
                [
                    1496.916545294955,
                    1860.9259077797371
                ],
                [
                    1517.9581967214372,
                    1863.0300729223852
                ],
                [
                    1555.8331692891047,
                    1863.0300729223852
                ],
                [
                    1606.3331327126616,
                    1860.9259077797371
                ],
                [
                    1669.4580869921074,
                    1858.8217426370888
                ],
                [
                    1772.5621789818688,
                    1854.6134123517922
                ],
                [
                    1919.8537389672429,
                    1852.5092472091442
                ],
                [
                    2174.3240156391826,
                    1845.7158186788677
                ],
                [
                    2267.256617769351,
                    1841.4266216574754
                ],
                [
                    2370.197346282768,
                    1844.2860863384035
                ],
                [
                    2526.8852863919237,
                    1845.3770451482646
                ],
                [
                    2559.894591184353,
                    1848.9780602165295
                ],
                [
                    2570.3598739477447,
                    1854.2942127216525
                ],
                [
                    2593.504065154826,
                    1848.3778910384851
                ],
                [
                    2628.9788999067746,
                    1847.1455510193316
                ],
                [
                    2739.0682901225123,
                    1847.1455510193316
                ],
                [
                    2811.984639486182,
                    1845.7158186788677
                ],
                [
                    2834.860356933608,
                    1842.8563539979393
                ],
                [
                    2886.3307211903166,
                    1835.7076922956187
                ],
                [
                    2949.238944170738,
                    1807.1130454863364
                ],
                [
                    3009.2877024702316,
                    1764.2210752724127
                ],
                [
                    3040.741813960442,
                    1727.0480344203454
                ],
                [
                    3080.774319493438,
                    1659.8506144185314
                ],
                [
                    3092.2121782171507,
                    1605.5207854808948
                ],
                [
                    3095.0716428980786,
                    1545.4720271814017
                ],
                [
                    3083.921849848923,
                    1480.0517502958396
                ],
                [
                    3030.490967064789,
                    1323.4021166787197
                ],
                [
                    2864.7931464682965,
                    790.0387209127746
                ],
                [
                    2762.6851393647453,
                    424.92524096674146
                ],
                [
                    2730.0757507161284,
                    318.3221203323026
                ],
                [
                    2717.9657752690623,
                    295.11133405875825
                ],
                [
                    2668.5167088602075,
                    250.70809075284743
                ],
                [
                    2607.966831624874,
                    224.4698106175365
                ],
                [
                    2535.3069789424744,
                    200.2498597234033
                ],
                [
                    2497.9678879806856,
                    195.2040366204589
                ],
                [
                    2483.8395832924416,
                    191.16737813810337
                ],
                [
                    2480.812089430675,
                    187.13071965574784
                ],
                [
                    2454.573809295364,
                    186.121555035159
                ],
                [
                    2432.372187642409,
                    188.13988427633672
                ],
                [
                    2355.765580935373,
                    190.79250496749074
                ],
                [
                    2345.0514496982373,
                    190.07822955168166
                ],
                [
                    2327.9088397188193,
                    191.5067803832998
                ],
                [
                    2262.195501464386,
                    192.22105579910885
                ],
                [
                    2123.8785014435784,
                    196.63626071178115
                ],
                [
                    2012.656150770079,
                    197.90015106034363
                ],
                [
                    1806.860852918231,
                    200.67113418945536
                ],
                [
                    1682.8738066849403,
                    200.67113418945536
                ],
                [
                    1674.8226997866748,
                    198.25580211997564
                ],
                [
                    1661.9409287494498,
                    199.8660234996288
                ],
                [
                    1647.4489363325715,
                    200.67113418945536
                ],
                [
                    1588.6758559752325,
                    204.6966876385882
                ]
            ]
        }
    ]
}