{
    "IMAGE_INFO": {
        "FILE_NAME": "114464@2_05001_220809_P1_T1.jpg",
        "DATE": "2022-08-09 11:07:24",
        "RESOLUTION": "4032 x 2268",
        "IMAGE_PHOTOGRAPHER": "김영범",
        "FOCUS_DISTANCE": "4.32",
        "EXPOSURE_TIME": "0.01667",
        "SENSITIVITY_ISO": null,
        "PLACE": "주택가분리수거장",
        "REGION_NAME": null,
        "Direction": "2",
        "HEIGHT": null,
        "DAY/NIGHT": "주간",
        "WEATHER": "비",
        "IMAGE_HEIGHT": 2268,
        "IMAGE_WIDTH": 4032,
        "IMAGE_SIZE": "2.8 MB"
    },
    "ANNOTATION_INFO": [
        {
            "ID": "1",
            "CLASS": "스티로폼",
            "DETAILS": "스티로폼",
            "DAMAGE": "원형",
            "DIRTINESS": "오염없음",
            "COVER": "없음",
            "TRANSPARENCY": "불투명",
            "SHAPE": "식품용기형",
            "SHAPE_TYPE": "BOX",
            "POINTS": [
                [
                    600.9721518987342,
                    498.69682084095615,
                    3031.6556962025315,
                    1217.255696202532
                ]
            ]
        }
    ]
}