{
    "IMAGE_INFO": {
        "FILE_NAME": "114468@4_05001_220809_P1_T1.jpg",
        "DATE": "2022-08-09 11:07:31",
        "RESOLUTION": "4032 x 2268",
        "IMAGE_PHOTOGRAPHER": "김영범",
        "FOCUS_DISTANCE": "4.32",
        "EXPOSURE_TIME": "0.02500",
        "SENSITIVITY_ISO": null,
        "PLACE": "주택가분리수거장",
        "REGION_NAME": null,
        "Direction": "4",
        "HEIGHT": null,
        "DAY/NIGHT": "주간",
        "WEATHER": "비",
        "IMAGE_HEIGHT": 2268,
        "IMAGE_WIDTH": 4032,
        "IMAGE_SIZE": "2.7 MB"
    },
    "ANNOTATION_INFO": [
        {
            "ID": "1",
            "CLASS": "스티로폼",
            "DETAILS": "스티로폼",
            "DAMAGE": "원형",
            "DIRTINESS": "오염없음",
            "COVER": "없음",
            "TRANSPARENCY": "불투명",
            "SHAPE": "식품용기형",
            "SHAPE_TYPE": "BOX",
            "POINTS": [
                [
                    1067.9696202531647,
                    189.5980866637412,
                    1814.706227848101,
                    1798.1316455696203
                ]
            ]
        }
    ]
}