{
    "IMAGE_INFO": {
        "FILE_NAME": "115130@2_05001_220809_P1_T1.jpg",
        "DATE": "2022-08-09 11:06:31",
        "RESOLUTION": "4032 x 2268",
        "IMAGE_PHOTOGRAPHER": "김미순",
        "FOCUS_DISTANCE": "4.32",
        "EXPOSURE_TIME": "0.00833",
        "SENSITIVITY_ISO": null,
        "PLACE": "주택가분리수거장",
        "REGION_NAME": null,
        "Direction": "2",
        "HEIGHT": null,
        "DAY/NIGHT": "주간",
        "WEATHER": "비",
        "IMAGE_HEIGHT": 2268,
        "IMAGE_WIDTH": 4032,
        "IMAGE_SIZE": "3.2 MB"
    },
    "ANNOTATION_INFO": [
        {
            "ID": "1",
            "CLASS": "스티로폼",
            "DETAILS": "스티로폼",
            "DAMAGE": "원형",
            "DIRTINESS": "오염없음",
            "COVER": "없음",
            "TRANSPARENCY": "불투명",
            "SHAPE": "식품용기형",
            "SHAPE_TYPE": "POLYGON",
            "POINTS": [
                [
                    1407.2548215520503,
                    591.6341545892743
                ],
                [
                    1173.9390535873813,
                    593.1345775343847
                ],
                [
                    1115.4225587280755,
                    606.6383840403784
                ],
                [
                    1056.1558523962142,
                    636.6468429425865
                ],
                [
                    1044.1524688353309,
                    643.3987461955834
                ],
                [
                    1030.6486623293374,
                    649.4004379760252
                ],
                [
                    1017.1448558233434,
                    660.6536100643532
                ],
                [
                    958.6283609640375,
                    796.4418865968454
                ],
                [
                    882.8570022359617,
                    981.7441203179812
                ],
                [
                    783.0788763861192,
                    1227.8134833160884
                ],
                [
                    702.8062488227122,
                    1421.3680432353317
                ],
                [
                    687.802019371608,
                    1473.882846314196
                ],
                [
                    682.5505390637218,
                    1525.797480215016
                ],
                [
                    688.5522308441633,
                    1564.2083076098427
                ],
                [
                    707.7576445415766,
                    1595.4171048681392
                ],
                [
                    747.3688102924914,
                    1626.0257329483918
                ],
                [
                    784.5792993312297,
                    1643.4306391116722
                ],
                [
                    825.990972616277,
                    1649.432330892114
                ],
                [
                    871.0036609695892,
                    1657.2345302066883
                ],
                [
                    980.8346205516714,
                    1659.6352069188647
                ],
                [
                    1089.4652417776651,
                    1662.6360528090856
                ],
                [
                    1294.1229314907253,
                    1664.4365603432186
                ],
                [
                    1434.5625191530598,
                    1663.2362219871302
                ],
                [
                    1689.0342506437855,
                    1660.8355452749543
                ],
                [
                    1944.7063204905994,
                    1657.234530206689
                ],
                [
                    2214.7824506104726,
                    1669.2379137675725
                ],
                [
                    2428.4426779941955,
                    1672.838928835838
                ],
                [
                    2664.909334143596,
                    1674.0392671919267
                ],
                [
                    2936.1858026195578,
                    1674.639436369971
                ],
                [
                    3053.2187923381703,
                    1672.2387596577944
                ],
                [
                    3134.841800552176,
                    1667.4374062334412
                ],
                [
                    3205.6617635613875,
                    1662.636052809088
                ],
                [
                    3287.2847717753943,
                    1632.0274247288355
                ],
                [
                    3318.4935690336906,
                    1605.0198117168482
                ],
                [
                    3346.701520401766,
                    1564.2083076098447
                ],
                [
                    3355.7040580724292,
                    1499.9902055591194
                ],
                [
                    3325.695599170221,
                    1424.3688891255545
                ],
                [
                    3244.072590956215,
                    1252.1203350268793
                ],
                [
                    3142.043830688707,
                    1029.457569972494
                ],
                [
                    3047.8172697357722,
                    825.4000494374783
                ],
                [
                    2981.19849097287,
                    683.7601234190555
                ],
                [
                    2946.9888478243524,
                    651.9511569827148
                ],
                [
                    2921.781742346498,
                    636.9469275316106
                ],
                [
                    2875.5687156370973,
                    618.9418521902859
                ],
                [
                    2848.56110262511,
                    604.5377919172258
                ],
                [
                    2803.5484142717974,
                    597.3357617806959
                ],
                [
                    2675.71237934839,
                    598.5361001367843
                ],
                [
                    2514.867039632554,
                    596.1354234246074
                ],
                [
                    2351.621023204542,
                    600.9367768489611
                ],
                [
                    2179.372469105867,
                    598.5361001367845
                ],
                [
                    2005.3234074730592,
                    595.5352542465636
                ],
                [
                    1844.4780677572226,
                    593.7347467124312
                ],
                [
                    1607.4112424297775,
                    591.9342391782986
                ]
            ]
        }
    ]
}