{
    "IMAGE_INFO": {
        "FILE_NAME": "118928@5_05001_220810_P1_T1.jpg",
        "DATE": "2022-08-10 06:34:54",
        "RESOLUTION": "4032 x 2268",
        "IMAGE_PHOTOGRAPHER": "유은주",
        "FOCUS_DISTANCE": "4.2",
        "EXPOSURE_TIME": "0.01000",
        "SENSITIVITY_ISO": null,
        "PLACE": "주택가분리수거장",
        "REGION_NAME": null,
        "Direction": "5",
        "HEIGHT": null,
        "DAY/NIGHT": "주간",
        "WEATHER": "흐림",
        "IMAGE_HEIGHT": 2268,
        "IMAGE_WIDTH": 4032,
        "IMAGE_SIZE": "2.4 MB"
    },
    "ANNOTATION_INFO": [
        {
            "ID": "1",
            "CLASS": "스티로폼",
            "DETAILS": "스티로폼",
            "DAMAGE": "원형",
            "DIRTINESS": "오염없음",
            "COVER": "없음",
            "TRANSPARENCY": "불투명",
            "SHAPE": "식품용기형",
            "SHAPE_TYPE": "BOX",
            "POINTS": [
                [
                    449.43853211009167,
                    456.92915526223834,
                    3487.310091743119,
                    1040.3669724770639
                ]
            ]
        }
    ]
}