{
    "IMAGE_INFO": {
        "FILE_NAME": "1090333@0_07001_221026_P1_T3__6218.jpg",
        "DATE": "2022-11-02 18:53:58",
        "RESOLUTION": "1920 x 1080",
        "IMAGE_PHOTOGRAPHER": "조신주",
        "FOCUS_DISTANCE": "5.6",
        "EXPOSURE_TIME": "1/320",
        "SENSITIVITY_ISO": "8000",
        "PLACE": "강북재활용센터",
        "REGION_NAME": null,
        "Direction": "0",
        "HEIGHT": "90",
        "DAY/NIGHT": "주간",
        "WEATHER": "맑음",
        "IMAGE_HEIGHT": 1080,
        "IMAGE_WIDTH": 1920,
        "IMAGE_SIZE": "450.5 KB"
    },
    "ANNOTATION_INFO": [
        {
            "ID": "1",
            "CLASS": "유리병",
            "DETAILS": "갈색",
            "DAMAGE": "원형",
            "DIRTINESS": "이물질(외부)",
            "COVER": "없음",
            "TRANSPARENCY": "불투명",
            "SHAPE": "유리병형",
            "SHAPE_TYPE": "BOX",
            "POINTS": [
                [
                    1401.0240000000001,
                    327.99600000000004,
                    198.91200000000003,
                    439.992
                ]
            ]
        }
    ]
}