{
    "IMAGE_INFO": {
        "FILE_NAME": "1091583@0_07001_220919_P1_T3__0529.jpg",
        "DATE": "2022-10-31 14:57:41",
        "RESOLUTION": "1920 x 1080",
        "IMAGE_PHOTOGRAPHER": "권혁준",
        "FOCUS_DISTANCE": "4.5",
        "EXPOSURE_TIME": "1/320",
        "SENSITIVITY_ISO": "10000",
        "PLACE": "성남시재활용센터",
        "REGION_NAME": null,
        "Direction": "0",
        "HEIGHT": "95",
        "DAY/NIGHT": "주간",
        "WEATHER": "맑음",
        "IMAGE_HEIGHT": 1080,
        "IMAGE_WIDTH": 1920,
        "IMAGE_SIZE": "559.0 KB"
    },
    "ANNOTATION_INFO": [
        {
            "ID": "1",
            "CLASS": "유리병",
            "DETAILS": "갈색",
            "DAMAGE": "원형",
            "DIRTINESS": "이물질(외부)",
            "COVER": "없음",
            "TRANSPARENCY": "불투명",
            "SHAPE": "유리병형",
            "SHAPE_TYPE": "POLYGON",
            "POINTS": [
                [
                    1023.936,
                    523.044
                ],
                [
                    1012.992,
                    517.9680000000001
                ],
                [
                    1004.928,
                    512.028
                ],
                [
                    993.9840000000002,
                    512.028
                ],
                [
                    989.9519999999999,
                    510.94800000000004
                ],
                [
                    982.0799999999999,
                    506.952
                ],
                [
                    975.9359999999999,
                    501.984
                ],
                [
                    969.9839999999999,
                    489.996
                ],
                [
                    971.904,
                    477.036
                ],
                [
                    970.9440000000001,
                    466.992
                ],
                [
                    975.9359999999999,
                    459.972
                ],
                [
                    985.92,
                    451.97999999999996
                ],
                [
                    989.9519999999999,
                    431.028
                ],
                [
                    998.0160000000001,
                    427.032
                ],
                [
                    1002.048,
                    420.984
                ],
                [
                    1008,
                    393.98400000000004
                ],
                [
                    1012.032,
                    388.044
                ],
                [
                    1017.984,
                    370.00800000000004
                ],
                [
                    1027.008,
                    359.964
                ],
                [
                    1028.928,
                    354.996
                ],
                [
                    1056.96,
                    317.952
                ],
                [
                    1078.08,
                    281.988
                ],
                [
                    1085.952,
                    274.968
                ],
                [
                    1093.056,
                    255.95999999999998
                ],
                [
                    1100.928,
                    243
                ],
                [
                    1109.952,
                    235.98
                ],
                [
                    1116.096,
                    228.95999999999998
                ],
                [
                    1127.04,
                    209.952
                ],
                [
                    1132.032,
                    208.00799999999998
                ],
                [
                    1134.9119999999998,
                    208.98000000000002
                ],
                [
                    1138.944,
                    212.004
                ],
                [
                    1145.0880000000002,
                    212.976
                ],
                [
                    1158.912,
                    222.048
                ],
                [
                    1171.008,
                    220.96800000000002
                ],
                [
                    1175.04,
                    223.992
                ],
                [
                    1176.96,
                    231.98399999999998
                ],
                [
                    1180.992,
                    235.98
                ],
                [
                    1185.9840000000002,
                    236.95200000000003
                ],
                [
                    1195.0079999999998,
                    242.028
                ],
                [
                    1208.0639999999999,
                    251.964
                ],
                [
                    1214.0159999999998,
                    266.976
                ],
                [
                    1209.0240000000001,
                    285.012
                ],
                [
                    1200.9599999999998,
                    293.976
                ],
                [
                    1189.056,
                    316.00800000000004
                ],
                [
                    1185.024,
                    335.988
                ],
                [
                    1180.0320000000002,
                    343.98
                ],
                [
                    1162.944,
                    355.968
                ],
                [
                    1142.016,
                    374.004
                ],
                [
                    1122.048,
                    398.952
                ],
                [
                    1108.992,
                    419.04
                ],
                [
                    1084.032,
                    443.988
                ],
                [
                    1081.92,
                    451.00800000000004
                ],
                [
                    1051.008,
                    477.036
                ],
                [
                    1052.9279999999999,
                    493.99199999999996
                ],
                [
                    1051.008,
                    497.988
                ],
                [
                    1041.0240000000001,
                    508.032
                ],
                [
                    1032.96,
                    521.964
                ],
                [
                    1023.936,
                    523.044
                ]
            ]
        },
        {
            "ID": "2",
            "CLASS": "유리병",
            "DETAILS": "갈색",
            "DAMAGE": "원형",
            "DIRTINESS": "이물질(외부)",
            "COVER": "겹침",
            "TRANSPARENCY": "불투명",
            "SHAPE": "유리병형",
            "SHAPE_TYPE": "POLYGON",
            "POINTS": [
                [
                    1199.0400000000002,
                    609.012
                ],
                [
                    1189.056,
                    605.988
                ],
                [
                    1165.056,
                    590.004
                ],
                [
                    1142.976,
                    579.96
                ],
                [
                    1137.984,
                    574.992
                ],
                [
                    1132.032,
                    574.02
                ],
                [
                    1089.984,
                    540.972
                ],
                [
                    1079.0400000000002,
                    536.004
                ],
                [
                    1070.016,
                    527.04
                ],
                [
                    1065.9840000000002,
                    505.98
                ],
                [
                    1070.9759999999999,
                    489.996
                ],
                [
                    1076.9279999999999,
                    485.028
                ],
                [
                    1079.0400000000002,
                    474.98400000000004
                ],
                [
                    1084.032,
                    466.992
                ],
                [
                    1088.0639999999999,
                    443.988
                ],
                [
                    1116.096,
                    412.02
                ],
                [
                    1133.952,
                    381.024
                ],
                [
                    1153.92,
                    362.016
                ],
                [
                    1184.064,
                    339.012
                ],
                [
                    1188.096,
                    317.952
                ],
                [
                    1196.9279999999999,
                    301.968
                ],
                [
                    1214.976,
                    276.048
                ],
                [
                    1236.096,
                    254.988
                ],
                [
                    1249.92,
                    227.988
                ],
                [
                    1261.056,
                    218.052
                ],
                [
                    1271.04,
                    212.976
                ],
                [
                    1272,
                    208.00799999999998
                ],
                [
                    1277.952,
                    204.984
                ],
                [
                    1281.984,
                    200.016
                ],
                [
                    1289.088,
                    196.99200000000002
                ],
                [
                    1306.944,
                    193.96800000000002
                ],
                [
                    1316.9279999999999,
                    186.948
                ],
                [
                    1352.064,
                    170.964
                ],
                [
                    1357.056,
                    165.996
                ],
                [
                    1363.008,
                    165.024
                ],
                [
                    1381.056,
                    146.988
                ],
                [
                    1401.0240000000001,
                    119.988
                ],
                [
                    1430.9759999999999,
                    88.992
                ],
                [
                    1444.032,
                    65.988
                ],
                [
                    1465.9199999999998,
                    46.98
                ],
                [
                    1472.064,
                    38.988
                ],
                [
                    1477.056,
                    37.044
                ],
                [
                    1486.08,
                    38.988
                ],
                [
                    1505.0880000000002,
                    47.952000000000005
                ],
                [
                    1512,
                    54.972
                ],
                [
                    1521.0240000000001,
                    69.012
                ],
                [
                    1522.944,
                    95.03999999999999
                ],
                [
                    1512,
                    103.032
                ],
                [
                    1505.0880000000002,
                    115.99199999999999
                ],
                [
                    1494.9119999999998,
                    126.036
                ],
                [
                    1493.952,
                    131.00400000000002
                ],
                [
                    1481.088,
                    143.964
                ],
                [
                    1473.024,
                    158.00400000000002
                ],
                [
                    1469.952,
                    176.04000000000002
                ],
                [
                    1454.976,
                    199.04399999999998
                ],
                [
                    1441.92,
                    212.976
                ],
                [
                    1435.0079999999998,
                    257.03999999999996
                ],
                [
                    1429.056,
                    270
                ],
                [
                    1425.024,
                    270.97200000000004
                ],
                [
                    1421.952,
                    274.968
                ],
                [
                    1420.0320000000002,
                    308.988
                ],
                [
                    1406.976,
                    327.99600000000004
                ],
                [
                    1401.0240000000001,
                    343.008
                ],
                [
                    1369.92,
                    378
                ],
                [
                    1369.92,
                    385.02
                ],
                [
                    1353.9840000000002,
                    398.952
                ],
                [
                    1345.9199999999998,
                    408.996
                ],
                [
                    1340.928,
                    423.036
                ],
                [
                    1328.0639999999999,
                    435.024
                ],
                [
                    1324.032,
                    435.024
                ],
                [
                    1309.056,
                    451.00800000000004
                ],
                [
                    1305.9840000000002,
                    459.972
                ],
                [
                    1296,
                    470.01599999999996
                ],
                [
                    1282.944,
                    496.044
                ],
                [
                    1273.92,
                    505.98
                ],
                [
                    1258.944,
                    532.98
                ],
                [
                    1238.9759999999999,
                    554.04
                ],
                [
                    1223.04,
                    578.016
                ],
                [
                    1211.904,
                    604.044
                ],
                [
                    1208.0639999999999,
                    606.96
                ],
                [
                    1199.0400000000002,
                    609.012
                ]
            ]
        },
        {
            "ID": "3",
            "CLASS": "유리병",
            "DETAILS": "갈색",
            "DAMAGE": "원형",
            "DIRTINESS": "이물질(외부)",
            "COVER": "없음",
            "TRANSPARENCY": "불투명",
            "SHAPE": "유리병형",
            "SHAPE_TYPE": "POLYGON",
            "POINTS": [
                [
                    1335.936,
                    509.004
                ],
                [
                    1326.912,
                    497.988
                ],
                [
                    1320,
                    482.976
                ],
                [
                    1320,
                    461.052
                ],
                [
                    1329.984,
                    447.012
                ],
                [
                    1342.08,
                    435.996
                ],
                [
                    1343.04,
                    419.04
                ],
                [
                    1349.952,
                    401.976
                ],
                [
                    1353.9840000000002,
                    397.008
                ],
                [
                    1354.944,
                    389.988
                ],
                [
                    1368,
                    374.004
                ],
                [
                    1377.024,
                    366.984
                ],
                [
                    1382.976,
                    367.956
                ],
                [
                    1388.928,
                    365.04
                ],
                [
                    1411.008,
                    348.948
                ],
                [
                    1424.064,
                    343.008
                ],
                [
                    1430.016,
                    335.988
                ],
                [
                    1505.0880000000002,
                    284.04
                ],
                [
                    1507.008,
                    284.04
                ],
                [
                    1526.976,
                    270.97200000000004
                ],
                [
                    1553.088,
                    258.012
                ],
                [
                    1555.968,
                    258.012
                ],
                [
                    1564.032,
                    262.00800000000004
                ],
                [
                    1582.08,
                    276.048
                ],
                [
                    1594.944,
                    296.028
                ],
                [
                    1604.9279999999999,
                    304.99199999999996
                ],
                [
                    1606.08,
                    308.988
                ],
                [
                    1612.032,
                    316.00800000000004
                ],
                [
                    1613.952,
                    327.99600000000004
                ],
                [
                    1612.992,
                    340.95599999999996
                ],
                [
                    1617.024,
                    347.976
                ],
                [
                    1616.064,
                    358.02000000000004
                ],
                [
                    1582.08,
                    384.048
                ],
                [
                    1548.096,
                    402.948
                ],
                [
                    1541.952,
                    405.97200000000004
                ],
                [
                    1539.072,
                    405.97200000000004
                ],
                [
                    1535.04,
                    408.996
                ],
                [
                    1530.048,
                    409.968
                ],
                [
                    1508.928,
                    427.032
                ],
                [
                    1507.968,
                    429.94800000000004
                ],
                [
                    1497.984,
                    435.024
                ],
                [
                    1492.032,
                    443.016
                ],
                [
                    1478.016,
                    451.00800000000004
                ],
                [
                    1470.912,
                    452.952
                ],
                [
                    1440.9599999999998,
                    473.04
                ],
                [
                    1428.096,
                    478.008
                ],
                [
                    1409.088,
                    482.976
                ],
                [
                    1393.92,
                    483.948
                ],
                [
                    1388.928,
                    482.00399999999996
                ],
                [
                    1383.936,
                    485.028
                ],
                [
                    1377.024,
                    485.028
                ],
                [
                    1369.92,
                    489.996
                ],
                [
                    1368,
                    493.99199999999996
                ],
                [
                    1344.96,
                    508.032
                ],
                [
                    1335.936,
                    509.004
                ]
            ]
        },
        {
            "ID": "4",
            "CLASS": "유리병",
            "DETAILS": "갈색",
            "DAMAGE": "원형",
            "DIRTINESS": "이물질(외부)",
            "COVER": "겹침",
            "TRANSPARENCY": "불투명",
            "SHAPE": "유리병형",
            "SHAPE_TYPE": "POLYGON",
            "POINTS": [
                [
                    595.9680000000001,
                    492.048
                ],
                [
                    581.952,
                    485.028
                ],
                [
                    566.016,
                    479.952
                ],
                [
                    539.904,
                    466.992
                ],
                [
                    538.944,
                    463.96799999999996
                ],
                [
                    534.912,
                    462.024
                ],
                [
                    513.024,
                    451.97999999999996
                ],
                [
                    508.992,
                    451.97999999999996
                ],
                [
                    504,
                    448.956
                ],
                [
                    497.088,
                    447.984
                ],
                [
                    484.032,
                    439.99199999999996
                ],
                [
                    479.04,
                    439.02
                ],
                [
                    461.952,
                    431.028
                ],
                [
                    442.94399999999996,
                    415.044
                ],
                [
                    438.912,
                    413.964
                ],
                [
                    421.056,
                    402.948
                ],
                [
                    420.096,
                    400.032
                ],
                [
                    417.024,
                    398.952
                ],
                [
                    413.952,
                    390.96
                ],
                [
                    407.03999999999996,
                    384.048
                ],
                [
                    397.05600000000004,
                    380.05199999999996
                ],
                [
                    393.024,
                    380.05199999999996
                ],
                [
                    387.072,
                    377.028
                ],
                [
                    384,
                    373.032
                ],
                [
                    374.016,
                    366.012
                ],
                [
                    370.944,
                    355.968
                ],
                [
                    370.944,
                    346.03200000000004
                ],
                [
                    374.016,
                    334.04400000000004
                ],
                [
                    377.08799999999997,
                    331.02
                ],
                [
                    384,
                    312.984
                ],
                [
                    390.91200000000003,
                    304.99199999999996
                ],
                [
                    403.968,
                    297
                ],
                [
                    409.92,
                    297
                ],
                [
                    417.024,
                    299.05199999999996
                ],
                [
                    427.008,
                    304.99199999999996
                ],
                [
                    440.06399999999996,
                    307.044
                ],
                [
                    446.016,
                    308.988
                ],
                [
                    450.048,
                    312.984
                ],
                [
                    459.072,
                    315.036
                ],
                [
                    473.088,
                    315.036
                ],
                [
                    484.032,
                    316.97999999999996
                ],
                [
                    489.984,
                    320.004
                ],
                [
                    497.088,
                    317.952
                ],
                [
                    505.92,
                    317.952
                ],
                [
                    523.0079999999999,
                    320.976
                ],
                [
                    545.088,
                    332.964
                ],
                [
                    565.056,
                    342.036
                ],
                [
                    608.064,
                    354.996
                ],
                [
                    615.9359999999999,
                    361.044
                ],
                [
                    629.952,
                    367.956
                ],
                [
                    638.976,
                    370.00800000000004
                ],
                [
                    652.032,
                    370.00800000000004
                ],
                [
                    657.984,
                    371.952
                ],
                [
                    667.968,
                    382.968
                ],
                [
                    676.032,
                    389.016
                ],
                [
                    691.968,
                    396.036
                ],
                [
                    699.072,
                    402.948
                ],
                [
                    702.9119999999999,
                    408.996
                ],
                [
                    702.9119999999999,
                    423.036
                ],
                [
                    699.072,
                    428.00399999999996
                ],
                [
                    696,
                    435.996
                ],
                [
                    697.92,
                    439.99199999999996
                ],
                [
                    691.008,
                    454.032
                ],
                [
                    685.056,
                    455.976
                ],
                [
                    657.984,
                    455.976
                ],
                [
                    643.0079999999999,
                    459.972
                ],
                [
                    625.9200000000001,
                    469.04400000000004
                ],
                [
                    619.9680000000001,
                    474.98400000000004
                ],
                [
                    618.048,
                    479.952
                ],
                [
                    608.064,
                    489.024
                ],
                [
                    601.92,
                    492.048
                ],
                [
                    595.9680000000001,
                    492.048
                ]
            ]
        }
    ]
}