{
    "IMAGE_INFO": {
        "FILE_NAME": "1091668@0_07001_220919_P1_T3__2291.jpg",
        "DATE": "2022-10-31 14:58:32",
        "RESOLUTION": "1920 x 1080",
        "IMAGE_PHOTOGRAPHER": "권혁준",
        "FOCUS_DISTANCE": "4.5",
        "EXPOSURE_TIME": "1/320",
        "SENSITIVITY_ISO": "10000",
        "PLACE": "성남시재활용센터",
        "REGION_NAME": null,
        "Direction": "0",
        "HEIGHT": "95",
        "DAY/NIGHT": "주간",
        "WEATHER": "맑음",
        "IMAGE_HEIGHT": 1080,
        "IMAGE_WIDTH": 1920,
        "IMAGE_SIZE": "711.0 KB"
    },
    "ANNOTATION_INFO": [
        {
            "ID": "1",
            "CLASS": "유리병",
            "DETAILS": "갈색",
            "DAMAGE": "원형",
            "DIRTINESS": "이물질(외부)",
            "COVER": "없음",
            "TRANSPARENCY": "불투명",
            "SHAPE": "유리병형",
            "SHAPE_TYPE": "POLYGON",
            "POINTS": [
                [
                    1368.96,
                    266.976
                ],
                [
                    1345.9199999999998,
                    254.988
                ],
                [
                    1320.9599999999998,
                    238.032
                ],
                [
                    1308.096,
                    227.016
                ],
                [
                    1289.088,
                    216
                ],
                [
                    1282.944,
                    216
                ],
                [
                    1276.992,
                    219.99599999999998
                ],
                [
                    1272.96,
                    220.96800000000002
                ],
                [
                    1270.08,
                    220.96800000000002
                ],
                [
                    1268.928,
                    219.024
                ],
                [
                    1268.928,
                    204.984
                ],
                [
                    1263.936,
                    189.972
                ],
                [
                    1262.976,
                    157.032
                ],
                [
                    1272.96,
                    150.012
                ],
                [
                    1290.048,
                    149.04000000000002
                ],
                [
                    1299.072,
                    150.012
                ],
                [
                    1305.9840000000002,
                    157.032
                ],
                [
                    1319.0400000000002,
                    151.956
                ],
                [
                    1334.976,
                    149.04000000000002
                ],
                [
                    1344.96,
                    145.044
                ],
                [
                    1348.032,
                    145.044
                ],
                [
                    1358.016,
                    146.988
                ],
                [
                    1385.0880000000002,
                    146.988
                ],
                [
                    1401.0240000000001,
                    145.044
                ],
                [
                    1422.912,
                    146.016
                ],
                [
                    1473.024,
                    145.044
                ],
                [
                    1483.008,
                    146.016
                ],
                [
                    1489.92,
                    149.04000000000002
                ],
                [
                    1507.008,
                    150.984
                ],
                [
                    1522.944,
                    157.032
                ],
                [
                    1542.912,
                    168.04799999999997
                ],
                [
                    1549.056,
                    164.05200000000002
                ],
                [
                    1559.0400000000002,
                    164.05200000000002
                ],
                [
                    1568.0639999999999,
                    159.948
                ],
                [
                    1574.0159999999998,
                    159.948
                ],
                [
                    1584.96,
                    164.05200000000002
                ],
                [
                    1588.032,
                    164.05200000000002
                ],
                [
                    1597.056,
                    169.02
                ],
                [
                    1598.9759999999999,
                    177.984
                ],
                [
                    1598.9759999999999,
                    230.04
                ],
                [
                    1597.056,
                    239.976
                ],
                [
                    1593.9840000000002,
                    243
                ],
                [
                    1590.912,
                    245.052
                ],
                [
                    1584.96,
                    246.024
                ],
                [
                    1549.056,
                    246.99599999999998
                ],
                [
                    1537.92,
                    250.02
                ],
                [
                    1521.984,
                    259.956
                ],
                [
                    1512.96,
                    262.98
                ],
                [
                    1499.904,
                    265.032
                ],
                [
                    1460.928,
                    266.00399999999996
                ],
                [
                    1438.08,
                    265.032
                ],
                [
                    1368.96,
                    266.976
                ]
            ]
        },
        {
            "ID": "2",
            "CLASS": "유리병",
            "DETAILS": "갈색",
            "DAMAGE": "원형",
            "DIRTINESS": "이물질(외부)",
            "COVER": "없음",
            "TRANSPARENCY": "불투명",
            "SHAPE": "유리병형",
            "SHAPE_TYPE": "POLYGON",
            "POINTS": [
                [
                    860.928,
                    273.996
                ],
                [
                    858.048,
                    272.052
                ],
                [
                    854.016,
                    266.976
                ],
                [
                    850.944,
                    253.044
                ],
                [
                    849.024,
                    218.052
                ],
                [
                    850.944,
                    213.948
                ],
                [
                    862.08,
                    205.95600000000002
                ],
                [
                    873.984,
                    203.04
                ],
                [
                    884.928,
                    203.04
                ],
                [
                    905.088,
                    196.01999999999998
                ],
                [
                    918.912,
                    196.99200000000002
                ],
                [
                    940.0319999999999,
                    192.024
                ],
                [
                    965.952,
                    181.98000000000002
                ],
                [
                    975.9359999999999,
                    176.04000000000002
                ],
                [
                    997.0559999999999,
                    166.968
                ],
                [
                    1004.928,
                    161.02800000000002
                ],
                [
                    1028.928,
                    157.032
                ],
                [
                    1041.984,
                    151.956
                ],
                [
                    1066.944,
                    151.956
                ],
                [
                    1075.0079999999998,
                    149.04000000000002
                ],
                [
                    1107.0720000000001,
                    146.016
                ],
                [
                    1132.032,
                    139.968
                ],
                [
                    1151.04,
                    137.05200000000002
                ],
                [
                    1166.976,
                    135.972
                ],
                [
                    1180.0320000000002,
                    131.976
                ],
                [
                    1195.968,
                    131.976
                ],
                [
                    1198.08,
                    131.00400000000002
                ],
                [
                    1213.056,
                    131.00400000000002
                ],
                [
                    1227.0720000000001,
                    138.024
                ],
                [
                    1230.912,
                    142.992
                ],
                [
                    1233.9840000000002,
                    143.964
                ],
                [
                    1234.944,
                    147.96
                ],
                [
                    1244.9279999999999,
                    154.008
                ],
                [
                    1248,
                    166.968
                ],
                [
                    1257.984,
                    177.984
                ],
                [
                    1259.904,
                    181.98000000000002
                ],
                [
                    1257.984,
                    201.96
                ],
                [
                    1261.056,
                    211.03199999999998
                ],
                [
                    1261.056,
                    226.044
                ],
                [
                    1257.984,
                    230.04
                ],
                [
                    1252.992,
                    231.98399999999998
                ],
                [
                    1233.9840000000002,
                    249.048
                ],
                [
                    1220.928,
                    255.95999999999998
                ],
                [
                    1219.008,
                    258.98400000000004
                ],
                [
                    1205.952,
                    266.976
                ],
                [
                    1191.9360000000001,
                    269.02799999999996
                ],
                [
                    1124.9279999999999,
                    269.02799999999996
                ],
                [
                    1113.9840000000002,
                    270
                ],
                [
                    1085.952,
                    269.02799999999996
                ],
                [
                    1031.04,
                    270
                ],
                [
                    1009.9200000000001,
                    272.052
                ],
                [
                    916.032,
                    272.052
                ],
                [
                    892.032,
                    273.996
                ],
                [
                    860.928,
                    273.996
                ]
            ]
        },
        {
            "ID": "3",
            "CLASS": "유리병",
            "DETAILS": "갈색",
            "DAMAGE": "원형",
            "DIRTINESS": "이물질(외부)",
            "COVER": "없음",
            "TRANSPARENCY": "불투명",
            "SHAPE": "유리병형",
            "SHAPE_TYPE": "POLYGON",
            "POINTS": [
                [
                    782.016,
                    258.98400000000004
                ],
                [
                    773.952,
                    251.964
                ],
                [
                    766.08,
                    250.02
                ],
                [
                    749.952,
                    235.98
                ],
                [
                    738.048,
                    220.96800000000002
                ],
                [
                    738.048,
                    218.052
                ],
                [
                    726.912,
                    200.988
                ],
                [
                    723.072,
                    199.04399999999998
                ],
                [
                    723.072,
                    196.01999999999998
                ],
                [
                    716.928,
                    189.972
                ],
                [
                    711.936,
                    181.008
                ],
                [
                    711.936,
                    168.04799999999997
                ],
                [
                    715.9680000000001,
                    161.02800000000002
                ],
                [
                    716.928,
                    154.008
                ],
                [
                    724.0319999999999,
                    145.044
                ],
                [
                    753.984,
                    135
                ],
                [
                    762.048,
                    127.97999999999999
                ],
                [
                    781.056,
                    118.044
                ],
                [
                    787.968,
                    112.968
                ],
                [
                    811.008,
                    88.992
                ],
                [
                    834.048,
                    70.95599999999999
                ],
                [
                    838.08,
                    64.044
                ],
                [
                    841.92,
                    61.02
                ],
                [
                    851.904,
                    58.968
                ],
                [
                    883.0079999999999,
                    41.04
                ],
                [
                    893.952,
                    38.988
                ],
                [
                    902.976,
                    34.02
                ],
                [
                    908.928,
                    34.02
                ],
                [
                    915.072,
                    35.964000000000006
                ],
                [
                    924.096,
                    33.048
                ],
                [
                    945.024,
                    31.968
                ],
                [
                    953.088,
                    23.976000000000003
                ],
                [
                    961.92,
                    20.952
                ],
                [
                    978.0479999999999,
                    11.016
                ],
                [
                    984.96,
                    11.016
                ],
                [
                    994.944,
                    15.984
                ],
                [
                    1008,
                    30.023999999999997
                ],
                [
                    1012.032,
                    37.044
                ],
                [
                    1012.032,
                    49.032000000000004
                ],
                [
                    1004.928,
                    58.968
                ],
                [
                    990.912,
                    72.036
                ],
                [
                    987.072,
                    80.028
                ],
                [
                    982.0799999999999,
                    108.97200000000001
                ],
                [
                    975.9359999999999,
                    114.048
                ],
                [
                    974.9760000000001,
                    122.04
                ],
                [
                    964.0319999999999,
                    130.03199999999998
                ],
                [
                    961.92,
                    138.024
                ],
                [
                    956.928,
                    139.968
                ],
                [
                    949.056,
                    147.96
                ],
                [
                    945.024,
                    149.04000000000002
                ],
                [
                    937.92,
                    157.032
                ],
                [
                    910.0799999999999,
                    174.96
                ],
                [
                    902.976,
                    177.984
                ],
                [
                    873.024,
                    199.04399999999998
                ],
                [
                    867.072,
                    204.984
                ],
                [
                    851.904,
                    215.028
                ],
                [
                    844.0319999999999,
                    224.96400000000003
                ],
                [
                    830.976,
                    231.98399999999998
                ],
                [
                    798.912,
                    254.988
                ],
                [
                    787.968,
                    258.98400000000004
                ],
                [
                    782.016,
                    258.98400000000004
                ]
            ]
        },
        {
            "ID": "4",
            "CLASS": "유리병",
            "DETAILS": "갈색",
            "DAMAGE": "원형",
            "DIRTINESS": "이물질(외부)",
            "COVER": "없음",
            "TRANSPARENCY": "불투명",
            "SHAPE": "유리병형",
            "SHAPE_TYPE": "POLYGON",
            "POINTS": [
                [
                    1599.9360000000001,
                    180.03599999999997
                ],
                [
                    1598.016,
                    177.984
                ],
                [
                    1596.096,
                    173.01600000000002
                ],
                [
                    1589.952,
                    168.04799999999997
                ],
                [
                    1585.9199999999998,
                    166.968
                ],
                [
                    1575.936,
                    166.968
                ],
                [
                    1570.944,
                    169.02
                ],
                [
                    1569.984,
                    169.02
                ],
                [
                    1565.952,
                    165.996
                ],
                [
                    1561.92,
                    165.024
                ],
                [
                    1560.9599999999998,
                    162.972
                ],
                [
                    1560.9599999999998,
                    154.008
                ],
                [
                    1563.0720000000001,
                    142.02
                ],
                [
                    1563.0720000000001,
                    131.976
                ],
                [
                    1565.952,
                    123.984
                ],
                [
                    1566.912,
                    118.044
                ],
                [
                    1566.912,
                    111.996
                ],
                [
                    1569.0240000000001,
                    97.956
                ],
                [
                    1569.0240000000001,
                    81.972
                ],
                [
                    1570.944,
                    69.012
                ],
                [
                    1570.944,
                    57.024
                ],
                [
                    1571.904,
                    51.94799999999999
                ],
                [
                    1574.0159999999998,
                    50.976
                ],
                [
                    1574.0159999999998,
                    34.02
                ],
                [
                    1574.976,
                    29.052
                ],
                [
                    1575.936,
                    27.971999999999998
                ],
                [
                    1577.088,
                    26.028
                ],
                [
                    1579.008,
                    23.976000000000003
                ],
                [
                    1579.008,
                    16.956
                ],
                [
                    1582.08,
                    11.016
                ],
                [
                    1584.96,
                    7.992
                ],
                [
                    1585.9199999999998,
                    6.048
                ],
                [
                    1585.9199999999998,
                    3.996
                ],
                [
                    1587.0720000000001,
                    0.972
                ],
                [
                    1641.984,
                    0
                ],
                [
                    1646.0159999999998,
                    3.024
                ],
                [
                    1643.904,
                    6.048
                ],
                [
                    1646.0159999999998,
                    12.96
                ],
                [
                    1646.0159999999998,
                    35.964000000000006
                ],
                [
                    1643.904,
                    42.01199999999999
                ],
                [
                    1643.904,
                    49.032000000000004
                ],
                [
                    1641.984,
                    54
                ],
                [
                    1641.984,
                    65.01599999999999
                ],
                [
                    1640.0639999999999,
                    68.04
                ],
                [
                    1638.912,
                    76.03200000000001
                ],
                [
                    1638.912,
                    88.02000000000001
                ],
                [
                    1636.992,
                    89.964
                ],
                [
                    1636.032,
                    93.96
                ],
                [
                    1636.032,
                    99.036
                ],
                [
                    1633.92,
                    107.02799999999999
                ],
                [
                    1632.96,
                    112.968
                ],
                [
                    1632.96,
                    120.96000000000001
                ],
                [
                    1632,
                    131.976
                ],
                [
                    1632,
                    150.012
                ],
                [
                    1632.96,
                    161.02800000000002
                ],
                [
                    1631.04,
                    169.02
                ],
                [
                    1628.928,
                    173.01600000000002
                ],
                [
                    1626.048,
                    176.04000000000002
                ],
                [
                    1622.976,
                    177.984
                ],
                [
                    1622.016,
                    178.956
                ],
                [
                    1620.096,
                    180.03599999999997
                ],
                [
                    1599.9360000000001,
                    180.03599999999997
                ]
            ]
        },
        {
            "ID": "5",
            "CLASS": "유리병",
            "DETAILS": "갈색",
            "DAMAGE": "원형",
            "DIRTINESS": "이물질(외부)",
            "COVER": "없음",
            "TRANSPARENCY": "불투명",
            "SHAPE": "유리병형",
            "SHAPE_TYPE": "POLYGON",
            "POINTS": [
                [
                    1126.08,
                    138.996
                ],
                [
                    1117.056,
                    135.972
                ],
                [
                    1104.96,
                    130.03199999999998
                ],
                [
                    1095.936,
                    123.012
                ],
                [
                    1084.9920000000002,
                    118.044
                ],
                [
                    1078.08,
                    119.016
                ],
                [
                    1071.9360000000001,
                    123.984
                ],
                [
                    1064.064,
                    126.036
                ],
                [
                    1042.944,
                    124.956
                ],
                [
                    1033.92,
                    126.036
                ],
                [
                    1030.08,
                    127.97999999999999
                ],
                [
                    1025.0880000000002,
                    124.956
                ],
                [
                    1027.008,
                    88.992
                ],
                [
                    1025.0880000000002,
                    69.012
                ],
                [
                    1022.016,
                    65.988
                ],
                [
                    1022.016,
                    54.972
                ],
                [
                    1031.04,
                    47.952000000000005
                ],
                [
                    1033.92,
                    46.98
                ],
                [
                    1046.0159999999998,
                    47.952000000000005
                ],
                [
                    1054.0800000000002,
                    46.98
                ],
                [
                    1062.912,
                    43.956
                ],
                [
                    1066.944,
                    41.04
                ],
                [
                    1086.912,
                    34.992
                ],
                [
                    1089.984,
                    30.996
                ],
                [
                    1102.08,
                    27.971999999999998
                ],
                [
                    1104.96,
                    23.976000000000003
                ],
                [
                    1109.952,
                    22.032
                ],
                [
                    1113.024,
                    19.008000000000003
                ],
                [
                    1113.9840000000002,
                    15.011999999999999
                ],
                [
                    1117.056,
                    12.96
                ],
                [
                    1123.008,
                    11.988000000000001
                ],
                [
                    1128.96,
                    8.964
                ],
                [
                    1147.008,
                    4.968
                ],
                [
                    1150.08,
                    3.024
                ],
                [
                    1152,
                    3.024
                ],
                [
                    1152.96,
                    0
                ],
                [
                    1348.992,
                    0
                ],
                [
                    1348.992,
                    7.992
                ],
                [
                    1353.9840000000002,
                    15.011999999999999
                ],
                [
                    1354.944,
                    27
                ],
                [
                    1358.016,
                    33.048
                ],
                [
                    1359.9360000000001,
                    42.984
                ],
                [
                    1358.016,
                    51.94799999999999
                ],
                [
                    1361.088,
                    66.96
                ],
                [
                    1359.9360000000001,
                    103.032
                ],
                [
                    1357.056,
                    111.024
                ],
                [
                    1352.064,
                    114.048
                ],
                [
                    1350.912,
                    115.99199999999999
                ],
                [
                    1337.088,
                    120.96000000000001
                ],
                [
                    1321.92,
                    122.04
                ],
                [
                    1308.096,
                    124.956
                ],
                [
                    1272,
                    127.008
                ],
                [
                    1256.064,
                    128.952
                ],
                [
                    1224,
                    130.03199999999998
                ],
                [
                    1198.08,
                    134.028
                ],
                [
                    1176.96,
                    134.028
                ],
                [
                    1161.0240000000001,
                    137.05200000000002
                ],
                [
                    1142.976,
                    138.996
                ],
                [
                    1126.08,
                    138.996
                ]
            ]
        }
    ]
}