{
    "IMAGE_INFO": {
        "FILE_NAME": "1091343@0_07001_220919_P1_T3__2190.jpg",
        "DATE": "2022-10-31 14:58:30",
        "RESOLUTION": "1920 x 1080",
        "IMAGE_PHOTOGRAPHER": "권혁준",
        "FOCUS_DISTANCE": "4.5",
        "EXPOSURE_TIME": "1/320",
        "SENSITIVITY_ISO": "10000",
        "PLACE": "성남시재활용센터",
        "REGION_NAME": null,
        "Direction": "0",
        "HEIGHT": "95",
        "DAY/NIGHT": "주간",
        "WEATHER": "맑음",
        "IMAGE_HEIGHT": 1080,
        "IMAGE_WIDTH": 1920,
        "IMAGE_SIZE": "694.5 KB"
    },
    "ANNOTATION_INFO": [
        {
            "ID": "1",
            "CLASS": "유리병",
            "DETAILS": "갈색",
            "DAMAGE": "파손",
            "DIRTINESS": "이물질(외부)",
            "COVER": "없음",
            "TRANSPARENCY": "불투명",
            "SHAPE": "유리병형",
            "SHAPE_TYPE": "POLYGON",
            "POINTS": [
                [
                    1550.9759999999999,
                    265.032
                ],
                [
                    1545.9840000000002,
                    262.98
                ],
                [
                    1534.0800000000002,
                    262.00800000000004
                ],
                [
                    1507.968,
                    255.95999999999998
                ],
                [
                    1492.992,
                    255.95999999999998
                ],
                [
                    1470.912,
                    254.016
                ],
                [
                    1460.928,
                    250.992
                ],
                [
                    1435.0079999999998,
                    249.048
                ],
                [
                    1397.952,
                    243.97199999999998
                ],
                [
                    1385.0880000000002,
                    240.94799999999998
                ],
                [
                    1377.984,
                    240.94799999999998
                ],
                [
                    1372.032,
                    239.004
                ],
                [
                    1348.992,
                    238.032
                ],
                [
                    1343.04,
                    235.98
                ],
                [
                    1324.9920000000002,
                    235.98
                ],
                [
                    1299.072,
                    226.044
                ],
                [
                    1291.968,
                    216.972
                ],
                [
                    1292.9279999999999,
                    200.016
                ],
                [
                    1287.936,
                    189.972
                ],
                [
                    1299.072,
                    172.04399999999998
                ],
                [
                    1299.072,
                    131.976
                ],
                [
                    1301.952,
                    115.99199999999999
                ],
                [
                    1310.016,
                    111.024
                ],
                [
                    1319.0400000000002,
                    110.052
                ],
                [
                    1328.0639999999999,
                    104.00399999999999
                ],
                [
                    1342.08,
                    104.00399999999999
                ],
                [
                    1363.008,
                    108.97200000000001
                ],
                [
                    1385.0880000000002,
                    111.996
                ],
                [
                    1393.92,
                    115.02
                ],
                [
                    1406.0159999999998,
                    123.012
                ],
                [
                    1420.0320000000002,
                    127.97999999999999
                ],
                [
                    1426.944,
                    127.97999999999999
                ],
                [
                    1482.048,
                    138.996
                ],
                [
                    1502.976,
                    139.968
                ],
                [
                    1513.92,
                    146.016
                ],
                [
                    1526.0159999999998,
                    146.016
                ],
                [
                    1536.96,
                    150.012
                ],
                [
                    1558.08,
                    154.008
                ],
                [
                    1564.032,
                    158.00400000000002
                ],
                [
                    1574.976,
                    159.948
                ],
                [
                    1612.992,
                    176.04000000000002
                ],
                [
                    1617.984,
                    176.04000000000002
                ],
                [
                    1641.984,
                    185.00400000000002
                ],
                [
                    1660.992,
                    199.04399999999998
                ],
                [
                    1660.992,
                    207.036
                ],
                [
                    1657.92,
                    218.052
                ],
                [
                    1651.008,
                    223.992
                ],
                [
                    1650.048,
                    232.95600000000002
                ],
                [
                    1641.0240000000001,
                    240.94799999999998
                ],
                [
                    1637.952,
                    246.99599999999998
                ],
                [
                    1627.008,
                    254.016
                ],
                [
                    1609.92,
                    255.95999999999998
                ],
                [
                    1603.008,
                    259.956
                ],
                [
                    1593.024,
                    262.00800000000004
                ],
                [
                    1578.048,
                    261.036
                ],
                [
                    1563.0720000000001,
                    262.00800000000004
                ],
                [
                    1550.9759999999999,
                    265.032
                ]
            ]
        },
        {
            "ID": "2",
            "CLASS": "유리병",
            "DETAILS": "갈색",
            "DAMAGE": "원형",
            "DIRTINESS": "이물질(외부)",
            "COVER": "겹침",
            "TRANSPARENCY": "불투명",
            "SHAPE": "유리병형",
            "SHAPE_TYPE": "POLYGON",
            "POINTS": [
                [
                    920.0640000000001,
                    70.95599999999999
                ],
                [
                    963.0720000000001,
                    73.98
                ],
                [
                    1104.96,
                    84.99600000000001
                ],
                [
                    1292.9279999999999,
                    139.968
                ],
                [
                    1290.048,
                    191.052
                ],
                [
                    1278.912,
                    228.95999999999998
                ],
                [
                    1267.008,
                    240.94799999999998
                ],
                [
                    1172.9279999999999,
                    228.95999999999998
                ],
                [
                    1099.008,
                    211.03199999999998
                ],
                [
                    1056,
                    182.952
                ],
                [
                    942.9119999999999,
                    138.996
                ],
                [
                    905.088,
                    131.00400000000002
                ],
                [
                    910.0799999999999,
                    99.036
                ]
            ]
        },
        {
            "ID": "3",
            "CLASS": "유리병",
            "DETAILS": "갈색",
            "DAMAGE": "원형",
            "DIRTINESS": "이물질(외부)",
            "COVER": "겹침",
            "TRANSPARENCY": "불투명",
            "SHAPE": "유리병형",
            "SHAPE_TYPE": "POLYGON",
            "POINTS": [
                [
                    1056.96,
                    308.016
                ],
                [
                    1032,
                    303.048
                ],
                [
                    1017.0239999999999,
                    297.972
                ],
                [
                    1007.04,
                    297
                ],
                [
                    963.0720000000001,
                    285.984
                ],
                [
                    960,
                    284.04
                ],
                [
                    948.096,
                    281.988
                ],
                [
                    941.952,
                    278.964
                ],
                [
                    924.096,
                    277.02
                ],
                [
                    915.072,
                    273.996
                ],
                [
                    873.984,
                    267.948
                ],
                [
                    844.0319999999999,
                    266.00399999999996
                ],
                [
                    836.928,
                    262.98
                ],
                [
                    829.056,
                    262.00800000000004
                ],
                [
                    787.968,
                    261.036
                ],
                [
                    772.032,
                    255.95999999999998
                ],
                [
                    771.072,
                    250.02
                ],
                [
                    768.96,
                    250.02
                ],
                [
                    771.072,
                    239.004
                ],
                [
                    768.96,
                    207.036
                ],
                [
                    772.032,
                    176.04000000000002
                ],
                [
                    782.976,
                    146.016
                ],
                [
                    787.0079999999999,
                    142.02
                ],
                [
                    796.032,
                    138.996
                ],
                [
                    804.096,
                    134.028
                ],
                [
                    807.936,
                    124.956
                ],
                [
                    815.04,
                    123.012
                ],
                [
                    822.9119999999999,
                    123.984
                ],
                [
                    840,
                    126.036
                ],
                [
                    850.944,
                    130.03199999999998
                ],
                [
                    864.96,
                    130.03199999999998
                ],
                [
                    883.968,
                    131.976
                ],
                [
                    889.9200000000001,
                    134.028
                ],
                [
                    894.912,
                    134.028
                ],
                [
                    902.016,
                    137.05200000000002
                ],
                [
                    920.0640000000001,
                    138.024
                ],
                [
                    936.96,
                    142.02
                ],
                [
                    963.0720000000001,
                    150.984
                ],
                [
                    989.9519999999999,
                    155.952
                ],
                [
                    1008.9599999999999,
                    162
                ],
                [
                    1013.952,
                    162
                ],
                [
                    1041.984,
                    168.04799999999997
                ],
                [
                    1066.944,
                    177.984
                ],
                [
                    1075.0079999999998,
                    177.984
                ],
                [
                    1098.048,
                    196.01999999999998
                ],
                [
                    1103.04,
                    201.96
                ],
                [
                    1104,
                    208.00799999999998
                ],
                [
                    1117.056,
                    218.052
                ],
                [
                    1136.064,
                    216
                ],
                [
                    1150.08,
                    216.972
                ],
                [
                    1161.984,
                    226.044
                ],
                [
                    1163.904,
                    240.94799999999998
                ],
                [
                    1169.088,
                    253.044
                ],
                [
                    1166.976,
                    270
                ],
                [
                    1163.904,
                    274.968
                ],
                [
                    1161.0240000000001,
                    290.952
                ],
                [
                    1153.92,
                    297.972
                ],
                [
                    1153.92,
                    303.048
                ],
                [
                    1151.04,
                    304.99199999999996
                ],
                [
                    1128.96,
                    305.964
                ],
                [
                    1117.056,
                    301.968
                ],
                [
                    1113.9840000000002,
                    299.05199999999996
                ],
                [
                    1100.928,
                    296.028
                ],
                [
                    1091.904,
                    289.98
                ],
                [
                    1084.032,
                    293.976
                ],
                [
                    1080.9599999999998,
                    304.99199999999996
                ],
                [
                    1075.0079999999998,
                    308.016
                ],
                [
                    1056.96,
                    308.016
                ]
            ]
        }
    ]
}