{
    "IMAGE_INFO": {
        "FILE_NAME": "1091751@0_07001_220919_P1_T3__1854.jpg",
        "DATE": "2022-10-31 14:57:45",
        "RESOLUTION": "1920 x 1080",
        "IMAGE_PHOTOGRAPHER": "권혁준",
        "FOCUS_DISTANCE": "4.5",
        "EXPOSURE_TIME": "1/320",
        "SENSITIVITY_ISO": "10000",
        "PLACE": "성남시재활용센터",
        "REGION_NAME": null,
        "Direction": "0",
        "HEIGHT": "95",
        "DAY/NIGHT": "주간",
        "WEATHER": "맑음",
        "IMAGE_HEIGHT": 1080,
        "IMAGE_WIDTH": 1920,
        "IMAGE_SIZE": "655.1 KB"
    },
    "ANNOTATION_INFO": [
        {
            "ID": "1",
            "CLASS": "유리병",
            "DETAILS": "갈색",
            "DAMAGE": "원형",
            "DIRTINESS": "이물질(외부)",
            "COVER": "없음",
            "TRANSPARENCY": "불투명",
            "SHAPE": "유리병형",
            "SHAPE_TYPE": "POLYGON",
            "POINTS": [
                [
                    341.952,
                    586.98
                ],
                [
                    337.91999999999996,
                    586.0079999999999
                ],
                [
                    331.968,
                    582.9839999999999
                ],
                [
                    325.05600000000004,
                    571.968
                ],
                [
                    322.94399999999996,
                    559.0079999999999
                ],
                [
                    322.94399999999996,
                    547.992
                ],
                [
                    320.06399999999996,
                    542.052
                ],
                [
                    321.024,
                    497.016
                ],
                [
                    318.912,
                    439.99199999999996
                ],
                [
                    320.06399999999996,
                    378
                ],
                [
                    321.024,
                    370.98
                ],
                [
                    330.048,
                    343.008
                ],
                [
                    331.968,
                    332.964
                ],
                [
                    331.968,
                    321.948
                ],
                [
                    341.952,
                    281.01599999999996
                ],
                [
                    339.072,
                    269.02799999999996
                ],
                [
                    337.91999999999996,
                    235.00799999999998
                ],
                [
                    339.072,
                    231.012
                ],
                [
                    340.992,
                    226.044
                ],
                [
                    350.01599999999996,
                    220.96800000000002
                ],
                [
                    360,
                    219.024
                ],
                [
                    374.016,
                    218.052
                ],
                [
                    394.94399999999996,
                    218.052
                ],
                [
                    406.08,
                    219.024
                ],
                [
                    412.992,
                    220.96800000000002
                ],
                [
                    414.912,
                    222.048
                ],
                [
                    417.98400000000004,
                    227.016
                ],
                [
                    420.096,
                    251.964
                ],
                [
                    420.096,
                    281.988
                ],
                [
                    423.936,
                    309.96
                ],
                [
                    427.008,
                    316.00800000000004
                ],
                [
                    428.928,
                    326.052
                ],
                [
                    431.04,
                    344.952
                ],
                [
                    433.92,
                    354.024
                ],
                [
                    436.992,
                    357.048
                ],
                [
                    440.06399999999996,
                    363.96000000000004
                ],
                [
                    442.94399999999996,
                    381.99600000000004
                ],
                [
                    446.976,
                    392.03999999999996
                ],
                [
                    446.976,
                    436.968
                ],
                [
                    449.08799999999997,
                    452.952
                ],
                [
                    451.008,
                    523.044
                ],
                [
                    452.928,
                    532.0079999999999
                ],
                [
                    451.968,
                    555.0120000000001
                ],
                [
                    449.08799999999997,
                    570.996
                ],
                [
                    444.096,
                    575.9639999999999
                ],
                [
                    436.032,
                    581.0400000000001
                ],
                [
                    416.064,
                    581.0400000000001
                ],
                [
                    407.03999999999996,
                    582.9839999999999
                ],
                [
                    403.968,
                    582.9839999999999
                ],
                [
                    398.976,
                    581.0400000000001
                ],
                [
                    389.952,
                    582.0120000000001
                ],
                [
                    384,
                    579.96
                ],
                [
                    380.928,
                    579.96
                ],
                [
                    375.936,
                    582.0120000000001
                ],
                [
                    372.096,
                    582.0120000000001
                ],
                [
                    369.98400000000004,
                    582.9839999999999
                ],
                [
                    368.064,
                    586.98
                ],
                [
                    341.952,
                    586.98
                ]
            ]
        },
        {
            "ID": "2",
            "CLASS": "유리병",
            "DETAILS": "갈색",
            "DAMAGE": "원형",
            "DIRTINESS": "이물질(외부)",
            "COVER": "없음",
            "TRANSPARENCY": "불투명",
            "SHAPE": "유리병형",
            "SHAPE_TYPE": "POLYGON",
            "POINTS": [
                [
                    902.976,
                    1080
                ],
                [
                    902.976,
                    1072.008
                ],
                [
                    879.9359999999999,
                    1044.036
                ],
                [
                    860.928,
                    1002.996
                ],
                [
                    854.016,
                    995.976
                ],
                [
                    849.9839999999999,
                    975.024
                ],
                [
                    844.0319999999999,
                    957.96
                ],
                [
                    836.928,
                    948.9960000000001
                ],
                [
                    835.008,
                    933.984
                ],
                [
                    820.0319999999999,
                    895.968
                ],
                [
                    817.92,
                    879.9839999999999
                ],
                [
                    810.048,
                    860.976
                ],
                [
                    807.936,
                    848.988
                ],
                [
                    801.024,
                    839.052
                ],
                [
                    798.912,
                    828.0360000000001
                ],
                [
                    792.9599999999999,
                    816.048
                ],
                [
                    773.952,
                    786.996
                ],
                [
                    742.08,
                    748.98
                ],
                [
                    729.9839999999999,
                    728.028
                ],
                [
                    697.92,
                    685.044
                ],
                [
                    678.912,
                    670.0319999999999
                ],
                [
                    672,
                    651.996
                ],
                [
                    663.936,
                    640.008
                ],
                [
                    666.048,
                    624.024
                ],
                [
                    676.9920000000001,
                    612.036
                ],
                [
                    685.056,
                    605.988
                ],
                [
                    704.0640000000001,
                    608.04
                ],
                [
                    708.096,
                    605.0160000000001
                ],
                [
                    723.072,
                    605.0160000000001
                ],
                [
                    754.944,
                    629.964
                ],
                [
                    757.0559999999999,
                    635.04
                ],
                [
                    764.928,
                    640.98
                ],
                [
                    825.024,
                    712.044
                ],
                [
                    833.088,
                    731.0519999999999
                ],
                [
                    855.9359999999999,
                    749.952
                ],
                [
                    867.072,
                    763.02
                ],
                [
                    896.064,
                    783.972
                ],
                [
                    927.936,
                    803.952
                ],
                [
                    958.08,
                    818.9639999999999
                ],
                [
                    1033.92,
                    870.048
                ],
                [
                    1065.024,
                    898.02
                ],
                [
                    1070.016,
                    898.9920000000001
                ],
                [
                    1081.92,
                    910.98
                ],
                [
                    1109.952,
                    929.9879999999999
                ],
                [
                    1137.024,
                    955.044
                ],
                [
                    1147.968,
                    968.976
                ],
                [
                    1175.04,
                    1014.9839999999999
                ],
                [
                    1190.016,
                    1028.052
                ],
                [
                    1191.9360000000001,
                    1053
                ],
                [
                    1203.0720000000001,
                    1065.96
                ],
                [
                    1206.912,
                    1080
                ],
                [
                    902.976,
                    1080
                ]
            ]
        },
        {
            "ID": "3",
            "CLASS": "유리병",
            "DETAILS": "갈색",
            "DAMAGE": "원형",
            "DIRTINESS": "이물질(외부)",
            "COVER": "없음",
            "TRANSPARENCY": "불투명",
            "SHAPE": "유리병형",
            "SHAPE_TYPE": "POLYGON",
            "POINTS": [
                [
                    180.096,
                    1080
                ],
                [
                    185.088,
                    1064.988
                ],
                [
                    196.992,
                    1053
                ],
                [
                    205.056,
                    1037.988
                ],
                [
                    219.07199999999997,
                    1019.952
                ],
                [
                    220.03199999999998,
                    1014.9839999999999
                ],
                [
                    227.904,
                    1007.964
                ],
                [
                    230.01600000000002,
                    1001.0519999999999
                ],
                [
                    235.968,
                    995.976
                ],
                [
                    236.928,
                    991.0079999999999
                ],
                [
                    241.92000000000002,
                    987.9839999999999
                ],
                [
                    243.07199999999997,
                    983.016
                ],
                [
                    250.94400000000002,
                    975.996
                ],
                [
                    264.96000000000004,
                    957.96
                ],
                [
                    278.016,
                    945
                ],
                [
                    296.064,
                    932.04
                ],
                [
                    307.008,
                    926.9639999999999
                ],
                [
                    310.08,
                    926.9639999999999
                ],
                [
                    322.94399999999996,
                    922.9680000000001
                ],
                [
                    334.08,
                    914.976
                ],
                [
                    347.904,
                    902.0160000000001
                ],
                [
                    350.976,
                    894.996
                ],
                [
                    392.06399999999996,
                    871.02
                ],
                [
                    399.93600000000004,
                    863.028
                ],
                [
                    403.968,
                    856.98
                ],
                [
                    411.072,
                    851.0400000000001
                ],
                [
                    417.024,
                    843.048
                ],
                [
                    420.096,
                    834.948
                ],
                [
                    435.072,
                    818.9639999999999
                ],
                [
                    444.096,
                    806.976
                ],
                [
                    449.08799999999997,
                    806.976
                ],
                [
                    465.024,
                    814.9680000000001
                ],
                [
                    474.048,
                    822.96
                ],
                [
                    493.0559999999999,
                    836.028
                ],
                [
                    500.92800000000005,
                    845.9639999999999
                ],
                [
                    500.92800000000005,
                    849.96
                ],
                [
                    499.968,
                    852.9839999999999
                ],
                [
                    494.97599999999994,
                    856.98
                ],
                [
                    485.952,
                    878.04
                ],
                [
                    474.048,
                    886.032
                ],
                [
                    470.01599999999996,
                    890.028
                ],
                [
                    462.91200000000003,
                    902.9879999999999
                ],
                [
                    456,
                    922.9680000000001
                ],
                [
                    455.03999999999996,
                    933.984
                ],
                [
                    451.008,
                    949.9680000000001
                ],
                [
                    446.016,
                    956.9879999999999
                ],
                [
                    445.05600000000004,
                    964.9799999999999
                ],
                [
                    441.984,
                    968.004
                ],
                [
                    441.024,
                    978.048
                ],
                [
                    437.952,
                    988.9559999999999
                ],
                [
                    435.072,
                    994.032
                ],
                [
                    433.92,
                    1009.044
                ],
                [
                    430.08,
                    1023.9480000000001
                ],
                [
                    427.008,
                    1026.972
                ],
                [
                    427.008,
                    1029.996
                ],
                [
                    417.024,
                    1048.0320000000002
                ],
                [
                    416.064,
                    1056.0240000000001
                ],
                [
                    407.03999999999996,
                    1080
                ],
                [
                    180.096,
                    1080
                ]
            ]
        }
    ]
}