{
    "IMAGE_INFO": {
        "FILE_NAME": "1091502@0_07001_220919_P1_T3__1401.jpg",
        "DATE": "2022-10-31 14:57:44",
        "RESOLUTION": "1920 x 1080",
        "IMAGE_PHOTOGRAPHER": "권혁준",
        "FOCUS_DISTANCE": "4.5",
        "EXPOSURE_TIME": "1/320",
        "SENSITIVITY_ISO": "10000",
        "PLACE": "성남시재활용센터",
        "REGION_NAME": null,
        "Direction": "0",
        "HEIGHT": "95",
        "DAY/NIGHT": "주간",
        "WEATHER": "맑음",
        "IMAGE_HEIGHT": 1080,
        "IMAGE_WIDTH": 1920,
        "IMAGE_SIZE": "664.3 KB"
    },
    "ANNOTATION_INFO": [
        {
            "ID": "1",
            "CLASS": "유리병",
            "DETAILS": "갈색",
            "DAMAGE": "파손",
            "DIRTINESS": "오염없음",
            "COVER": "없음",
            "TRANSPARENCY": "불투명",
            "SHAPE": "유리병형",
            "SHAPE_TYPE": "POLYGON",
            "POINTS": [
                [
                    409.92,
                    92.01599999999999
                ],
                [
                    356.928,
                    89.964
                ],
                [
                    341.952,
                    89.964
                ],
                [
                    340.992,
                    91.044
                ],
                [
                    326.976,
                    91.044
                ],
                [
                    294.912,
                    89.964
                ],
                [
                    278.976,
                    88.992
                ],
                [
                    260.928,
                    88.992
                ],
                [
                    249.984,
                    88.02000000000001
                ],
                [
                    245.952,
                    87.048
                ],
                [
                    245.952,
                    84.02399999999999
                ],
                [
                    243.07199999999997,
                    83.05199999999999
                ],
                [
                    243.07199999999997,
                    41.04
                ],
                [
                    241.92000000000002,
                    29.052
                ],
                [
                    236.928,
                    19.008000000000003
                ],
                [
                    236.928,
                    11.988000000000001
                ],
                [
                    233.088,
                    4.968
                ],
                [
                    233.088,
                    0
                ],
                [
                    536.064,
                    0
                ],
                [
                    533.952,
                    0.972
                ],
                [
                    532.9920000000001,
                    3.024
                ],
                [
                    532.032,
                    7.02
                ],
                [
                    532.032,
                    11.988000000000001
                ],
                [
                    533.952,
                    18.035999999999998
                ],
                [
                    537.024,
                    20.952
                ],
                [
                    541.056,
                    22.032
                ],
                [
                    551.04,
                    27
                ],
                [
                    552,
                    29.052
                ],
                [
                    557.952,
                    29.052
                ],
                [
                    557.952,
                    26.028
                ],
                [
                    558.912,
                    23.976000000000003
                ],
                [
                    565.056,
                    23.976000000000003
                ],
                [
                    565.056,
                    27
                ],
                [
                    566.016,
                    27
                ],
                [
                    566.016,
                    42.984
                ],
                [
                    564.096,
                    47.952000000000005
                ],
                [
                    564.096,
                    57.024
                ],
                [
                    566.016,
                    62.964
                ],
                [
                    571.008,
                    66.96
                ],
                [
                    571.008,
                    73.98
                ],
                [
                    566.016,
                    76.03200000000001
                ],
                [
                    556.9920000000001,
                    81.972
                ],
                [
                    545.088,
                    81.972
                ],
                [
                    537.984,
                    81
                ],
                [
                    532.032,
                    81
                ],
                [
                    526.08,
                    83.05199999999999
                ],
                [
                    522.048,
                    85.968
                ],
                [
                    518.976,
                    89.964
                ],
                [
                    514.944,
                    91.044
                ],
                [
                    409.92,
                    92.01599999999999
                ]
            ]
        },
        {
            "ID": "2",
            "CLASS": "유리병",
            "DETAILS": "갈색",
            "DAMAGE": "원형",
            "DIRTINESS": "이물질(외부)",
            "COVER": "없음",
            "TRANSPARENCY": "불투명",
            "SHAPE": "유리병형",
            "SHAPE_TYPE": "POLYGON",
            "POINTS": [
                [
                    1628.928,
                    809.028
                ],
                [
                    1599.9360000000001,
                    807.948
                ],
                [
                    1588.992,
                    806.0039999999999
                ],
                [
                    1587.0720000000001,
                    803.952
                ],
                [
                    1585.9199999999998,
                    801.0360000000001
                ],
                [
                    1584.96,
                    793.044
                ],
                [
                    1584.96,
                    783
                ],
                [
                    1584,
                    772.956
                ],
                [
                    1582.08,
                    770.04
                ],
                [
                    1580.928,
                    768.9599999999999
                ],
                [
                    1580.928,
                    759.024
                ],
                [
                    1583.04,
                    756.972
                ],
                [
                    1583.04,
                    753.9480000000001
                ],
                [
                    1584,
                    752.976
                ],
                [
                    1584,
                    751.032
                ],
                [
                    1582.08,
                    748.98
                ],
                [
                    1582.08,
                    748.008
                ],
                [
                    1579.008,
                    744.012
                ],
                [
                    1578.048,
                    743.04
                ],
                [
                    1578.048,
                    740.988
                ],
                [
                    1574.976,
                    735.048
                ],
                [
                    1574.0159999999998,
                    714.96
                ],
                [
                    1574.0159999999998,
                    704.052
                ],
                [
                    1575.936,
                    691.956
                ],
                [
                    1575.936,
                    664.956
                ],
                [
                    1574.0159999999998,
                    654.048
                ],
                [
                    1574.0159999999998,
                    632.9879999999999
                ],
                [
                    1573.056,
                    613.98
                ],
                [
                    1573.056,
                    598.968
                ],
                [
                    1574.976,
                    594
                ],
                [
                    1574.976,
                    589.032
                ],
                [
                    1577.088,
                    585.036
                ],
                [
                    1578.048,
                    585.036
                ],
                [
                    1579.008,
                    583.9559999999999
                ],
                [
                    1580.928,
                    582.9839999999999
                ],
                [
                    1584,
                    582.0120000000001
                ],
                [
                    1588.032,
                    581.0400000000001
                ],
                [
                    1594.944,
                    581.0400000000001
                ],
                [
                    1604.9279999999999,
                    578.016
                ],
                [
                    1608.96,
                    577.044
                ],
                [
                    1616.064,
                    575.9639999999999
                ],
                [
                    1617.984,
                    575.9639999999999
                ],
                [
                    1618.944,
                    577.044
                ],
                [
                    1632.96,
                    579.96
                ],
                [
                    1640.0639999999999,
                    581.0400000000001
                ],
                [
                    1646.0159999999998,
                    582.9839999999999
                ],
                [
                    1647.936,
                    583.9559999999999
                ],
                [
                    1650.048,
                    586.0079999999999
                ],
                [
                    1651.968,
                    589.032
                ],
                [
                    1652.9279999999999,
                    590.004
                ],
                [
                    1652.9279999999999,
                    591.948
                ],
                [
                    1654.0800000000002,
                    594.972
                ],
                [
                    1656.96,
                    608.04
                ],
                [
                    1656.96,
                    702.972
                ],
                [
                    1657.92,
                    712.044
                ],
                [
                    1657.92,
                    740.0160000000001
                ],
                [
                    1656.96,
                    752.004
                ],
                [
                    1656.96,
                    762.048
                ],
                [
                    1655.04,
                    767.9879999999999
                ],
                [
                    1655.04,
                    783
                ],
                [
                    1652.9279999999999,
                    795.96
                ],
                [
                    1652.9279999999999,
                    802.98
                ],
                [
                    1650.048,
                    805.0319999999999
                ],
                [
                    1649.088,
                    806.0039999999999
                ],
                [
                    1646.976,
                    806.976
                ],
                [
                    1642.944,
                    807.948
                ],
                [
                    1632.96,
                    809.028
                ],
                [
                    1628.928,
                    809.028
                ]
            ]
        },
        {
            "ID": "3",
            "CLASS": "유리병",
            "DETAILS": "갈색",
            "DAMAGE": "파손",
            "DIRTINESS": "이물질(외부)",
            "COVER": "없음",
            "TRANSPARENCY": "불투명",
            "SHAPE": "유리병형",
            "SHAPE_TYPE": "POLYGON",
            "POINTS": [
                [
                    734.016,
                    96.012
                ],
                [
                    721.92,
                    92.988
                ],
                [
                    702.9119999999999,
                    92.988
                ],
                [
                    689.088,
                    93.96
                ],
                [
                    678.912,
                    93.96
                ],
                [
                    628.992,
                    92.988
                ],
                [
                    622.08,
                    91.044
                ],
                [
                    619.9680000000001,
                    89.964
                ],
                [
                    618.048,
                    87.048
                ],
                [
                    618.048,
                    70.95599999999999
                ],
                [
                    615.9359999999999,
                    57.995999999999995
                ],
                [
                    617.0880000000001,
                    19.98
                ],
                [
                    615.9359999999999,
                    10.043999999999999
                ],
                [
                    617.0880000000001,
                    8.964
                ],
                [
                    617.0880000000001,
                    0
                ],
                [
                    870.912,
                    0
                ],
                [
                    869.952,
                    15.011999999999999
                ],
                [
                    870.912,
                    18.035999999999998
                ],
                [
                    873.984,
                    19.98
                ],
                [
                    882.048,
                    23.976000000000003
                ],
                [
                    889.9200000000001,
                    23.976000000000003
                ],
                [
                    902.976,
                    26.028
                ],
                [
                    911.04,
                    26.028
                ],
                [
                    912,
                    27
                ],
                [
                    918.912,
                    27
                ],
                [
                    922.9440000000001,
                    30.023999999999997
                ],
                [
                    924.096,
                    33.048
                ],
                [
                    926.976,
                    38.016000000000005
                ],
                [
                    930.048,
                    49.032000000000004
                ],
                [
                    934.0799999999999,
                    54.972
                ],
                [
                    934.0799999999999,
                    62.964
                ],
                [
                    935.04,
                    68.04
                ],
                [
                    937.92,
                    70.95599999999999
                ],
                [
                    937.92,
                    78.948
                ],
                [
                    927.936,
                    83.05199999999999
                ],
                [
                    920.0640000000001,
                    84.99600000000001
                ],
                [
                    917.952,
                    84.99600000000001
                ],
                [
                    915.072,
                    85.968
                ],
                [
                    912,
                    85.968
                ],
                [
                    903.936,
                    88.992
                ],
                [
                    897.984,
                    89.964
                ],
                [
                    835.008,
                    92.988
                ],
                [
                    801.984,
                    92.988
                ],
                [
                    796.9920000000001,
                    91.044
                ],
                [
                    766.08,
                    91.044
                ],
                [
                    748.992,
                    92.988
                ],
                [
                    743.04,
                    92.988
                ],
                [
                    739.008,
                    95.03999999999999
                ],
                [
                    737.0880000000001,
                    95.03999999999999
                ],
                [
                    734.016,
                    96.012
                ]
            ]
        }
    ]
}