{
    "IMAGE_INFO": {
        "FILE_NAME": "1091443@0_07001_220919_P1_T3__1133.jpg",
        "DATE": "2022-10-31 14:58:10",
        "RESOLUTION": "1920 x 1080",
        "IMAGE_PHOTOGRAPHER": "권혁준",
        "FOCUS_DISTANCE": "4.5",
        "EXPOSURE_TIME": "1/320",
        "SENSITIVITY_ISO": "10000",
        "PLACE": "성남시재활용센터",
        "REGION_NAME": null,
        "Direction": "0",
        "HEIGHT": "95",
        "DAY/NIGHT": "주간",
        "WEATHER": "맑음",
        "IMAGE_HEIGHT": 1080,
        "IMAGE_WIDTH": 1920,
        "IMAGE_SIZE": "638.9 KB"
    },
    "ANNOTATION_INFO": [
        {
            "ID": "1",
            "CLASS": "유리병",
            "DETAILS": "갈색",
            "DAMAGE": "원형",
            "DIRTINESS": "이물질(외부)",
            "COVER": "없음",
            "TRANSPARENCY": "불투명",
            "SHAPE": "유리병형",
            "SHAPE_TYPE": "POLYGON",
            "POINTS": [
                [
                    854.976,
                    967.0319999999999
                ],
                [
                    826.9440000000001,
                    961.956
                ],
                [
                    814.0799999999999,
                    961.956
                ],
                [
                    801.024,
                    956.9879999999999
                ],
                [
                    793.92,
                    956.016
                ],
                [
                    747.072,
                    952.992
                ],
                [
                    653.952,
                    955.044
                ],
                [
                    586.9440000000001,
                    957.96
                ],
                [
                    526.08,
                    956.9879999999999
                ],
                [
                    504,
                    951.048
                ],
                [
                    486.912,
                    941.0039999999999
                ],
                [
                    470.01599999999996,
                    937.008
                ],
                [
                    438.912,
                    933.984
                ],
                [
                    423.936,
                    934.956
                ],
                [
                    417.98400000000004,
                    933.0120000000001
                ],
                [
                    399.93600000000004,
                    932.04
                ],
                [
                    372.096,
                    932.04
                ],
                [
                    344.064,
                    929.016
                ],
                [
                    307.008,
                    929.016
                ],
                [
                    286.08,
                    925.9920000000001
                ],
                [
                    278.976,
                    922.9680000000001
                ],
                [
                    274.94399999999996,
                    918
                ],
                [
                    273.024,
                    901.0440000000001
                ],
                [
                    268.032,
                    890.028
                ],
                [
                    268.032,
                    879.9839999999999
                ],
                [
                    273.024,
                    875.988
                ],
                [
                    273.024,
                    870.048
                ],
                [
                    278.976,
                    861.948
                ],
                [
                    317.952,
                    853.9559999999999
                ],
                [
                    395.904,
                    848.016
                ],
                [
                    416.064,
                    848.016
                ],
                [
                    438.912,
                    843.048
                ],
                [
                    446.016,
                    843.048
                ],
                [
                    489.02399999999994,
                    825.0120000000001
                ],
                [
                    504,
                    816.048
                ],
                [
                    522.048,
                    810
                ],
                [
                    562.9440000000001,
                    809.028
                ],
                [
                    595.008,
                    812.052
                ],
                [
                    604.0319999999999,
                    810
                ],
                [
                    629.952,
                    810
                ],
                [
                    644.928,
                    806.976
                ],
                [
                    662.016,
                    806.976
                ],
                [
                    680.0640000000001,
                    810.972
                ],
                [
                    738.048,
                    812.052
                ],
                [
                    748.992,
                    813.9960000000001
                ],
                [
                    762.048,
                    813.9960000000001
                ],
                [
                    783.936,
                    812.052
                ],
                [
                    826.9440000000001,
                    802.98
                ],
                [
                    841.92,
                    802.008
                ],
                [
                    868.032,
                    802.008
                ],
                [
                    881.088,
                    802.98
                ],
                [
                    889.9200000000001,
                    806.0039999999999
                ],
                [
                    896.064,
                    810
                ],
                [
                    901.056,
                    821.9879999999999
                ],
                [
                    901.056,
                    847.044
                ],
                [
                    896.064,
                    849.96
                ],
                [
                    893.952,
                    879.012
                ],
                [
                    896.064,
                    933.984
                ],
                [
                    889.9200000000001,
                    949.9680000000001
                ],
                [
                    881.088,
                    955.044
                ],
                [
                    878.976,
                    961.956
                ],
                [
                    872.064,
                    965.952
                ],
                [
                    854.976,
                    967.0319999999999
                ]
            ]
        },
        {
            "ID": "2",
            "CLASS": "유리병",
            "DETAILS": "갈색",
            "DAMAGE": "파손",
            "DIRTINESS": "이물질(외부)",
            "COVER": "없음",
            "TRANSPARENCY": "불투명",
            "SHAPE": "유리병형",
            "SHAPE_TYPE": "POLYGON",
            "POINTS": [
                [
                    979.008,
                    982.044
                ],
                [
                    950.976,
                    980.9639999999999
                ],
                [
                    945.024,
                    976.968
                ],
                [
                    931.008,
                    975.996
                ],
                [
                    920.0640000000001,
                    964.0079999999999
                ],
                [
                    918.912,
                    956.9879999999999
                ],
                [
                    912.9599999999999,
                    948.9960000000001
                ],
                [
                    913.92,
                    937.98
                ],
                [
                    911.04,
                    933.0120000000001
                ],
                [
                    911.04,
                    917.028
                ],
                [
                    907.968,
                    910.008
                ],
                [
                    907.0079999999999,
                    895.968
                ],
                [
                    907.968,
                    872.964
                ],
                [
                    912.9599999999999,
                    861.948
                ],
                [
                    911.04,
                    849.96
                ],
                [
                    918.912,
                    844.02
                ],
                [
                    920.0640000000001,
                    840.996
                ],
                [
                    939.072,
                    833.976
                ],
                [
                    950.976,
                    826.956
                ],
                [
                    960,
                    825.984
                ],
                [
                    971.904,
                    826.956
                ],
                [
                    992.0640000000001,
                    824.04
                ],
                [
                    1008,
                    825.984
                ],
                [
                    1022.9760000000001,
                    821.9879999999999
                ],
                [
                    1037.952,
                    821.9879999999999
                ],
                [
                    1049.088,
                    825.984
                ],
                [
                    1084.032,
                    825.984
                ],
                [
                    1107.0720000000001,
                    829.9799999999999
                ],
                [
                    1123.968,
                    829.9799999999999
                ],
                [
                    1141.056,
                    833.004
                ],
                [
                    1161.0240000000001,
                    848.988
                ],
                [
                    1171.968,
                    864.972
                ],
                [
                    1188.096,
                    871.992
                ],
                [
                    1199.0400000000002,
                    872.964
                ],
                [
                    1215.936,
                    871.992
                ],
                [
                    1222.08,
                    875.0160000000001
                ],
                [
                    1229.952,
                    870.048
                ],
                [
                    1258.944,
                    870.048
                ],
                [
                    1271.04,
                    875.988
                ],
                [
                    1276.992,
                    876.96
                ],
                [
                    1282.944,
                    880.956
                ],
                [
                    1281.984,
                    898.9920000000001
                ],
                [
                    1276.992,
                    906.012
                ],
                [
                    1276.992,
                    918.972
                ],
                [
                    1280.0639999999999,
                    921.996
                ],
                [
                    1280.0639999999999,
                    926.9639999999999
                ],
                [
                    1276.992,
                    933.0120000000001
                ],
                [
                    1271.04,
                    937.98
                ],
                [
                    1271.04,
                    941.0039999999999
                ],
                [
                    1262.016,
                    945.972
                ],
                [
                    1239.9360000000001,
                    952.02
                ],
                [
                    1228.032,
                    951.048
                ],
                [
                    1224,
                    947.052
                ],
                [
                    1217.088,
                    945.972
                ],
                [
                    1180.992,
                    947.052
                ],
                [
                    1167.936,
                    951.048
                ],
                [
                    1156.032,
                    956.9879999999999
                ],
                [
                    1152,
                    964.0079999999999
                ],
                [
                    1134.9119999999998,
                    975.996
                ],
                [
                    1105.9199999999998,
                    979.02
                ],
                [
                    1099.9679999999998,
                    982.044
                ],
                [
                    1062.912,
                    979.992
                ],
                [
                    1035.0720000000001,
                    979.992
                ],
                [
                    1019.904,
                    982.044
                ],
                [
                    979.008,
                    982.044
                ]
            ]
        },
        {
            "ID": "3",
            "CLASS": "유리병",
            "DETAILS": "갈색",
            "DAMAGE": "원형",
            "DIRTINESS": "이물질(외부)",
            "COVER": "없음",
            "TRANSPARENCY": "불투명",
            "SHAPE": "유리병형",
            "SHAPE_TYPE": "POLYGON",
            "POINTS": [
                [
                    234.048,
                    868.968
                ],
                [
                    224.064,
                    864.972
                ],
                [
                    207.93599999999998,
                    856.0079999999999
                ],
                [
                    201.024,
                    848.016
                ],
                [
                    197.952,
                    840.024
                ],
                [
                    192.96,
                    770.04
                ],
                [
                    193.92000000000002,
                    756.972
                ],
                [
                    200.064,
                    747.036
                ],
                [
                    211.00799999999998,
                    741.96
                ],
                [
                    222.91199999999998,
                    741.96
                ],
                [
                    240,
                    737.964
                ],
                [
                    264,
                    737.964
                ],
                [
                    270.91200000000003,
                    736.02
                ],
                [
                    293.952,
                    736.02
                ],
                [
                    308.928,
                    732.996
                ],
                [
                    330.048,
                    732.996
                ],
                [
                    384.96000000000004,
                    726.948
                ],
                [
                    398.976,
                    726.948
                ],
                [
                    408.96,
                    731.0519999999999
                ],
                [
                    412.03200000000004,
                    729
                ],
                [
                    425.088,
                    729
                ],
                [
                    436.992,
                    731.0519999999999
                ],
                [
                    446.016,
                    733.968
                ],
                [
                    470.01599999999996,
                    747.036
                ],
                [
                    475.968,
                    748.008
                ],
                [
                    488.06399999999996,
                    745.956
                ],
                [
                    513.024,
                    747.036
                ],
                [
                    523.0079999999999,
                    749.952
                ],
                [
                    528,
                    753.9480000000001
                ],
                [
                    534.912,
                    768.9599999999999
                ],
                [
                    536.064,
                    795.96
                ],
                [
                    531.072,
                    801.0360000000001
                ],
                [
                    531.072,
                    803.952
                ],
                [
                    515.904,
                    810.972
                ],
                [
                    499.00800000000004,
                    817.02
                ],
                [
                    478.08,
                    817.02
                ],
                [
                    460.03200000000004,
                    821.9879999999999
                ],
                [
                    456,
                    825.984
                ],
                [
                    436.032,
                    837.972
                ],
                [
                    432,
                    844.02
                ],
                [
                    422.01599999999996,
                    847.044
                ],
                [
                    407.03999999999996,
                    848.016
                ],
                [
                    402.048,
                    851.0400000000001
                ],
                [
                    387.072,
                    851.0400000000001
                ],
                [
                    372.096,
                    853.9559999999999
                ],
                [
                    359.04,
                    853.9559999999999
                ],
                [
                    344.064,
                    856.98
                ],
                [
                    329.08799999999997,
                    857.952
                ],
                [
                    320.06399999999996,
                    861.948
                ],
                [
                    303.936,
                    866.0519999999999
                ],
                [
                    277.05600000000004,
                    867.996
                ],
                [
                    270.91200000000003,
                    867.024
                ],
                [
                    255.936,
                    867.996
                ],
                [
                    246.91199999999998,
                    867.024
                ],
                [
                    234.048,
                    868.968
                ]
            ]
        },
        {
            "ID": "4",
            "CLASS": "유리병",
            "DETAILS": "갈색",
            "DAMAGE": "원형",
            "DIRTINESS": "이물질(외부)",
            "COVER": "없음",
            "TRANSPARENCY": "불투명",
            "SHAPE": "유리병형",
            "SHAPE_TYPE": "POLYGON",
            "POINTS": [
                [
                    1171.968,
                    866.0519999999999
                ],
                [
                    1160.0639999999999,
                    859.032
                ],
                [
                    1155.0720000000001,
                    852.0120000000001
                ],
                [
                    1155.0720000000001,
                    848.988
                ],
                [
                    1146.048,
                    840.996
                ],
                [
                    1143.936,
                    836.028
                ],
                [
                    1132.032,
                    824.04
                ],
                [
                    1131.072,
                    821.016
                ],
                [
                    1124.9279999999999,
                    817.02
                ],
                [
                    1123.968,
                    813.024
                ],
                [
                    1113.9840000000002,
                    805.0319999999999
                ],
                [
                    1103.04,
                    798.984
                ],
                [
                    1099.9679999999998,
                    798.984
                ],
                [
                    1102.08,
                    790.0200000000001
                ],
                [
                    1051.008,
                    736.02
                ],
                [
                    1046.0159999999998,
                    721.98
                ],
                [
                    1018.944,
                    683.9639999999999
                ],
                [
                    988.992,
                    632.0160000000001
                ],
                [
                    974.9760000000001,
                    614.952
                ],
                [
                    969.0240000000001,
                    613.98
                ],
                [
                    963.0720000000001,
                    610.956
                ],
                [
                    949.056,
                    596.0519999999999
                ],
                [
                    945.024,
                    587.952
                ],
                [
                    944.0640000000001,
                    578.988
                ],
                [
                    948.096,
                    569.052
                ],
                [
                    963.0720000000001,
                    551.016
                ],
                [
                    974.9760000000001,
                    542.052
                ],
                [
                    989.9519999999999,
                    533.952
                ],
                [
                    998.0160000000001,
                    533.952
                ],
                [
                    1007.04,
                    539.028
                ],
                [
                    1021.056,
                    550.044
                ],
                [
                    1032,
                    566.028
                ],
                [
                    1046.0159999999998,
                    573.048
                ],
                [
                    1057.92,
                    582.9839999999999
                ],
                [
                    1057.92,
                    586.0079999999999
                ],
                [
                    1076.9279999999999,
                    601.992
                ],
                [
                    1078.08,
                    605.988
                ],
                [
                    1094.976,
                    614.952
                ],
                [
                    1104.96,
                    625.968
                ],
                [
                    1113.024,
                    628.9920000000001
                ],
                [
                    1118.9759999999999,
                    633.9599999999999
                ],
                [
                    1123.968,
                    636.012
                ],
                [
                    1132.032,
                    644.976
                ],
                [
                    1152,
                    660.96
                ],
                [
                    1161.984,
                    675
                ],
                [
                    1185.9840000000002,
                    698.004
                ],
                [
                    1190.9759999999999,
                    705.996
                ],
                [
                    1214.976,
                    729.972
                ],
                [
                    1222.08,
                    740.0160000000001
                ],
                [
                    1227.0720000000001,
                    744.012
                ],
                [
                    1238.9759999999999,
                    744.9839999999999
                ],
                [
                    1241.088,
                    756.972
                ],
                [
                    1257.024,
                    775.008
                ],
                [
                    1259.904,
                    783.972
                ],
                [
                    1259.904,
                    794.9879999999999
                ],
                [
                    1251.072,
                    813.9960000000001
                ],
                [
                    1246.08,
                    821.016
                ],
                [
                    1229.952,
                    833.976
                ],
                [
                    1214.0159999999998,
                    856.98
                ],
                [
                    1195.0079999999998,
                    864.972
                ],
                [
                    1171.968,
                    866.0519999999999
                ]
            ]
        }
    ]
}