{
    "IMAGE_INFO": {
        "FILE_NAME": "1091830@0_07001_220919_P1_T3__1559.jpg",
        "DATE": "2022-10-31 14:58:19",
        "RESOLUTION": "1920 x 1080",
        "IMAGE_PHOTOGRAPHER": "권혁준",
        "FOCUS_DISTANCE": "4.5",
        "EXPOSURE_TIME": "1/320",
        "SENSITIVITY_ISO": "10000",
        "PLACE": "성남시재활용센터",
        "REGION_NAME": null,
        "Direction": "0",
        "HEIGHT": "95",
        "DAY/NIGHT": "주간",
        "WEATHER": "맑음",
        "IMAGE_HEIGHT": 1080,
        "IMAGE_WIDTH": 1920,
        "IMAGE_SIZE": "613.6 KB"
    },
    "ANNOTATION_INFO": [
        {
            "ID": "1",
            "CLASS": "유리병",
            "DETAILS": "갈색",
            "DAMAGE": "원형",
            "DIRTINESS": "이물질(외부)",
            "COVER": "없음",
            "TRANSPARENCY": "불투명",
            "SHAPE": "유리병형",
            "SHAPE_TYPE": "BOX",
            "POINTS": [
                [
                    1462.08,
                    714.96,
                    161.08799999999997,
                    365.03999999999996
                ]
            ]
        }
    ]
}