{
    "IMAGE_INFO": {
        "FILE_NAME": "1091624@0_07001_220919_P1_T3__1256.jpg",
        "DATE": "2022-10-31 14:58:13",
        "RESOLUTION": "1920 x 1080",
        "IMAGE_PHOTOGRAPHER": "권혁준",
        "FOCUS_DISTANCE": "4.5",
        "EXPOSURE_TIME": "1/320",
        "SENSITIVITY_ISO": "10000",
        "PLACE": "성남시재활용센터",
        "REGION_NAME": null,
        "Direction": "0",
        "HEIGHT": "95",
        "DAY/NIGHT": "주간",
        "WEATHER": "맑음",
        "IMAGE_HEIGHT": 1080,
        "IMAGE_WIDTH": 1920,
        "IMAGE_SIZE": "662.4 KB"
    },
    "ANNOTATION_INFO": [
        {
            "ID": "1",
            "CLASS": "유리병",
            "DETAILS": "갈색",
            "DAMAGE": "원형",
            "DIRTINESS": "이물질(외부)",
            "COVER": "없음",
            "TRANSPARENCY": "불투명",
            "SHAPE": "유리병형",
            "SHAPE_TYPE": "POLYGON",
            "POINTS": [
                [
                    374.016,
                    1080
                ],
                [
                    361.92,
                    1067.04
                ],
                [
                    351.936,
                    1061.964
                ],
                [
                    326.976,
                    1042.956
                ],
                [
                    324.096,
                    1038.96
                ],
                [
                    312,
                    1033.02
                ],
                [
                    292.03200000000004,
                    1018.008
                ],
                [
                    277.05600000000004,
                    1010.0160000000001
                ],
                [
                    259.008,
                    996.948
                ],
                [
                    254.016,
                    991.98
                ],
                [
                    229.056,
                    978.048
                ],
                [
                    225.984,
                    972.972
                ],
                [
                    219.07199999999997,
                    968.004
                ],
                [
                    214.08,
                    960.984
                ],
                [
                    206.976,
                    945
                ],
                [
                    206.976,
                    934.956
                ],
                [
                    211.968,
                    925.9920000000001
                ],
                [
                    211.968,
                    922.9680000000001
                ],
                [
                    221.952,
                    902.9879999999999
                ],
                [
                    234.048,
                    891
                ],
                [
                    240.96,
                    880.956
                ],
                [
                    241.92000000000002,
                    875.0160000000001
                ],
                [
                    249.02400000000003,
                    866.0519999999999
                ],
                [
                    254.016,
                    861.948
                ],
                [
                    255.936,
                    857.952
                ],
                [
                    260.928,
                    853.9559999999999
                ],
                [
                    262.08000000000004,
                    849.96
                ],
                [
                    265.92,
                    848.016
                ],
                [
                    268.992,
                    841.968
                ],
                [
                    273.984,
                    839.052
                ],
                [
                    275.904,
                    834.948
                ],
                [
                    281.088,
                    832.0319999999999
                ],
                [
                    282.048,
                    829.0079999999999
                ],
                [
                    301.056,
                    818.9639999999999
                ],
                [
                    312,
                    818.9639999999999
                ],
                [
                    329.08799999999997,
                    824.04
                ],
                [
                    341.952,
                    832.0319999999999
                ],
                [
                    372.096,
                    856.98
                ],
                [
                    398.976,
                    874.044
                ],
                [
                    411.072,
                    883.008
                ],
                [
                    418.944,
                    891
                ],
                [
                    457.91999999999996,
                    914.976
                ],
                [
                    462.91200000000003,
                    920.052
                ],
                [
                    508.992,
                    949.9680000000001
                ],
                [
                    538.944,
                    974.052
                ],
                [
                    572.928,
                    995.004
                ],
                [
                    599.04,
                    1018.008
                ],
                [
                    608.064,
                    1026.972
                ],
                [
                    608.064,
                    1029.024
                ],
                [
                    615.9359999999999,
                    1037.988
                ],
                [
                    628.032,
                    1048.0320000000002
                ],
                [
                    646.08,
                    1072.98
                ],
                [
                    646.08,
                    1080
                ],
                [
                    374.016,
                    1080
                ]
            ]
        }
    ]
}