{
    "IMAGE_INFO": {
        "FILE_NAME": "1091389@0_07001_220919_P1_T3__2247.jpg",
        "DATE": "2022-10-31 14:58:31",
        "RESOLUTION": "1920 x 1080",
        "IMAGE_PHOTOGRAPHER": "권혁준",
        "FOCUS_DISTANCE": "4.5",
        "EXPOSURE_TIME": "1/320",
        "SENSITIVITY_ISO": "10000",
        "PLACE": "성남시재활용센터",
        "REGION_NAME": null,
        "Direction": "0",
        "HEIGHT": "95",
        "DAY/NIGHT": "주간",
        "WEATHER": "맑음",
        "IMAGE_HEIGHT": 1080,
        "IMAGE_WIDTH": 1920,
        "IMAGE_SIZE": "699.8 KB"
    },
    "ANNOTATION_INFO": [
        {
            "ID": "1",
            "CLASS": "유리병",
            "DETAILS": "갈색",
            "DAMAGE": "원형",
            "DIRTINESS": "이물질(외부)",
            "COVER": "없음",
            "TRANSPARENCY": "불투명",
            "SHAPE": "유리병형",
            "SHAPE_TYPE": "POLYGON",
            "POINTS": [
                [
                    1561.1001466370935,
                    291.9793987395091
                ],
                [
                    1601.2884759005735,
                    295.4439098829126
                ],
                [
                    1634.5477828772464,
                    302.0264810553791
                ],
                [
                    1652.9096919372848,
                    308.955503342186
                ],
                [
                    1659.492263109751,
                    319.002585658056
                ],
                [
                    1661.3464694737006,
                    336.38888838011184
                ],
                [
                    1635.0050983481756,
                    486.85399314258075
                ],
                [
                    1613.7563923069183,
                    606.8908231382312
                ],
                [
                    1588.024225255424,
                    617.9867665243434
                ],
                [
                    1582.874726667394,
                    674.263429664956
                ],
                [
                    1568.5296948864536,
                    684.1946055132994
                ],
                [
                    1519.2416369724529,
                    678.6772855975531
                ],
                [
                    1508.5748184686765,
                    672.7921443540904
                ],
                [
                    1501.5862132420648,
                    666.9070031106276
                ],
                [
                    1508.2069971409603,
                    654.4010779682692
                ],
                [
                    1509.3104611241095,
                    639.320403531896
                ],
                [
                    1506.3678905023783,
                    630.8605129944182
                ],
                [
                    1511.1495677626915,
                    624.607550423239
                ],
                [
                    1518.1381729893037,
                    623.5040864400898
                ],
                [
                    1513.7243170567067,
                    610.6303399700148
                ],
                [
                    1505.132010841251,
                    597.7948469180227
                ],
                [
                    1500.0472488068992,
                    581.4106136962223
                ],
                [
                    1502.4352037178464,
                    543.5197203143116
                ],
                [
                    1531.682212564821,
                    349.7140831718187
                ],
                [
                    1540.2365573815694,
                    297.00224334129496
                ],
                [
                    1549.3577048820969,
                    292.85626720469145
                ]
            ]
        }
    ]
}