{
    "IMAGE_INFO": {
        "FILE_NAME": "1092092@0_07001_220919_P1_T3__2267.jpg",
        "DATE": "2022-10-31 14:58:31",
        "RESOLUTION": "1920 x 1080",
        "IMAGE_PHOTOGRAPHER": "권혁준",
        "FOCUS_DISTANCE": "4.5",
        "EXPOSURE_TIME": "1/320",
        "SENSITIVITY_ISO": "10000",
        "PLACE": "성남시재활용센터",
        "REGION_NAME": null,
        "Direction": "0",
        "HEIGHT": "95",
        "DAY/NIGHT": "주간",
        "WEATHER": "맑음",
        "IMAGE_HEIGHT": 1080,
        "IMAGE_WIDTH": 1920,
        "IMAGE_SIZE": "726.0 KB"
    },
    "ANNOTATION_INFO": [
        {
            "ID": "1",
            "CLASS": "유리병",
            "DETAILS": "갈색",
            "DAMAGE": "원형",
            "DIRTINESS": "이물질(외부)",
            "COVER": "없음",
            "TRANSPARENCY": "불투명",
            "SHAPE": "유리병형",
            "SHAPE_TYPE": "POLYGON",
            "POINTS": [
                [
                    1161.984,
                    551.016
                ],
                [
                    1161.984,
                    450.036
                ],
                [
                    1498.944,
                    450.036
                ],
                [
                    1498.944,
                    551.016
                ]
            ]
        },
        {
            "ID": "2",
            "CLASS": "유리병",
            "DETAILS": "갈색",
            "DAMAGE": "원형",
            "DIRTINESS": "이물질(외부)",
            "COVER": "없음",
            "TRANSPARENCY": "불투명",
            "SHAPE": "유리병형",
            "SHAPE_TYPE": "POLYGON",
            "POINTS": [
                [
                    680.0640000000001,
                    560.952
                ],
                [
                    680.0640000000001,
                    196.01999999999998
                ],
                [
                    920.0640000000001,
                    196.01999999999998
                ],
                [
                    920.0640000000001,
                    560.952
                ]
            ]
        },
        {
            "ID": "3",
            "CLASS": "유리병",
            "DETAILS": "갈색",
            "DAMAGE": "원형",
            "DIRTINESS": "이물질(외부)",
            "COVER": "없음",
            "TRANSPARENCY": "불투명",
            "SHAPE": "유리병형",
            "SHAPE_TYPE": "POLYGON",
            "POINTS": [
                [
                    373.056,
                    304.99199999999996
                ],
                [
                    373.056,
                    60.047999999999995
                ],
                [
                    676.9920000000001,
                    60.047999999999995
                ],
                [
                    676.9920000000001,
                    304.99199999999996
                ]
            ]
        },
        {
            "ID": "4",
            "CLASS": "유리병",
            "DETAILS": "갈색",
            "DAMAGE": "원형",
            "DIRTINESS": "이물질(외부)",
            "COVER": "없음",
            "TRANSPARENCY": "불투명",
            "SHAPE": "유리병형",
            "SHAPE_TYPE": "POLYGON",
            "POINTS": [
                [
                    240,
                    563.004
                ],
                [
                    240,
                    435.024
                ],
                [
                    624.96,
                    435.024
                ],
                [
                    624.96,
                    563.004
                ]
            ]
        },
        {
            "ID": "5",
            "CLASS": "유리병",
            "DETAILS": "갈색",
            "DAMAGE": "원형",
            "DIRTINESS": "이물질(외부)",
            "COVER": "없음",
            "TRANSPARENCY": "불투명",
            "SHAPE": "유리병형",
            "SHAPE_TYPE": "POLYGON",
            "POINTS": [
                [
                    1194.048,
                    427.032
                ],
                [
                    1194.048,
                    300.024
                ],
                [
                    1530.048,
                    300.024
                ],
                [
                    1530.048,
                    427.032
                ]
            ]
        },
        {
            "ID": "6",
            "CLASS": "유리병",
            "DETAILS": "갈색",
            "DAMAGE": "원형",
            "DIRTINESS": "이물질(외부)",
            "COVER": "없음",
            "TRANSPARENCY": "불투명",
            "SHAPE": "유리병형",
            "SHAPE_TYPE": "POLYGON",
            "POINTS": [
                [
                    889.9200000000001,
                    477.036
                ],
                [
                    889.9200000000001,
                    127.008
                ],
                [
                    1181.952,
                    127.008
                ],
                [
                    1181.952,
                    477.036
                ]
            ]
        }
    ]
}