{
    "IMAGE_INFO": {
        "FILE_NAME": "1092180@0_07001_220919_P1_T3__1775.jpg",
        "DATE": "2022-10-31 14:57:45",
        "RESOLUTION": "1920 x 1080",
        "IMAGE_PHOTOGRAPHER": "권혁준",
        "FOCUS_DISTANCE": "4.5",
        "EXPOSURE_TIME": "1/320",
        "SENSITIVITY_ISO": "10000",
        "PLACE": "성남시재활용센터",
        "REGION_NAME": null,
        "Direction": "0",
        "HEIGHT": "95",
        "DAY/NIGHT": "주간",
        "WEATHER": "맑음",
        "IMAGE_HEIGHT": 1080,
        "IMAGE_WIDTH": 1920,
        "IMAGE_SIZE": "663.3 KB"
    },
    "ANNOTATION_INFO": [
        {
            "ID": "1",
            "CLASS": "유리병",
            "DETAILS": "갈색",
            "DAMAGE": "원형",
            "DIRTINESS": "이물질(외부)",
            "COVER": "없음",
            "TRANSPARENCY": "불투명",
            "SHAPE": "유리병형",
            "SHAPE_TYPE": "POLYGON",
            "POINTS": [
                [
                    1006.08,
                    794.9879999999999
                ],
                [
                    1006.08,
                    600.048
                ],
                [
                    1174.0800000000002,
                    600.048
                ],
                [
                    1174.0800000000002,
                    794.9879999999999
                ]
            ]
        },
        {
            "ID": "2",
            "CLASS": "유리병",
            "DETAILS": "갈색",
            "DAMAGE": "원형",
            "DIRTINESS": "이물질(외부)",
            "COVER": "없음",
            "TRANSPARENCY": "불투명",
            "SHAPE": "유리병형",
            "SHAPE_TYPE": "POLYGON",
            "POINTS": [
                [
                    845.952,
                    975.024
                ],
                [
                    845.952,
                    629.964
                ],
                [
                    1012.032,
                    629.964
                ],
                [
                    1012.032,
                    975.024
                ]
            ]
        }
    ]
}