{
    "IMAGE_INFO": {
        "FILE_NAME": "1092105@0_07001_220919_P1_T3__0522.jpg",
        "DATE": "2022-10-31 14:57:41",
        "RESOLUTION": "1920 x 1080",
        "IMAGE_PHOTOGRAPHER": "권혁준",
        "FOCUS_DISTANCE": "4.5",
        "EXPOSURE_TIME": "1/320",
        "SENSITIVITY_ISO": "10000",
        "PLACE": "성남시재활용센터",
        "REGION_NAME": null,
        "Direction": "0",
        "HEIGHT": "95",
        "DAY/NIGHT": "주간",
        "WEATHER": "맑음",
        "IMAGE_HEIGHT": 1080,
        "IMAGE_WIDTH": 1920,
        "IMAGE_SIZE": "543.6 KB"
    },
    "ANNOTATION_INFO": [
        {
            "ID": "1",
            "CLASS": "유리병",
            "DETAILS": "갈색",
            "DAMAGE": "원형",
            "DIRTINESS": "이물질(외부)",
            "COVER": "없음",
            "TRANSPARENCY": "불투명",
            "SHAPE": "유리병형",
            "SHAPE_TYPE": "POLYGON",
            "POINTS": [
                [
                    1473.9840000000002,
                    326.052
                ],
                [
                    1473.9840000000002,
                    0
                ],
                [
                    1683.0720000000001,
                    0
                ],
                [
                    1683.0720000000001,
                    326.052
                ]
            ]
        },
        {
            "ID": "2",
            "CLASS": "유리병",
            "DETAILS": "갈색",
            "DAMAGE": "원형",
            "DIRTINESS": "이물질(외부)",
            "COVER": "없음",
            "TRANSPARENCY": "불투명",
            "SHAPE": "유리병형",
            "SHAPE_TYPE": "POLYGON",
            "POINTS": [
                [
                    1109.952,
                    632.0160000000001
                ],
                [
                    1109.952,
                    401.976
                ],
                [
                    1214.976,
                    401.976
                ],
                [
                    1214.976,
                    632.0160000000001
                ]
            ]
        }
    ]
}