{
    "IMAGE_INFO": {
        "FILE_NAME": "1160750@0_07001_221026_P1_T3__1903.jpg",
        "DATE": "2022-11-09 21:55:02",
        "RESOLUTION": "1920 x 1080",
        "IMAGE_PHOTOGRAPHER": "심선화",
        "FOCUS_DISTANCE": "5.6",
        "EXPOSURE_TIME": "1/200",
        "SENSITIVITY_ISO": "2000",
        "PLACE": "강북재활용센터",
        "REGION_NAME": null,
        "Direction": "0",
        "HEIGHT": "90",
        "DAY/NIGHT": "주간",
        "WEATHER": "맑음",
        "IMAGE_HEIGHT": 1080,
        "IMAGE_WIDTH": 1920,
        "IMAGE_SIZE": "687.6 KB"
    },
    "ANNOTATION_INFO": [
        {
            "ID": "1",
            "CLASS": "유리병",
            "DETAILS": "갈색",
            "DAMAGE": "파손",
            "DIRTINESS": "이물질(외부)",
            "COVER": "없음",
            "TRANSPARENCY": "불투명",
            "SHAPE": "유리병형",
            "SHAPE_TYPE": "BOX",
            "POINTS": [
                [
                    627.072,
                    66.96,
                    264.96000000000004,
                    131.00400000000002
                ]
            ]
        }
    ]
}