{
    "IMAGE_INFO": {
        "FILE_NAME": "1000635@0_02001_220906_P1_T3__0318.jpg",
        "DATE": "2022-10-21 15:28:00",
        "RESOLUTION": "1920 x 1080",
        "IMAGE_PHOTOGRAPHER": "이지은",
        "FOCUS_DISTANCE": "5.6",
        "EXPOSURE_TIME": "1/400",
        "SENSITIVITY_ISO": "12800",
        "PLACE": "삼오자원",
        "REGION_NAME": null,
        "Direction": "0",
        "HEIGHT": "100",
        "DAY/NIGHT": "주간",
        "WEATHER": "맑음",
        "IMAGE_HEIGHT": 1080,
        "IMAGE_WIDTH": 1920,
        "IMAGE_SIZE": "607.5 KB"
    },
    "ANNOTATION_INFO": [
        {
            "ID": "1",
            "CLASS": "종이",
            "DETAILS": "종이",
            "DAMAGE": "손상",
            "DIRTINESS": "이물질(내부)",
            "COVER": "없음",
            "TRANSPARENCY": "불투명",
            "SHAPE": "박스형",
            "SHAPE_TYPE": "POLYGON",
            "POINTS": [
                [
                    1185.9840000000002,
                    369.036
                ],
                [
                    1166.0159999999998,
                    365.04
                ],
                [
                    1150.08,
                    358.02000000000004
                ],
                [
                    1136.064,
                    348.948
                ],
                [
                    1129.92,
                    336.96
                ],
                [
                    1102.08,
                    308.988
                ],
                [
                    1086.912,
                    300.024
                ],
                [
                    1084.032,
                    300.024
                ],
                [
                    1080,
                    294.94800000000004
                ],
                [
                    1043.904,
                    274.968
                ],
                [
                    1013.952,
                    254.988
                ],
                [
                    1004.928,
                    246.024
                ],
                [
                    996.0960000000001,
                    240.94799999999998
                ],
                [
                    983.04,
                    227.016
                ],
                [
                    969.0240000000001,
                    218.052
                ],
                [
                    949.056,
                    197.964
                ],
                [
                    926.016,
                    181.98000000000002
                ],
                [
                    912.9599999999999,
                    168.04799999999997
                ],
                [
                    894.912,
                    155.952
                ],
                [
                    886.08,
                    145.044
                ],
                [
                    873.984,
                    137.05200000000002
                ],
                [
                    830.976,
                    99.036
                ],
                [
                    801.984,
                    65.01599999999999
                ],
                [
                    795.072,
                    50.004
                ],
                [
                    796.9920000000001,
                    27.971999999999998
                ],
                [
                    812.928,
                    0
                ],
                [
                    1513.92,
                    0
                ],
                [
                    1508.928,
                    4.968
                ],
                [
                    1507.008,
                    15.984
                ],
                [
                    1497.984,
                    35.964000000000006
                ],
                [
                    1468.992,
                    87.048
                ],
                [
                    1439.0400000000002,
                    123.984
                ],
                [
                    1436.9279999999999,
                    131.00400000000002
                ],
                [
                    1411.968,
                    164.05200000000002
                ],
                [
                    1388.928,
                    189.972
                ],
                [
                    1385.0880000000002,
                    200.988
                ],
                [
                    1359.9360000000001,
                    231.012
                ],
                [
                    1330.944,
                    278.964
                ],
                [
                    1308.096,
                    299.05199999999996
                ],
                [
                    1291.968,
                    308.988
                ],
                [
                    1282.944,
                    319.032
                ],
                [
                    1219.9679999999998,
                    363.96000000000004
                ],
                [
                    1201.92,
                    369.036
                ],
                [
                    1185.9840000000002,
                    369.036
                ]
            ]
        },
        {
            "ID": "2",
            "CLASS": "종이",
            "DETAILS": "종이",
            "DAMAGE": "원형",
            "DIRTINESS": "이물질(외부)",
            "COVER": "없음",
            "TRANSPARENCY": "불투명",
            "SHAPE": "낱장형",
            "SHAPE_TYPE": "POLYGON",
            "POINTS": [
                [
                    1457.088,
                    621
                ],
                [
                    1440,
                    609.9839999999999
                ],
                [
                    1438.08,
                    605.0160000000001
                ],
                [
                    1410.048,
                    582.0120000000001
                ],
                [
                    1390.08,
                    571.968
                ],
                [
                    1382.016,
                    570.996
                ],
                [
                    1368.96,
                    564.948
                ],
                [
                    1305.024,
                    517.9680000000001
                ],
                [
                    1294.0800000000002,
                    506.952
                ],
                [
                    1270.08,
                    489.996
                ],
                [
                    1262.016,
                    486.97200000000004
                ],
                [
                    1174.0800000000002,
                    420.984
                ],
                [
                    1142.016,
                    400.032
                ],
                [
                    1137.984,
                    393.012
                ],
                [
                    1134.9119999999998,
                    365.04
                ],
                [
                    1134.9119999999998,
                    355.968
                ],
                [
                    1142.016,
                    354.024
                ],
                [
                    1147.968,
                    358.99199999999996
                ],
                [
                    1176,
                    367.956
                ],
                [
                    1195.0079999999998,
                    367.956
                ],
                [
                    1217.088,
                    363.96000000000004
                ],
                [
                    1232.064,
                    358.02000000000004
                ],
                [
                    1244.9279999999999,
                    350.028
                ],
                [
                    1252.992,
                    343.98
                ],
                [
                    1252.992,
                    339.98400000000004
                ],
                [
                    1320,
                    293.976
                ],
                [
                    1329.984,
                    282.96000000000004
                ],
                [
                    1329.984,
                    280.044
                ],
                [
                    1337.088,
                    274.968
                ],
                [
                    1348.032,
                    251.964
                ],
                [
                    1352.064,
                    249.048
                ],
                [
                    1353.9840000000002,
                    240.94799999999998
                ],
                [
                    1359.9360000000001,
                    235.00799999999998
                ],
                [
                    1371.072,
                    212.976
                ],
                [
                    1377.984,
                    207.036
                ],
                [
                    1387.968,
                    188.028
                ],
                [
                    1410.048,
                    165.024
                ],
                [
                    1425.024,
                    143.964
                ],
                [
                    1433.088,
                    139.968
                ],
                [
                    1440,
                    139.968
                ],
                [
                    1448.0639999999999,
                    143.964
                ],
                [
                    1476.096,
                    168.04799999999997
                ],
                [
                    1488.96,
                    173.988
                ],
                [
                    1502.016,
                    188.028
                ],
                [
                    1527.936,
                    209.952
                ],
                [
                    1537.92,
                    223.992
                ],
                [
                    1542.912,
                    224.96400000000003
                ],
                [
                    1561.92,
                    240.94799999999998
                ],
                [
                    1561.92,
                    243.97199999999998
                ],
                [
                    1570.944,
                    250.02
                ],
                [
                    1573.056,
                    254.988
                ],
                [
                    1585.9199999999998,
                    263.952
                ],
                [
                    1592.064,
                    273.996
                ],
                [
                    1608.96,
                    290.952
                ],
                [
                    1657.92,
                    327.99600000000004
                ],
                [
                    1666.944,
                    339.012
                ],
                [
                    1675.968,
                    344.952
                ],
                [
                    1680,
                    354.024
                ],
                [
                    1700.928,
                    378
                ],
                [
                    1669.056,
                    424.98
                ],
                [
                    1638.912,
                    451.00800000000004
                ],
                [
                    1623.936,
                    470.988
                ],
                [
                    1612.992,
                    478.98
                ],
                [
                    1604.9279999999999,
                    489.996
                ],
                [
                    1558.08,
                    536.976
                ],
                [
                    1553.088,
                    537.948
                ],
                [
                    1549.056,
                    546.048
                ],
                [
                    1540.992,
                    554.04
                ],
                [
                    1521.0240000000001,
                    569.052
                ],
                [
                    1483.008,
                    606.96
                ],
                [
                    1460.928,
                    621
                ],
                [
                    1457.088,
                    621
                ]
            ]
        }
    ]
}