{
    "IMAGE_INFO": {
        "FILE_NAME": "1000486@0_02001_220906_P1_T3__1270.jpg",
        "DATE": "2022-10-21 15:24:24",
        "RESOLUTION": "1920 x 1080",
        "IMAGE_PHOTOGRAPHER": "이지은",
        "FOCUS_DISTANCE": "5.6",
        "EXPOSURE_TIME": "1/400",
        "SENSITIVITY_ISO": "12800",
        "PLACE": "삼오자원",
        "REGION_NAME": null,
        "Direction": "0",
        "HEIGHT": "100",
        "DAY/NIGHT": "주간",
        "WEATHER": "맑음",
        "IMAGE_HEIGHT": 1080,
        "IMAGE_WIDTH": 1920,
        "IMAGE_SIZE": "619.0 KB"
    },
    "ANNOTATION_INFO": [
        {
            "ID": "1",
            "CLASS": "종이",
            "DETAILS": "종이",
            "DAMAGE": "원형",
            "DIRTINESS": "오염없음",
            "COVER": "겹침",
            "TRANSPARENCY": "불투명",
            "SHAPE": "박스형",
            "SHAPE_TYPE": "POLYGON",
            "POINTS": [
                [
                    1637.952,
                    960.0120000000001
                ],
                [
                    1621.056,
                    953.9639999999999
                ],
                [
                    1608,
                    942.948
                ],
                [
                    1593.9840000000002,
                    938.952
                ],
                [
                    1584,
                    933.984
                ],
                [
                    1570.944,
                    938.952
                ],
                [
                    1564.032,
                    938.952
                ],
                [
                    1545.9840000000002,
                    945.972
                ],
                [
                    1540.0320000000002,
                    947.052
                ],
                [
                    1506.048,
                    945.972
                ],
                [
                    1483.968,
                    929.9879999999999
                ],
                [
                    1473.9840000000002,
                    915.948
                ],
                [
                    1453.056,
                    898.02
                ],
                [
                    1449.0240000000001,
                    883.98
                ],
                [
                    1440.9599999999998,
                    871.02
                ],
                [
                    1444.032,
                    864
                ],
                [
                    1460.928,
                    852.9839999999999
                ],
                [
                    1491.072,
                    840.996
                ],
                [
                    1496.064,
                    837
                ],
                [
                    1511.04,
                    822.96
                ],
                [
                    1512,
                    812.052
                ],
                [
                    1516.992,
                    807.948
                ],
                [
                    1513.92,
                    783.972
                ],
                [
                    1508.928,
                    779.976
                ],
                [
                    1499.904,
                    756.972
                ],
                [
                    1488,
                    736.992
                ],
                [
                    1483.968,
                    710.9639999999999
                ],
                [
                    1497.024,
                    708.048
                ],
                [
                    1522.944,
                    713.016
                ],
                [
                    1526.0159999999998,
                    718.9559999999999
                ],
                [
                    1540.992,
                    732.996
                ],
                [
                    1555.0079999999998,
                    736.02
                ],
                [
                    1568.0639999999999,
                    736.02
                ],
                [
                    1577.088,
                    739.044
                ],
                [
                    1584.96,
                    739.044
                ],
                [
                    1593.9840000000002,
                    735.048
                ],
                [
                    1599.9360000000001,
                    728.028
                ],
                [
                    1599.9360000000001,
                    716.0400000000001
                ],
                [
                    1590.912,
                    690.984
                ],
                [
                    1587.0720000000001,
                    659.9879999999999
                ],
                [
                    1579.9679999999998,
                    647.028
                ],
                [
                    1579.008,
                    632.0160000000001
                ],
                [
                    1573.056,
                    617.004
                ],
                [
                    1568.0639999999999,
                    616.032
                ],
                [
                    1564.032,
                    618.9480000000001
                ],
                [
                    1559.0400000000002,
                    613.008
                ],
                [
                    1551.9360000000001,
                    613.008
                ],
                [
                    1530.048,
                    621
                ],
                [
                    1517.952,
                    628.02
                ],
                [
                    1508.928,
                    636.012
                ],
                [
                    1502.976,
                    636.984
                ],
                [
                    1497.024,
                    627.048
                ],
                [
                    1496.064,
                    620.028
                ],
                [
                    1491.072,
                    614.952
                ],
                [
                    1484.9279999999999,
                    602.964
                ],
                [
                    1483.968,
                    596.0519999999999
                ],
                [
                    1493.952,
                    582.9839999999999
                ],
                [
                    1505.0880000000002,
                    578.988
                ],
                [
                    1511.04,
                    574.992
                ],
                [
                    1526.0159999999998,
                    560.952
                ],
                [
                    1526.976,
                    556.956
                ],
                [
                    1531.968,
                    551.9879999999999
                ],
                [
                    1537.92,
                    547.02
                ],
                [
                    1546.944,
                    543.024
                ],
                [
                    1560.9599999999998,
                    543.024
                ],
                [
                    1568.0639999999999,
                    544.9680000000001
                ],
                [
                    1575.936,
                    544.9680000000001
                ],
                [
                    1593.9840000000002,
                    559.9799999999999
                ],
                [
                    1606.08,
                    586.98
                ],
                [
                    1617.024,
                    601.02
                ],
                [
                    1617.984,
                    606.96
                ],
                [
                    1631.04,
                    618.9480000000001
                ],
                [
                    1632,
                    624.024
                ],
                [
                    1646.976,
                    640.98
                ],
                [
                    1650.048,
                    647.028
                ],
                [
                    1660.992,
                    655.0200000000001
                ],
                [
                    1694.0159999999998,
                    694.9799999999999
                ],
                [
                    1712.064,
                    710.9639999999999
                ],
                [
                    1721.088,
                    725.004
                ],
                [
                    1743.936,
                    748.008
                ],
                [
                    1750.08,
                    751.032
                ],
                [
                    1756.032,
                    752.004
                ],
                [
                    1765.056,
                    759.024
                ],
                [
                    1776,
                    772.956
                ],
                [
                    1776,
                    779.976
                ],
                [
                    1770.048,
                    795.96
                ],
                [
                    1771.008,
                    807.948
                ],
                [
                    1767.936,
                    818.9639999999999
                ],
                [
                    1758.912,
                    828.0360000000001
                ],
                [
                    1750.08,
                    832.0319999999999
                ],
                [
                    1742.976,
                    839.052
                ],
                [
                    1734.9119999999998,
                    855.036
                ],
                [
                    1721.088,
                    859.032
                ],
                [
                    1710.912,
                    867.024
                ],
                [
                    1699.9679999999998,
                    882.036
                ],
                [
                    1695.936,
                    891.972
                ],
                [
                    1688.0639999999999,
                    899.964
                ],
                [
                    1686.912,
                    903.9599999999999
                ],
                [
                    1679.0400000000002,
                    910.98
                ],
                [
                    1670.016,
                    940.0319999999999
                ],
                [
                    1659.072,
                    955.044
                ],
                [
                    1656,
                    955.044
                ],
                [
                    1655.04,
                    957.96
                ],
                [
                    1650.048,
                    960.0120000000001
                ],
                [
                    1637.952,
                    960.0120000000001
                ]
            ]
        }
    ]
}