{
    "IMAGE_INFO": {
        "FILE_NAME": "1000478@0_02001_220906_P1_T3__1273.jpg",
        "DATE": "2022-10-21 15:24:24",
        "RESOLUTION": "1920 x 1080",
        "IMAGE_PHOTOGRAPHER": "이지은",
        "FOCUS_DISTANCE": "5.6",
        "EXPOSURE_TIME": "1/400",
        "SENSITIVITY_ISO": "12800",
        "PLACE": "삼오자원",
        "REGION_NAME": null,
        "Direction": "0",
        "HEIGHT": "100",
        "DAY/NIGHT": "주간",
        "WEATHER": "맑음",
        "IMAGE_HEIGHT": 1080,
        "IMAGE_WIDTH": 1920,
        "IMAGE_SIZE": "580.7 KB"
    },
    "ANNOTATION_INFO": [
        {
            "ID": "1",
            "CLASS": "종이",
            "DETAILS": "종이",
            "DAMAGE": "손상",
            "DIRTINESS": "이물질(외부)",
            "COVER": "없음",
            "TRANSPARENCY": "불투명",
            "SHAPE": "기타 형태",
            "SHAPE_TYPE": "POLYGON",
            "POINTS": [
                [
                    1411.968,
                    498.96000000000004
                ],
                [
                    1409.088,
                    497.988
                ],
                [
                    1402.944,
                    489.996
                ],
                [
                    1391.04,
                    456.948
                ],
                [
                    1387.968,
                    454.032
                ],
                [
                    1380.096,
                    432
                ],
                [
                    1377.024,
                    428.976
                ],
                [
                    1363.008,
                    390.96
                ],
                [
                    1353.024,
                    375.94800000000004
                ],
                [
                    1352.064,
                    370.98
                ],
                [
                    1344.96,
                    362.016
                ],
                [
                    1344,
                    354.024
                ],
                [
                    1340.928,
                    350.028
                ],
                [
                    1340.928,
                    335.988
                ],
                [
                    1334.976,
                    323.02799999999996
                ],
                [
                    1337.088,
                    309.96
                ],
                [
                    1323.0720000000001,
                    289.98
                ],
                [
                    1311.9360000000001,
                    278.964
                ],
                [
                    1310.016,
                    273.996
                ],
                [
                    1310.9759999999999,
                    270
                ],
                [
                    1315.0079999999998,
                    266.976
                ],
                [
                    1323.0720000000001,
                    255.95999999999998
                ],
                [
                    1335.936,
                    247.968
                ],
                [
                    1344,
                    246.024
                ],
                [
                    1358.9759999999999,
                    247.968
                ],
                [
                    1372.992,
                    246.99599999999998
                ],
                [
                    1391.04,
                    239.004
                ],
                [
                    1396.992,
                    231.012
                ],
                [
                    1412.9279999999999,
                    219.99599999999998
                ],
                [
                    1412.9279999999999,
                    216
                ],
                [
                    1409.088,
                    211.03199999999998
                ],
                [
                    1422.912,
                    209.952
                ],
                [
                    1430.9759999999999,
                    211.03199999999998
                ],
                [
                    1435.968,
                    212.976
                ],
                [
                    1453.056,
                    213.948
                ],
                [
                    1463.04,
                    219.99599999999998
                ],
                [
                    1473.024,
                    234.036
                ],
                [
                    1473.024,
                    236.95200000000003
                ],
                [
                    1483.968,
                    250.02
                ],
                [
                    1487.04,
                    250.02
                ],
                [
                    1492.992,
                    246.024
                ],
                [
                    1512,
                    239.004
                ],
                [
                    1516.992,
                    239.004
                ],
                [
                    1521.0240000000001,
                    242.028
                ],
                [
                    1540.992,
                    240.94799999999998
                ],
                [
                    1549.056,
                    239.004
                ],
                [
                    1555.968,
                    239.004
                ],
                [
                    1560,
                    240.94799999999998
                ],
                [
                    1564.032,
                    247.968
                ],
                [
                    1569.984,
                    285.012
                ],
                [
                    1574.0159999999998,
                    300.024
                ],
                [
                    1579.9679999999998,
                    312.012
                ],
                [
                    1584.96,
                    334.04400000000004
                ],
                [
                    1589.952,
                    339.98400000000004
                ],
                [
                    1592.064,
                    339.98400000000004
                ],
                [
                    1593.9840000000002,
                    343.98
                ],
                [
                    1593.9840000000002,
                    347.00399999999996
                ],
                [
                    1589.952,
                    351.97200000000004
                ],
                [
                    1589.952,
                    357.048
                ],
                [
                    1593.024,
                    362.016
                ],
                [
                    1593.9840000000002,
                    369.036
                ],
                [
                    1592.064,
                    373.032
                ],
                [
                    1577.088,
                    378
                ],
                [
                    1564.9920000000002,
                    377.028
                ],
                [
                    1556.9279999999999,
                    371.952
                ],
                [
                    1523.904,
                    371.952
                ],
                [
                    1521.0240000000001,
                    370.98
                ],
                [
                    1516.992,
                    366.012
                ],
                [
                    1511.04,
                    351
                ],
                [
                    1502.976,
                    339.012
                ],
                [
                    1498.944,
                    338.04
                ],
                [
                    1470.912,
                    338.04
                ],
                [
                    1468.032,
                    339.98400000000004
                ],
                [
                    1468.032,
                    344.952
                ],
                [
                    1472.064,
                    351.97200000000004
                ],
                [
                    1477.056,
                    370.00800000000004
                ],
                [
                    1498.944,
                    419.04
                ],
                [
                    1499.904,
                    428.00399999999996
                ],
                [
                    1512,
                    455.976
                ],
                [
                    1512,
                    463.96799999999996
                ],
                [
                    1499.904,
                    467.964
                ],
                [
                    1494.9119999999998,
                    470.988
                ],
                [
                    1488.96,
                    471.96
                ],
                [
                    1483.008,
                    475.95599999999996
                ],
                [
                    1479.9360000000001,
                    475.95599999999996
                ],
                [
                    1477.056,
                    478.008
                ],
                [
                    1468.992,
                    479.952
                ],
                [
                    1444.9920000000002,
                    489.996
                ],
                [
                    1443.0720000000001,
                    492.048
                ],
                [
                    1436.9279999999999,
                    493.02000000000004
                ],
                [
                    1435.0079999999998,
                    494.964
                ],
                [
                    1420.992,
                    498.96000000000004
                ]
            ]
        },
        {
            "ID": "2",
            "CLASS": "종이",
            "DETAILS": "종이",
            "DAMAGE": "손상",
            "DIRTINESS": "이물질(외부)",
            "COVER": "겹침",
            "TRANSPARENCY": "불투명",
            "SHAPE": "낱장형",
            "SHAPE_TYPE": "POLYGON",
            "POINTS": [
                [
                    1620.096,
                    589.032
                ],
                [
                    1603.008,
                    582.9839999999999
                ],
                [
                    1593.024,
                    574.02
                ],
                [
                    1584.96,
                    570.996
                ],
                [
                    1577.088,
                    563.004
                ],
                [
                    1570.944,
                    560.952
                ],
                [
                    1566.912,
                    560.952
                ],
                [
                    1563.0720000000001,
                    555.0120000000001
                ],
                [
                    1542.912,
                    566.028
                ],
                [
                    1537.92,
                    567
                ],
                [
                    1530.048,
                    567
                ],
                [
                    1522.944,
                    564.948
                ],
                [
                    1512.96,
                    564.948
                ],
                [
                    1505.0880000000002,
                    567
                ],
                [
                    1494.9119999999998,
                    567
                ],
                [
                    1492.032,
                    566.028
                ],
                [
                    1478.9759999999999,
                    547.02
                ],
                [
                    1464,
                    529.956
                ],
                [
                    1463.04,
                    524.9879999999999
                ],
                [
                    1449.0240000000001,
                    506.952
                ],
                [
                    1440.9599999999998,
                    493.02000000000004
                ],
                [
                    1468.032,
                    478.98
                ],
                [
                    1491.072,
                    470.988
                ],
                [
                    1497.024,
                    466.02
                ],
                [
                    1501.056,
                    466.02
                ],
                [
                    1506.048,
                    463.96799999999996
                ],
                [
                    1507.968,
                    461.052
                ],
                [
                    1507.968,
                    451.97999999999996
                ],
                [
                    1505.0880000000002,
                    443.016
                ],
                [
                    1502.016,
                    439.99199999999996
                ],
                [
                    1501.056,
                    431.028
                ],
                [
                    1496.064,
                    420.984
                ],
                [
                    1491.072,
                    400.032
                ],
                [
                    1476.096,
                    367.956
                ],
                [
                    1467.0720000000001,
                    339.012
                ],
                [
                    1488.96,
                    338.04
                ],
                [
                    1501.056,
                    339.98400000000004
                ],
                [
                    1508.928,
                    350.028
                ],
                [
                    1516.992,
                    367.956
                ],
                [
                    1522.944,
                    370.98
                ],
                [
                    1554.048,
                    370.98
                ],
                [
                    1560.9599999999998,
                    375.94800000000004
                ],
                [
                    1579.9679999999998,
                    377.028
                ],
                [
                    1584.96,
                    374.004
                ],
                [
                    1588.032,
                    374.004
                ],
                [
                    1590.912,
                    367.956
                ],
                [
                    1588.992,
                    350.028
                ],
                [
                    1590.912,
                    343.98
                ],
                [
                    1585.9199999999998,
                    339.012
                ],
                [
                    1580.928,
                    328.96799999999996
                ],
                [
                    1579.9679999999998,
                    320.004
                ],
                [
                    1574.0159999999998,
                    308.016
                ],
                [
                    1573.056,
                    297.972
                ],
                [
                    1564.9920000000002,
                    277.992
                ],
                [
                    1564.032,
                    261.036
                ],
                [
                    1560,
                    255.95999999999998
                ],
                [
                    1556.9279999999999,
                    242.028
                ],
                [
                    1548.096,
                    240.94799999999998
                ],
                [
                    1545.9840000000002,
                    243
                ],
                [
                    1526.976,
                    243.97199999999998
                ],
                [
                    1512,
                    253.044
                ],
                [
                    1499.904,
                    254.016
                ],
                [
                    1497.024,
                    250.02
                ],
                [
                    1488,
                    250.02
                ],
                [
                    1483.008,
                    254.016
                ],
                [
                    1474.944,
                    242.028
                ],
                [
                    1470.912,
                    231.98399999999998
                ],
                [
                    1487.04,
                    218.052
                ],
                [
                    1487.04,
                    213.948
                ],
                [
                    1483.008,
                    212.004
                ],
                [
                    1483.008,
                    208.98000000000002
                ],
                [
                    1478.016,
                    208.00799999999998
                ],
                [
                    1478.016,
                    205.95600000000002
                ],
                [
                    1483.008,
                    208.00799999999998
                ],
                [
                    1487.04,
                    207.036
                ],
                [
                    1494.9119999999998,
                    200.988
                ],
                [
                    1496.064,
                    193.96800000000002
                ],
                [
                    1516.032,
                    195.048
                ],
                [
                    1536,
                    182.952
                ],
                [
                    1550.9759999999999,
                    182.952
                ],
                [
                    1570.944,
                    196.99200000000002
                ],
                [
                    1589.952,
                    227.016
                ],
                [
                    1601.088,
                    239.004
                ],
                [
                    1602.048,
                    243
                ],
                [
                    1611.072,
                    253.044
                ],
                [
                    1628.928,
                    278.964
                ],
                [
                    1676.9279999999999,
                    336.96
                ],
                [
                    1686.912,
                    347.00399999999996
                ],
                [
                    1704,
                    370.98
                ],
                [
                    1718.016,
                    381.99600000000004
                ],
                [
                    1726.08,
                    381.99600000000004
                ],
                [
                    1723.968,
                    388.044
                ],
                [
                    1726.08,
                    397.008
                ],
                [
                    1732.992,
                    407.052
                ],
                [
                    1732.992,
                    412.992
                ],
                [
                    1728,
                    423.036
                ],
                [
                    1732.992,
                    428.976
                ],
                [
                    1723.968,
                    431.028
                ],
                [
                    1714.944,
                    444.96
                ],
                [
                    1704.96,
                    452.952
                ],
                [
                    1704.96,
                    466.02
                ],
                [
                    1699.008,
                    478.98
                ],
                [
                    1691.904,
                    482.976
                ],
                [
                    1684.032,
                    490.968
                ],
                [
                    1670.016,
                    516.996
                ],
                [
                    1649.088,
                    537.948
                ],
                [
                    1640.0639999999999,
                    543.024
                ],
                [
                    1632,
                    550.044
                ],
                [
                    1632,
                    552.96
                ],
                [
                    1628.928,
                    555.0120000000001
                ],
                [
                    1632.96,
                    563.004
                ],
                [
                    1640.0639999999999,
                    569.052
                ],
                [
                    1641.0240000000001,
                    578.016
                ],
                [
                    1638.912,
                    582.9839999999999
                ],
                [
                    1627.008,
                    589.032
                ]
            ]
        }
    ]
}