{
    "IMAGE_INFO": {
        "FILE_NAME": "1000632@0_02001_220906_P1_T3__0314.jpg",
        "DATE": "2022-10-21 15:28:00",
        "RESOLUTION": "1920 x 1080",
        "IMAGE_PHOTOGRAPHER": "이지은",
        "FOCUS_DISTANCE": "5.6",
        "EXPOSURE_TIME": "1/400",
        "SENSITIVITY_ISO": "12800",
        "PLACE": "삼오자원",
        "REGION_NAME": null,
        "Direction": "0",
        "HEIGHT": "100",
        "DAY/NIGHT": "주간",
        "WEATHER": "맑음",
        "IMAGE_HEIGHT": 1080,
        "IMAGE_WIDTH": 1920,
        "IMAGE_SIZE": "621.1 KB"
    },
    "ANNOTATION_INFO": [
        {
            "ID": "1",
            "CLASS": "종이",
            "DETAILS": "종이",
            "DAMAGE": "손상",
            "DIRTINESS": "이물질(내부)",
            "COVER": "없음",
            "TRANSPARENCY": "불투명",
            "SHAPE": "박스형",
            "SHAPE_TYPE": "POLYGON",
            "POINTS": [
                [
                    1198.08,
                    901.0440000000001
                ],
                [
                    1188.096,
                    898.9920000000001
                ],
                [
                    1172.9279999999999,
                    893.052
                ],
                [
                    1134.9119999999998,
                    864.972
                ],
                [
                    1123.008,
                    849.96
                ],
                [
                    1098.048,
                    830.952
                ],
                [
                    1088.0639999999999,
                    824.04
                ],
                [
                    1075.0079999999998,
                    820.044
                ],
                [
                    1055.04,
                    806.976
                ],
                [
                    954.048,
                    725.976
                ],
                [
                    946.9440000000001,
                    717.0120000000001
                ],
                [
                    934.0799999999999,
                    709.02
                ],
                [
                    918.912,
                    690.984
                ],
                [
                    901.056,
                    678.9960000000001
                ],
                [
                    886.08,
                    660.96
                ],
                [
                    870.912,
                    648.972
                ],
                [
                    864,
                    637.956
                ],
                [
                    830.976,
                    605.988
                ],
                [
                    829.056,
                    598.968
                ],
                [
                    820.992,
                    593.028
                ],
                [
                    802.9440000000001,
                    567
                ],
                [
                    802.9440000000001,
                    546.048
                ],
                [
                    812.928,
                    521.964
                ],
                [
                    824.0640000000001,
                    502.956
                ],
                [
                    829.056,
                    498.96000000000004
                ],
                [
                    830.976,
                    488.052
                ],
                [
                    850.944,
                    450.036
                ],
                [
                    870.912,
                    420.012
                ],
                [
                    870.912,
                    412.992
                ],
                [
                    878.976,
                    401.976
                ],
                [
                    883.968,
                    385.02
                ],
                [
                    891.072,
                    374.976
                ],
                [
                    891.072,
                    367.956
                ],
                [
                    913.92,
                    327.99600000000004
                ],
                [
                    971.904,
                    262.98
                ],
                [
                    1014.9119999999999,
                    231.012
                ],
                [
                    1025.0880000000002,
                    227.016
                ],
                [
                    1032,
                    218.052
                ],
                [
                    1124.9279999999999,
                    142.992
                ],
                [
                    1171.008,
                    118.044
                ],
                [
                    1188.096,
                    111.024
                ],
                [
                    1236.096,
                    103.032
                ],
                [
                    1241.088,
                    103.032
                ],
                [
                    1261.056,
                    108.97200000000001
                ],
                [
                    1299.072,
                    135
                ],
                [
                    1352.064,
                    185.976
                ],
                [
                    1395.0720000000001,
                    235.00799999999998
                ],
                [
                    1406.976,
                    261.036
                ],
                [
                    1426.944,
                    293.00399999999996
                ],
                [
                    1451.904,
                    319.032
                ],
                [
                    1457.088,
                    327.99600000000004
                ],
                [
                    1478.016,
                    342.036
                ],
                [
                    1492.992,
                    359.964
                ],
                [
                    1515.0720000000001,
                    374.976
                ],
                [
                    1553.088,
                    407.052
                ],
                [
                    1568.0639999999999,
                    429.94800000000004
                ],
                [
                    1568.0639999999999,
                    443.016
                ],
                [
                    1560.9599999999998,
                    474.98400000000004
                ],
                [
                    1555.968,
                    486
                ],
                [
                    1550.9759999999999,
                    489.996
                ],
                [
                    1537.92,
                    517.9680000000001
                ],
                [
                    1517.952,
                    574.02
                ],
                [
                    1499.904,
                    605.988
                ],
                [
                    1489.92,
                    633.9599999999999
                ],
                [
                    1459.9679999999998,
                    681.048
                ],
                [
                    1454.976,
                    698.004
                ],
                [
                    1440,
                    713.016
                ],
                [
                    1436.9279999999999,
                    721.0079999999999
                ],
                [
                    1426.944,
                    733.968
                ],
                [
                    1410.048,
                    751.032
                ],
                [
                    1405.056,
                    759.996
                ],
                [
                    1377.024,
                    783
                ],
                [
                    1368.96,
                    794.016
                ],
                [
                    1334.0159999999998,
                    828.0360000000001
                ],
                [
                    1273.92,
                    875.988
                ],
                [
                    1253.952,
                    890.028
                ],
                [
                    1233.9840000000002,
                    898.9920000000001
                ],
                [
                    1225.9199999999998,
                    901.0440000000001
                ],
                [
                    1198.08,
                    901.0440000000001
                ]
            ]
        }
    ]
}