{
    "IMAGE_INFO": {
        "FILE_NAME": "1001376@0_02001_220906_P1_T3__0303.jpg",
        "DATE": "2022-10-21 15:34:26",
        "RESOLUTION": "1920 x 1080",
        "IMAGE_PHOTOGRAPHER": "이지은",
        "FOCUS_DISTANCE": "5.6",
        "EXPOSURE_TIME": "1/400",
        "SENSITIVITY_ISO": "12800",
        "PLACE": "삼오자원",
        "REGION_NAME": null,
        "Direction": "0",
        "HEIGHT": "100",
        "DAY/NIGHT": "주간",
        "WEATHER": "맑음",
        "IMAGE_HEIGHT": 1080,
        "IMAGE_WIDTH": 1920,
        "IMAGE_SIZE": "634.0 KB"
    },
    "ANNOTATION_INFO": [
        {
            "ID": "1",
            "CLASS": "종이",
            "DETAILS": "종이",
            "DAMAGE": "완전압착",
            "DIRTINESS": "이물질(외부)",
            "COVER": "없음",
            "TRANSPARENCY": "불투명",
            "SHAPE": "종이컵형",
            "SHAPE_TYPE": "POLYGON",
            "POINTS": [
                [
                    1654.0800000000002,
                    299.05199999999996
                ],
                [
                    1643.904,
                    297
                ],
                [
                    1637.952,
                    293.976
                ],
                [
                    1618.944,
                    281.01599999999996
                ],
                [
                    1608,
                    277.992
                ],
                [
                    1598.9759999999999,
                    277.02
                ],
                [
                    1590.912,
                    273.996
                ],
                [
                    1574.976,
                    273.996
                ],
                [
                    1571.904,
                    273.024
                ],
                [
                    1560,
                    265.032
                ],
                [
                    1531.968,
                    250.02
                ],
                [
                    1499.904,
                    228.95999999999998
                ],
                [
                    1492.032,
                    216.972
                ],
                [
                    1487.04,
                    200.016
                ],
                [
                    1488,
                    195.048
                ],
                [
                    1494.9119999999998,
                    189.972
                ],
                [
                    1539.072,
                    168.04799999999997
                ],
                [
                    1551.9360000000001,
                    158.00400000000002
                ],
                [
                    1570.944,
                    147.96
                ],
                [
                    1607.04,
                    119.016
                ],
                [
                    1620.096,
                    105.94800000000001
                ],
                [
                    1637.952,
                    81.972
                ],
                [
                    1645.056,
                    77.004
                ],
                [
                    1651.968,
                    65.988
                ],
                [
                    1660.0320000000002,
                    42.984
                ],
                [
                    1664.064,
                    37.044
                ],
                [
                    1661.952,
                    34.02
                ],
                [
                    1665.024,
                    29.052
                ],
                [
                    1674.048,
                    20.952
                ],
                [
                    1684.032,
                    7.992
                ],
                [
                    1688.0639999999999,
                    6.048
                ],
                [
                    1689.0240000000001,
                    3.996
                ],
                [
                    1689.0240000000001,
                    19.008000000000003
                ],
                [
                    1698.048,
                    31.968
                ],
                [
                    1708.032,
                    38.988
                ],
                [
                    1713.024,
                    46.007999999999996
                ],
                [
                    1723.008,
                    54
                ],
                [
                    1737.984,
                    64.044
                ],
                [
                    1746.048,
                    77.004
                ],
                [
                    1770.048,
                    95.03999999999999
                ],
                [
                    1774.0800000000002,
                    100.008
                ],
                [
                    1774.0800000000002,
                    104.00399999999999
                ],
                [
                    1766.0159999999998,
                    119.016
                ],
                [
                    1753.92,
                    131.976
                ],
                [
                    1748.928,
                    142.992
                ],
                [
                    1734.9119999999998,
                    158.00400000000002
                ],
                [
                    1728.96,
                    176.04000000000002
                ],
                [
                    1713.9840000000002,
                    186.948
                ],
                [
                    1699.9679999999998,
                    192.996
                ],
                [
                    1689.984,
                    201.96
                ],
                [
                    1689.0240000000001,
                    209.952
                ],
                [
                    1678.08,
                    230.04
                ],
                [
                    1673.088,
                    246.024
                ],
                [
                    1670.016,
                    249.048
                ],
                [
                    1665.9840000000002,
                    259.956
                ],
                [
                    1668.096,
                    289.008
                ],
                [
                    1664.064,
                    296.028
                ],
                [
                    1656.96,
                    299.05199999999996
                ],
                [
                    1654.0800000000002,
                    299.05199999999996
                ]
            ]
        }
    ]
}