{
    "IMAGE_INFO": {
        "FILE_NAME": "1001379@0_02001_220906_P1_T3__0300.jpg",
        "DATE": "2022-10-21 15:34:24",
        "RESOLUTION": "1920 x 1080",
        "IMAGE_PHOTOGRAPHER": "이지은",
        "FOCUS_DISTANCE": "5.6",
        "EXPOSURE_TIME": "1/400",
        "SENSITIVITY_ISO": "12800",
        "PLACE": "삼오자원",
        "REGION_NAME": null,
        "Direction": "0",
        "HEIGHT": "100",
        "DAY/NIGHT": "주간",
        "WEATHER": "맑음",
        "IMAGE_HEIGHT": 1080,
        "IMAGE_WIDTH": 1920,
        "IMAGE_SIZE": "650.4 KB"
    },
    "ANNOTATION_INFO": [
        {
            "ID": "1",
            "CLASS": "종이",
            "DETAILS": "종이",
            "DAMAGE": "원형",
            "DIRTINESS": "이물질(외부)",
            "COVER": "없음",
            "TRANSPARENCY": "불투명",
            "SHAPE": "종이컵형",
            "SHAPE_TYPE": "POLYGON",
            "POINTS": [
                [
                    1670.016,
                    670.0319999999999
                ],
                [
                    1665.024,
                    667.98
                ],
                [
                    1660.992,
                    667.98
                ],
                [
                    1649.088,
                    659.9879999999999
                ],
                [
                    1643.904,
                    654.048
                ],
                [
                    1627.968,
                    648
                ],
                [
                    1597.056,
                    641.952
                ],
                [
                    1592.064,
                    641.952
                ],
                [
                    1589.952,
                    644.004
                ],
                [
                    1584,
                    641.952
                ],
                [
                    1574.0159999999998,
                    635.04
                ],
                [
                    1550.016,
                    624.996
                ],
                [
                    1537.92,
                    617.976
                ],
                [
                    1521.0240000000001,
                    604.044
                ],
                [
                    1506.048,
                    594
                ],
                [
                    1497.984,
                    574.992
                ],
                [
                    1497.024,
                    566.028
                ],
                [
                    1502.016,
                    559.9799999999999
                ],
                [
                    1521.0240000000001,
                    550.044
                ],
                [
                    1537.92,
                    531.0360000000001
                ],
                [
                    1550.9759999999999,
                    520.02
                ],
                [
                    1563.0720000000001,
                    516.024
                ],
                [
                    1564.032,
                    513
                ],
                [
                    1571.904,
                    505.98
                ],
                [
                    1583.04,
                    500.04
                ],
                [
                    1599.9360000000001,
                    482.00399999999996
                ],
                [
                    1611.072,
                    473.04
                ],
                [
                    1627.968,
                    462.024
                ],
                [
                    1640.0639999999999,
                    456.948
                ],
                [
                    1641.0240000000001,
                    451.97999999999996
                ],
                [
                    1646.0159999999998,
                    450.036
                ],
                [
                    1647.936,
                    444.96
                ],
                [
                    1651.968,
                    444.96
                ],
                [
                    1668.096,
                    428.976
                ],
                [
                    1678.08,
                    411.048
                ],
                [
                    1680.9599999999998,
                    408.996
                ],
                [
                    1683.0720000000001,
                    401.004
                ],
                [
                    1690.944,
                    392.03999999999996
                ],
                [
                    1694.976,
                    392.03999999999996
                ],
                [
                    1700.928,
                    394.956
                ],
                [
                    1708.032,
                    408.024
                ],
                [
                    1718.016,
                    416.01599999999996
                ],
                [
                    1729.92,
                    423.036
                ],
                [
                    1733.952,
                    428.00399999999996
                ],
                [
                    1739.904,
                    432
                ],
                [
                    1742.976,
                    438.048
                ],
                [
                    1752.96,
                    444.96
                ],
                [
                    1755.0720000000001,
                    444.96
                ],
                [
                    1760.0639999999999,
                    451.00800000000004
                ],
                [
                    1776,
                    461.052
                ],
                [
                    1780.992,
                    466.02
                ],
                [
                    1780.992,
                    474.012
                ],
                [
                    1776.96,
                    478.008
                ],
                [
                    1775.04,
                    485.028
                ],
                [
                    1769.088,
                    493.99199999999996
                ],
                [
                    1765.056,
                    497.016
                ],
                [
                    1755.0720000000001,
                    515.052
                ],
                [
                    1729.92,
                    543.9960000000001
                ],
                [
                    1708.032,
                    563.976
                ],
                [
                    1683.0720000000001,
                    602.964
                ],
                [
                    1676.9279999999999,
                    624.996
                ],
                [
                    1673.088,
                    632.9879999999999
                ],
                [
                    1681.92,
                    648.972
                ],
                [
                    1683.0720000000001,
                    664.956
                ],
                [
                    1681.92,
                    667.008
                ],
                [
                    1676.9279999999999,
                    668.952
                ],
                [
                    1670.016,
                    670.0319999999999
                ]
            ]
        }
    ]
}