{
    "IMAGE_INFO": {
        "FILE_NAME": "1001374@0_02001_220906_P1_T3__0302.jpg",
        "DATE": "2022-10-21 15:34:26",
        "RESOLUTION": "1920 x 1080",
        "IMAGE_PHOTOGRAPHER": "이지은",
        "FOCUS_DISTANCE": "5.6",
        "EXPOSURE_TIME": "1/400",
        "SENSITIVITY_ISO": "12800",
        "PLACE": "삼오자원",
        "REGION_NAME": null,
        "Direction": "0",
        "HEIGHT": "100",
        "DAY/NIGHT": "주간",
        "WEATHER": "맑음",
        "IMAGE_HEIGHT": 1080,
        "IMAGE_WIDTH": 1920,
        "IMAGE_SIZE": "621.2 KB"
    },
    "ANNOTATION_INFO": [
        {
            "ID": "1",
            "CLASS": "종이",
            "DETAILS": "종이",
            "DAMAGE": "손상",
            "DIRTINESS": "이물질(외부)",
            "COVER": "없음",
            "TRANSPARENCY": "불투명",
            "SHAPE": "종이팩형",
            "SHAPE_TYPE": "POLYGON",
            "POINTS": [
                [
                    1646.976,
                    417.96000000000004
                ],
                [
                    1635.0720000000001,
                    408.996
                ],
                [
                    1632,
                    405
                ],
                [
                    1628.928,
                    405
                ],
                [
                    1627.008,
                    402.948
                ],
                [
                    1592.064,
                    393.98400000000004
                ],
                [
                    1583.04,
                    393.98400000000004
                ],
                [
                    1579.9679999999998,
                    397.008
                ],
                [
                    1575.936,
                    396.036
                ],
                [
                    1564.9920000000002,
                    389.016
                ],
                [
                    1563.0720000000001,
                    389.016
                ],
                [
                    1559.0400000000002,
                    385.992
                ],
                [
                    1540.992,
                    378
                ],
                [
                    1531.008,
                    371.952
                ],
                [
                    1498.944,
                    348.948
                ],
                [
                    1494.9119999999998,
                    343.008
                ],
                [
                    1491.072,
                    323.02799999999996
                ],
                [
                    1493.952,
                    316.00800000000004
                ],
                [
                    1497.984,
                    315.036
                ],
                [
                    1499.904,
                    312.012
                ],
                [
                    1529.088,
                    297
                ],
                [
                    1531.968,
                    293.976
                ],
                [
                    1536,
                    293.00399999999996
                ],
                [
                    1560,
                    277.02
                ],
                [
                    1564.032,
                    273.024
                ],
                [
                    1571.904,
                    270.97200000000004
                ],
                [
                    1613.952,
                    236.95200000000003
                ],
                [
                    1617.024,
                    231.012
                ],
                [
                    1632,
                    218.052
                ],
                [
                    1650.048,
                    196.99200000000002
                ],
                [
                    1650.048,
                    195.048
                ],
                [
                    1657.92,
                    186.948
                ],
                [
                    1657.92,
                    184.03199999999998
                ],
                [
                    1665.9840000000002,
                    178.956
                ],
                [
                    1671.9360000000001,
                    165.996
                ],
                [
                    1674.048,
                    157.032
                ],
                [
                    1685.952,
                    149.04000000000002
                ],
                [
                    1690.944,
                    149.04000000000002
                ],
                [
                    1710.912,
                    168.04799999999997
                ],
                [
                    1732.032,
                    181.98000000000002
                ],
                [
                    1734.9119999999998,
                    189.972
                ],
                [
                    1766.976,
                    211.03199999999998
                ],
                [
                    1776.96,
                    219.99599999999998
                ],
                [
                    1777.92,
                    223.992
                ],
                [
                    1775.04,
                    231.98399999999998
                ],
                [
                    1761.0240000000001,
                    250.992
                ],
                [
                    1757.952,
                    253.044
                ],
                [
                    1757.952,
                    255.95999999999998
                ],
                [
                    1751.04,
                    262.00800000000004
                ],
                [
                    1739.904,
                    277.02
                ],
                [
                    1732.992,
                    282.96000000000004
                ],
                [
                    1732.032,
                    286.956
                ],
                [
                    1693.056,
                    324
                ],
                [
                    1675.968,
                    350.028
                ],
                [
                    1674.048,
                    354.024
                ],
                [
                    1673.088,
                    369.036
                ],
                [
                    1669.056,
                    374.976
                ],
                [
                    1669.056,
                    381.99600000000004
                ],
                [
                    1674.048,
                    392.03999999999996
                ],
                [
                    1674.048,
                    417.96000000000004
                ]
            ]
        }
    ]
}