{
    "IMAGE_INFO": {
        "FILE_NAME": "1002355@0_02001_220907_P1_T3__3329.jpg",
        "DATE": "2022-10-24 16:38:06",
        "RESOLUTION": "1920 x 1080",
        "IMAGE_PHOTOGRAPHER": "이지은",
        "FOCUS_DISTANCE": "5.6",
        "EXPOSURE_TIME": "1/400",
        "SENSITIVITY_ISO": "4000",
        "PLACE": "용인시재활용센터",
        "REGION_NAME": null,
        "Direction": "0",
        "HEIGHT": "100",
        "DAY/NIGHT": "주간",
        "WEATHER": "맑음",
        "IMAGE_HEIGHT": 1080,
        "IMAGE_WIDTH": 1920,
        "IMAGE_SIZE": "679.5 KB"
    },
    "ANNOTATION_INFO": [
        {
            "ID": "1",
            "CLASS": "종이",
            "DETAILS": "종이",
            "DAMAGE": "손상",
            "DIRTINESS": "오염없음",
            "COVER": "없음",
            "TRANSPARENCY": "불투명",
            "SHAPE": "기타 형태",
            "SHAPE_TYPE": "POLYGON",
            "POINTS": [
                [
                    566.976,
                    293.976
                ],
                [
                    552,
                    289.008
                ],
                [
                    551.04,
                    288.036
                ],
                [
                    546.048,
                    285.984
                ],
                [
                    529.9200000000001,
                    272.052
                ],
                [
                    526.08,
                    269.02799999999996
                ],
                [
                    521.088,
                    266.976
                ],
                [
                    514.944,
                    259.956
                ],
                [
                    512.064,
                    259.956
                ],
                [
                    510.91200000000003,
                    258.012
                ],
                [
                    504,
                    251.964
                ],
                [
                    497.088,
                    240.94799999999998
                ],
                [
                    490.94399999999996,
                    220.96800000000002
                ],
                [
                    489.02399999999994,
                    203.04
                ],
                [
                    483.072,
                    192.024
                ],
                [
                    481.92,
                    186.948
                ],
                [
                    480,
                    185.00400000000002
                ],
                [
                    480,
                    177.012
                ],
                [
                    478.08,
                    170.964
                ],
                [
                    478.08,
                    168.04799999999997
                ],
                [
                    476.928,
                    165.024
                ],
                [
                    475.00800000000004,
                    164.05200000000002
                ],
                [
                    474.048,
                    159.948
                ],
                [
                    474.048,
                    142.02
                ],
                [
                    481.92,
                    114.048
                ],
                [
                    488.06399999999996,
                    103.032
                ],
                [
                    491.904,
                    97.956
                ],
                [
                    499.00800000000004,
                    92.01599999999999
                ],
                [
                    513.984,
                    84.99600000000001
                ],
                [
                    518.976,
                    84.02399999999999
                ],
                [
                    533.952,
                    84.02399999999999
                ],
                [
                    546.048,
                    87.048
                ],
                [
                    552.9599999999999,
                    89.964
                ],
                [
                    565.056,
                    100.98
                ],
                [
                    566.976,
                    104.976
                ],
                [
                    571.008,
                    110.052
                ],
                [
                    575.04,
                    116.964
                ],
                [
                    579.072,
                    128.952
                ],
                [
                    580.992,
                    143.964
                ],
                [
                    582.9119999999999,
                    147.96
                ],
                [
                    582.9119999999999,
                    161.02800000000002
                ],
                [
                    584.0640000000001,
                    165.996
                ],
                [
                    586.9440000000001,
                    170.964
                ],
                [
                    590.976,
                    182.952
                ],
                [
                    591.936,
                    199.04399999999998
                ],
                [
                    590.976,
                    203.04
                ],
                [
                    590.976,
                    209.952
                ],
                [
                    591.936,
                    216.972
                ],
                [
                    590.976,
                    223.01999999999998
                ],
                [
                    591.936,
                    232.95600000000002
                ],
                [
                    595.008,
                    242.028
                ],
                [
                    595.008,
                    250.992
                ],
                [
                    596.928,
                    257.03999999999996
                ],
                [
                    596.928,
                    263.952
                ],
                [
                    595.008,
                    273.024
                ],
                [
                    589.056,
                    286.956
                ],
                [
                    582.9119999999999,
                    292.032
                ],
                [
                    577.92,
                    293.976
                ],
                [
                    566.976,
                    293.976
                ]
            ]
        }
    ]
}