{
    "IMAGE_INFO": {
        "FILE_NAME": "1003985@0_02001_220907_P1_T3__0768.jpg",
        "DATE": "2022-10-24 18:11:20",
        "RESOLUTION": "1920 x 1080",
        "IMAGE_PHOTOGRAPHER": "이지은",
        "FOCUS_DISTANCE": "5.6",
        "EXPOSURE_TIME": "1/400",
        "SENSITIVITY_ISO": "4000",
        "PLACE": "용인시재활용센터",
        "REGION_NAME": null,
        "Direction": "0",
        "HEIGHT": "100",
        "DAY/NIGHT": "주간",
        "WEATHER": "맑음",
        "IMAGE_HEIGHT": 1080,
        "IMAGE_WIDTH": 1920,
        "IMAGE_SIZE": "531.0 KB"
    },
    "ANNOTATION_INFO": [
        {
            "ID": "1",
            "CLASS": "종이",
            "DETAILS": "종이",
            "DAMAGE": "손상",
            "DIRTINESS": "이물질(전체)",
            "COVER": "겹침",
            "TRANSPARENCY": "불투명",
            "SHAPE": "기타 형태",
            "SHAPE_TYPE": "POLYGON",
            "POINTS": [
                [
                    1003.0079999999999,
                    678.024
                ],
                [
                    987.072,
                    675
                ],
                [
                    960,
                    666.0360000000001
                ],
                [
                    948.096,
                    659.9879999999999
                ],
                [
                    939.072,
                    659.016
                ],
                [
                    926.016,
                    652.9680000000001
                ],
                [
                    918.912,
                    647.028
                ],
                [
                    910.0799999999999,
                    636.984
                ],
                [
                    902.016,
                    621
                ],
                [
                    892.9920000000001,
                    612.036
                ],
                [
                    864,
                    574.02
                ],
                [
                    859.008,
                    564.948
                ],
                [
                    859.008,
                    551.016
                ],
                [
                    869.952,
                    535.032
                ],
                [
                    874.944,
                    523.044
                ],
                [
                    874.944,
                    509.976
                ],
                [
                    879.9359999999999,
                    494.964
                ],
                [
                    883.968,
                    458.02799999999996
                ],
                [
                    892.9920000000001,
                    425.952
                ],
                [
                    897.984,
                    393.012
                ],
                [
                    897.984,
                    367.956
                ],
                [
                    900.096,
                    358.02000000000004
                ],
                [
                    907.0079999999999,
                    343.008
                ],
                [
                    913.92,
                    304.99199999999996
                ],
                [
                    932.928,
                    261.036
                ],
                [
                    940.0319999999999,
                    250.992
                ],
                [
                    941.952,
                    243
                ],
                [
                    948.096,
                    235.98
                ],
                [
                    958.08,
                    211.03199999999998
                ],
                [
                    966.912,
                    209.952
                ],
                [
                    987.072,
                    211.03199999999998
                ],
                [
                    1027.008,
                    207.036
                ],
                [
                    1040.0639999999999,
                    204.012
                ],
                [
                    1075.0079999999998,
                    203.04
                ],
                [
                    1104,
                    197.964
                ],
                [
                    1107.0720000000001,
                    196.99200000000002
                ],
                [
                    1124.9279999999999,
                    207.036
                ],
                [
                    1160.0639999999999,
                    235.98
                ],
                [
                    1172.9279999999999,
                    243
                ],
                [
                    1191.9360000000001,
                    259.956
                ],
                [
                    1205.952,
                    267.948
                ],
                [
                    1222.08,
                    281.988
                ],
                [
                    1236.096,
                    289.98
                ],
                [
                    1265.0880000000002,
                    312.012
                ],
                [
                    1267.968,
                    316.97999999999996
                ],
                [
                    1273.92,
                    320.004
                ],
                [
                    1281.0240000000001,
                    327.024
                ],
                [
                    1290.048,
                    350.028
                ],
                [
                    1291.008,
                    367.956
                ],
                [
                    1305.9840000000002,
                    415.044
                ],
                [
                    1306.944,
                    439.02
                ],
                [
                    1301.952,
                    452.952
                ],
                [
                    1287.936,
                    471.96
                ],
                [
                    1253.952,
                    504.036
                ],
                [
                    1248.96,
                    513
                ],
                [
                    1236.096,
                    517.9680000000001
                ],
                [
                    1233.024,
                    524.0160000000001
                ],
                [
                    1228.032,
                    527.04
                ],
                [
                    1225.9199999999998,
                    532.0079999999999
                ],
                [
                    1209.984,
                    546.048
                ],
                [
                    1204.9920000000002,
                    554.04
                ],
                [
                    1190.016,
                    563.976
                ],
                [
                    1182.912,
                    574.992
                ],
                [
                    1156.992,
                    597.024
                ],
                [
                    1151.04,
                    600.048
                ],
                [
                    1134.9119999999998,
                    613.98
                ],
                [
                    1113.9840000000002,
                    629.964
                ],
                [
                    1076.9279999999999,
                    644.004
                ],
                [
                    1026.048,
                    671.976
                ],
                [
                    1008,
                    678.024
                ]
            ]
        }
    ]
}