{
    "IMAGE_INFO": {
        "FILE_NAME": "1003976@0_02001_220907_P1_T3__1107.jpg",
        "DATE": "2022-10-24 18:12:06",
        "RESOLUTION": "1920 x 1080",
        "IMAGE_PHOTOGRAPHER": "이지은",
        "FOCUS_DISTANCE": "5.6",
        "EXPOSURE_TIME": "1/400",
        "SENSITIVITY_ISO": "4000",
        "PLACE": "용인시재활용센터",
        "REGION_NAME": null,
        "Direction": "0",
        "HEIGHT": "100",
        "DAY/NIGHT": "주간",
        "WEATHER": "맑음",
        "IMAGE_HEIGHT": 1080,
        "IMAGE_WIDTH": 1920,
        "IMAGE_SIZE": "590.5 KB"
    },
    "ANNOTATION_INFO": [
        {
            "ID": "1",
            "CLASS": "종이",
            "DETAILS": "종이",
            "DAMAGE": "손상",
            "DIRTINESS": "오염없음",
            "COVER": "겹침",
            "TRANSPARENCY": "불투명",
            "SHAPE": "낱장형",
            "SHAPE_TYPE": "POLYGON",
            "POINTS": [
                [
                    287.03999999999996,
                    1080
                ],
                [
                    286.08,
                    1060.992
                ],
                [
                    281.088,
                    1059.048
                ],
                [
                    273.984,
                    1050.9479999999999
                ],
                [
                    264.96000000000004,
                    1046.952
                ],
                [
                    260.928,
                    1041.012
                ],
                [
                    258.048,
                    1041.012
                ],
                [
                    249.984,
                    1032.048
                ],
                [
                    244.03199999999998,
                    1029.996
                ],
                [
                    240.96,
                    1026
                ],
                [
                    234.048,
                    1023.9480000000001
                ],
                [
                    226.944,
                    1018.008
                ],
                [
                    212.928,
                    1014.012
                ],
                [
                    196.03199999999998,
                    1003.968
                ],
                [
                    183.93599999999998,
                    988.9559999999999
                ],
                [
                    162.048,
                    968.004
                ],
                [
                    124.03200000000001,
                    941.976
                ],
                [
                    115.968,
                    926.9639999999999
                ],
                [
                    110.01599999999999,
                    906.012
                ],
                [
                    105.024,
                    859.032
                ],
                [
                    100.032,
                    847.044
                ],
                [
                    99.072,
                    762.048
                ],
                [
                    102.912,
                    702
                ],
                [
                    113.08800000000001,
                    664.956
                ],
                [
                    124.03200000000001,
                    645.948
                ],
                [
                    115.968,
                    629.964
                ],
                [
                    118.08,
                    625.968
                ],
                [
                    129.98399999999998,
                    628.02
                ],
                [
                    157.05599999999998,
                    567.972
                ],
                [
                    162.048,
                    563.976
                ],
                [
                    187.968,
                    516.024
                ],
                [
                    202.94400000000002,
                    493.02000000000004
                ],
                [
                    207.93599999999998,
                    489.024
                ],
                [
                    233.088,
                    447.984
                ],
                [
                    265.92,
                    366.984
                ],
                [
                    288,
                    330.048
                ],
                [
                    296.064,
                    330.048
                ],
                [
                    306.048,
                    334.04400000000004
                ],
                [
                    313.92,
                    340.95599999999996
                ],
                [
                    326.976,
                    347.00399999999996
                ],
                [
                    336.96,
                    348.948
                ],
                [
                    346.944,
                    348.948
                ],
                [
                    353.088,
                    351
                ],
                [
                    365.952,
                    362.988
                ],
                [
                    378.048,
                    362.988
                ],
                [
                    392.06399999999996,
                    370.98
                ],
                [
                    399.93600000000004,
                    385.992
                ],
                [
                    402.048,
                    401.976
                ],
                [
                    408,
                    419.04
                ],
                [
                    404.928,
                    490.968
                ],
                [
                    388.992,
                    513.972
                ],
                [
                    388.992,
                    520.02
                ],
                [
                    383.04,
                    531.0360000000001
                ],
                [
                    380.928,
                    531.0360000000001
                ],
                [
                    374.016,
                    539.028
                ],
                [
                    369.024,
                    540.972
                ],
                [
                    350.01599999999996,
                    562.0319999999999
                ],
                [
                    340.03200000000004,
                    567.972
                ],
                [
                    306.048,
                    614.952
                ],
                [
                    302.976,
                    621
                ],
                [
                    299.904,
                    654.048
                ],
                [
                    297.024,
                    660.96
                ],
                [
                    302.01599999999996,
                    672.948
                ],
                [
                    315.072,
                    682.992
                ],
                [
                    321.024,
                    685.044
                ],
                [
                    334.08,
                    699.948
                ],
                [
                    351.936,
                    712.044
                ],
                [
                    374.976,
                    739.044
                ],
                [
                    389.952,
                    752.004
                ],
                [
                    406.08,
                    762.048
                ],
                [
                    430.08,
                    789.048
                ],
                [
                    452.928,
                    802.98
                ],
                [
                    457.91999999999996,
                    810.972
                ],
                [
                    466.944,
                    887.976
                ],
                [
                    466.944,
                    909.0360000000001
                ],
                [
                    467.904,
                    917.028
                ],
                [
                    474.048,
                    929.016
                ],
                [
                    474.048,
                    940.0319999999999
                ],
                [
                    467.904,
                    948.024
                ],
                [
                    460.992,
                    945.972
                ],
                [
                    456,
                    952.02
                ],
                [
                    452.928,
                    952.02
                ],
                [
                    451.968,
                    953.9639999999999
                ],
                [
                    446.976,
                    953.9639999999999
                ],
                [
                    440.06399999999996,
                    968.004
                ],
                [
                    436.032,
                    971.028
                ],
                [
                    433.92,
                    968.004
                ],
                [
                    431.04,
                    968.004
                ],
                [
                    422.01599999999996,
                    980.9639999999999
                ],
                [
                    418.944,
                    980.9639999999999
                ],
                [
                    412.03200000000004,
                    988.9559999999999
                ],
                [
                    408.96,
                    995.004
                ],
                [
                    413.952,
                    1006.02
                ],
                [
                    422.01599999999996,
                    1045.008
                ],
                [
                    406.08,
                    1072.008
                ],
                [
                    406.08,
                    1080
                ],
                [
                    287.03999999999996,
                    1080
                ]
            ]
        }
    ]
}