{
    "IMAGE_INFO": {
        "FILE_NAME": "1003994@0_02001_220907_P1_T3__1594.jpg",
        "DATE": "2022-10-24 18:13:14",
        "RESOLUTION": "1920 x 1080",
        "IMAGE_PHOTOGRAPHER": "이지은",
        "FOCUS_DISTANCE": "5.6",
        "EXPOSURE_TIME": "1/400",
        "SENSITIVITY_ISO": "4000",
        "PLACE": "용인시재활용센터",
        "REGION_NAME": null,
        "Direction": "0",
        "HEIGHT": "100",
        "DAY/NIGHT": "주간",
        "WEATHER": "맑음",
        "IMAGE_HEIGHT": 1080,
        "IMAGE_WIDTH": 1920,
        "IMAGE_SIZE": "586.3 KB"
    },
    "ANNOTATION_INFO": [
        {
            "ID": "1",
            "CLASS": "종이",
            "DETAILS": "종이",
            "DAMAGE": "원형",
            "DIRTINESS": "오염없음",
            "COVER": "겹침",
            "TRANSPARENCY": "불투명",
            "SHAPE": "기타 형태",
            "SHAPE_TYPE": "POLYGON",
            "POINTS": [
                [
                    383.04,
                    613.008
                ],
                [
                    379.96799999999996,
                    612.036
                ],
                [
                    377.08799999999997,
                    612.036
                ],
                [
                    370.944,
                    608.04
                ],
                [
                    366.912,
                    605.988
                ],
                [
                    363.072,
                    605.0160000000001
                ],
                [
                    361.92,
                    604.044
                ],
                [
                    356.928,
                    601.992
                ],
                [
                    355.968,
                    600.048
                ],
                [
                    354.048,
                    598.968
                ],
                [
                    350.01599999999996,
                    597.996
                ],
                [
                    340.992,
                    594
                ],
                [
                    340.03200000000004,
                    582.0120000000001
                ],
                [
                    337.91999999999996,
                    577.044
                ],
                [
                    337.91999999999996,
                    563.004
                ],
                [
                    334.08,
                    543.9960000000001
                ],
                [
                    334.08,
                    536.004
                ],
                [
                    331.008,
                    513.972
                ],
                [
                    330.048,
                    493.99199999999996
                ],
                [
                    325.05600000000004,
                    465.048
                ],
                [
                    325.05600000000004,
                    455.976
                ],
                [
                    321.024,
                    431.028
                ],
                [
                    321.024,
                    425.952
                ],
                [
                    318.912,
                    413.964
                ],
                [
                    318.912,
                    407.052
                ],
                [
                    316.992,
                    401.004
                ],
                [
                    316.032,
                    385.992
                ],
                [
                    317.952,
                    381.024
                ],
                [
                    322.94399999999996,
                    377.028
                ],
                [
                    326.016,
                    375.94800000000004
                ],
                [
                    329.08799999999997,
                    375.94800000000004
                ],
                [
                    340.03200000000004,
                    374.004
                ],
                [
                    346.944,
                    374.004
                ],
                [
                    354.048,
                    371.952
                ],
                [
                    361.92,
                    370.98
                ],
                [
                    372.096,
                    370.98
                ],
                [
                    392.06399999999996,
                    369.036
                ],
                [
                    398.976,
                    369.036
                ],
                [
                    403.008,
                    370.98
                ],
                [
                    403.968,
                    370.98
                ],
                [
                    408.96,
                    375.94800000000004
                ],
                [
                    412.03200000000004,
                    384.048
                ],
                [
                    412.992,
                    402.948
                ],
                [
                    416.064,
                    420.984
                ],
                [
                    416.064,
                    428.976
                ],
                [
                    417.024,
                    435.996
                ],
                [
                    418.944,
                    440.964
                ],
                [
                    421.056,
                    465.048
                ],
                [
                    421.056,
                    482.976
                ],
                [
                    414.912,
                    505.98
                ],
                [
                    409.92,
                    519.048
                ],
                [
                    409.92,
                    520.992
                ],
                [
                    403.968,
                    539.028
                ],
                [
                    403.968,
                    542.052
                ],
                [
                    399.93600000000004,
                    551.016
                ],
                [
                    399.93600000000004,
                    554.04
                ],
                [
                    398.016,
                    555.0120000000001
                ],
                [
                    397.05600000000004,
                    558.0360000000001
                ],
                [
                    397.05600000000004,
                    563.976
                ],
                [
                    393.984,
                    567.972
                ],
                [
                    387.072,
                    591.948
                ],
                [
                    387.072,
                    600.048
                ],
                [
                    388.992,
                    605.0160000000001
                ],
                [
                    388.992,
                    613.008
                ],
                [
                    383.04,
                    613.008
                ]
            ]
        },
        {
            "ID": "2",
            "CLASS": "종이",
            "DETAILS": "종이",
            "DAMAGE": "완전압착",
            "DIRTINESS": "오염없음",
            "COVER": "겹침",
            "TRANSPARENCY": "불투명",
            "SHAPE": "종이팩형",
            "SHAPE_TYPE": "POLYGON",
            "POINTS": [
                [
                    469.056,
                    694.0079999999999
                ],
                [
                    462.91200000000003,
                    691.956
                ],
                [
                    456.96,
                    686.016
                ],
                [
                    452.928,
                    681.048
                ],
                [
                    446.976,
                    667.98
                ],
                [
                    441.984,
                    662.04
                ],
                [
                    432,
                    659.016
                ],
                [
                    427.008,
                    655.9920000000001
                ],
                [
                    417.024,
                    645.948
                ],
                [
                    398.976,
                    633.9599999999999
                ],
                [
                    395.904,
                    628.02
                ],
                [
                    387.072,
                    617.976
                ],
                [
                    385.92,
                    601.02
                ],
                [
                    387.072,
                    586.0079999999999
                ],
                [
                    388.992,
                    582.9839999999999
                ],
                [
                    392.06399999999996,
                    570.996
                ],
                [
                    394.94399999999996,
                    564.948
                ],
                [
                    395.904,
                    556.956
                ],
                [
                    398.016,
                    555.0120000000001
                ],
                [
                    403.968,
                    536.004
                ],
                [
                    421.056,
                    497.988
                ],
                [
                    428.928,
                    459
                ],
                [
                    436.032,
                    440.964
                ],
                [
                    436.992,
                    432.972
                ],
                [
                    440.06399999999996,
                    427.032
                ],
                [
                    441.984,
                    417.96000000000004
                ],
                [
                    445.05600000000004,
                    412.992
                ],
                [
                    446.016,
                    402.948
                ],
                [
                    452.928,
                    390.96
                ],
                [
                    452.928,
                    378
                ],
                [
                    456,
                    370.00800000000004
                ],
                [
                    456.96,
                    362.016
                ],
                [
                    465.984,
                    338.04
                ],
                [
                    467.904,
                    335.988
                ],
                [
                    494.01599999999996,
                    335.988
                ],
                [
                    518.976,
                    339.98400000000004
                ],
                [
                    576.96,
                    339.98400000000004
                ],
                [
                    580.0319999999999,
                    340.95599999999996
                ],
                [
                    581.952,
                    343.008
                ],
                [
                    580.0319999999999,
                    351
                ],
                [
                    580.0319999999999,
                    369.036
                ],
                [
                    575.04,
                    390.96
                ],
                [
                    567.936,
                    408.996
                ],
                [
                    562.9440000000001,
                    432
                ],
                [
                    553.92,
                    459.972
                ],
                [
                    551.04,
                    463.96799999999996
                ],
                [
                    542.976,
                    496.044
                ],
                [
                    533.952,
                    520.992
                ],
                [
                    526.08,
                    536.976
                ],
                [
                    523.0079999999999,
                    555.984
                ],
                [
                    517.0559999999999,
                    569.052
                ],
                [
                    517.0559999999999,
                    573.048
                ],
                [
                    510.91200000000003,
                    591.948
                ],
                [
                    510.91200000000003,
                    604.044
                ],
                [
                    505.92,
                    636.984
                ],
                [
                    505.92,
                    656.9639999999999
                ],
                [
                    503.04,
                    660.96
                ],
                [
                    502.08000000000004,
                    674.028
                ],
                [
                    493.0559999999999,
                    689.04
                ],
                [
                    481.92,
                    694.0079999999999
                ],
                [
                    469.056,
                    694.0079999999999
                ]
            ]
        }
    ]
}