{
    "IMAGE_INFO": {
        "FILE_NAME": "1003987@0_02001_220907_P1_T3__1161.jpg",
        "DATE": "2022-10-24 18:12:14",
        "RESOLUTION": "1920 x 1080",
        "IMAGE_PHOTOGRAPHER": "이지은",
        "FOCUS_DISTANCE": "5.6",
        "EXPOSURE_TIME": "1/400",
        "SENSITIVITY_ISO": "4000",
        "PLACE": "용인시재활용센터",
        "REGION_NAME": null,
        "Direction": "0",
        "HEIGHT": "100",
        "DAY/NIGHT": "주간",
        "WEATHER": "맑음",
        "IMAGE_HEIGHT": 1080,
        "IMAGE_WIDTH": 1920,
        "IMAGE_SIZE": "569.3 KB"
    },
    "ANNOTATION_INFO": [
        {
            "ID": "1",
            "CLASS": "종이",
            "DETAILS": "종이",
            "DAMAGE": "완전압착",
            "DIRTINESS": "이물질(외부)",
            "COVER": "없음",
            "TRANSPARENCY": "불투명",
            "SHAPE": "종이컵형",
            "SHAPE_TYPE": "POLYGON",
            "POINTS": [
                [
                    695.04,
                    767.0160000000001
                ],
                [
                    687.936,
                    763.02
                ],
                [
                    682.9440000000001,
                    752.976
                ],
                [
                    649.9200000000001,
                    724.032
                ],
                [
                    643.968,
                    716.0400000000001
                ],
                [
                    625.9200000000001,
                    701.028
                ],
                [
                    617.0880000000001,
                    691.956
                ],
                [
                    609.9839999999999,
                    682.02
                ],
                [
                    598.08,
                    671.0039999999999
                ],
                [
                    580.0319999999999,
                    641.952
                ],
                [
                    570.048,
                    629.964
                ],
                [
                    556.9920000000001,
                    606.96
                ],
                [
                    546.048,
                    593.028
                ],
                [
                    533.952,
                    571.968
                ],
                [
                    523.0079999999999,
                    559.0079999999999
                ],
                [
                    514.944,
                    546.048
                ],
                [
                    513.024,
                    532.98
                ],
                [
                    518.016,
                    525.96
                ],
                [
                    526.08,
                    520.02
                ],
                [
                    537.024,
                    515.052
                ],
                [
                    547.0079999999999,
                    508.032
                ],
                [
                    553.92,
                    505.98
                ],
                [
                    564.096,
                    500.04
                ],
                [
                    567.936,
                    498.96000000000004
                ],
                [
                    589.056,
                    486.97200000000004
                ],
                [
                    625.9200000000001,
                    471.96
                ],
                [
                    652.9920000000001,
                    462.99600000000004
                ],
                [
                    666.048,
                    459.972
                ],
                [
                    681.024,
                    458.02799999999996
                ],
                [
                    691.968,
                    458.02799999999996
                ],
                [
                    713.088,
                    452.952
                ],
                [
                    728.064,
                    452.952
                ],
                [
                    729.024,
                    451.97999999999996
                ],
                [
                    743.04,
                    451.97999999999996
                ],
                [
                    754.944,
                    461.052
                ],
                [
                    772.9920000000001,
                    490.968
                ],
                [
                    797.952,
                    513.972
                ],
                [
                    810.048,
                    544.9680000000001
                ],
                [
                    811.008,
                    554.04
                ],
                [
                    825.984,
                    586.98
                ],
                [
                    830.0160000000001,
                    605.0160000000001
                ],
                [
                    830.0160000000001,
                    616.032
                ],
                [
                    835.008,
                    645.948
                ],
                [
                    835.008,
                    659.9879999999999
                ],
                [
                    830.0160000000001,
                    698.976
                ],
                [
                    825.984,
                    706.968
                ],
                [
                    820.0319999999999,
                    713.016
                ],
                [
                    806.016,
                    722.952
                ],
                [
                    802.9440000000001,
                    722.952
                ],
                [
                    777.984,
                    736.992
                ],
                [
                    772.9920000000001,
                    737.964
                ],
                [
                    763.0079999999999,
                    745.956
                ],
                [
                    734.976,
                    762.048
                ],
                [
                    731.904,
                    763.02
                ],
                [
                    724.0319999999999,
                    763.02
                ],
                [
                    715.9680000000001,
                    766.0440000000001
                ],
                [
                    709.056,
                    767.0160000000001
                ],
                [
                    705.024,
                    766.0440000000001
                ]
            ]
        }
    ]
}