{
    "IMAGE_INFO": {
        "FILE_NAME": "1004980@0_02001_220907_P1_T3__1175.jpg",
        "DATE": "2022-10-27 18:55:16",
        "RESOLUTION": "1920 x 1080",
        "IMAGE_PHOTOGRAPHER": "이지은",
        "FOCUS_DISTANCE": "5.6",
        "EXPOSURE_TIME": "1/400",
        "SENSITIVITY_ISO": "4000",
        "PLACE": "용인시재활용센터",
        "REGION_NAME": null,
        "Direction": "0",
        "HEIGHT": "100",
        "DAY/NIGHT": "주간",
        "WEATHER": "맑음",
        "IMAGE_HEIGHT": 1080,
        "IMAGE_WIDTH": 1920,
        "IMAGE_SIZE": "660.4 KB"
    },
    "ANNOTATION_INFO": [
        {
            "ID": "1",
            "CLASS": "종이",
            "DETAILS": "종이",
            "DAMAGE": "완전압착",
            "DIRTINESS": "이물질(외부)",
            "COVER": "없음",
            "TRANSPARENCY": "불투명",
            "SHAPE": "종이컵형",
            "SHAPE_TYPE": "POLYGON",
            "POINTS": [
                [
                    90.048,
                    272.052
                ],
                [
                    62.016000000000005,
                    270
                ],
                [
                    52.992,
                    267.948
                ],
                [
                    49.919999999999995,
                    267.948
                ],
                [
                    43.968,
                    266.00399999999996
                ],
                [
                    33.024,
                    257.03999999999996
                ],
                [
                    8.064,
                    231.012
                ],
                [
                    1.92,
                    227.988
                ],
                [
                    0,
                    226.044
                ],
                [
                    0,
                    157.032
                ],
                [
                    5.952,
                    146.988
                ],
                [
                    22.08,
                    131.976
                ],
                [
                    25.919999999999998,
                    131.976
                ],
                [
                    33.024,
                    135
                ],
                [
                    38.976,
                    134.028
                ],
                [
                    39.936,
                    132.948
                ],
                [
                    41.088,
                    127.97999999999999
                ],
                [
                    43.008,
                    126.036
                ],
                [
                    43.008,
                    119.988
                ],
                [
                    44.928000000000004,
                    115.99199999999999
                ],
                [
                    48,
                    115.02
                ],
                [
                    48,
                    114.048
                ],
                [
                    51.071999999999996,
                    111.996
                ],
                [
                    51.071999999999996,
                    108.97200000000001
                ],
                [
                    56.064,
                    100.98
                ],
                [
                    56.064,
                    97.956
                ],
                [
                    58.944,
                    92.988
                ],
                [
                    58.944,
                    85.968
                ],
                [
                    61.056000000000004,
                    84.02399999999999
                ],
                [
                    63.93600000000001,
                    66.96
                ],
                [
                    67.008,
                    65.01599999999999
                ],
                [
                    72,
                    57.024
                ],
                [
                    73.92,
                    56.052
                ],
                [
                    75.072,
                    53.028
                ],
                [
                    78.91199999999999,
                    49.032000000000004
                ],
                [
                    95.04,
                    49.032000000000004
                ],
                [
                    106.944,
                    51.94799999999999
                ],
                [
                    110.976,
                    54
                ],
                [
                    134.016,
                    77.004
                ],
                [
                    139.96800000000002,
                    84.99600000000001
                ],
                [
                    140.92800000000003,
                    92.01599999999999
                ],
                [
                    140.92800000000003,
                    131.976
                ],
                [
                    142.07999999999998,
                    134.028
                ],
                [
                    145.92,
                    135.972
                ],
                [
                    150.912,
                    137.05200000000002
                ],
                [
                    158.976,
                    143.964
                ],
                [
                    163.96800000000002,
                    154.008
                ],
                [
                    172.032,
                    177.012
                ],
                [
                    172.032,
                    192.024
                ],
                [
                    169.92,
                    196.99200000000002
                ],
                [
                    163.008,
                    209.952
                ],
                [
                    149.952,
                    220.96800000000002
                ],
                [
                    144,
                    223.992
                ],
                [
                    144,
                    226.044
                ],
                [
                    142.07999999999998,
                    227.016
                ],
                [
                    140.92800000000003,
                    239.004
                ],
                [
                    102.912,
                    266.00399999999996
                ],
                [
                    90.048,
                    272.052
                ]
            ]
        },
        {
            "ID": "2",
            "CLASS": "종이",
            "DETAILS": "종이",
            "DAMAGE": "원형",
            "DIRTINESS": "오염없음",
            "COVER": "없음",
            "TRANSPARENCY": "불투명",
            "SHAPE": "종이컵형",
            "SHAPE_TYPE": "POLYGON",
            "POINTS": [
                [
                    1225.9199999999998,
                    654.048
                ],
                [
                    1222.08,
                    651.024
                ],
                [
                    1211.904,
                    632.0160000000001
                ],
                [
                    1209.984,
                    631.0440000000001
                ],
                [
                    1209.0240000000001,
                    628.02
                ],
                [
                    1204.9920000000002,
                    624.024
                ],
                [
                    1203.0720000000001,
                    617.976
                ],
                [
                    1198.08,
                    609.012
                ],
                [
                    1185.9840000000002,
                    590.004
                ],
                [
                    1175.04,
                    575.9639999999999
                ],
                [
                    1158.912,
                    550.044
                ],
                [
                    1151.04,
                    540
                ],
                [
                    1142.976,
                    524.0160000000001
                ],
                [
                    1137.024,
                    501.984
                ],
                [
                    1133.952,
                    498.96000000000004
                ],
                [
                    1131.072,
                    492.048
                ],
                [
                    1127.04,
                    486
                ],
                [
                    1127.04,
                    482.976
                ],
                [
                    1129.92,
                    478.98
                ],
                [
                    1145.0880000000002,
                    471.96
                ],
                [
                    1170.048,
                    470.01599999999996
                ],
                [
                    1175.04,
                    467.964
                ],
                [
                    1190.016,
                    467.964
                ],
                [
                    1193.088,
                    466.02
                ],
                [
                    1200,
                    465.048
                ],
                [
                    1204.9920000000002,
                    462.99600000000004
                ],
                [
                    1209.984,
                    462.024
                ],
                [
                    1217.088,
                    459
                ],
                [
                    1222.08,
                    458.02799999999996
                ],
                [
                    1227.0720000000001,
                    455.976
                ],
                [
                    1233.024,
                    455.004
                ],
                [
                    1238.016,
                    451.97999999999996
                ],
                [
                    1243.008,
                    451.97999999999996
                ],
                [
                    1248,
                    448.956
                ],
                [
                    1262.016,
                    446.03999999999996
                ],
                [
                    1266.048,
                    443.988
                ],
                [
                    1270.08,
                    443.988
                ],
                [
                    1272,
                    446.03999999999996
                ],
                [
                    1273.92,
                    446.03999999999996
                ],
                [
                    1276.032,
                    447.984
                ],
                [
                    1278.912,
                    447.984
                ],
                [
                    1281.0240000000001,
                    451.97999999999996
                ],
                [
                    1287.936,
                    488.052
                ],
                [
                    1289.088,
                    500.04
                ],
                [
                    1295.04,
                    524.0160000000001
                ],
                [
                    1295.04,
                    528.0120000000001
                ],
                [
                    1300.0320000000002,
                    551.9879999999999
                ],
                [
                    1301.952,
                    571.968
                ],
                [
                    1306.944,
                    594.972
                ],
                [
                    1306.944,
                    616.032
                ],
                [
                    1309.056,
                    624.996
                ],
                [
                    1306.944,
                    629.964
                ],
                [
                    1305.024,
                    632.0160000000001
                ],
                [
                    1299.072,
                    636.012
                ],
                [
                    1291.008,
                    640.008
                ],
                [
                    1276.992,
                    643.032
                ],
                [
                    1270.08,
                    645.948
                ],
                [
                    1244.9279999999999,
                    651.996
                ],
                [
                    1232.064,
                    651.996
                ],
                [
                    1228.992,
                    654.048
                ],
                [
                    1225.9199999999998,
                    654.048
                ]
            ]
        }
    ]
}