{
    "IMAGE_INFO": {
        "FILE_NAME": "1004903@0_02001_220907_P1_T3__1469.jpg",
        "DATE": "2022-10-27 18:55:56",
        "RESOLUTION": "1920 x 1080",
        "IMAGE_PHOTOGRAPHER": "이지은",
        "FOCUS_DISTANCE": "5.6",
        "EXPOSURE_TIME": "1/400",
        "SENSITIVITY_ISO": "4000",
        "PLACE": "용인시재활용센터",
        "REGION_NAME": null,
        "Direction": "0",
        "HEIGHT": "100",
        "DAY/NIGHT": "주간",
        "WEATHER": "맑음",
        "IMAGE_HEIGHT": 1080,
        "IMAGE_WIDTH": 1920,
        "IMAGE_SIZE": "685.9 KB"
    },
    "ANNOTATION_INFO": [
        {
            "ID": "1",
            "CLASS": "종이",
            "DETAILS": "종이",
            "DAMAGE": "원형",
            "DIRTINESS": "이물질(외부)",
            "COVER": "없음",
            "TRANSPARENCY": "불투명",
            "SHAPE": "종이컵형",
            "SHAPE_TYPE": "POLYGON",
            "POINTS": [
                [
                    1438.08,
                    339.012
                ],
                [
                    1435.968,
                    338.04
                ],
                [
                    1434.048,
                    335.01599999999996
                ],
                [
                    1434.048,
                    332.964
                ],
                [
                    1430.016,
                    327.024
                ],
                [
                    1426.944,
                    317.952
                ],
                [
                    1421.952,
                    309.96
                ],
                [
                    1417.92,
                    294.94800000000004
                ],
                [
                    1416,
                    292.032
                ],
                [
                    1407.936,
                    267.948
                ],
                [
                    1407.936,
                    262.00800000000004
                ],
                [
                    1406.0159999999998,
                    258.012
                ],
                [
                    1405.056,
                    251.964
                ],
                [
                    1405.056,
                    246.024
                ],
                [
                    1407.936,
                    242.028
                ],
                [
                    1411.968,
                    239.004
                ],
                [
                    1420.0320000000002,
                    235.00799999999998
                ],
                [
                    1424.064,
                    231.98399999999998
                ],
                [
                    1439.0400000000002,
                    224.96400000000003
                ],
                [
                    1445.952,
                    219.99599999999998
                ],
                [
                    1449.984,
                    219.024
                ],
                [
                    1454.976,
                    213.948
                ],
                [
                    1463.04,
                    211.03199999999998
                ],
                [
                    1470.912,
                    207.036
                ],
                [
                    1486.08,
                    197.964
                ],
                [
                    1502.976,
                    189.972
                ],
                [
                    1512.96,
                    182.952
                ],
                [
                    1521.984,
                    177.984
                ],
                [
                    1525.056,
                    174.96
                ],
                [
                    1531.008,
                    174.96
                ],
                [
                    1532.9279999999999,
                    177.012
                ],
                [
                    1536,
                    182.952
                ],
                [
                    1536.96,
                    189.972
                ],
                [
                    1544.064,
                    207.036
                ],
                [
                    1546.944,
                    209.952
                ],
                [
                    1548.096,
                    213.948
                ],
                [
                    1550.9759999999999,
                    219.024
                ],
                [
                    1554.048,
                    220.96800000000002
                ],
                [
                    1556.9279999999999,
                    226.044
                ],
                [
                    1559.0400000000002,
                    230.04
                ],
                [
                    1560,
                    235.00799999999998
                ],
                [
                    1563.0720000000001,
                    239.004
                ],
                [
                    1563.0720000000001,
                    242.028
                ],
                [
                    1565.952,
                    246.99599999999998
                ],
                [
                    1566.912,
                    251.964
                ],
                [
                    1571.904,
                    262.00800000000004
                ],
                [
                    1574.976,
                    266.00399999999996
                ],
                [
                    1574.976,
                    270.97200000000004
                ],
                [
                    1577.088,
                    273.024
                ],
                [
                    1579.008,
                    281.01599999999996
                ],
                [
                    1580.928,
                    284.04
                ],
                [
                    1582.08,
                    289.98
                ],
                [
                    1585.9199999999998,
                    299.05199999999996
                ],
                [
                    1588.032,
                    308.016
                ],
                [
                    1584,
                    311.03999999999996
                ],
                [
                    1579.008,
                    311.03999999999996
                ],
                [
                    1578.048,
                    309.96
                ],
                [
                    1574.976,
                    309.96
                ],
                [
                    1555.968,
                    315.036
                ],
                [
                    1545.9840000000002,
                    316.00800000000004
                ],
                [
                    1535.04,
                    320.004
                ],
                [
                    1526.976,
                    320.004
                ],
                [
                    1521.0240000000001,
                    321.948
                ],
                [
                    1515.0720000000001,
                    323.02799999999996
                ],
                [
                    1511.04,
                    324.972
                ],
                [
                    1507.008,
                    326.052
                ],
                [
                    1502.976,
                    326.052
                ],
                [
                    1492.032,
                    327.99600000000004
                ],
                [
                    1482.048,
                    331.02
                ],
                [
                    1476.096,
                    331.02
                ],
                [
                    1469.952,
                    332.964
                ],
                [
                    1444.032,
                    339.012
                ]
            ]
        },
        {
            "ID": "2",
            "CLASS": "종이",
            "DETAILS": "종이",
            "DAMAGE": "원형",
            "DIRTINESS": "이물질(외부)",
            "COVER": "없음",
            "TRANSPARENCY": "불투명",
            "SHAPE": "종이컵형",
            "SHAPE_TYPE": "POLYGON",
            "POINTS": [
                [
                    926.976,
                    1052.028
                ],
                [
                    916.9920000000001,
                    1049.9759999999999
                ],
                [
                    907.968,
                    1046.952
                ],
                [
                    898.944,
                    1041.984
                ],
                [
                    894.912,
                    1041.012
                ],
                [
                    894.912,
                    1038.96
                ],
                [
                    892.032,
                    1037.988
                ],
                [
                    889.9200000000001,
                    1036.044
                ],
                [
                    887.0400000000001,
                    1034.964
                ],
                [
                    884.928,
                    1034.964
                ],
                [
                    879.9359999999999,
                    1032.048
                ],
                [
                    873.024,
                    1025.028
                ],
                [
                    869.952,
                    1025.028
                ],
                [
                    868.992,
                    1022.976
                ],
                [
                    867.072,
                    1022.976
                ],
                [
                    865.9200000000001,
                    1021.032
                ],
                [
                    862.08,
                    1019.952
                ],
                [
                    862.08,
                    1018.008
                ],
                [
                    857.0880000000001,
                    1017.036
                ],
                [
                    854.976,
                    1015.956
                ],
                [
                    853.0559999999999,
                    1014.012
                ],
                [
                    849.9839999999999,
                    1013.04
                ],
                [
                    848.064,
                    1010.988
                ],
                [
                    841.92,
                    1007.964
                ],
                [
                    840,
                    1005.048
                ],
                [
                    826.9440000000001,
                    995.004
                ],
                [
                    824.0640000000001,
                    994.032
                ],
                [
                    815.04,
                    987.9839999999999
                ],
                [
                    811.008,
                    983.988
                ],
                [
                    806.016,
                    975.024
                ],
                [
                    801.984,
                    961.956
                ],
                [
                    801.024,
                    945.972
                ],
                [
                    801.984,
                    937.008
                ],
                [
                    806.976,
                    918.972
                ],
                [
                    814.0799999999999,
                    906.984
                ],
                [
                    815.04,
                    902.9879999999999
                ],
                [
                    825.984,
                    886.032
                ],
                [
                    830.976,
                    880.956
                ],
                [
                    839.04,
                    875.0160000000001
                ],
                [
                    841.92,
                    871.992
                ],
                [
                    843.072,
                    868.968
                ],
                [
                    850.944,
                    861.948
                ],
                [
                    851.904,
                    861.948
                ],
                [
                    860.928,
                    856.0079999999999
                ],
                [
                    879.9359999999999,
                    845.9639999999999
                ],
                [
                    888,
                    843.048
                ],
                [
                    902.016,
                    840.024
                ],
                [
                    911.04,
                    840.024
                ],
                [
                    929.088,
                    841.968
                ],
                [
                    942.9119999999999,
                    847.044
                ],
                [
                    949.056,
                    853.9559999999999
                ],
                [
                    954.048,
                    861.948
                ],
                [
                    963.0720000000001,
                    884.952
                ],
                [
                    964.9920000000001,
                    887.004
                ],
                [
                    974.016,
                    917.028
                ],
                [
                    978.0479999999999,
                    925.0200000000001
                ],
                [
                    979.008,
                    932.04
                ],
                [
                    980.928,
                    933.984
                ],
                [
                    982.0799999999999,
                    938.952
                ],
                [
                    984.96,
                    942.948
                ],
                [
                    988.992,
                    952.992
                ],
                [
                    989.9519999999999,
                    960.984
                ],
                [
                    993.024,
                    967.0319999999999
                ],
                [
                    993.9840000000002,
                    972.972
                ],
                [
                    996.0960000000001,
                    975.996
                ],
                [
                    997.0559999999999,
                    980.9639999999999
                ],
                [
                    997.0559999999999,
                    1002.024
                ],
                [
                    996.0960000000001,
                    1007.964
                ],
                [
                    994.944,
                    1010.988
                ],
                [
                    989.9519999999999,
                    1018.008
                ],
                [
                    988.0319999999999,
                    1023.9480000000001
                ],
                [
                    975.9359999999999,
                    1034.964
                ],
                [
                    961.92,
                    1042.956
                ],
                [
                    950.976,
                    1048.0320000000002
                ],
                [
                    936,
                    1052.028
                ]
            ]
        },
        {
            "ID": "3",
            "CLASS": "종이",
            "DETAILS": "종이",
            "DAMAGE": "완전압착",
            "DIRTINESS": "이물질(외부)",
            "COVER": "없음",
            "TRANSPARENCY": "불투명",
            "SHAPE": "종이컵형",
            "SHAPE_TYPE": "POLYGON",
            "POINTS": [
                [
                    395.904,
                    699.948
                ],
                [
                    392.06399999999996,
                    698.976
                ],
                [
                    389.952,
                    698.004
                ],
                [
                    388.032,
                    698.004
                ],
                [
                    379.008,
                    690.984
                ],
                [
                    375.936,
                    687.96
                ],
                [
                    374.016,
                    686.9879999999999
                ],
                [
                    372.096,
                    686.9879999999999
                ],
                [
                    365.952,
                    685.044
                ],
                [
                    359.04,
                    685.044
                ],
                [
                    350.01599999999996,
                    682.02
                ],
                [
                    345.984,
                    681.048
                ],
                [
                    345.024,
                    679.9680000000001
                ],
                [
                    344.064,
                    678.024
                ],
                [
                    344.064,
                    675.972
                ],
                [
                    341.952,
                    671.976
                ],
                [
                    337.91999999999996,
                    664.956
                ],
                [
                    334.08,
                    660.96
                ],
                [
                    325.05600000000004,
                    648
                ],
                [
                    320.06399999999996,
                    639.0360000000001
                ],
                [
                    317.952,
                    637.956
                ],
                [
                    313.92,
                    629.964
                ],
                [
                    307.96799999999996,
                    623.052
                ],
                [
                    303.936,
                    617.004
                ],
                [
                    299.904,
                    612.036
                ],
                [
                    299.904,
                    609.9839999999999
                ],
                [
                    301.056,
                    608.04
                ],
                [
                    307.008,
                    602.964
                ],
                [
                    307.96799999999996,
                    602.964
                ],
                [
                    317.952,
                    597.024
                ],
                [
                    322.94399999999996,
                    594.972
                ],
                [
                    327.93600000000004,
                    591.948
                ],
                [
                    339.072,
                    586.0079999999999
                ],
                [
                    360,
                    573.048
                ],
                [
                    365.952,
                    569.052
                ],
                [
                    372.096,
                    566.028
                ],
                [
                    385.92,
                    556.956
                ],
                [
                    393.024,
                    552.96
                ],
                [
                    403.968,
                    547.992
                ],
                [
                    412.03200000000004,
                    544.9680000000001
                ],
                [
                    417.98400000000004,
                    542.052
                ],
                [
                    432,
                    536.004
                ],
                [
                    438.912,
                    533.952
                ],
                [
                    441.984,
                    533.952
                ],
                [
                    444.096,
                    535.032
                ],
                [
                    444.096,
                    536.004
                ],
                [
                    445.05600000000004,
                    536.976
                ],
                [
                    446.016,
                    543.024
                ],
                [
                    446.976,
                    544.9680000000001
                ],
                [
                    452.928,
                    552.96
                ],
                [
                    454.08,
                    555.0120000000001
                ],
                [
                    455.03999999999996,
                    560.952
                ],
                [
                    456.96,
                    563.976
                ],
                [
                    462.91200000000003,
                    570.996
                ],
                [
                    465.984,
                    574.992
                ],
                [
                    466.944,
                    577.044
                ],
                [
                    466.944,
                    578.988
                ],
                [
                    467.904,
                    581.0400000000001
                ],
                [
                    470.976,
                    585.036
                ],
                [
                    470.976,
                    594
                ],
                [
                    473.088,
                    597.996
                ],
                [
                    476.928,
                    602.964
                ],
                [
                    478.08,
                    605.988
                ],
                [
                    479.04,
                    609.9839999999999
                ],
                [
                    479.04,
                    613.98
                ],
                [
                    480.96,
                    616.032
                ],
                [
                    480.96,
                    623.052
                ],
                [
                    481.92,
                    628.02
                ],
                [
                    484.99199999999996,
                    632.9879999999999
                ],
                [
                    485.952,
                    636.012
                ],
                [
                    486.912,
                    640.98
                ],
                [
                    486.912,
                    654.048
                ],
                [
                    484.99199999999996,
                    664.956
                ],
                [
                    481.92,
                    671.0039999999999
                ],
                [
                    481.92,
                    674.028
                ],
                [
                    480,
                    678.024
                ],
                [
                    474.048,
                    683.9639999999999
                ],
                [
                    471.936,
                    685.044
                ],
                [
                    470.976,
                    685.044
                ],
                [
                    465.024,
                    689.04
                ],
                [
                    462.91200000000003,
                    689.04
                ],
                [
                    456.96,
                    690.984
                ],
                [
                    451.008,
                    690.984
                ],
                [
                    436.992,
                    695.952
                ],
                [
                    427.008,
                    698.004
                ],
                [
                    422.976,
                    698.004
                ],
                [
                    418.944,
                    698.976
                ],
                [
                    413.952,
                    698.976
                ],
                [
                    408.96,
                    699.948
                ]
            ]
        }
    ]
}