{
    "IMAGE_INFO": {
        "FILE_NAME": "1004892@0_02001_220907_P1_T3__0065.jpg",
        "DATE": "2022-10-27 18:52:46",
        "RESOLUTION": "1920 x 1080",
        "IMAGE_PHOTOGRAPHER": "이지은",
        "FOCUS_DISTANCE": "5.6",
        "EXPOSURE_TIME": "1/400",
        "SENSITIVITY_ISO": "4000",
        "PLACE": "용인시재활용센터",
        "REGION_NAME": null,
        "Direction": "0",
        "HEIGHT": "100",
        "DAY/NIGHT": "주간",
        "WEATHER": "맑음",
        "IMAGE_HEIGHT": 1080,
        "IMAGE_WIDTH": 1920,
        "IMAGE_SIZE": "654.5 KB"
    },
    "ANNOTATION_INFO": [
        {
            "ID": "1",
            "CLASS": "종이",
            "DETAILS": "종이",
            "DAMAGE": "원형",
            "DIRTINESS": "이물질(전체)",
            "COVER": "없음",
            "TRANSPARENCY": "불투명",
            "SHAPE": "종이컵형",
            "SHAPE_TYPE": "POLYGON",
            "POINTS": [
                [
                    470.976,
                    718.9559999999999
                ],
                [
                    464.064,
                    717.9839999999999
                ],
                [
                    456,
                    716.0400000000001
                ],
                [
                    451.968,
                    716.0400000000001
                ],
                [
                    436.032,
                    713.016
                ],
                [
                    427.008,
                    709.992
                ],
                [
                    422.976,
                    708.048
                ],
                [
                    417.98400000000004,
                    706.968
                ],
                [
                    413.952,
                    704.052
                ],
                [
                    406.08,
                    699.948
                ],
                [
                    404.928,
                    698.976
                ],
                [
                    404.928,
                    698.004
                ],
                [
                    401.088,
                    693.0360000000001
                ],
                [
                    398.016,
                    686.9879999999999
                ],
                [
                    395.904,
                    679.9680000000001
                ],
                [
                    395.904,
                    663.984
                ],
                [
                    398.016,
                    632.9879999999999
                ],
                [
                    399.93600000000004,
                    624.024
                ],
                [
                    402.048,
                    600.048
                ],
                [
                    402.048,
                    586.0079999999999
                ],
                [
                    403.968,
                    571.968
                ],
                [
                    403.968,
                    548.9639999999999
                ],
                [
                    404.928,
                    544.9680000000001
                ],
                [
                    404.928,
                    540.972
                ],
                [
                    402.048,
                    537.948
                ],
                [
                    402.048,
                    535.032
                ],
                [
                    408,
                    528.0120000000001
                ],
                [
                    407.03999999999996,
                    521.964
                ],
                [
                    409.92,
                    519.048
                ],
                [
                    411.072,
                    516.996
                ],
                [
                    412.992,
                    515.052
                ],
                [
                    414.912,
                    513.972
                ],
                [
                    426.048,
                    513.972
                ],
                [
                    433.92,
                    515.052
                ],
                [
                    446.976,
                    516.996
                ],
                [
                    454.08,
                    516.996
                ],
                [
                    460.03200000000004,
                    517.9680000000001
                ],
                [
                    465.984,
                    517.9680000000001
                ],
                [
                    470.01599999999996,
                    520.02
                ],
                [
                    478.08,
                    520.992
                ],
                [
                    490.94399999999996,
                    524.0160000000001
                ],
                [
                    494.01599999999996,
                    524.9879999999999
                ],
                [
                    502.08000000000004,
                    527.04
                ],
                [
                    507.072,
                    528.984
                ],
                [
                    510.91200000000003,
                    529.956
                ],
                [
                    518.016,
                    532.98
                ],
                [
                    532.9920000000001,
                    536.976
                ],
                [
                    547.968,
                    542.052
                ],
                [
                    561.984,
                    548.9639999999999
                ],
                [
                    562.9440000000001,
                    548.9639999999999
                ],
                [
                    565.056,
                    552.96
                ],
                [
                    566.016,
                    560.952
                ],
                [
                    566.016,
                    575.9639999999999
                ],
                [
                    562.9440000000001,
                    589.032
                ],
                [
                    555.072,
                    602.964
                ],
                [
                    551.04,
                    610.956
                ],
                [
                    546.048,
                    623.052
                ],
                [
                    532.032,
                    648.972
                ],
                [
                    528,
                    656.9639999999999
                ],
                [
                    523.968,
                    667.008
                ],
                [
                    518.976,
                    674.028
                ],
                [
                    507.072,
                    704.052
                ],
                [
                    502.08000000000004,
                    712.044
                ],
                [
                    500.92800000000005,
                    716.0400000000001
                ],
                [
                    499.968,
                    717.9839999999999
                ],
                [
                    495.9359999999999,
                    718.9559999999999
                ],
                [
                    470.976,
                    718.9559999999999
                ]
            ]
        }
    ]
}