{
    "IMAGE_INFO": {
        "FILE_NAME": "1004938@0_02001_220907_P1_T3__0351.jpg",
        "DATE": "2022-10-27 18:53:26",
        "RESOLUTION": "1920 x 1080",
        "IMAGE_PHOTOGRAPHER": "이지은",
        "FOCUS_DISTANCE": "5.6",
        "EXPOSURE_TIME": "1/400",
        "SENSITIVITY_ISO": "4000",
        "PLACE": "용인시재활용센터",
        "REGION_NAME": null,
        "Direction": "0",
        "HEIGHT": "100",
        "DAY/NIGHT": "주간",
        "WEATHER": "맑음",
        "IMAGE_HEIGHT": 1080,
        "IMAGE_WIDTH": 1920,
        "IMAGE_SIZE": "686.5 KB"
    },
    "ANNOTATION_INFO": [
        {
            "ID": "1",
            "CLASS": "종이",
            "DETAILS": "종이",
            "DAMAGE": "손상",
            "DIRTINESS": "이물질(외부)",
            "COVER": "없음",
            "TRANSPARENCY": "불투명",
            "SHAPE": "종이컵형",
            "SHAPE_TYPE": "POLYGON",
            "POINTS": [
                [
                    1281.0240000000001,
                    262.00800000000004
                ],
                [
                    1272,
                    259.956
                ],
                [
                    1249.92,
                    247.968
                ],
                [
                    1248.96,
                    246.024
                ],
                [
                    1236.096,
                    243.97199999999998
                ],
                [
                    1230.912,
                    240.94799999999998
                ],
                [
                    1218.048,
                    228.95999999999998
                ],
                [
                    1215.936,
                    224.96400000000003
                ],
                [
                    1210.944,
                    222.048
                ],
                [
                    1209.984,
                    219.024
                ],
                [
                    1186.944,
                    200.988
                ],
                [
                    1163.904,
                    186.948
                ],
                [
                    1156.032,
                    184.03199999999998
                ],
                [
                    1147.968,
                    177.984
                ],
                [
                    1137.024,
                    173.988
                ],
                [
                    1123.968,
                    165.996
                ],
                [
                    1113.024,
                    162
                ],
                [
                    1104.96,
                    159.948
                ],
                [
                    1079.0400000000002,
                    158.00400000000002
                ],
                [
                    1069.056,
                    151.956
                ],
                [
                    1068.096,
                    127.97999999999999
                ],
                [
                    1076.9279999999999,
                    99.036
                ],
                [
                    1089.0240000000001,
                    84.02399999999999
                ],
                [
                    1094.976,
                    70.95599999999999
                ],
                [
                    1112.064,
                    49.032000000000004
                ],
                [
                    1113.024,
                    43.956
                ],
                [
                    1123.008,
                    30.023999999999997
                ],
                [
                    1129.92,
                    27
                ],
                [
                    1132.992,
                    27.971999999999998
                ],
                [
                    1134.9119999999998,
                    30.023999999999997
                ],
                [
                    1148.928,
                    30.996
                ],
                [
                    1156.032,
                    34.02
                ],
                [
                    1181.952,
                    35.964000000000006
                ],
                [
                    1189.056,
                    38.016000000000005
                ],
                [
                    1195.0079999999998,
                    38.016000000000005
                ],
                [
                    1195.968,
                    35.964000000000006
                ],
                [
                    1200,
                    43.956
                ],
                [
                    1224,
                    54.972
                ],
                [
                    1232.064,
                    53.028
                ],
                [
                    1236.096,
                    50.004
                ],
                [
                    1246.08,
                    51.94799999999999
                ],
                [
                    1248.96,
                    61.02
                ],
                [
                    1257.024,
                    66.96
                ],
                [
                    1310.016,
                    88.02000000000001
                ],
                [
                    1333.056,
                    103.032
                ],
                [
                    1343.04,
                    105.94800000000001
                ],
                [
                    1347.0720000000001,
                    108.97200000000001
                ],
                [
                    1354.944,
                    110.052
                ],
                [
                    1361.088,
                    115.02
                ],
                [
                    1362.048,
                    118.044
                ],
                [
                    1376.064,
                    127.97999999999999
                ],
                [
                    1378.944,
                    135
                ],
                [
                    1378.944,
                    154.008
                ],
                [
                    1369.92,
                    170.964
                ],
                [
                    1358.9759999999999,
                    184.03199999999998
                ],
                [
                    1344.96,
                    193.96800000000002
                ],
                [
                    1306.944,
                    230.04
                ],
                [
                    1290.048,
                    253.044
                ],
                [
                    1286.0159999999998,
                    255.95999999999998
                ],
                [
                    1286.0159999999998,
                    259.956
                ],
                [
                    1281.0240000000001,
                    262.00800000000004
                ]
            ]
        },
        {
            "ID": "2",
            "CLASS": "종이",
            "DETAILS": "종이",
            "DAMAGE": "완전압착",
            "DIRTINESS": "오염없음",
            "COVER": "없음",
            "TRANSPARENCY": "불투명",
            "SHAPE": "박스형",
            "SHAPE_TYPE": "POLYGON",
            "POINTS": [
                [
                    86.976,
                    272.052
                ],
                [
                    62.016000000000005,
                    267.948
                ],
                [
                    48.959999999999994,
                    266.976
                ],
                [
                    44.928000000000004,
                    265.032
                ],
                [
                    28.032,
                    251.964
                ],
                [
                    19.008000000000003,
                    239.976
                ],
                [
                    10.944,
                    235.98
                ],
                [
                    0,
                    222.048
                ],
                [
                    0,
                    159.948
                ],
                [
                    1.92,
                    159.948
                ],
                [
                    5.952,
                    157.032
                ],
                [
                    8.064,
                    147.96
                ],
                [
                    14.016,
                    142.992
                ],
                [
                    20.928,
                    131.976
                ],
                [
                    27.072,
                    131.00400000000002
                ],
                [
                    32.064,
                    134.028
                ],
                [
                    39.936,
                    134.028
                ],
                [
                    42.048,
                    132.948
                ],
                [
                    43.968,
                    119.016
                ],
                [
                    44.928000000000004,
                    116.964
                ],
                [
                    48.959999999999994,
                    115.02
                ],
                [
                    49.919999999999995,
                    111.996
                ],
                [
                    52.992,
                    111.024
                ],
                [
                    52.992,
                    104.976
                ],
                [
                    57.024,
                    96.98400000000001
                ],
                [
                    57.024,
                    89.964
                ],
                [
                    62.016000000000005,
                    85.968
                ],
                [
                    62.976000000000006,
                    69.984
                ],
                [
                    73.92,
                    57.024
                ],
                [
                    76.03200000000001,
                    50.976
                ],
                [
                    81.024,
                    49.032000000000004
                ],
                [
                    82.944,
                    47.952000000000005
                ],
                [
                    99.072,
                    49.032000000000004
                ],
                [
                    110.976,
                    53.028
                ],
                [
                    128.064,
                    69.984
                ],
                [
                    138.048,
                    83.05199999999999
                ],
                [
                    140.92800000000003,
                    100.98
                ],
                [
                    142.07999999999998,
                    131.976
                ],
                [
                    143.04,
                    134.028
                ],
                [
                    149.952,
                    135.972
                ],
                [
                    158.016,
                    142.02
                ],
                [
                    172.032,
                    176.04000000000002
                ],
                [
                    172.032,
                    189.972
                ],
                [
                    169.92,
                    196.01999999999998
                ],
                [
                    163.008,
                    208.00799999999998
                ],
                [
                    153.98399999999998,
                    216.972
                ],
                [
                    145.92,
                    220.96800000000002
                ],
                [
                    143.04,
                    224.96400000000003
                ],
                [
                    139.96800000000002,
                    238.032
                ],
                [
                    104.064,
                    263.952
                ],
                [
                    96,
                    269.02799999999996
                ],
                [
                    86.976,
                    272.052
                ]
            ]
        }
    ]
}