{
    "IMAGE_INFO": {
        "FILE_NAME": "1004725@0_02001_220907_P1_T3__3133.jpg",
        "DATE": "2022-10-27 18:51:38",
        "RESOLUTION": "1920 x 1080",
        "IMAGE_PHOTOGRAPHER": "이지은",
        "FOCUS_DISTANCE": "5.6",
        "EXPOSURE_TIME": "1/400",
        "SENSITIVITY_ISO": "4000",
        "PLACE": "용인시재활용센터",
        "REGION_NAME": null,
        "Direction": "0",
        "HEIGHT": "100",
        "DAY/NIGHT": "주간",
        "WEATHER": "맑음",
        "IMAGE_HEIGHT": 1080,
        "IMAGE_WIDTH": 1920,
        "IMAGE_SIZE": "648.8 KB"
    },
    "ANNOTATION_INFO": [
        {
            "ID": "1",
            "CLASS": "종이",
            "DETAILS": "종이",
            "DAMAGE": "완전압착",
            "DIRTINESS": "이물질(외부)",
            "COVER": "없음",
            "TRANSPARENCY": "불투명",
            "SHAPE": "종이컵형",
            "SHAPE_TYPE": "POLYGON",
            "POINTS": [
                [
                    81.024,
                    272.052
                ],
                [
                    62.016000000000005,
                    269.02799999999996
                ],
                [
                    52.032,
                    267.948
                ],
                [
                    43.968,
                    265.032
                ],
                [
                    27.072,
                    254.016
                ],
                [
                    15.936,
                    247.968
                ],
                [
                    14.975999999999999,
                    245.052
                ],
                [
                    10.944,
                    242.028
                ],
                [
                    9.024000000000001,
                    235.98
                ],
                [
                    4.032,
                    231.012
                ],
                [
                    4.032,
                    228.95999999999998
                ],
                [
                    3.072,
                    227.016
                ],
                [
                    0,
                    224.96400000000003
                ],
                [
                    0,
                    135.972
                ],
                [
                    18.048000000000002,
                    135.972
                ],
                [
                    28.992,
                    134.028
                ],
                [
                    38.976,
                    134.028
                ],
                [
                    43.008,
                    132.948
                ],
                [
                    52.992,
                    127.97999999999999
                ],
                [
                    54.912,
                    127.97999999999999
                ],
                [
                    58.944,
                    126.036
                ],
                [
                    62.976000000000006,
                    124.956
                ],
                [
                    67.008,
                    124.956
                ],
                [
                    70.08,
                    123.984
                ],
                [
                    72.96,
                    122.04
                ],
                [
                    77.952,
                    119.988
                ],
                [
                    85.056,
                    118.044
                ],
                [
                    97.91999999999999,
                    108
                ],
                [
                    105.024,
                    99.036
                ],
                [
                    109.05600000000001,
                    91.044
                ],
                [
                    111.93599999999999,
                    81.972
                ],
                [
                    113.08800000000001,
                    74.952
                ],
                [
                    111.93599999999999,
                    60.047999999999995
                ],
                [
                    116.92800000000001,
                    61.02
                ],
                [
                    119.03999999999999,
                    61.992
                ],
                [
                    124.03200000000001,
                    66.96
                ],
                [
                    128.064,
                    69.984
                ],
                [
                    135.936,
                    80.028
                ],
                [
                    139.008,
                    85.968
                ],
                [
                    139.96800000000002,
                    88.992
                ],
                [
                    140.92800000000003,
                    99.036
                ],
                [
                    140.92800000000003,
                    123.984
                ],
                [
                    142.07999999999998,
                    131.00400000000002
                ],
                [
                    144.96,
                    134.028
                ],
                [
                    145.92,
                    134.028
                ],
                [
                    152.06400000000002,
                    135.972
                ],
                [
                    153.98399999999998,
                    138.024
                ],
                [
                    153.98399999999998,
                    138.996
                ],
                [
                    158.976,
                    142.992
                ],
                [
                    161.088,
                    146.016
                ],
                [
                    164.928,
                    154.98
                ],
                [
                    164.928,
                    158.00400000000002
                ],
                [
                    167.04,
                    164.05200000000002
                ],
                [
                    169.92,
                    168.04799999999997
                ],
                [
                    172.992,
                    176.04000000000002
                ],
                [
                    172.992,
                    189.972
                ],
                [
                    172.032,
                    193.96800000000002
                ],
                [
                    167.04,
                    204.984
                ],
                [
                    158.976,
                    213.948
                ],
                [
                    150.912,
                    219.99599999999998
                ],
                [
                    148.032,
                    223.992
                ],
                [
                    148.032,
                    226.044
                ],
                [
                    145.92,
                    227.988
                ],
                [
                    144.96,
                    230.04
                ],
                [
                    144,
                    235.98
                ],
                [
                    142.07999999999998,
                    238.032
                ],
                [
                    129.024,
                    249.048
                ],
                [
                    123.072,
                    251.964
                ],
                [
                    111.93599999999999,
                    259.956
                ],
                [
                    100.992,
                    266.976
                ],
                [
                    91.008,
                    272.052
                ],
                [
                    81.024,
                    272.052
                ]
            ]
        }
    ]
}