{
    "IMAGE_INFO": {
        "FILE_NAME": "1004724@0_02001_220907_P1_T3__3337.jpg",
        "DATE": "2022-10-27 18:52:06",
        "RESOLUTION": "1920 x 1080",
        "IMAGE_PHOTOGRAPHER": "이지은",
        "FOCUS_DISTANCE": "5.6",
        "EXPOSURE_TIME": "1/400",
        "SENSITIVITY_ISO": "4000",
        "PLACE": "용인시재활용센터",
        "REGION_NAME": null,
        "Direction": "0",
        "HEIGHT": "100",
        "DAY/NIGHT": "주간",
        "WEATHER": "맑음",
        "IMAGE_HEIGHT": 1080,
        "IMAGE_WIDTH": 1920,
        "IMAGE_SIZE": "667.1 KB"
    },
    "ANNOTATION_INFO": [
        {
            "ID": "1",
            "CLASS": "종이",
            "DETAILS": "종이",
            "DAMAGE": "완전압착",
            "DIRTINESS": "오염없음",
            "COVER": "겹침",
            "TRANSPARENCY": "불투명",
            "SHAPE": "종이팩형",
            "SHAPE_TYPE": "POLYGON",
            "POINTS": [
                [
                    358.08,
                    987.9839999999999
                ],
                [
                    355.968,
                    987.0120000000001
                ],
                [
                    334.08,
                    984.96
                ],
                [
                    329.08799999999997,
                    983.016
                ],
                [
                    321.984,
                    982.044
                ],
                [
                    313.92,
                    982.044
                ],
                [
                    305.088,
                    979.02
                ],
                [
                    292.03200000000004,
                    978.048
                ],
                [
                    257.08799999999997,
                    976.968
                ],
                [
                    220.992,
                    978.048
                ],
                [
                    159.936,
                    976.968
                ],
                [
                    145.92,
                    975.996
                ],
                [
                    139.008,
                    974.052
                ],
                [
                    124.03200000000001,
                    972.972
                ],
                [
                    118.08,
                    968.976
                ],
                [
                    118.08,
                    963.0360000000001
                ],
                [
                    124.992,
                    938.952
                ],
                [
                    144,
                    890.028
                ],
                [
                    159.936,
                    857.952
                ],
                [
                    163.96800000000002,
                    852.9839999999999
                ],
                [
                    168.95999999999998,
                    837.972
                ],
                [
                    182.976,
                    813.9960000000001
                ],
                [
                    212.928,
                    771.984
                ],
                [
                    230.976,
                    753.9480000000001
                ],
                [
                    279.93600000000004,
                    713.016
                ],
                [
                    316.032,
                    687.96
                ],
                [
                    322.94399999999996,
                    685.044
                ],
                [
                    331.008,
                    678.024
                ],
                [
                    337.91999999999996,
                    674.028
                ],
                [
                    346.944,
                    671.0039999999999
                ],
                [
                    350.976,
                    667.008
                ],
                [
                    363.072,
                    662.04
                ],
                [
                    370.944,
                    655.9920000000001
                ],
                [
                    382.08000000000004,
                    651.996
                ],
                [
                    384.96000000000004,
                    652.9680000000001
                ],
                [
                    402.048,
                    663.0120000000001
                ],
                [
                    411.072,
                    666.0360000000001
                ],
                [
                    422.01599999999996,
                    667.98
                ],
                [
                    432.96000000000004,
                    677.052
                ],
                [
                    435.072,
                    681.048
                ],
                [
                    436.032,
                    695.952
                ],
                [
                    442.94399999999996,
                    710.9639999999999
                ],
                [
                    442.94399999999996,
                    717.9839999999999
                ],
                [
                    446.016,
                    721.0079999999999
                ],
                [
                    447.93600000000004,
                    736.992
                ],
                [
                    451.008,
                    740.988
                ],
                [
                    451.968,
                    756.972
                ],
                [
                    456.96,
                    763.02
                ],
                [
                    456.96,
                    767.9879999999999
                ],
                [
                    460.992,
                    775.98
                ],
                [
                    462.91200000000003,
                    787.9680000000001
                ],
                [
                    467.904,
                    794.9879999999999
                ],
                [
                    476.928,
                    833.004
                ],
                [
                    480,
                    840.996
                ],
                [
                    483.072,
                    844.02
                ],
                [
                    483.072,
                    851.0400000000001
                ],
                [
                    456.96,
                    875.988
                ],
                [
                    446.976,
                    883.98
                ],
                [
                    428.928,
                    903.9599999999999
                ],
                [
                    417.98400000000004,
                    920.052
                ],
                [
                    395.904,
                    941.976
                ],
                [
                    384.96000000000004,
                    957.96
                ],
                [
                    380.928,
                    975.996
                ],
                [
                    374.976,
                    982.044
                ],
                [
                    365.952,
                    987.0120000000001
                ],
                [
                    358.08,
                    987.9839999999999
                ]
            ]
        }
    ]
}