{
    "IMAGE_INFO": {
        "FILE_NAME": "1004750@0_02001_220907_P1_T3__3508.jpg",
        "DATE": "2022-10-27 18:52:26",
        "RESOLUTION": "1920 x 1080",
        "IMAGE_PHOTOGRAPHER": "이지은",
        "FOCUS_DISTANCE": "5.6",
        "EXPOSURE_TIME": "1/400",
        "SENSITIVITY_ISO": "4000",
        "PLACE": "용인시재활용센터",
        "REGION_NAME": null,
        "Direction": "0",
        "HEIGHT": "100",
        "DAY/NIGHT": "주간",
        "WEATHER": "맑음",
        "IMAGE_HEIGHT": 1080,
        "IMAGE_WIDTH": 1920,
        "IMAGE_SIZE": "641.5 KB"
    },
    "ANNOTATION_INFO": [
        {
            "ID": "1",
            "CLASS": "종이",
            "DETAILS": "종이",
            "DAMAGE": "손상",
            "DIRTINESS": "이물질(외부)",
            "COVER": "없음",
            "TRANSPARENCY": "불투명",
            "SHAPE": "종이컵형",
            "SHAPE_TYPE": "POLYGON",
            "POINTS": [
                [
                    848.064,
                    1056.996
                ],
                [
                    834.048,
                    1056.0240000000001
                ],
                [
                    828.096,
                    1055.052
                ],
                [
                    822.9119999999999,
                    1053
                ],
                [
                    816.96,
                    1052.028
                ],
                [
                    807.936,
                    1052.028
                ],
                [
                    802.9440000000001,
                    1050.9479999999999
                ],
                [
                    798.912,
                    1049.0040000000001
                ],
                [
                    795.072,
                    1048.0320000000002
                ],
                [
                    781.056,
                    1046.952
                ],
                [
                    772.9920000000001,
                    1044.036
                ],
                [
                    757.0559999999999,
                    1037.016
                ],
                [
                    742.08,
                    1025.028
                ],
                [
                    735.9359999999999,
                    1018.98
                ],
                [
                    734.976,
                    1015.956
                ],
                [
                    730.944,
                    1013.04
                ],
                [
                    729.9839999999999,
                    1010.0160000000001
                ],
                [
                    726.912,
                    1007.964
                ],
                [
                    723.072,
                    995.976
                ],
                [
                    720.96,
                    972.972
                ],
                [
                    720.96,
                    956.016
                ],
                [
                    719.04,
                    947.052
                ],
                [
                    719.04,
                    917.028
                ],
                [
                    715.9680000000001,
                    888.9480000000001
                ],
                [
                    713.088,
                    880.956
                ],
                [
                    711.936,
                    872.964
                ],
                [
                    711.936,
                    864
                ],
                [
                    714.048,
                    859.032
                ],
                [
                    725.952,
                    844.992
                ],
                [
                    739.9680000000001,
                    833.004
                ],
                [
                    750.912,
                    826.956
                ],
                [
                    769.9200000000001,
                    820.044
                ],
                [
                    782.976,
                    813.9960000000001
                ],
                [
                    787.968,
                    813.9960000000001
                ],
                [
                    800.0640000000001,
                    812.052
                ],
                [
                    816.96,
                    810.972
                ],
                [
                    839.04,
                    810.972
                ],
                [
                    854.976,
                    812.052
                ],
                [
                    881.088,
                    814.9680000000001
                ],
                [
                    897.024,
                    818.9639999999999
                ],
                [
                    926.016,
                    826.956
                ],
                [
                    931.968,
                    829.9799999999999
                ],
                [
                    936.96,
                    830.952
                ],
                [
                    945.984,
                    833.976
                ],
                [
                    964.0319999999999,
                    843.048
                ],
                [
                    965.952,
                    844.992
                ],
                [
                    965.952,
                    855.036
                ],
                [
                    960.9599999999999,
                    883.008
                ],
                [
                    960.9599999999999,
                    898.02
                ],
                [
                    964.0319999999999,
                    921.024
                ],
                [
                    953.088,
                    960.984
                ],
                [
                    950.976,
                    965.952
                ],
                [
                    940.992,
                    983.016
                ],
                [
                    940.0319999999999,
                    987.9839999999999
                ],
                [
                    940.0319999999999,
                    999.972
                ],
                [
                    936,
                    1006.992
                ],
                [
                    934.0799999999999,
                    1018.008
                ],
                [
                    931.968,
                    1019.952
                ],
                [
                    931.008,
                    1028.052
                ],
                [
                    926.976,
                    1032.048
                ],
                [
                    925.056,
                    1037.988
                ],
                [
                    917.952,
                    1044.036
                ],
                [
                    910.0799999999999,
                    1048.0320000000002
                ],
                [
                    906.048,
                    1049.0040000000001
                ],
                [
                    901.056,
                    1052.028
                ],
                [
                    894.912,
                    1052.028
                ],
                [
                    892.032,
                    1053
                ],
                [
                    888,
                    1056.0240000000001
                ],
                [
                    874.944,
                    1056.996
                ]
            ]
        }
    ]
}