{
    "IMAGE_INFO": {
        "FILE_NAME": "1004950@0_02001_220907_P1_T3__0841.jpg",
        "DATE": "2022-10-27 18:54:30",
        "RESOLUTION": "1920 x 1080",
        "IMAGE_PHOTOGRAPHER": "이지은",
        "FOCUS_DISTANCE": "5.6",
        "EXPOSURE_TIME": "1/400",
        "SENSITIVITY_ISO": "4000",
        "PLACE": "용인시재활용센터",
        "REGION_NAME": null,
        "Direction": "0",
        "HEIGHT": "100",
        "DAY/NIGHT": "주간",
        "WEATHER": "맑음",
        "IMAGE_HEIGHT": 1080,
        "IMAGE_WIDTH": 1920,
        "IMAGE_SIZE": "642.0 KB"
    },
    "ANNOTATION_INFO": [
        {
            "ID": "1",
            "CLASS": "종이",
            "DETAILS": "종이",
            "DAMAGE": "완전압착",
            "DIRTINESS": "이물질(외부)",
            "COVER": "없음",
            "TRANSPARENCY": "불투명",
            "SHAPE": "종이컵형",
            "SHAPE_TYPE": "POLYGON",
            "POINTS": [
                [
                    91.008,
                    270.97200000000004
                ],
                [
                    72.96,
                    270
                ],
                [
                    67.968,
                    267.948
                ],
                [
                    52.032,
                    266.976
                ],
                [
                    43.008,
                    263.952
                ],
                [
                    32.064,
                    253.044
                ],
                [
                    19.968,
                    243.97199999999998
                ],
                [
                    17.088,
                    238.032
                ],
                [
                    13.056,
                    238.032
                ],
                [
                    12.096,
                    235.98
                ],
                [
                    9.024000000000001,
                    235.98
                ],
                [
                    4.992,
                    227.988
                ],
                [
                    0,
                    223.01999999999998
                ],
                [
                    0,
                    159.948
                ],
                [
                    5.952,
                    158.00400000000002
                ],
                [
                    9.984,
                    146.988
                ],
                [
                    17.088,
                    139.968
                ],
                [
                    19.968,
                    134.028
                ],
                [
                    24,
                    131.00400000000002
                ],
                [
                    28.992,
                    131.00400000000002
                ],
                [
                    34.944,
                    134.028
                ],
                [
                    38.016000000000005,
                    134.028
                ],
                [
                    41.088,
                    131.00400000000002
                ],
                [
                    44.928000000000004,
                    123.984
                ],
                [
                    46.08,
                    118.044
                ],
                [
                    56.064,
                    107.02799999999999
                ],
                [
                    57.984,
                    96.012
                ],
                [
                    61.056000000000004,
                    91.044
                ],
                [
                    63.93600000000001,
                    69.012
                ],
                [
                    75.072,
                    56.052
                ],
                [
                    76.03200000000001,
                    50.976
                ],
                [
                    81.024,
                    47.952000000000005
                ],
                [
                    86.976,
                    47.952000000000005
                ],
                [
                    102.912,
                    49.032000000000004
                ],
                [
                    109.05600000000001,
                    50.976
                ],
                [
                    139.008,
                    81
                ],
                [
                    142.07999999999998,
                    104.976
                ],
                [
                    142.07999999999998,
                    128.952
                ],
                [
                    145.92,
                    135
                ],
                [
                    153.98399999999998,
                    138.996
                ],
                [
                    157.05599999999998,
                    142.02
                ],
                [
                    168.95999999999998,
                    168.04799999999997
                ],
                [
                    171.072,
                    176.04000000000002
                ],
                [
                    171.072,
                    189.972
                ],
                [
                    168.95999999999998,
                    197.964
                ],
                [
                    164.928,
                    204.012
                ],
                [
                    144,
                    223.992
                ],
                [
                    142.07999999999998,
                    234.036
                ],
                [
                    138.048,
                    239.976
                ],
                [
                    128.064,
                    247.968
                ],
                [
                    110.01599999999999,
                    258.98400000000004
                ],
                [
                    101.952,
                    266.00399999999996
                ],
                [
                    91.008,
                    270.97200000000004
                ]
            ]
        },
        {
            "ID": "2",
            "CLASS": "종이",
            "DETAILS": "종이",
            "DAMAGE": "원형",
            "DIRTINESS": "이물질(외부)",
            "COVER": "없음",
            "TRANSPARENCY": "불투명",
            "SHAPE": "종이컵형",
            "SHAPE_TYPE": "POLYGON",
            "POINTS": [
                [
                    812.928,
                    867.996
                ],
                [
                    809.088,
                    864.972
                ],
                [
                    796.032,
                    864
                ],
                [
                    795.072,
                    861.948
                ],
                [
                    792.9599999999999,
                    860.976
                ],
                [
                    783.936,
                    860.976
                ],
                [
                    779.904,
                    857.952
                ],
                [
                    774.912,
                    857.952
                ],
                [
                    772.9920000000001,
                    856.0079999999999
                ],
                [
                    764.928,
                    853.9559999999999
                ],
                [
                    758.016,
                    851.0400000000001
                ],
                [
                    745.9200000000001,
                    848.016
                ],
                [
                    740.928,
                    848.016
                ],
                [
                    738.048,
                    847.044
                ],
                [
                    735.9359999999999,
                    845.9639999999999
                ],
                [
                    734.976,
                    844.02
                ],
                [
                    734.976,
                    822.96
                ],
                [
                    733.0559999999999,
                    820.044
                ],
                [
                    733.0559999999999,
                    810
                ],
                [
                    735.9359999999999,
                    790.9920000000001
                ],
                [
                    735.9359999999999,
                    775.98
                ],
                [
                    738.048,
                    764.964
                ],
                [
                    740.928,
                    702
                ],
                [
                    745.9200000000001,
                    664.956
                ],
                [
                    745.9200000000001,
                    663.0120000000001
                ],
                [
                    743.04,
                    658.044
                ],
                [
                    743.04,
                    652.9680000000001
                ],
                [
                    744,
                    650.052
                ],
                [
                    750.912,
                    643.032
                ],
                [
                    759.9359999999999,
                    640.98
                ],
                [
                    772.032,
                    640.98
                ],
                [
                    795.072,
                    644.004
                ],
                [
                    816.96,
                    644.004
                ],
                [
                    825.984,
                    648
                ],
                [
                    834.048,
                    650.052
                ],
                [
                    846.912,
                    650.052
                ],
                [
                    853.0559999999999,
                    651.024
                ],
                [
                    865.9200000000001,
                    660.96
                ],
                [
                    872.064,
                    660.96
                ],
                [
                    874.944,
                    662.04
                ],
                [
                    878.976,
                    664.956
                ],
                [
                    883.968,
                    664.956
                ],
                [
                    902.016,
                    671.976
                ],
                [
                    908.928,
                    675.972
                ],
                [
                    915.072,
                    681.048
                ],
                [
                    917.952,
                    687.96
                ],
                [
                    916.9920000000001,
                    694.9799999999999
                ],
                [
                    913.92,
                    698.004
                ],
                [
                    908.928,
                    713.016
                ],
                [
                    906.048,
                    717.0120000000001
                ],
                [
                    902.976,
                    728.028
                ],
                [
                    882.048,
                    775.98
                ],
                [
                    868.992,
                    801.0360000000001
                ],
                [
                    868.992,
                    803.952
                ],
                [
                    855.9359999999999,
                    837.972
                ],
                [
                    850.944,
                    847.044
                ],
                [
                    845.952,
                    849.96
                ],
                [
                    839.04,
                    864
                ],
                [
                    830.976,
                    867.996
                ],
                [
                    812.928,
                    867.996
                ]
            ]
        }
    ]
}