{
    "IMAGE_INFO": {
        "FILE_NAME": "1004907@0_02001_220907_P1_T3__1364.jpg",
        "DATE": "2022-10-27 18:55:42",
        "RESOLUTION": "1920 x 1080",
        "IMAGE_PHOTOGRAPHER": "이지은",
        "FOCUS_DISTANCE": "5.6",
        "EXPOSURE_TIME": "1/400",
        "SENSITIVITY_ISO": "4000",
        "PLACE": "용인시재활용센터",
        "REGION_NAME": null,
        "Direction": "0",
        "HEIGHT": "100",
        "DAY/NIGHT": "주간",
        "WEATHER": "맑음",
        "IMAGE_HEIGHT": 1080,
        "IMAGE_WIDTH": 1920,
        "IMAGE_SIZE": "627.8 KB"
    },
    "ANNOTATION_INFO": [
        {
            "ID": "1",
            "CLASS": "종이",
            "DETAILS": "종이",
            "DAMAGE": "원형",
            "DIRTINESS": "이물질(외부)",
            "COVER": "없음",
            "TRANSPARENCY": "불투명",
            "SHAPE": "종이컵형",
            "SHAPE_TYPE": "POLYGON",
            "POINTS": [
                [
                    598.08,
                    783
                ],
                [
                    579.072,
                    780.948
                ],
                [
                    567.936,
                    779.004
                ],
                [
                    562.9440000000001,
                    779.004
                ],
                [
                    537.984,
                    775.008
                ],
                [
                    523.0079999999999,
                    772.956
                ],
                [
                    513.024,
                    771.984
                ],
                [
                    508.032,
                    771.012
                ],
                [
                    500.92800000000005,
                    770.04
                ],
                [
                    499.00800000000004,
                    768.9599999999999
                ],
                [
                    495.9359999999999,
                    767.9879999999999
                ],
                [
                    489.02399999999994,
                    764.964
                ],
                [
                    486.912,
                    764.964
                ],
                [
                    484.99199999999996,
                    763.02
                ],
                [
                    484.032,
                    760.968
                ],
                [
                    483.072,
                    752.976
                ],
                [
                    484.032,
                    751.032
                ],
                [
                    488.06399999999996,
                    748.98
                ],
                [
                    489.02399999999994,
                    748.008
                ],
                [
                    490.94399999999996,
                    744.012
                ],
                [
                    491.904,
                    740.988
                ],
                [
                    494.97599999999994,
                    726.948
                ],
                [
                    500.92800000000005,
                    709.02
                ],
                [
                    505.92,
                    691.956
                ],
                [
                    507.072,
                    685.044
                ],
                [
                    508.992,
                    678.024
                ],
                [
                    510.91200000000003,
                    667.98
                ],
                [
                    513.024,
                    664.956
                ],
                [
                    521.088,
                    636.012
                ],
                [
                    521.088,
                    631.0440000000001
                ],
                [
                    522.048,
                    627.048
                ],
                [
                    522.048,
                    624.024
                ],
                [
                    523.968,
                    621.972
                ],
                [
                    523.968,
                    620.028
                ],
                [
                    524.928,
                    617.976
                ],
                [
                    528,
                    613.98
                ],
                [
                    532.9920000000001,
                    609.012
                ],
                [
                    534.912,
                    609.012
                ],
                [
                    537.984,
                    608.04
                ],
                [
                    547.0079999999999,
                    608.04
                ],
                [
                    553.92,
                    606.96
                ],
                [
                    572.928,
                    606.96
                ],
                [
                    576,
                    609.012
                ],
                [
                    585.024,
                    609.012
                ],
                [
                    595.9680000000001,
                    612.036
                ],
                [
                    598.08,
                    612.036
                ],
                [
                    600.96,
                    613.98
                ],
                [
                    606.912,
                    613.98
                ],
                [
                    609.024,
                    614.952
                ],
                [
                    609.9839999999999,
                    617.004
                ],
                [
                    614.016,
                    617.004
                ],
                [
                    618.048,
                    618.9480000000001
                ],
                [
                    624,
                    624.024
                ],
                [
                    624.96,
                    627.048
                ],
                [
                    624.96,
                    631.0440000000001
                ],
                [
                    625.9200000000001,
                    633.9599999999999
                ],
                [
                    628.032,
                    636.012
                ],
                [
                    628.992,
                    637.956
                ],
                [
                    630.912,
                    644.004
                ],
                [
                    630.912,
                    670.0319999999999
                ],
                [
                    629.952,
                    695.952
                ],
                [
                    627.072,
                    733.968
                ],
                [
                    624.96,
                    741.96
                ],
                [
                    624,
                    756
                ],
                [
                    624,
                    778.032
                ],
                [
                    620.928,
                    779.976
                ],
                [
                    619.9680000000001,
                    779.976
                ],
                [
                    618.048,
                    780.948
                ],
                [
                    614.016,
                    782.028
                ],
                [
                    608.064,
                    783
                ],
                [
                    598.08,
                    783
                ]
            ]
        },
        {
            "ID": "2",
            "CLASS": "종이",
            "DETAILS": "종이",
            "DAMAGE": "완전압착",
            "DIRTINESS": "오염없음",
            "COVER": "없음",
            "TRANSPARENCY": "불투명",
            "SHAPE": "종이컵형",
            "SHAPE_TYPE": "POLYGON",
            "POINTS": [
                [
                    814.0799999999999,
                    786.024
                ],
                [
                    798.912,
                    779.976
                ],
                [
                    787.968,
                    762.048
                ],
                [
                    747.072,
                    713.016
                ],
                [
                    729.9839999999999,
                    687.96
                ],
                [
                    724.992,
                    685.044
                ],
                [
                    711.936,
                    666.0360000000001
                ],
                [
                    701.952,
                    655.0200000000001
                ],
                [
                    700.0319999999999,
                    650.052
                ],
                [
                    637.0559999999999,
                    574.02
                ],
                [
                    627.072,
                    567
                ],
                [
                    627.072,
                    556.956
                ],
                [
                    629.952,
                    551.9879999999999
                ],
                [
                    630.912,
                    543.9960000000001
                ],
                [
                    637.0559999999999,
                    535.032
                ],
                [
                    653.952,
                    520.02
                ],
                [
                    680.0640000000001,
                    505.98
                ],
                [
                    709.056,
                    494.964
                ],
                [
                    723.072,
                    492.048
                ],
                [
                    745.9200000000001,
                    477.036
                ],
                [
                    768.96,
                    465.048
                ],
                [
                    790.0799999999999,
                    456.948
                ],
                [
                    796.032,
                    455.976
                ],
                [
                    801.024,
                    456.948
                ],
                [
                    805.056,
                    461.052
                ],
                [
                    806.016,
                    467.964
                ],
                [
                    814.0799999999999,
                    483.948
                ],
                [
                    814.0799999999999,
                    489.996
                ],
                [
                    801.024,
                    500.04
                ],
                [
                    796.032,
                    505.98
                ],
                [
                    791.04,
                    521.964
                ],
                [
                    796.032,
                    536.976
                ],
                [
                    806.016,
                    551.016
                ],
                [
                    806.976,
                    555.984
                ],
                [
                    816,
                    567
                ],
                [
                    824.0640000000001,
                    586.98
                ],
                [
                    835.008,
                    601.992
                ],
                [
                    841.92,
                    606.96
                ],
                [
                    844.0319999999999,
                    610.956
                ],
                [
                    854.976,
                    621
                ],
                [
                    865.9200000000001,
                    625.968
                ],
                [
                    867.072,
                    628.02
                ],
                [
                    879.9359999999999,
                    628.9920000000001
                ],
                [
                    881.088,
                    631.0440000000001
                ],
                [
                    883.968,
                    631.0440000000001
                ],
                [
                    883.968,
                    636.012
                ],
                [
                    888,
                    640.98
                ],
                [
                    888.96,
                    647.028
                ],
                [
                    894.912,
                    654.048
                ],
                [
                    900.096,
                    672.948
                ],
                [
                    906.048,
                    681.048
                ],
                [
                    906.048,
                    686.9879999999999
                ],
                [
                    912.9599999999999,
                    702.972
                ],
                [
                    910.0799999999999,
                    709.992
                ],
                [
                    884.928,
                    725.976
                ],
                [
                    859.008,
                    745.956
                ],
                [
                    841.92,
                    766.0440000000001
                ],
                [
                    833.088,
                    771.984
                ],
                [
                    829.056,
                    780.948
                ],
                [
                    820.0319999999999,
                    786.024
                ],
                [
                    814.0799999999999,
                    786.024
                ]
            ]
        },
        {
            "ID": "3",
            "CLASS": "종이",
            "DETAILS": "종이",
            "DAMAGE": "원형",
            "DIRTINESS": "이물질(외부)",
            "COVER": "겹침",
            "TRANSPARENCY": "불투명",
            "SHAPE": "종이팩형",
            "SHAPE_TYPE": "POLYGON",
            "POINTS": [
                [
                    1185.024,
                    504.036
                ],
                [
                    1182.912,
                    501.984
                ],
                [
                    1181.952,
                    490.968
                ],
                [
                    1180.992,
                    489.996
                ],
                [
                    1180.992,
                    483.948
                ],
                [
                    1181.952,
                    478.008
                ],
                [
                    1184.064,
                    474.012
                ],
                [
                    1185.9840000000002,
                    456.948
                ],
                [
                    1185.9840000000002,
                    442.044
                ],
                [
                    1184.064,
                    424.98
                ],
                [
                    1180.992,
                    416.01599999999996
                ],
                [
                    1177.92,
                    411.048
                ],
                [
                    1177.92,
                    408.996
                ],
                [
                    1172.9279999999999,
                    401.976
                ],
                [
                    1170.048,
                    393.012
                ],
                [
                    1166.0159999999998,
                    351
                ],
                [
                    1166.0159999999998,
                    335.01599999999996
                ],
                [
                    1167.936,
                    331.02
                ],
                [
                    1169.088,
                    331.02
                ],
                [
                    1171.008,
                    328.96799999999996
                ],
                [
                    1172.9279999999999,
                    312.984
                ],
                [
                    1171.008,
                    301.968
                ],
                [
                    1167.936,
                    294.94800000000004
                ],
                [
                    1167.936,
                    289.98
                ],
                [
                    1172.9279999999999,
                    282.96000000000004
                ],
                [
                    1175.04,
                    277.02
                ],
                [
                    1179.072,
                    272.052
                ],
                [
                    1180.992,
                    270.97200000000004
                ],
                [
                    1204.032,
                    266.976
                ],
                [
                    1213.056,
                    266.00399999999996
                ],
                [
                    1228.032,
                    266.00399999999996
                ],
                [
                    1228.992,
                    265.032
                ],
                [
                    1229.952,
                    265.032
                ],
                [
                    1233.9840000000002,
                    266.976
                ],
                [
                    1249.92,
                    266.00399999999996
                ],
                [
                    1252.992,
                    270.97200000000004
                ],
                [
                    1256.064,
                    288.036
                ],
                [
                    1257.984,
                    319.032
                ],
                [
                    1262.976,
                    358.02000000000004
                ],
                [
                    1262.976,
                    366.012
                ],
                [
                    1267.008,
                    388.044
                ],
                [
                    1267.008,
                    405
                ],
                [
                    1270.08,
                    420.984
                ],
                [
                    1270.08,
                    432
                ],
                [
                    1275.0720000000001,
                    481.03200000000004
                ],
                [
                    1272.96,
                    485.028
                ],
                [
                    1268.928,
                    489.024
                ],
                [
                    1258.944,
                    496.044
                ],
                [
                    1252.032,
                    498.96000000000004
                ],
                [
                    1246.08,
                    500.04
                ],
                [
                    1239.9360000000001,
                    500.04
                ],
                [
                    1233.024,
                    501.984
                ],
                [
                    1225.9199999999998,
                    502.956
                ],
                [
                    1210.944,
                    504.036
                ],
                [
                    1185.024,
                    504.036
                ]
            ]
        },
        {
            "ID": "4",
            "CLASS": "종이",
            "DETAILS": "종이",
            "DAMAGE": "원형",
            "DIRTINESS": "이물질(외부)",
            "COVER": "없음",
            "TRANSPARENCY": "불투명",
            "SHAPE": "종이컵형",
            "SHAPE_TYPE": "POLYGON",
            "POINTS": [
                [
                    930.048,
                    1080
                ],
                [
                    924.096,
                    1071.036
                ],
                [
                    898.944,
                    1053
                ],
                [
                    891.072,
                    1042.956
                ],
                [
                    884.928,
                    1029.996
                ],
                [
                    883.0079999999999,
                    1019.952
                ],
                [
                    878.976,
                    1011.96
                ],
                [
                    878.016,
                    999.972
                ],
                [
                    874.944,
                    987.9839999999999
                ],
                [
                    874.944,
                    948.024
                ],
                [
                    875.904,
                    937.98
                ],
                [
                    878.016,
                    932.04
                ],
                [
                    878.016,
                    922.9680000000001
                ],
                [
                    878.976,
                    918.972
                ],
                [
                    882.048,
                    915.948
                ],
                [
                    883.0079999999999,
                    910.008
                ],
                [
                    882.048,
                    875.988
                ],
                [
                    884.928,
                    867.024
                ],
                [
                    888.96,
                    864
                ],
                [
                    897.024,
                    860.976
                ],
                [
                    907.968,
                    859.032
                ],
                [
                    911.04,
                    856.98
                ],
                [
                    916.032,
                    856.0079999999999
                ],
                [
                    921.984,
                    852.9839999999999
                ],
                [
                    924.096,
                    852.9839999999999
                ],
                [
                    929.088,
                    849.96
                ],
                [
                    934.0799999999999,
                    848.988
                ],
                [
                    950.0160000000001,
                    841.968
                ],
                [
                    959.04,
                    839.052
                ],
                [
                    979.968,
                    839.052
                ],
                [
                    993.9840000000002,
                    841.968
                ],
                [
                    997.0559999999999,
                    844.02
                ],
                [
                    1001.088,
                    844.02
                ],
                [
                    1023.936,
                    849.96
                ],
                [
                    1030.08,
                    852.9839999999999
                ],
                [
                    1032.96,
                    852.9839999999999
                ],
                [
                    1046.976,
                    856.98
                ],
                [
                    1060.0320000000002,
                    864
                ],
                [
                    1083.0720000000001,
                    879.9839999999999
                ],
                [
                    1084.9920000000002,
                    883.008
                ],
                [
                    1088.0639999999999,
                    884.952
                ],
                [
                    1090.944,
                    893.052
                ],
                [
                    1099.9679999999998,
                    902.9879999999999
                ],
                [
                    1105.9199999999998,
                    917.028
                ],
                [
                    1107.0720000000001,
                    924.048
                ],
                [
                    1112.064,
                    937.008
                ],
                [
                    1119.9360000000001,
                    968.976
                ],
                [
                    1122.048,
                    987.0120000000001
                ],
                [
                    1124.9279999999999,
                    991.98
                ],
                [
                    1126.08,
                    1014.9839999999999
                ],
                [
                    1124.9279999999999,
                    1021.032
                ],
                [
                    1119.9360000000001,
                    1033.02
                ],
                [
                    1116.096,
                    1037.016
                ],
                [
                    1095.936,
                    1045.98
                ],
                [
                    1089.0240000000001,
                    1052.028
                ],
                [
                    1070.9759999999999,
                    1069.9560000000001
                ],
                [
                    1066.944,
                    1080
                ],
                [
                    930.048,
                    1080
                ]
            ]
        },
        {
            "ID": "5",
            "CLASS": "종이",
            "DETAILS": "종이",
            "DAMAGE": "손상",
            "DIRTINESS": "이물질(외부)",
            "COVER": "겹침",
            "TRANSPARENCY": "불투명",
            "SHAPE": "낱장형",
            "SHAPE_TYPE": "POLYGON",
            "POINTS": [
                [
                    667.968,
                    787.9680000000001
                ],
                [
                    661.056,
                    783.972
                ],
                [
                    657.024,
                    779.004
                ],
                [
                    657.024,
                    776.952
                ],
                [
                    652.032,
                    762.048
                ],
                [
                    651.072,
                    752.976
                ],
                [
                    648.96,
                    744.9839999999999
                ],
                [
                    646.08,
                    740.0160000000001
                ],
                [
                    643.968,
                    733.968
                ],
                [
                    642.048,
                    722.952
                ],
                [
                    638.976,
                    717.0120000000001
                ],
                [
                    638.016,
                    712.044
                ],
                [
                    635.904,
                    708.048
                ],
                [
                    635.904,
                    699.948
                ],
                [
                    632.064,
                    690.0120000000001
                ],
                [
                    632.064,
                    651.996
                ],
                [
                    630.912,
                    641.952
                ],
                [
                    628.992,
                    637.956
                ],
                [
                    628.992,
                    636.012
                ],
                [
                    625.9200000000001,
                    632.0160000000001
                ],
                [
                    625.9200000000001,
                    628.02
                ],
                [
                    624,
                    624.024
                ],
                [
                    624,
                    621.972
                ],
                [
                    623.04,
                    620.028
                ],
                [
                    619.9680000000001,
                    617.976
                ],
                [
                    619.9680000000001,
                    614.952
                ],
                [
                    629.952,
                    605.988
                ],
                [
                    629.952,
                    602.964
                ],
                [
                    632.064,
                    600.048
                ],
                [
                    638.976,
                    596.0519999999999
                ],
                [
                    644.928,
                    596.0519999999999
                ],
                [
                    647.0400000000001,
                    594
                ],
                [
                    651.072,
                    594
                ],
                [
                    661.056,
                    604.044
                ],
                [
                    662.976,
                    608.04
                ],
                [
                    668.928,
                    616.032
                ],
                [
                    672,
                    621.972
                ],
                [
                    672.9599999999999,
                    624.996
                ],
                [
                    672.9599999999999,
                    636.984
                ],
                [
                    676.032,
                    640.98
                ],
                [
                    676.9920000000001,
                    644.004
                ],
                [
                    677.952,
                    659.9879999999999
                ],
                [
                    680.0640000000001,
                    663.0120000000001
                ],
                [
                    680.0640000000001,
                    682.02
                ],
                [
                    681.024,
                    695.952
                ],
                [
                    682.9440000000001,
                    705.024
                ],
                [
                    682.9440000000001,
                    712.044
                ],
                [
                    685.056,
                    729
                ],
                [
                    687.936,
                    743.04
                ],
                [
                    690.048,
                    762.048
                ],
                [
                    690.048,
                    771.984
                ],
                [
                    692.928,
                    778.032
                ],
                [
                    691.008,
                    780.948
                ],
                [
                    690.048,
                    780.948
                ],
                [
                    686.976,
                    783.972
                ],
                [
                    685.056,
                    783.972
                ],
                [
                    676.032,
                    786.024
                ],
                [
                    672,
                    787.9680000000001
                ],
                [
                    667.968,
                    787.9680000000001
                ]
            ]
        }
    ]
}