{
    "IMAGE_INFO": {
        "FILE_NAME": "1004955@0_02001_220907_P1_T3__0018.jpg",
        "DATE": "2022-10-27 18:52:40",
        "RESOLUTION": "1920 x 1080",
        "IMAGE_PHOTOGRAPHER": "이지은",
        "FOCUS_DISTANCE": "5.6",
        "EXPOSURE_TIME": "1/400",
        "SENSITIVITY_ISO": "4000",
        "PLACE": "용인시재활용센터",
        "REGION_NAME": null,
        "Direction": "0",
        "HEIGHT": "100",
        "DAY/NIGHT": "주간",
        "WEATHER": "맑음",
        "IMAGE_HEIGHT": 1080,
        "IMAGE_WIDTH": 1920,
        "IMAGE_SIZE": "627.7 KB"
    },
    "ANNOTATION_INFO": [
        {
            "ID": "1",
            "CLASS": "종이",
            "DETAILS": "종이",
            "DAMAGE": "원형",
            "DIRTINESS": "이물질(외부)",
            "COVER": "겹침",
            "TRANSPARENCY": "불투명",
            "SHAPE": "낱장형",
            "SHAPE_TYPE": "POLYGON",
            "POINTS": [
                [
                    360.96,
                    339.012
                ],
                [
                    360,
                    335.01599999999996
                ],
                [
                    358.08,
                    331.992
                ],
                [
                    354.048,
                    321.948
                ],
                [
                    350.01599999999996,
                    307.044
                ],
                [
                    344.064,
                    292.032
                ],
                [
                    340.992,
                    280.044
                ],
                [
                    337.91999999999996,
                    276.048
                ],
                [
                    337.91999999999996,
                    270.97200000000004
                ],
                [
                    335.03999999999996,
                    263.952
                ],
                [
                    331.968,
                    251.964
                ],
                [
                    322.94399999999996,
                    234.036
                ],
                [
                    315.072,
                    208.98000000000002
                ],
                [
                    310.08,
                    200.016
                ],
                [
                    307.008,
                    189.972
                ],
                [
                    302.01599999999996,
                    181.008
                ],
                [
                    294.912,
                    170.964
                ],
                [
                    288.96,
                    164.05200000000002
                ],
                [
                    286.08,
                    158.976
                ],
                [
                    282.048,
                    154.98
                ],
                [
                    278.976,
                    149.04000000000002
                ],
                [
                    275.904,
                    146.016
                ],
                [
                    275.904,
                    141.048
                ],
                [
                    282.048,
                    135
                ],
                [
                    286.08,
                    135
                ],
                [
                    287.03999999999996,
                    137.05200000000002
                ],
                [
                    292.03200000000004,
                    141.048
                ],
                [
                    292.03200000000004,
                    142.02
                ],
                [
                    294.912,
                    143.964
                ],
                [
                    306.048,
                    143.964
                ],
                [
                    307.96799999999996,
                    142.02
                ],
                [
                    311.04,
                    142.02
                ],
                [
                    317.952,
                    145.044
                ],
                [
                    318.912,
                    146.016
                ],
                [
                    321.024,
                    146.016
                ],
                [
                    326.976,
                    150.984
                ],
                [
                    337.91999999999996,
                    154.008
                ],
                [
                    340.03200000000004,
                    155.952
                ],
                [
                    347.904,
                    158.976
                ],
                [
                    356.928,
                    159.948
                ],
                [
                    366.912,
                    162.972
                ],
                [
                    372.096,
                    165.024
                ],
                [
                    374.976,
                    168.04799999999997
                ],
                [
                    379.008,
                    169.02
                ],
                [
                    379.008,
                    173.988
                ],
                [
                    379.96799999999996,
                    173.988
                ],
                [
                    379.96799999999996,
                    196.99200000000002
                ],
                [
                    382.08000000000004,
                    201.96
                ],
                [
                    382.08000000000004,
                    208.00799999999998
                ],
                [
                    388.032,
                    218.052
                ],
                [
                    385.92,
                    219.99599999999998
                ],
                [
                    384.96000000000004,
                    219.99599999999998
                ],
                [
                    383.04,
                    223.01999999999998
                ],
                [
                    387.072,
                    231.012
                ],
                [
                    384.96000000000004,
                    234.036
                ],
                [
                    379.96799999999996,
                    239.004
                ],
                [
                    379.008,
                    239.004
                ],
                [
                    374.976,
                    243
                ],
                [
                    370.944,
                    249.048
                ],
                [
                    369.024,
                    253.044
                ],
                [
                    368.064,
                    259.956
                ],
                [
                    361.92,
                    266.976
                ],
                [
                    361.92,
                    269.02799999999996
                ],
                [
                    359.04,
                    273.996
                ],
                [
                    359.04,
                    284.04
                ],
                [
                    361.92,
                    297
                ],
                [
                    361.92,
                    301.968
                ],
                [
                    364.99199999999996,
                    312.012
                ],
                [
                    368.064,
                    317.952
                ],
                [
                    374.016,
                    321.948
                ],
                [
                    373.056,
                    324.972
                ],
                [
                    365.952,
                    331.992
                ],
                [
                    361.92,
                    335.01599999999996
                ],
                [
                    360.96,
                    339.012
                ]
            ]
        },
        {
            "ID": "2",
            "CLASS": "종이",
            "DETAILS": "종이",
            "DAMAGE": "손상",
            "DIRTINESS": "이물질(외부)",
            "COVER": "없음",
            "TRANSPARENCY": "불투명",
            "SHAPE": "낱장형",
            "SHAPE_TYPE": "POLYGON",
            "POINTS": [
                [
                    675.072,
                    864.972
                ],
                [
                    663.936,
                    863.028
                ],
                [
                    660.096,
                    856.0079999999999
                ],
                [
                    647.0400000000001,
                    843.048
                ],
                [
                    638.016,
                    837.972
                ],
                [
                    628.992,
                    837.972
                ],
                [
                    620.928,
                    843.048
                ],
                [
                    605.952,
                    848.988
                ],
                [
                    600.96,
                    848.988
                ],
                [
                    596.928,
                    847.044
                ],
                [
                    595.008,
                    833.004
                ],
                [
                    588.096,
                    810
                ],
                [
                    585.984,
                    809.028
                ],
                [
                    585.984,
                    805.0319999999999
                ],
                [
                    591.936,
                    798.984
                ],
                [
                    591.936,
                    794.016
                ],
                [
                    572.928,
                    771.984
                ],
                [
                    536.064,
                    745.956
                ],
                [
                    494.97599999999994,
                    725.976
                ],
                [
                    488.06399999999996,
                    718.9559999999999
                ],
                [
                    464.064,
                    712.044
                ],
                [
                    446.976,
                    709.02
                ],
                [
                    436.032,
                    705.024
                ],
                [
                    427.008,
                    695.952
                ],
                [
                    425.088,
                    686.9879999999999
                ],
                [
                    417.98400000000004,
                    678.9960000000001
                ],
                [
                    416.064,
                    668.952
                ],
                [
                    412.03200000000004,
                    664.956
                ],
                [
                    403.008,
                    644.004
                ],
                [
                    401.088,
                    613.98
                ],
                [
                    409.92,
                    591.948
                ],
                [
                    409.92,
                    585.036
                ],
                [
                    416.064,
                    574.02
                ],
                [
                    417.98400000000004,
                    562.0319999999999
                ],
                [
                    425.088,
                    550.044
                ],
                [
                    437.952,
                    509.976
                ],
                [
                    445.05600000000004,
                    500.04
                ],
                [
                    445.05600000000004,
                    494.964
                ],
                [
                    451.008,
                    486
                ],
                [
                    452.928,
                    478.008
                ],
                [
                    457.91999999999996,
                    477.036
                ],
                [
                    485.952,
                    482.976
                ],
                [
                    500.92800000000005,
                    482.976
                ],
                [
                    513.984,
                    486
                ],
                [
                    524.928,
                    489.996
                ],
                [
                    542.016,
                    500.04
                ],
                [
                    556.032,
                    504.036
                ],
                [
                    584.0640000000001,
                    509.004
                ],
                [
                    595.008,
                    509.976
                ],
                [
                    680.0640000000001,
                    509.976
                ],
                [
                    699.072,
                    513.972
                ],
                [
                    724.992,
                    515.052
                ],
                [
                    744.96,
                    519.048
                ],
                [
                    758.016,
                    519.048
                ],
                [
                    792.9599999999999,
                    525.96
                ],
                [
                    810.048,
                    527.04
                ],
                [
                    816.96,
                    529.956
                ],
                [
                    849.024,
                    532.0079999999999
                ],
                [
                    855.9359999999999,
                    535.032
                ],
                [
                    888,
                    536.976
                ],
                [
                    898.944,
                    540
                ],
                [
                    922.9440000000001,
                    540.972
                ],
                [
                    931.968,
                    542.052
                ],
                [
                    940.0319999999999,
                    544.9680000000001
                ],
                [
                    958.08,
                    546.048
                ],
                [
                    974.9760000000001,
                    550.044
                ],
                [
                    985.92,
                    555.0120000000001
                ],
                [
                    998.976,
                    569.052
                ],
                [
                    1018.944,
                    582.9839999999999
                ],
                [
                    1027.968,
                    600.048
                ],
                [
                    1041.0240000000001,
                    614.952
                ],
                [
                    1045.056,
                    624.024
                ],
                [
                    1045.056,
                    631.0440000000001
                ],
                [
                    1041.0240000000001,
                    636.012
                ],
                [
                    993.024,
                    668.952
                ],
                [
                    966.912,
                    682.992
                ],
                [
                    926.976,
                    709.02
                ],
                [
                    901.056,
                    729
                ],
                [
                    889.9200000000001,
                    735.048
                ],
                [
                    835.9680000000001,
                    774.0360000000001
                ],
                [
                    790.0799999999999,
                    803.952
                ],
                [
                    758.016,
                    821.9879999999999
                ],
                [
                    755.904,
                    833.004
                ],
                [
                    748.992,
                    848.988
                ],
                [
                    744.96,
                    853.9559999999999
                ],
                [
                    734.016,
                    859.032
                ],
                [
                    731.904,
                    853.9559999999999
                ],
                [
                    726.912,
                    849.96
                ],
                [
                    724.992,
                    840.024
                ],
                [
                    719.04,
                    834.948
                ],
                [
                    708.096,
                    837
                ],
                [
                    696.96,
                    843.048
                ],
                [
                    692.928,
                    851.0400000000001
                ],
                [
                    680.0640000000001,
                    863.028
                ],
                [
                    675.072,
                    864.972
                ]
            ]
        }
    ]
}