{
    "IMAGE_INFO": {
        "FILE_NAME": "1004962@0_02001_220907_P1_T3__0274.jpg",
        "DATE": "2022-10-27 18:53:16",
        "RESOLUTION": "1920 x 1080",
        "IMAGE_PHOTOGRAPHER": "이지은",
        "FOCUS_DISTANCE": "5.6",
        "EXPOSURE_TIME": "1/400",
        "SENSITIVITY_ISO": "4000",
        "PLACE": "용인시재활용센터",
        "REGION_NAME": null,
        "Direction": "0",
        "HEIGHT": "100",
        "DAY/NIGHT": "주간",
        "WEATHER": "맑음",
        "IMAGE_HEIGHT": 1080,
        "IMAGE_WIDTH": 1920,
        "IMAGE_SIZE": "672.8 KB"
    },
    "ANNOTATION_INFO": [
        {
            "ID": "1",
            "CLASS": "종이",
            "DETAILS": "종이",
            "DAMAGE": "손상",
            "DIRTINESS": "오염없음",
            "COVER": "없음",
            "TRANSPARENCY": "불투명",
            "SHAPE": "박스형",
            "SHAPE_TYPE": "POLYGON",
            "POINTS": [
                [
                    611.904,
                    744.9839999999999
                ],
                [
                    580.0319999999999,
                    744.012
                ],
                [
                    566.016,
                    741.96
                ],
                [
                    500.92800000000005,
                    743.04
                ],
                [
                    498.04800000000006,
                    741.96
                ],
                [
                    484.032,
                    731.0519999999999
                ],
                [
                    479.04,
                    722.952
                ],
                [
                    466.944,
                    710.9639999999999
                ],
                [
                    445.05600000000004,
                    678.024
                ],
                [
                    441.024,
                    675
                ],
                [
                    433.92,
                    663.984
                ],
                [
                    427.96799999999996,
                    659.016
                ],
                [
                    427.96799999999996,
                    656.9639999999999
                ],
                [
                    417.98400000000004,
                    645.948
                ],
                [
                    399.93600000000004,
                    621
                ],
                [
                    389.952,
                    597.996
                ],
                [
                    388.992,
                    570.996
                ],
                [
                    385.92,
                    563.976
                ],
                [
                    385.92,
                    550.044
                ],
                [
                    388.992,
                    543.9960000000001
                ],
                [
                    417.024,
                    520.992
                ],
                [
                    436.992,
                    508.032
                ],
                [
                    449.08799999999997,
                    497.016
                ],
                [
                    504.96000000000004,
                    461.052
                ],
                [
                    521.088,
                    452.952
                ],
                [
                    528.96,
                    452.952
                ],
                [
                    537.984,
                    455.976
                ],
                [
                    552,
                    458.02799999999996
                ],
                [
                    561.984,
                    465.048
                ],
                [
                    564.096,
                    471.96
                ],
                [
                    570.048,
                    478.008
                ],
                [
                    570.048,
                    479.952
                ],
                [
                    586.9440000000001,
                    493.99199999999996
                ],
                [
                    590.0160000000001,
                    497.988
                ],
                [
                    591.936,
                    508.032
                ],
                [
                    608.064,
                    528.0120000000001
                ],
                [
                    609.024,
                    532.0079999999999
                ],
                [
                    623.04,
                    548.9639999999999
                ],
                [
                    627.072,
                    558.0360000000001
                ],
                [
                    639.9359999999999,
                    574.992
                ],
                [
                    639.9359999999999,
                    583.9559999999999
                ],
                [
                    635.904,
                    587.952
                ],
                [
                    627.072,
                    605.0160000000001
                ],
                [
                    619.9680000000001,
                    624.996
                ],
                [
                    618.048,
                    655.0200000000001
                ],
                [
                    611.904,
                    670.0319999999999
                ],
                [
                    609.024,
                    671.976
                ],
                [
                    608.064,
                    675
                ],
                [
                    608.064,
                    699.948
                ],
                [
                    614.976,
                    729
                ],
                [
                    614.976,
                    743.04
                ],
                [
                    611.904,
                    744.9839999999999
                ]
            ]
        },
        {
            "ID": "2",
            "CLASS": "종이",
            "DETAILS": "종이",
            "DAMAGE": "원형",
            "DIRTINESS": "오염없음",
            "COVER": "없음",
            "TRANSPARENCY": "불투명",
            "SHAPE": "종이팩형",
            "SHAPE_TYPE": "POLYGON",
            "POINTS": [
                [
                    533.952,
                    1080
                ],
                [
                    532.9920000000001,
                    1071.036
                ],
                [
                    528.96,
                    1068.012
                ],
                [
                    524.928,
                    1061.964
                ],
                [
                    518.976,
                    1049.0040000000001
                ],
                [
                    514.944,
                    1045.008
                ],
                [
                    513.984,
                    1041.012
                ],
                [
                    508.032,
                    1032.048
                ],
                [
                    508.032,
                    1029.996
                ],
                [
                    494.01599999999996,
                    1006.992
                ],
                [
                    481.92,
                    991.0079999999999
                ],
                [
                    480.96,
                    987.0120000000001
                ],
                [
                    469.056,
                    968.976
                ],
                [
                    464.064,
                    956.9879999999999
                ],
                [
                    438.912,
                    915.948
                ],
                [
                    430.08,
                    898.02
                ],
                [
                    417.98400000000004,
                    879.9839999999999
                ],
                [
                    409.92,
                    871.992
                ],
                [
                    401.088,
                    848.988
                ],
                [
                    393.024,
                    839.052
                ],
                [
                    388.032,
                    829.0079999999999
                ],
                [
                    388.992,
                    821.9879999999999
                ],
                [
                    393.024,
                    817.992
                ],
                [
                    398.016,
                    817.992
                ],
                [
                    398.016,
                    806.976
                ],
                [
                    401.088,
                    795.96
                ],
                [
                    422.976,
                    774.0360000000001
                ],
                [
                    425.088,
                    770.04
                ],
                [
                    431.04,
                    766.0440000000001
                ],
                [
                    431.04,
                    763.02
                ],
                [
                    436.032,
                    758.052
                ],
                [
                    437.952,
                    758.052
                ],
                [
                    440.06399999999996,
                    756
                ],
                [
                    450.048,
                    755.028
                ],
                [
                    457.91999999999996,
                    751.032
                ],
                [
                    467.904,
                    743.04
                ],
                [
                    473.088,
                    740.988
                ],
                [
                    479.04,
                    740.988
                ],
                [
                    489.02399999999994,
                    751.032
                ],
                [
                    490.94399999999996,
                    756
                ],
                [
                    497.088,
                    763.9920000000001
                ],
                [
                    505.92,
                    783
                ],
                [
                    508.992,
                    786.024
                ],
                [
                    513.984,
                    785.052
                ],
                [
                    519.9359999999999,
                    786.024
                ],
                [
                    522.048,
                    786.996
                ],
                [
                    524.928,
                    793.044
                ],
                [
                    527.0400000000001,
                    793.044
                ],
                [
                    532.032,
                    790.0200000000001
                ],
                [
                    536.064,
                    790.9920000000001
                ],
                [
                    548.928,
                    806.976
                ],
                [
                    585.984,
                    860.976
                ],
                [
                    609.024,
                    891
                ],
                [
                    646.08,
                    947.052
                ],
                [
                    652.9920000000001,
                    955.044
                ],
                [
                    662.016,
                    972.972
                ],
                [
                    670.0799999999999,
                    980.9639999999999
                ],
                [
                    676.9920000000001,
                    991.0079999999999
                ],
                [
                    678.912,
                    996.948
                ],
                [
                    696,
                    1021.032
                ],
                [
                    705.024,
                    1041.984
                ],
                [
                    705.984,
                    1060.02
                ],
                [
                    704.0640000000001,
                    1068.984
                ],
                [
                    699.072,
                    1080
                ],
                [
                    533.952,
                    1080
                ]
            ]
        },
        {
            "ID": "3",
            "CLASS": "종이",
            "DETAILS": "종이",
            "DAMAGE": "완전압착",
            "DIRTINESS": "이물질(외부)",
            "COVER": "없음",
            "TRANSPARENCY": "불투명",
            "SHAPE": "박스형",
            "SHAPE_TYPE": "POLYGON",
            "POINTS": [
                [
                    82.944,
                    272.052
                ],
                [
                    66.048,
                    269.02799999999996
                ],
                [
                    59.903999999999996,
                    269.02799999999996
                ],
                [
                    52.032,
                    266.976
                ],
                [
                    48.959999999999994,
                    266.976
                ],
                [
                    41.088,
                    262.98
                ],
                [
                    34.944,
                    258.012
                ],
                [
                    15.936,
                    235.98
                ],
                [
                    9.024000000000001,
                    230.04
                ],
                [
                    4.992,
                    223.992
                ],
                [
                    0,
                    219.99599999999998
                ],
                [
                    0,
                    155.952
                ],
                [
                    3.072,
                    157.032
                ],
                [
                    4.992,
                    153.036
                ],
                [
                    3.072,
                    150.984
                ],
                [
                    4.032,
                    146.016
                ],
                [
                    6.912,
                    146.016
                ],
                [
                    12.096,
                    142.992
                ],
                [
                    12.096,
                    141.048
                ],
                [
                    15.936,
                    138.996
                ],
                [
                    20.928,
                    132.948
                ],
                [
                    24.959999999999997,
                    131.00400000000002
                ],
                [
                    28.032,
                    131.00400000000002
                ],
                [
                    37.056000000000004,
                    135
                ],
                [
                    41.088,
                    135
                ],
                [
                    41.088,
                    131.00400000000002
                ],
                [
                    43.968,
                    128.952
                ],
                [
                    44.928000000000004,
                    127.008
                ],
                [
                    44.928000000000004,
                    119.016
                ],
                [
                    51.071999999999996,
                    115.02
                ],
                [
                    54.912,
                    110.052
                ],
                [
                    54.912,
                    105.94800000000001
                ],
                [
                    58.944,
                    92.988
                ],
                [
                    65.088,
                    89.964
                ],
                [
                    63.93600000000001,
                    68.04
                ],
                [
                    65.088,
                    65.01599999999999
                ],
                [
                    72,
                    58.968
                ],
                [
                    76.99199999999999,
                    50.004
                ],
                [
                    78.91199999999999,
                    49.032000000000004
                ],
                [
                    99.072,
                    49.032000000000004
                ],
                [
                    105.024,
                    50.004
                ],
                [
                    106.944,
                    50.976
                ],
                [
                    120.96000000000001,
                    62.964
                ],
                [
                    133.056,
                    76.03200000000001
                ],
                [
                    139.008,
                    84.02399999999999
                ],
                [
                    140.92800000000003,
                    107.02799999999999
                ],
                [
                    140.92800000000003,
                    131.00400000000002
                ],
                [
                    156.096,
                    141.048
                ],
                [
                    162.048,
                    150.984
                ],
                [
                    168.95999999999998,
                    168.04799999999997
                ],
                [
                    171.072,
                    177.012
                ],
                [
                    171.072,
                    192.996
                ],
                [
                    168,
                    200.016
                ],
                [
                    162.048,
                    208.00799999999998
                ],
                [
                    148.032,
                    219.024
                ],
                [
                    145.92,
                    222.048
                ],
                [
                    144.96,
                    222.048
                ],
                [
                    143.04,
                    224.96400000000003
                ],
                [
                    142.07999999999998,
                    234.036
                ],
                [
                    138.048,
                    239.976
                ],
                [
                    134.016,
                    242.028
                ],
                [
                    96,
                    269.02799999999996
                ],
                [
                    87.936,
                    272.052
                ],
                [
                    82.944,
                    272.052
                ]
            ]
        }
    ]
}