{
    "IMAGE_INFO": {
        "FILE_NAME": "1004908@0_02001_220907_P1_T3__0356.jpg",
        "DATE": "2022-10-27 18:53:26",
        "RESOLUTION": "1920 x 1080",
        "IMAGE_PHOTOGRAPHER": "이지은",
        "FOCUS_DISTANCE": "5.6",
        "EXPOSURE_TIME": "1/400",
        "SENSITIVITY_ISO": "4000",
        "PLACE": "용인시재활용센터",
        "REGION_NAME": null,
        "Direction": "0",
        "HEIGHT": "100",
        "DAY/NIGHT": "주간",
        "WEATHER": "맑음",
        "IMAGE_HEIGHT": 1080,
        "IMAGE_WIDTH": 1920,
        "IMAGE_SIZE": "578.4 KB"
    },
    "ANNOTATION_INFO": [
        {
            "ID": "1",
            "CLASS": "종이",
            "DETAILS": "종이",
            "DAMAGE": "손상",
            "DIRTINESS": "이물질(외부)",
            "COVER": "없음",
            "TRANSPARENCY": "불투명",
            "SHAPE": "종이컵형",
            "SHAPE_TYPE": "POLYGON",
            "POINTS": [
                [
                    86.016,
                    272.052
                ],
                [
                    59.903999999999996,
                    269.02799999999996
                ],
                [
                    48.959999999999994,
                    266.976
                ],
                [
                    42.048,
                    263.952
                ],
                [
                    32.064,
                    255.95999999999998
                ],
                [
                    20.928,
                    243.97199999999998
                ],
                [
                    19.008000000000003,
                    243
                ],
                [
                    14.975999999999999,
                    243.97199999999998
                ],
                [
                    10.944,
                    240.94799999999998
                ],
                [
                    8.064,
                    230.04
                ],
                [
                    0,
                    220.96800000000002
                ],
                [
                    0,
                    166.968
                ],
                [
                    5.952,
                    158.976
                ],
                [
                    9.984,
                    147.96
                ],
                [
                    23.04,
                    132.948
                ],
                [
                    25.919999999999998,
                    132.948
                ],
                [
                    30.912,
                    135.972
                ],
                [
                    41.088,
                    138.024
                ],
                [
                    43.968,
                    135
                ],
                [
                    43.968,
                    119.016
                ],
                [
                    52.992,
                    111.996
                ],
                [
                    57.984,
                    92.988
                ],
                [
                    62.016000000000005,
                    89.964
                ],
                [
                    62.976000000000006,
                    87.048
                ],
                [
                    62.016000000000005,
                    81
                ],
                [
                    63.93600000000001,
                    66.96
                ],
                [
                    72,
                    58.968
                ],
                [
                    76.03200000000001,
                    50.004
                ],
                [
                    78.91199999999999,
                    47.952000000000005
                ],
                [
                    83.90400000000001,
                    46.98
                ],
                [
                    89.088,
                    46.98
                ],
                [
                    90.048,
                    47.952000000000005
                ],
                [
                    102.912,
                    49.032000000000004
                ],
                [
                    108.096,
                    51.94799999999999
                ],
                [
                    137.08800000000002,
                    81
                ],
                [
                    139.008,
                    85.968
                ],
                [
                    139.96800000000002,
                    131.00400000000002
                ],
                [
                    144.96,
                    135
                ],
                [
                    148.99200000000002,
                    135.972
                ],
                [
                    154.944,
                    139.968
                ],
                [
                    159.936,
                    146.988
                ],
                [
                    171.072,
                    176.04000000000002
                ],
                [
                    171.072,
                    186.948
                ],
                [
                    168,
                    196.99200000000002
                ],
                [
                    161.088,
                    208.98000000000002
                ],
                [
                    144,
                    222.048
                ],
                [
                    142.07999999999998,
                    224.96400000000003
                ],
                [
                    139.96800000000002,
                    235.98
                ],
                [
                    129.98399999999998,
                    246.024
                ],
                [
                    116.92800000000001,
                    254.988
                ],
                [
                    110.01599999999999,
                    258.012
                ],
                [
                    92.928,
                    270
                ],
                [
                    86.016,
                    272.052
                ]
            ]
        },
        {
            "ID": "2",
            "CLASS": "종이",
            "DETAILS": "종이",
            "DAMAGE": "원형",
            "DIRTINESS": "이물질(외부)",
            "COVER": "없음",
            "TRANSPARENCY": "불투명",
            "SHAPE": "종이컵형",
            "SHAPE_TYPE": "POLYGON",
            "POINTS": [
                [
                    1334.976,
                    1080
                ],
                [
                    1320.9599999999998,
                    1068.012
                ],
                [
                    1308.096,
                    1049.9759999999999
                ],
                [
                    1301.952,
                    1046.952
                ],
                [
                    1300.992,
                    1042.956
                ],
                [
                    1256.064,
                    1009.044
                ],
                [
                    1238.9759999999999,
                    1002.996
                ],
                [
                    1153.92,
                    983.016
                ],
                [
                    1145.0880000000002,
                    979.02
                ],
                [
                    1138.944,
                    974.052
                ],
                [
                    1137.984,
                    948.024
                ],
                [
                    1132.992,
                    933.984
                ],
                [
                    1132.992,
                    921.996
                ],
                [
                    1138.944,
                    909.0360000000001
                ],
                [
                    1140.096,
                    899.964
                ],
                [
                    1146.048,
                    891
                ],
                [
                    1147.008,
                    883.98
                ],
                [
                    1152,
                    879.012
                ],
                [
                    1152.96,
                    874.044
                ],
                [
                    1163.904,
                    860.004
                ],
                [
                    1166.976,
                    860.004
                ],
                [
                    1170.048,
                    857.952
                ],
                [
                    1176,
                    857.952
                ],
                [
                    1180.992,
                    855.036
                ],
                [
                    1186.944,
                    856.98
                ],
                [
                    1188.096,
                    847.044
                ],
                [
                    1196.9279999999999,
                    845.9639999999999
                ],
                [
                    1217.088,
                    849.96
                ],
                [
                    1222.08,
                    849.96
                ],
                [
                    1244.9279999999999,
                    856.98
                ],
                [
                    1273.92,
                    871.02
                ],
                [
                    1290.048,
                    872.964
                ],
                [
                    1301.952,
                    875.988
                ],
                [
                    1315.0079999999998,
                    882.036
                ],
                [
                    1320.9599999999998,
                    882.036
                ],
                [
                    1329.0240000000001,
                    886.032
                ],
                [
                    1334.976,
                    887.004
                ],
                [
                    1339.008,
                    890.028
                ],
                [
                    1356.096,
                    894.024
                ],
                [
                    1362.048,
                    897.048
                ],
                [
                    1373.952,
                    898.9920000000001
                ],
                [
                    1377.024,
                    898.9920000000001
                ],
                [
                    1378.944,
                    897.048
                ],
                [
                    1393.92,
                    897.048
                ],
                [
                    1406.976,
                    898.9920000000001
                ],
                [
                    1414.0800000000002,
                    902.9879999999999
                ],
                [
                    1415.04,
                    906.012
                ],
                [
                    1440.9599999999998,
                    917.028
                ],
                [
                    1443.0720000000001,
                    921.024
                ],
                [
                    1448.0639999999999,
                    924.048
                ],
                [
                    1459.008,
                    949.9680000000001
                ],
                [
                    1462.08,
                    963.0360000000001
                ],
                [
                    1462.08,
                    975.996
                ],
                [
                    1459.008,
                    991.98
                ],
                [
                    1453.056,
                    1002.996
                ],
                [
                    1453.056,
                    1006.992
                ],
                [
                    1439.0400000000002,
                    1022.004
                ],
                [
                    1407.936,
                    1041.012
                ],
                [
                    1387.968,
                    1056.0240000000001
                ],
                [
                    1387.008,
                    1059.048
                ],
                [
                    1372.032,
                    1072.008
                ],
                [
                    1366.08,
                    1080
                ],
                [
                    1334.976,
                    1080
                ]
            ]
        }
    ]
}