{
    "IMAGE_INFO": {
        "FILE_NAME": "1004875@0_02001_220907_P1_T3__0908.jpg",
        "DATE": "2022-10-27 18:54:40",
        "RESOLUTION": "1920 x 1080",
        "IMAGE_PHOTOGRAPHER": "이지은",
        "FOCUS_DISTANCE": "5.6",
        "EXPOSURE_TIME": "1/400",
        "SENSITIVITY_ISO": "4000",
        "PLACE": "용인시재활용센터",
        "REGION_NAME": null,
        "Direction": "0",
        "HEIGHT": "100",
        "DAY/NIGHT": "주간",
        "WEATHER": "맑음",
        "IMAGE_HEIGHT": 1080,
        "IMAGE_WIDTH": 1920,
        "IMAGE_SIZE": "614.0 KB"
    },
    "ANNOTATION_INFO": [
        {
            "ID": "1",
            "CLASS": "종이",
            "DETAILS": "종이",
            "DAMAGE": "완전압착",
            "DIRTINESS": "오염없음",
            "COVER": "없음",
            "TRANSPARENCY": "불투명",
            "SHAPE": "낱장형",
            "SHAPE_TYPE": "POLYGON",
            "POINTS": [
                [
                    86.016,
                    273.024
                ],
                [
                    81.98400000000001,
                    270.97200000000004
                ],
                [
                    72,
                    270.97200000000004
                ],
                [
                    67.968,
                    269.02799999999996
                ],
                [
                    57.984,
                    269.02799999999996
                ],
                [
                    47.04,
                    266.976
                ],
                [
                    42.048,
                    265.032
                ],
                [
                    38.976,
                    262.98
                ],
                [
                    38.976,
                    262.00800000000004
                ],
                [
                    28.992,
                    253.044
                ],
                [
                    28.992,
                    251.964
                ],
                [
                    22.08,
                    246.024
                ],
                [
                    14.975999999999999,
                    236.95200000000003
                ],
                [
                    12.096,
                    235.00799999999998
                ],
                [
                    4.032,
                    231.98399999999998
                ],
                [
                    0,
                    226.044
                ],
                [
                    0,
                    143.964
                ],
                [
                    5.952,
                    138.996
                ],
                [
                    12.096,
                    138.996
                ],
                [
                    15.936,
                    137.05200000000002
                ],
                [
                    18.048000000000002,
                    134.028
                ],
                [
                    24.959999999999997,
                    131.00400000000002
                ],
                [
                    27.072,
                    131.00400000000002
                ],
                [
                    28.992,
                    131.976
                ],
                [
                    33.024,
                    135
                ],
                [
                    38.016000000000005,
                    135
                ],
                [
                    46.08,
                    139.968
                ],
                [
                    48.959999999999994,
                    141.048
                ],
                [
                    48.959999999999994,
                    142.02
                ],
                [
                    52.992,
                    142.992
                ],
                [
                    54.912,
                    142.992
                ],
                [
                    58.944,
                    141.048
                ],
                [
                    62.976000000000006,
                    141.048
                ],
                [
                    65.088,
                    142.02
                ],
                [
                    72,
                    142.02
                ],
                [
                    83.90400000000001,
                    145.044
                ],
                [
                    87.936,
                    145.044
                ],
                [
                    97.91999999999999,
                    138.996
                ],
                [
                    106.944,
                    138.996
                ],
                [
                    115.968,
                    139.968
                ],
                [
                    120,
                    138.996
                ],
                [
                    121.92,
                    137.05200000000002
                ],
                [
                    133.056,
                    135
                ],
                [
                    145.92,
                    135
                ],
                [
                    157.05599999999998,
                    142.02
                ],
                [
                    163.96800000000002,
                    154.008
                ],
                [
                    166.07999999999998,
                    162.972
                ],
                [
                    171.072,
                    176.04000000000002
                ],
                [
                    171.072,
                    191.052
                ],
                [
                    164.928,
                    205.95600000000002
                ],
                [
                    158.016,
                    212.004
                ],
                [
                    153.98399999999998,
                    216.972
                ],
                [
                    145.92,
                    220.96800000000002
                ],
                [
                    145.92,
                    222.048
                ],
                [
                    142.07999999999998,
                    224.96400000000003
                ],
                [
                    139.96800000000002,
                    238.032
                ],
                [
                    134.016,
                    243
                ],
                [
                    100.992,
                    265.032
                ],
                [
                    91.008,
                    270.97200000000004
                ],
                [
                    86.016,
                    273.024
                ]
            ]
        },
        {
            "ID": "2",
            "CLASS": "종이",
            "DETAILS": "종이",
            "DAMAGE": "완전압착",
            "DIRTINESS": "이물질(외부)",
            "COVER": "없음",
            "TRANSPARENCY": "불투명",
            "SHAPE": "낱장형",
            "SHAPE_TYPE": "POLYGON",
            "POINTS": [
                [
                    1444.032,
                    938.952
                ],
                [
                    1422.912,
                    910.008
                ],
                [
                    1414.0800000000002,
                    901.0440000000001
                ],
                [
                    1406.0159999999998,
                    888.9480000000001
                ],
                [
                    1402.944,
                    879.012
                ],
                [
                    1402.944,
                    866.0519999999999
                ],
                [
                    1397.952,
                    852.9839999999999
                ],
                [
                    1397.952,
                    841.968
                ],
                [
                    1392.96,
                    826.956
                ],
                [
                    1390.08,
                    802.008
                ],
                [
                    1395.0720000000001,
                    790.0200000000001
                ],
                [
                    1396.032,
                    767.0160000000001
                ],
                [
                    1397.952,
                    762.048
                ],
                [
                    1407.936,
                    751.032
                ],
                [
                    1406.0159999999998,
                    745.956
                ],
                [
                    1422.912,
                    744.012
                ],
                [
                    1428.096,
                    741.96
                ],
                [
                    1436.9279999999999,
                    733.968
                ],
                [
                    1441.92,
                    728.028
                ],
                [
                    1441.92,
                    725.004
                ],
                [
                    1436.9279999999999,
                    717.9839999999999
                ],
                [
                    1439.0400000000002,
                    717.0120000000001
                ],
                [
                    1439.0400000000002,
                    713.016
                ],
                [
                    1446.912,
                    706.968
                ],
                [
                    1454.0159999999998,
                    704.052
                ],
                [
                    1467.0720000000001,
                    702.972
                ],
                [
                    1467.0720000000001,
                    709.02
                ],
                [
                    1469.952,
                    712.044
                ],
                [
                    1474.944,
                    712.044
                ],
                [
                    1488.96,
                    704.052
                ],
                [
                    1497.024,
                    697.0319999999999
                ],
                [
                    1560.9599999999998,
                    654.048
                ],
                [
                    1573.056,
                    654.048
                ],
                [
                    1584,
                    658.044
                ],
                [
                    1592.064,
                    658.044
                ],
                [
                    1601.088,
                    660.96
                ],
                [
                    1614.9119999999998,
                    662.04
                ],
                [
                    1625.0880000000002,
                    666.0360000000001
                ],
                [
                    1645.056,
                    667.98
                ],
                [
                    1660.0320000000002,
                    667.008
                ],
                [
                    1670.016,
                    660.96
                ],
                [
                    1675.968,
                    652.9680000000001
                ],
                [
                    1680.9599999999998,
                    650.052
                ],
                [
                    1704,
                    621
                ],
                [
                    1722.048,
                    609.012
                ],
                [
                    1732.032,
                    605.0160000000001
                ],
                [
                    1733.952,
                    608.04
                ],
                [
                    1738.944,
                    613.98
                ],
                [
                    1742.016,
                    628.9920000000001
                ],
                [
                    1756.992,
                    655.0200000000001
                ],
                [
                    1760.0639999999999,
                    666.0360000000001
                ],
                [
                    1763.904,
                    668.952
                ],
                [
                    1767.936,
                    685.044
                ],
                [
                    1771.968,
                    689.04
                ],
                [
                    1776.96,
                    705.024
                ],
                [
                    1777.92,
                    717.9839999999999
                ],
                [
                    1782.912,
                    728.028
                ],
                [
                    1790.016,
                    749.952
                ],
                [
                    1790.016,
                    756.972
                ],
                [
                    1795.0079999999998,
                    767.9879999999999
                ],
                [
                    1795.0079999999998,
                    798.0120000000001
                ],
                [
                    1777.92,
                    809.028
                ],
                [
                    1736.064,
                    828.0360000000001
                ],
                [
                    1713.9840000000002,
                    840.996
                ],
                [
                    1703.04,
                    844.992
                ],
                [
                    1695.936,
                    845.9639999999999
                ],
                [
                    1690.944,
                    849.96
                ],
                [
                    1684.032,
                    851.0400000000001
                ],
                [
                    1665.9840000000002,
                    859.032
                ],
                [
                    1657.92,
                    860.004
                ],
                [
                    1641.984,
                    867.996
                ],
                [
                    1601.088,
                    883.008
                ],
                [
                    1596.096,
                    886.032
                ],
                [
                    1588.992,
                    887.004
                ],
                [
                    1570.944,
                    894.996
                ],
                [
                    1564.032,
                    895.968
                ],
                [
                    1545.024,
                    906.012
                ],
                [
                    1497.984,
                    921.996
                ],
                [
                    1478.9759999999999,
                    930.96
                ],
                [
                    1451.904,
                    938.952
                ],
                [
                    1444.032,
                    938.952
                ]
            ]
        }
    ]
}