{
    "IMAGE_INFO": {
        "FILE_NAME": "1004760@0_02001_220907_P1_T3__3485.jpg",
        "DATE": "2022-10-27 18:52:24",
        "RESOLUTION": "1920 x 1080",
        "IMAGE_PHOTOGRAPHER": "이지은",
        "FOCUS_DISTANCE": "5.6",
        "EXPOSURE_TIME": "1/400",
        "SENSITIVITY_ISO": "4000",
        "PLACE": "용인시재활용센터",
        "REGION_NAME": null,
        "Direction": "0",
        "HEIGHT": "100",
        "DAY/NIGHT": "주간",
        "WEATHER": "맑음",
        "IMAGE_HEIGHT": 1080,
        "IMAGE_WIDTH": 1920,
        "IMAGE_SIZE": "688.9 KB"
    },
    "ANNOTATION_INFO": [
        {
            "ID": "1",
            "CLASS": "종이",
            "DETAILS": "종이",
            "DAMAGE": "완전압착",
            "DIRTINESS": "오염없음",
            "COVER": "겹침",
            "TRANSPARENCY": "불투명",
            "SHAPE": "종이컵형",
            "SHAPE_TYPE": "POLYGON",
            "POINTS": [
                [
                    632.064,
                    859.032
                ],
                [
                    619.9680000000001,
                    853.9559999999999
                ],
                [
                    611.904,
                    852.9839999999999
                ],
                [
                    584.0640000000001,
                    843.048
                ],
                [
                    576,
                    844.992
                ],
                [
                    571.968,
                    844.992
                ],
                [
                    561.984,
                    837
                ],
                [
                    528.96,
                    829.0079999999999
                ],
                [
                    521.088,
                    829.0079999999999
                ],
                [
                    505.92,
                    825.984
                ],
                [
                    489.02399999999994,
                    821.016
                ],
                [
                    466.944,
                    805.0319999999999
                ],
                [
                    461.952,
                    803.952
                ],
                [
                    455.03999999999996,
                    803.952
                ],
                [
                    444.096,
                    798.984
                ],
                [
                    432.96000000000004,
                    786.996
                ],
                [
                    411.072,
                    771.984
                ],
                [
                    402.048,
                    759.996
                ],
                [
                    395.904,
                    744.9839999999999
                ],
                [
                    388.992,
                    735.048
                ],
                [
                    382.08000000000004,
                    717.0120000000001
                ],
                [
                    379.96799999999996,
                    699.948
                ],
                [
                    374.976,
                    679.9680000000001
                ],
                [
                    369.024,
                    668.952
                ],
                [
                    369.024,
                    651.024
                ],
                [
                    373.056,
                    623.052
                ],
                [
                    377.08799999999997,
                    613.98
                ],
                [
                    382.08000000000004,
                    609.012
                ],
                [
                    398.016,
                    598.968
                ],
                [
                    421.056,
                    586.98
                ],
                [
                    422.976,
                    582.9839999999999
                ],
                [
                    427.008,
                    579.96
                ],
                [
                    444.096,
                    574.02
                ],
                [
                    446.976,
                    574.02
                ],
                [
                    454.08,
                    579.96
                ],
                [
                    457.91999999999996,
                    586.0079999999999
                ],
                [
                    479.04,
                    606.96
                ],
                [
                    493.0559999999999,
                    624.996
                ],
                [
                    504,
                    633.9599999999999
                ],
                [
                    513.024,
                    644.976
                ],
                [
                    523.968,
                    652.9680000000001
                ],
                [
                    526.08,
                    658.044
                ],
                [
                    566.016,
                    686.9879999999999
                ],
                [
                    575.04,
                    698.004
                ],
                [
                    584.0640000000001,
                    705.024
                ],
                [
                    595.9680000000001,
                    709.02
                ],
                [
                    617.0880000000001,
                    722.952
                ],
                [
                    633.024,
                    737.964
                ],
                [
                    639.9359999999999,
                    748.008
                ],
                [
                    653.952,
                    775.98
                ],
                [
                    657.024,
                    789.048
                ],
                [
                    653.952,
                    802.008
                ],
                [
                    651.072,
                    806.0039999999999
                ],
                [
                    648,
                    822.96
                ],
                [
                    641.088,
                    839.052
                ],
                [
                    639.9359999999999,
                    848.988
                ],
                [
                    637.0559999999999,
                    855.036
                ],
                [
                    632.064,
                    859.032
                ]
            ]
        },
        {
            "ID": "2",
            "CLASS": "종이",
            "DETAILS": "종이",
            "DAMAGE": "원형",
            "DIRTINESS": "오염없음",
            "COVER": "겹침",
            "TRANSPARENCY": "불투명",
            "SHAPE": "낱장형",
            "SHAPE_TYPE": "POLYGON",
            "POINTS": [
                [
                    689.088,
                    470.988
                ],
                [
                    685.056,
                    470.01599999999996
                ],
                [
                    672,
                    451.00800000000004
                ],
                [
                    668.928,
                    448.956
                ],
                [
                    667.0079999999999,
                    443.988
                ],
                [
                    658.944,
                    435.996
                ],
                [
                    638.976,
                    404.02799999999996
                ],
                [
                    628.032,
                    390.96
                ],
                [
                    627.072,
                    386.964
                ],
                [
                    605.952,
                    358.99199999999996
                ],
                [
                    593.088,
                    343.98
                ],
                [
                    591.936,
                    339.98400000000004
                ],
                [
                    581.952,
                    327.99600000000004
                ],
                [
                    580.992,
                    324
                ],
                [
                    575.04,
                    319.032
                ],
                [
                    571.968,
                    312.012
                ],
                [
                    556.9920000000001,
                    294.94800000000004
                ],
                [
                    551.04,
                    285.012
                ],
                [
                    523.968,
                    257.03999999999996
                ],
                [
                    521.088,
                    250.992
                ],
                [
                    519.9359999999999,
                    239.976
                ],
                [
                    518.016,
                    162.972
                ],
                [
                    521.088,
                    158.976
                ],
                [
                    524.928,
                    158.00400000000002
                ],
                [
                    547.0079999999999,
                    157.032
                ],
                [
                    575.04,
                    153.036
                ],
                [
                    590.0160000000001,
                    153.036
                ],
                [
                    599.04,
                    150.984
                ],
                [
                    632.064,
                    149.04000000000002
                ],
                [
                    662.016,
                    145.044
                ],
                [
                    676.032,
                    145.044
                ],
                [
                    681.984,
                    142.992
                ],
                [
                    691.008,
                    142.02
                ],
                [
                    702.9119999999999,
                    142.02
                ],
                [
                    709.056,
                    138.996
                ],
                [
                    726.912,
                    137.05200000000002
                ],
                [
                    744.96,
                    137.05200000000002
                ],
                [
                    753.984,
                    135
                ],
                [
                    768.96,
                    134.028
                ],
                [
                    774.912,
                    134.028
                ],
                [
                    782.976,
                    135.972
                ],
                [
                    783.936,
                    138.024
                ],
                [
                    783.936,
                    181.98000000000002
                ],
                [
                    792,
                    192.996
                ],
                [
                    782.976,
                    199.04399999999998
                ],
                [
                    778.944,
                    204.984
                ],
                [
                    777.984,
                    219.024
                ],
                [
                    764.928,
                    266.00399999999996
                ],
                [
                    739.9680000000001,
                    324.972
                ],
                [
                    739.9680000000001,
                    328.96799999999996
                ],
                [
                    726.912,
                    361.044
                ],
                [
                    725.952,
                    371.952
                ],
                [
                    721.92,
                    380.05199999999996
                ],
                [
                    720,
                    393.012
                ],
                [
                    711.936,
                    411.048
                ],
                [
                    704.0640000000001,
                    443.016
                ],
                [
                    699.072,
                    455.976
                ],
                [
                    689.088,
                    470.988
                ]
            ]
        }
    ]
}