{
    "IMAGE_INFO": {
        "FILE_NAME": "1004925@0_02001_220907_P1_T3__1366.jpg",
        "DATE": "2022-10-27 18:55:42",
        "RESOLUTION": "1920 x 1080",
        "IMAGE_PHOTOGRAPHER": "이지은",
        "FOCUS_DISTANCE": "5.6",
        "EXPOSURE_TIME": "1/400",
        "SENSITIVITY_ISO": "4000",
        "PLACE": "용인시재활용센터",
        "REGION_NAME": null,
        "Direction": "0",
        "HEIGHT": "100",
        "DAY/NIGHT": "주간",
        "WEATHER": "맑음",
        "IMAGE_HEIGHT": 1080,
        "IMAGE_WIDTH": 1920,
        "IMAGE_SIZE": "633.7 KB"
    },
    "ANNOTATION_INFO": [
        {
            "ID": "1",
            "CLASS": "종이",
            "DETAILS": "종이",
            "DAMAGE": "원형",
            "DIRTINESS": "이물질(외부)",
            "COVER": "겹침",
            "TRANSPARENCY": "불투명",
            "SHAPE": "종이팩형",
            "SHAPE_TYPE": "POLYGON",
            "POINTS": [
                [
                    1223.04,
                    806.0039999999999
                ],
                [
                    1219.9679999999998,
                    805.0319999999999
                ],
                [
                    1214.0159999999998,
                    802.008
                ],
                [
                    1213.056,
                    799.956
                ],
                [
                    1210.944,
                    798.0120000000001
                ],
                [
                    1209.984,
                    795.96
                ],
                [
                    1209.984,
                    787.9680000000001
                ],
                [
                    1210.944,
                    779.976
                ],
                [
                    1211.904,
                    776.952
                ],
                [
                    1214.0159999999998,
                    772.956
                ],
                [
                    1214.976,
                    767.0160000000001
                ],
                [
                    1214.976,
                    759.024
                ],
                [
                    1210.944,
                    743.04
                ],
                [
                    1209.0240000000001,
                    737.964
                ],
                [
                    1208.0639999999999,
                    732.996
                ],
                [
                    1206.912,
                    731.0519999999999
                ],
                [
                    1205.952,
                    726.948
                ],
                [
                    1204.9920000000002,
                    725.976
                ],
                [
                    1200,
                    717.0120000000001
                ],
                [
                    1200,
                    714.96
                ],
                [
                    1199.0400000000002,
                    712.044
                ],
                [
                    1195.968,
                    697.0319999999999
                ],
                [
                    1195.968,
                    691.956
                ],
                [
                    1194.048,
                    687.96
                ],
                [
                    1194.048,
                    671.976
                ],
                [
                    1191.9360000000001,
                    655.9920000000001
                ],
                [
                    1190.9759999999999,
                    643.032
                ],
                [
                    1191.9360000000001,
                    636.012
                ],
                [
                    1194.048,
                    632.0160000000001
                ],
                [
                    1194.048,
                    628.9920000000001
                ],
                [
                    1195.968,
                    627.048
                ],
                [
                    1196.9279999999999,
                    624.996
                ],
                [
                    1196.9279999999999,
                    608.04
                ],
                [
                    1194.048,
                    602.964
                ],
                [
                    1194.048,
                    597.996
                ],
                [
                    1191.9360000000001,
                    593.028
                ],
                [
                    1191.9360000000001,
                    586.0079999999999
                ],
                [
                    1193.088,
                    586.0079999999999
                ],
                [
                    1194.048,
                    585.036
                ],
                [
                    1201.92,
                    579.96
                ],
                [
                    1204.032,
                    579.96
                ],
                [
                    1204.9920000000002,
                    578.988
                ],
                [
                    1206.912,
                    578.016
                ],
                [
                    1209.984,
                    577.044
                ],
                [
                    1213.056,
                    577.044
                ],
                [
                    1223.04,
                    574.992
                ],
                [
                    1230.912,
                    574.992
                ],
                [
                    1236.096,
                    574.02
                ],
                [
                    1243.008,
                    573.048
                ],
                [
                    1272.96,
                    573.048
                ],
                [
                    1275.0720000000001,
                    574.02
                ],
                [
                    1278.912,
                    578.016
                ],
                [
                    1280.0639999999999,
                    579.96
                ],
                [
                    1280.0639999999999,
                    582.9839999999999
                ],
                [
                    1282.944,
                    600.048
                ],
                [
                    1282.944,
                    605.988
                ],
                [
                    1285.056,
                    621.972
                ],
                [
                    1285.056,
                    631.0440000000001
                ],
                [
                    1287.936,
                    648.972
                ],
                [
                    1290.048,
                    667.008
                ],
                [
                    1290.048,
                    675
                ],
                [
                    1296,
                    718.9559999999999
                ],
                [
                    1296,
                    733.968
                ],
                [
                    1297.92,
                    740.0160000000001
                ],
                [
                    1297.92,
                    756.972
                ],
                [
                    1300.0320000000002,
                    762.048
                ],
                [
                    1300.992,
                    767.9879999999999
                ],
                [
                    1300.992,
                    782.028
                ],
                [
                    1302.912,
                    789.048
                ],
                [
                    1302.912,
                    794.9879999999999
                ],
                [
                    1300.992,
                    798.984
                ],
                [
                    1300.992,
                    799.956
                ],
                [
                    1299.072,
                    802.008
                ],
                [
                    1296,
                    802.98
                ],
                [
                    1287.936,
                    802.98
                ],
                [
                    1281.0240000000001,
                    803.952
                ],
                [
                    1270.08,
                    805.0319999999999
                ],
                [
                    1251.072,
                    805.0319999999999
                ],
                [
                    1236.096,
                    806.0039999999999
                ],
                [
                    1223.04,
                    806.0039999999999
                ]
            ]
        },
        {
            "ID": "2",
            "CLASS": "종이",
            "DETAILS": "종이",
            "DAMAGE": "완전압착",
            "DIRTINESS": "오염없음",
            "COVER": "없음",
            "TRANSPARENCY": "불투명",
            "SHAPE": "종이팩형",
            "SHAPE_TYPE": "POLYGON",
            "POINTS": [
                [
                    464.064,
                    474.98400000000004
                ],
                [
                    459.072,
                    473.04
                ],
                [
                    456.96,
                    466.02
                ],
                [
                    451.008,
                    455.976
                ],
                [
                    451.008,
                    447.984
                ],
                [
                    447.93600000000004,
                    443.988
                ],
                [
                    446.976,
                    436.968
                ],
                [
                    446.016,
                    435.024
                ],
                [
                    444.096,
                    434.05199999999996
                ],
                [
                    441.984,
                    428.976
                ],
                [
                    432.96000000000004,
                    416.988
                ],
                [
                    430.08,
                    407.052
                ],
                [
                    430.08,
                    401.004
                ],
                [
                    425.088,
                    389.988
                ],
                [
                    422.976,
                    378
                ],
                [
                    418.944,
                    367.956
                ],
                [
                    414.912,
                    361.044
                ],
                [
                    412.992,
                    359.964
                ],
                [
                    409.92,
                    361.044
                ],
                [
                    404.928,
                    357.048
                ],
                [
                    401.088,
                    351.97200000000004
                ],
                [
                    397.05600000000004,
                    343.008
                ],
                [
                    394.94399999999996,
                    342.036
                ],
                [
                    389.952,
                    334.04400000000004
                ],
                [
                    389.952,
                    331.02
                ],
                [
                    383.04,
                    319.032
                ],
                [
                    383.04,
                    312.984
                ],
                [
                    390.91200000000003,
                    304.02
                ],
                [
                    404.928,
                    292.032
                ],
                [
                    408,
                    285.984
                ],
                [
                    416.064,
                    282.96000000000004
                ],
                [
                    432.96000000000004,
                    280.044
                ],
                [
                    441.984,
                    277.02
                ],
                [
                    467.904,
                    277.02
                ],
                [
                    474.048,
                    280.044
                ],
                [
                    479.04,
                    285.984
                ],
                [
                    485.952,
                    300.024
                ],
                [
                    489.02399999999994,
                    304.02
                ],
                [
                    493.0559999999999,
                    307.044
                ],
                [
                    500.92800000000005,
                    320.004
                ],
                [
                    508.032,
                    335.988
                ],
                [
                    509.952,
                    350.028
                ],
                [
                    510.91200000000003,
                    375.94800000000004
                ],
                [
                    513.024,
                    386.964
                ],
                [
                    514.944,
                    389.016
                ],
                [
                    515.904,
                    393.98400000000004
                ],
                [
                    523.968,
                    402.948
                ],
                [
                    527.0400000000001,
                    405
                ],
                [
                    528.96,
                    408.996
                ],
                [
                    537.024,
                    416.01599999999996
                ],
                [
                    541.056,
                    423.036
                ],
                [
                    546.048,
                    435.996
                ],
                [
                    546.048,
                    442.044
                ],
                [
                    543.936,
                    447.012
                ],
                [
                    533.952,
                    458.02799999999996
                ],
                [
                    518.976,
                    463.96799999999996
                ],
                [
                    513.984,
                    463.96799999999996
                ],
                [
                    509.952,
                    466.02
                ],
                [
                    493.0559999999999,
                    470.01599999999996
                ],
                [
                    484.99199999999996,
                    473.04
                ],
                [
                    480,
                    473.04
                ],
                [
                    470.976,
                    474.98400000000004
                ],
                [
                    464.064,
                    474.98400000000004
                ]
            ]
        },
        {
            "ID": "3",
            "CLASS": "종이",
            "DETAILS": "종이",
            "DAMAGE": "손상",
            "DIRTINESS": "이물질(외부)",
            "COVER": "겹침",
            "TRANSPARENCY": "불투명",
            "SHAPE": "종이컵형",
            "SHAPE_TYPE": "POLYGON",
            "POINTS": [
                [
                    787.968,
                    1079.028
                ],
                [
                    782.976,
                    1072.98
                ],
                [
                    771.072,
                    1057.968
                ],
                [
                    769.9200000000001,
                    1053
                ],
                [
                    766.08,
                    1049.9759999999999
                ],
                [
                    764.928,
                    1045.98
                ],
                [
                    752.064,
                    1028.052
                ],
                [
                    723.072,
                    992.952
                ],
                [
                    723.072,
                    991.0079999999999
                ],
                [
                    719.04,
                    987.0120000000001
                ],
                [
                    710.0160000000001,
                    972.972
                ],
                [
                    696,
                    959.04
                ],
                [
                    695.04,
                    956.016
                ],
                [
                    686.976,
                    948.9960000000001
                ],
                [
                    676.9920000000001,
                    934.956
                ],
                [
                    665.088,
                    924.048
                ],
                [
                    653.952,
                    911.952
                ],
                [
                    651.072,
                    906.984
                ],
                [
                    643.968,
                    902.0160000000001
                ],
                [
                    646.08,
                    891.972
                ],
                [
                    657.984,
                    879.9839999999999
                ],
                [
                    668.928,
                    871.992
                ],
                [
                    677.952,
                    863.028
                ],
                [
                    699.072,
                    848.988
                ],
                [
                    734.976,
                    830.952
                ],
                [
                    766.08,
                    806.976
                ],
                [
                    807.936,
                    783
                ],
                [
                    816,
                    782.028
                ],
                [
                    819.072,
                    782.028
                ],
                [
                    821.952,
                    783.972
                ],
                [
                    836.928,
                    818.9639999999999
                ],
                [
                    836.928,
                    825.984
                ],
                [
                    835.008,
                    829.0079999999999
                ],
                [
                    828.096,
                    833.976
                ],
                [
                    828.096,
                    836.028
                ],
                [
                    824.0640000000001,
                    840.024
                ],
                [
                    822.9119999999999,
                    844.992
                ],
                [
                    819.072,
                    848.988
                ],
                [
                    816,
                    860.004
                ],
                [
                    816,
                    871.992
                ],
                [
                    817.92,
                    883.008
                ],
                [
                    821.952,
                    891
                ],
                [
                    824.0640000000001,
                    902.0160000000001
                ],
                [
                    839.04,
                    925.0200000000001
                ],
                [
                    840,
                    929.9879999999999
                ],
                [
                    853.0559999999999,
                    951.048
                ],
                [
                    865.9200000000001,
                    965.952
                ],
                [
                    873.024,
                    971.028
                ],
                [
                    888.96,
                    975.996
                ],
                [
                    894.912,
                    979.992
                ],
                [
                    897.984,
                    979.992
                ],
                [
                    901.056,
                    982.044
                ],
                [
                    911.04,
                    980.9639999999999
                ],
                [
                    913.92,
                    996.948
                ],
                [
                    918.912,
                    1010.988
                ],
                [
                    922.9440000000001,
                    1022.004
                ],
                [
                    926.976,
                    1030.968
                ],
                [
                    930.048,
                    1037.016
                ],
                [
                    930.048,
                    1041.984
                ],
                [
                    926.016,
                    1046.952
                ],
                [
                    918.912,
                    1050.9479999999999
                ],
                [
                    902.976,
                    1067.04
                ],
                [
                    902.016,
                    1069.9560000000001
                ],
                [
                    897.984,
                    1072.008
                ],
                [
                    891.072,
                    1080
                ]
            ]
        }
    ]
}