{
    "IMAGE_INFO": {
        "FILE_NAME": "1004895@0_02001_220907_P1_T3__0273.jpg",
        "DATE": "2022-10-27 18:53:16",
        "RESOLUTION": "1920 x 1080",
        "IMAGE_PHOTOGRAPHER": "이지은",
        "FOCUS_DISTANCE": "5.6",
        "EXPOSURE_TIME": "1/400",
        "SENSITIVITY_ISO": "4000",
        "PLACE": "용인시재활용센터",
        "REGION_NAME": null,
        "Direction": "0",
        "HEIGHT": "100",
        "DAY/NIGHT": "주간",
        "WEATHER": "맑음",
        "IMAGE_HEIGHT": 1080,
        "IMAGE_WIDTH": 1920,
        "IMAGE_SIZE": "691.2 KB"
    },
    "ANNOTATION_INFO": [
        {
            "ID": "1",
            "CLASS": "종이",
            "DETAILS": "종이",
            "DAMAGE": "원형",
            "DIRTINESS": "이물질(전체)",
            "COVER": "없음",
            "TRANSPARENCY": "불투명",
            "SHAPE": "박스형",
            "SHAPE_TYPE": "POLYGON",
            "POINTS": [
                [
                    576.96,
                    987.9839999999999
                ],
                [
                    571.008,
                    986.0400000000001
                ],
                [
                    556.032,
                    964.9799999999999
                ],
                [
                    547.0079999999999,
                    945.972
                ],
                [
                    543.936,
                    944.028
                ],
                [
                    542.976,
                    938.952
                ],
                [
                    532.9920000000001,
                    925.0200000000001
                ],
                [
                    532.032,
                    920.052
                ],
                [
                    526.08,
                    914.004
                ],
                [
                    522.048,
                    903.9599999999999
                ],
                [
                    499.968,
                    871.02
                ],
                [
                    499.00800000000004,
                    866.0519999999999
                ],
                [
                    471.936,
                    828.0360000000001
                ],
                [
                    459.072,
                    802.008
                ],
                [
                    437.952,
                    771.012
                ],
                [
                    436.992,
                    766.0440000000001
                ],
                [
                    414.912,
                    729.972
                ],
                [
                    404.928,
                    720.036
                ],
                [
                    399.93600000000004,
                    708.048
                ],
                [
                    394.94399999999996,
                    702.972
                ],
                [
                    393.024,
                    694.9799999999999
                ],
                [
                    384,
                    683.9639999999999
                ],
                [
                    379.008,
                    672.948
                ],
                [
                    379.96799999999996,
                    664.956
                ],
                [
                    388.032,
                    656.9639999999999
                ],
                [
                    393.984,
                    647.028
                ],
                [
                    406.08,
                    632.9879999999999
                ],
                [
                    416.064,
                    624.996
                ],
                [
                    418.944,
                    617.004
                ],
                [
                    433.92,
                    605.0160000000001
                ],
                [
                    441.984,
                    604.044
                ],
                [
                    451.968,
                    598.968
                ],
                [
                    465.984,
                    589.032
                ],
                [
                    474.048,
                    589.032
                ],
                [
                    481.92,
                    597.024
                ],
                [
                    488.06399999999996,
                    609.012
                ],
                [
                    499.968,
                    625.968
                ],
                [
                    508.032,
                    624.996
                ],
                [
                    515.904,
                    632.9879999999999
                ],
                [
                    528.96,
                    632.0160000000001
                ],
                [
                    543.936,
                    654.048
                ],
                [
                    553.92,
                    664.956
                ],
                [
                    570.048,
                    690.984
                ],
                [
                    605.952,
                    740.988
                ],
                [
                    620.928,
                    767.0160000000001
                ],
                [
                    628.032,
                    774.0360000000001
                ],
                [
                    633.024,
                    785.052
                ],
                [
                    649.9200000000001,
                    810
                ],
                [
                    651.072,
                    814.9680000000001
                ],
                [
                    657.024,
                    821.016
                ],
                [
                    670.0799999999999,
                    844.992
                ],
                [
                    676.032,
                    849.96
                ],
                [
                    682.9440000000001,
                    860.004
                ],
                [
                    696.96,
                    887.004
                ],
                [
                    696.96,
                    902.0160000000001
                ],
                [
                    694.0799999999999,
                    914.004
                ],
                [
                    648,
                    948.024
                ],
                [
                    643.968,
                    948.9960000000001
                ],
                [
                    619.9680000000001,
                    965.952
                ],
                [
                    584.0640000000001,
                    987.9839999999999
                ],
                [
                    576.96,
                    987.9839999999999
                ]
            ]
        },
        {
            "ID": "2",
            "CLASS": "종이",
            "DETAILS": "종이",
            "DAMAGE": "완전압착",
            "DIRTINESS": "이물질(외부)",
            "COVER": "없음",
            "TRANSPARENCY": "불투명",
            "SHAPE": "기타 형태",
            "SHAPE_TYPE": "POLYGON",
            "POINTS": [
                [
                    614.976,
                    273.024
                ],
                [
                    610.944,
                    272.052
                ],
                [
                    605.952,
                    266.00399999999996
                ],
                [
                    601.92,
                    257.03999999999996
                ],
                [
                    593.088,
                    243.97199999999998
                ],
                [
                    591.936,
                    239.976
                ],
                [
                    582.9119999999999,
                    227.016
                ],
                [
                    570.048,
                    203.04
                ],
                [
                    556.9920000000001,
                    185.00400000000002
                ],
                [
                    556.032,
                    180.03599999999997
                ],
                [
                    552,
                    176.04000000000002
                ],
                [
                    546.048,
                    162.972
                ],
                [
                    546.048,
                    161.02800000000002
                ],
                [
                    542.016,
                    155.952
                ],
                [
                    537.984,
                    145.044
                ],
                [
                    534.912,
                    142.02
                ],
                [
                    531.072,
                    131.976
                ],
                [
                    528,
                    128.952
                ],
                [
                    523.0079999999999,
                    115.99199999999999
                ],
                [
                    519.9359999999999,
                    112.968
                ],
                [
                    518.976,
                    108.97200000000001
                ],
                [
                    517.0559999999999,
                    107.02799999999999
                ],
                [
                    513.984,
                    96.98400000000001
                ],
                [
                    517.0559999999999,
                    89.964
                ],
                [
                    532.032,
                    77.004
                ],
                [
                    536.064,
                    77.004
                ],
                [
                    539.904,
                    74.952
                ],
                [
                    543.936,
                    69.984
                ],
                [
                    556.9920000000001,
                    60.047999999999995
                ],
                [
                    560.0640000000001,
                    58.968
                ],
                [
                    580.992,
                    43.956
                ],
                [
                    593.088,
                    38.016000000000005
                ],
                [
                    596.928,
                    37.044
                ],
                [
                    603.072,
                    37.044
                ],
                [
                    608.064,
                    41.04
                ],
                [
                    610.944,
                    47.952000000000005
                ],
                [
                    613.0559999999999,
                    49.032000000000004
                ],
                [
                    614.976,
                    51.94799999999999
                ],
                [
                    620.928,
                    64.044
                ],
                [
                    627.072,
                    70.95599999999999
                ],
                [
                    638.976,
                    92.01599999999999
                ],
                [
                    641.088,
                    92.988
                ],
                [
                    643.0079999999999,
                    96.012
                ],
                [
                    662.016,
                    132.948
                ],
                [
                    667.0079999999999,
                    145.044
                ],
                [
                    673.92,
                    154.008
                ],
                [
                    673.92,
                    158.00400000000002
                ],
                [
                    681.024,
                    166.968
                ],
                [
                    681.984,
                    170.964
                ],
                [
                    695.04,
                    192.024
                ],
                [
                    700.992,
                    204.012
                ],
                [
                    704.0640000000001,
                    212.976
                ],
                [
                    704.0640000000001,
                    219.024
                ],
                [
                    701.952,
                    223.01999999999998
                ],
                [
                    685.056,
                    235.00799999999998
                ],
                [
                    662.976,
                    246.024
                ],
                [
                    658.944,
                    249.048
                ],
                [
                    653.952,
                    250.992
                ],
                [
                    634.944,
                    263.952
                ],
                [
                    629.952,
                    266.00399999999996
                ],
                [
                    624,
                    270
                ],
                [
                    614.976,
                    273.024
                ]
            ]
        },
        {
            "ID": "3",
            "CLASS": "종이",
            "DETAILS": "종이",
            "DAMAGE": "손상",
            "DIRTINESS": "이물질(외부)",
            "COVER": "겹침",
            "TRANSPARENCY": "불투명",
            "SHAPE": "박스형",
            "SHAPE_TYPE": "POLYGON",
            "POINTS": [
                [
                    589.056,
                    597.996
                ],
                [
                    570.048,
                    593.028
                ],
                [
                    547.968,
                    590.976
                ],
                [
                    523.0079999999999,
                    590.976
                ],
                [
                    517.0559999999999,
                    593.028
                ],
                [
                    507.072,
                    593.028
                ],
                [
                    493.0559999999999,
                    597.024
                ],
                [
                    486.912,
                    594
                ],
                [
                    478.08,
                    586.0079999999999
                ],
                [
                    461.952,
                    566.028
                ],
                [
                    459.072,
                    559.0079999999999
                ],
                [
                    426.048,
                    516.996
                ],
                [
                    406.08,
                    486.97200000000004
                ],
                [
                    398.016,
                    478.98
                ],
                [
                    397.05600000000004,
                    474.98400000000004
                ],
                [
                    393.024,
                    471.96
                ],
                [
                    387.072,
                    459.972
                ],
                [
                    384,
                    443.988
                ],
                [
                    384,
                    424.98
                ],
                [
                    380.928,
                    419.04
                ],
                [
                    380.928,
                    407.052
                ],
                [
                    387.072,
                    397.008
                ],
                [
                    423.936,
                    367.956
                ],
                [
                    432,
                    359.964
                ],
                [
                    445.05600000000004,
                    351.97200000000004
                ],
                [
                    452.928,
                    344.952
                ],
                [
                    475.00800000000004,
                    331.992
                ],
                [
                    490.94399999999996,
                    320.004
                ],
                [
                    494.97599999999994,
                    319.032
                ],
                [
                    512.064,
                    308.988
                ],
                [
                    518.016,
                    308.988
                ],
                [
                    531.072,
                    312.984
                ],
                [
                    539.904,
                    312.984
                ],
                [
                    551.04,
                    319.032
                ],
                [
                    571.008,
                    346.03200000000004
                ],
                [
                    571.968,
                    350.028
                ],
                [
                    579.072,
                    355.968
                ],
                [
                    581.952,
                    362.016
                ],
                [
                    590.976,
                    370.98
                ],
                [
                    609.9839999999999,
                    396.036
                ],
                [
                    627.072,
                    423.036
                ],
                [
                    627.072,
                    425.952
                ],
                [
                    618.048,
                    442.044
                ],
                [
                    618.048,
                    447.012
                ],
                [
                    605.952,
                    483.948
                ],
                [
                    601.92,
                    512.028
                ],
                [
                    603.072,
                    543.9960000000001
                ],
                [
                    605.952,
                    567
                ],
                [
                    609.9839999999999,
                    579.96
                ],
                [
                    615.9359999999999,
                    590.004
                ],
                [
                    615.9359999999999,
                    596.0519999999999
                ],
                [
                    614.016,
                    597.996
                ],
                [
                    589.056,
                    597.996
                ]
            ]
        }
    ]
}