{
    "IMAGE_INFO": {
        "FILE_NAME": "1004732@0_02001_220907_P1_T3__3134.jpg",
        "DATE": "2022-10-27 18:51:38",
        "RESOLUTION": "1920 x 1080",
        "IMAGE_PHOTOGRAPHER": "이지은",
        "FOCUS_DISTANCE": "5.6",
        "EXPOSURE_TIME": "1/400",
        "SENSITIVITY_ISO": "4000",
        "PLACE": "용인시재활용센터",
        "REGION_NAME": null,
        "Direction": "0",
        "HEIGHT": "100",
        "DAY/NIGHT": "주간",
        "WEATHER": "맑음",
        "IMAGE_HEIGHT": 1080,
        "IMAGE_WIDTH": 1920,
        "IMAGE_SIZE": "640.0 KB"
    },
    "ANNOTATION_INFO": [
        {
            "ID": "1",
            "CLASS": "종이",
            "DETAILS": "종이",
            "DAMAGE": "원형",
            "DIRTINESS": "이물질(외부)",
            "COVER": "겹침",
            "TRANSPARENCY": "불투명",
            "SHAPE": "종이컵형",
            "SHAPE_TYPE": "POLYGON",
            "POINTS": [
                [
                    768,
                    820.044
                ],
                [
                    763.968,
                    817.02
                ],
                [
                    761.088,
                    812.052
                ],
                [
                    761.088,
                    806.976
                ],
                [
                    763.968,
                    802.008
                ],
                [
                    764.928,
                    798.0120000000001
                ],
                [
                    764.928,
                    791.9639999999999
                ],
                [
                    759.9359999999999,
                    785.052
                ],
                [
                    758.976,
                    760.968
                ],
                [
                    761.088,
                    740.0160000000001
                ],
                [
                    768,
                    712.044
                ],
                [
                    768,
                    678.9960000000001
                ],
                [
                    771.072,
                    671.0039999999999
                ],
                [
                    773.952,
                    667.008
                ],
                [
                    774.912,
                    662.04
                ],
                [
                    782.016,
                    648
                ],
                [
                    787.968,
                    643.032
                ],
                [
                    792,
                    640.98
                ],
                [
                    798.912,
                    637.956
                ],
                [
                    811.008,
                    635.04
                ],
                [
                    835.008,
                    635.04
                ],
                [
                    846.912,
                    637.956
                ],
                [
                    849.024,
                    637.956
                ],
                [
                    850.944,
                    640.008
                ],
                [
                    864,
                    644.004
                ],
                [
                    878.976,
                    651.996
                ],
                [
                    892.032,
                    663.984
                ],
                [
                    898.944,
                    668.952
                ],
                [
                    906.048,
                    675.972
                ],
                [
                    917.952,
                    694.0079999999999
                ],
                [
                    917.952,
                    695.952
                ],
                [
                    920.0640000000001,
                    697.0319999999999
                ],
                [
                    924.096,
                    709.02
                ],
                [
                    925.056,
                    717.0120000000001
                ],
                [
                    921.024,
                    732.024
                ],
                [
                    916.032,
                    743.04
                ],
                [
                    911.04,
                    749.952
                ],
                [
                    906.048,
                    755.028
                ],
                [
                    906.048,
                    756
                ],
                [
                    897.984,
                    759.996
                ],
                [
                    896.064,
                    762.048
                ],
                [
                    891.072,
                    762.048
                ],
                [
                    886.08,
                    760.968
                ],
                [
                    848.064,
                    760.968
                ],
                [
                    836.928,
                    763.9920000000001
                ],
                [
                    820.992,
                    771.012
                ],
                [
                    820.0319999999999,
                    774.0360000000001
                ],
                [
                    817.92,
                    775.008
                ],
                [
                    819.072,
                    779.004
                ],
                [
                    817.92,
                    780.948
                ],
                [
                    806.976,
                    787.9680000000001
                ],
                [
                    806.016,
                    789.048
                ],
                [
                    806.976,
                    791.9639999999999
                ],
                [
                    798.912,
                    797.04
                ],
                [
                    797.952,
                    799.956
                ],
                [
                    795.072,
                    803.952
                ],
                [
                    788.928,
                    806.976
                ],
                [
                    783.936,
                    806.976
                ],
                [
                    772.032,
                    817.992
                ]
            ]
        },
        {
            "ID": "2",
            "CLASS": "종이",
            "DETAILS": "종이",
            "DAMAGE": "손상",
            "DIRTINESS": "이물질(외부)",
            "COVER": "없음",
            "TRANSPARENCY": "불투명",
            "SHAPE": "박스형",
            "SHAPE_TYPE": "POLYGON",
            "POINTS": [
                [
                    354.048,
                    726.948
                ],
                [
                    345.984,
                    724.032
                ],
                [
                    339.072,
                    724.032
                ],
                [
                    336.96,
                    722.952
                ],
                [
                    334.08,
                    720.036
                ],
                [
                    332.928,
                    716.0400000000001
                ],
                [
                    331.968,
                    702.972
                ],
                [
                    334.08,
                    659.016
                ],
                [
                    334.08,
                    618.9480000000001
                ],
                [
                    335.03999999999996,
                    605.0160000000001
                ],
                [
                    336.96,
                    594
                ],
                [
                    337.91999999999996,
                    570.996
                ],
                [
                    336.96,
                    560.952
                ],
                [
                    332.928,
                    551.9879999999999
                ],
                [
                    335.03999999999996,
                    546.048
                ],
                [
                    335.03999999999996,
                    540.972
                ],
                [
                    336.96,
                    536.976
                ],
                [
                    336.96,
                    529.956
                ],
                [
                    331.968,
                    523.044
                ],
                [
                    331.968,
                    515.052
                ],
                [
                    329.08799999999997,
                    508.032
                ],
                [
                    329.08799999999997,
                    502.956
                ],
                [
                    331.008,
                    497.016
                ],
                [
                    330.048,
                    490.968
                ],
                [
                    331.968,
                    489.996
                ],
                [
                    335.03999999999996,
                    490.968
                ],
                [
                    337.91999999999996,
                    493.99199999999996
                ],
                [
                    340.03200000000004,
                    493.99199999999996
                ],
                [
                    344.064,
                    489.996
                ],
                [
                    344.064,
                    486
                ],
                [
                    345.984,
                    482.00399999999996
                ],
                [
                    349.056,
                    481.03200000000004
                ],
                [
                    358.08,
                    481.03200000000004
                ],
                [
                    364.032,
                    483.948
                ],
                [
                    369.024,
                    485.028
                ],
                [
                    390.91200000000003,
                    483.948
                ],
                [
                    451.968,
                    485.028
                ],
                [
                    459.072,
                    486
                ],
                [
                    459.072,
                    486.97200000000004
                ],
                [
                    460.992,
                    486.97200000000004
                ],
                [
                    462.91200000000003,
                    490.968
                ],
                [
                    462.91200000000003,
                    496.044
                ],
                [
                    460.992,
                    502.956
                ],
                [
                    460.992,
                    512.028
                ],
                [
                    461.952,
                    513
                ],
                [
                    462.91200000000003,
                    524.0160000000001
                ],
                [
                    461.952,
                    621
                ],
                [
                    459.072,
                    672.948
                ],
                [
                    459.072,
                    686.9879999999999
                ],
                [
                    456,
                    710.9639999999999
                ],
                [
                    454.08,
                    716.0400000000001
                ],
                [
                    446.976,
                    721.98
                ],
                [
                    404.928,
                    726.948
                ],
                [
                    399.93600000000004,
                    725.004
                ]
            ]
        }
    ]
}