{
    "IMAGE_INFO": {
        "FILE_NAME": "1004945@0_02001_220907_P1_T3__0272.jpg",
        "DATE": "2022-10-27 18:53:16",
        "RESOLUTION": "1920 x 1080",
        "IMAGE_PHOTOGRAPHER": "이지은",
        "FOCUS_DISTANCE": "5.6",
        "EXPOSURE_TIME": "1/400",
        "SENSITIVITY_ISO": "4000",
        "PLACE": "용인시재활용센터",
        "REGION_NAME": null,
        "Direction": "0",
        "HEIGHT": "100",
        "DAY/NIGHT": "주간",
        "WEATHER": "맑음",
        "IMAGE_HEIGHT": 1080,
        "IMAGE_WIDTH": 1920,
        "IMAGE_SIZE": "669.1 KB"
    },
    "ANNOTATION_INFO": [
        {
            "ID": "1",
            "CLASS": "종이",
            "DETAILS": "종이",
            "DAMAGE": "손상",
            "DIRTINESS": "오염없음",
            "COVER": "없음",
            "TRANSPARENCY": "불투명",
            "SHAPE": "박스형",
            "SHAPE_TYPE": "POLYGON",
            "POINTS": [
                [
                    576.96,
                    829.9799999999999
                ],
                [
                    565.056,
                    825.984
                ],
                [
                    557.952,
                    818.9639999999999
                ],
                [
                    550.0799999999999,
                    806.976
                ],
                [
                    517.0559999999999,
                    755.028
                ],
                [
                    514.944,
                    747.036
                ],
                [
                    504.96000000000004,
                    733.968
                ],
                [
                    497.088,
                    717.9839999999999
                ],
                [
                    466.944,
                    675
                ],
                [
                    459.072,
                    659.016
                ],
                [
                    455.03999999999996,
                    655.9920000000001
                ],
                [
                    450.048,
                    644.976
                ],
                [
                    444.096,
                    639.0360000000001
                ],
                [
                    442.94399999999996,
                    633.9599999999999
                ],
                [
                    436.992,
                    628.02
                ],
                [
                    427.96799999999996,
                    612.036
                ],
                [
                    427.008,
                    606.96
                ],
                [
                    394.94399999999996,
                    564.948
                ],
                [
                    393.984,
                    559.9799999999999
                ],
                [
                    389.952,
                    555.0120000000001
                ],
                [
                    383.04,
                    539.028
                ],
                [
                    374.976,
                    528.984
                ],
                [
                    372.096,
                    520.992
                ],
                [
                    372.096,
                    513.972
                ],
                [
                    374.976,
                    508.032
                ],
                [
                    406.08,
                    478.98
                ],
                [
                    417.98400000000004,
                    462.024
                ],
                [
                    423.936,
                    456.948
                ],
                [
                    436.032,
                    455.004
                ],
                [
                    446.016,
                    448.956
                ],
                [
                    457.91999999999996,
                    439.02
                ],
                [
                    466.944,
                    439.02
                ],
                [
                    475.00800000000004,
                    447.984
                ],
                [
                    489.984,
                    471.96
                ],
                [
                    495.9359999999999,
                    471.96
                ],
                [
                    499.968,
                    469.04400000000004
                ],
                [
                    504,
                    470.01599999999996
                ],
                [
                    508.032,
                    477.036
                ],
                [
                    517.0559999999999,
                    474.012
                ],
                [
                    523.0079999999999,
                    474.98400000000004
                ],
                [
                    548.928,
                    513
                ],
                [
                    561.024,
                    535.032
                ],
                [
                    601.92,
                    590.004
                ],
                [
                    615.9359999999999,
                    616.032
                ],
                [
                    639.9359999999999,
                    648
                ],
                [
                    646.08,
                    662.04
                ],
                [
                    656.064,
                    674.028
                ],
                [
                    661.056,
                    685.044
                ],
                [
                    671.04,
                    697.0319999999999
                ],
                [
                    687.936,
                    729.972
                ],
                [
                    686.016,
                    760.968
                ],
                [
                    657.984,
                    779.004
                ],
                [
                    653.952,
                    779.976
                ],
                [
                    625.9200000000001,
                    798.0120000000001
                ],
                [
                    620.928,
                    802.98
                ],
                [
                    610.944,
                    807.948
                ],
                [
                    601.92,
                    814.9680000000001
                ]
            ]
        },
        {
            "ID": "2",
            "CLASS": "종이",
            "DETAILS": "종이",
            "DAMAGE": "손상",
            "DIRTINESS": "이물질(외부)",
            "COVER": "겹침",
            "TRANSPARENCY": "불투명",
            "SHAPE": "박스형",
            "SHAPE_TYPE": "POLYGON",
            "POINTS": [
                [
                    600,
                    452.952
                ],
                [
                    593.088,
                    451.00800000000004
                ],
                [
                    550.0799999999999,
                    447.012
                ],
                [
                    542.976,
                    443.988
                ],
                [
                    517.0559999999999,
                    443.988
                ],
                [
                    507.072,
                    447.012
                ],
                [
                    497.088,
                    447.012
                ],
                [
                    489.02399999999994,
                    451.00800000000004
                ],
                [
                    481.92,
                    451.00800000000004
                ],
                [
                    478.08,
                    448.956
                ],
                [
                    465.024,
                    429.94800000000004
                ],
                [
                    455.03999999999996,
                    420.012
                ],
                [
                    435.072,
                    390.96
                ],
                [
                    412.992,
                    365.04
                ],
                [
                    379.96799999999996,
                    313.956
                ],
                [
                    379.008,
                    285.012
                ],
                [
                    374.016,
                    273.996
                ],
                [
                    374.016,
                    262.00800000000004
                ],
                [
                    377.08799999999997,
                    257.03999999999996
                ],
                [
                    412.992,
                    226.044
                ],
                [
                    449.08799999999997,
                    197.964
                ],
                [
                    470.01599999999996,
                    185.00400000000002
                ],
                [
                    470.976,
                    182.952
                ],
                [
                    490.94399999999996,
                    169.02
                ],
                [
                    503.04,
                    162.972
                ],
                [
                    510.91200000000003,
                    161.02800000000002
                ],
                [
                    513.984,
                    161.02800000000002
                ],
                [
                    523.968,
                    162
                ],
                [
                    528.96,
                    165.024
                ],
                [
                    533.952,
                    165.996
                ],
                [
                    541.056,
                    170.964
                ],
                [
                    548.928,
                    172.04399999999998
                ],
                [
                    557.952,
                    177.012
                ],
                [
                    566.016,
                    189
                ],
                [
                    575.04,
                    195.048
                ],
                [
                    582.9119999999999,
                    205.95600000000002
                ],
                [
                    610.944,
                    235.00799999999998
                ],
                [
                    624.96,
                    254.016
                ],
                [
                    624.96,
                    265.032
                ],
                [
                    614.016,
                    277.992
                ],
                [
                    608.064,
                    290.952
                ],
                [
                    600,
                    317.952
                ],
                [
                    595.9680000000001,
                    324
                ],
                [
                    594.048,
                    346.03200000000004
                ],
                [
                    590.0160000000001,
                    353.052
                ],
                [
                    593.088,
                    366.984
                ],
                [
                    591.936,
                    377.028
                ],
                [
                    598.08,
                    397.008
                ],
                [
                    600.96,
                    417.96000000000004
                ],
                [
                    615.9359999999999,
                    444.96
                ],
                [
                    615.9359999999999,
                    450.036
                ],
                [
                    610.944,
                    452.952
                ]
            ]
        },
        {
            "ID": "3",
            "CLASS": "종이",
            "DETAILS": "종이",
            "DAMAGE": "손상",
            "DIRTINESS": "이물질(외부)",
            "COVER": "없음",
            "TRANSPARENCY": "불투명",
            "SHAPE": "기타 형태",
            "SHAPE_TYPE": "POLYGON",
            "POINTS": [
                [
                    608.064,
                    124.956
                ],
                [
                    603.072,
                    123.984
                ],
                [
                    601.92,
                    123.012
                ],
                [
                    601.92,
                    122.04
                ],
                [
                    598.08,
                    115.02
                ],
                [
                    594.048,
                    110.052
                ],
                [
                    588.096,
                    97.956
                ],
                [
                    581.952,
                    89.964
                ],
                [
                    579.072,
                    83.05199999999999
                ],
                [
                    569.088,
                    65.01599999999999
                ],
                [
                    566.016,
                    62.964
                ],
                [
                    561.024,
                    54
                ],
                [
                    558.912,
                    49.032000000000004
                ],
                [
                    556.032,
                    46.007999999999996
                ],
                [
                    552,
                    37.044
                ],
                [
                    547.0079999999999,
                    31.968
                ],
                [
                    543.936,
                    23.976000000000003
                ],
                [
                    542.016,
                    22.032
                ],
                [
                    534.912,
                    7.02
                ],
                [
                    531.072,
                    0.972
                ],
                [
                    531.072,
                    0
                ],
                [
                    671.04,
                    0
                ],
                [
                    670.0799999999999,
                    2.052
                ],
                [
                    667.968,
                    2.052
                ],
                [
                    667.0079999999999,
                    7.02
                ],
                [
                    671.04,
                    10.043999999999999
                ],
                [
                    673.92,
                    15.011999999999999
                ],
                [
                    673.92,
                    18.035999999999998
                ],
                [
                    676.9920000000001,
                    22.032
                ],
                [
                    678.912,
                    29.052
                ],
                [
                    681.024,
                    30.996
                ],
                [
                    681.024,
                    34.02
                ],
                [
                    685.056,
                    37.044
                ],
                [
                    685.056,
                    39.96
                ],
                [
                    686.976,
                    39.96
                ],
                [
                    687.936,
                    45.036
                ],
                [
                    691.008,
                    46.98
                ],
                [
                    691.968,
                    50.004
                ],
                [
                    691.968,
                    54
                ],
                [
                    695.04,
                    57.995999999999995
                ],
                [
                    696,
                    65.01599999999999
                ],
                [
                    695.04,
                    70.95599999999999
                ],
                [
                    684.096,
                    81
                ],
                [
                    672,
                    88.02000000000001
                ],
                [
                    668.928,
                    91.044
                ],
                [
                    660.096,
                    95.03999999999999
                ],
                [
                    643.968,
                    104.976
                ],
                [
                    637.0559999999999,
                    111.024
                ],
                [
                    633.024,
                    111.996
                ],
                [
                    633.024,
                    112.968
                ],
                [
                    632.064,
                    114.048
                ],
                [
                    627.072,
                    115.99199999999999
                ],
                [
                    614.976,
                    123.012
                ]
            ]
        }
    ]
}