{
    "IMAGE_INFO": {
        "FILE_NAME": "1004902@0_02001_220907_P1_T3__1486.jpg",
        "DATE": "2022-10-27 18:55:58",
        "RESOLUTION": "1920 x 1080",
        "IMAGE_PHOTOGRAPHER": "이지은",
        "FOCUS_DISTANCE": "5.6",
        "EXPOSURE_TIME": "1/400",
        "SENSITIVITY_ISO": "4000",
        "PLACE": "용인시재활용센터",
        "REGION_NAME": null,
        "Direction": "0",
        "HEIGHT": "100",
        "DAY/NIGHT": "주간",
        "WEATHER": "맑음",
        "IMAGE_HEIGHT": 1080,
        "IMAGE_WIDTH": 1920,
        "IMAGE_SIZE": "637.1 KB"
    },
    "ANNOTATION_INFO": [
        {
            "ID": "1",
            "CLASS": "종이",
            "DETAILS": "종이",
            "DAMAGE": "완전압착",
            "DIRTINESS": "이물질(외부)",
            "COVER": "없음",
            "TRANSPARENCY": "불투명",
            "SHAPE": "낱장형",
            "SHAPE_TYPE": "POLYGON",
            "POINTS": [
                [
                    81.024,
                    270.97200000000004
                ],
                [
                    70.08,
                    269.02799999999996
                ],
                [
                    48,
                    266.976
                ],
                [
                    35.904,
                    259.956
                ],
                [
                    29.951999999999998,
                    258.012
                ],
                [
                    22.08,
                    251.964
                ],
                [
                    17.088,
                    250.02
                ],
                [
                    9.984,
                    245.052
                ],
                [
                    6.912,
                    240.94799999999998
                ],
                [
                    4.032,
                    235.98
                ],
                [
                    3.072,
                    227.988
                ],
                [
                    0,
                    223.01999999999998
                ],
                [
                    0,
                    151.956
                ],
                [
                    1.92,
                    150.012
                ],
                [
                    3.072,
                    146.016
                ],
                [
                    15.936,
                    137.05200000000002
                ],
                [
                    22.08,
                    131.00400000000002
                ],
                [
                    29.951999999999998,
                    131.00400000000002
                ],
                [
                    33.024,
                    132.948
                ],
                [
                    42.048,
                    127.97999999999999
                ],
                [
                    44.928000000000004,
                    118.044
                ],
                [
                    49.919999999999995,
                    114.048
                ],
                [
                    54.912,
                    104.976
                ],
                [
                    57.984,
                    96.012
                ],
                [
                    57.984,
                    87.048
                ],
                [
                    62.976000000000006,
                    74.952
                ],
                [
                    63.93600000000001,
                    68.04
                ],
                [
                    73.92,
                    57.024
                ],
                [
                    75.072,
                    53.028
                ],
                [
                    78.91199999999999,
                    49.032000000000004
                ],
                [
                    100.992,
                    49.032000000000004
                ],
                [
                    105.984,
                    50.976
                ],
                [
                    114.048,
                    57.024
                ],
                [
                    134.976,
                    77.976
                ],
                [
                    139.96800000000002,
                    84.99600000000001
                ],
                [
                    140.92800000000003,
                    130.03199999999998
                ],
                [
                    144,
                    134.028
                ],
                [
                    147.072,
                    134.028
                ],
                [
                    152.06400000000002,
                    137.05200000000002
                ],
                [
                    162.048,
                    147.96
                ],
                [
                    166.07999999999998,
                    161.02800000000002
                ],
                [
                    171.072,
                    170.964
                ],
                [
                    172.992,
                    180.03599999999997
                ],
                [
                    172.992,
                    186.948
                ],
                [
                    172.032,
                    192.996
                ],
                [
                    163.96800000000002,
                    208.00799999999998
                ],
                [
                    162.048,
                    211.03199999999998
                ],
                [
                    150.912,
                    219.99599999999998
                ],
                [
                    145.92,
                    231.98399999999998
                ],
                [
                    139.96800000000002,
                    239.004
                ],
                [
                    133.056,
                    243
                ],
                [
                    130.944,
                    246.024
                ],
                [
                    120,
                    251.964
                ],
                [
                    106.944,
                    262.00800000000004
                ],
                [
                    94.08,
                    270
                ],
                [
                    90.048,
                    270.97200000000004
                ],
                [
                    81.024,
                    270.97200000000004
                ]
            ]
        },
        {
            "ID": "2",
            "CLASS": "종이",
            "DETAILS": "종이",
            "DAMAGE": "원형",
            "DIRTINESS": "오염없음",
            "COVER": "없음",
            "TRANSPARENCY": "불투명",
            "SHAPE": "낱장형",
            "SHAPE_TYPE": "POLYGON",
            "POINTS": [
                [
                    667.0079999999999,
                    893.052
                ],
                [
                    665.088,
                    891.972
                ],
                [
                    665.088,
                    890.028
                ],
                [
                    663.936,
                    888.9480000000001
                ],
                [
                    665.088,
                    843.048
                ],
                [
                    663.936,
                    820.044
                ],
                [
                    665.088,
                    806.0039999999999
                ],
                [
                    667.0079999999999,
                    798.0120000000001
                ],
                [
                    667.0079999999999,
                    790.0200000000001
                ],
                [
                    667.968,
                    782.028
                ],
                [
                    671.04,
                    771.012
                ],
                [
                    672.9599999999999,
                    752.976
                ],
                [
                    678.912,
                    729.972
                ],
                [
                    682.9440000000001,
                    720.036
                ],
                [
                    686.976,
                    713.016
                ],
                [
                    689.088,
                    712.044
                ],
                [
                    691.008,
                    706.968
                ],
                [
                    696.96,
                    702
                ],
                [
                    701.952,
                    699.948
                ],
                [
                    705.024,
                    699.948
                ],
                [
                    714.048,
                    701.028
                ],
                [
                    725.952,
                    702.972
                ],
                [
                    729.9839999999999,
                    702.972
                ],
                [
                    733.0559999999999,
                    705.024
                ],
                [
                    739.9680000000001,
                    705.996
                ],
                [
                    749.952,
                    709.02
                ],
                [
                    754.944,
                    709.02
                ],
                [
                    759.9359999999999,
                    709.992
                ],
                [
                    763.968,
                    709.992
                ],
                [
                    771.072,
                    712.044
                ],
                [
                    777.984,
                    713.016
                ],
                [
                    781.056,
                    714.96
                ],
                [
                    785.088,
                    716.0400000000001
                ],
                [
                    788.928,
                    716.0400000000001
                ],
                [
                    817.92,
                    722.952
                ],
                [
                    828.096,
                    722.952
                ],
                [
                    831.936,
                    725.004
                ],
                [
                    833.088,
                    726.948
                ],
                [
                    834.048,
                    732.996
                ],
                [
                    834.048,
                    786.996
                ],
                [
                    831.936,
                    793.044
                ],
                [
                    831.936,
                    802.008
                ],
                [
                    830.976,
                    807.948
                ],
                [
                    830.0160000000001,
                    813.024
                ],
                [
                    828.096,
                    817.02
                ],
                [
                    826.9440000000001,
                    822.96
                ],
                [
                    826.9440000000001,
                    837.972
                ],
                [
                    825.984,
                    848.016
                ],
                [
                    825.024,
                    852.9839999999999
                ],
                [
                    822.9119999999999,
                    856.0079999999999
                ],
                [
                    822.9119999999999,
                    861.948
                ],
                [
                    821.952,
                    866.0519999999999
                ],
                [
                    819.072,
                    870.048
                ],
                [
                    819.072,
                    872.964
                ],
                [
                    817.92,
                    875.988
                ],
                [
                    815.04,
                    879.9839999999999
                ],
                [
                    812.928,
                    884.952
                ],
                [
                    811.968,
                    886.032
                ],
                [
                    811.008,
                    886.032
                ],
                [
                    806.976,
                    887.976
                ],
                [
                    772.032,
                    888.9480000000001
                ],
                [
                    761.088,
                    887.976
                ],
                [
                    744.96,
                    887.976
                ],
                [
                    720.96,
                    890.028
                ],
                [
                    710.0160000000001,
                    891.972
                ],
                [
                    700.992,
                    893.052
                ],
                [
                    678.912,
                    891.972
                ],
                [
                    670.0799999999999,
                    893.052
                ],
                [
                    667.0079999999999,
                    893.052
                ]
            ]
        }
    ]
}