{
    "IMAGE_INFO": {
        "FILE_NAME": "1004954@0_02001_220907_P1_T3__0948.jpg",
        "DATE": "2022-10-27 18:54:44",
        "RESOLUTION": "1920 x 1080",
        "IMAGE_PHOTOGRAPHER": "이지은",
        "FOCUS_DISTANCE": "5.6",
        "EXPOSURE_TIME": "1/400",
        "SENSITIVITY_ISO": "4000",
        "PLACE": "용인시재활용센터",
        "REGION_NAME": null,
        "Direction": "0",
        "HEIGHT": "100",
        "DAY/NIGHT": "주간",
        "WEATHER": "맑음",
        "IMAGE_HEIGHT": 1080,
        "IMAGE_WIDTH": 1920,
        "IMAGE_SIZE": "658.9 KB"
    },
    "ANNOTATION_INFO": [
        {
            "ID": "1",
            "CLASS": "종이",
            "DETAILS": "종이",
            "DAMAGE": "원형",
            "DIRTINESS": "이물질(외부)",
            "COVER": "겹침",
            "TRANSPARENCY": "불투명",
            "SHAPE": "종이컵형",
            "SHAPE_TYPE": "POLYGON",
            "POINTS": [
                [
                    1612.992,
                    442.044
                ],
                [
                    1609.92,
                    438.048
                ],
                [
                    1609.92,
                    432.972
                ],
                [
                    1606.08,
                    429.94800000000004
                ],
                [
                    1606.08,
                    420.984
                ],
                [
                    1602.048,
                    420.012
                ],
                [
                    1597.056,
                    416.01599999999996
                ],
                [
                    1593.024,
                    408.024
                ],
                [
                    1593.024,
                    402.948
                ],
                [
                    1589.952,
                    398.952
                ],
                [
                    1582.08,
                    393.98400000000004
                ],
                [
                    1580.928,
                    388.044
                ],
                [
                    1578.048,
                    386.964
                ],
                [
                    1574.0159999999998,
                    382.968
                ],
                [
                    1569.0240000000001,
                    381.024
                ],
                [
                    1559.0400000000002,
                    370.98
                ],
                [
                    1555.0079999999998,
                    370.00800000000004
                ],
                [
                    1549.056,
                    370.98
                ],
                [
                    1542.912,
                    367.956
                ],
                [
                    1540.992,
                    362.988
                ],
                [
                    1536,
                    357.048
                ],
                [
                    1526.0159999999998,
                    348.948
                ],
                [
                    1522.944,
                    340.95599999999996
                ],
                [
                    1513.92,
                    332.964
                ],
                [
                    1515.0720000000001,
                    324.972
                ],
                [
                    1516.992,
                    324
                ],
                [
                    1516.992,
                    321.948
                ],
                [
                    1526.0159999999998,
                    311.03999999999996
                ],
                [
                    1529.088,
                    309.96
                ],
                [
                    1531.008,
                    307.044
                ],
                [
                    1541.952,
                    299.05199999999996
                ],
                [
                    1560,
                    293.00399999999996
                ],
                [
                    1573.056,
                    293.00399999999996
                ],
                [
                    1589.952,
                    294.94800000000004
                ],
                [
                    1632.96,
                    293.976
                ],
                [
                    1652.9279999999999,
                    299.05199999999996
                ],
                [
                    1660.992,
                    301.968
                ],
                [
                    1675.968,
                    312.984
                ],
                [
                    1689.0240000000001,
                    330.048
                ],
                [
                    1695.936,
                    350.028
                ],
                [
                    1695.936,
                    378.972
                ],
                [
                    1689.0240000000001,
                    400.032
                ],
                [
                    1684.032,
                    408.996
                ],
                [
                    1680,
                    412.02
                ],
                [
                    1680,
                    413.964
                ],
                [
                    1676.9279999999999,
                    415.044
                ],
                [
                    1676.9279999999999,
                    416.988
                ],
                [
                    1670.9759999999999,
                    423.036
                ],
                [
                    1657.92,
                    432.972
                ],
                [
                    1646.976,
                    438.048
                ],
                [
                    1638.912,
                    439.99199999999996
                ]
            ]
        },
        {
            "ID": "2",
            "CLASS": "종이",
            "DETAILS": "종이",
            "DAMAGE": "손상",
            "DIRTINESS": "오염없음",
            "COVER": "없음",
            "TRANSPARENCY": "불투명",
            "SHAPE": "낱장형",
            "SHAPE_TYPE": "POLYGON",
            "POINTS": [
                [
                    551.04,
                    686.016
                ],
                [
                    541.056,
                    683.9639999999999
                ],
                [
                    529.9200000000001,
                    683.9639999999999
                ],
                [
                    521.088,
                    682.02
                ],
                [
                    518.016,
                    679.9680000000001
                ],
                [
                    513.984,
                    675
                ],
                [
                    508.032,
                    671.0039999999999
                ],
                [
                    504,
                    658.044
                ],
                [
                    497.088,
                    648
                ],
                [
                    495.9359999999999,
                    597.024
                ],
                [
                    489.02399999999994,
                    533.952
                ],
                [
                    489.984,
                    501.012
                ],
                [
                    494.01599999999996,
                    497.016
                ],
                [
                    500.92800000000005,
                    494.964
                ],
                [
                    508.992,
                    494.964
                ],
                [
                    524.928,
                    492.048
                ],
                [
                    547.968,
                    492.048
                ],
                [
                    561.024,
                    488.052
                ],
                [
                    572.928,
                    486.97200000000004
                ],
                [
                    572.928,
                    477.036
                ],
                [
                    576,
                    475.95599999999996
                ],
                [
                    576.96,
                    471.96
                ],
                [
                    572.928,
                    463.96799999999996
                ],
                [
                    575.04,
                    432
                ],
                [
                    577.92,
                    421.956
                ],
                [
                    580.0319999999999,
                    394.956
                ],
                [
                    586.9440000000001,
                    363.96000000000004
                ],
                [
                    589.056,
                    361.044
                ],
                [
                    595.008,
                    358.02000000000004
                ],
                [
                    609.9839999999999,
                    357.048
                ],
                [
                    614.016,
                    354.024
                ],
                [
                    623.04,
                    353.052
                ],
                [
                    628.032,
                    350.028
                ],
                [
                    635.904,
                    347.976
                ],
                [
                    646.08,
                    347.976
                ],
                [
                    658.944,
                    351
                ],
                [
                    667.968,
                    351
                ],
                [
                    681.984,
                    348.948
                ],
                [
                    702.9119999999999,
                    348.948
                ],
                [
                    715.9680000000001,
                    354.024
                ],
                [
                    723.072,
                    354.996
                ],
                [
                    725.952,
                    357.048
                ],
                [
                    738.048,
                    358.02000000000004
                ],
                [
                    768.96,
                    374.976
                ],
                [
                    772.032,
                    378.972
                ],
                [
                    772.032,
                    401.004
                ],
                [
                    768,
                    434.05199999999996
                ],
                [
                    768,
                    462.024
                ],
                [
                    764.928,
                    469.04400000000004
                ],
                [
                    740.928,
                    494.964
                ],
                [
                    737.0880000000001,
                    501.984
                ],
                [
                    699.072,
                    543.024
                ],
                [
                    682.9440000000001,
                    558.0360000000001
                ],
                [
                    677.952,
                    564.948
                ],
                [
                    647.0400000000001,
                    594
                ],
                [
                    643.0079999999999,
                    601.992
                ],
                [
                    627.072,
                    617.976
                ],
                [
                    609.9839999999999,
                    640.008
                ],
                [
                    577.92,
                    671.976
                ],
                [
                    574.0799999999999,
                    678.024
                ],
                [
                    562.9440000000001,
                    683.9639999999999
                ]
            ]
        }
    ]
}