{
    "IMAGE_INFO": {
        "FILE_NAME": "1004759@0_02001_220907_P1_T3__3353.jpg",
        "DATE": "2022-10-27 18:52:08",
        "RESOLUTION": "1920 x 1080",
        "IMAGE_PHOTOGRAPHER": "이지은",
        "FOCUS_DISTANCE": "5.6",
        "EXPOSURE_TIME": "1/400",
        "SENSITIVITY_ISO": "4000",
        "PLACE": "용인시재활용센터",
        "REGION_NAME": null,
        "Direction": "0",
        "HEIGHT": "100",
        "DAY/NIGHT": "주간",
        "WEATHER": "맑음",
        "IMAGE_HEIGHT": 1080,
        "IMAGE_WIDTH": 1920,
        "IMAGE_SIZE": "660.4 KB"
    },
    "ANNOTATION_INFO": [
        {
            "ID": "1",
            "CLASS": "종이",
            "DETAILS": "종이",
            "DAMAGE": "완전압착",
            "DIRTINESS": "이물질(외부)",
            "COVER": "없음",
            "TRANSPARENCY": "불투명",
            "SHAPE": "종이컵형",
            "SHAPE_TYPE": "POLYGON",
            "POINTS": [
                [
                    681.984,
                    718.9559999999999
                ],
                [
                    676.9920000000001,
                    717.0120000000001
                ],
                [
                    671.04,
                    709.992
                ],
                [
                    671.04,
                    685.044
                ],
                [
                    667.968,
                    666.0360000000001
                ],
                [
                    667.968,
                    651.996
                ],
                [
                    662.976,
                    629.964
                ],
                [
                    662.016,
                    610.956
                ],
                [
                    658.944,
                    605.988
                ],
                [
                    657.984,
                    598.968
                ],
                [
                    657.024,
                    571.968
                ],
                [
                    653.952,
                    569.052
                ],
                [
                    652.032,
                    555.984
                ],
                [
                    648,
                    550.044
                ],
                [
                    643.968,
                    521.964
                ],
                [
                    633.024,
                    509.976
                ],
                [
                    633.024,
                    489.996
                ],
                [
                    633.984,
                    488.052
                ],
                [
                    642.048,
                    482.976
                ],
                [
                    656.064,
                    481.03200000000004
                ],
                [
                    662.016,
                    478.008
                ],
                [
                    677.952,
                    455.004
                ],
                [
                    691.968,
                    440.964
                ],
                [
                    699.072,
                    428.00399999999996
                ],
                [
                    704.0640000000001,
                    428.00399999999996
                ],
                [
                    705.984,
                    434.05199999999996
                ],
                [
                    711.936,
                    438.048
                ],
                [
                    719.04,
                    435.024
                ],
                [
                    728.064,
                    435.024
                ],
                [
                    734.976,
                    432
                ],
                [
                    762.048,
                    428.00399999999996
                ],
                [
                    771.072,
                    424.98
                ],
                [
                    782.016,
                    424.98
                ],
                [
                    806.016,
                    436.968
                ],
                [
                    812.928,
                    443.016
                ],
                [
                    826.9440000000001,
                    478.008
                ],
                [
                    836.928,
                    496.044
                ],
                [
                    839.04,
                    505.00800000000004
                ],
                [
                    850.944,
                    532.0079999999999
                ],
                [
                    860.928,
                    548.9639999999999
                ],
                [
                    869.952,
                    574.02
                ],
                [
                    873.984,
                    578.988
                ],
                [
                    874.944,
                    583.9559999999999
                ],
                [
                    878.976,
                    587.952
                ],
                [
                    884.928,
                    602.964
                ],
                [
                    892.032,
                    614.952
                ],
                [
                    893.952,
                    624.996
                ],
                [
                    897.984,
                    631.0440000000001
                ],
                [
                    897.984,
                    647.028
                ],
                [
                    893.952,
                    651.996
                ],
                [
                    891.072,
                    659.9879999999999
                ],
                [
                    884.928,
                    663.984
                ],
                [
                    873.024,
                    668.952
                ],
                [
                    864,
                    675
                ],
                [
                    854.016,
                    678.9960000000001
                ],
                [
                    848.064,
                    682.992
                ],
                [
                    843.072,
                    683.9639999999999
                ],
                [
                    835.9680000000001,
                    687.96
                ],
                [
                    825.024,
                    691.956
                ],
                [
                    814.0799999999999,
                    694.9799999999999
                ],
                [
                    802.9440000000001,
                    695.952
                ],
                [
                    772.9920000000001,
                    705.996
                ],
                [
                    742.08,
                    712.044
                ],
                [
                    735.9359999999999,
                    712.044
                ],
                [
                    719.04,
                    714.96
                ],
                [
                    711.936,
                    717.9839999999999
                ],
                [
                    696,
                    717.0120000000001
                ]
            ]
        }
    ]
}