{
    "IMAGE_INFO": {
        "FILE_NAME": "1004763@0_02001_220907_P1_T3__3481.jpg",
        "DATE": "2022-10-27 18:52:24",
        "RESOLUTION": "1920 x 1080",
        "IMAGE_PHOTOGRAPHER": "이지은",
        "FOCUS_DISTANCE": "5.6",
        "EXPOSURE_TIME": "1/400",
        "SENSITIVITY_ISO": "4000",
        "PLACE": "용인시재활용센터",
        "REGION_NAME": null,
        "Direction": "0",
        "HEIGHT": "100",
        "DAY/NIGHT": "주간",
        "WEATHER": "맑음",
        "IMAGE_HEIGHT": 1080,
        "IMAGE_WIDTH": 1920,
        "IMAGE_SIZE": "655.8 KB"
    },
    "ANNOTATION_INFO": [
        {
            "ID": "1",
            "CLASS": "종이",
            "DETAILS": "종이",
            "DAMAGE": "완전압착",
            "DIRTINESS": "오염없음",
            "COVER": "겹침",
            "TRANSPARENCY": "불투명",
            "SHAPE": "종이컵형",
            "SHAPE_TYPE": "POLYGON",
            "POINTS": [
                [
                    567.936,
                    258.012
                ],
                [
                    557.952,
                    255.95999999999998
                ],
                [
                    555.072,
                    254.016
                ],
                [
                    547.0079999999999,
                    253.044
                ],
                [
                    542.016,
                    250.02
                ],
                [
                    537.024,
                    250.02
                ],
                [
                    529.9200000000001,
                    253.044
                ],
                [
                    526.08,
                    253.044
                ],
                [
                    518.016,
                    246.99599999999998
                ],
                [
                    504.96000000000004,
                    245.052
                ],
                [
                    464.064,
                    227.016
                ],
                [
                    446.016,
                    216
                ],
                [
                    433.92,
                    204.012
                ],
                [
                    430.08,
                    199.04399999999998
                ],
                [
                    428.928,
                    195.048
                ],
                [
                    425.088,
                    192.024
                ],
                [
                    423.936,
                    189
                ],
                [
                    404.928,
                    173.988
                ],
                [
                    394.94399999999996,
                    162
                ],
                [
                    382.08000000000004,
                    150.984
                ],
                [
                    377.08799999999997,
                    145.044
                ],
                [
                    354.048,
                    85.968
                ],
                [
                    351.936,
                    50.004
                ],
                [
                    349.056,
                    31.968
                ],
                [
                    344.064,
                    15.011999999999999
                ],
                [
                    345.024,
                    0
                ],
                [
                    502.08000000000004,
                    0
                ],
                [
                    504.96000000000004,
                    7.992
                ],
                [
                    513.984,
                    20.952
                ],
                [
                    514.944,
                    26.028
                ],
                [
                    519.9359999999999,
                    34.992
                ],
                [
                    523.968,
                    38.016000000000005
                ],
                [
                    533.952,
                    54
                ],
                [
                    534.912,
                    58.968
                ],
                [
                    545.088,
                    76.03200000000001
                ],
                [
                    561.024,
                    95.03999999999999
                ],
                [
                    580.992,
                    112.968
                ],
                [
                    585.984,
                    119.016
                ],
                [
                    599.04,
                    139.968
                ],
                [
                    600,
                    146.016
                ],
                [
                    604.0319999999999,
                    150.012
                ],
                [
                    604.992,
                    158.976
                ],
                [
                    609.024,
                    165.024
                ],
                [
                    614.016,
                    178.956
                ],
                [
                    614.976,
                    192.024
                ],
                [
                    614.016,
                    199.04399999999998
                ],
                [
                    609.9839999999999,
                    208.00799999999998
                ],
                [
                    608.064,
                    226.044
                ],
                [
                    604.0319999999999,
                    239.976
                ],
                [
                    599.04,
                    246.99599999999998
                ],
                [
                    596.928,
                    253.044
                ],
                [
                    591.936,
                    257.03999999999996
                ],
                [
                    586.9440000000001,
                    253.044
                ],
                [
                    581.952,
                    257.03999999999996
                ],
                [
                    577.92,
                    258.012
                ],
                [
                    567.936,
                    258.012
                ]
            ]
        }
    ]
}