{
    "IMAGE_INFO": {
        "FILE_NAME": "1004953@0_02001_220907_P1_T3__0353.jpg",
        "DATE": "2022-10-27 18:53:26",
        "RESOLUTION": "1920 x 1080",
        "IMAGE_PHOTOGRAPHER": "이지은",
        "FOCUS_DISTANCE": "5.6",
        "EXPOSURE_TIME": "1/400",
        "SENSITIVITY_ISO": "4000",
        "PLACE": "용인시재활용센터",
        "REGION_NAME": null,
        "Direction": "0",
        "HEIGHT": "100",
        "DAY/NIGHT": "주간",
        "WEATHER": "맑음",
        "IMAGE_HEIGHT": 1080,
        "IMAGE_WIDTH": 1920,
        "IMAGE_SIZE": "652.9 KB"
    },
    "ANNOTATION_INFO": [
        {
            "ID": "1",
            "CLASS": "종이",
            "DETAILS": "종이",
            "DAMAGE": "완전압착",
            "DIRTINESS": "이물질(외부)",
            "COVER": "없음",
            "TRANSPARENCY": "불투명",
            "SHAPE": "종이팩형",
            "SHAPE_TYPE": "POLYGON",
            "POINTS": [
                [
                    83.90400000000001,
                    270.97200000000004
                ],
                [
                    76.99199999999999,
                    270
                ],
                [
                    70.08,
                    267.948
                ],
                [
                    62.016000000000005,
                    266.976
                ],
                [
                    51.071999999999996,
                    262.98
                ],
                [
                    46.08,
                    254.988
                ],
                [
                    43.968,
                    254.016
                ],
                [
                    41.088,
                    254.016
                ],
                [
                    33.024,
                    249.048
                ],
                [
                    28.032,
                    243
                ],
                [
                    23.04,
                    239.004
                ],
                [
                    19.008000000000003,
                    238.032
                ],
                [
                    12.096,
                    234.036
                ],
                [
                    9.984,
                    228.95999999999998
                ],
                [
                    5.952,
                    224.96400000000003
                ],
                [
                    3.072,
                    219.99599999999998
                ],
                [
                    0,
                    212.976
                ],
                [
                    0,
                    166.968
                ],
                [
                    0.96,
                    165.024
                ],
                [
                    6.912,
                    159.948
                ],
                [
                    9.024000000000001,
                    154.98
                ],
                [
                    10.944,
                    154.008
                ],
                [
                    12.096,
                    150.984
                ],
                [
                    14.975999999999999,
                    147.96
                ],
                [
                    18.048000000000002,
                    141.048
                ],
                [
                    23.04,
                    137.05200000000002
                ],
                [
                    24,
                    135
                ],
                [
                    28.992,
                    135
                ],
                [
                    34.944,
                    137.05200000000002
                ],
                [
                    39.936,
                    141.048
                ],
                [
                    43.008,
                    138.024
                ],
                [
                    46.08,
                    128.952
                ],
                [
                    46.08,
                    119.988
                ],
                [
                    48,
                    115.99199999999999
                ],
                [
                    52.992,
                    111.996
                ],
                [
                    54.912,
                    108.97200000000001
                ],
                [
                    57.984,
                    96.98400000000001
                ],
                [
                    62.976000000000006,
                    85.968
                ],
                [
                    65.088,
                    68.04
                ],
                [
                    68.928,
                    61.992
                ],
                [
                    75.072,
                    56.052
                ],
                [
                    76.99199999999999,
                    50.976
                ],
                [
                    80.06400000000001,
                    47.952000000000005
                ],
                [
                    91.96799999999999,
                    47.952000000000005
                ],
                [
                    102.912,
                    49.032000000000004
                ],
                [
                    108.096,
                    50.976
                ],
                [
                    120,
                    60.047999999999995
                ],
                [
                    135.936,
                    77.004
                ],
                [
                    135.936,
                    78.948
                ],
                [
                    138.048,
                    80.028
                ],
                [
                    140.92800000000003,
                    87.048
                ],
                [
                    142.07999999999998,
                    124.956
                ],
                [
                    143.04,
                    130.03199999999998
                ],
                [
                    144,
                    131.976
                ],
                [
                    145.92,
                    132.948
                ],
                [
                    148.032,
                    132.948
                ],
                [
                    153.024,
                    135.972
                ],
                [
                    159.936,
                    142.02
                ],
                [
                    159.936,
                    143.964
                ],
                [
                    164.928,
                    153.036
                ],
                [
                    167.04,
                    162
                ],
                [
                    169.92,
                    166.968
                ],
                [
                    172.992,
                    176.04000000000002
                ],
                [
                    172.992,
                    188.028
                ],
                [
                    171.072,
                    195.048
                ],
                [
                    166.07999999999998,
                    204.984
                ],
                [
                    158.976,
                    212.976
                ],
                [
                    148.032,
                    222.048
                ],
                [
                    144,
                    227.988
                ],
                [
                    142.07999999999998,
                    236.95200000000003
                ],
                [
                    139.96800000000002,
                    239.004
                ],
                [
                    134.016,
                    242.028
                ],
                [
                    129.024,
                    246.99599999999998
                ],
                [
                    116.92800000000001,
                    255.95999999999998
                ],
                [
                    102.912,
                    265.032
                ],
                [
                    90.048,
                    270.97200000000004
                ],
                [
                    83.90400000000001,
                    270.97200000000004
                ]
            ]
        },
        {
            "ID": "2",
            "CLASS": "종이",
            "DETAILS": "종이",
            "DAMAGE": "손상",
            "DIRTINESS": "이물질(외부)",
            "COVER": "없음",
            "TRANSPARENCY": "불투명",
            "SHAPE": "종이컵형",
            "SHAPE_TYPE": "POLYGON",
            "POINTS": [
                [
                    1305.9840000000002,
                    585.036
                ],
                [
                    1294.0800000000002,
                    574.02
                ],
                [
                    1290.048,
                    574.02
                ],
                [
                    1286.0159999999998,
                    570.996
                ],
                [
                    1280.0639999999999,
                    570.024
                ],
                [
                    1271.04,
                    566.028
                ],
                [
                    1266.048,
                    560.952
                ],
                [
                    1254.9119999999998,
                    540.972
                ],
                [
                    1252.992,
                    533.952
                ],
                [
                    1238.016,
                    517.9680000000001
                ],
                [
                    1211.904,
                    497.016
                ],
                [
                    1188.096,
                    486.97200000000004
                ],
                [
                    1184.064,
                    483.948
                ],
                [
                    1179.072,
                    482.976
                ],
                [
                    1147.968,
                    482.976
                ],
                [
                    1134.9119999999998,
                    478.008
                ],
                [
                    1118.016,
                    477.036
                ],
                [
                    1107.0720000000001,
                    478.008
                ],
                [
                    1102.08,
                    477.036
                ],
                [
                    1099.008,
                    473.04
                ],
                [
                    1098.048,
                    458.02799999999996
                ],
                [
                    1094.976,
                    451.00800000000004
                ],
                [
                    1094.976,
                    436.968
                ],
                [
                    1105.9199999999998,
                    407.052
                ],
                [
                    1132.032,
                    366.984
                ],
                [
                    1138.944,
                    361.044
                ],
                [
                    1138.944,
                    358.99199999999996
                ],
                [
                    1153.92,
                    350.028
                ],
                [
                    1161.0240000000001,
                    350.028
                ],
                [
                    1180.0320000000002,
                    354.024
                ],
                [
                    1200.9599999999998,
                    361.044
                ],
                [
                    1205.952,
                    361.044
                ],
                [
                    1211.904,
                    363.96000000000004
                ],
                [
                    1218.048,
                    363.96000000000004
                ],
                [
                    1233.9840000000002,
                    370.00800000000004
                ],
                [
                    1244.9279999999999,
                    370.98
                ],
                [
                    1249.92,
                    374.004
                ],
                [
                    1257.024,
                    374.976
                ],
                [
                    1283.904,
                    384.048
                ],
                [
                    1300.0320000000002,
                    389.988
                ],
                [
                    1315.0079999999998,
                    397.98
                ],
                [
                    1340.928,
                    405.97200000000004
                ],
                [
                    1368,
                    420.012
                ],
                [
                    1386.048,
                    427.032
                ],
                [
                    1388.928,
                    427.032
                ],
                [
                    1396.992,
                    432
                ],
                [
                    1405.056,
                    439.99199999999996
                ],
                [
                    1411.008,
                    451.00800000000004
                ],
                [
                    1411.008,
                    466.992
                ],
                [
                    1409.088,
                    478.98
                ],
                [
                    1402.944,
                    493.99199999999996
                ],
                [
                    1376.064,
                    519.048
                ],
                [
                    1366.08,
                    531.0360000000001
                ],
                [
                    1335.936,
                    551.016
                ],
                [
                    1315.0079999999998,
                    582.0120000000001
                ],
                [
                    1309.056,
                    585.036
                ],
                [
                    1305.9840000000002,
                    585.036
                ]
            ]
        }
    ]
}