{
    "IMAGE_INFO": {
        "FILE_NAME": "1004755@0_02001_220907_P1_T3__3172.jpg",
        "DATE": "2022-10-27 18:51:44",
        "RESOLUTION": "1920 x 1080",
        "IMAGE_PHOTOGRAPHER": "이지은",
        "FOCUS_DISTANCE": "5.6",
        "EXPOSURE_TIME": "1/400",
        "SENSITIVITY_ISO": "4000",
        "PLACE": "용인시재활용센터",
        "REGION_NAME": null,
        "Direction": "0",
        "HEIGHT": "100",
        "DAY/NIGHT": "주간",
        "WEATHER": "맑음",
        "IMAGE_HEIGHT": 1080,
        "IMAGE_WIDTH": 1920,
        "IMAGE_SIZE": "645.5 KB"
    },
    "ANNOTATION_INFO": [
        {
            "ID": "1",
            "CLASS": "종이",
            "DETAILS": "종이",
            "DAMAGE": "완전압착",
            "DIRTINESS": "오염없음",
            "COVER": "없음",
            "TRANSPARENCY": "불투명",
            "SHAPE": "낱장형",
            "SHAPE_TYPE": "POLYGON",
            "POINTS": [
                [
                    82.944,
                    272.052
                ],
                [
                    52.032,
                    267.948
                ],
                [
                    48,
                    266.00399999999996
                ],
                [
                    46.08,
                    266.00399999999996
                ],
                [
                    38.016000000000005,
                    261.036
                ],
                [
                    29.951999999999998,
                    259.956
                ],
                [
                    25.919999999999998,
                    258.012
                ],
                [
                    15.936,
                    255.95999999999998
                ],
                [
                    10.944,
                    254.016
                ],
                [
                    6.912,
                    250.02
                ],
                [
                    4.992,
                    245.052
                ],
                [
                    1.92,
                    243
                ],
                [
                    0,
                    239.976
                ],
                [
                    0,
                    134.028
                ],
                [
                    4.992,
                    135
                ],
                [
                    25.919999999999998,
                    135.972
                ],
                [
                    27.072,
                    137.05200000000002
                ],
                [
                    44.928000000000004,
                    137.05200000000002
                ],
                [
                    46.08,
                    135.972
                ],
                [
                    52.992,
                    135.972
                ],
                [
                    59.903999999999996,
                    132.948
                ],
                [
                    65.088,
                    131.976
                ],
                [
                    81.98400000000001,
                    123.012
                ],
                [
                    96.96000000000001,
                    111.996
                ],
                [
                    102.912,
                    104.976
                ],
                [
                    110.01599999999999,
                    91.044
                ],
                [
                    113.08800000000001,
                    77.976
                ],
                [
                    111.93599999999999,
                    64.044
                ],
                [
                    113.08800000000001,
                    61.02
                ],
                [
                    115.00800000000001,
                    60.047999999999995
                ],
                [
                    132.096,
                    73.008
                ],
                [
                    143.04,
                    84.99600000000001
                ],
                [
                    144,
                    97.956
                ],
                [
                    144.96,
                    103.032
                ],
                [
                    147.072,
                    105.94800000000001
                ],
                [
                    144.96,
                    108.97200000000001
                ],
                [
                    144.96,
                    111.996
                ],
                [
                    145.92,
                    114.048
                ],
                [
                    148.032,
                    115.02
                ],
                [
                    148.99200000000002,
                    118.044
                ],
                [
                    148.032,
                    124.956
                ],
                [
                    153.98399999999998,
                    138.024
                ],
                [
                    159.936,
                    142.992
                ],
                [
                    162.048,
                    146.016
                ],
                [
                    167.04,
                    161.02800000000002
                ],
                [
                    172.992,
                    173.01600000000002
                ],
                [
                    172.992,
                    192.996
                ],
                [
                    167.04,
                    205.95600000000002
                ],
                [
                    154.944,
                    218.052
                ],
                [
                    150.912,
                    219.99599999999998
                ],
                [
                    144.96,
                    227.016
                ],
                [
                    143.04,
                    235.98
                ],
                [
                    140.92800000000003,
                    239.004
                ],
                [
                    105.024,
                    265.032
                ],
                [
                    91.008,
                    272.052
                ],
                [
                    82.944,
                    272.052
                ]
            ]
        }
    ]
}