{
    "IMAGE_INFO": {
        "FILE_NAME": "1004753@0_02001_220907_P1_T3__3179.jpg",
        "DATE": "2022-10-27 18:51:44",
        "RESOLUTION": "1920 x 1080",
        "IMAGE_PHOTOGRAPHER": "이지은",
        "FOCUS_DISTANCE": "5.6",
        "EXPOSURE_TIME": "1/400",
        "SENSITIVITY_ISO": "4000",
        "PLACE": "용인시재활용센터",
        "REGION_NAME": null,
        "Direction": "0",
        "HEIGHT": "100",
        "DAY/NIGHT": "주간",
        "WEATHER": "맑음",
        "IMAGE_HEIGHT": 1080,
        "IMAGE_WIDTH": 1920,
        "IMAGE_SIZE": "666.9 KB"
    },
    "ANNOTATION_INFO": [
        {
            "ID": "1",
            "CLASS": "종이",
            "DETAILS": "종이",
            "DAMAGE": "원형",
            "DIRTINESS": "오염없음",
            "COVER": "없음",
            "TRANSPARENCY": "불투명",
            "SHAPE": "낱장형",
            "SHAPE_TYPE": "POLYGON",
            "POINTS": [
                [
                    393.024,
                    644.004
                ],
                [
                    389.952,
                    643.032
                ],
                [
                    387.072,
                    639.0360000000001
                ],
                [
                    385.92,
                    631.0440000000001
                ],
                [
                    383.04,
                    624.024
                ],
                [
                    382.08000000000004,
                    612.036
                ],
                [
                    378.048,
                    602.964
                ],
                [
                    373.056,
                    570.996
                ],
                [
                    369.98400000000004,
                    562.0319999999999
                ],
                [
                    369.024,
                    548.9639999999999
                ],
                [
                    365.952,
                    540.972
                ],
                [
                    366.912,
                    536.004
                ],
                [
                    374.016,
                    529.956
                ],
                [
                    375.936,
                    529.956
                ],
                [
                    385.92,
                    524.9879999999999
                ],
                [
                    385.92,
                    524.0160000000001
                ],
                [
                    390.91200000000003,
                    521.964
                ],
                [
                    392.06399999999996,
                    520.02
                ],
                [
                    398.016,
                    519.048
                ],
                [
                    398.976,
                    516.996
                ],
                [
                    422.976,
                    505.98
                ],
                [
                    430.08,
                    501.012
                ],
                [
                    437.952,
                    498.96000000000004
                ],
                [
                    446.016,
                    493.99199999999996
                ],
                [
                    455.03999999999996,
                    490.968
                ],
                [
                    456,
                    489.024
                ],
                [
                    470.01599999999996,
                    483.948
                ],
                [
                    471.936,
                    481.03200000000004
                ],
                [
                    476.928,
                    479.952
                ],
                [
                    479.04,
                    478.008
                ],
                [
                    490.94399999999996,
                    477.036
                ],
                [
                    499.00800000000004,
                    473.04
                ],
                [
                    502.08000000000004,
                    473.04
                ],
                [
                    515.904,
                    467.964
                ],
                [
                    518.016,
                    467.964
                ],
                [
                    526.08,
                    470.988
                ],
                [
                    533.952,
                    478.98
                ],
                [
                    533.952,
                    489.996
                ],
                [
                    537.984,
                    497.016
                ],
                [
                    538.944,
                    509.976
                ],
                [
                    542.976,
                    520.02
                ],
                [
                    542.976,
                    524.9879999999999
                ],
                [
                    546.048,
                    529.956
                ],
                [
                    547.0079999999999,
                    537.948
                ],
                [
                    553.92,
                    555.984
                ],
                [
                    557.952,
                    577.044
                ],
                [
                    550.0799999999999,
                    582.9839999999999
                ],
                [
                    547.968,
                    583.9559999999999
                ],
                [
                    543.936,
                    583.9559999999999
                ],
                [
                    541.056,
                    586.98
                ],
                [
                    537.984,
                    587.952
                ],
                [
                    541.056,
                    594.972
                ],
                [
                    533.952,
                    591.948
                ],
                [
                    526.08,
                    591.948
                ],
                [
                    518.016,
                    594
                ],
                [
                    499.00800000000004,
                    601.02
                ],
                [
                    494.97599999999994,
                    604.044
                ],
                [
                    486.912,
                    605.0160000000001
                ],
                [
                    484.99199999999996,
                    606.96
                ],
                [
                    447.93600000000004,
                    621.972
                ],
                [
                    441.024,
                    623.052
                ],
                [
                    423.936,
                    629.964
                ],
                [
                    413.952,
                    636.984
                ],
                [
                    407.03999999999996,
                    639.0360000000001
                ],
                [
                    398.976,
                    643.032
                ]
            ]
        },
        {
            "ID": "2",
            "CLASS": "종이",
            "DETAILS": "종이",
            "DAMAGE": "원형",
            "DIRTINESS": "오염없음",
            "COVER": "겹침",
            "TRANSPARENCY": "불투명",
            "SHAPE": "종이컵형",
            "SHAPE_TYPE": "POLYGON",
            "POINTS": [
                [
                    1155.0720000000001,
                    537.948
                ],
                [
                    1155.0720000000001,
                    536.976
                ],
                [
                    1151.04,
                    529.956
                ],
                [
                    1151.04,
                    527.04
                ],
                [
                    1147.968,
                    520.02
                ],
                [
                    1146.048,
                    510.94800000000004
                ],
                [
                    1142.016,
                    505.00800000000004
                ],
                [
                    1141.056,
                    500.04
                ],
                [
                    1137.984,
                    493.99199999999996
                ],
                [
                    1137.984,
                    490.968
                ],
                [
                    1136.064,
                    486
                ],
                [
                    1136.064,
                    482.976
                ],
                [
                    1132.032,
                    477.036
                ],
                [
                    1132.032,
                    470.988
                ],
                [
                    1128,
                    463.96799999999996
                ],
                [
                    1118.9759999999999,
                    451.97999999999996
                ],
                [
                    1116.096,
                    443.988
                ],
                [
                    1116.096,
                    439.02
                ],
                [
                    1113.024,
                    432
                ],
                [
                    1112.064,
                    427.032
                ],
                [
                    1104,
                    412.992
                ],
                [
                    1104,
                    411.048
                ],
                [
                    1099.9679999999998,
                    404.02799999999996
                ],
                [
                    1099.008,
                    397.98
                ],
                [
                    1098.048,
                    397.008
                ],
                [
                    1098.048,
                    394.956
                ],
                [
                    1099.008,
                    393.98400000000004
                ],
                [
                    1099.9679999999998,
                    389.016
                ],
                [
                    1104,
                    378
                ],
                [
                    1104,
                    374.976
                ],
                [
                    1103.04,
                    374.004
                ],
                [
                    1103.04,
                    370.00800000000004
                ],
                [
                    1104,
                    367.956
                ],
                [
                    1104,
                    366.012
                ],
                [
                    1107.0720000000001,
                    363.96000000000004
                ],
                [
                    1108.992,
                    363.96000000000004
                ],
                [
                    1113.024,
                    362.988
                ],
                [
                    1117.056,
                    363.96000000000004
                ],
                [
                    1119.9360000000001,
                    363.96000000000004
                ],
                [
                    1124.9279999999999,
                    366.012
                ],
                [
                    1127.04,
                    366.012
                ],
                [
                    1132.032,
                    370.00800000000004
                ],
                [
                    1145.0880000000002,
                    374.004
                ],
                [
                    1185.024,
                    394.956
                ],
                [
                    1191.9360000000001,
                    400.032
                ],
                [
                    1200.9599999999998,
                    404.02799999999996
                ],
                [
                    1224.96,
                    421.956
                ],
                [
                    1228.032,
                    424.98
                ],
                [
                    1234.944,
                    436.968
                ],
                [
                    1234.944,
                    440.964
                ],
                [
                    1232.064,
                    447.984
                ],
                [
                    1227.0720000000001,
                    451.00800000000004
                ],
                [
                    1227.0720000000001,
                    451.97999999999996
                ],
                [
                    1224,
                    454.032
                ],
                [
                    1214.0159999999998,
                    467.964
                ],
                [
                    1203.0720000000001,
                    479.952
                ],
                [
                    1201.92,
                    482.00399999999996
                ],
                [
                    1186.944,
                    501.012
                ],
                [
                    1184.064,
                    504.036
                ],
                [
                    1180.992,
                    509.976
                ],
                [
                    1176,
                    515.052
                ],
                [
                    1171.968,
                    521.964
                ],
                [
                    1169.088,
                    524.0160000000001
                ],
                [
                    1166.976,
                    527.04
                ],
                [
                    1161.984,
                    531.0360000000001
                ],
                [
                    1158.912,
                    536.976
                ],
                [
                    1156.992,
                    537.948
                ]
            ]
        },
        {
            "ID": "3",
            "CLASS": "종이",
            "DETAILS": "종이",
            "DAMAGE": "완전압착",
            "DIRTINESS": "이물질(외부)",
            "COVER": "없음",
            "TRANSPARENCY": "불투명",
            "SHAPE": "기타 형태",
            "SHAPE_TYPE": "POLYGON",
            "POINTS": [
                [
                    590.976,
                    300.024
                ],
                [
                    584.0640000000001,
                    296.028
                ],
                [
                    566.976,
                    297
                ],
                [
                    561.984,
                    294.94800000000004
                ],
                [
                    551.04,
                    281.988
                ],
                [
                    551.04,
                    278.964
                ],
                [
                    537.024,
                    257.03999999999996
                ],
                [
                    536.064,
                    251.964
                ],
                [
                    527.0400000000001,
                    239.976
                ],
                [
                    527.0400000000001,
                    236.95200000000003
                ],
                [
                    518.016,
                    219.024
                ],
                [
                    513.984,
                    215.028
                ],
                [
                    503.04,
                    195.048
                ],
                [
                    502.08000000000004,
                    189.972
                ],
                [
                    498.04800000000006,
                    185.00400000000002
                ],
                [
                    498.04800000000006,
                    176.04000000000002
                ],
                [
                    513.984,
                    158.976
                ],
                [
                    542.016,
                    141.048
                ],
                [
                    546.048,
                    135.972
                ],
                [
                    547.968,
                    135.972
                ],
                [
                    551.04,
                    132.948
                ],
                [
                    558.912,
                    128.952
                ],
                [
                    590.976,
                    105.94800000000001
                ],
                [
                    622.08,
                    83.05199999999999
                ],
                [
                    628.032,
                    77.004
                ],
                [
                    657.024,
                    57.024
                ],
                [
                    684.096,
                    42.01199999999999
                ],
                [
                    689.088,
                    38.016000000000005
                ],
                [
                    694.0799999999999,
                    38.016000000000005
                ],
                [
                    711.936,
                    53.028
                ],
                [
                    720.96,
                    53.028
                ],
                [
                    724.992,
                    54.972
                ],
                [
                    735.9359999999999,
                    65.01599999999999
                ],
                [
                    742.08,
                    84.02399999999999
                ],
                [
                    752.064,
                    97.956
                ],
                [
                    754.944,
                    111.024
                ],
                [
                    759.9359999999999,
                    116.964
                ],
                [
                    761.088,
                    128.952
                ],
                [
                    758.016,
                    150.012
                ],
                [
                    753.984,
                    155.952
                ],
                [
                    749.952,
                    158.00400000000002
                ],
                [
                    748.992,
                    161.02800000000002
                ],
                [
                    739.008,
                    169.02
                ],
                [
                    724.0319999999999,
                    188.028
                ],
                [
                    720,
                    188.028
                ],
                [
                    715.008,
                    185.976
                ],
                [
                    709.056,
                    181.98000000000002
                ],
                [
                    697.92,
                    177.984
                ],
                [
                    687.936,
                    172.04399999999998
                ],
                [
                    678.912,
                    169.02
                ],
                [
                    649.9200000000001,
                    154.98
                ],
                [
                    641.088,
                    153.036
                ],
                [
                    627.072,
                    157.032
                ],
                [
                    619.008,
                    162.972
                ],
                [
                    614.976,
                    169.99200000000002
                ],
                [
                    609.9839999999999,
                    207.036
                ],
                [
                    609.9839999999999,
                    238.032
                ],
                [
                    604.0319999999999,
                    289.008
                ],
                [
                    596.928,
                    299.05199999999996
                ]
            ]
        }
    ]
}