{
    "IMAGE_INFO": {
        "FILE_NAME": "1004966@0_02001_220907_P1_T3__1598.jpg",
        "DATE": "2022-10-27 18:56:14",
        "RESOLUTION": "1920 x 1080",
        "IMAGE_PHOTOGRAPHER": "이지은",
        "FOCUS_DISTANCE": "5.6",
        "EXPOSURE_TIME": "1/400",
        "SENSITIVITY_ISO": "4000",
        "PLACE": "용인시재활용센터",
        "REGION_NAME": null,
        "Direction": "0",
        "HEIGHT": "100",
        "DAY/NIGHT": "주간",
        "WEATHER": "맑음",
        "IMAGE_HEIGHT": 1080,
        "IMAGE_WIDTH": 1920,
        "IMAGE_SIZE": "637.0 KB"
    },
    "ANNOTATION_INFO": [
        {
            "ID": "1",
            "CLASS": "종이",
            "DETAILS": "종이",
            "DAMAGE": "원형",
            "DIRTINESS": "이물질(전체)",
            "COVER": "없음",
            "TRANSPARENCY": "불투명",
            "SHAPE": "종이컵형",
            "SHAPE_TYPE": "POLYGON",
            "POINTS": [
                [
                    428.928,
                    324.972
                ],
                [
                    417.98400000000004,
                    316.97999999999996
                ],
                [
                    406.08,
                    304.99199999999996
                ],
                [
                    401.088,
                    296.028
                ],
                [
                    398.976,
                    293.976
                ],
                [
                    390.91200000000003,
                    276.048
                ],
                [
                    390.91200000000003,
                    272.052
                ],
                [
                    388.992,
                    263.952
                ],
                [
                    388.032,
                    246.024
                ],
                [
                    388.992,
                    231.012
                ],
                [
                    390.91200000000003,
                    222.048
                ],
                [
                    390.91200000000003,
                    218.052
                ],
                [
                    398.976,
                    201.96
                ],
                [
                    406.08,
                    192.996
                ],
                [
                    412.03200000000004,
                    186.948
                ],
                [
                    422.976,
                    177.984
                ],
                [
                    428.928,
                    176.04000000000002
                ],
                [
                    430.08,
                    174.96
                ],
                [
                    432.96000000000004,
                    174.96
                ],
                [
                    437.952,
                    173.988
                ],
                [
                    446.016,
                    173.988
                ],
                [
                    451.968,
                    174.96
                ],
                [
                    455.03999999999996,
                    174.96
                ],
                [
                    464.064,
                    177.984
                ],
                [
                    465.984,
                    177.984
                ],
                [
                    467.904,
                    180.03599999999997
                ],
                [
                    470.976,
                    181.008
                ],
                [
                    478.08,
                    185.00400000000002
                ],
                [
                    494.01599999999996,
                    196.99200000000002
                ],
                [
                    497.088,
                    200.016
                ],
                [
                    498.04800000000006,
                    201.96
                ],
                [
                    505.92,
                    209.952
                ],
                [
                    513.984,
                    222.048
                ],
                [
                    522.048,
                    239.004
                ],
                [
                    527.0400000000001,
                    245.052
                ],
                [
                    528.96,
                    249.048
                ],
                [
                    534.912,
                    254.988
                ],
                [
                    542.016,
                    266.00399999999996
                ],
                [
                    545.088,
                    277.02
                ],
                [
                    546.048,
                    285.984
                ],
                [
                    543.936,
                    300.996
                ],
                [
                    542.016,
                    305.964
                ],
                [
                    534.912,
                    313.956
                ],
                [
                    531.072,
                    316.00800000000004
                ],
                [
                    518.976,
                    316.00800000000004
                ],
                [
                    512.064,
                    313.956
                ],
                [
                    497.088,
                    312.984
                ],
                [
                    483.072,
                    312.984
                ],
                [
                    470.01599999999996,
                    315.036
                ],
                [
                    465.024,
                    315.036
                ],
                [
                    447.93600000000004,
                    320.004
                ],
                [
                    442.94399999999996,
                    320.004
                ],
                [
                    438.912,
                    321.948
                ],
                [
                    436.032,
                    324.972
                ]
            ]
        },
        {
            "ID": "2",
            "CLASS": "종이",
            "DETAILS": "종이",
            "DAMAGE": "손상",
            "DIRTINESS": "이물질(외부)",
            "COVER": "겹침",
            "TRANSPARENCY": "불투명",
            "SHAPE": "종이컵형",
            "SHAPE_TYPE": "POLYGON",
            "POINTS": [
                [
                    868.032,
                    566.028
                ],
                [
                    863.04,
                    563.004
                ],
                [
                    862.08,
                    563.004
                ],
                [
                    858.048,
                    559.9799999999999
                ],
                [
                    855.9359999999999,
                    555.0120000000001
                ],
                [
                    857.0880000000001,
                    521.964
                ],
                [
                    854.976,
                    509.976
                ],
                [
                    853.0559999999999,
                    505.00800000000004
                ],
                [
                    853.0559999999999,
                    490.968
                ],
                [
                    854.976,
                    485.028
                ],
                [
                    855.9359999999999,
                    474.012
                ],
                [
                    855.9359999999999,
                    452.952
                ],
                [
                    859.008,
                    431.028
                ],
                [
                    860.928,
                    427.032
                ],
                [
                    870.912,
                    421.956
                ],
                [
                    877.0559999999999,
                    420.012
                ],
                [
                    897.024,
                    408.996
                ],
                [
                    912.9599999999999,
                    397.98
                ],
                [
                    927.936,
                    393.012
                ],
                [
                    935.04,
                    389.016
                ],
                [
                    949.056,
                    382.968
                ],
                [
                    959.04,
                    374.976
                ],
                [
                    959.04,
                    373.032
                ],
                [
                    961.92,
                    370.00800000000004
                ],
                [
                    966.912,
                    367.956
                ],
                [
                    970.9440000000001,
                    367.956
                ],
                [
                    974.016,
                    366.984
                ],
                [
                    975.9359999999999,
                    365.04
                ],
                [
                    977.0880000000001,
                    346.03200000000004
                ],
                [
                    985.92,
                    338.04
                ],
                [
                    988.0319999999999,
                    338.04
                ],
                [
                    988.992,
                    335.988
                ],
                [
                    994.944,
                    335.988
                ],
                [
                    1009.9200000000001,
                    343.98
                ],
                [
                    1013.952,
                    347.976
                ],
                [
                    1014.9119999999999,
                    351
                ],
                [
                    1017.984,
                    354.024
                ],
                [
                    1018.944,
                    357.048
                ],
                [
                    1022.9760000000001,
                    362.016
                ],
                [
                    1032.96,
                    393.98400000000004
                ],
                [
                    1033.92,
                    404.02799999999996
                ],
                [
                    1038.912,
                    424.008
                ],
                [
                    1042.944,
                    431.028
                ],
                [
                    1051.008,
                    456.948
                ],
                [
                    1051.968,
                    462.99600000000004
                ],
                [
                    1051.968,
                    474.98400000000004
                ],
                [
                    1051.008,
                    478.008
                ],
                [
                    1049.088,
                    481.03200000000004
                ],
                [
                    1045.056,
                    483.948
                ],
                [
                    1036.032,
                    485.028
                ],
                [
                    1031.04,
                    488.052
                ],
                [
                    1028.928,
                    488.052
                ],
                [
                    1025.0880000000002,
                    490.968
                ],
                [
                    1022.016,
                    492.048
                ],
                [
                    1013.952,
                    497.016
                ],
                [
                    1003.9680000000001,
                    501.012
                ],
                [
                    1001.088,
                    502.956
                ],
                [
                    994.944,
                    505.00800000000004
                ],
                [
                    979.968,
                    513
                ],
                [
                    969.9839999999999,
                    516.024
                ],
                [
                    964.0319999999999,
                    520.02
                ],
                [
                    960.9599999999999,
                    520.02
                ],
                [
                    951.936,
                    524.9879999999999
                ],
                [
                    940.992,
                    529.956
                ],
                [
                    932.928,
                    536.004
                ],
                [
                    898.944,
                    555.0120000000001
                ],
                [
                    884.928,
                    559.9799999999999
                ],
                [
                    877.0559999999999,
                    564.948
                ],
                [
                    873.984,
                    566.028
                ]
            ]
        }
    ]
}