{
    "IMAGE_INFO": {
        "FILE_NAME": "1004758@0_02001_220907_P1_T3__3450.jpg",
        "DATE": "2022-10-27 18:52:20",
        "RESOLUTION": "1920 x 1080",
        "IMAGE_PHOTOGRAPHER": "이지은",
        "FOCUS_DISTANCE": "5.6",
        "EXPOSURE_TIME": "1/400",
        "SENSITIVITY_ISO": "4000",
        "PLACE": "용인시재활용센터",
        "REGION_NAME": null,
        "Direction": "0",
        "HEIGHT": "100",
        "DAY/NIGHT": "주간",
        "WEATHER": "맑음",
        "IMAGE_HEIGHT": 1080,
        "IMAGE_WIDTH": 1920,
        "IMAGE_SIZE": "694.3 KB"
    },
    "ANNOTATION_INFO": [
        {
            "ID": "1",
            "CLASS": "종이",
            "DETAILS": "종이",
            "DAMAGE": "완전압착",
            "DIRTINESS": "오염없음",
            "COVER": "없음",
            "TRANSPARENCY": "불투명",
            "SHAPE": "낱장형",
            "SHAPE_TYPE": "POLYGON",
            "POINTS": [
                [
                    82.944,
                    272.052
                ],
                [
                    70.08,
                    270
                ],
                [
                    62.016000000000005,
                    270
                ],
                [
                    52.992,
                    269.02799999999996
                ],
                [
                    41.088,
                    265.032
                ],
                [
                    28.992,
                    255.95999999999998
                ],
                [
                    24.959999999999997,
                    251.964
                ],
                [
                    24.959999999999997,
                    250.02
                ],
                [
                    22.08,
                    249.048
                ],
                [
                    20.928,
                    245.052
                ],
                [
                    17.088,
                    249.048
                ],
                [
                    12.096,
                    249.048
                ],
                [
                    8.064,
                    246.024
                ],
                [
                    6.912,
                    242.028
                ],
                [
                    4.032,
                    238.032
                ],
                [
                    1.92,
                    232.95600000000002
                ],
                [
                    1.92,
                    227.016
                ],
                [
                    0,
                    224.96400000000003
                ],
                [
                    0,
                    162
                ],
                [
                    3.072,
                    162
                ],
                [
                    5.952,
                    158.976
                ],
                [
                    9.984,
                    154.008
                ],
                [
                    12.096,
                    149.04000000000002
                ],
                [
                    14.975999999999999,
                    146.016
                ],
                [
                    15.936,
                    142.992
                ],
                [
                    19.008000000000003,
                    138.996
                ],
                [
                    20.928,
                    138.024
                ],
                [
                    28.032,
                    135.972
                ],
                [
                    61.056000000000004,
                    137.05200000000002
                ],
                [
                    75.072,
                    134.028
                ],
                [
                    77.952,
                    134.028
                ],
                [
                    96,
                    127.008
                ],
                [
                    110.976,
                    116.964
                ],
                [
                    119.03999999999999,
                    108.97200000000001
                ],
                [
                    124.03200000000001,
                    101.952
                ],
                [
                    124.992,
                    97.956
                ],
                [
                    128.064,
                    95.03999999999999
                ],
                [
                    129.024,
                    92.01599999999999
                ],
                [
                    133.056,
                    92.01599999999999
                ],
                [
                    137.08800000000002,
                    97.956
                ],
                [
                    139.96800000000002,
                    120.96000000000001
                ],
                [
                    144,
                    127.97999999999999
                ],
                [
                    144,
                    130.03199999999998
                ],
                [
                    144.96,
                    131.976
                ],
                [
                    156.096,
                    142.02
                ],
                [
                    162.048,
                    150.984
                ],
                [
                    167.04,
                    166.968
                ],
                [
                    169.92,
                    170.964
                ],
                [
                    172.032,
                    184.03199999999998
                ],
                [
                    171.072,
                    192.024
                ],
                [
                    168,
                    200.988
                ],
                [
                    164.928,
                    207.036
                ],
                [
                    144,
                    224.96400000000003
                ],
                [
                    142.07999999999998,
                    235.00799999999998
                ],
                [
                    139.008,
                    239.976
                ],
                [
                    132.096,
                    243.97199999999998
                ],
                [
                    126.912,
                    249.048
                ],
                [
                    115.00800000000001,
                    255.95999999999998
                ],
                [
                    97.91999999999999,
                    267.948
                ],
                [
                    91.96799999999999,
                    270.97200000000004
                ],
                [
                    86.976,
                    272.052
                ],
                [
                    82.944,
                    272.052
                ]
            ]
        },
        {
            "ID": "2",
            "CLASS": "종이",
            "DETAILS": "종이",
            "DAMAGE": "완전압착",
            "DIRTINESS": "오염없음",
            "COVER": "겹침",
            "TRANSPARENCY": "불투명",
            "SHAPE": "종이팩형",
            "SHAPE_TYPE": "POLYGON",
            "POINTS": [
                [
                    801.984,
                    1080
                ],
                [
                    800.0640000000001,
                    1072.98
                ],
                [
                    779.904,
                    1048.0320000000002
                ],
                [
                    754.944,
                    1001.0519999999999
                ],
                [
                    748.992,
                    995.004
                ],
                [
                    748.032,
                    987.9839999999999
                ],
                [
                    735.9359999999999,
                    972.972
                ],
                [
                    733.0559999999999,
                    964.0079999999999
                ],
                [
                    690.048,
                    914.004
                ],
                [
                    672,
                    887.976
                ],
                [
                    666.048,
                    883.008
                ],
                [
                    651.072,
                    856.98
                ],
                [
                    638.976,
                    843.048
                ],
                [
                    638.016,
                    837
                ],
                [
                    624,
                    817.992
                ],
                [
                    624,
                    814.9680000000001
                ],
                [
                    620.928,
                    812.052
                ],
                [
                    596.928,
                    810
                ],
                [
                    582.9119999999999,
                    805.0319999999999
                ],
                [
                    577.92,
                    801.0360000000001
                ],
                [
                    561.024,
                    745.956
                ],
                [
                    556.032,
                    736.992
                ],
                [
                    555.072,
                    720.036
                ],
                [
                    550.0799999999999,
                    713.016
                ],
                [
                    547.968,
                    701.028
                ],
                [
                    538.944,
                    693.0360000000001
                ],
                [
                    538.944,
                    686.9879999999999
                ],
                [
                    566.976,
                    670.0319999999999
                ],
                [
                    585.024,
                    651.996
                ],
                [
                    595.008,
                    648
                ],
                [
                    625.9200000000001,
                    644.976
                ],
                [
                    628.992,
                    644.976
                ],
                [
                    643.0079999999999,
                    647.028
                ],
                [
                    649.9200000000001,
                    651.024
                ],
                [
                    651.072,
                    658.044
                ],
                [
                    662.976,
                    670.0319999999999
                ],
                [
                    677.952,
                    698.004
                ],
                [
                    690.048,
                    714.96
                ],
                [
                    694.0799999999999,
                    743.04
                ],
                [
                    699.072,
                    743.04
                ],
                [
                    701.952,
                    739.044
                ],
                [
                    709.056,
                    740.988
                ],
                [
                    714.048,
                    756.972
                ],
                [
                    733.0559999999999,
                    783
                ],
                [
                    734.016,
                    793.044
                ],
                [
                    745.9200000000001,
                    817.992
                ],
                [
                    750.912,
                    821.9879999999999
                ],
                [
                    759.9359999999999,
                    818.9639999999999
                ],
                [
                    769.9200000000001,
                    818.9639999999999
                ],
                [
                    771.072,
                    825.0120000000001
                ],
                [
                    779.904,
                    834.948
                ],
                [
                    782.976,
                    841.968
                ],
                [
                    792,
                    848.988
                ],
                [
                    790.0799999999999,
                    860.976
                ],
                [
                    810.048,
                    883.008
                ],
                [
                    819.072,
                    899.964
                ],
                [
                    853.0559999999999,
                    948.024
                ],
                [
                    854.016,
                    952.992
                ],
                [
                    859.9680000000001,
                    956.9879999999999
                ],
                [
                    860.928,
                    963.0360000000001
                ],
                [
                    868.032,
                    969.948
                ],
                [
                    869.952,
                    976.968
                ],
                [
                    873.024,
                    980.9639999999999
                ],
                [
                    879.9359999999999,
                    984.96
                ],
                [
                    879.9359999999999,
                    987.9839999999999
                ],
                [
                    888,
                    999
                ],
                [
                    897.024,
                    1005.048
                ],
                [
                    900.096,
                    1005.048
                ],
                [
                    921.024,
                    1023.9480000000001
                ],
                [
                    926.976,
                    1041.012
                ],
                [
                    934.0799999999999,
                    1052.028
                ],
                [
                    936,
                    1052.028
                ],
                [
                    939.072,
                    1056.0240000000001
                ],
                [
                    940.992,
                    1080
                ],
                [
                    801.984,
                    1080
                ]
            ]
        }
    ]
}