{
    "IMAGE_INFO": {
        "FILE_NAME": "1005549@0_02001_220907_P1_T3__0068.jpg",
        "DATE": "2022-10-24 18:25:36",
        "RESOLUTION": "1920 x 1080",
        "IMAGE_PHOTOGRAPHER": "이지은",
        "FOCUS_DISTANCE": "5.6",
        "EXPOSURE_TIME": "1/400",
        "SENSITIVITY_ISO": "4000",
        "PLACE": "용인시재활용센터",
        "REGION_NAME": null,
        "Direction": "0",
        "HEIGHT": "100",
        "DAY/NIGHT": "주간",
        "WEATHER": "맑음",
        "IMAGE_HEIGHT": 1080,
        "IMAGE_WIDTH": 1920,
        "IMAGE_SIZE": "520.6 KB"
    },
    "ANNOTATION_INFO": [
        {
            "ID": "1",
            "CLASS": "종이",
            "DETAILS": "종이",
            "DAMAGE": "손상",
            "DIRTINESS": "오염없음",
            "COVER": "없음",
            "TRANSPARENCY": "불투명",
            "SHAPE": "종이팩형",
            "SHAPE_TYPE": "POLYGON",
            "POINTS": [
                [
                    483.072,
                    471.96
                ],
                [
                    465.984,
                    466.02
                ],
                [
                    460.992,
                    462.024
                ],
                [
                    456,
                    443.988
                ],
                [
                    442.94399999999996,
                    416.01599999999996
                ],
                [
                    436.032,
                    389.988
                ],
                [
                    425.088,
                    367.956
                ],
                [
                    418.944,
                    344.952
                ],
                [
                    414.912,
                    340.95599999999996
                ],
                [
                    399.93600000000004,
                    297.972
                ],
                [
                    388.032,
                    273.024
                ],
                [
                    388.032,
                    254.988
                ],
                [
                    385.92,
                    251.964
                ],
                [
                    387.072,
                    250.02
                ],
                [
                    390.91200000000003,
                    249.048
                ],
                [
                    423.936,
                    250.02
                ],
                [
                    441.024,
                    243.97199999999998
                ],
                [
                    446.976,
                    243
                ],
                [
                    450.048,
                    239.976
                ],
                [
                    452.928,
                    239.976
                ],
                [
                    460.03200000000004,
                    235.98
                ],
                [
                    465.984,
                    235.00799999999998
                ],
                [
                    476.928,
                    228.95999999999998
                ],
                [
                    489.02399999999994,
                    219.99599999999998
                ],
                [
                    495.9359999999999,
                    216.972
                ],
                [
                    508.032,
                    207.036
                ],
                [
                    513.984,
                    208.00799999999998
                ],
                [
                    522.048,
                    209.952
                ],
                [
                    526.08,
                    212.976
                ],
                [
                    531.072,
                    211.03199999999998
                ],
                [
                    533.952,
                    218.052
                ],
                [
                    542.016,
                    227.016
                ],
                [
                    542.016,
                    234.036
                ],
                [
                    537.984,
                    246.99599999999998
                ],
                [
                    533.952,
                    250.992
                ],
                [
                    532.032,
                    262.00800000000004
                ],
                [
                    526.08,
                    274.968
                ],
                [
                    523.968,
                    288.036
                ],
                [
                    524.928,
                    293.976
                ],
                [
                    532.9920000000001,
                    301.968
                ],
                [
                    552.9599999999999,
                    313.956
                ],
                [
                    574.0799999999999,
                    331.02
                ],
                [
                    581.952,
                    354.024
                ],
                [
                    581.952,
                    363.96000000000004
                ],
                [
                    590.0160000000001,
                    389.988
                ],
                [
                    586.9440000000001,
                    419.04
                ],
                [
                    590.0160000000001,
                    428.00399999999996
                ],
                [
                    585.024,
                    440.964
                ],
                [
                    581.952,
                    440.964
                ],
                [
                    575.04,
                    435.996
                ],
                [
                    566.016,
                    432
                ],
                [
                    542.016,
                    432
                ],
                [
                    536.064,
                    432.972
                ],
                [
                    515.904,
                    439.99199999999996
                ],
                [
                    508.032,
                    443.988
                ],
                [
                    495.9359999999999,
                    454.032
                ],
                [
                    489.02399999999994,
                    465.048
                ],
                [
                    488.06399999999996,
                    470.988
                ],
                [
                    483.072,
                    471.96
                ]
            ]
        },
        {
            "ID": "2",
            "CLASS": "종이",
            "DETAILS": "종이",
            "DAMAGE": "완전압착",
            "DIRTINESS": "이물질(외부)",
            "COVER": "없음",
            "TRANSPARENCY": "불투명",
            "SHAPE": "종이컵형",
            "SHAPE_TYPE": "POLYGON",
            "POINTS": [
                [
                    19.968,
                    274.968
                ],
                [
                    13.056,
                    273.024
                ],
                [
                    9.024000000000001,
                    273.024
                ],
                [
                    3.072,
                    272.052
                ],
                [
                    0,
                    273.024
                ],
                [
                    0,
                    135.972
                ],
                [
                    3.072,
                    135.972
                ],
                [
                    5.952,
                    137.05200000000002
                ],
                [
                    10.944,
                    137.05200000000002
                ],
                [
                    24.959999999999997,
                    135.972
                ],
                [
                    37.056000000000004,
                    138.024
                ],
                [
                    47.04,
                    138.024
                ],
                [
                    57.984,
                    137.05200000000002
                ],
                [
                    65.088,
                    134.028
                ],
                [
                    67.008,
                    134.028
                ],
                [
                    68.928,
                    135
                ],
                [
                    72,
                    142.992
                ],
                [
                    76.03200000000001,
                    142.992
                ],
                [
                    77.952,
                    143.964
                ],
                [
                    96.96000000000001,
                    143.964
                ],
                [
                    100.032,
                    145.044
                ],
                [
                    101.952,
                    146.988
                ],
                [
                    102.912,
                    146.988
                ],
                [
                    105.984,
                    150.012
                ],
                [
                    110.976,
                    158.00400000000002
                ],
                [
                    111.93599999999999,
                    173.988
                ],
                [
                    114.048,
                    176.04000000000002
                ],
                [
                    114.048,
                    191.052
                ],
                [
                    110.976,
                    195.048
                ],
                [
                    110.976,
                    199.04399999999998
                ],
                [
                    104.064,
                    208.98000000000002
                ],
                [
                    99.072,
                    212.976
                ],
                [
                    99.072,
                    215.028
                ],
                [
                    96.96000000000001,
                    216.972
                ],
                [
                    96,
                    216.972
                ],
                [
                    96,
                    218.052
                ],
                [
                    92.928,
                    219.024
                ],
                [
                    95.04,
                    222.048
                ],
                [
                    92.928,
                    223.992
                ],
                [
                    92.928,
                    226.044
                ],
                [
                    89.088,
                    230.04
                ],
                [
                    86.976,
                    230.04
                ],
                [
                    83.90400000000001,
                    231.98399999999998
                ],
                [
                    82.944,
                    238.032
                ],
                [
                    77.952,
                    242.028
                ],
                [
                    72,
                    243.97199999999998
                ],
                [
                    71.03999999999999,
                    246.024
                ],
                [
                    62.976000000000006,
                    250.992
                ],
                [
                    61.056000000000004,
                    253.044
                ],
                [
                    59.903999999999996,
                    253.044
                ],
                [
                    56.064,
                    255.95999999999998
                ],
                [
                    53.952,
                    258.98400000000004
                ],
                [
                    51.071999999999996,
                    259.956
                ],
                [
                    39.936,
                    269.02799999999996
                ],
                [
                    37.056000000000004,
                    270
                ],
                [
                    34.944,
                    272.052
                ],
                [
                    25.919999999999998,
                    274.968
                ],
                [
                    19.968,
                    274.968
                ]
            ]
        },
        {
            "ID": "3",
            "CLASS": "종이",
            "DETAILS": "종이",
            "DAMAGE": "손상",
            "DIRTINESS": "오염없음",
            "COVER": "없음",
            "TRANSPARENCY": "불투명",
            "SHAPE": "박스형",
            "SHAPE_TYPE": "POLYGON",
            "POINTS": [
                [
                    603.072,
                    347.00399999999996
                ],
                [
                    599.04,
                    346.03200000000004
                ],
                [
                    589.056,
                    339.98400000000004
                ],
                [
                    567.936,
                    324
                ],
                [
                    526.08,
                    297.972
                ],
                [
                    523.968,
                    285.012
                ],
                [
                    526.08,
                    272.052
                ],
                [
                    529.9200000000001,
                    266.00399999999996
                ],
                [
                    532.032,
                    254.988
                ],
                [
                    541.056,
                    238.032
                ],
                [
                    551.04,
                    205.95600000000002
                ],
                [
                    561.024,
                    195.048
                ],
                [
                    564.096,
                    185.00400000000002
                ],
                [
                    584.0640000000001,
                    154.008
                ],
                [
                    588.096,
                    150.984
                ],
                [
                    598.08,
                    131.976
                ],
                [
                    609.9839999999999,
                    115.02
                ],
                [
                    610.944,
                    108.97200000000001
                ],
                [
                    614.016,
                    107.02799999999999
                ],
                [
                    614.976,
                    100.008
                ],
                [
                    619.9680000000001,
                    92.988
                ],
                [
                    624.96,
                    65.01599999999999
                ],
                [
                    633.984,
                    43.956
                ],
                [
                    634.944,
                    34.02
                ],
                [
                    648,
                    0
                ],
                [
                    696,
                    0
                ],
                [
                    697.92,
                    6.048
                ],
                [
                    715.008,
                    20.952
                ],
                [
                    725.952,
                    27.971999999999998
                ],
                [
                    735.9359999999999,
                    41.04
                ],
                [
                    740.928,
                    39.96
                ],
                [
                    739.008,
                    42.984
                ],
                [
                    739.008,
                    49.032000000000004
                ],
                [
                    744,
                    66.96
                ],
                [
                    748.992,
                    73.008
                ],
                [
                    749.952,
                    88.992
                ],
                [
                    755.904,
                    95.03999999999999
                ],
                [
                    763.968,
                    92.988
                ],
                [
                    763.968,
                    89.964
                ],
                [
                    767.0400000000001,
                    112.968
                ],
                [
                    763.968,
                    115.99199999999999
                ],
                [
                    758.976,
                    131.976
                ],
                [
                    748.032,
                    150.984
                ],
                [
                    744,
                    154.008
                ],
                [
                    739.008,
                    164.05200000000002
                ],
                [
                    720.96,
                    185.976
                ],
                [
                    715.008,
                    200.016
                ],
                [
                    710.976,
                    203.04
                ],
                [
                    700.992,
                    216.972
                ],
                [
                    700.0319999999999,
                    220.96800000000002
                ],
                [
                    697.92,
                    220.96800000000002
                ],
                [
                    692.928,
                    227.988
                ],
                [
                    686.976,
                    242.028
                ],
                [
                    685.056,
                    242.028
                ],
                [
                    682.9440000000001,
                    243.97199999999998
                ],
                [
                    667.0079999999999,
                    270
                ],
                [
                    657.984,
                    280.044
                ],
                [
                    654.912,
                    286.956
                ],
                [
                    642.048,
                    297
                ],
                [
                    634.944,
                    307.044
                ],
                [
                    632.064,
                    308.016
                ],
                [
                    628.992,
                    312.984
                ],
                [
                    624.96,
                    315.036
                ],
                [
                    619.9680000000001,
                    328.96799999999996
                ],
                [
                    603.072,
                    347.00399999999996
                ]
            ]
        }
    ]
}