{
    "IMAGE_INFO": {
        "FILE_NAME": "1005540@0_02001_220907_P1_T3__0194.jpg",
        "DATE": "2022-10-24 18:25:52",
        "RESOLUTION": "1920 x 1080",
        "IMAGE_PHOTOGRAPHER": "이지은",
        "FOCUS_DISTANCE": "5.6",
        "EXPOSURE_TIME": "1/400",
        "SENSITIVITY_ISO": "4000",
        "PLACE": "용인시재활용센터",
        "REGION_NAME": null,
        "Direction": "0",
        "HEIGHT": "100",
        "DAY/NIGHT": "주간",
        "WEATHER": "맑음",
        "IMAGE_HEIGHT": 1080,
        "IMAGE_WIDTH": 1920,
        "IMAGE_SIZE": "557.3 KB"
    },
    "ANNOTATION_INFO": [
        {
            "ID": "2",
            "CLASS": "종이",
            "DETAILS": "종이",
            "DAMAGE": "완전압착",
            "DIRTINESS": "이물질(외부)",
            "COVER": "없음",
            "TRANSPARENCY": "불투명",
            "SHAPE": "종이컵형",
            "SHAPE_TYPE": "POLYGON",
            "POINTS": [
                [
                    19.968,
                    273.996
                ],
                [
                    12.096,
                    272.052
                ],
                [
                    4.032,
                    270.97200000000004
                ],
                [
                    0,
                    270.97200000000004
                ],
                [
                    0,
                    127.97999999999999
                ],
                [
                    1.92,
                    127.97999999999999
                ],
                [
                    1.92,
                    127.008
                ],
                [
                    6.912,
                    127.97999999999999
                ],
                [
                    12.096,
                    126.036
                ],
                [
                    14.975999999999999,
                    123.984
                ],
                [
                    17.088,
                    123.012
                ],
                [
                    22.08,
                    123.012
                ],
                [
                    25.919999999999998,
                    123.984
                ],
                [
                    28.992,
                    124.956
                ],
                [
                    37.056000000000004,
                    124.956
                ],
                [
                    38.016000000000005,
                    126.036
                ],
                [
                    38.976,
                    126.036
                ],
                [
                    39.936,
                    127.008
                ],
                [
                    42.048,
                    127.97999999999999
                ],
                [
                    43.008,
                    128.952
                ],
                [
                    47.04,
                    128.952
                ],
                [
                    48,
                    130.03199999999998
                ],
                [
                    51.071999999999996,
                    130.03199999999998
                ],
                [
                    59.903999999999996,
                    128.952
                ],
                [
                    62.016000000000005,
                    130.03199999999998
                ],
                [
                    63.93600000000001,
                    130.03199999999998
                ],
                [
                    67.968,
                    128.952
                ],
                [
                    75.072,
                    127.97999999999999
                ],
                [
                    76.99199999999999,
                    127.97999999999999
                ],
                [
                    83.90400000000001,
                    128.952
                ],
                [
                    86.016,
                    130.03199999999998
                ],
                [
                    94.08,
                    135.972
                ],
                [
                    96.96000000000001,
                    138.996
                ],
                [
                    100.032,
                    145.044
                ],
                [
                    100.032,
                    147.96
                ],
                [
                    100.992,
                    151.956
                ],
                [
                    100.992,
                    157.032
                ],
                [
                    100.032,
                    162
                ],
                [
                    99.072,
                    165.024
                ],
                [
                    97.91999999999999,
                    166.968
                ],
                [
                    95.04,
                    172.04399999999998
                ],
                [
                    91.008,
                    185.976
                ],
                [
                    91.008,
                    200.016
                ],
                [
                    92.928,
                    204.012
                ],
                [
                    92.928,
                    212.004
                ],
                [
                    91.96799999999999,
                    213.948
                ],
                [
                    83.90400000000001,
                    219.99599999999998
                ],
                [
                    81.98400000000001,
                    223.01999999999998
                ],
                [
                    81.024,
                    226.044
                ],
                [
                    81.024,
                    232.95600000000002
                ],
                [
                    80.06400000000001,
                    236.95200000000003
                ],
                [
                    72.96,
                    243
                ],
                [
                    48,
                    261.036
                ],
                [
                    46.08,
                    262.98
                ],
                [
                    44.928000000000004,
                    262.98
                ],
                [
                    34.944,
                    270
                ],
                [
                    28.992,
                    273.024
                ],
                [
                    28.032,
                    273.024
                ],
                [
                    24.959999999999997,
                    273.996
                ],
                [
                    19.968,
                    273.996
                ]
            ]
        },
        {
            "ID": "3",
            "CLASS": "종이",
            "DETAILS": "종이",
            "DAMAGE": "손상",
            "DIRTINESS": "이물질(외부)",
            "COVER": "없음",
            "TRANSPARENCY": "불투명",
            "SHAPE": "종이컵형",
            "SHAPE_TYPE": "POLYGON",
            "POINTS": [
                [
                    180.096,
                    451.97999999999996
                ],
                [
                    176.06400000000002,
                    446.03999999999996
                ],
                [
                    174.912,
                    435.024
                ],
                [
                    153.98399999999998,
                    402.948
                ],
                [
                    145.92,
                    381.99600000000004
                ],
                [
                    140.92800000000003,
                    374.976
                ],
                [
                    135.936,
                    361.044
                ],
                [
                    128.064,
                    347.976
                ],
                [
                    109.05600000000001,
                    304.02
                ],
                [
                    101.952,
                    277.02
                ],
                [
                    96,
                    219.99599999999998
                ],
                [
                    92.928,
                    204.984
                ],
                [
                    89.088,
                    196.01999999999998
                ],
                [
                    89.088,
                    189.972
                ],
                [
                    96.96000000000001,
                    166.968
                ],
                [
                    109.05600000000001,
                    147.96
                ],
                [
                    124.03200000000001,
                    131.00400000000002
                ],
                [
                    144,
                    115.99199999999999
                ],
                [
                    164.928,
                    107.02799999999999
                ],
                [
                    192.96,
                    101.952
                ],
                [
                    215.04,
                    92.01599999999999
                ],
                [
                    233.088,
                    88.992
                ],
                [
                    240,
                    85.968
                ],
                [
                    249.02400000000003,
                    84.99600000000001
                ],
                [
                    270.91200000000003,
                    77.976
                ],
                [
                    275.904,
                    77.976
                ],
                [
                    287.03999999999996,
                    84.02399999999999
                ],
                [
                    302.01599999999996,
                    96.98400000000001
                ],
                [
                    322.94399999999996,
                    126.036
                ],
                [
                    331.008,
                    132.948
                ],
                [
                    332.928,
                    137.05200000000002
                ],
                [
                    345.984,
                    147.96
                ],
                [
                    356.928,
                    161.02800000000002
                ],
                [
                    360.96,
                    168.04799999999997
                ],
                [
                    368.064,
                    189.972
                ],
                [
                    369.98400000000004,
                    208.98000000000002
                ],
                [
                    368.064,
                    222.048
                ],
                [
                    363.072,
                    231.98399999999998
                ],
                [
                    361.92,
                    243
                ],
                [
                    359.04,
                    250.992
                ],
                [
                    358.08,
                    269.02799999999996
                ],
                [
                    354.048,
                    281.988
                ],
                [
                    353.088,
                    296.028
                ],
                [
                    350.01599999999996,
                    300.996
                ],
                [
                    347.904,
                    326.052
                ],
                [
                    345.024,
                    334.04400000000004
                ],
                [
                    344.064,
                    343.98
                ],
                [
                    336.96,
                    358.99199999999996
                ],
                [
                    327.93600000000004,
                    397.98
                ],
                [
                    327.93600000000004,
                    405.97200000000004
                ],
                [
                    326.016,
                    408.996
                ],
                [
                    316.992,
                    416.01599999999996
                ],
                [
                    303.936,
                    420.984
                ],
                [
                    287.03999999999996,
                    434.05199999999996
                ],
                [
                    282.048,
                    435.996
                ],
                [
                    279.93600000000004,
                    443.016
                ],
                [
                    265.92,
                    447.984
                ],
                [
                    269.952,
                    450.036
                ],
                [
                    270.91200000000003,
                    451.97999999999996
                ],
                [
                    265.92,
                    451.97999999999996
                ],
                [
                    263.04,
                    447.012
                ],
                [
                    250.94400000000002,
                    446.03999999999996
                ],
                [
                    249.984,
                    447.012
                ],
                [
                    243.07199999999997,
                    447.012
                ],
                [
                    235.968,
                    451.00800000000004
                ],
                [
                    230.976,
                    451.97999999999996
                ],
                [
                    180.096,
                    451.97999999999996
                ]
            ]
        }
    ]
}