{
    "IMAGE_INFO": {
        "FILE_NAME": "1005386@0_02001_220907_P1_T3__3501.jpg",
        "DATE": "2022-10-27 20:37:58",
        "RESOLUTION": "1920 x 1080",
        "IMAGE_PHOTOGRAPHER": "이지은",
        "FOCUS_DISTANCE": "5.6",
        "EXPOSURE_TIME": "1/400",
        "SENSITIVITY_ISO": "4000",
        "PLACE": "용인시재활용센터",
        "REGION_NAME": null,
        "Direction": "0",
        "HEIGHT": "100",
        "DAY/NIGHT": "주간",
        "WEATHER": "맑음",
        "IMAGE_HEIGHT": 1080,
        "IMAGE_WIDTH": 1920,
        "IMAGE_SIZE": "591.9 KB"
    },
    "ANNOTATION_INFO": [
        {
            "ID": "1",
            "CLASS": "종이",
            "DETAILS": "종이",
            "DAMAGE": "완전압착",
            "DIRTINESS": "이물질(외부)",
            "COVER": "없음",
            "TRANSPARENCY": "불투명",
            "SHAPE": "종이컵형",
            "SHAPE_TYPE": "POLYGON",
            "POINTS": [
                [
                    283.968,
                    550.044
                ],
                [
                    265.92,
                    540.972
                ],
                [
                    263.04,
                    537.948
                ],
                [
                    260.928,
                    537.948
                ],
                [
                    258.048,
                    535.032
                ],
                [
                    216.96,
                    510.94800000000004
                ],
                [
                    191.04000000000002,
                    492.048
                ],
                [
                    182.016,
                    482.976
                ],
                [
                    167.04,
                    473.04
                ],
                [
                    118.08,
                    431.028
                ],
                [
                    92.928,
                    405
                ],
                [
                    80.06400000000001,
                    389.016
                ],
                [
                    78.91199999999999,
                    378
                ],
                [
                    80.06400000000001,
                    374.976
                ],
                [
                    96,
                    365.04
                ],
                [
                    142.07999999999998,
                    331.992
                ],
                [
                    161.088,
                    320.976
                ],
                [
                    172.992,
                    312.012
                ],
                [
                    240,
                    272.052
                ],
                [
                    254.016,
                    262.00800000000004
                ],
                [
                    263.04,
                    258.012
                ],
                [
                    269.952,
                    251.964
                ],
                [
                    274.94399999999996,
                    249.048
                ],
                [
                    284.928,
                    247.968
                ],
                [
                    294.912,
                    243.97199999999998
                ],
                [
                    302.976,
                    239.004
                ],
                [
                    310.08,
                    239.004
                ],
                [
                    324.096,
                    243.97199999999998
                ],
                [
                    342.91200000000003,
                    254.988
                ],
                [
                    366.912,
                    273.996
                ],
                [
                    389.952,
                    296.028
                ],
                [
                    398.016,
                    305.964
                ],
                [
                    403.008,
                    313.956
                ],
                [
                    403.008,
                    319.032
                ],
                [
                    395.904,
                    335.01599999999996
                ],
                [
                    395.904,
                    344.952
                ],
                [
                    393.984,
                    354.996
                ],
                [
                    392.06399999999996,
                    357.048
                ],
                [
                    392.06399999999996,
                    363.96000000000004
                ],
                [
                    379.96799999999996,
                    374.004
                ],
                [
                    370.944,
                    389.988
                ],
                [
                    363.072,
                    412.992
                ],
                [
                    356.928,
                    420.984
                ],
                [
                    356.928,
                    424.008
                ],
                [
                    350.976,
                    431.028
                ],
                [
                    340.03200000000004,
                    451.97999999999996
                ],
                [
                    336,
                    462.99600000000004
                ],
                [
                    332.928,
                    466.02
                ],
                [
                    315.072,
                    501.984
                ],
                [
                    311.04,
                    515.052
                ],
                [
                    299.904,
                    532.0079999999999
                ],
                [
                    297.024,
                    543.9960000000001
                ],
                [
                    292.992,
                    548.9639999999999
                ]
            ]
        }
    ]
}