{
    "IMAGE_INFO": {
        "FILE_NAME": "1005569@0_02001_220907_P1_T3__0070.jpg",
        "DATE": "2022-10-24 18:25:36",
        "RESOLUTION": "1920 x 1080",
        "IMAGE_PHOTOGRAPHER": "이지은",
        "FOCUS_DISTANCE": "5.6",
        "EXPOSURE_TIME": "1/400",
        "SENSITIVITY_ISO": "4000",
        "PLACE": "용인시재활용센터",
        "REGION_NAME": null,
        "Direction": "0",
        "HEIGHT": "100",
        "DAY/NIGHT": "주간",
        "WEATHER": "맑음",
        "IMAGE_HEIGHT": 1080,
        "IMAGE_WIDTH": 1920,
        "IMAGE_SIZE": "522.5 KB"
    },
    "ANNOTATION_INFO": [
        {
            "ID": "1",
            "CLASS": "종이",
            "DETAILS": "종이",
            "DAMAGE": "손상",
            "DIRTINESS": "오염없음",
            "COVER": "겹침",
            "TRANSPARENCY": "불투명",
            "SHAPE": "박스형",
            "SHAPE_TYPE": "POLYGON",
            "POINTS": [
                [
                    696,
                    308.016
                ],
                [
                    705.024,
                    308.016
                ],
                [
                    718.08,
                    304.99199999999996
                ],
                [
                    726.912,
                    300.024
                ],
                [
                    737.0880000000001,
                    297
                ],
                [
                    748.032,
                    289.008
                ],
                [
                    753.024,
                    293.00399999999996
                ],
                [
                    755.904,
                    305.964
                ],
                [
                    758.976,
                    312.984
                ],
                [
                    759.9359999999999,
                    324
                ],
                [
                    762.048,
                    331.02
                ],
                [
                    761.088,
                    335.01599999999996
                ],
                [
                    759.9359999999999,
                    343.008
                ],
                [
                    761.088,
                    357.048
                ],
                [
                    763.0079999999999,
                    366.012
                ],
                [
                    767.0400000000001,
                    378
                ],
                [
                    773.952,
                    389.016
                ],
                [
                    782.016,
                    393.98400000000004
                ],
                [
                    786.048,
                    396.036
                ],
                [
                    790.0799999999999,
                    412.992
                ],
                [
                    779.904,
                    417.96000000000004
                ],
                [
                    772.032,
                    423.036
                ],
                [
                    771.072,
                    431.028
                ],
                [
                    772.032,
                    459.972
                ],
                [
                    774.912,
                    481.03200000000004
                ],
                [
                    776.064,
                    497.988
                ],
                [
                    774.912,
                    513
                ],
                [
                    769.9200000000001,
                    528.0120000000001
                ],
                [
                    628.032,
                    709.02
                ],
                [
                    543.936,
                    663.0120000000001
                ],
                [
                    567.936,
                    510.94800000000004
                ],
                [
                    647.0400000000001,
                    409.968
                ],
                [
                    671.04,
                    321.948
                ],
                [
                    676.9920000000001,
                    316.00800000000004
                ],
                [
                    685.056,
                    315.036
                ]
            ]
        }
    ]
}