{
    "IMAGE_INFO": {
        "FILE_NAME": "1005538@0_02001_220907_P1_T3__0127.jpg",
        "DATE": "2022-10-24 18:25:44",
        "RESOLUTION": "1920 x 1080",
        "IMAGE_PHOTOGRAPHER": "이지은",
        "FOCUS_DISTANCE": "5.6",
        "EXPOSURE_TIME": "1/400",
        "SENSITIVITY_ISO": "4000",
        "PLACE": "용인시재활용센터",
        "REGION_NAME": null,
        "Direction": "0",
        "HEIGHT": "100",
        "DAY/NIGHT": "주간",
        "WEATHER": "맑음",
        "IMAGE_HEIGHT": 1080,
        "IMAGE_WIDTH": 1920,
        "IMAGE_SIZE": "555.2 KB"
    },
    "ANNOTATION_INFO": [
        {
            "ID": "1",
            "CLASS": "종이",
            "DETAILS": "종이",
            "DAMAGE": "원형",
            "DIRTINESS": "이물질(외부)",
            "COVER": "없음",
            "TRANSPARENCY": "불투명",
            "SHAPE": "낱장형",
            "SHAPE_TYPE": "POLYGON",
            "POINTS": [
                [
                    1156.992,
                    521.964
                ],
                [
                    1148.928,
                    519.048
                ],
                [
                    1127.04,
                    515.052
                ],
                [
                    1104,
                    515.052
                ],
                [
                    1086.912,
                    512.028
                ],
                [
                    1068.096,
                    510.94800000000004
                ],
                [
                    1021.056,
                    512.028
                ],
                [
                    1012.992,
                    510.94800000000004
                ],
                [
                    1009.9200000000001,
                    509.004
                ],
                [
                    1007.04,
                    501.012
                ],
                [
                    1008,
                    478.98
                ],
                [
                    1007.04,
                    471.96
                ],
                [
                    1003.9680000000001,
                    462.99600000000004
                ],
                [
                    990.912,
                    439.02
                ],
                [
                    979.968,
                    425.952
                ],
                [
                    969.0240000000001,
                    416.988
                ],
                [
                    965.952,
                    409.968
                ],
                [
                    960.9599999999999,
                    404.02799999999996
                ],
                [
                    939.072,
                    381.99600000000004
                ],
                [
                    936,
                    219.99599999999998
                ],
                [
                    936,
                    115.99199999999999
                ],
                [
                    939.072,
                    100.008
                ],
                [
                    946.9440000000001,
                    81
                ],
                [
                    955.008,
                    69.984
                ],
                [
                    963.0720000000001,
                    61.992
                ],
                [
                    984.96,
                    49.032000000000004
                ],
                [
                    1008,
                    42.984
                ],
                [
                    1057.92,
                    41.04
                ],
                [
                    1090.944,
                    42.984
                ],
                [
                    1102.08,
                    42.984
                ],
                [
                    1129.92,
                    41.04
                ],
                [
                    1165.056,
                    45.036
                ],
                [
                    1185.024,
                    42.984
                ],
                [
                    1201.92,
                    46.007999999999996
                ],
                [
                    1213.056,
                    49.032000000000004
                ],
                [
                    1219.9679999999998,
                    54
                ],
                [
                    1223.04,
                    54
                ],
                [
                    1232.064,
                    60.047999999999995
                ],
                [
                    1243.008,
                    72.036
                ],
                [
                    1253.952,
                    87.048
                ],
                [
                    1258.944,
                    100.008
                ],
                [
                    1262.016,
                    127.008
                ],
                [
                    1258.944,
                    158.976
                ],
                [
                    1258.944,
                    212.976
                ],
                [
                    1253.952,
                    234.036
                ],
                [
                    1253.952,
                    245.052
                ],
                [
                    1251.072,
                    255.95999999999998
                ],
                [
                    1248.96,
                    273.996
                ],
                [
                    1248.96,
                    439.02
                ],
                [
                    1246.08,
                    477.036
                ],
                [
                    1244.9279999999999,
                    479.952
                ],
                [
                    1234.944,
                    492.048
                ],
                [
                    1233.9840000000002,
                    496.044
                ],
                [
                    1225.9199999999998,
                    505.98
                ],
                [
                    1213.056,
                    513.972
                ],
                [
                    1191.9360000000001,
                    521.964
                ]
            ]
        }
    ]
}