{
    "IMAGE_INFO": {
        "FILE_NAME": "1005567@0_02001_220907_P1_T3__0048.jpg",
        "DATE": "2022-10-24 18:25:34",
        "RESOLUTION": "1920 x 1080",
        "IMAGE_PHOTOGRAPHER": "이지은",
        "FOCUS_DISTANCE": "5.6",
        "EXPOSURE_TIME": "1/400",
        "SENSITIVITY_ISO": "4000",
        "PLACE": "용인시재활용센터",
        "REGION_NAME": null,
        "Direction": "0",
        "HEIGHT": "100",
        "DAY/NIGHT": "주간",
        "WEATHER": "맑음",
        "IMAGE_HEIGHT": 1080,
        "IMAGE_WIDTH": 1920,
        "IMAGE_SIZE": "582.8 KB"
    },
    "ANNOTATION_INFO": [
        {
            "ID": "1",
            "CLASS": "종이",
            "DETAILS": "종이",
            "DAMAGE": "완전압착",
            "DIRTINESS": "이물질(외부)",
            "COVER": "없음",
            "TRANSPARENCY": "불투명",
            "SHAPE": "종이컵형",
            "SHAPE_TYPE": "POLYGON",
            "POINTS": [
                [
                    18.048000000000002,
                    273.996
                ],
                [
                    12.096,
                    272.052
                ],
                [
                    0,
                    272.052
                ],
                [
                    0,
                    131.976
                ],
                [
                    13.056,
                    131.976
                ],
                [
                    15.936,
                    131.00400000000002
                ],
                [
                    18.048000000000002,
                    130.03199999999998
                ],
                [
                    25.919999999999998,
                    131.00400000000002
                ],
                [
                    29.951999999999998,
                    130.03199999999998
                ],
                [
                    33.024,
                    128.952
                ],
                [
                    34.944,
                    127.97999999999999
                ],
                [
                    43.968,
                    128.952
                ],
                [
                    47.04,
                    128.952
                ],
                [
                    51.071999999999996,
                    131.976
                ],
                [
                    62.016000000000005,
                    131.976
                ],
                [
                    65.088,
                    131.00400000000002
                ],
                [
                    67.968,
                    131.00400000000002
                ],
                [
                    71.03999999999999,
                    130.03199999999998
                ],
                [
                    73.92,
                    127.97999999999999
                ],
                [
                    81.024,
                    127.97999999999999
                ],
                [
                    83.90400000000001,
                    128.952
                ],
                [
                    85.056,
                    128.952
                ],
                [
                    91.96799999999999,
                    132.948
                ],
                [
                    92.928,
                    132.948
                ],
                [
                    99.072,
                    138.996
                ],
                [
                    101.952,
                    142.992
                ],
                [
                    104.064,
                    147.96
                ],
                [
                    104.064,
                    150.984
                ],
                [
                    105.984,
                    158.976
                ],
                [
                    109.05600000000001,
                    162
                ],
                [
                    110.976,
                    169.02
                ],
                [
                    113.08800000000001,
                    173.988
                ],
                [
                    113.08800000000001,
                    189.972
                ],
                [
                    111.93599999999999,
                    193.96800000000002
                ],
                [
                    110.976,
                    196.01999999999998
                ],
                [
                    110.976,
                    199.04399999999998
                ],
                [
                    109.05600000000001,
                    201.96
                ],
                [
                    105.024,
                    207.036
                ],
                [
                    102.912,
                    208.98000000000002
                ],
                [
                    90.048,
                    219.99599999999998
                ],
                [
                    86.976,
                    222.048
                ],
                [
                    86.976,
                    226.044
                ],
                [
                    82.944,
                    230.04
                ],
                [
                    82.944,
                    232.95600000000002
                ],
                [
                    81.98400000000001,
                    235.98
                ],
                [
                    80.06400000000001,
                    239.004
                ],
                [
                    75.072,
                    242.028
                ],
                [
                    70.08,
                    246.024
                ],
                [
                    38.976,
                    267.948
                ],
                [
                    34.944,
                    270
                ],
                [
                    33.024,
                    272.052
                ],
                [
                    29.951999999999998,
                    273.024
                ],
                [
                    28.032,
                    273.024
                ],
                [
                    27.072,
                    273.996
                ],
                [
                    18.048000000000002,
                    273.996
                ]
            ]
        },
        {
            "ID": "2",
            "CLASS": "종이",
            "DETAILS": "종이",
            "DAMAGE": "원형",
            "DIRTINESS": "이물질(외부)",
            "COVER": "없음",
            "TRANSPARENCY": "불투명",
            "SHAPE": "박스형",
            "SHAPE_TYPE": "POLYGON",
            "POINTS": [
                [
                    835.008,
                    952.02
                ],
                [
                    822.9119999999999,
                    951.048
                ],
                [
                    816,
                    948.024
                ],
                [
                    792,
                    932.04
                ],
                [
                    777.984,
                    918.972
                ],
                [
                    755.904,
                    905.04
                ],
                [
                    752.064,
                    899.964
                ],
                [
                    752.064,
                    897.048
                ],
                [
                    755.904,
                    891
                ],
                [
                    755.904,
                    886.032
                ],
                [
                    752.064,
                    882.036
                ],
                [
                    697.92,
                    844.02
                ],
                [
                    689.088,
                    840.024
                ],
                [
                    685.056,
                    834.948
                ],
                [
                    678.912,
                    833.004
                ],
                [
                    662.016,
                    813.024
                ],
                [
                    653.952,
                    810
                ],
                [
                    651.072,
                    812.052
                ],
                [
                    643.968,
                    810.972
                ],
                [
                    634.944,
                    803.952
                ],
                [
                    627.072,
                    789.048
                ],
                [
                    618.048,
                    783.972
                ],
                [
                    617.0880000000001,
                    779.976
                ],
                [
                    611.904,
                    776.952
                ],
                [
                    604.992,
                    764.964
                ],
                [
                    604.992,
                    756.972
                ],
                [
                    611.904,
                    749.952
                ],
                [
                    617.0880000000001,
                    748.98
                ],
                [
                    628.032,
                    740.988
                ],
                [
                    630.912,
                    736.02
                ],
                [
                    649.9200000000001,
                    724.032
                ],
                [
                    673.92,
                    705.024
                ],
                [
                    704.0640000000001,
                    678.024
                ],
                [
                    715.008,
                    660.96
                ],
                [
                    724.0319999999999,
                    656.9639999999999
                ],
                [
                    731.904,
                    650.052
                ],
                [
                    734.976,
                    643.032
                ],
                [
                    744.96,
                    640.98
                ],
                [
                    772.032,
                    629.964
                ],
                [
                    786.048,
                    629.964
                ],
                [
                    792,
                    632.0160000000001
                ],
                [
                    806.016,
                    643.032
                ],
                [
                    819.072,
                    650.052
                ],
                [
                    873.024,
                    690.984
                ],
                [
                    879.9359999999999,
                    694.9799999999999
                ],
                [
                    887.0400000000001,
                    697.0319999999999
                ],
                [
                    892.032,
                    701.028
                ],
                [
                    896.064,
                    710.9639999999999
                ],
                [
                    912.9599999999999,
                    726.948
                ],
                [
                    921.984,
                    739.044
                ],
                [
                    922.9440000000001,
                    744.012
                ],
                [
                    921.984,
                    767.9879999999999
                ],
                [
                    918.912,
                    775.008
                ],
                [
                    918.912,
                    791.9639999999999
                ],
                [
                    912,
                    813.9960000000001
                ],
                [
                    906.048,
                    826.956
                ],
                [
                    902.016,
                    830.952
                ],
                [
                    898.944,
                    840.024
                ],
                [
                    896.064,
                    841.968
                ],
                [
                    894.912,
                    849.96
                ],
                [
                    889.9200000000001,
                    853.9559999999999
                ],
                [
                    884.928,
                    866.0519999999999
                ],
                [
                    878.976,
                    871.992
                ],
                [
                    878.016,
                    876.96
                ],
                [
                    873.024,
                    882.036
                ],
                [
                    872.064,
                    887.004
                ],
                [
                    859.9680000000001,
                    903.9599999999999
                ],
                [
                    859.9680000000001,
                    906.984
                ],
                [
                    844.992,
                    932.04
                ],
                [
                    841.92,
                    948.024
                ],
                [
                    835.008,
                    952.02
                ]
            ]
        }
    ]
}