{
    "IMAGE_INFO": {
        "FILE_NAME": "1005559@0_02001_220907_P1_T3__0456.jpg",
        "DATE": "2022-10-24 18:26:26",
        "RESOLUTION": "1920 x 1080",
        "IMAGE_PHOTOGRAPHER": "이지은",
        "FOCUS_DISTANCE": "5.6",
        "EXPOSURE_TIME": "1/400",
        "SENSITIVITY_ISO": "4000",
        "PLACE": "용인시재활용센터",
        "REGION_NAME": null,
        "Direction": "0",
        "HEIGHT": "100",
        "DAY/NIGHT": "주간",
        "WEATHER": "맑음",
        "IMAGE_HEIGHT": 1080,
        "IMAGE_WIDTH": 1920,
        "IMAGE_SIZE": "577.8 KB"
    },
    "ANNOTATION_INFO": [
        {
            "ID": "1",
            "CLASS": "종이",
            "DETAILS": "종이",
            "DAMAGE": "손상",
            "DIRTINESS": "이물질(외부)",
            "COVER": "없음",
            "TRANSPARENCY": "불투명",
            "SHAPE": "기타 형태",
            "SHAPE_TYPE": "POLYGON",
            "POINTS": [
                [
                    1431.9360000000001,
                    478.008
                ],
                [
                    1422.912,
                    474.98400000000004
                ],
                [
                    1401.984,
                    462.024
                ],
                [
                    1387.008,
                    443.016
                ],
                [
                    1386.048,
                    439.02
                ],
                [
                    1378.944,
                    432
                ],
                [
                    1377.024,
                    425.952
                ],
                [
                    1372.992,
                    423.036
                ],
                [
                    1372.032,
                    419.04
                ],
                [
                    1368.96,
                    416.01599999999996
                ],
                [
                    1368.96,
                    412.992
                ],
                [
                    1356.096,
                    396.036
                ],
                [
                    1353.024,
                    385.02
                ],
                [
                    1358.016,
                    361.044
                ],
                [
                    1358.016,
                    350.028
                ],
                [
                    1353.9840000000002,
                    343.008
                ],
                [
                    1352.064,
                    332.964
                ],
                [
                    1385.0880000000002,
                    300.996
                ],
                [
                    1387.968,
                    289.98
                ],
                [
                    1443.0720000000001,
                    247.968
                ],
                [
                    1443.0720000000001,
                    239.976
                ],
                [
                    1469.952,
                    224.96400000000003
                ],
                [
                    1486.08,
                    224.96400000000003
                ],
                [
                    1493.952,
                    219.024
                ],
                [
                    1503.936,
                    215.028
                ],
                [
                    1512.96,
                    215.028
                ],
                [
                    1523.904,
                    218.052
                ],
                [
                    1540.992,
                    227.988
                ],
                [
                    1542.912,
                    231.98399999999998
                ],
                [
                    1559.0400000000002,
                    243.97199999999998
                ],
                [
                    1571.904,
                    257.03999999999996
                ],
                [
                    1596.096,
                    290.952
                ],
                [
                    1602.048,
                    307.044
                ],
                [
                    1607.04,
                    313.956
                ],
                [
                    1612.032,
                    326.052
                ],
                [
                    1614.9119999999998,
                    346.03200000000004
                ],
                [
                    1613.952,
                    366.984
                ],
                [
                    1608.96,
                    375.94800000000004
                ],
                [
                    1598.016,
                    385.992
                ],
                [
                    1563.0720000000001,
                    405
                ],
                [
                    1550.9759999999999,
                    408.996
                ],
                [
                    1531.008,
                    423.036
                ],
                [
                    1526.0159999999998,
                    424.008
                ],
                [
                    1516.992,
                    431.028
                ],
                [
                    1512.96,
                    432
                ],
                [
                    1507.968,
                    435.996
                ],
                [
                    1499.904,
                    452.952
                ],
                [
                    1492.992,
                    455.976
                ],
                [
                    1474.944,
                    458.02799999999996
                ],
                [
                    1465.9199999999998,
                    459.972
                ],
                [
                    1455.936,
                    463.96799999999996
                ],
                [
                    1440,
                    478.008
                ]
            ]
        }
    ]
}