{
    "IMAGE_INFO": {
        "FILE_NAME": "1005539@0_02001_220907_P1_T3__0121.jpg",
        "DATE": "2022-10-24 18:25:44",
        "RESOLUTION": "1920 x 1080",
        "IMAGE_PHOTOGRAPHER": "이지은",
        "FOCUS_DISTANCE": "5.6",
        "EXPOSURE_TIME": "1/400",
        "SENSITIVITY_ISO": "4000",
        "PLACE": "용인시재활용센터",
        "REGION_NAME": null,
        "Direction": "0",
        "HEIGHT": "100",
        "DAY/NIGHT": "주간",
        "WEATHER": "맑음",
        "IMAGE_HEIGHT": 1080,
        "IMAGE_WIDTH": 1920,
        "IMAGE_SIZE": "538.4 KB"
    },
    "ANNOTATION_INFO": [
        {
            "ID": "1",
            "CLASS": "종이",
            "DETAILS": "종이",
            "DAMAGE": "원형",
            "DIRTINESS": "이물질(외부)",
            "COVER": "겹침",
            "TRANSPARENCY": "불투명",
            "SHAPE": "낱장형",
            "SHAPE_TYPE": "POLYGON",
            "POINTS": [
                [
                    1512.96,
                    1080
                ],
                [
                    1505.0880000000002,
                    1072.98
                ],
                [
                    1489.92,
                    1050.9479999999999
                ],
                [
                    1416.96,
                    964.9799999999999
                ],
                [
                    1396.032,
                    933.984
                ],
                [
                    1380.096,
                    918
                ],
                [
                    1377.984,
                    911.952
                ],
                [
                    1363.968,
                    894.996
                ],
                [
                    1358.9759999999999,
                    875.988
                ],
                [
                    1358.9759999999999,
                    861.948
                ],
                [
                    1363.968,
                    836.028
                ],
                [
                    1373.952,
                    821.016
                ],
                [
                    1373.952,
                    814.9680000000001
                ],
                [
                    1382.016,
                    805.0319999999999
                ],
                [
                    1406.976,
                    786.024
                ],
                [
                    1433.088,
                    771.984
                ],
                [
                    1455.936,
                    763.9920000000001
                ],
                [
                    1472.064,
                    753.9480000000001
                ],
                [
                    1492.032,
                    745.956
                ],
                [
                    1501.056,
                    736.02
                ],
                [
                    1516.992,
                    732.996
                ],
                [
                    1525.056,
                    729
                ],
                [
                    1536.96,
                    717.9839999999999
                ],
                [
                    1550.016,
                    712.044
                ],
                [
                    1558.08,
                    710.9639999999999
                ],
                [
                    1560,
                    705.024
                ],
                [
                    1564.032,
                    702.972
                ],
                [
                    1574.0159999999998,
                    701.028
                ],
                [
                    1582.08,
                    701.028
                ],
                [
                    1594.944,
                    702.972
                ],
                [
                    1601.088,
                    699.948
                ],
                [
                    1614.9119999999998,
                    690.0120000000001
                ],
                [
                    1630.08,
                    668.952
                ],
                [
                    1650.048,
                    652.9680000000001
                ],
                [
                    1656,
                    652.9680000000001
                ],
                [
                    1660.0320000000002,
                    654.048
                ],
                [
                    1690.944,
                    686.016
                ],
                [
                    1694.976,
                    693.0360000000001
                ],
                [
                    1722.048,
                    722.952
                ],
                [
                    1811.904,
                    818.9639999999999
                ],
                [
                    1838.016,
                    851.0400000000001
                ],
                [
                    1852.032,
                    864
                ],
                [
                    1852.992,
                    867.996
                ],
                [
                    1862.976,
                    875.988
                ],
                [
                    1871.04,
                    888.9480000000001
                ],
                [
                    1871.04,
                    915.948
                ],
                [
                    1861.056,
                    949.9680000000001
                ],
                [
                    1867.008,
                    957.96
                ],
                [
                    1867.008,
                    968.004
                ],
                [
                    1852.032,
                    986.0400000000001
                ],
                [
                    1719.9360000000001,
                    1080
                ],
                [
                    1512.96,
                    1080
                ]
            ]
        },
        {
            "ID": "2",
            "CLASS": "종이",
            "DETAILS": "종이",
            "DAMAGE": "손상",
            "DIRTINESS": "오염없음",
            "COVER": "없음",
            "TRANSPARENCY": "불투명",
            "SHAPE": "기타 형태",
            "SHAPE_TYPE": "POLYGON",
            "POINTS": [
                [
                    421.056,
                    246.99599999999998
                ],
                [
                    412.992,
                    239.976
                ],
                [
                    406.08,
                    230.04
                ],
                [
                    378.048,
                    200.988
                ],
                [
                    361.92,
                    181.98000000000002
                ],
                [
                    351.936,
                    173.01600000000002
                ],
                [
                    337.91999999999996,
                    154.008
                ],
                [
                    337.91999999999996,
                    146.016
                ],
                [
                    339.072,
                    143.964
                ],
                [
                    342.91200000000003,
                    137.05200000000002
                ],
                [
                    351.936,
                    126.036
                ],
                [
                    407.03999999999996,
                    88.02000000000001
                ],
                [
                    412.03200000000004,
                    84.02399999999999
                ],
                [
                    413.952,
                    81
                ],
                [
                    416.064,
                    81.972
                ],
                [
                    418.944,
                    84.02399999999999
                ],
                [
                    421.056,
                    85.968
                ],
                [
                    421.056,
                    88.02000000000001
                ],
                [
                    422.976,
                    88.992
                ],
                [
                    428.928,
                    95.03999999999999
                ],
                [
                    436.032,
                    100.008
                ],
                [
                    441.984,
                    101.952
                ],
                [
                    442.94399999999996,
                    105.94800000000001
                ],
                [
                    450.048,
                    112.968
                ],
                [
                    457.91999999999996,
                    118.044
                ],
                [
                    461.952,
                    118.044
                ],
                [
                    465.984,
                    123.012
                ],
                [
                    475.968,
                    131.00400000000002
                ],
                [
                    480,
                    132.948
                ],
                [
                    480,
                    134.028
                ],
                [
                    489.02399999999994,
                    138.996
                ],
                [
                    494.97599999999994,
                    146.016
                ],
                [
                    508.032,
                    155.952
                ],
                [
                    508.992,
                    159.948
                ],
                [
                    508.032,
                    164.05200000000002
                ],
                [
                    504.96000000000004,
                    169.02
                ],
                [
                    497.088,
                    177.984
                ],
                [
                    497.088,
                    178.956
                ],
                [
                    489.984,
                    185.00400000000002
                ],
                [
                    489.984,
                    186.948
                ],
                [
                    486.912,
                    188.028
                ],
                [
                    486.912,
                    191.052
                ],
                [
                    484.032,
                    192.024
                ],
                [
                    480.96,
                    196.01999999999998
                ],
                [
                    479.04,
                    201.96
                ],
                [
                    476.928,
                    204.984
                ],
                [
                    473.088,
                    208.98000000000002
                ],
                [
                    470.976,
                    209.952
                ],
                [
                    469.056,
                    213.948
                ],
                [
                    467.904,
                    215.028
                ],
                [
                    465.024,
                    216
                ],
                [
                    465.024,
                    218.052
                ],
                [
                    461.952,
                    219.024
                ],
                [
                    460.992,
                    222.048
                ],
                [
                    456,
                    224.96400000000003
                ],
                [
                    454.08,
                    227.988
                ],
                [
                    442.94399999999996,
                    238.032
                ],
                [
                    436.032,
                    243
                ],
                [
                    427.008,
                    246.99599999999998
                ],
                [
                    421.056,
                    246.99599999999998
                ]
            ]
        }
    ]
}