{
    "IMAGE_INFO": {
        "FILE_NAME": "1005394@0_02001_220907_P1_T3__3576.jpg",
        "DATE": "2022-10-27 20:38:12",
        "RESOLUTION": "1920 x 1080",
        "IMAGE_PHOTOGRAPHER": "이지은",
        "FOCUS_DISTANCE": "5.6",
        "EXPOSURE_TIME": "1/400",
        "SENSITIVITY_ISO": "4000",
        "PLACE": "용인시재활용센터",
        "REGION_NAME": null,
        "Direction": "0",
        "HEIGHT": "100",
        "DAY/NIGHT": "주간",
        "WEATHER": "맑음",
        "IMAGE_HEIGHT": 1080,
        "IMAGE_WIDTH": 1920,
        "IMAGE_SIZE": "575.0 KB"
    },
    "ANNOTATION_INFO": [
        {
            "ID": "1",
            "CLASS": "종이",
            "DETAILS": "종이",
            "DAMAGE": "완전압착",
            "DIRTINESS": "이물질(외부)",
            "COVER": "없음",
            "TRANSPARENCY": "불투명",
            "SHAPE": "종이컵형",
            "SHAPE_TYPE": "POLYGON",
            "POINTS": [
                [
                    18.048000000000002,
                    273.024
                ],
                [
                    14.975999999999999,
                    270.97200000000004
                ],
                [
                    4.032,
                    270.97200000000004
                ],
                [
                    3.072,
                    270
                ],
                [
                    0,
                    270
                ],
                [
                    0,
                    134.028
                ],
                [
                    8.064,
                    134.028
                ],
                [
                    13.056,
                    135.972
                ],
                [
                    33.024,
                    135.972
                ],
                [
                    46.08,
                    134.028
                ],
                [
                    51.071999999999996,
                    134.028
                ],
                [
                    53.952,
                    132.948
                ],
                [
                    57.984,
                    131.976
                ],
                [
                    63.93600000000001,
                    131.00400000000002
                ],
                [
                    71.03999999999999,
                    128.952
                ],
                [
                    86.016,
                    128.952
                ],
                [
                    87.936,
                    130.03199999999998
                ],
                [
                    89.088,
                    130.03199999999998
                ],
                [
                    91.96799999999999,
                    131.976
                ],
                [
                    97.91999999999999,
                    137.05200000000002
                ],
                [
                    101.952,
                    141.048
                ],
                [
                    102.912,
                    142.992
                ],
                [
                    105.024,
                    150.984
                ],
                [
                    106.944,
                    153.036
                ],
                [
                    108.096,
                    158.00400000000002
                ],
                [
                    111.93599999999999,
                    165.996
                ],
                [
                    113.08800000000001,
                    169.02
                ],
                [
                    113.08800000000001,
                    170.964
                ],
                [
                    114.048,
                    173.988
                ],
                [
                    114.048,
                    189
                ],
                [
                    113.08800000000001,
                    192.996
                ],
                [
                    113.08800000000001,
                    195.048
                ],
                [
                    110.976,
                    199.04399999999998
                ],
                [
                    110.01599999999999,
                    200.016
                ],
                [
                    109.05600000000001,
                    201.96
                ],
                [
                    102.912,
                    208.98000000000002
                ],
                [
                    96.96000000000001,
                    215.028
                ],
                [
                    90.048,
                    220.96800000000002
                ],
                [
                    87.936,
                    220.96800000000002
                ],
                [
                    86.976,
                    223.01999999999998
                ],
                [
                    82.944,
                    226.044
                ],
                [
                    82.944,
                    231.98399999999998
                ],
                [
                    81.98400000000001,
                    235.00799999999998
                ],
                [
                    81.024,
                    235.98
                ],
                [
                    75.072,
                    239.976
                ],
                [
                    72,
                    243
                ],
                [
                    37.056000000000004,
                    269.02799999999996
                ],
                [
                    33.984,
                    270
                ],
                [
                    28.032,
                    273.024
                ],
                [
                    18.048000000000002,
                    273.024
                ]
            ]
        }
    ]
}