{
    "IMAGE_INFO": {
        "FILE_NAME": "1005562@0_02001_220907_P1_T3__0193.jpg",
        "DATE": "2022-10-24 18:25:52",
        "RESOLUTION": "1920 x 1080",
        "IMAGE_PHOTOGRAPHER": "이지은",
        "FOCUS_DISTANCE": "5.6",
        "EXPOSURE_TIME": "1/400",
        "SENSITIVITY_ISO": "4000",
        "PLACE": "용인시재활용센터",
        "REGION_NAME": null,
        "Direction": "0",
        "HEIGHT": "100",
        "DAY/NIGHT": "주간",
        "WEATHER": "맑음",
        "IMAGE_HEIGHT": 1080,
        "IMAGE_WIDTH": 1920,
        "IMAGE_SIZE": "562.8 KB"
    },
    "ANNOTATION_INFO": [
        {
            "ID": "1",
            "CLASS": "종이",
            "DETAILS": "종이",
            "DAMAGE": "손상",
            "DIRTINESS": "이물질(외부)",
            "COVER": "없음",
            "TRANSPARENCY": "불투명",
            "SHAPE": "종이컵형",
            "SHAPE_TYPE": "POLYGON",
            "POINTS": [
                [
                    187.008,
                    305.964
                ],
                [
                    182.976,
                    303.048
                ],
                [
                    182.016,
                    292.032
                ],
                [
                    180.096,
                    286.956
                ],
                [
                    168,
                    270
                ],
                [
                    154.944,
                    249.048
                ],
                [
                    143.04,
                    223.01999999999998
                ],
                [
                    142.07999999999998,
                    216.972
                ],
                [
                    128.064,
                    192.996
                ],
                [
                    123.072,
                    176.04000000000002
                ],
                [
                    115.968,
                    162.972
                ],
                [
                    111.93599999999999,
                    151.956
                ],
                [
                    110.01599999999999,
                    149.04000000000002
                ],
                [
                    105.984,
                    131.00400000000002
                ],
                [
                    101.952,
                    101.952
                ],
                [
                    97.91999999999999,
                    91.044
                ],
                [
                    96,
                    72.036
                ],
                [
                    94.08,
                    66.96
                ],
                [
                    89.088,
                    58.968
                ],
                [
                    86.976,
                    50.004
                ],
                [
                    86.976,
                    45.036
                ],
                [
                    89.088,
                    34.02
                ],
                [
                    99.072,
                    11.988000000000001
                ],
                [
                    105.024,
                    4.968
                ],
                [
                    106.944,
                    0
                ],
                [
                    339.072,
                    0
                ],
                [
                    340.992,
                    2.052
                ],
                [
                    344.064,
                    3.024
                ],
                [
                    344.064,
                    3.996
                ],
                [
                    350.976,
                    10.043999999999999
                ],
                [
                    356.928,
                    18.035999999999998
                ],
                [
                    363.072,
                    29.052
                ],
                [
                    364.99199999999996,
                    41.04
                ],
                [
                    364.99199999999996,
                    57.995999999999995
                ],
                [
                    364.032,
                    72.036
                ],
                [
                    360,
                    95.03999999999999
                ],
                [
                    358.08,
                    100.008
                ],
                [
                    356.928,
                    115.99199999999999
                ],
                [
                    354.048,
                    130.03199999999998
                ],
                [
                    354.048,
                    137.05200000000002
                ],
                [
                    350.976,
                    143.964
                ],
                [
                    350.01599999999996,
                    150.012
                ],
                [
                    349.056,
                    169.02
                ],
                [
                    346.944,
                    184.03199999999998
                ],
                [
                    344.064,
                    197.964
                ],
                [
                    339.072,
                    209.952
                ],
                [
                    336,
                    215.028
                ],
                [
                    334.08,
                    223.992
                ],
                [
                    326.016,
                    236.95200000000003
                ],
                [
                    316.032,
                    247.968
                ],
                [
                    269.952,
                    290.952
                ],
                [
                    267.072,
                    293.00399999999996
                ],
                [
                    264,
                    293.976
                ],
                [
                    262.08000000000004,
                    296.028
                ],
                [
                    250.94400000000002,
                    300.024
                ],
                [
                    246.91199999999998,
                    300.024
                ],
                [
                    243.07199999999997,
                    300.996
                ],
                [
                    240,
                    303.048
                ],
                [
                    230.976,
                    304.99199999999996
                ],
                [
                    227.904,
                    304.99199999999996
                ],
                [
                    220.992,
                    303.048
                ],
                [
                    209.088,
                    304.99199999999996
                ],
                [
                    196.03199999999998,
                    305.964
                ]
            ]
        }
    ]
}