{
    "IMAGE_INFO": {
        "FILE_NAME": "1005406@0_02001_220907_P1_T3__3503.jpg",
        "DATE": "2022-10-27 20:38:00",
        "RESOLUTION": "1920 x 1080",
        "IMAGE_PHOTOGRAPHER": "이지은",
        "FOCUS_DISTANCE": "5.6",
        "EXPOSURE_TIME": "1/400",
        "SENSITIVITY_ISO": "4000",
        "PLACE": "용인시재활용센터",
        "REGION_NAME": null,
        "Direction": "0",
        "HEIGHT": "100",
        "DAY/NIGHT": "주간",
        "WEATHER": "맑음",
        "IMAGE_HEIGHT": 1080,
        "IMAGE_WIDTH": 1920,
        "IMAGE_SIZE": "592.6 KB"
    },
    "ANNOTATION_INFO": [
        {
            "ID": "1",
            "CLASS": "종이",
            "DETAILS": "종이",
            "DAMAGE": "완전압착",
            "DIRTINESS": "이물질(외부)",
            "COVER": "없음",
            "TRANSPARENCY": "불투명",
            "SHAPE": "종이컵형",
            "SHAPE_TYPE": "POLYGON",
            "POINTS": [
                [
                    13.056,
                    273.024
                ],
                [
                    4.032,
                    270.97200000000004
                ],
                [
                    0,
                    272.052
                ],
                [
                    0,
                    134.028
                ],
                [
                    0.96,
                    134.028
                ],
                [
                    4.032,
                    135
                ],
                [
                    4.992,
                    135
                ],
                [
                    8.064,
                    137.05200000000002
                ],
                [
                    12.096,
                    137.05200000000002
                ],
                [
                    14.016,
                    135.972
                ],
                [
                    20.928,
                    135
                ],
                [
                    42.048,
                    135
                ],
                [
                    47.04,
                    132.948
                ],
                [
                    52.992,
                    132.948
                ],
                [
                    56.064,
                    131.00400000000002
                ],
                [
                    61.056000000000004,
                    131.00400000000002
                ],
                [
                    62.976000000000006,
                    128.952
                ],
                [
                    67.968,
                    128.952
                ],
                [
                    71.03999999999999,
                    127.97999999999999
                ],
                [
                    76.03200000000001,
                    127.008
                ],
                [
                    81.024,
                    127.97999999999999
                ],
                [
                    83.90400000000001,
                    127.97999999999999
                ],
                [
                    85.056,
                    128.952
                ],
                [
                    91.008,
                    131.976
                ],
                [
                    96.96000000000001,
                    137.05200000000002
                ],
                [
                    100.032,
                    139.968
                ],
                [
                    100.032,
                    141.048
                ],
                [
                    101.952,
                    143.964
                ],
                [
                    102.912,
                    146.988
                ],
                [
                    104.064,
                    149.04000000000002
                ],
                [
                    105.024,
                    154.98
                ],
                [
                    106.944,
                    158.976
                ],
                [
                    109.05600000000001,
                    162
                ],
                [
                    109.05600000000001,
                    164.05200000000002
                ],
                [
                    110.976,
                    168.04799999999997
                ],
                [
                    113.08800000000001,
                    174.96
                ],
                [
                    113.08800000000001,
                    185.976
                ],
                [
                    111.93599999999999,
                    189.972
                ],
                [
                    111.93599999999999,
                    192.996
                ],
                [
                    109.05600000000001,
                    197.964
                ],
                [
                    106.944,
                    203.04
                ],
                [
                    105.024,
                    204.012
                ],
                [
                    102.912,
                    207.036
                ],
                [
                    97.91999999999999,
                    211.03199999999998
                ],
                [
                    90.048,
                    218.052
                ],
                [
                    87.936,
                    219.024
                ],
                [
                    83.90400000000001,
                    222.048
                ],
                [
                    82.944,
                    223.01999999999998
                ],
                [
                    82.944,
                    223.992
                ],
                [
                    81.98400000000001,
                    226.044
                ],
                [
                    81.98400000000001,
                    231.98399999999998
                ],
                [
                    81.024,
                    234.036
                ],
                [
                    81.024,
                    235.98
                ],
                [
                    77.952,
                    239.004
                ],
                [
                    68.928,
                    246.024
                ],
                [
                    61.056000000000004,
                    250.992
                ],
                [
                    53.952,
                    255.95999999999998
                ],
                [
                    48.959999999999994,
                    259.956
                ],
                [
                    34.944,
                    270
                ],
                [
                    28.992,
                    273.024
                ],
                [
                    13.056,
                    273.024
                ]
            ]
        },
        {
            "ID": "2",
            "CLASS": "종이",
            "DETAILS": "종이",
            "DAMAGE": "손상",
            "DIRTINESS": "이물질(외부)",
            "COVER": "없음",
            "TRANSPARENCY": "불투명",
            "SHAPE": "종이컵형",
            "SHAPE_TYPE": "POLYGON",
            "POINTS": [
                [
                    292.03200000000004,
                    879.012
                ],
                [
                    274.94399999999996,
                    871.992
                ],
                [
                    270.91200000000003,
                    868.968
                ],
                [
                    268.992,
                    868.968
                ],
                [
                    259.96799999999996,
                    864
                ],
                [
                    252.096,
                    856.98
                ],
                [
                    244.03199999999998,
                    853.9559999999999
                ],
                [
                    226.944,
                    844.02
                ],
                [
                    220.992,
                    837.972
                ],
                [
                    215.04,
                    834.948
                ],
                [
                    203.904,
                    826.956
                ],
                [
                    187.008,
                    813.024
                ],
                [
                    180.096,
                    809.028
                ],
                [
                    172.992,
                    802.98
                ],
                [
                    164.928,
                    798.984
                ],
                [
                    144.96,
                    780.948
                ],
                [
                    121.92,
                    763.02
                ],
                [
                    91.008,
                    735.048
                ],
                [
                    89.088,
                    729
                ],
                [
                    91.008,
                    724.032
                ],
                [
                    95.04,
                    720.036
                ],
                [
                    101.952,
                    716.0400000000001
                ],
                [
                    120,
                    699.948
                ],
                [
                    133.056,
                    691.956
                ],
                [
                    134.016,
                    690.0120000000001
                ],
                [
                    158.016,
                    670.0319999999999
                ],
                [
                    171.072,
                    662.04
                ],
                [
                    192.96,
                    644.004
                ],
                [
                    212.928,
                    632.9879999999999
                ],
                [
                    230.976,
                    620.028
                ],
                [
                    249.02400000000003,
                    605.0160000000001
                ],
                [
                    275.904,
                    587.952
                ],
                [
                    283.008,
                    581.0400000000001
                ],
                [
                    288.96,
                    577.044
                ],
                [
                    292.03200000000004,
                    575.9639999999999
                ],
                [
                    299.904,
                    575.9639999999999
                ],
                [
                    316.032,
                    566.028
                ],
                [
                    321.024,
                    566.028
                ],
                [
                    326.976,
                    567.972
                ],
                [
                    355.00800000000004,
                    585.036
                ],
                [
                    403.968,
                    627.048
                ],
                [
                    406.08,
                    632.0160000000001
                ],
                [
                    408,
                    633.9599999999999
                ],
                [
                    409.92,
                    633.9599999999999
                ],
                [
                    414.912,
                    639.0360000000001
                ],
                [
                    416.064,
                    643.032
                ],
                [
                    412.992,
                    647.028
                ],
                [
                    412.992,
                    651.024
                ],
                [
                    409.92,
                    656.9639999999999
                ],
                [
                    409.92,
                    666.0360000000001
                ],
                [
                    403.968,
                    682.992
                ],
                [
                    384.96000000000004,
                    709.992
                ],
                [
                    375.936,
                    732.024
                ],
                [
                    350.976,
                    774.0360000000001
                ],
                [
                    311.04,
                    848.016
                ],
                [
                    306.048,
                    857.952
                ],
                [
                    302.976,
                    871.992
                ],
                [
                    297.98400000000004,
                    878.04
                ],
                [
                    292.03200000000004,
                    879.012
                ]
            ]
        }
    ]
}