{
    "IMAGE_INFO": {
        "FILE_NAME": "1006407@0_02001_220907_P1_T3__3019.jpg",
        "DATE": "2022-10-31 11:50:30",
        "RESOLUTION": "1920 x 1080",
        "IMAGE_PHOTOGRAPHER": "이경주",
        "FOCUS_DISTANCE": "5.6",
        "EXPOSURE_TIME": "1/400",
        "SENSITIVITY_ISO": "4000",
        "PLACE": "용인시재활용센터",
        "REGION_NAME": null,
        "Direction": "0",
        "HEIGHT": "100",
        "DAY/NIGHT": "주간",
        "WEATHER": "맑음",
        "IMAGE_HEIGHT": 1080,
        "IMAGE_WIDTH": 1920,
        "IMAGE_SIZE": "613.4 KB"
    },
    "ANNOTATION_INFO": [
        {
            "ID": "1",
            "CLASS": "종이",
            "DETAILS": "종이",
            "DAMAGE": "손상",
            "DIRTINESS": "오염없음",
            "COVER": "없음",
            "TRANSPARENCY": "불투명",
            "SHAPE": "낱장형",
            "SHAPE_TYPE": "POLYGON",
            "POINTS": [
                [
                    830.976,
                    1068.012
                ],
                [
                    822.9119999999999,
                    1064.0159999999998
                ],
                [
                    822.9119999999999,
                    1059.048
                ],
                [
                    815.04,
                    1044.036
                ],
                [
                    810.048,
                    1038.96
                ],
                [
                    806.016,
                    1038.96
                ],
                [
                    802.9440000000001,
                    1037.016
                ],
                [
                    800.0640000000001,
                    1001.0519999999999
                ],
                [
                    796.032,
                    991.0079999999999
                ],
                [
                    795.072,
                    961.956
                ],
                [
                    787.968,
                    938.952
                ],
                [
                    777.984,
                    918.972
                ],
                [
                    754.944,
                    894.024
                ],
                [
                    749.952,
                    893.052
                ],
                [
                    747.072,
                    886.032
                ],
                [
                    748.032,
                    848.016
                ],
                [
                    738.048,
                    821.016
                ],
                [
                    739.9680000000001,
                    806.976
                ],
                [
                    737.0880000000001,
                    798.0120000000001
                ],
                [
                    737.0880000000001,
                    767.9879999999999
                ],
                [
                    728.064,
                    710.9639999999999
                ],
                [
                    721.92,
                    633.9599999999999
                ],
                [
                    715.008,
                    604.044
                ],
                [
                    715.008,
                    587.952
                ],
                [
                    706.9440000000001,
                    539.028
                ],
                [
                    700.0319999999999,
                    517.9680000000001
                ],
                [
                    697.92,
                    474.98400000000004
                ],
                [
                    700.0319999999999,
                    456.948
                ],
                [
                    708.096,
                    444.96
                ],
                [
                    737.0880000000001,
                    444.96
                ],
                [
                    748.032,
                    447.984
                ],
                [
                    761.088,
                    447.984
                ],
                [
                    776.064,
                    450.036
                ],
                [
                    791.04,
                    455.004
                ],
                [
                    817.92,
                    456.948
                ],
                [
                    835.008,
                    454.032
                ],
                [
                    848.064,
                    456.948
                ],
                [
                    859.9680000000001,
                    456.948
                ],
                [
                    864.96,
                    455.004
                ],
                [
                    870.912,
                    447.984
                ],
                [
                    879.9359999999999,
                    447.984
                ],
                [
                    893.952,
                    451.97999999999996
                ],
                [
                    902.976,
                    456.948
                ],
                [
                    907.968,
                    456.948
                ],
                [
                    916.032,
                    462.99600000000004
                ],
                [
                    924.096,
                    463.96799999999996
                ],
                [
                    931.008,
                    470.01599999999996
                ],
                [
                    939.072,
                    471.96
                ],
                [
                    949.056,
                    471.96
                ],
                [
                    964.0319999999999,
                    470.01599999999996
                ],
                [
                    988.992,
                    477.036
                ],
                [
                    998.976,
                    477.036
                ],
                [
                    1013.952,
                    479.952
                ],
                [
                    1031.04,
                    488.052
                ],
                [
                    1041.984,
                    489.024
                ],
                [
                    1054.0800000000002,
                    493.02000000000004
                ],
                [
                    1065.9840000000002,
                    497.988
                ],
                [
                    1074.048,
                    506.952
                ],
                [
                    1075.968,
                    513.972
                ],
                [
                    1075.968,
                    539.028
                ],
                [
                    1070.9759999999999,
                    559.0079999999999
                ],
                [
                    1071.9360000000001,
                    604.044
                ],
                [
                    1066.944,
                    743.04
                ],
                [
                    1069.056,
                    856.98
                ],
                [
                    1066.944,
                    859.032
                ],
                [
                    1065.9840000000002,
                    925.0200000000001
                ],
                [
                    1043.904,
                    964.0079999999999
                ],
                [
                    1033.92,
                    972.972
                ],
                [
                    1018.944,
                    982.044
                ],
                [
                    1012.992,
                    992.952
                ],
                [
                    1006.08,
                    999.972
                ],
                [
                    998.976,
                    999.972
                ],
                [
                    980.928,
                    988.9559999999999
                ],
                [
                    965.952,
                    987.0120000000001
                ],
                [
                    950.976,
                    979.992
                ],
                [
                    944.0640000000001,
                    979.992
                ],
                [
                    922.9440000000001,
                    971.028
                ],
                [
                    906.048,
                    965.952
                ],
                [
                    891.072,
                    964.0079999999999
                ],
                [
                    883.0079999999999,
                    971.028
                ],
                [
                    878.016,
                    983.988
                ],
                [
                    865.9200000000001,
                    1001.0519999999999
                ],
                [
                    864.96,
                    1010.0160000000001
                ],
                [
                    855.9359999999999,
                    1022.976
                ],
                [
                    854.976,
                    1033.992
                ],
                [
                    850.944,
                    1037.016
                ],
                [
                    849.9839999999999,
                    1044.036
                ],
                [
                    843.072,
                    1050.9479999999999
                ],
                [
                    838.08,
                    1064.0159999999998
                ],
                [
                    830.976,
                    1068.012
                ]
            ]
        },
        {
            "ID": "2",
            "CLASS": "종이",
            "DETAILS": "종이",
            "DAMAGE": "완전압착",
            "DIRTINESS": "이물질(외부)",
            "COVER": "없음",
            "TRANSPARENCY": "불투명",
            "SHAPE": "종이컵형",
            "SHAPE_TYPE": "POLYGON",
            "POINTS": [
                [
                    82.944,
                    270.97200000000004
                ],
                [
                    62.976000000000006,
                    269.02799999999996
                ],
                [
                    47.04,
                    266.00399999999996
                ],
                [
                    39.936,
                    262.98
                ],
                [
                    33.984,
                    258.012
                ],
                [
                    29.951999999999998,
                    251.964
                ],
                [
                    0.96,
                    222.048
                ],
                [
                    0,
                    196.01999999999998
                ],
                [
                    4.992,
                    192.996
                ],
                [
                    4.992,
                    191.052
                ],
                [
                    14.975999999999999,
                    177.984
                ],
                [
                    14.016,
                    173.01600000000002
                ],
                [
                    8.064,
                    164.05200000000002
                ],
                [
                    8.064,
                    155.952
                ],
                [
                    19.968,
                    132.948
                ],
                [
                    22.08,
                    131.00400000000002
                ],
                [
                    24,
                    131.00400000000002
                ],
                [
                    32.064,
                    134.028
                ],
                [
                    35.904,
                    134.028
                ],
                [
                    39.936,
                    131.00400000000002
                ],
                [
                    43.008,
                    118.044
                ],
                [
                    48.959999999999994,
                    111.024
                ],
                [
                    48,
                    108.97200000000001
                ],
                [
                    41.088,
                    111.024
                ],
                [
                    39.936,
                    104.976
                ],
                [
                    43.968,
                    104.00399999999999
                ],
                [
                    48,
                    108
                ],
                [
                    52.992,
                    101.952
                ],
                [
                    57.024,
                    87.048
                ],
                [
                    70.08,
                    77.976
                ],
                [
                    77.952,
                    68.04
                ],
                [
                    86.976,
                    49.032000000000004
                ],
                [
                    89.088,
                    47.952000000000005
                ],
                [
                    95.04,
                    47.952000000000005
                ],
                [
                    102.912,
                    49.032000000000004
                ],
                [
                    114.048,
                    56.052
                ],
                [
                    125.95200000000001,
                    68.04
                ],
                [
                    137.08800000000002,
                    81.972
                ],
                [
                    139.96800000000002,
                    96.012
                ],
                [
                    142.07999999999998,
                    130.03199999999998
                ],
                [
                    145.92,
                    134.028
                ],
                [
                    148.99200000000002,
                    134.028
                ],
                [
                    158.976,
                    142.992
                ],
                [
                    169.92,
                    176.04000000000002
                ],
                [
                    169.92,
                    188.028
                ],
                [
                    167.04,
                    199.04399999999998
                ],
                [
                    158.976,
                    211.03199999999998
                ],
                [
                    143.04,
                    223.01999999999998
                ],
                [
                    139.008,
                    238.032
                ],
                [
                    106.944,
                    261.036
                ],
                [
                    91.008,
                    270
                ],
                [
                    82.944,
                    270.97200000000004
                ]
            ]
        },
        {
            "ID": "3",
            "CLASS": "종이",
            "DETAILS": "종이",
            "DAMAGE": "손상",
            "DIRTINESS": "이물질(외부)",
            "COVER": "없음",
            "TRANSPARENCY": "불투명",
            "SHAPE": "낱장형",
            "SHAPE_TYPE": "POLYGON",
            "POINTS": [
                [
                    355.968,
                    795.96
                ],
                [
                    355.00800000000004,
                    783
                ],
                [
                    350.01599999999996,
                    778.032
                ],
                [
                    349.056,
                    766.0440000000001
                ],
                [
                    344.064,
                    759.996
                ],
                [
                    332.928,
                    753.9480000000001
                ],
                [
                    326.016,
                    748.008
                ],
                [
                    321.024,
                    747.036
                ],
                [
                    307.008,
                    736.992
                ],
                [
                    297.98400000000004,
                    732.996
                ],
                [
                    292.03200000000004,
                    728.028
                ],
                [
                    286.08,
                    725.976
                ],
                [
                    262.08000000000004,
                    709.02
                ],
                [
                    259.008,
                    702
                ],
                [
                    259.008,
                    698.004
                ],
                [
                    264,
                    690.984
                ],
                [
                    269.952,
                    671.976
                ],
                [
                    286.08,
                    650.052
                ],
                [
                    287.03999999999996,
                    636.012
                ],
                [
                    293.952,
                    624.996
                ],
                [
                    292.992,
                    617.004
                ],
                [
                    287.03999999999996,
                    609.9839999999999
                ],
                [
                    287.03999999999996,
                    605.988
                ],
                [
                    282.048,
                    597.024
                ],
                [
                    291.072,
                    583.9559999999999
                ],
                [
                    293.952,
                    558.0360000000001
                ],
                [
                    302.01599999999996,
                    551.9879999999999
                ],
                [
                    320.06399999999996,
                    551.9879999999999
                ],
                [
                    345.984,
                    548.9639999999999
                ],
                [
                    355.968,
                    548.9639999999999
                ],
                [
                    360.96,
                    551.9879999999999
                ],
                [
                    363.072,
                    558.0360000000001
                ],
                [
                    373.056,
                    569.052
                ],
                [
                    366.912,
                    582.0120000000001
                ],
                [
                    363.072,
                    586.0079999999999
                ],
                [
                    363.072,
                    591.948
                ],
                [
                    368.064,
                    590.976
                ],
                [
                    369.98400000000004,
                    586.98
                ],
                [
                    373.056,
                    586.0079999999999
                ],
                [
                    380.928,
                    586.98
                ],
                [
                    389.952,
                    590.004
                ],
                [
                    403.008,
                    609.012
                ],
                [
                    408,
                    608.04
                ],
                [
                    414.912,
                    604.044
                ],
                [
                    417.024,
                    597.024
                ],
                [
                    420.096,
                    596.0519999999999
                ],
                [
                    456.96,
                    597.024
                ],
                [
                    470.976,
                    594.972
                ],
                [
                    484.99199999999996,
                    596.0519999999999
                ],
                [
                    502.08000000000004,
                    609.9839999999999
                ],
                [
                    505.92,
                    617.976
                ],
                [
                    485.952,
                    652.9680000000001
                ],
                [
                    483.072,
                    671.976
                ],
                [
                    474.048,
                    694.9799999999999
                ],
                [
                    466.944,
                    697.0319999999999
                ],
                [
                    465.024,
                    698.976
                ],
                [
                    456.96,
                    699.948
                ],
                [
                    454.08,
                    702.972
                ],
                [
                    445.05600000000004,
                    705.024
                ],
                [
                    442.94399999999996,
                    713.988
                ],
                [
                    431.04,
                    725.976
                ],
                [
                    422.01599999999996,
                    731.0519999999999
                ],
                [
                    413.952,
                    739.044
                ],
                [
                    398.016,
                    751.032
                ],
                [
                    393.024,
                    756.972
                ],
                [
                    389.952,
                    768.9599999999999
                ],
                [
                    384,
                    778.032
                ],
                [
                    373.056,
                    783
                ],
                [
                    369.98400000000004,
                    782.028
                ],
                [
                    364.032,
                    775.98
                ],
                [
                    361.92,
                    775.98
                ],
                [
                    356.928,
                    782.028
                ],
                [
                    356.928,
                    787.9680000000001
                ],
                [
                    360,
                    790.0200000000001
                ],
                [
                    360,
                    794.9879999999999
                ],
                [
                    355.968,
                    795.96
                ]
            ]
        }
    ]
}