{
    "IMAGE_INFO": {
        "FILE_NAME": "1006415@0_02001_220907_P1_T3__3022.jpg",
        "DATE": "2022-10-31 11:50:30",
        "RESOLUTION": "1920 x 1080",
        "IMAGE_PHOTOGRAPHER": "이경주",
        "FOCUS_DISTANCE": "5.6",
        "EXPOSURE_TIME": "1/400",
        "SENSITIVITY_ISO": "4000",
        "PLACE": "용인시재활용센터",
        "REGION_NAME": null,
        "Direction": "0",
        "HEIGHT": "100",
        "DAY/NIGHT": "주간",
        "WEATHER": "맑음",
        "IMAGE_HEIGHT": 1080,
        "IMAGE_WIDTH": 1920,
        "IMAGE_SIZE": "634.2 KB"
    },
    "ANNOTATION_INFO": [
        {
            "ID": "1",
            "CLASS": "종이",
            "DETAILS": "종이",
            "DAMAGE": "완전압착",
            "DIRTINESS": "이물질(외부)",
            "COVER": "겹침",
            "TRANSPARENCY": "불투명",
            "SHAPE": "박스형",
            "SHAPE_TYPE": "POLYGON",
            "POINTS": [
                [
                    1095.936,
                    1080
                ],
                [
                    1080,
                    1073.952
                ],
                [
                    1065.9840000000002,
                    1071.036
                ],
                [
                    1064.064,
                    1068.012
                ],
                [
                    1052.9279999999999,
                    1065.96
                ],
                [
                    1046.976,
                    1060.992
                ],
                [
                    1036.992,
                    1060.02
                ],
                [
                    1019.904,
                    1046.952
                ],
                [
                    1008,
                    1045.98
                ],
                [
                    1003.9680000000001,
                    1041.012
                ],
                [
                    998.0160000000001,
                    1037.988
                ],
                [
                    988.992,
                    1037.016
                ],
                [
                    980.928,
                    1032.048
                ],
                [
                    980.928,
                    1029.996
                ],
                [
                    977.0880000000001,
                    1026.972
                ],
                [
                    974.9760000000001,
                    1026.972
                ],
                [
                    970.9440000000001,
                    1023.9480000000001
                ],
                [
                    966.912,
                    1018.98
                ],
                [
                    936,
                    999
                ],
                [
                    918.912,
                    992.952
                ],
                [
                    912.9599999999999,
                    992.952
                ],
                [
                    911.04,
                    991.0079999999999
                ],
                [
                    907.0079999999999,
                    991.0079999999999
                ],
                [
                    905.088,
                    992.952
                ],
                [
                    901.056,
                    992.952
                ],
                [
                    889.9200000000001,
                    983.988
                ],
                [
                    879.9359999999999,
                    969.948
                ],
                [
                    878.016,
                    964.0079999999999
                ],
                [
                    872.064,
                    959.04
                ],
                [
                    869.952,
                    951.048
                ],
                [
                    863.04,
                    945
                ],
                [
                    863.04,
                    941.976
                ],
                [
                    854.976,
                    933.984
                ],
                [
                    844.992,
                    914.976
                ],
                [
                    839.04,
                    909.0360000000001
                ],
                [
                    839.04,
                    902.9879999999999
                ],
                [
                    831.936,
                    891.972
                ],
                [
                    830.0160000000001,
                    880.956
                ],
                [
                    825.984,
                    872.964
                ],
                [
                    817.92,
                    866.0519999999999
                ],
                [
                    810.048,
                    855.036
                ],
                [
                    806.016,
                    844.992
                ],
                [
                    800.0640000000001,
                    839.052
                ],
                [
                    795.072,
                    826.956
                ],
                [
                    785.088,
                    810.972
                ],
                [
                    763.968,
                    785.052
                ],
                [
                    755.904,
                    768.9599999999999
                ],
                [
                    755.904,
                    763.02
                ],
                [
                    762.048,
                    755.028
                ],
                [
                    781.056,
                    737.964
                ],
                [
                    810.048,
                    713.016
                ],
                [
                    840.96,
                    690.0120000000001
                ],
                [
                    896.064,
                    650.052
                ],
                [
                    908.928,
                    644.976
                ],
                [
                    921.024,
                    636.012
                ],
                [
                    955.9680000000001,
                    608.04
                ],
                [
                    969.0240000000001,
                    594.972
                ],
                [
                    999.936,
                    574.02
                ],
                [
                    1016.064,
                    558.0360000000001
                ],
                [
                    1046.976,
                    535.032
                ],
                [
                    1049.088,
                    528.984
                ],
                [
                    1056.96,
                    524.0160000000001
                ],
                [
                    1065.9840000000002,
                    532.98
                ],
                [
                    1068.096,
                    540
                ],
                [
                    1081.92,
                    552.96
                ],
                [
                    1088.0639999999999,
                    560.952
                ],
                [
                    1198.08,
                    724.032
                ],
                [
                    1218.048,
                    748.98
                ],
                [
                    1243.008,
                    785.052
                ],
                [
                    1248.96,
                    798.984
                ],
                [
                    1266.048,
                    818.9639999999999
                ],
                [
                    1281.984,
                    841.968
                ],
                [
                    1287.936,
                    852.0120000000001
                ],
                [
                    1287.936,
                    855.036
                ],
                [
                    1305.024,
                    875.0160000000001
                ],
                [
                    1310.9759999999999,
                    887.004
                ],
                [
                    1339.9679999999998,
                    925.9920000000001
                ],
                [
                    1345.9199999999998,
                    949.9680000000001
                ],
                [
                    1356.096,
                    960.0120000000001
                ],
                [
                    1406.0159999999998,
                    1037.016
                ],
                [
                    1407.936,
                    1041.012
                ],
                [
                    1407.936,
                    1049.9759999999999
                ],
                [
                    1406.0159999999998,
                    1053.972
                ],
                [
                    1393.92,
                    1063.0439999999999
                ],
                [
                    1377.024,
                    1072.008
                ],
                [
                    1371.072,
                    1080
                ],
                [
                    1186.944,
                    1080
                ],
                [
                    1185.024,
                    1072.008
                ],
                [
                    1175.04,
                    1068.984
                ],
                [
                    1160.0639999999999,
                    1068.012
                ],
                [
                    1150.08,
                    1068.984
                ],
                [
                    1137.984,
                    1080
                ],
                [
                    1124.9279999999999,
                    1080
                ],
                [
                    1114.944,
                    1072.008
                ],
                [
                    1104.96,
                    1080
                ],
                [
                    1095.936,
                    1080
                ]
            ]
        },
        {
            "ID": "2",
            "CLASS": "종이",
            "DETAILS": "종이",
            "DAMAGE": "손상",
            "DIRTINESS": "오염없음",
            "COVER": "겹침",
            "TRANSPARENCY": "불투명",
            "SHAPE": "박스형",
            "SHAPE_TYPE": "POLYGON",
            "POINTS": [
                [
                    1208.0639999999999,
                    735.048
                ],
                [
                    1176,
                    693.0360000000001
                ],
                [
                    1146.048,
                    644.976
                ],
                [
                    1123.968,
                    614.952
                ],
                [
                    1104,
                    578.016
                ],
                [
                    1109.952,
                    578.016
                ],
                [
                    1131.072,
                    587.952
                ],
                [
                    1172.9279999999999,
                    587.952
                ],
                [
                    1185.9840000000002,
                    582.0120000000001
                ],
                [
                    1205.952,
                    563.976
                ],
                [
                    1224,
                    512.028
                ],
                [
                    1224,
                    463.96799999999996
                ],
                [
                    1218.048,
                    380.05199999999996
                ],
                [
                    1214.0159999999998,
                    371.952
                ],
                [
                    1190.016,
                    351
                ],
                [
                    1161.0240000000001,
                    320.004
                ],
                [
                    1167.936,
                    270
                ],
                [
                    1166.976,
                    209.952
                ],
                [
                    1203.0720000000001,
                    173.988
                ],
                [
                    1219.9679999999998,
                    180.03599999999997
                ],
                [
                    1236.096,
                    189
                ],
                [
                    1253.952,
                    189.972
                ],
                [
                    1270.08,
                    195.048
                ],
                [
                    1292.9279999999999,
                    196.01999999999998
                ],
                [
                    1314.048,
                    201.96
                ],
                [
                    1321.92,
                    201.96
                ],
                [
                    1334.976,
                    207.036
                ],
                [
                    1352.064,
                    204.012
                ],
                [
                    1368,
                    204.012
                ],
                [
                    1369.92,
                    212.004
                ],
                [
                    1362.048,
                    227.988
                ],
                [
                    1348.032,
                    239.976
                ],
                [
                    1344,
                    249.048
                ],
                [
                    1345.9199999999998,
                    305.964
                ],
                [
                    1344,
                    320.004
                ],
                [
                    1338.048,
                    355.968
                ],
                [
                    1314.048,
                    446.03999999999996
                ],
                [
                    1308.096,
                    496.044
                ],
                [
                    1300.0320000000002,
                    529.956
                ],
                [
                    1297.92,
                    562.0319999999999
                ],
                [
                    1286.976,
                    590.004
                ],
                [
                    1276.032,
                    594
                ],
                [
                    1272,
                    601.992
                ],
                [
                    1267.968,
                    637.956
                ],
                [
                    1257.984,
                    662.04
                ],
                [
                    1244.9279999999999,
                    667.98
                ],
                [
                    1238.016,
                    694.0079999999999
                ],
                [
                    1227.0720000000001,
                    717.0120000000001
                ],
                [
                    1215.936,
                    732.024
                ],
                [
                    1211.904,
                    735.048
                ],
                [
                    1208.0639999999999,
                    735.048
                ]
            ]
        }
    ]
}