{
    "IMAGE_INFO": {
        "FILE_NAME": "1006416@0_02001_220907_P1_T3__3021.jpg",
        "DATE": "2022-10-31 11:50:30",
        "RESOLUTION": "1920 x 1080",
        "IMAGE_PHOTOGRAPHER": "이경주",
        "FOCUS_DISTANCE": "5.6",
        "EXPOSURE_TIME": "1/400",
        "SENSITIVITY_ISO": "4000",
        "PLACE": "용인시재활용센터",
        "REGION_NAME": null,
        "Direction": "0",
        "HEIGHT": "100",
        "DAY/NIGHT": "주간",
        "WEATHER": "맑음",
        "IMAGE_HEIGHT": 1080,
        "IMAGE_WIDTH": 1920,
        "IMAGE_SIZE": "647.1 KB"
    },
    "ANNOTATION_INFO": [
        {
            "ID": "1",
            "CLASS": "종이",
            "DETAILS": "종이",
            "DAMAGE": "완전압착",
            "DIRTINESS": "이물질(외부)",
            "COVER": "없음",
            "TRANSPARENCY": "불투명",
            "SHAPE": "종이컵형",
            "SHAPE_TYPE": "POLYGON",
            "POINTS": [
                [
                    82.944,
                    272.052
                ],
                [
                    77.952,
                    270
                ],
                [
                    72,
                    270
                ],
                [
                    57.024,
                    266.976
                ],
                [
                    51.071999999999996,
                    266.976
                ],
                [
                    46.08,
                    266.00399999999996
                ],
                [
                    28.032,
                    251.964
                ],
                [
                    24,
                    250.02
                ],
                [
                    19.008000000000003,
                    250.02
                ],
                [
                    14.975999999999999,
                    247.968
                ],
                [
                    6.912,
                    238.032
                ],
                [
                    4.032,
                    231.98399999999998
                ],
                [
                    4.032,
                    227.988
                ],
                [
                    0,
                    222.048
                ],
                [
                    0,
                    159.948
                ],
                [
                    3.072,
                    159.948
                ],
                [
                    5.952,
                    158.00400000000002
                ],
                [
                    14.016,
                    146.988
                ],
                [
                    19.968,
                    135.972
                ],
                [
                    23.04,
                    132.948
                ],
                [
                    28.992,
                    132.948
                ],
                [
                    34.944,
                    135
                ],
                [
                    38.976,
                    135
                ],
                [
                    41.088,
                    134.028
                ],
                [
                    43.968,
                    127.97999999999999
                ],
                [
                    43.968,
                    120.96000000000001
                ],
                [
                    47.04,
                    115.99199999999999
                ],
                [
                    49.919999999999995,
                    114.048
                ],
                [
                    51.071999999999996,
                    110.052
                ],
                [
                    53.952,
                    107.02799999999999
                ],
                [
                    57.984,
                    95.03999999999999
                ],
                [
                    65.088,
                    88.02000000000001
                ],
                [
                    67.968,
                    81.972
                ],
                [
                    76.99199999999999,
                    73.008
                ],
                [
                    81.98400000000001,
                    65.01599999999999
                ],
                [
                    87.936,
                    50.004
                ],
                [
                    91.008,
                    49.032000000000004
                ],
                [
                    95.04,
                    49.032000000000004
                ],
                [
                    96,
                    50.004
                ],
                [
                    105.024,
                    50.004
                ],
                [
                    110.976,
                    53.028
                ],
                [
                    137.08800000000002,
                    80.028
                ],
                [
                    139.96800000000002,
                    85.968
                ],
                [
                    140.92800000000003,
                    92.01599999999999
                ],
                [
                    142.07999999999998,
                    130.03199999999998
                ],
                [
                    143.04,
                    131.976
                ],
                [
                    148.99200000000002,
                    135
                ],
                [
                    157.05599999999998,
                    141.048
                ],
                [
                    163.96800000000002,
                    150.984
                ],
                [
                    166.07999999999998,
                    159.948
                ],
                [
                    172.032,
                    172.04399999999998
                ],
                [
                    172.992,
                    191.052
                ],
                [
                    171.072,
                    196.99200000000002
                ],
                [
                    164.928,
                    207.036
                ],
                [
                    144.96,
                    223.992
                ],
                [
                    140.92800000000003,
                    238.032
                ],
                [
                    129.98399999999998,
                    246.99599999999998
                ],
                [
                    121.92,
                    250.992
                ],
                [
                    100.032,
                    266.976
                ],
                [
                    96,
                    267.948
                ],
                [
                    89.088,
                    272.052
                ],
                [
                    82.944,
                    272.052
                ]
            ]
        },
        {
            "ID": "2",
            "CLASS": "종이",
            "DETAILS": "종이",
            "DAMAGE": "손상",
            "DIRTINESS": "이물질(외부)",
            "COVER": "없음",
            "TRANSPARENCY": "불투명",
            "SHAPE": "낱장형",
            "SHAPE_TYPE": "POLYGON",
            "POINTS": [
                [
                    1281.0240000000001,
                    915.948
                ],
                [
                    1256.064,
                    909.0360000000001
                ],
                [
                    1247.04,
                    903.9599999999999
                ],
                [
                    1236.096,
                    902.0160000000001
                ],
                [
                    1224.96,
                    897.048
                ],
                [
                    1213.056,
                    894.996
                ],
                [
                    1198.08,
                    887.976
                ],
                [
                    1175.04,
                    880.956
                ],
                [
                    1161.0240000000001,
                    879.9839999999999
                ],
                [
                    1142.976,
                    868.968
                ],
                [
                    1123.008,
                    867.996
                ],
                [
                    1086.912,
                    852.0120000000001
                ],
                [
                    1065.9840000000002,
                    847.044
                ],
                [
                    1052.9279999999999,
                    840.024
                ],
                [
                    993.9840000000002,
                    822.96
                ],
                [
                    984.96,
                    821.016
                ],
                [
                    966.912,
                    821.016
                ],
                [
                    955.9680000000001,
                    817.992
                ],
                [
                    946.9440000000001,
                    813.024
                ],
                [
                    912.9599999999999,
                    806.0039999999999
                ],
                [
                    898.944,
                    801.0360000000001
                ],
                [
                    881.088,
                    803.952
                ],
                [
                    872.064,
                    797.04
                ],
                [
                    868.032,
                    789.048
                ],
                [
                    860.928,
                    783.972
                ],
                [
                    859.008,
                    776.952
                ],
                [
                    829.056,
                    739.044
                ],
                [
                    825.024,
                    724.032
                ],
                [
                    816,
                    705.996
                ],
                [
                    786.048,
                    667.008
                ],
                [
                    766.08,
                    628.9920000000001
                ],
                [
                    749.952,
                    609.012
                ],
                [
                    752.064,
                    593.028
                ],
                [
                    821.952,
                    528.0120000000001
                ],
                [
                    825.024,
                    523.044
                ],
                [
                    838.08,
                    510.94800000000004
                ],
                [
                    854.016,
                    501.012
                ],
                [
                    864.96,
                    489.024
                ],
                [
                    886.08,
                    473.04
                ],
                [
                    902.016,
                    465.048
                ],
                [
                    935.04,
                    436.968
                ],
                [
                    949.056,
                    423.036
                ],
                [
                    969.0240000000001,
                    408.024
                ],
                [
                    984.96,
                    390.96
                ],
                [
                    1021.056,
                    362.016
                ],
                [
                    1030.08,
                    353.052
                ],
                [
                    1035.0720000000001,
                    343.98
                ],
                [
                    1043.904,
                    343.008
                ],
                [
                    1060.0320000000002,
                    355.968
                ],
                [
                    1070.9759999999999,
                    370.00800000000004
                ],
                [
                    1081.92,
                    390.96
                ],
                [
                    1137.024,
                    465.048
                ],
                [
                    1138.944,
                    470.988
                ],
                [
                    1172.9279999999999,
                    520.992
                ],
                [
                    1184.064,
                    532.98
                ],
                [
                    1209.0240000000001,
                    570.996
                ],
                [
                    1224.96,
                    590.004
                ],
                [
                    1270.08,
                    656.9639999999999
                ],
                [
                    1300.992,
                    698.004
                ],
                [
                    1321.92,
                    729
                ],
                [
                    1329.0240000000001,
                    748.008
                ],
                [
                    1338.048,
                    756
                ],
                [
                    1356.096,
                    785.052
                ],
                [
                    1387.008,
                    840.024
                ],
                [
                    1387.008,
                    851.0400000000001
                ],
                [
                    1372.032,
                    864
                ],
                [
                    1296.96,
                    909.0360000000001
                ],
                [
                    1281.0240000000001,
                    915.948
                ]
            ]
        },
        {
            "ID": "3",
            "CLASS": "종이",
            "DETAILS": "종이",
            "DAMAGE": "손상",
            "DIRTINESS": "이물질(외부)",
            "COVER": "없음",
            "TRANSPARENCY": "불투명",
            "SHAPE": "낱장형",
            "SHAPE_TYPE": "POLYGON",
            "POINTS": [
                [
                    355.968,
                    1080
                ],
                [
                    351.936,
                    1073.952
                ],
                [
                    340.03200000000004,
                    1069.9560000000001
                ],
                [
                    336.96,
                    1067.04
                ],
                [
                    310.08,
                    1056.0240000000001
                ],
                [
                    306.048,
                    1053
                ],
                [
                    302.976,
                    1053
                ],
                [
                    292.03200000000004,
                    1045.98
                ],
                [
                    288,
                    1045.98
                ],
                [
                    275.904,
                    1040.04
                ],
                [
                    269.952,
                    1033.992
                ],
                [
                    269.952,
                    1023.9480000000001
                ],
                [
                    278.976,
                    1010.0160000000001
                ],
                [
                    279.93600000000004,
                    999.972
                ],
                [
                    287.03999999999996,
                    990.036
                ],
                [
                    292.992,
                    975.024
                ],
                [
                    297.024,
                    971.028
                ],
                [
                    297.98400000000004,
                    956.9879999999999
                ],
                [
                    306.048,
                    942.948
                ],
                [
                    306.048,
                    937.008
                ],
                [
                    298.944,
                    929.9879999999999
                ],
                [
                    297.98400000000004,
                    918.972
                ],
                [
                    293.952,
                    915.948
                ],
                [
                    293.952,
                    911.952
                ],
                [
                    302.976,
                    897.048
                ],
                [
                    302.976,
                    888.9480000000001
                ],
                [
                    306.048,
                    884.952
                ],
                [
                    306.048,
                    871.02
                ],
                [
                    312,
                    867.024
                ],
                [
                    315.072,
                    867.024
                ],
                [
                    320.06399999999996,
                    864
                ],
                [
                    366.912,
                    852.9839999999999
                ],
                [
                    369.98400000000004,
                    852.9839999999999
                ],
                [
                    373.056,
                    855.036
                ],
                [
                    374.976,
                    863.028
                ],
                [
                    379.008,
                    866.0519999999999
                ],
                [
                    384.96000000000004,
                    875.0160000000001
                ],
                [
                    392.06399999999996,
                    875.988
                ],
                [
                    401.088,
                    872.964
                ],
                [
                    404.928,
                    875.988
                ],
                [
                    409.92,
                    876.96
                ],
                [
                    416.064,
                    880.956
                ],
                [
                    417.024,
                    883.98
                ],
                [
                    422.01599999999996,
                    887.976
                ],
                [
                    422.976,
                    893.052
                ],
                [
                    427.96799999999996,
                    898.9920000000001
                ],
                [
                    436.032,
                    903.9599999999999
                ],
                [
                    442.94399999999996,
                    902.0160000000001
                ],
                [
                    450.048,
                    902.0160000000001
                ],
                [
                    451.968,
                    906.012
                ],
                [
                    460.03200000000004,
                    906.984
                ],
                [
                    464.064,
                    909.0360000000001
                ],
                [
                    469.056,
                    909.0360000000001
                ],
                [
                    476.928,
                    906.984
                ],
                [
                    493.0559999999999,
                    899.964
                ],
                [
                    498.04800000000006,
                    902.0160000000001
                ],
                [
                    499.00800000000004,
                    905.04
                ],
                [
                    509.952,
                    913.032
                ],
                [
                    518.976,
                    922.9680000000001
                ],
                [
                    514.944,
                    934.956
                ],
                [
                    504.96000000000004,
                    953.9639999999999
                ],
                [
                    495.9359999999999,
                    984.96
                ],
                [
                    490.94399999999996,
                    991.98
                ],
                [
                    489.02399999999994,
                    1005.048
                ],
                [
                    484.032,
                    1010.0160000000001
                ],
                [
                    473.088,
                    1009.044
                ],
                [
                    467.904,
                    1010.0160000000001
                ],
                [
                    456.96,
                    1015.956
                ],
                [
                    455.03999999999996,
                    1021.032
                ],
                [
                    449.08799999999997,
                    1026.972
                ],
                [
                    411.072,
                    1053.972
                ],
                [
                    404.928,
                    1064.988
                ],
                [
                    403.008,
                    1080
                ],
                [
                    355.968,
                    1080
                ]
            ]
        },
        {
            "ID": "4",
            "CLASS": "종이",
            "DETAILS": "종이",
            "DAMAGE": "손상",
            "DIRTINESS": "이물질(외부)",
            "COVER": "없음",
            "TRANSPARENCY": "불투명",
            "SHAPE": "낱장형",
            "SHAPE_TYPE": "POLYGON",
            "POINTS": [
                [
                    743.04,
                    1080
                ],
                [
                    743.04,
                    1073.952
                ],
                [
                    745.9200000000001,
                    1072.98
                ],
                [
                    748.992,
                    1064.988
                ],
                [
                    748.992,
                    1040.04
                ],
                [
                    743.04,
                    1018.008
                ],
                [
                    743.04,
                    991.0079999999999
                ],
                [
                    734.976,
                    947.052
                ],
                [
                    733.0559999999999,
                    875.988
                ],
                [
                    726.912,
                    840.996
                ],
                [
                    729.9839999999999,
                    829.9799999999999
                ],
                [
                    724.992,
                    798.0120000000001
                ],
                [
                    724.992,
                    786.024
                ],
                [
                    729.9839999999999,
                    780.948
                ],
                [
                    729.9839999999999,
                    775.98
                ],
                [
                    734.976,
                    774.0360000000001
                ],
                [
                    748.992,
                    774.0360000000001
                ],
                [
                    791.04,
                    782.028
                ],
                [
                    801.984,
                    786.996
                ],
                [
                    829.056,
                    793.044
                ],
                [
                    834.048,
                    795.96
                ],
                [
                    868.992,
                    802.008
                ],
                [
                    897.984,
                    799.956
                ],
                [
                    903.936,
                    803.952
                ],
                [
                    931.008,
                    810.972
                ],
                [
                    963.0720000000001,
                    824.04
                ],
                [
                    980.928,
                    821.9879999999999
                ],
                [
                    1004.928,
                    826.956
                ],
                [
                    1027.008,
                    836.028
                ],
                [
                    1035.0720000000001,
                    837
                ],
                [
                    1070.016,
                    848.988
                ],
                [
                    1088.0639999999999,
                    851.0400000000001
                ],
                [
                    1102.08,
                    855.036
                ],
                [
                    1126.08,
                    856.0079999999999
                ],
                [
                    1150.08,
                    864.972
                ],
                [
                    1155.0720000000001,
                    870.048
                ],
                [
                    1166.0159999999998,
                    875.0160000000001
                ],
                [
                    1203.0720000000001,
                    883.008
                ],
                [
                    1222.08,
                    888.9480000000001
                ],
                [
                    1228.032,
                    888.9480000000001
                ],
                [
                    1257.024,
                    899.964
                ],
                [
                    1313.088,
                    928.044
                ],
                [
                    1368.96,
                    944.028
                ],
                [
                    1403.904,
                    956.016
                ],
                [
                    1449.984,
                    968.004
                ],
                [
                    1458.048,
                    972
                ],
                [
                    1506.048,
                    979.992
                ],
                [
                    1513.92,
                    986.0400000000001
                ],
                [
                    1516.032,
                    995.004
                ],
                [
                    1507.968,
                    1014.012
                ],
                [
                    1506.048,
                    1034.964
                ],
                [
                    1497.984,
                    1049.9759999999999
                ],
                [
                    1494.9119999999998,
                    1064.988
                ],
                [
                    1489.92,
                    1072.98
                ],
                [
                    1489.92,
                    1080
                ],
                [
                    743.04,
                    1080
                ]
            ]
        }
    ]
}