{
    "IMAGE_INFO": {
        "FILE_NAME": "1007933@0_02001_220907_P1_T3__3013.jpg",
        "DATE": "2022-10-31 14:57:02",
        "RESOLUTION": "1920 x 1080",
        "IMAGE_PHOTOGRAPHER": "이경주",
        "FOCUS_DISTANCE": "5.6",
        "EXPOSURE_TIME": "1/400",
        "SENSITIVITY_ISO": "4000",
        "PLACE": "용인시재활용센터",
        "REGION_NAME": null,
        "Direction": "0",
        "HEIGHT": "100",
        "DAY/NIGHT": "주간",
        "WEATHER": "맑음",
        "IMAGE_HEIGHT": 1080,
        "IMAGE_WIDTH": 1920,
        "IMAGE_SIZE": "589.2 KB"
    },
    "ANNOTATION_INFO": [
        {
            "ID": "1",
            "CLASS": "종이",
            "DETAILS": "종이",
            "DAMAGE": "완전압착",
            "DIRTINESS": "이물질(외부)",
            "COVER": "겹침",
            "TRANSPARENCY": "불투명",
            "SHAPE": "박스형",
            "SHAPE_TYPE": "POLYGON",
            "POINTS": [
                [
                    1189.056,
                    759.024
                ],
                [
                    1184.064,
                    755.028
                ],
                [
                    1180.992,
                    755.028
                ],
                [
                    1153.92,
                    729
                ],
                [
                    1136.064,
                    717.9839999999999
                ],
                [
                    1127.04,
                    714.96
                ],
                [
                    1105.9199999999998,
                    716.0400000000001
                ],
                [
                    1104,
                    706.968
                ],
                [
                    1110.912,
                    698.004
                ],
                [
                    1110.912,
                    678.9960000000001
                ],
                [
                    1100.928,
                    667.98
                ],
                [
                    1076.9279999999999,
                    648
                ],
                [
                    1061.952,
                    628.9920000000001
                ],
                [
                    1046.976,
                    620.028
                ],
                [
                    1035.0720000000001,
                    609.9839999999999
                ],
                [
                    1028.928,
                    609.012
                ],
                [
                    1007.04,
                    597.996
                ],
                [
                    997.0559999999999,
                    597.996
                ],
                [
                    992.0640000000001,
                    596.0519999999999
                ],
                [
                    971.904,
                    578.988
                ],
                [
                    964.9920000000001,
                    578.016
                ],
                [
                    951.936,
                    563.976
                ],
                [
                    891.072,
                    439.99199999999996
                ],
                [
                    881.088,
                    412.02
                ],
                [
                    879.9359999999999,
                    401.004
                ],
                [
                    868.032,
                    370.00800000000004
                ],
                [
                    833.088,
                    300.024
                ],
                [
                    809.088,
                    263.952
                ],
                [
                    806.016,
                    238.032
                ],
                [
                    809.088,
                    235.00799999999998
                ],
                [
                    816,
                    232.95600000000002
                ],
                [
                    822.9119999999999,
                    227.988
                ],
                [
                    829.056,
                    227.016
                ],
                [
                    850.944,
                    213.948
                ],
                [
                    865.9200000000001,
                    212.976
                ],
                [
                    878.016,
                    207.036
                ],
                [
                    900.096,
                    193.96800000000002
                ],
                [
                    910.0799999999999,
                    185.976
                ],
                [
                    942.9119999999999,
                    170.964
                ],
                [
                    968.064,
                    154.008
                ],
                [
                    982.0799999999999,
                    146.988
                ],
                [
                    992.0640000000001,
                    146.988
                ],
                [
                    994.944,
                    150.012
                ],
                [
                    997.0559999999999,
                    157.032
                ],
                [
                    1022.016,
                    192.024
                ],
                [
                    1064.064,
                    272.052
                ],
                [
                    1069.056,
                    292.032
                ],
                [
                    1069.056,
                    308.016
                ],
                [
                    1065.024,
                    319.032
                ],
                [
                    1061.952,
                    351.97200000000004
                ],
                [
                    1061.952,
                    363.96000000000004
                ],
                [
                    1065.024,
                    370.00800000000004
                ],
                [
                    1080.9599999999998,
                    381.024
                ],
                [
                    1086.912,
                    382.968
                ],
                [
                    1086.912,
                    385.992
                ],
                [
                    1091.904,
                    389.016
                ],
                [
                    1094.0159999999998,
                    397.008
                ],
                [
                    1100.928,
                    400.032
                ],
                [
                    1112.064,
                    424.98
                ],
                [
                    1131.072,
                    450.036
                ],
                [
                    1132.032,
                    454.032
                ],
                [
                    1137.984,
                    459
                ],
                [
                    1138.944,
                    465.048
                ],
                [
                    1142.976,
                    466.992
                ],
                [
                    1153.92,
                    489.024
                ],
                [
                    1179.072,
                    524.9879999999999
                ],
                [
                    1185.9840000000002,
                    539.028
                ],
                [
                    1208.0639999999999,
                    570.024
                ],
                [
                    1219.9679999999998,
                    582.0120000000001
                ],
                [
                    1234.944,
                    606.96
                ],
                [
                    1259.904,
                    640.008
                ],
                [
                    1266.048,
                    659.016
                ],
                [
                    1280.0639999999999,
                    681.048
                ],
                [
                    1281.984,
                    687.96
                ],
                [
                    1281.984,
                    725.976
                ],
                [
                    1280.0639999999999,
                    729
                ],
                [
                    1246.08,
                    732.024
                ],
                [
                    1234.944,
                    736.992
                ],
                [
                    1219.9679999999998,
                    737.964
                ],
                [
                    1208.0639999999999,
                    748.008
                ]
            ]
        }
    ]
}