{
    "IMAGE_INFO": {
        "FILE_NAME": "1007943@0_02001_220907_P1_T3__3144.jpg",
        "DATE": "2022-10-31 14:57:10",
        "RESOLUTION": "1920 x 1080",
        "IMAGE_PHOTOGRAPHER": "이경주",
        "FOCUS_DISTANCE": "5.6",
        "EXPOSURE_TIME": "1/400",
        "SENSITIVITY_ISO": "4000",
        "PLACE": "용인시재활용센터",
        "REGION_NAME": null,
        "Direction": "0",
        "HEIGHT": "100",
        "DAY/NIGHT": "주간",
        "WEATHER": "맑음",
        "IMAGE_HEIGHT": 1080,
        "IMAGE_WIDTH": 1920,
        "IMAGE_SIZE": "590.0 KB"
    },
    "ANNOTATION_INFO": [
        {
            "ID": "1",
            "CLASS": "종이",
            "DETAILS": "종이",
            "DAMAGE": "완전압착",
            "DIRTINESS": "이물질(외부)",
            "COVER": "겹침",
            "TRANSPARENCY": "불투명",
            "SHAPE": "박스형",
            "SHAPE_TYPE": "POLYGON",
            "POINTS": [
                [
                    868.992,
                    905.04
                ],
                [
                    864.96,
                    898.02
                ],
                [
                    864.96,
                    875.0160000000001
                ],
                [
                    860.928,
                    851.0400000000001
                ],
                [
                    844.992,
                    813.9960000000001
                ],
                [
                    833.088,
                    794.9879999999999
                ],
                [
                    830.976,
                    778.032
                ],
                [
                    822.9119999999999,
                    752.976
                ],
                [
                    816.96,
                    744.012
                ],
                [
                    815.04,
                    731.0519999999999
                ],
                [
                    811.008,
                    725.976
                ],
                [
                    809.088,
                    713.016
                ],
                [
                    802.9440000000001,
                    702
                ],
                [
                    798.912,
                    686.9879999999999
                ],
                [
                    798.912,
                    666.0360000000001
                ],
                [
                    801.024,
                    660.96
                ],
                [
                    811.008,
                    655.0200000000001
                ],
                [
                    806.976,
                    652.9680000000001
                ],
                [
                    805.056,
                    640.008
                ],
                [
                    792.9599999999999,
                    627.048
                ],
                [
                    782.976,
                    609.9839999999999
                ],
                [
                    785.088,
                    586.98
                ],
                [
                    778.944,
                    582.0120000000001
                ],
                [
                    768.96,
                    581.0400000000001
                ],
                [
                    758.976,
                    583.9559999999999
                ],
                [
                    739.008,
                    583.9559999999999
                ],
                [
                    733.0559999999999,
                    587.952
                ],
                [
                    715.008,
                    589.032
                ],
                [
                    710.976,
                    586.98
                ],
                [
                    696.96,
                    566.028
                ],
                [
                    692.928,
                    551.9879999999999
                ],
                [
                    695.04,
                    543.9960000000001
                ],
                [
                    700.992,
                    537.948
                ],
                [
                    719.04,
                    529.956
                ],
                [
                    734.976,
                    524.9879999999999
                ],
                [
                    772.9920000000001,
                    505.00800000000004
                ],
                [
                    812.928,
                    489.996
                ],
                [
                    839.04,
                    478.98
                ],
                [
                    844.992,
                    474.98400000000004
                ],
                [
                    873.024,
                    463.96799999999996
                ],
                [
                    884.928,
                    462.99600000000004
                ],
                [
                    915.072,
                    485.028
                ],
                [
                    925.056,
                    489.024
                ],
                [
                    939.072,
                    490.968
                ],
                [
                    949.056,
                    496.044
                ],
                [
                    978.0479999999999,
                    497.988
                ],
                [
                    1012.032,
                    496.044
                ],
                [
                    1037.952,
                    489.996
                ],
                [
                    1057.92,
                    482.976
                ],
                [
                    1068.096,
                    475.95599999999996
                ],
                [
                    1088.0639999999999,
                    467.964
                ],
                [
                    1095.936,
                    462.99600000000004
                ],
                [
                    1099.9679999999998,
                    462.99600000000004
                ],
                [
                    1104,
                    458.02799999999996
                ],
                [
                    1116.096,
                    458.02799999999996
                ],
                [
                    1126.08,
                    462.99600000000004
                ],
                [
                    1133.952,
                    474.98400000000004
                ],
                [
                    1150.08,
                    506.952
                ],
                [
                    1153.92,
                    521.964
                ],
                [
                    1160.0639999999999,
                    529.956
                ],
                [
                    1160.0639999999999,
                    533.952
                ],
                [
                    1177.92,
                    569.052
                ],
                [
                    1190.016,
                    586.98
                ],
                [
                    1194.048,
                    598.968
                ],
                [
                    1201.92,
                    609.9839999999999
                ],
                [
                    1208.0639999999999,
                    624.996
                ],
                [
                    1224,
                    651.024
                ],
                [
                    1225.9199999999998,
                    659.9879999999999
                ],
                [
                    1239.9360000000001,
                    677.052
                ],
                [
                    1248,
                    697.0319999999999
                ],
                [
                    1249.92,
                    710.9639999999999
                ],
                [
                    1256.064,
                    724.032
                ],
                [
                    1259.904,
                    755.028
                ],
                [
                    1252.032,
                    762.048
                ],
                [
                    1246.08,
                    763.02
                ],
                [
                    1239.9360000000001,
                    767.0160000000001
                ],
                [
                    1229.952,
                    767.9879999999999
                ],
                [
                    1200,
                    780.948
                ],
                [
                    1176,
                    794.9879999999999
                ],
                [
                    1166.0159999999998,
                    797.04
                ],
                [
                    1153.92,
                    803.952
                ],
                [
                    1152,
                    806.976
                ],
                [
                    1140.096,
                    807.948
                ],
                [
                    1132.032,
                    813.024
                ],
                [
                    1123.968,
                    813.9960000000001
                ],
                [
                    1118.016,
                    817.992
                ],
                [
                    1109.952,
                    818.9639999999999
                ],
                [
                    1104,
                    824.04
                ],
                [
                    1095.936,
                    825.0120000000001
                ],
                [
                    1089.984,
                    829.0079999999999
                ],
                [
                    1081.92,
                    829.9799999999999
                ],
                [
                    1074.048,
                    834.948
                ],
                [
                    1064.064,
                    836.028
                ],
                [
                    1056,
                    840.024
                ],
                [
                    1046.0159999999998,
                    840.996
                ],
                [
                    1040.0639999999999,
                    845.9639999999999
                ],
                [
                    1032,
                    847.044
                ],
                [
                    1022.016,
                    852.9839999999999
                ],
                [
                    1016.064,
                    852.9839999999999
                ],
                [
                    1008,
                    856.98
                ],
                [
                    993.9840000000002,
                    857.952
                ],
                [
                    982.0799999999999,
                    864
                ],
                [
                    974.9760000000001,
                    864.972
                ],
                [
                    959.04,
                    871.992
                ],
                [
                    939.072,
                    876.96
                ],
                [
                    922.9440000000001,
                    883.98
                ],
                [
                    915.072,
                    890.028
                ],
                [
                    891.072,
                    898.02
                ],
                [
                    881.088,
                    903.9599999999999
                ],
                [
                    868.992,
                    905.04
                ]
            ]
        }
    ]
}