{
    "IMAGE_INFO": {
        "FILE_NAME": "1007932@0_02001_220907_P1_T3__2509.jpg",
        "DATE": "2022-10-31 14:56:38",
        "RESOLUTION": "1920 x 1080",
        "IMAGE_PHOTOGRAPHER": "이경주",
        "FOCUS_DISTANCE": "5.6",
        "EXPOSURE_TIME": "1/400",
        "SENSITIVITY_ISO": "4000",
        "PLACE": "용인시재활용센터",
        "REGION_NAME": null,
        "Direction": "0",
        "HEIGHT": "100",
        "DAY/NIGHT": "주간",
        "WEATHER": "맑음",
        "IMAGE_HEIGHT": 1080,
        "IMAGE_WIDTH": 1920,
        "IMAGE_SIZE": "571.7 KB"
    },
    "ANNOTATION_INFO": [
        {
            "ID": "1",
            "CLASS": "종이",
            "DETAILS": "종이",
            "DAMAGE": "완전압착",
            "DIRTINESS": "이물질(외부)",
            "COVER": "없음",
            "TRANSPARENCY": "불투명",
            "SHAPE": "종이컵형",
            "SHAPE_TYPE": "POLYGON",
            "POINTS": [
                [
                    19.968,
                    274.968
                ],
                [
                    14.016,
                    273.996
                ],
                [
                    9.024000000000001,
                    272.052
                ],
                [
                    0,
                    272.052
                ],
                [
                    0,
                    43.956
                ],
                [
                    0.96,
                    41.04
                ],
                [
                    4.992,
                    35.964000000000006
                ],
                [
                    8.064,
                    34.02
                ],
                [
                    9.984,
                    31.968
                ],
                [
                    12.096,
                    31.968
                ],
                [
                    15.936,
                    30.023999999999997
                ],
                [
                    41.088,
                    30.023999999999997
                ],
                [
                    51.071999999999996,
                    30.996
                ],
                [
                    66.048,
                    34.02
                ],
                [
                    72.96,
                    34.02
                ],
                [
                    76.03200000000001,
                    34.992
                ],
                [
                    77.952,
                    37.044
                ],
                [
                    77.952,
                    41.04
                ],
                [
                    78.91199999999999,
                    46.007999999999996
                ],
                [
                    78.91199999999999,
                    53.028
                ],
                [
                    80.06400000000001,
                    57.024
                ],
                [
                    82.944,
                    61.02
                ],
                [
                    83.90400000000001,
                    64.044
                ],
                [
                    83.90400000000001,
                    69.984
                ],
                [
                    85.056,
                    73.008
                ],
                [
                    85.056,
                    77.004
                ],
                [
                    86.976,
                    84.02399999999999
                ],
                [
                    96,
                    110.052
                ],
                [
                    96,
                    114.048
                ],
                [
                    96.96000000000001,
                    118.044
                ],
                [
                    104.064,
                    135.972
                ],
                [
                    104.064,
                    142.992
                ],
                [
                    106.944,
                    150.984
                ],
                [
                    111.93599999999999,
                    161.02800000000002
                ],
                [
                    114.048,
                    164.05200000000002
                ],
                [
                    113.08800000000001,
                    185.976
                ],
                [
                    110.976,
                    193.96800000000002
                ],
                [
                    108.096,
                    201.96
                ],
                [
                    105.024,
                    205.95600000000002
                ],
                [
                    95.04,
                    216
                ],
                [
                    91.96799999999999,
                    218.052
                ],
                [
                    87.936,
                    219.99599999999998
                ],
                [
                    82.944,
                    224.96400000000003
                ],
                [
                    81.98400000000001,
                    227.016
                ],
                [
                    81.98400000000001,
                    232.95600000000002
                ],
                [
                    78.91199999999999,
                    239.004
                ],
                [
                    76.99199999999999,
                    240.94799999999998
                ],
                [
                    67.968,
                    247.968
                ],
                [
                    58.944,
                    253.044
                ],
                [
                    52.992,
                    258.98400000000004
                ],
                [
                    47.04,
                    262.00800000000004
                ],
                [
                    42.048,
                    266.00399999999996
                ],
                [
                    38.016000000000005,
                    267.948
                ],
                [
                    33.984,
                    272.052
                ],
                [
                    29.951999999999998,
                    273.996
                ],
                [
                    27.072,
                    274.968
                ],
                [
                    19.968,
                    274.968
                ]
            ]
        },
        {
            "ID": "2",
            "CLASS": "종이",
            "DETAILS": "종이",
            "DAMAGE": "손상",
            "DIRTINESS": "이물질(외부)",
            "COVER": "없음",
            "TRANSPARENCY": "불투명",
            "SHAPE": "박스형",
            "SHAPE_TYPE": "POLYGON",
            "POINTS": [
                [
                    652.032,
                    590.004
                ],
                [
                    639.9359999999999,
                    582.9839999999999
                ],
                [
                    637.0559999999999,
                    578.016
                ],
                [
                    634.944,
                    569.052
                ],
                [
                    605.952,
                    519.048
                ],
                [
                    600,
                    501.984
                ],
                [
                    589.056,
                    482.00399999999996
                ],
                [
                    586.9440000000001,
                    473.04
                ],
                [
                    582.9119999999999,
                    470.01599999999996
                ],
                [
                    570.048,
                    435.996
                ],
                [
                    557.952,
                    416.01599999999996
                ],
                [
                    551.04,
                    398.952
                ],
                [
                    551.04,
                    393.98400000000004
                ],
                [
                    541.056,
                    377.028
                ],
                [
                    537.984,
                    362.016
                ],
                [
                    519.9359999999999,
                    323.02799999999996
                ],
                [
                    513.024,
                    297.972
                ],
                [
                    503.04,
                    281.01599999999996
                ],
                [
                    499.00800000000004,
                    277.992
                ],
                [
                    488.06399999999996,
                    250.992
                ],
                [
                    484.032,
                    247.968
                ],
                [
                    481.92,
                    236.95200000000003
                ],
                [
                    475.968,
                    228.95999999999998
                ],
                [
                    475.00800000000004,
                    220.96800000000002
                ],
                [
                    459.072,
                    189
                ],
                [
                    459.072,
                    184.03199999999998
                ],
                [
                    454.08,
                    177.012
                ],
                [
                    451.968,
                    168.04799999999997
                ],
                [
                    446.016,
                    159.948
                ],
                [
                    444.096,
                    150.012
                ],
                [
                    431.04,
                    127.97999999999999
                ],
                [
                    427.008,
                    118.044
                ],
                [
                    425.088,
                    103.032
                ],
                [
                    431.04,
                    88.992
                ],
                [
                    437.952,
                    83.05199999999999
                ],
                [
                    484.032,
                    58.968
                ],
                [
                    500.92800000000005,
                    51.94799999999999
                ],
                [
                    510.91200000000003,
                    50.976
                ],
                [
                    570.048,
                    24.948
                ],
                [
                    596.928,
                    22.032
                ],
                [
                    643.968,
                    10.043999999999999
                ],
                [
                    668.928,
                    0
                ],
                [
                    807.936,
                    0
                ],
                [
                    817.92,
                    10.043999999999999
                ],
                [
                    829.056,
                    29.052
                ],
                [
                    835.008,
                    34.02
                ],
                [
                    881.088,
                    124.956
                ],
                [
                    888,
                    145.044
                ],
                [
                    897.984,
                    162
                ],
                [
                    902.016,
                    162.972
                ],
                [
                    905.088,
                    169.99200000000002
                ],
                [
                    911.04,
                    172.04399999999998
                ],
                [
                    915.072,
                    168.04799999999997
                ],
                [
                    922.9440000000001,
                    169.99200000000002
                ],
                [
                    922.9440000000001,
                    173.01600000000002
                ],
                [
                    927.936,
                    177.012
                ],
                [
                    922.9440000000001,
                    181.98000000000002
                ],
                [
                    918.912,
                    178.956
                ],
                [
                    915.072,
                    178.956
                ],
                [
                    912.9599999999999,
                    186.948
                ],
                [
                    921.024,
                    195.048
                ],
                [
                    921.024,
                    204.984
                ],
                [
                    931.968,
                    226.044
                ],
                [
                    931.968,
                    231.012
                ],
                [
                    945.024,
                    254.016
                ],
                [
                    949.056,
                    267.948
                ],
                [
                    949.056,
                    277.992
                ],
                [
                    953.088,
                    285.012
                ],
                [
                    950.976,
                    290.952
                ],
                [
                    945.024,
                    297.972
                ],
                [
                    940.0319999999999,
                    316.97999999999996
                ],
                [
                    931.968,
                    324.972
                ],
                [
                    921.024,
                    327.99600000000004
                ],
                [
                    900.096,
                    339.98400000000004
                ],
                [
                    892.032,
                    342.036
                ],
                [
                    883.968,
                    347.00399999999996
                ],
                [
                    877.0559999999999,
                    348.948
                ],
                [
                    845.952,
                    366.984
                ],
                [
                    822.9119999999999,
                    377.028
                ],
                [
                    810.048,
                    386.964
                ],
                [
                    811.968,
                    402.948
                ],
                [
                    843.072,
                    474.98400000000004
                ],
                [
                    843.072,
                    497.016
                ],
                [
                    835.008,
                    509.004
                ],
                [
                    792.9599999999999,
                    531.0360000000001
                ],
                [
                    782.016,
                    533.952
                ],
                [
                    773.952,
                    539.028
                ],
                [
                    769.9200000000001,
                    539.028
                ],
                [
                    758.976,
                    546.048
                ],
                [
                    750.912,
                    547.02
                ],
                [
                    706.9440000000001,
                    567.972
                ],
                [
                    690.048,
                    578.016
                ],
                [
                    661.056,
                    590.004
                ],
                [
                    652.032,
                    590.004
                ]
            ]
        }
    ]
}