{
    "IMAGE_INFO": {
        "FILE_NAME": "1007939@0_02001_220907_P1_T3__3141.jpg",
        "DATE": "2022-10-31 14:57:10",
        "RESOLUTION": "1920 x 1080",
        "IMAGE_PHOTOGRAPHER": "이경주",
        "FOCUS_DISTANCE": "5.6",
        "EXPOSURE_TIME": "1/400",
        "SENSITIVITY_ISO": "4000",
        "PLACE": "용인시재활용센터",
        "REGION_NAME": null,
        "Direction": "0",
        "HEIGHT": "100",
        "DAY/NIGHT": "주간",
        "WEATHER": "맑음",
        "IMAGE_HEIGHT": 1080,
        "IMAGE_WIDTH": 1920,
        "IMAGE_SIZE": "591.8 KB"
    },
    "ANNOTATION_INFO": [
        {
            "ID": "1",
            "CLASS": "종이",
            "DETAILS": "종이",
            "DAMAGE": "완전압착",
            "DIRTINESS": "이물질(외부)",
            "COVER": "없음",
            "TRANSPARENCY": "불투명",
            "SHAPE": "박스형",
            "SHAPE_TYPE": "POLYGON",
            "POINTS": [
                [
                    839.04,
                    369.036
                ],
                [
                    833.088,
                    363.96000000000004
                ],
                [
                    830.976,
                    358.99199999999996
                ],
                [
                    829.056,
                    339.98400000000004
                ],
                [
                    822.9119999999999,
                    331.992
                ],
                [
                    815.04,
                    327.024
                ],
                [
                    812.928,
                    319.032
                ],
                [
                    806.976,
                    312.012
                ],
                [
                    806.976,
                    301.968
                ],
                [
                    801.024,
                    292.032
                ],
                [
                    798.912,
                    274.968
                ],
                [
                    792,
                    263.952
                ],
                [
                    792,
                    245.052
                ],
                [
                    787.968,
                    226.044
                ],
                [
                    779.904,
                    212.976
                ],
                [
                    777.984,
                    203.04
                ],
                [
                    773.952,
                    199.04399999999998
                ],
                [
                    769.9200000000001,
                    178.956
                ],
                [
                    772.032,
                    172.04399999999998
                ],
                [
                    783.936,
                    159.948
                ],
                [
                    783.936,
                    151.956
                ],
                [
                    779.904,
                    149.04000000000002
                ],
                [
                    777.984,
                    141.048
                ],
                [
                    768,
                    126.036
                ],
                [
                    763.968,
                    123.984
                ],
                [
                    753.984,
                    107.02799999999999
                ],
                [
                    753.984,
                    91.044
                ],
                [
                    749.952,
                    80.028
                ],
                [
                    744.96,
                    77.976
                ],
                [
                    719.04,
                    77.976
                ],
                [
                    690.048,
                    81
                ],
                [
                    680.0640000000001,
                    80.028
                ],
                [
                    677.952,
                    76.03200000000001
                ],
                [
                    670.0799999999999,
                    70.95599999999999
                ],
                [
                    663.936,
                    57.024
                ],
                [
                    663.936,
                    49.032000000000004
                ],
                [
                    662.016,
                    47.952000000000005
                ],
                [
                    663.936,
                    38.988
                ],
                [
                    681.984,
                    30.023999999999997
                ],
                [
                    719.04,
                    18.035999999999998
                ],
                [
                    730.944,
                    11.016
                ],
                [
                    748.032,
                    6.048
                ],
                [
                    759.9359999999999,
                    0
                ],
                [
                    1098.048,
                    0
                ],
                [
                    1108.992,
                    15.984
                ],
                [
                    1124.9279999999999,
                    54
                ],
                [
                    1134.9119999999998,
                    68.04
                ],
                [
                    1170.048,
                    132.948
                ],
                [
                    1188.096,
                    162
                ],
                [
                    1195.968,
                    168.04799999999997
                ],
                [
                    1198.08,
                    172.04399999999998
                ],
                [
                    1206.912,
                    192.024
                ],
                [
                    1209.0240000000001,
                    209.952
                ],
                [
                    1219.008,
                    236.95200000000003
                ],
                [
                    1217.088,
                    242.028
                ],
                [
                    1206.912,
                    249.048
                ],
                [
                    1166.0159999999998,
                    259.956
                ],
                [
                    1124.9279999999999,
                    276.048
                ],
                [
                    1117.056,
                    281.988
                ],
                [
                    1103.04,
                    286.956
                ],
                [
                    1075.968,
                    293.00399999999996
                ],
                [
                    1054.0800000000002,
                    301.968
                ],
                [
                    1045.056,
                    303.048
                ],
                [
                    1032.96,
                    308.016
                ],
                [
                    1012.992,
                    312.984
                ],
                [
                    1004.928,
                    316.97999999999996
                ],
                [
                    978.0479999999999,
                    323.02799999999996
                ],
                [
                    974.016,
                    326.052
                ],
                [
                    942.9119999999999,
                    332.964
                ],
                [
                    935.04,
                    336.96
                ],
                [
                    908.928,
                    343.008
                ],
                [
                    901.056,
                    347.00399999999996
                ],
                [
                    892.032,
                    347.976
                ],
                [
                    882.048,
                    354.996
                ],
                [
                    862.08,
                    361.044
                ],
                [
                    848.064,
                    369.036
                ]
            ]
        }
    ]
}