{
    "IMAGE_INFO": {
        "FILE_NAME": "1007947@0_02001_220907_P1_T3__2512.jpg",
        "DATE": "2022-10-31 14:56:38",
        "RESOLUTION": "1920 x 1080",
        "IMAGE_PHOTOGRAPHER": "이경주",
        "FOCUS_DISTANCE": "5.6",
        "EXPOSURE_TIME": "1/400",
        "SENSITIVITY_ISO": "4000",
        "PLACE": "용인시재활용센터",
        "REGION_NAME": null,
        "Direction": "0",
        "HEIGHT": "100",
        "DAY/NIGHT": "주간",
        "WEATHER": "맑음",
        "IMAGE_HEIGHT": 1080,
        "IMAGE_WIDTH": 1920,
        "IMAGE_SIZE": "560.5 KB"
    },
    "ANNOTATION_INFO": [
        {
            "ID": "1",
            "CLASS": "종이",
            "DETAILS": "종이",
            "DAMAGE": "완전압착",
            "DIRTINESS": "이물질(외부)",
            "COVER": "없음",
            "TRANSPARENCY": "불투명",
            "SHAPE": "낱장형",
            "SHAPE_TYPE": "POLYGON",
            "POINTS": [
                [
                    19.008000000000003,
                    274.968
                ],
                [
                    13.056,
                    273.996
                ],
                [
                    8.064,
                    272.052
                ],
                [
                    0,
                    272.052
                ],
                [
                    0.96,
                    38.988
                ],
                [
                    1.92,
                    38.016000000000005
                ],
                [
                    6.912,
                    35.964000000000006
                ],
                [
                    8.064,
                    34.02
                ],
                [
                    13.056,
                    31.968
                ],
                [
                    25.919999999999998,
                    31.968
                ],
                [
                    34.944,
                    33.048
                ],
                [
                    52.992,
                    33.048
                ],
                [
                    63.93600000000001,
                    34.02
                ],
                [
                    72.96,
                    34.992
                ],
                [
                    75.072,
                    35.964000000000006
                ],
                [
                    77.952,
                    42.01199999999999
                ],
                [
                    77.952,
                    54
                ],
                [
                    78.91199999999999,
                    56.052
                ],
                [
                    81.98400000000001,
                    60.047999999999995
                ],
                [
                    81.98400000000001,
                    61.02
                ],
                [
                    82.944,
                    65.01599999999999
                ],
                [
                    82.944,
                    70.95599999999999
                ],
                [
                    83.90400000000001,
                    73.98
                ],
                [
                    86.976,
                    78.948
                ],
                [
                    87.936,
                    88.992
                ],
                [
                    91.008,
                    93.96
                ],
                [
                    91.96799999999999,
                    96.98400000000001
                ],
                [
                    92.928,
                    103.032
                ],
                [
                    96,
                    115.99199999999999
                ],
                [
                    96.96000000000001,
                    118.044
                ],
                [
                    96.96000000000001,
                    120.96000000000001
                ],
                [
                    100.992,
                    130.03199999999998
                ],
                [
                    101.952,
                    132.948
                ],
                [
                    102.912,
                    135
                ],
                [
                    105.984,
                    146.988
                ],
                [
                    105.984,
                    150.012
                ],
                [
                    106.944,
                    153.036
                ],
                [
                    109.05600000000001,
                    154.98
                ],
                [
                    111.93599999999999,
                    159.948
                ],
                [
                    113.08800000000001,
                    162
                ],
                [
                    114.048,
                    162.972
                ],
                [
                    114.048,
                    173.988
                ],
                [
                    113.08800000000001,
                    185.976
                ],
                [
                    111.93599999999999,
                    191.052
                ],
                [
                    110.976,
                    193.96800000000002
                ],
                [
                    110.976,
                    196.99200000000002
                ],
                [
                    110.01599999999999,
                    199.04399999999998
                ],
                [
                    109.05600000000001,
                    200.016
                ],
                [
                    106.944,
                    203.04
                ],
                [
                    99.072,
                    212.004
                ],
                [
                    92.928,
                    216.972
                ],
                [
                    85.056,
                    220.96800000000002
                ],
                [
                    81.98400000000001,
                    224.96400000000003
                ],
                [
                    81.024,
                    235.98
                ],
                [
                    80.06400000000001,
                    238.032
                ],
                [
                    76.99199999999999,
                    240.94799999999998
                ],
                [
                    75.072,
                    240.94799999999998
                ],
                [
                    72.96,
                    242.028
                ],
                [
                    67.008,
                    247.968
                ],
                [
                    62.976000000000006,
                    250.02
                ],
                [
                    59.903999999999996,
                    251.964
                ],
                [
                    54.912,
                    255.95999999999998
                ],
                [
                    52.992,
                    258.012
                ],
                [
                    48.959999999999994,
                    259.956
                ],
                [
                    46.08,
                    262.00800000000004
                ],
                [
                    33.984,
                    272.052
                ],
                [
                    29.951999999999998,
                    273.996
                ],
                [
                    25.919999999999998,
                    274.968
                ],
                [
                    19.008000000000003,
                    274.968
                ]
            ]
        },
        {
            "ID": "2",
            "CLASS": "종이",
            "DETAILS": "종이",
            "DAMAGE": "손상",
            "DIRTINESS": "오염없음",
            "COVER": "없음",
            "TRANSPARENCY": "불투명",
            "SHAPE": "박스형",
            "SHAPE_TYPE": "POLYGON",
            "POINTS": [
                [
                    651.072,
                    1080
                ],
                [
                    637.0559999999999,
                    1050.9479999999999
                ],
                [
                    634.944,
                    1041.984
                ],
                [
                    613.0559999999999,
                    1006.02
                ],
                [
                    604.0319999999999,
                    978.048
                ],
                [
                    591.936,
                    953.9639999999999
                ],
                [
                    588.096,
                    937.98
                ],
                [
                    581.952,
                    930.96
                ],
                [
                    581.952,
                    925.9920000000001
                ],
                [
                    566.016,
                    898.9920000000001
                ],
                [
                    564.096,
                    886.032
                ],
                [
                    557.952,
                    875.988
                ],
                [
                    556.9920000000001,
                    866.0519999999999
                ],
                [
                    551.04,
                    855.036
                ],
                [
                    548.928,
                    843.048
                ],
                [
                    545.088,
                    837.972
                ],
                [
                    542.976,
                    824.04
                ],
                [
                    534.912,
                    802.008
                ],
                [
                    528.96,
                    793.044
                ],
                [
                    518.976,
                    764.964
                ],
                [
                    504,
                    743.04
                ],
                [
                    489.984,
                    713.988
                ],
                [
                    485.952,
                    699.948
                ],
                [
                    471.936,
                    675.972
                ],
                [
                    470.01599999999996,
                    664.956
                ],
                [
                    456,
                    633.9599999999999
                ],
                [
                    454.08,
                    618.9480000000001
                ],
                [
                    457.91999999999996,
                    613.008
                ],
                [
                    460.03200000000004,
                    600.048
                ],
                [
                    464.064,
                    596.0519999999999
                ],
                [
                    491.904,
                    582.0120000000001
                ],
                [
                    502.08000000000004,
                    574.992
                ],
                [
                    556.9920000000001,
                    555.0120000000001
                ],
                [
                    608.064,
                    532.0079999999999
                ],
                [
                    619.008,
                    529.956
                ],
                [
                    633.024,
                    524.9879999999999
                ],
                [
                    661.056,
                    513
                ],
                [
                    676.032,
                    509.976
                ],
                [
                    681.984,
                    505.00800000000004
                ],
                [
                    687.936,
                    502.956
                ],
                [
                    694.0799999999999,
                    502.956
                ],
                [
                    700.0319999999999,
                    497.988
                ],
                [
                    705.984,
                    496.044
                ],
                [
                    715.9680000000001,
                    496.044
                ],
                [
                    723.072,
                    490.968
                ],
                [
                    733.0559999999999,
                    489.024
                ],
                [
                    748.992,
                    489.024
                ],
                [
                    758.976,
                    497.988
                ],
                [
                    769.9200000000001,
                    501.012
                ],
                [
                    779.904,
                    502.956
                ],
                [
                    792,
                    502.956
                ],
                [
                    804.096,
                    505.98
                ],
                [
                    820.992,
                    505.98
                ],
                [
                    833.088,
                    502.956
                ],
                [
                    846.912,
                    502.956
                ],
                [
                    857.0880000000001,
                    510.94800000000004
                ],
                [
                    859.008,
                    517.9680000000001
                ],
                [
                    864.96,
                    524.9879999999999
                ],
                [
                    864.96,
                    528.984
                ],
                [
                    870.912,
                    536.004
                ],
                [
                    873.984,
                    547.992
                ],
                [
                    886.08,
                    567.972
                ],
                [
                    892.032,
                    586.0079999999999
                ],
                [
                    897.984,
                    594
                ],
                [
                    897.984,
                    600.048
                ],
                [
                    906.048,
                    612.036
                ],
                [
                    929.088,
                    668.952
                ],
                [
                    940.992,
                    689.04
                ],
                [
                    945.024,
                    705.024
                ],
                [
                    959.04,
                    737.964
                ],
                [
                    964.9920000000001,
                    745.956
                ],
                [
                    969.0240000000001,
                    759.024
                ],
                [
                    969.0240000000001,
                    780.948
                ],
                [
                    977.0880000000001,
                    805.0319999999999
                ],
                [
                    977.0880000000001,
                    829.0079999999999
                ],
                [
                    969.0240000000001,
                    841.968
                ],
                [
                    960.9599999999999,
                    844.992
                ],
                [
                    955.008,
                    844.992
                ],
                [
                    929.088,
                    859.032
                ],
                [
                    925.056,
                    859.032
                ],
                [
                    916.032,
                    866.0519999999999
                ],
                [
                    889.9200000000001,
                    879.9839999999999
                ],
                [
                    860.928,
                    891.972
                ],
                [
                    844.992,
                    902.0160000000001
                ],
                [
                    843.072,
                    915.948
                ],
                [
                    846.912,
                    921.024
                ],
                [
                    859.008,
                    956.016
                ],
                [
                    864.96,
                    961.956
                ],
                [
                    867.072,
                    972.972
                ],
                [
                    872.064,
                    980.9639999999999
                ],
                [
                    873.984,
                    994.032
                ],
                [
                    873.984,
                    1013.04
                ],
                [
                    868.992,
                    1025.028
                ],
                [
                    863.04,
                    1029.996
                ],
                [
                    820.0319999999999,
                    1053.972
                ],
                [
                    814.0799999999999,
                    1059.048
                ],
                [
                    792,
                    1069.9560000000001
                ],
                [
                    790.0799999999999,
                    1080
                ],
                [
                    651.072,
                    1080
                ]
            ]
        },
        {
            "ID": "3",
            "CLASS": "종이",
            "DETAILS": "종이",
            "DAMAGE": "완전압착",
            "DIRTINESS": "이물질(외부)",
            "COVER": "없음",
            "TRANSPARENCY": "불투명",
            "SHAPE": "종이컵형",
            "SHAPE_TYPE": "POLYGON",
            "POINTS": [
                [
                    800.0640000000001,
                    506.952
                ],
                [
                    795.072,
                    505.98
                ],
                [
                    790.0799999999999,
                    505.98
                ],
                [
                    767.0400000000001,
                    501.984
                ],
                [
                    759.9359999999999,
                    498.96000000000004
                ],
                [
                    744.96,
                    481.03200000000004
                ],
                [
                    721.92,
                    461.052
                ],
                [
                    713.088,
                    448.956
                ],
                [
                    708.096,
                    439.02
                ],
                [
                    702.9119999999999,
                    432.972
                ],
                [
                    700.992,
                    427.032
                ],
                [
                    700.0319999999999,
                    405.97200000000004
                ],
                [
                    702.9119999999999,
                    398.952
                ],
                [
                    702.9119999999999,
                    393.012
                ],
                [
                    708.096,
                    389.016
                ],
                [
                    710.0160000000001,
                    385.992
                ],
                [
                    710.976,
                    374.976
                ],
                [
                    714.048,
                    373.032
                ],
                [
                    715.008,
                    370.00800000000004
                ],
                [
                    719.04,
                    367.956
                ],
                [
                    719.04,
                    366.012
                ],
                [
                    726.912,
                    357.048
                ],
                [
                    734.976,
                    351.97200000000004
                ],
                [
                    739.008,
                    351.97200000000004
                ],
                [
                    744,
                    354.024
                ],
                [
                    745.9200000000001,
                    354.024
                ],
                [
                    747.072,
                    351
                ],
                [
                    748.992,
                    351
                ],
                [
                    753.024,
                    348.948
                ],
                [
                    754.944,
                    348.948
                ],
                [
                    758.016,
                    351
                ],
                [
                    759.9359999999999,
                    351
                ],
                [
                    757.0559999999999,
                    351.97200000000004
                ],
                [
                    763.0079999999999,
                    354.024
                ],
                [
                    772.032,
                    354.024
                ],
                [
                    776.064,
                    357.048
                ],
                [
                    790.0799999999999,
                    361.044
                ],
                [
                    811.008,
                    370.00800000000004
                ],
                [
                    815.04,
                    370.98
                ],
                [
                    826.9440000000001,
                    378
                ],
                [
                    830.0160000000001,
                    378
                ],
                [
                    839.04,
                    384.048
                ],
                [
                    845.952,
                    385.992
                ],
                [
                    849.024,
                    388.044
                ],
                [
                    851.904,
                    388.044
                ],
                [
                    859.9680000000001,
                    393.98400000000004
                ],
                [
                    867.072,
                    394.956
                ],
                [
                    878.016,
                    397.98
                ],
                [
                    884.928,
                    401.004
                ],
                [
                    894.912,
                    407.052
                ],
                [
                    900.096,
                    408.996
                ],
                [
                    905.088,
                    408.996
                ],
                [
                    915.072,
                    413.964
                ],
                [
                    916.9920000000001,
                    417.96000000000004
                ],
                [
                    918.912,
                    440.964
                ],
                [
                    916.9920000000001,
                    447.012
                ],
                [
                    911.04,
                    458.02799999999996
                ],
                [
                    896.064,
                    474.012
                ],
                [
                    884.928,
                    481.03200000000004
                ],
                [
                    881.088,
                    485.028
                ],
                [
                    854.976,
                    497.988
                ],
                [
                    849.9839999999999,
                    500.04
                ],
                [
                    835.008,
                    504.036
                ],
                [
                    820.992,
                    506.952
                ],
                [
                    800.0640000000001,
                    506.952
                ]
            ]
        }
    ]
}