{
    "IMAGE_INFO": {
        "FILE_NAME": "1007942@0_02001_220907_P1_T3__2510.jpg",
        "DATE": "2022-10-31 14:56:38",
        "RESOLUTION": "1920 x 1080",
        "IMAGE_PHOTOGRAPHER": "이경주",
        "FOCUS_DISTANCE": "5.6",
        "EXPOSURE_TIME": "1/400",
        "SENSITIVITY_ISO": "4000",
        "PLACE": "용인시재활용센터",
        "REGION_NAME": null,
        "Direction": "0",
        "HEIGHT": "100",
        "DAY/NIGHT": "주간",
        "WEATHER": "맑음",
        "IMAGE_HEIGHT": 1080,
        "IMAGE_WIDTH": 1920,
        "IMAGE_SIZE": "559.5 KB"
    },
    "ANNOTATION_INFO": [
        {
            "ID": "1",
            "CLASS": "종이",
            "DETAILS": "종이",
            "DAMAGE": "완전압착",
            "DIRTINESS": "이물질(외부)",
            "COVER": "없음",
            "TRANSPARENCY": "불투명",
            "SHAPE": "박스형",
            "SHAPE_TYPE": "POLYGON",
            "POINTS": [
                [
                    662.016,
                    760.968
                ],
                [
                    656.064,
                    759.996
                ],
                [
                    646.08,
                    751.032
                ],
                [
                    642.048,
                    736.992
                ],
                [
                    604.992,
                    668.952
                ],
                [
                    601.92,
                    655.0200000000001
                ],
                [
                    595.9680000000001,
                    648
                ],
                [
                    584.0640000000001,
                    624.024
                ],
                [
                    574.0799999999999,
                    596.0519999999999
                ],
                [
                    564.096,
                    579.96
                ],
                [
                    555.072,
                    554.04
                ],
                [
                    548.928,
                    546.048
                ],
                [
                    547.0079999999999,
                    535.032
                ],
                [
                    534.912,
                    510.94800000000004
                ],
                [
                    531.072,
                    493.02000000000004
                ],
                [
                    524.928,
                    485.028
                ],
                [
                    519.9359999999999,
                    466.992
                ],
                [
                    515.904,
                    458.02799999999996
                ],
                [
                    502.08000000000004,
                    439.02
                ],
                [
                    494.01599999999996,
                    412.992
                ],
                [
                    491.904,
                    408.024
                ],
                [
                    488.06399999999996,
                    405
                ],
                [
                    470.976,
                    358.99199999999996
                ],
                [
                    456.96,
                    335.01599999999996
                ],
                [
                    433.92,
                    270.97200000000004
                ],
                [
                    437.952,
                    254.988
                ],
                [
                    469.056,
                    239.004
                ],
                [
                    473.088,
                    239.004
                ],
                [
                    484.032,
                    231.98399999999998
                ],
                [
                    518.016,
                    218.052
                ],
                [
                    527.0400000000001,
                    216.972
                ],
                [
                    548.928,
                    205.95600000000002
                ],
                [
                    591.936,
                    189.972
                ],
                [
                    604.992,
                    189
                ],
                [
                    637.0559999999999,
                    177.984
                ],
                [
                    657.984,
                    174.96
                ],
                [
                    670.0799999999999,
                    169.99200000000002
                ],
                [
                    681.024,
                    168.04799999999997
                ],
                [
                    696.96,
                    161.02800000000002
                ],
                [
                    706.9440000000001,
                    161.02800000000002
                ],
                [
                    721.92,
                    154.008
                ],
                [
                    738.048,
                    154.008
                ],
                [
                    764.928,
                    162.972
                ],
                [
                    791.04,
                    168.04799999999997
                ],
                [
                    821.952,
                    168.04799999999997
                ],
                [
                    830.0160000000001,
                    174.96
                ],
                [
                    854.976,
                    211.03199999999998
                ],
                [
                    900.096,
                    311.03999999999996
                ],
                [
                    916.9920000000001,
                    342.036
                ],
                [
                    916.9920000000001,
                    347.00399999999996
                ],
                [
                    925.056,
                    358.99199999999996
                ],
                [
                    935.04,
                    386.964
                ],
                [
                    942.9119999999999,
                    397.98
                ],
                [
                    950.976,
                    420.012
                ],
                [
                    950.976,
                    443.016
                ],
                [
                    954.048,
                    446.03999999999996
                ],
                [
                    960,
                    443.016
                ],
                [
                    961.92,
                    446.03999999999996
                ],
                [
                    960,
                    455.004
                ],
                [
                    954.048,
                    465.048
                ],
                [
                    951.936,
                    482.976
                ],
                [
                    942.9119999999999,
                    492.048
                ],
                [
                    912,
                    505.00800000000004
                ],
                [
                    906.048,
                    510.94800000000004
                ],
                [
                    897.984,
                    512.028
                ],
                [
                    873.024,
                    525.96
                ],
                [
                    867.072,
                    532.0079999999999
                ],
                [
                    843.072,
                    542.052
                ],
                [
                    824.0640000000001,
                    558.0360000000001
                ],
                [
                    824.0640000000001,
                    571.968
                ],
                [
                    854.976,
                    645.948
                ],
                [
                    854.976,
                    663.984
                ],
                [
                    850.944,
                    672.948
                ],
                [
                    834.048,
                    686.9879999999999
                ],
                [
                    806.016,
                    699.948
                ],
                [
                    797.952,
                    702
                ],
                [
                    781.056,
                    713.016
                ],
                [
                    768.96,
                    716.0400000000001
                ],
                [
                    752.064,
                    726.948
                ],
                [
                    724.0319999999999,
                    736.992
                ],
                [
                    702.9119999999999,
                    748.98
                ],
                [
                    677.952,
                    759.996
                ]
            ]
        },
        {
            "ID": "2",
            "CLASS": "종이",
            "DETAILS": "종이",
            "DAMAGE": "손상",
            "DIRTINESS": "이물질(전체)",
            "COVER": "없음",
            "TRANSPARENCY": "불투명",
            "SHAPE": "종이컵형",
            "SHAPE_TYPE": "POLYGON",
            "POINTS": [
                [
                    783.936,
                    168.04799999999997
                ],
                [
                    778.944,
                    166.968
                ],
                [
                    747.072,
                    157.032
                ],
                [
                    733.0559999999999,
                    150.012
                ],
                [
                    726.912,
                    147.96
                ],
                [
                    721.92,
                    146.988
                ],
                [
                    720,
                    146.988
                ],
                [
                    708.096,
                    139.968
                ],
                [
                    704.0640000000001,
                    137.05200000000002
                ],
                [
                    694.0799999999999,
                    127.97999999999999
                ],
                [
                    689.088,
                    122.04
                ],
                [
                    684.096,
                    118.044
                ],
                [
                    682.9440000000001,
                    115.99199999999999
                ],
                [
                    681.984,
                    110.052
                ],
                [
                    680.0640000000001,
                    108
                ],
                [
                    678.912,
                    104.976
                ],
                [
                    677.952,
                    100.008
                ],
                [
                    677.952,
                    77.976
                ],
                [
                    680.0640000000001,
                    65.988
                ],
                [
                    681.024,
                    62.964
                ],
                [
                    685.056,
                    54.972
                ],
                [
                    685.056,
                    51.94799999999999
                ],
                [
                    691.008,
                    46.007999999999996
                ],
                [
                    691.968,
                    42.984
                ],
                [
                    695.04,
                    38.988
                ],
                [
                    705.024,
                    29.052
                ],
                [
                    710.0160000000001,
                    26.028
                ],
                [
                    710.0160000000001,
                    24.948
                ],
                [
                    710.976,
                    23.976000000000003
                ],
                [
                    720,
                    22.032
                ],
                [
                    724.992,
                    22.032
                ],
                [
                    733.0559999999999,
                    23.003999999999998
                ],
                [
                    738.048,
                    23.976000000000003
                ],
                [
                    747.072,
                    27.971999999999998
                ],
                [
                    757.0559999999999,
                    34.02
                ],
                [
                    761.088,
                    34.992
                ],
                [
                    766.08,
                    37.044
                ],
                [
                    772.032,
                    38.016000000000005
                ],
                [
                    779.904,
                    41.04
                ],
                [
                    787.968,
                    45.036
                ],
                [
                    791.04,
                    46.007999999999996
                ],
                [
                    795.072,
                    47.952000000000005
                ],
                [
                    805.056,
                    51.94799999999999
                ],
                [
                    807.936,
                    53.028
                ],
                [
                    811.968,
                    54.972
                ],
                [
                    815.04,
                    54.972
                ],
                [
                    820.0319999999999,
                    57.995999999999995
                ],
                [
                    821.952,
                    57.995999999999995
                ],
                [
                    826.9440000000001,
                    60.047999999999995
                ],
                [
                    830.0160000000001,
                    60.047999999999995
                ],
                [
                    831.936,
                    61.992
                ],
                [
                    841.92,
                    65.01599999999999
                ],
                [
                    849.9839999999999,
                    69.012
                ],
                [
                    863.04,
                    73.98
                ],
                [
                    883.0079999999999,
                    80.028
                ],
                [
                    891.072,
                    85.968
                ],
                [
                    892.032,
                    88.02000000000001
                ],
                [
                    894.912,
                    100.98
                ],
                [
                    896.064,
                    112.968
                ],
                [
                    894.912,
                    118.044
                ],
                [
                    892.9920000000001,
                    120.96000000000001
                ],
                [
                    891.072,
                    124.956
                ],
                [
                    883.968,
                    135
                ],
                [
                    881.088,
                    138.024
                ],
                [
                    877.0559999999999,
                    141.048
                ],
                [
                    874.944,
                    142.992
                ],
                [
                    873.024,
                    143.964
                ],
                [
                    869.952,
                    146.988
                ],
                [
                    845.952,
                    159.948
                ],
                [
                    838.08,
                    162.972
                ],
                [
                    830.0160000000001,
                    165.024
                ],
                [
                    824.0640000000001,
                    165.996
                ],
                [
                    817.92,
                    168.04799999999997
                ]
            ]
        }
    ]
}