{
    "IMAGE_INFO": {
        "FILE_NAME": "1007941@0_02001_220907_P1_T3__3015.jpg",
        "DATE": "2022-10-31 14:57:02",
        "RESOLUTION": "1920 x 1080",
        "IMAGE_PHOTOGRAPHER": "이경주",
        "FOCUS_DISTANCE": "5.6",
        "EXPOSURE_TIME": "1/400",
        "SENSITIVITY_ISO": "4000",
        "PLACE": "용인시재활용센터",
        "REGION_NAME": null,
        "Direction": "0",
        "HEIGHT": "100",
        "DAY/NIGHT": "주간",
        "WEATHER": "맑음",
        "IMAGE_HEIGHT": 1080,
        "IMAGE_WIDTH": 1920,
        "IMAGE_SIZE": "611.3 KB"
    },
    "ANNOTATION_INFO": [
        {
            "ID": "1",
            "CLASS": "종이",
            "DETAILS": "종이",
            "DAMAGE": "완전압착",
            "DIRTINESS": "이물질(외부)",
            "COVER": "없음",
            "TRANSPARENCY": "불투명",
            "SHAPE": "종이컵형",
            "SHAPE_TYPE": "POLYGON",
            "POINTS": [
                [
                    19.968,
                    274.968
                ],
                [
                    10.944,
                    273.996
                ],
                [
                    6.912,
                    272.052
                ],
                [
                    0,
                    272.052
                ],
                [
                    0,
                    138.024
                ],
                [
                    1.92,
                    138.996
                ],
                [
                    5.952,
                    139.968
                ],
                [
                    9.024000000000001,
                    139.968
                ],
                [
                    10.944,
                    138.996
                ],
                [
                    14.975999999999999,
                    138.024
                ],
                [
                    28.032,
                    138.024
                ],
                [
                    37.056000000000004,
                    139.968
                ],
                [
                    43.008,
                    138.996
                ],
                [
                    43.968,
                    139.968
                ],
                [
                    48.959999999999994,
                    139.968
                ],
                [
                    52.032,
                    138.996
                ],
                [
                    53.952,
                    138.024
                ],
                [
                    59.903999999999996,
                    135.972
                ],
                [
                    70.08,
                    131.976
                ],
                [
                    72.96,
                    131.00400000000002
                ],
                [
                    82.944,
                    131.00400000000002
                ],
                [
                    86.016,
                    131.976
                ],
                [
                    87.936,
                    132.948
                ],
                [
                    92.928,
                    135.972
                ],
                [
                    99.072,
                    142.02
                ],
                [
                    100.032,
                    145.044
                ],
                [
                    100.992,
                    146.016
                ],
                [
                    102.912,
                    151.956
                ],
                [
                    104.064,
                    157.032
                ],
                [
                    105.984,
                    159.948
                ],
                [
                    109.05600000000001,
                    168.04799999999997
                ],
                [
                    111.93599999999999,
                    173.988
                ],
                [
                    113.08800000000001,
                    177.012
                ],
                [
                    113.08800000000001,
                    189
                ],
                [
                    111.93599999999999,
                    192.996
                ],
                [
                    109.05600000000001,
                    200.016
                ],
                [
                    102.912,
                    208.98000000000002
                ],
                [
                    100.032,
                    211.03199999999998
                ],
                [
                    97.91999999999999,
                    212.976
                ],
                [
                    91.96799999999999,
                    218.052
                ],
                [
                    82.944,
                    223.01999999999998
                ],
                [
                    81.98400000000001,
                    224.96400000000003
                ],
                [
                    81.024,
                    227.988
                ],
                [
                    81.024,
                    235.00799999999998
                ],
                [
                    80.06400000000001,
                    238.032
                ],
                [
                    80.06400000000001,
                    239.976
                ],
                [
                    78.91199999999999,
                    240.94799999999998
                ],
                [
                    76.99199999999999,
                    242.028
                ],
                [
                    73.92,
                    243
                ],
                [
                    68.928,
                    247.968
                ],
                [
                    62.016000000000005,
                    251.964
                ],
                [
                    39.936,
                    267.948
                ],
                [
                    37.056000000000004,
                    269.02799999999996
                ],
                [
                    33.024,
                    272.052
                ],
                [
                    30.912,
                    273.024
                ],
                [
                    28.032,
                    273.996
                ],
                [
                    27.072,
                    274.968
                ],
                [
                    19.968,
                    274.968
                ]
            ]
        },
        {
            "ID": "2",
            "CLASS": "종이",
            "DETAILS": "종이",
            "DAMAGE": "손상",
            "DIRTINESS": "이물질(외부)",
            "COVER": "없음",
            "TRANSPARENCY": "불투명",
            "SHAPE": "박스형",
            "SHAPE_TYPE": "POLYGON",
            "POINTS": [
                [
                    1188.096,
                    1080
                ],
                [
                    1171.008,
                    1065.96
                ],
                [
                    1156.992,
                    1059.048
                ],
                [
                    1143.936,
                    1057.968
                ],
                [
                    1134.9119999999998,
                    1044.036
                ],
                [
                    1136.064,
                    1029.996
                ],
                [
                    1132.992,
                    1022.004
                ],
                [
                    1080.9599999999998,
                    976.968
                ],
                [
                    1052.9279999999999,
                    956.016
                ],
                [
                    1014.9119999999999,
                    949.9680000000001
                ],
                [
                    989.9519999999999,
                    932.04
                ],
                [
                    979.968,
                    920.052
                ],
                [
                    970.9440000000001,
                    899.964
                ],
                [
                    964.9920000000001,
                    893.052
                ],
                [
                    941.952,
                    849.96
                ],
                [
                    932.928,
                    824.04
                ],
                [
                    926.976,
                    816.048
                ],
                [
                    920.0640000000001,
                    798.984
                ],
                [
                    917.952,
                    787.9680000000001
                ],
                [
                    912,
                    778.032
                ],
                [
                    897.024,
                    722.952
                ],
                [
                    887.0400000000001,
                    698.976
                ],
                [
                    873.984,
                    675
                ],
                [
                    865.9200000000001,
                    664.956
                ],
                [
                    857.0880000000001,
                    643.032
                ],
                [
                    846.912,
                    628.9920000000001
                ],
                [
                    834.048,
                    602.964
                ],
                [
                    831.936,
                    594
                ],
                [
                    834.048,
                    578.988
                ],
                [
                    838.08,
                    577.044
                ],
                [
                    849.024,
                    575.9639999999999
                ],
                [
                    857.0880000000001,
                    571.968
                ],
                [
                    862.08,
                    567
                ],
                [
                    883.0079999999999,
                    558.0360000000001
                ],
                [
                    892.9920000000001,
                    556.956
                ],
                [
                    931.008,
                    536.004
                ],
                [
                    944.0640000000001,
                    531.0360000000001
                ],
                [
                    959.04,
                    528.0120000000001
                ],
                [
                    966.912,
                    521.964
                ],
                [
                    974.9760000000001,
                    520.992
                ],
                [
                    979.968,
                    516.024
                ],
                [
                    988.0319999999999,
                    513.972
                ],
                [
                    993.9840000000002,
                    509.004
                ],
                [
                    1004.928,
                    504.036
                ],
                [
                    1014.9119999999999,
                    500.04
                ],
                [
                    1036.032,
                    513.972
                ],
                [
                    1036.992,
                    519.048
                ],
                [
                    1045.056,
                    524.0160000000001
                ],
                [
                    1055.04,
                    537.948
                ],
                [
                    1057.92,
                    556.956
                ],
                [
                    1064.064,
                    571.968
                ],
                [
                    1094.976,
                    628.9920000000001
                ],
                [
                    1095.936,
                    664.956
                ],
                [
                    1090.944,
                    704.052
                ],
                [
                    1093.056,
                    720.036
                ],
                [
                    1113.9840000000002,
                    741.96
                ],
                [
                    1137.984,
                    775.98
                ],
                [
                    1155.0720000000001,
                    806.0039999999999
                ],
                [
                    1166.976,
                    818.9639999999999
                ],
                [
                    1191.9360000000001,
                    856.98
                ],
                [
                    1200.9599999999998,
                    875.988
                ],
                [
                    1213.056,
                    890.028
                ],
                [
                    1233.9840000000002,
                    924.048
                ],
                [
                    1248.96,
                    941.0039999999999
                ],
                [
                    1272,
                    979.992
                ],
                [
                    1291.008,
                    1005.048
                ],
                [
                    1311.9360000000001,
                    1044.036
                ],
                [
                    1310.016,
                    1080
                ],
                [
                    1188.096,
                    1080
                ]
            ]
        }
    ]
}