{
    "IMAGE_INFO": {
        "FILE_NAME": "1012954@0_02001_220906_P1_T3__0931.jpg",
        "DATE": "2022-10-21 12:15:47",
        "RESOLUTION": "1920 x 1080",
        "IMAGE_PHOTOGRAPHER": "권현진",
        "FOCUS_DISTANCE": "5.0",
        "EXPOSURE_TIME": "1/320",
        "SENSITIVITY_ISO": "6400",
        "PLACE": "삼오자원",
        "REGION_NAME": null,
        "Direction": "0",
        "HEIGHT": "100",
        "DAY/NIGHT": "주간",
        "WEATHER": "맑음",
        "IMAGE_HEIGHT": 1080,
        "IMAGE_WIDTH": 1920,
        "IMAGE_SIZE": "585.6 KB"
    },
    "ANNOTATION_INFO": [
        {
            "ID": "1",
            "CLASS": "종이",
            "DETAILS": "종이",
            "DAMAGE": "완전압착",
            "DIRTINESS": "이물질(전체)",
            "COVER": "겹침",
            "TRANSPARENCY": "불투명",
            "SHAPE": "종이컵형",
            "SHAPE_TYPE": "POLYGON",
            "POINTS": [
                [
                    931.968,
                    448.956
                ],
                [
                    883.968,
                    436.968
                ],
                [
                    868.032,
                    436.968
                ],
                [
                    849.024,
                    432.972
                ],
                [
                    816.96,
                    429.94800000000004
                ],
                [
                    806.016,
                    427.032
                ],
                [
                    798.912,
                    413.964
                ],
                [
                    798.912,
                    408.024
                ],
                [
                    807.936,
                    386.964
                ],
                [
                    810.048,
                    374.976
                ],
                [
                    810.048,
                    362.988
                ],
                [
                    806.016,
                    351.97200000000004
                ],
                [
                    833.088,
                    316.00800000000004
                ],
                [
                    851.904,
                    321.948
                ],
                [
                    908.928,
                    328.96799999999996
                ],
                [
                    931.968,
                    338.04
                ],
                [
                    940.992,
                    338.04
                ],
                [
                    950.976,
                    332.964
                ],
                [
                    956.928,
                    332.964
                ],
                [
                    974.016,
                    342.036
                ],
                [
                    978.0479999999999,
                    347.976
                ],
                [
                    988.992,
                    354.996
                ],
                [
                    989.9519999999999,
                    390.96
                ],
                [
                    987.072,
                    402.948
                ],
                [
                    979.968,
                    416.01599999999996
                ],
                [
                    959.04,
                    440.964
                ],
                [
                    942.9119999999999,
                    448.956
                ],
                [
                    931.968,
                    448.956
                ]
            ]
        }
    ]
}