{
    "IMAGE_INFO": {
        "FILE_NAME": "1018589@0_02001_220906_P1_T3__2070.jpg",
        "DATE": "2022-10-21 12:18:37",
        "RESOLUTION": "1920 x 1080",
        "IMAGE_PHOTOGRAPHER": "권혁준",
        "FOCUS_DISTANCE": "5.0",
        "EXPOSURE_TIME": "1/320",
        "SENSITIVITY_ISO": "6400",
        "PLACE": "삼오자원",
        "REGION_NAME": null,
        "Direction": "0",
        "HEIGHT": "100",
        "DAY/NIGHT": "주간",
        "WEATHER": "맑음",
        "IMAGE_HEIGHT": 1080,
        "IMAGE_WIDTH": 1920,
        "IMAGE_SIZE": "626.5 KB"
    },
    "ANNOTATION_INFO": [
        {
            "ID": "1",
            "CLASS": "종이",
            "DETAILS": "종이",
            "DAMAGE": "완전압착",
            "DIRTINESS": "이물질(외부)",
            "COVER": "없음",
            "TRANSPARENCY": "불투명",
            "SHAPE": "낱장형",
            "SHAPE_TYPE": "POLYGON",
            "POINTS": [
                [
                    0,
                    525.96
                ],
                [
                    0,
                    392.03999999999996
                ],
                [
                    0.96,
                    392.03999999999996
                ],
                [
                    12.096,
                    393.012
                ],
                [
                    13.056,
                    393.012
                ],
                [
                    14.016,
                    393.98400000000004
                ],
                [
                    15.936,
                    394.956
                ],
                [
                    18.048000000000002,
                    397.008
                ],
                [
                    23.04,
                    401.004
                ],
                [
                    28.992,
                    405
                ],
                [
                    33.024,
                    407.052
                ],
                [
                    38.016000000000005,
                    407.052
                ],
                [
                    42.048,
                    408.024
                ],
                [
                    43.008,
                    408.996
                ],
                [
                    46.08,
                    409.968
                ],
                [
                    52.992,
                    416.988
                ],
                [
                    52.992,
                    417.96000000000004
                ],
                [
                    53.952,
                    419.04
                ],
                [
                    54.912,
                    420.984
                ],
                [
                    54.912,
                    423.036
                ],
                [
                    56.064,
                    427.032
                ],
                [
                    57.024,
                    428.976
                ],
                [
                    57.024,
                    431.028
                ],
                [
                    57.984,
                    432.972
                ],
                [
                    59.903999999999996,
                    435.996
                ],
                [
                    59.903999999999996,
                    440.964
                ],
                [
                    57.024,
                    444.96
                ],
                [
                    57.024,
                    447.012
                ],
                [
                    56.064,
                    447.984
                ],
                [
                    52.992,
                    451.97999999999996
                ],
                [
                    48.959999999999994,
                    458.02799999999996
                ],
                [
                    46.08,
                    462.99600000000004
                ],
                [
                    43.968,
                    465.048
                ],
                [
                    42.048,
                    469.04400000000004
                ],
                [
                    39.936,
                    471.96
                ],
                [
                    38.016000000000005,
                    474.012
                ],
                [
                    37.056000000000004,
                    475.95599999999996
                ],
                [
                    34.944,
                    477.036
                ],
                [
                    33.984,
                    478.98
                ],
                [
                    27.072,
                    488.052
                ],
                [
                    24.959999999999997,
                    492.048
                ],
                [
                    20.928,
                    496.044
                ],
                [
                    19.008000000000003,
                    498.96000000000004
                ],
                [
                    15.936,
                    504.036
                ],
                [
                    13.056,
                    506.952
                ],
                [
                    12.096,
                    509.004
                ],
                [
                    9.984,
                    512.028
                ],
                [
                    8.064,
                    516.024
                ],
                [
                    4.992,
                    520.02
                ],
                [
                    0.96,
                    524.0160000000001
                ],
                [
                    0,
                    525.96
                ]
            ]
        },
        {
            "ID": "2",
            "CLASS": "종이",
            "DETAILS": "종이",
            "DAMAGE": "완전압착",
            "DIRTINESS": "이물질(전체)",
            "COVER": "없음",
            "TRANSPARENCY": "불투명",
            "SHAPE": "종이컵형",
            "SHAPE_TYPE": "POLYGON",
            "POINTS": [
                [
                    961.92,
                    658.044
                ],
                [
                    953.088,
                    655.0200000000001
                ],
                [
                    950.0160000000001,
                    652.9680000000001
                ],
                [
                    944.0640000000001,
                    651.996
                ],
                [
                    935.04,
                    647.028
                ],
                [
                    932.928,
                    647.028
                ],
                [
                    926.016,
                    644.976
                ],
                [
                    921.024,
                    641.952
                ],
                [
                    917.952,
                    636.984
                ],
                [
                    916.9920000000001,
                    631.0440000000001
                ],
                [
                    918.912,
                    620.028
                ],
                [
                    918.912,
                    613.98
                ],
                [
                    916.032,
                    601.02
                ],
                [
                    910.0799999999999,
                    589.032
                ],
                [
                    907.968,
                    577.044
                ],
                [
                    907.0079999999999,
                    574.02
                ],
                [
                    903.936,
                    570.024
                ],
                [
                    902.976,
                    564.948
                ],
                [
                    892.9920000000001,
                    554.04
                ],
                [
                    888,
                    546.048
                ],
                [
                    884.928,
                    543.024
                ],
                [
                    884.928,
                    537.948
                ],
                [
                    883.0079999999999,
                    528.984
                ],
                [
                    883.968,
                    528.984
                ],
                [
                    883.968,
                    525.96
                ],
                [
                    891.072,
                    520.992
                ],
                [
                    893.952,
                    517.9680000000001
                ],
                [
                    894.912,
                    515.052
                ],
                [
                    903.936,
                    506.952
                ],
                [
                    910.0799999999999,
                    502.956
                ],
                [
                    920.0640000000001,
                    493.99199999999996
                ],
                [
                    935.04,
                    486
                ],
                [
                    940.992,
                    486
                ],
                [
                    944.0640000000001,
                    486.97200000000004
                ],
                [
                    964.0319999999999,
                    500.04
                ],
                [
                    969.9839999999999,
                    505.98
                ],
                [
                    975.9359999999999,
                    509.004
                ],
                [
                    994.944,
                    521.964
                ],
                [
                    1007.04,
                    533.952
                ],
                [
                    1018.944,
                    548.9639999999999
                ],
                [
                    1026.048,
                    552.96
                ],
                [
                    1027.008,
                    555.0120000000001
                ],
                [
                    1030.08,
                    556.956
                ],
                [
                    1031.04,
                    559.9799999999999
                ],
                [
                    1038.912,
                    564.948
                ],
                [
                    1051.008,
                    578.016
                ],
                [
                    1057.92,
                    582.9839999999999
                ],
                [
                    1059.072,
                    586.0079999999999
                ],
                [
                    1062.912,
                    587.952
                ],
                [
                    1071.9360000000001,
                    594.972
                ],
                [
                    1075.968,
                    597.024
                ],
                [
                    1080.9599999999998,
                    602.964
                ],
                [
                    1081.92,
                    608.04
                ],
                [
                    1085.952,
                    612.036
                ],
                [
                    1086.912,
                    620.028
                ],
                [
                    1083.0720000000001,
                    623.052
                ],
                [
                    1080.9599999999998,
                    625.968
                ],
                [
                    1074.048,
                    631.0440000000001
                ],
                [
                    1059.072,
                    636.012
                ],
                [
                    1041.984,
                    644.976
                ],
                [
                    1028.928,
                    650.052
                ],
                [
                    1022.016,
                    650.052
                ],
                [
                    1017.984,
                    651.996
                ],
                [
                    1012.992,
                    652.9680000000001
                ],
                [
                    1002.048,
                    656.9639999999999
                ],
                [
                    988.0319999999999,
                    658.044
                ],
                [
                    961.92,
                    658.044
                ]
            ]
        }
    ]
}