{
    "IMAGE_INFO": {
        "FILE_NAME": "1033378@0_02001_221006_P1_T3__0901.jpg",
        "DATE": "2022-10-28 18:07:01",
        "RESOLUTION": "1920 x 1080",
        "IMAGE_PHOTOGRAPHER": "조신주",
        "FOCUS_DISTANCE": "8.0",
        "EXPOSURE_TIME": "1/160",
        "SENSITIVITY_ISO": "5000",
        "PLACE": "강북재활용센터",
        "REGION_NAME": null,
        "Direction": "0",
        "HEIGHT": "115",
        "DAY/NIGHT": "주간",
        "WEATHER": "맑음",
        "IMAGE_HEIGHT": 1080,
        "IMAGE_WIDTH": 1920,
        "IMAGE_SIZE": "533.2 KB"
    },
    "ANNOTATION_INFO": [
        {
            "ID": "1",
            "CLASS": "종이",
            "DETAILS": "종이",
            "DAMAGE": "완전압착",
            "DIRTINESS": "오염없음",
            "COVER": "없음",
            "TRANSPARENCY": "불투명",
            "SHAPE": "박스형",
            "SHAPE_TYPE": "POLYGON",
            "POINTS": [
                [
                    547.968,
                    949.9680000000001
                ],
                [
                    532.032,
                    945
                ],
                [
                    515.904,
                    921.996
                ],
                [
                    515.904,
                    914.976
                ],
                [
                    522.048,
                    902.9879999999999
                ],
                [
                    546.048,
                    882.036
                ],
                [
                    543.936,
                    875.988
                ],
                [
                    539.904,
                    874.044
                ],
                [
                    533.952,
                    874.044
                ],
                [
                    526.08,
                    867.996
                ],
                [
                    523.968,
                    861.948
                ],
                [
                    526.08,
                    841.968
                ],
                [
                    531.072,
                    830.952
                ],
                [
                    557.952,
                    803.952
                ],
                [
                    579.072,
                    787.9680000000001
                ],
                [
                    676.032,
                    702
                ],
                [
                    710.0160000000001,
                    678.024
                ],
                [
                    724.0319999999999,
                    678.024
                ],
                [
                    749.952,
                    702
                ],
                [
                    758.016,
                    699.948
                ],
                [
                    769.9200000000001,
                    690.0120000000001
                ],
                [
                    777.024,
                    690.0120000000001
                ],
                [
                    787.968,
                    683.9639999999999
                ],
                [
                    797.952,
                    683.9639999999999
                ],
                [
                    804.096,
                    686.9879999999999
                ],
                [
                    816,
                    705.996
                ],
                [
                    816,
                    716.0400000000001
                ],
                [
                    811.968,
                    725.976
                ],
                [
                    792,
                    752.004
                ],
                [
                    788.928,
                    752.004
                ],
                [
                    772.032,
                    767.9879999999999
                ],
                [
                    753.024,
                    779.976
                ],
                [
                    692.928,
                    833.976
                ],
                [
                    635.904,
                    879.9839999999999
                ],
                [
                    620.928,
                    895.968
                ],
                [
                    596.928,
                    914.976
                ],
                [
                    581.952,
                    924.048
                ],
                [
                    577.92,
                    929.9879999999999
                ],
                [
                    561.024,
                    944.028
                ],
                [
                    547.968,
                    949.9680000000001
                ]
            ]
        }
    ]
}