{
    "IMAGE_INFO": {
        "FILE_NAME": "1033437@0_02001_221006_P1_T3__2880.jpg",
        "DATE": "2022-10-28 18:12:18",
        "RESOLUTION": "1920 x 1080",
        "IMAGE_PHOTOGRAPHER": "조신주",
        "FOCUS_DISTANCE": "8.0",
        "EXPOSURE_TIME": "1/160",
        "SENSITIVITY_ISO": "5000",
        "PLACE": "강북재활용센터",
        "REGION_NAME": null,
        "Direction": "0",
        "HEIGHT": "115",
        "DAY/NIGHT": "주간",
        "WEATHER": "맑음",
        "IMAGE_HEIGHT": 1080,
        "IMAGE_WIDTH": 1920,
        "IMAGE_SIZE": "627.0 KB"
    },
    "ANNOTATION_INFO": [
        {
            "ID": "1",
            "CLASS": "종이",
            "DETAILS": "종이",
            "DAMAGE": "손상",
            "DIRTINESS": "이물질(외부)",
            "COVER": "겹침",
            "TRANSPARENCY": "불투명",
            "SHAPE": "종이컵형",
            "SHAPE_TYPE": "POLYGON",
            "POINTS": [
                [
                    1412.9279999999999,
                    739.044
                ],
                [
                    1397.952,
                    735.048
                ],
                [
                    1396.032,
                    732.996
                ],
                [
                    1393.92,
                    717.0120000000001
                ],
                [
                    1388.928,
                    702
                ],
                [
                    1377.024,
                    681.048
                ],
                [
                    1374.9119999999998,
                    679.9680000000001
                ],
                [
                    1371.072,
                    679.9680000000001
                ],
                [
                    1366.08,
                    682.02
                ],
                [
                    1357.056,
                    689.04
                ],
                [
                    1353.024,
                    697.0319999999999
                ],
                [
                    1349.952,
                    698.976
                ],
                [
                    1339.9679999999998,
                    713.988
                ],
                [
                    1329.984,
                    725.004
                ],
                [
                    1320,
                    729
                ],
                [
                    1310.016,
                    729
                ],
                [
                    1305.024,
                    725.976
                ],
                [
                    1302.912,
                    722.952
                ],
                [
                    1300.0320000000002,
                    721.98
                ],
                [
                    1296,
                    716.0400000000001
                ],
                [
                    1296,
                    705.996
                ],
                [
                    1300.0320000000002,
                    701.028
                ],
                [
                    1300.992,
                    694.9799999999999
                ],
                [
                    1315.968,
                    663.0120000000001
                ],
                [
                    1319.0400000000002,
                    650.052
                ],
                [
                    1324.032,
                    643.032
                ],
                [
                    1324.9920000000002,
                    635.04
                ],
                [
                    1331.904,
                    621.972
                ],
                [
                    1333.056,
                    613.98
                ],
                [
                    1339.008,
                    601.992
                ],
                [
                    1339.008,
                    596.0519999999999
                ],
                [
                    1350.912,
                    571.968
                ],
                [
                    1372.992,
                    566.028
                ],
                [
                    1381.056,
                    566.028
                ],
                [
                    1387.008,
                    567.972
                ],
                [
                    1400.0639999999999,
                    567.972
                ],
                [
                    1406.976,
                    564.948
                ],
                [
                    1416,
                    564.948
                ],
                [
                    1430.016,
                    562.0319999999999
                ],
                [
                    1438.08,
                    562.0319999999999
                ],
                [
                    1449.984,
                    567
                ],
                [
                    1453.056,
                    570.996
                ],
                [
                    1454.0159999999998,
                    581.0400000000001
                ],
                [
                    1458.048,
                    586.0079999999999
                ],
                [
                    1458.048,
                    598.968
                ],
                [
                    1460.928,
                    612.036
                ],
                [
                    1459.9679999999998,
                    666.0360000000001
                ],
                [
                    1454.976,
                    717.9839999999999
                ],
                [
                    1451.904,
                    732.024
                ],
                [
                    1448.0639999999999,
                    735.048
                ],
                [
                    1433.088,
                    739.044
                ]
            ]
        }
    ]
}