{
    "IMAGE_INFO": {
        "FILE_NAME": "1033417@0_02001_221006_P1_T3__2684.jpg",
        "DATE": "2022-10-28 18:11:46",
        "RESOLUTION": "1920 x 1080",
        "IMAGE_PHOTOGRAPHER": "조신주",
        "FOCUS_DISTANCE": "8.0",
        "EXPOSURE_TIME": "1/160",
        "SENSITIVITY_ISO": "5000",
        "PLACE": "강북재활용센터",
        "REGION_NAME": null,
        "Direction": "0",
        "HEIGHT": "115",
        "DAY/NIGHT": "주간",
        "WEATHER": "맑음",
        "IMAGE_HEIGHT": 1080,
        "IMAGE_WIDTH": 1920,
        "IMAGE_SIZE": "580.8 KB"
    },
    "ANNOTATION_INFO": [
        {
            "ID": "1",
            "CLASS": "종이",
            "DETAILS": "종이",
            "DAMAGE": "완전압착",
            "DIRTINESS": "오염없음",
            "COVER": "겹침",
            "TRANSPARENCY": "불투명",
            "SHAPE": "낱장형",
            "SHAPE_TYPE": "POLYGON",
            "POINTS": [
                [
                    1577.088,
                    767.9879999999999
                ],
                [
                    1563.0720000000001,
                    763.9920000000001
                ],
                [
                    1559.0400000000002,
                    763.9920000000001
                ],
                [
                    1550.016,
                    759.996
                ],
                [
                    1542.912,
                    759.996
                ],
                [
                    1536.96,
                    756.972
                ],
                [
                    1529.088,
                    756
                ],
                [
                    1526.0159999999998,
                    755.028
                ],
                [
                    1520.0639999999999,
                    753.9480000000001
                ],
                [
                    1512.96,
                    751.032
                ],
                [
                    1507.008,
                    744.012
                ],
                [
                    1502.976,
                    737.964
                ],
                [
                    1497.984,
                    733.968
                ],
                [
                    1492.032,
                    731.0519999999999
                ],
                [
                    1489.92,
                    731.0519999999999
                ],
                [
                    1487.04,
                    729
                ],
                [
                    1478.9759999999999,
                    726.948
                ],
                [
                    1467.0720000000001,
                    726.948
                ],
                [
                    1459.008,
                    725.976
                ],
                [
                    1457.088,
                    721.0079999999999
                ],
                [
                    1457.088,
                    716.0400000000001
                ],
                [
                    1454.0159999999998,
                    699.948
                ],
                [
                    1454.0159999999998,
                    693.0360000000001
                ],
                [
                    1450.944,
                    682.992
                ],
                [
                    1449.984,
                    670.0319999999999
                ],
                [
                    1446.912,
                    662.04
                ],
                [
                    1445.952,
                    654.048
                ],
                [
                    1445.952,
                    596.0519999999999
                ],
                [
                    1443.0720000000001,
                    589.032
                ],
                [
                    1440.9599999999998,
                    586.98
                ],
                [
                    1440,
                    586.98
                ],
                [
                    1436.9279999999999,
                    585.036
                ],
                [
                    1431.9360000000001,
                    582.9839999999999
                ],
                [
                    1428.096,
                    579.96
                ],
                [
                    1425.024,
                    575.9639999999999
                ],
                [
                    1421.952,
                    563.976
                ],
                [
                    1419.072,
                    559.9799999999999
                ],
                [
                    1417.92,
                    554.04
                ],
                [
                    1416,
                    551.016
                ],
                [
                    1414.0800000000002,
                    543.024
                ],
                [
                    1414.0800000000002,
                    524.0160000000001
                ],
                [
                    1416,
                    520.992
                ],
                [
                    1420.0320000000002,
                    517.9680000000001
                ],
                [
                    1425.024,
                    519.048
                ],
                [
                    1429.056,
                    521.964
                ],
                [
                    1430.9759999999999,
                    528.0120000000001
                ],
                [
                    1434.048,
                    529.956
                ],
                [
                    1436.9279999999999,
                    528.984
                ],
                [
                    1440.9599999999998,
                    528.984
                ],
                [
                    1443.0720000000001,
                    529.956
                ],
                [
                    1444.9920000000002,
                    529.956
                ],
                [
                    1457.088,
                    539.028
                ],
                [
                    1463.04,
                    544.9680000000001
                ],
                [
                    1474.944,
                    554.04
                ],
                [
                    1499.904,
                    575.9639999999999
                ],
                [
                    1507.968,
                    581.0400000000001
                ],
                [
                    1516.992,
                    590.004
                ],
                [
                    1521.0240000000001,
                    594.972
                ],
                [
                    1546.944,
                    620.028
                ],
                [
                    1550.016,
                    624.024
                ],
                [
                    1564.032,
                    637.956
                ],
                [
                    1564.9920000000002,
                    640.98
                ],
                [
                    1579.008,
                    655.9920000000001
                ],
                [
                    1582.08,
                    662.04
                ],
                [
                    1583.04,
                    667.98
                ],
                [
                    1584,
                    677.052
                ],
                [
                    1584,
                    701.028
                ],
                [
                    1585.9199999999998,
                    705.996
                ],
                [
                    1587.0720000000001,
                    756.972
                ],
                [
                    1585.9199999999998,
                    767.0160000000001
                ],
                [
                    1577.088,
                    767.9879999999999
                ]
            ]
        },
        {
            "ID": "2",
            "CLASS": "종이",
            "DETAILS": "종이",
            "DAMAGE": "완전압착",
            "DIRTINESS": "오염없음",
            "COVER": "없음",
            "TRANSPARENCY": "불투명",
            "SHAPE": "종이컵형",
            "SHAPE_TYPE": "POLYGON",
            "POINTS": [
                [
                    1558.08,
                    628.02
                ],
                [
                    1548.096,
                    621
                ],
                [
                    1521.0240000000001,
                    590.976
                ],
                [
                    1488,
                    543.024
                ],
                [
                    1476.096,
                    519.048
                ],
                [
                    1478.9759999999999,
                    489.996
                ],
                [
                    1489.92,
                    483.948
                ],
                [
                    1502.976,
                    470.01599999999996
                ],
                [
                    1512,
                    465.048
                ],
                [
                    1521.0240000000001,
                    451.97999999999996
                ],
                [
                    1526.976,
                    450.036
                ],
                [
                    1541.952,
                    438.048
                ],
                [
                    1548.096,
                    438.048
                ],
                [
                    1560,
                    446.03999999999996
                ],
                [
                    1563.0720000000001,
                    446.03999999999996
                ],
                [
                    1582.08,
                    455.976
                ],
                [
                    1587.0720000000001,
                    455.976
                ],
                [
                    1623.936,
                    474.012
                ],
                [
                    1665.024,
                    489.024
                ],
                [
                    1670.9759999999999,
                    493.99199999999996
                ],
                [
                    1676.9279999999999,
                    496.044
                ],
                [
                    1681.92,
                    508.032
                ],
                [
                    1678.08,
                    524.0160000000001
                ],
                [
                    1660.0320000000002,
                    555.0120000000001
                ],
                [
                    1652.9279999999999,
                    560.952
                ],
                [
                    1646.976,
                    562.0319999999999
                ],
                [
                    1641.0240000000001,
                    567
                ],
                [
                    1635.0720000000001,
                    567.972
                ],
                [
                    1623.936,
                    574.02
                ],
                [
                    1620.096,
                    578.988
                ],
                [
                    1604.9279999999999,
                    587.952
                ],
                [
                    1578.048,
                    614.952
                ],
                [
                    1574.976,
                    621
                ],
                [
                    1565.952,
                    628.02
                ],
                [
                    1558.08,
                    628.02
                ]
            ]
        },
        {
            "ID": "3",
            "CLASS": "종이",
            "DETAILS": "종이",
            "DAMAGE": "완전압착",
            "DIRTINESS": "이물질(외부)",
            "COVER": "겹침",
            "TRANSPARENCY": "불투명",
            "SHAPE": "박스형",
            "SHAPE_TYPE": "POLYGON",
            "POINTS": [
                [
                    946.9440000000001,
                    987.0120000000001
                ],
                [
                    922.9440000000001,
                    982.044
                ],
                [
                    884.928,
                    982.044
                ],
                [
                    859.9680000000001,
                    969.948
                ],
                [
                    841.92,
                    967.0319999999999
                ],
                [
                    825.024,
                    969.948
                ],
                [
                    815.04,
                    974.052
                ],
                [
                    806.016,
                    972.972
                ],
                [
                    783.936,
                    974.052
                ],
                [
                    767.0400000000001,
                    971.028
                ],
                [
                    747.072,
                    964.0079999999999
                ],
                [
                    735.9359999999999,
                    957.96
                ],
                [
                    729.024,
                    945.972
                ],
                [
                    725.952,
                    932.04
                ],
                [
                    724.0319999999999,
                    883.008
                ],
                [
                    725.952,
                    864.972
                ],
                [
                    730.944,
                    852.9839999999999
                ],
                [
                    733.0559999999999,
                    839.052
                ],
                [
                    738.048,
                    828.0360000000001
                ],
                [
                    744.96,
                    820.044
                ],
                [
                    807.936,
                    793.044
                ],
                [
                    816.96,
                    787.9680000000001
                ],
                [
                    825.024,
                    780.948
                ],
                [
                    845.952,
                    779.976
                ],
                [
                    859.9680000000001,
                    785.052
                ],
                [
                    858.048,
                    791.9639999999999
                ],
                [
                    841.92,
                    805.0319999999999
                ],
                [
                    825.024,
                    825.984
                ],
                [
                    815.04,
                    848.988
                ],
                [
                    815.04,
                    857.952
                ],
                [
                    810.048,
                    875.0160000000001
                ],
                [
                    811.968,
                    894.996
                ],
                [
                    805.056,
                    914.976
                ],
                [
                    801.024,
                    920.052
                ],
                [
                    801.024,
                    929.9879999999999
                ],
                [
                    806.016,
                    937.98
                ],
                [
                    815.04,
                    942.948
                ],
                [
                    836.928,
                    921.996
                ],
                [
                    855.9359999999999,
                    913.032
                ],
                [
                    872.064,
                    910.008
                ],
                [
                    907.968,
                    910.008
                ],
                [
                    921.024,
                    906.012
                ],
                [
                    937.92,
                    906.012
                ],
                [
                    959.04,
                    898.02
                ],
                [
                    969.0240000000001,
                    898.02
                ],
                [
                    980.928,
                    894.024
                ],
                [
                    997.0559999999999,
                    891.972
                ],
                [
                    1007.04,
                    888.9480000000001
                ],
                [
                    1017.0239999999999,
                    883.008
                ],
                [
                    1028.928,
                    880.956
                ],
                [
                    1033.92,
                    866.0519999999999
                ],
                [
                    1038.912,
                    860.976
                ],
                [
                    1046.0159999999998,
                    833.004
                ],
                [
                    1055.04,
                    826.956
                ],
                [
                    1050.048,
                    817.02
                ],
                [
                    1052.9279999999999,
                    790.0200000000001
                ],
                [
                    1057.92,
                    779.004
                ],
                [
                    1062.912,
                    778.032
                ],
                [
                    1104,
                    778.032
                ],
                [
                    1138.944,
                    779.004
                ],
                [
                    1157.952,
                    783
                ],
                [
                    1167.936,
                    787.9680000000001
                ],
                [
                    1163.904,
                    848.016
                ],
                [
                    1170.048,
                    853.9559999999999
                ],
                [
                    1170.048,
                    875.0160000000001
                ],
                [
                    1162.944,
                    883.008
                ],
                [
                    1162.944,
                    906.012
                ],
                [
                    1161.0240000000001,
                    911.952
                ],
                [
                    1148.928,
                    922.9680000000001
                ],
                [
                    1146.048,
                    929.9879999999999
                ],
                [
                    1140.096,
                    934.956
                ],
                [
                    1137.024,
                    929.9879999999999
                ],
                [
                    1137.024,
                    910.008
                ],
                [
                    1133.952,
                    902.0160000000001
                ],
                [
                    1128,
                    901.0440000000001
                ],
                [
                    1124.9279999999999,
                    902.0160000000001
                ],
                [
                    1116.096,
                    910.98
                ],
                [
                    1114.944,
                    917.028
                ],
                [
                    1100.928,
                    928.044
                ],
                [
                    1098.048,
                    934.956
                ],
                [
                    1091.904,
                    937.98
                ],
                [
                    1084.032,
                    934.956
                ],
                [
                    1080,
                    929.9879999999999
                ],
                [
                    1075.0079999999998,
                    928.044
                ],
                [
                    1065.024,
                    915.948
                ],
                [
                    1047.936,
                    902.9879999999999
                ],
                [
                    1045.056,
                    898.02
                ],
                [
                    1038.912,
                    898.02
                ],
                [
                    1033.92,
                    901.0440000000001
                ],
                [
                    1032.96,
                    906.012
                ],
                [
                    1012.032,
                    922.9680000000001
                ],
                [
                    1004.928,
                    932.04
                ],
                [
                    990.912,
                    942.948
                ],
                [
                    964.0319999999999,
                    968.976
                ],
                [
                    960.9599999999999,
                    974.052
                ],
                [
                    955.008,
                    978.048
                ],
                [
                    954.048,
                    982.044
                ],
                [
                    946.9440000000001,
                    987.0120000000001
                ]
            ]
        }
    ]
}