{
    "IMAGE_INFO": {
        "FILE_NAME": "1033407@0_02001_221006_P1_T3__2728.jpg",
        "DATE": "2022-10-28 18:11:53",
        "RESOLUTION": "1920 x 1080",
        "IMAGE_PHOTOGRAPHER": "조신주",
        "FOCUS_DISTANCE": "8.0",
        "EXPOSURE_TIME": "1/160",
        "SENSITIVITY_ISO": "5000",
        "PLACE": "강북재활용센터",
        "REGION_NAME": null,
        "Direction": "0",
        "HEIGHT": "115",
        "DAY/NIGHT": "주간",
        "WEATHER": "맑음",
        "IMAGE_HEIGHT": 1080,
        "IMAGE_WIDTH": 1920,
        "IMAGE_SIZE": "648.3 KB"
    },
    "ANNOTATION_INFO": [
        {
            "ID": "1",
            "CLASS": "종이",
            "DETAILS": "종이",
            "DAMAGE": "완전압착",
            "DIRTINESS": "이물질(외부)",
            "COVER": "겹침",
            "TRANSPARENCY": "불투명",
            "SHAPE": "박스형",
            "SHAPE_TYPE": "POLYGON",
            "POINTS": [
                [
                    354.048,
                    776.952
                ],
                [
                    340.992,
                    775.98
                ],
                [
                    331.968,
                    772.956
                ],
                [
                    310.08,
                    758.052
                ],
                [
                    305.088,
                    756.972
                ],
                [
                    307.008,
                    752.004
                ],
                [
                    302.976,
                    745.956
                ],
                [
                    299.904,
                    748.008
                ],
                [
                    302.01599999999996,
                    755.028
                ],
                [
                    299.904,
                    758.052
                ],
                [
                    296.064,
                    759.996
                ],
                [
                    292.03200000000004,
                    758.052
                ],
                [
                    283.968,
                    737.964
                ],
                [
                    273.024,
                    731.0519999999999
                ],
                [
                    265.92,
                    729.972
                ],
                [
                    253.056,
                    721.0079999999999
                ],
                [
                    248.06400000000002,
                    720.036
                ],
                [
                    244.03199999999998,
                    716.0400000000001
                ],
                [
                    240,
                    706.968
                ],
                [
                    241.92000000000002,
                    697.0319999999999
                ],
                [
                    299.904,
                    651.996
                ],
                [
                    305.088,
                    641.952
                ],
                [
                    313.92,
                    632.9879999999999
                ],
                [
                    321.024,
                    621.972
                ],
                [
                    336,
                    610.956
                ],
                [
                    356.928,
                    587.952
                ],
                [
                    372.096,
                    574.992
                ],
                [
                    402.048,
                    540
                ],
                [
                    427.96799999999996,
                    516.996
                ],
                [
                    432.96000000000004,
                    509.004
                ],
                [
                    466.944,
                    474.012
                ],
                [
                    478.08,
                    459.972
                ],
                [
                    489.02399999999994,
                    450.036
                ],
                [
                    504.96000000000004,
                    439.99199999999996
                ],
                [
                    541.056,
                    402.948
                ],
                [
                    547.968,
                    397.98
                ],
                [
                    547.968,
                    396.036
                ],
                [
                    556.9920000000001,
                    390.96
                ],
                [
                    571.968,
                    401.004
                ],
                [
                    590.0160000000001,
                    417.96000000000004
                ],
                [
                    590.0160000000001,
                    428.976
                ],
                [
                    588.096,
                    432.972
                ],
                [
                    579.072,
                    439.02
                ],
                [
                    579.072,
                    440.964
                ],
                [
                    593.088,
                    452.952
                ],
                [
                    604.0319999999999,
                    454.032
                ],
                [
                    618.048,
                    458.02799999999996
                ],
                [
                    624,
                    458.02799999999996
                ],
                [
                    635.904,
                    451.00800000000004
                ],
                [
                    643.968,
                    451.00800000000004
                ],
                [
                    694.0799999999999,
                    486.97200000000004
                ],
                [
                    700.992,
                    489.996
                ],
                [
                    715.9680000000001,
                    489.024
                ],
                [
                    719.04,
                    489.996
                ],
                [
                    720.96,
                    493.99199999999996
                ],
                [
                    711.936,
                    532.0079999999999
                ],
                [
                    702.9119999999999,
                    556.956
                ],
                [
                    696,
                    567
                ],
                [
                    685.056,
                    574.992
                ],
                [
                    682.9440000000001,
                    586.0079999999999
                ],
                [
                    682.9440000000001,
                    617.976
                ],
                [
                    677.952,
                    637.956
                ],
                [
                    670.0799999999999,
                    651.024
                ],
                [
                    662.016,
                    682.992
                ],
                [
                    657.984,
                    687.96
                ],
                [
                    648.96,
                    691.956
                ],
                [
                    642.048,
                    693.0360000000001
                ],
                [
                    628.992,
                    699.948
                ],
                [
                    613.0559999999999,
                    698.004
                ],
                [
                    581.952,
                    701.028
                ],
                [
                    564.096,
                    699.948
                ],
                [
                    555.072,
                    702
                ],
                [
                    553.92,
                    705.024
                ],
                [
                    547.968,
                    706.968
                ],
                [
                    546.048,
                    710.9639999999999
                ],
                [
                    542.976,
                    710.9639999999999
                ],
                [
                    538.944,
                    714.96
                ],
                [
                    532.032,
                    716.0400000000001
                ],
                [
                    523.0079999999999,
                    721.0079999999999
                ],
                [
                    508.032,
                    721.98
                ],
                [
                    500.92800000000005,
                    726.948
                ],
                [
                    475.968,
                    729.972
                ],
                [
                    446.016,
                    729.972
                ],
                [
                    440.06399999999996,
                    732.024
                ],
                [
                    417.98400000000004,
                    732.996
                ],
                [
                    394.94399999999996,
                    744.9839999999999
                ],
                [
                    372.096,
                    760.968
                ],
                [
                    363.072,
                    771.012
                ]
            ]
        }
    ]
}