{
    "IMAGE_INFO": {
        "FILE_NAME": "1033424@0_02001_221006_P1_T3__2968.jpg",
        "DATE": "2022-10-28 18:12:32",
        "RESOLUTION": "1920 x 1080",
        "IMAGE_PHOTOGRAPHER": "조신주",
        "FOCUS_DISTANCE": "8.0",
        "EXPOSURE_TIME": "1/160",
        "SENSITIVITY_ISO": "5000",
        "PLACE": "강북재활용센터",
        "REGION_NAME": null,
        "Direction": "0",
        "HEIGHT": "115",
        "DAY/NIGHT": "주간",
        "WEATHER": "맑음",
        "IMAGE_HEIGHT": 1080,
        "IMAGE_WIDTH": 1920,
        "IMAGE_SIZE": "567.6 KB"
    },
    "ANNOTATION_INFO": [
        {
            "ID": "1",
            "CLASS": "종이",
            "DETAILS": "종이",
            "DAMAGE": "원형",
            "DIRTINESS": "오염없음",
            "COVER": "없음",
            "TRANSPARENCY": "불투명",
            "SHAPE": "낱장형",
            "SHAPE_TYPE": "POLYGON",
            "POINTS": [
                [
                    1459.9679999999998,
                    1053
                ],
                [
                    1454.0159999999998,
                    1050.9479999999999
                ],
                [
                    1446.912,
                    1040.04
                ],
                [
                    1441.92,
                    1034.964
                ],
                [
                    1435.0079999999998,
                    1025.028
                ],
                [
                    1430.016,
                    1019.952
                ],
                [
                    1425.9840000000002,
                    1018.98
                ],
                [
                    1422.912,
                    1017.036
                ],
                [
                    1420.992,
                    1011.96
                ],
                [
                    1415.04,
                    1006.02
                ],
                [
                    1405.056,
                    999
                ],
                [
                    1396.992,
                    991.0079999999999
                ],
                [
                    1391.04,
                    987.0120000000001
                ],
                [
                    1382.976,
                    979.02
                ],
                [
                    1377.024,
                    975.024
                ],
                [
                    1374.9119999999998,
                    972.972
                ],
                [
                    1376.064,
                    964.0079999999999
                ],
                [
                    1378.944,
                    960.0120000000001
                ],
                [
                    1382.016,
                    953.9639999999999
                ],
                [
                    1386.048,
                    949.9680000000001
                ],
                [
                    1392,
                    940.0319999999999
                ],
                [
                    1392,
                    937.008
                ],
                [
                    1401.984,
                    925.0200000000001
                ],
                [
                    1405.056,
                    918
                ],
                [
                    1409.088,
                    911.952
                ],
                [
                    1409.088,
                    897.048
                ],
                [
                    1406.0159999999998,
                    894.996
                ],
                [
                    1403.904,
                    890.028
                ],
                [
                    1400.0639999999999,
                    883.98
                ],
                [
                    1398.912,
                    882.036
                ],
                [
                    1398.912,
                    879.012
                ],
                [
                    1395.0720000000001,
                    871.02
                ],
                [
                    1395.0720000000001,
                    867.996
                ],
                [
                    1388.928,
                    860.976
                ],
                [
                    1387.968,
                    856.0079999999999
                ],
                [
                    1378.944,
                    845.9639999999999
                ],
                [
                    1377.024,
                    845.9639999999999
                ],
                [
                    1373.952,
                    844.992
                ],
                [
                    1371.072,
                    845.9639999999999
                ],
                [
                    1368,
                    845.9639999999999
                ],
                [
                    1366.08,
                    844.992
                ],
                [
                    1363.968,
                    840.996
                ],
                [
                    1366.08,
                    840.024
                ],
                [
                    1364.9279999999999,
                    836.028
                ],
                [
                    1362.048,
                    836.028
                ],
                [
                    1358.016,
                    833.004
                ],
                [
                    1357.056,
                    830.952
                ],
                [
                    1362.048,
                    829.0079999999999
                ],
                [
                    1363.968,
                    825.984
                ],
                [
                    1368,
                    825.0120000000001
                ],
                [
                    1372.032,
                    826.956
                ],
                [
                    1377.984,
                    833.004
                ],
                [
                    1378.944,
                    836.028
                ],
                [
                    1383.936,
                    844.02
                ],
                [
                    1393.92,
                    853.9559999999999
                ],
                [
                    1398.912,
                    860.004
                ],
                [
                    1401.984,
                    861.948
                ],
                [
                    1422.912,
                    887.004
                ],
                [
                    1426.944,
                    894.996
                ],
                [
                    1430.016,
                    897.048
                ],
                [
                    1433.088,
                    906.984
                ],
                [
                    1449.0240000000001,
                    933.0120000000001
                ],
                [
                    1449.984,
                    936.0360000000001
                ],
                [
                    1453.056,
                    937.98
                ],
                [
                    1457.088,
                    942.948
                ],
                [
                    1459.008,
                    948.024
                ],
                [
                    1459.9679999999998,
                    953.9639999999999
                ],
                [
                    1467.0720000000001,
                    960.984
                ],
                [
                    1469.952,
                    964.9799999999999
                ],
                [
                    1472.064,
                    972.972
                ],
                [
                    1479.9360000000001,
                    988.9559999999999
                ],
                [
                    1481.088,
                    1006.992
                ],
                [
                    1478.016,
                    1018.98
                ],
                [
                    1467.0720000000001,
                    1045.008
                ],
                [
                    1462.08,
                    1052.028
                ],
                [
                    1462.08,
                    1053
                ],
                [
                    1459.9679999999998,
                    1053
                ]
            ]
        },
        {
            "ID": "2",
            "CLASS": "종이",
            "DETAILS": "종이",
            "DAMAGE": "원형",
            "DIRTINESS": "오염없음",
            "COVER": "없음",
            "TRANSPARENCY": "불투명",
            "SHAPE": "낱장형",
            "SHAPE_TYPE": "POLYGON",
            "POINTS": [
                [
                    891.072,
                    1080
                ],
                [
                    930.048,
                    899.964
                ],
                [
                    940.992,
                    839.052
                ],
                [
                    958.08,
                    771.984
                ],
                [
                    979.008,
                    648
                ],
                [
                    1002.048,
                    542.052
                ],
                [
                    997.0559999999999,
                    346.03200000000004
                ],
                [
                    992.0640000000001,
                    285.984
                ],
                [
                    990.912,
                    223.01999999999998
                ],
                [
                    987.072,
                    189
                ],
                [
                    983.04,
                    93.96
                ],
                [
                    983.04,
                    27
                ],
                [
                    979.968,
                    0
                ],
                [
                    1104,
                    0
                ],
                [
                    1091.904,
                    100.98
                ],
                [
                    1089.0240000000001,
                    159.948
                ],
                [
                    1085.952,
                    176.04000000000002
                ],
                [
                    1083.0720000000001,
                    250.02
                ],
                [
                    1079.0400000000002,
                    281.01599999999996
                ],
                [
                    1075.0079999999998,
                    380.05199999999996
                ],
                [
                    1070.9759999999999,
                    413.964
                ],
                [
                    1069.056,
                    478.98
                ],
                [
                    1064.064,
                    528.984
                ],
                [
                    1051.008,
                    790.0200000000001
                ],
                [
                    1047.936,
                    807.948
                ],
                [
                    1043.904,
                    920.052
                ],
                [
                    1038.912,
                    975.996
                ],
                [
                    1035.0720000000001,
                    1080
                ],
                [
                    891.072,
                    1080
                ]
            ]
        }
    ]
}