{
    "IMAGE_INFO": {
        "FILE_NAME": "1033571@0_02001_221006_P1_T3__2686.jpg",
        "DATE": "2022-10-28 18:11:46",
        "RESOLUTION": "1920 x 1080",
        "IMAGE_PHOTOGRAPHER": "조신주",
        "FOCUS_DISTANCE": "8.0",
        "EXPOSURE_TIME": "1/160",
        "SENSITIVITY_ISO": "5000",
        "PLACE": "강북재활용센터",
        "REGION_NAME": null,
        "Direction": "0",
        "HEIGHT": "115",
        "DAY/NIGHT": "주간",
        "WEATHER": "맑음",
        "IMAGE_HEIGHT": 1080,
        "IMAGE_WIDTH": 1920,
        "IMAGE_SIZE": "627.3 KB"
    },
    "ANNOTATION_INFO": [
        {
            "ID": "1",
            "CLASS": "종이",
            "DETAILS": "종이",
            "DAMAGE": "손상",
            "DIRTINESS": "오염없음",
            "COVER": "없음",
            "TRANSPARENCY": "불투명",
            "SHAPE": "박스형",
            "SHAPE_TYPE": "POLYGON",
            "POINTS": [
                [
                    490.94399999999996,
                    1036.044
                ],
                [
                    489.02399999999994,
                    1033.992
                ],
                [
                    485.952,
                    1033.02
                ],
                [
                    480,
                    1023.9480000000001
                ],
                [
                    479.04,
                    1019.952
                ],
                [
                    474.048,
                    1014.012
                ],
                [
                    469.056,
                    1002.996
                ],
                [
                    465.024,
                    999
                ],
                [
                    462.91200000000003,
                    991.0079999999999
                ],
                [
                    460.03200000000004,
                    990.036
                ],
                [
                    457.91999999999996,
                    983.016
                ],
                [
                    454.08,
                    979.02
                ],
                [
                    449.08799999999997,
                    968.004
                ],
                [
                    444.096,
                    960.984
                ],
                [
                    435.072,
                    937.98
                ],
                [
                    427.96799999999996,
                    928.044
                ],
                [
                    430.08,
                    914.004
                ],
                [
                    432.96000000000004,
                    909.0360000000001
                ],
                [
                    452.928,
                    897.048
                ],
                [
                    456.96,
                    893.052
                ],
                [
                    488.06399999999996,
                    875.988
                ],
                [
                    500.92800000000005,
                    871.02
                ],
                [
                    522.048,
                    859.032
                ],
                [
                    532.032,
                    852.0120000000001
                ],
                [
                    546.048,
                    845.9639999999999
                ],
                [
                    555.072,
                    840.996
                ],
                [
                    561.984,
                    839.052
                ],
                [
                    566.016,
                    836.028
                ],
                [
                    579.072,
                    829.9799999999999
                ],
                [
                    613.0559999999999,
                    818.9639999999999
                ],
                [
                    619.008,
                    814.9680000000001
                ],
                [
                    629.952,
                    810.972
                ],
                [
                    633.024,
                    810.972
                ],
                [
                    641.088,
                    817.02
                ],
                [
                    653.952,
                    837.972
                ],
                [
                    654.912,
                    843.048
                ],
                [
                    660.096,
                    851.0400000000001
                ],
                [
                    686.976,
                    906.012
                ],
                [
                    691.008,
                    915.948
                ],
                [
                    691.008,
                    918.972
                ],
                [
                    686.976,
                    924.048
                ],
                [
                    667.0079999999999,
                    937.008
                ],
                [
                    653.952,
                    944.028
                ],
                [
                    639.9359999999999,
                    953.9639999999999
                ],
                [
                    638.976,
                    956.9879999999999
                ],
                [
                    634.944,
                    959.04
                ],
                [
                    634.944,
                    960.0120000000001
                ],
                [
                    630.912,
                    960.984
                ],
                [
                    629.952,
                    963.0360000000001
                ],
                [
                    614.976,
                    968.976
                ],
                [
                    604.992,
                    976.968
                ],
                [
                    593.088,
                    983.016
                ],
                [
                    589.056,
                    983.988
                ],
                [
                    581.952,
                    987.9839999999999
                ],
                [
                    580.992,
                    990.036
                ],
                [
                    579.072,
                    990.036
                ],
                [
                    572.928,
                    994.032
                ],
                [
                    566.976,
                    995.976
                ],
                [
                    555.072,
                    1003.968
                ],
                [
                    550.0799999999999,
                    1005.048
                ],
                [
                    541.056,
                    1010.0160000000001
                ],
                [
                    537.024,
                    1014.012
                ],
                [
                    527.0400000000001,
                    1017.036
                ],
                [
                    522.048,
                    1021.032
                ],
                [
                    518.976,
                    1021.032
                ],
                [
                    513.984,
                    1025.028
                ],
                [
                    505.92,
                    1026.972
                ],
                [
                    498.04800000000006,
                    1032.048
                ],
                [
                    495.9359999999999,
                    1034.964
                ],
                [
                    494.01599999999996,
                    1036.044
                ],
                [
                    490.94399999999996,
                    1036.044
                ]
            ]
        },
        {
            "ID": "2",
            "CLASS": "종이",
            "DETAILS": "종이",
            "DAMAGE": "손상",
            "DIRTINESS": "오염없음",
            "COVER": "없음",
            "TRANSPARENCY": "불투명",
            "SHAPE": "종이컵형",
            "SHAPE_TYPE": "POLYGON",
            "POINTS": [
                [
                    1569.984,
                    331.992
                ],
                [
                    1564.032,
                    327.024
                ],
                [
                    1550.9759999999999,
                    311.03999999999996
                ],
                [
                    1545.024,
                    307.044
                ],
                [
                    1540.0320000000002,
                    300.996
                ],
                [
                    1536,
                    297.972
                ],
                [
                    1535.04,
                    296.028
                ],
                [
                    1522.944,
                    285.984
                ],
                [
                    1521.984,
                    284.04
                ],
                [
                    1512,
                    273.996
                ],
                [
                    1494.9119999999998,
                    259.956
                ],
                [
                    1488.96,
                    250.02
                ],
                [
                    1488,
                    246.024
                ],
                [
                    1484.9279999999999,
                    243.97199999999998
                ],
                [
                    1483.968,
                    239.004
                ],
                [
                    1481.088,
                    235.98
                ],
                [
                    1477.056,
                    220.96800000000002
                ],
                [
                    1478.016,
                    208.00799999999998
                ],
                [
                    1482.048,
                    200.988
                ],
                [
                    1497.024,
                    189.972
                ],
                [
                    1503.936,
                    181.98000000000002
                ],
                [
                    1513.92,
                    173.01600000000002
                ],
                [
                    1515.0720000000001,
                    170.964
                ],
                [
                    1521.0240000000001,
                    165.996
                ],
                [
                    1522.944,
                    162
                ],
                [
                    1526.976,
                    159.948
                ],
                [
                    1527.936,
                    157.032
                ],
                [
                    1531.008,
                    154.98
                ],
                [
                    1536.96,
                    146.988
                ],
                [
                    1541.952,
                    145.044
                ],
                [
                    1545.024,
                    145.044
                ],
                [
                    1550.9759999999999,
                    146.988
                ],
                [
                    1559.0400000000002,
                    146.988
                ],
                [
                    1566.912,
                    153.036
                ],
                [
                    1571.904,
                    154.98
                ],
                [
                    1587.0720000000001,
                    164.05200000000002
                ],
                [
                    1593.9840000000002,
                    166.968
                ],
                [
                    1596.096,
                    166.968
                ],
                [
                    1606.08,
                    169.99200000000002
                ],
                [
                    1617.984,
                    174.96
                ],
                [
                    1631.04,
                    181.008
                ],
                [
                    1635.0720000000001,
                    184.03199999999998
                ],
                [
                    1638.912,
                    185.00400000000002
                ],
                [
                    1652.9279999999999,
                    192.024
                ],
                [
                    1657.92,
                    196.01999999999998
                ],
                [
                    1662.912,
                    197.964
                ],
                [
                    1670.016,
                    199.04399999999998
                ],
                [
                    1684.9920000000002,
                    208.00799999999998
                ],
                [
                    1685.952,
                    211.03199999999998
                ],
                [
                    1684.9920000000002,
                    222.048
                ],
                [
                    1680.9599999999998,
                    231.012
                ],
                [
                    1665.9840000000002,
                    254.988
                ],
                [
                    1659.072,
                    263.952
                ],
                [
                    1652.9279999999999,
                    269.02799999999996
                ],
                [
                    1640.0639999999999,
                    273.996
                ],
                [
                    1640.0639999999999,
                    274.968
                ],
                [
                    1636.992,
                    277.02
                ],
                [
                    1632.96,
                    281.988
                ],
                [
                    1627.968,
                    285.984
                ],
                [
                    1598.9759999999999,
                    304.99199999999996
                ],
                [
                    1590.912,
                    311.03999999999996
                ],
                [
                    1583.04,
                    320.004
                ],
                [
                    1570.944,
                    328.96799999999996
                ],
                [
                    1569.984,
                    331.992
                ]
            ]
        },
        {
            "ID": "3",
            "CLASS": "종이",
            "DETAILS": "종이",
            "DAMAGE": "손상",
            "DIRTINESS": "오염없음",
            "COVER": "겹침",
            "TRANSPARENCY": "불투명",
            "SHAPE": "낱장형",
            "SHAPE_TYPE": "POLYGON",
            "POINTS": [
                [
                    168,
                    1080
                ],
                [
                    169.92,
                    1037.016
                ],
                [
                    176.06400000000002,
                    1018.008
                ],
                [
                    180.096,
                    995.004
                ],
                [
                    180.096,
                    979.02
                ],
                [
                    186.048,
                    947.052
                ],
                [
                    192,
                    929.9879999999999
                ],
                [
                    192.96,
                    907.956
                ],
                [
                    198.912,
                    893.052
                ],
                [
                    198.912,
                    883.008
                ],
                [
                    202.94400000000002,
                    872.964
                ],
                [
                    206.976,
                    847.044
                ],
                [
                    221.952,
                    818.9639999999999
                ],
                [
                    253.056,
                    786.996
                ],
                [
                    257.08799999999997,
                    783.972
                ],
                [
                    264.96000000000004,
                    782.028
                ],
                [
                    278.976,
                    782.028
                ],
                [
                    307.96799999999996,
                    786.996
                ],
                [
                    315.072,
                    791.9639999999999
                ],
                [
                    332.928,
                    798.0120000000001
                ],
                [
                    347.904,
                    802.008
                ],
                [
                    358.08,
                    802.008
                ],
                [
                    398.016,
                    816.048
                ],
                [
                    420.096,
                    817.992
                ],
                [
                    442.94399999999996,
                    825.984
                ],
                [
                    452.928,
                    826.956
                ],
                [
                    474.048,
                    834.948
                ],
                [
                    485.952,
                    837
                ],
                [
                    497.088,
                    840.996
                ],
                [
                    519.9359999999999,
                    840.024
                ],
                [
                    526.08,
                    843.048
                ],
                [
                    514.944,
                    845.9639999999999
                ],
                [
                    523.968,
                    848.988
                ],
                [
                    526.08,
                    856.0079999999999
                ],
                [
                    490.94399999999996,
                    875.988
                ],
                [
                    460.03200000000004,
                    891
                ],
                [
                    431.04,
                    910.008
                ],
                [
                    431.04,
                    918
                ],
                [
                    427.008,
                    921.024
                ],
                [
                    426.048,
                    928.044
                ],
                [
                    428.928,
                    936.0360000000001
                ],
                [
                    435.072,
                    941.0039999999999
                ],
                [
                    438.912,
                    952.02
                ],
                [
                    452.928,
                    975.024
                ],
                [
                    452.928,
                    979.992
                ],
                [
                    480,
                    1022.004
                ],
                [
                    480,
                    1029.024
                ],
                [
                    490.94399999999996,
                    1037.016
                ],
                [
                    494.97599999999994,
                    1037.988
                ],
                [
                    510.91200000000003,
                    1036.044
                ],
                [
                    504.96000000000004,
                    1029.996
                ],
                [
                    522.048,
                    1021.032
                ],
                [
                    551.04,
                    1007.964
                ],
                [
                    580.0319999999999,
                    991.98
                ],
                [
                    601.92,
                    983.016
                ],
                [
                    610.944,
                    975.996
                ],
                [
                    617.0880000000001,
                    975.024
                ],
                [
                    623.04,
                    971.028
                ],
                [
                    630.912,
                    968.976
                ],
                [
                    639.9359999999999,
                    969.948
                ],
                [
                    646.08,
                    972
                ],
                [
                    662.016,
                    983.016
                ],
                [
                    662.976,
                    988.9559999999999
                ],
                [
                    672.9599999999999,
                    998.028
                ],
                [
                    676.9920000000001,
                    1006.02
                ],
                [
                    685.056,
                    1011.96
                ],
                [
                    685.056,
                    1014.9839999999999
                ],
                [
                    694.0799999999999,
                    1025.028
                ],
                [
                    701.952,
                    1029.996
                ],
                [
                    708.096,
                    1053.972
                ],
                [
                    710.0160000000001,
                    1073.952
                ],
                [
                    708.096,
                    1080
                ],
                [
                    168,
                    1080
                ]
            ]
        },
        {
            "ID": "4",
            "CLASS": "종이",
            "DETAILS": "종이",
            "DAMAGE": "손상",
            "DIRTINESS": "오염없음",
            "COVER": "없음",
            "TRANSPARENCY": "불투명",
            "SHAPE": "낱장형",
            "SHAPE_TYPE": "POLYGON",
            "POINTS": [
                [
                    1588.032,
                    456.948
                ],
                [
                    1584,
                    455.004
                ],
                [
                    1574.0159999999998,
                    455.004
                ],
                [
                    1549.056,
                    451.97999999999996
                ],
                [
                    1535.04,
                    447.984
                ],
                [
                    1522.944,
                    447.984
                ],
                [
                    1520.0639999999999,
                    447.012
                ],
                [
                    1510.08,
                    440.964
                ],
                [
                    1497.984,
                    432
                ],
                [
                    1487.04,
                    428.00399999999996
                ],
                [
                    1483.008,
                    428.00399999999996
                ],
                [
                    1476.096,
                    425.952
                ],
                [
                    1459.9679999999998,
                    427.032
                ],
                [
                    1454.0159999999998,
                    425.952
                ],
                [
                    1449.984,
                    409.968
                ],
                [
                    1445.952,
                    374.004
                ],
                [
                    1443.0720000000001,
                    365.04
                ],
                [
                    1441.92,
                    358.02000000000004
                ],
                [
                    1443.0720000000001,
                    339.98400000000004
                ],
                [
                    1441.92,
                    296.028
                ],
                [
                    1440.9599999999998,
                    292.032
                ],
                [
                    1430.016,
                    280.044
                ],
                [
                    1426.944,
                    273.996
                ],
                [
                    1425.9840000000002,
                    266.976
                ],
                [
                    1422.912,
                    262.00800000000004
                ],
                [
                    1420.992,
                    250.02
                ],
                [
                    1419.072,
                    247.968
                ],
                [
                    1416.96,
                    238.032
                ],
                [
                    1416.96,
                    227.016
                ],
                [
                    1417.92,
                    226.044
                ],
                [
                    1428.096,
                    226.044
                ],
                [
                    1430.9759999999999,
                    224.96400000000003
                ],
                [
                    1435.0079999999998,
                    222.048
                ],
                [
                    1449.984,
                    227.016
                ],
                [
                    1460.928,
                    234.036
                ],
                [
                    1467.0720000000001,
                    239.004
                ],
                [
                    1468.992,
                    243
                ],
                [
                    1476.096,
                    249.048
                ],
                [
                    1494.9119999999998,
                    261.036
                ],
                [
                    1502.976,
                    267.948
                ],
                [
                    1510.08,
                    272.052
                ],
                [
                    1531.968,
                    292.032
                ],
                [
                    1536.96,
                    294.94800000000004
                ],
                [
                    1551.9360000000001,
                    311.03999999999996
                ],
                [
                    1558.08,
                    316.00800000000004
                ],
                [
                    1563.0720000000001,
                    323.02799999999996
                ],
                [
                    1587.0720000000001,
                    342.036
                ],
                [
                    1588.992,
                    344.952
                ],
                [
                    1593.024,
                    351.97200000000004
                ],
                [
                    1593.9840000000002,
                    358.02000000000004
                ],
                [
                    1594.944,
                    450.036
                ],
                [
                    1592.064,
                    456.948
                ],
                [
                    1588.032,
                    456.948
                ]
            ]
        }
    ]
}