{
    "IMAGE_INFO": {
        "FILE_NAME": "1033561@0_02001_221006_P1_T3__2801.jpg",
        "DATE": "2022-10-28 18:12:04",
        "RESOLUTION": "1920 x 1080",
        "IMAGE_PHOTOGRAPHER": "조신주",
        "FOCUS_DISTANCE": "8.0",
        "EXPOSURE_TIME": "1/160",
        "SENSITIVITY_ISO": "5000",
        "PLACE": "강북재활용센터",
        "REGION_NAME": null,
        "Direction": "0",
        "HEIGHT": "115",
        "DAY/NIGHT": "주간",
        "WEATHER": "맑음",
        "IMAGE_HEIGHT": 1080,
        "IMAGE_WIDTH": 1920,
        "IMAGE_SIZE": "628.0 KB"
    },
    "ANNOTATION_INFO": [
        {
            "ID": "1",
            "CLASS": "종이",
            "DETAILS": "종이",
            "DAMAGE": "손상",
            "DIRTINESS": "오염없음",
            "COVER": "겹침",
            "TRANSPARENCY": "불투명",
            "SHAPE": "종이컵형",
            "SHAPE_TYPE": "POLYGON",
            "POINTS": [
                [
                    873.984,
                    122.04
                ],
                [
                    862.08,
                    116.964
                ],
                [
                    854.976,
                    116.964
                ],
                [
                    848.064,
                    111.996
                ],
                [
                    840,
                    111.024
                ],
                [
                    834.048,
                    105.94800000000001
                ],
                [
                    825.024,
                    104.00399999999999
                ],
                [
                    814.0799999999999,
                    97.956
                ],
                [
                    766.08,
                    57.024
                ],
                [
                    762.048,
                    56.052
                ],
                [
                    758.016,
                    50.976
                ],
                [
                    749.952,
                    50.004
                ],
                [
                    729.024,
                    19.98
                ],
                [
                    725.952,
                    6.048
                ],
                [
                    729.024,
                    2.052
                ],
                [
                    908.928,
                    0
                ],
                [
                    907.968,
                    45.036
                ],
                [
                    897.024,
                    97.956
                ],
                [
                    891.072,
                    115.99199999999999
                ],
                [
                    879.9359999999999,
                    122.04
                ],
                [
                    873.984,
                    122.04
                ]
            ]
        },
        {
            "ID": "2",
            "CLASS": "종이",
            "DETAILS": "종이",
            "DAMAGE": "손상",
            "DIRTINESS": "오염없음",
            "COVER": "겹침",
            "TRANSPARENCY": "불투명",
            "SHAPE": "종이컵형",
            "SHAPE_TYPE": "POLYGON",
            "POINTS": [
                [
                    1329.0240000000001,
                    494.964
                ],
                [
                    1324.032,
                    493.99199999999996
                ],
                [
                    1316.9279999999999,
                    488.052
                ],
                [
                    1320,
                    455.976
                ],
                [
                    1316.9279999999999,
                    443.988
                ],
                [
                    1308.096,
                    434.05199999999996
                ],
                [
                    1291.968,
                    405.97200000000004
                ],
                [
                    1267.968,
                    392.03999999999996
                ],
                [
                    1263.936,
                    385.992
                ],
                [
                    1268.928,
                    350.028
                ],
                [
                    1273.92,
                    334.04400000000004
                ],
                [
                    1286.976,
                    309.96
                ],
                [
                    1323.0720000000001,
                    273.996
                ],
                [
                    1334.0159999999998,
                    267.948
                ],
                [
                    1344,
                    258.012
                ],
                [
                    1403.904,
                    219.99599999999998
                ],
                [
                    1410.048,
                    219.024
                ],
                [
                    1464,
                    189.972
                ],
                [
                    1507.968,
                    173.988
                ],
                [
                    1527.936,
                    169.99200000000002
                ],
                [
                    1539.072,
                    169.99200000000002
                ],
                [
                    1544.064,
                    170.964
                ],
                [
                    1560,
                    196.01999999999998
                ],
                [
                    1568.0639999999999,
                    219.024
                ],
                [
                    1569.984,
                    247.968
                ],
                [
                    1555.968,
                    293.976
                ],
                [
                    1536,
                    346.03200000000004
                ],
                [
                    1530.048,
                    374.004
                ],
                [
                    1520.0639999999999,
                    393.98400000000004
                ],
                [
                    1507.968,
                    408.024
                ],
                [
                    1468.032,
                    435.024
                ],
                [
                    1455.936,
                    440.964
                ],
                [
                    1443.0720000000001,
                    452.952
                ],
                [
                    1428.096,
                    459.972
                ],
                [
                    1401.0240000000001,
                    482.00399999999996
                ],
                [
                    1393.92,
                    483.948
                ],
                [
                    1386.048,
                    483.948
                ],
                [
                    1358.9759999999999,
                    492.048
                ],
                [
                    1342.08,
                    494.964
                ],
                [
                    1329.0240000000001,
                    494.964
                ]
            ]
        },
        {
            "ID": "3",
            "CLASS": "종이",
            "DETAILS": "종이",
            "DAMAGE": "원형",
            "DIRTINESS": "오염없음",
            "COVER": "겹침",
            "TRANSPARENCY": "불투명",
            "SHAPE": "낱장형",
            "SHAPE_TYPE": "POLYGON",
            "POINTS": [
                [
                    1582.08,
                    1080
                ],
                [
                    1592.064,
                    1057.968
                ],
                [
                    1593.024,
                    1046.952
                ],
                [
                    1598.016,
                    1037.988
                ],
                [
                    1603.968,
                    1011.96
                ],
                [
                    1592.064,
                    1002.024
                ],
                [
                    1587.0720000000001,
                    1002.024
                ],
                [
                    1580.928,
                    999
                ],
                [
                    1574.0159999999998,
                    987.0120000000001
                ],
                [
                    1551.9360000000001,
                    965.952
                ],
                [
                    1541.952,
                    961.956
                ],
                [
                    1507.968,
                    936.0360000000001
                ],
                [
                    1488,
                    924.048
                ],
                [
                    1478.016,
                    921.996
                ],
                [
                    1479.9360000000001,
                    914.976
                ],
                [
                    1497.024,
                    891
                ],
                [
                    1531.968,
                    848.988
                ],
                [
                    1536,
                    840.024
                ],
                [
                    1532.9279999999999,
                    832.0319999999999
                ],
                [
                    1526.976,
                    832.0319999999999
                ],
                [
                    1521.984,
                    836.028
                ],
                [
                    1521.0240000000001,
                    825.984
                ],
                [
                    1527.936,
                    813.9960000000001
                ],
                [
                    1537.92,
                    812.052
                ],
                [
                    1551.9360000000001,
                    794.9879999999999
                ],
                [
                    1561.92,
                    789.048
                ],
                [
                    1569.984,
                    787.9680000000001
                ],
                [
                    1575.936,
                    783
                ],
                [
                    1598.016,
                    758.052
                ],
                [
                    1598.9759999999999,
                    752.976
                ],
                [
                    1606.08,
                    752.976
                ],
                [
                    1612.032,
                    758.052
                ],
                [
                    1617.984,
                    759.024
                ],
                [
                    1654.0800000000002,
                    778.032
                ],
                [
                    1665.024,
                    786.024
                ],
                [
                    1694.976,
                    801.0360000000001
                ],
                [
                    1718.9759999999999,
                    816.048
                ],
                [
                    1728,
                    818.9639999999999
                ],
                [
                    1767.936,
                    840.024
                ],
                [
                    1798.08,
                    860.976
                ],
                [
                    1781.952,
                    883.98
                ],
                [
                    1748.928,
                    921.996
                ],
                [
                    1736.064,
                    941.976
                ],
                [
                    1723.968,
                    956.016
                ],
                [
                    1713.024,
                    964.0079999999999
                ],
                [
                    1698.048,
                    983.988
                ],
                [
                    1676.9279999999999,
                    1006.02
                ],
                [
                    1670.9759999999999,
                    1015.956
                ],
                [
                    1656,
                    1029.996
                ],
                [
                    1646.0159999999998,
                    1045.98
                ],
                [
                    1636.032,
                    1053.972
                ],
                [
                    1617.024,
                    1080
                ],
                [
                    1582.08,
                    1080
                ]
            ]
        }
    ]
}