{
    "IMAGE_INFO": {
        "FILE_NAME": "1033360@0_02001_221006_P1_T3__1145.jpg",
        "DATE": "2022-10-28 18:07:41",
        "RESOLUTION": "1920 x 1080",
        "IMAGE_PHOTOGRAPHER": "조신주",
        "FOCUS_DISTANCE": "8.0",
        "EXPOSURE_TIME": "1/160",
        "SENSITIVITY_ISO": "5000",
        "PLACE": "강북재활용센터",
        "REGION_NAME": null,
        "Direction": "0",
        "HEIGHT": "115",
        "DAY/NIGHT": "주간",
        "WEATHER": "맑음",
        "IMAGE_HEIGHT": 1080,
        "IMAGE_WIDTH": 1920,
        "IMAGE_SIZE": "594.0 KB"
    },
    "ANNOTATION_INFO": [
        {
            "ID": "1",
            "CLASS": "종이",
            "DETAILS": "종이",
            "DAMAGE": "손상",
            "DIRTINESS": "오염없음",
            "COVER": "없음",
            "TRANSPARENCY": "불투명",
            "SHAPE": "박스형",
            "SHAPE_TYPE": "POLYGON",
            "POINTS": [
                [
                    1147.968,
                    500.04
                ],
                [
                    1122.048,
                    489.996
                ],
                [
                    1102.08,
                    489.996
                ],
                [
                    1094.0159999999998,
                    486
                ],
                [
                    1083.0720000000001,
                    489.996
                ],
                [
                    1081.92,
                    486
                ],
                [
                    1056,
                    463.96799999999996
                ],
                [
                    1064.064,
                    434.05199999999996
                ],
                [
                    1068.096,
                    404.02799999999996
                ],
                [
                    1074.048,
                    385.992
                ],
                [
                    1084.032,
                    327.99600000000004
                ],
                [
                    1089.984,
                    320.976
                ],
                [
                    1109.952,
                    316.00800000000004
                ],
                [
                    1118.9759999999999,
                    316.00800000000004
                ],
                [
                    1137.024,
                    324
                ],
                [
                    1143.936,
                    324
                ],
                [
                    1160.0639999999999,
                    330.048
                ],
                [
                    1177.92,
                    334.04400000000004
                ],
                [
                    1209.0240000000001,
                    347.976
                ],
                [
                    1208.0639999999999,
                    362.016
                ],
                [
                    1211.904,
                    374.004
                ],
                [
                    1208.0639999999999,
                    393.012
                ],
                [
                    1188.096,
                    447.012
                ],
                [
                    1177.92,
                    493.99199999999996
                ],
                [
                    1174.0800000000002,
                    500.04
                ],
                [
                    1147.968,
                    500.04
                ]
            ]
        },
        {
            "ID": "2",
            "CLASS": "종이",
            "DETAILS": "종이",
            "DAMAGE": "완전압착",
            "DIRTINESS": "오염없음",
            "COVER": "없음",
            "TRANSPARENCY": "불투명",
            "SHAPE": "종이팩형",
            "SHAPE_TYPE": "POLYGON",
            "POINTS": [
                [
                    1451.904,
                    801.0360000000001
                ],
                [
                    1444.032,
                    795.96
                ],
                [
                    1440,
                    790.0200000000001
                ],
                [
                    1440,
                    783
                ],
                [
                    1419.072,
                    729
                ],
                [
                    1406.976,
                    681.048
                ],
                [
                    1406.0159999999998,
                    659.9879999999999
                ],
                [
                    1401.984,
                    651.024
                ],
                [
                    1401.0240000000001,
                    613.98
                ],
                [
                    1411.968,
                    586.0079999999999
                ],
                [
                    1412.9279999999999,
                    574.02
                ],
                [
                    1416,
                    571.968
                ],
                [
                    1497.984,
                    546.048
                ],
                [
                    1513.92,
                    543.024
                ],
                [
                    1516.032,
                    542.052
                ],
                [
                    1532.9279999999999,
                    558.0360000000001
                ],
                [
                    1545.024,
                    582.0120000000001
                ],
                [
                    1551.9360000000001,
                    625.968
                ],
                [
                    1571.904,
                    666.0360000000001
                ],
                [
                    1575.936,
                    679.9680000000001
                ],
                [
                    1571.904,
                    709.992
                ],
                [
                    1574.976,
                    716.0400000000001
                ],
                [
                    1579.9679999999998,
                    717.0120000000001
                ],
                [
                    1580.928,
                    722.952
                ],
                [
                    1592.064,
                    735.048
                ],
                [
                    1596.096,
                    752.976
                ],
                [
                    1593.024,
                    759.024
                ],
                [
                    1585.9199999999998,
                    759.996
                ],
                [
                    1574.976,
                    771.984
                ],
                [
                    1555.968,
                    783.972
                ],
                [
                    1537.92,
                    791.9639999999999
                ],
                [
                    1513.92,
                    795.96
                ],
                [
                    1493.952,
                    798.0120000000001
                ],
                [
                    1468.032,
                    798.0120000000001
                ],
                [
                    1459.9679999999998,
                    801.0360000000001
                ],
                [
                    1451.904,
                    801.0360000000001
                ]
            ]
        },
        {
            "ID": "3",
            "CLASS": "종이",
            "DETAILS": "종이",
            "DAMAGE": "완전압착",
            "DIRTINESS": "오염없음",
            "COVER": "겹침",
            "TRANSPARENCY": "불투명",
            "SHAPE": "박스형",
            "SHAPE_TYPE": "POLYGON",
            "POINTS": [
                [
                    777.024,
                    702
                ],
                [
                    761.088,
                    694.9799999999999
                ],
                [
                    754.944,
                    694.9799999999999
                ],
                [
                    744.96,
                    690.984
                ],
                [
                    739.008,
                    690.0120000000001
                ],
                [
                    729.9839999999999,
                    683.9639999999999
                ],
                [
                    709.056,
                    674.028
                ],
                [
                    700.0319999999999,
                    667.008
                ],
                [
                    672.9599999999999,
                    655.0200000000001
                ],
                [
                    672,
                    652.9680000000001
                ],
                [
                    666.048,
                    651.024
                ],
                [
                    662.976,
                    648
                ],
                [
                    658.944,
                    648
                ],
                [
                    656.064,
                    644.976
                ],
                [
                    651.072,
                    644.976
                ],
                [
                    642.048,
                    639.0360000000001
                ],
                [
                    635.904,
                    637.956
                ],
                [
                    628.992,
                    635.04
                ],
                [
                    624,
                    631.0440000000001
                ],
                [
                    604.992,
                    621
                ],
                [
                    595.9680000000001,
                    613.98
                ],
                [
                    591.936,
                    613.008
                ],
                [
                    576,
                    602.964
                ],
                [
                    571.968,
                    597.996
                ],
                [
                    567.936,
                    597.024
                ],
                [
                    561.984,
                    590.004
                ],
                [
                    570.048,
                    559.9799999999999
                ],
                [
                    576.96,
                    544.9680000000001
                ],
                [
                    588.096,
                    532.98
                ],
                [
                    596.928,
                    528.984
                ],
                [
                    606.912,
                    528.984
                ],
                [
                    615.9359999999999,
                    531.0360000000001
                ],
                [
                    624,
                    537.948
                ],
                [
                    628.992,
                    540
                ],
                [
                    632.064,
                    540
                ],
                [
                    639.9359999999999,
                    543.024
                ],
                [
                    643.968,
                    543.024
                ],
                [
                    652.9920000000001,
                    537.948
                ],
                [
                    657.024,
                    533.952
                ],
                [
                    661.056,
                    528.0120000000001
                ],
                [
                    666.048,
                    513.972
                ],
                [
                    672,
                    506.952
                ],
                [
                    676.9920000000001,
                    506.952
                ],
                [
                    691.008,
                    510.94800000000004
                ],
                [
                    739.9680000000001,
                    532.98
                ],
                [
                    754.944,
                    542.052
                ],
                [
                    758.976,
                    542.052
                ],
                [
                    769.9200000000001,
                    548.9639999999999
                ],
                [
                    786.048,
                    555.984
                ],
                [
                    796.9920000000001,
                    563.976
                ],
                [
                    804.096,
                    567.972
                ],
                [
                    811.008,
                    570.024
                ],
                [
                    820.0319999999999,
                    575.9639999999999
                ],
                [
                    820.0319999999999,
                    602.964
                ],
                [
                    817.92,
                    614.952
                ],
                [
                    812.928,
                    628.02
                ],
                [
                    806.976,
                    637.956
                ],
                [
                    804.096,
                    655.0200000000001
                ],
                [
                    796.9920000000001,
                    671.0039999999999
                ],
                [
                    795.072,
                    682.02
                ],
                [
                    791.04,
                    686.016
                ],
                [
                    786.048,
                    699.948
                ],
                [
                    781.056,
                    702
                ],
                [
                    777.024,
                    702
                ]
            ]
        }
    ]
}