{
    "IMAGE_INFO": {
        "FILE_NAME": "1033368@0_02001_221006_P1_T3__1474.jpg",
        "DATE": "2022-10-28 18:08:33",
        "RESOLUTION": "1920 x 1080",
        "IMAGE_PHOTOGRAPHER": "조신주",
        "FOCUS_DISTANCE": "8.0",
        "EXPOSURE_TIME": "1/160",
        "SENSITIVITY_ISO": "5000",
        "PLACE": "강북재활용센터",
        "REGION_NAME": null,
        "Direction": "0",
        "HEIGHT": "115",
        "DAY/NIGHT": "주간",
        "WEATHER": "맑음",
        "IMAGE_HEIGHT": 1080,
        "IMAGE_WIDTH": 1920,
        "IMAGE_SIZE": "598.7 KB"
    },
    "ANNOTATION_INFO": [
        {
            "ID": "1",
            "CLASS": "종이",
            "DETAILS": "종이",
            "DAMAGE": "원형",
            "DIRTINESS": "이물질(외부)",
            "COVER": "없음",
            "TRANSPARENCY": "불투명",
            "SHAPE": "낱장형",
            "SHAPE_TYPE": "POLYGON",
            "POINTS": [
                [
                    1262.976,
                    527.04
                ],
                [
                    1238.9759999999999,
                    525.96
                ],
                [
                    1223.04,
                    524.0160000000001
                ],
                [
                    1211.904,
                    520.02
                ],
                [
                    1204.9920000000002,
                    516.024
                ],
                [
                    1190.9759999999999,
                    512.028
                ],
                [
                    1181.952,
                    508.032
                ],
                [
                    1171.008,
                    501.012
                ],
                [
                    1158.912,
                    490.968
                ],
                [
                    1155.0720000000001,
                    485.028
                ],
                [
                    1152,
                    483.948
                ],
                [
                    1142.016,
                    473.04
                ],
                [
                    1127.04,
                    447.012
                ],
                [
                    1123.008,
                    429.94800000000004
                ],
                [
                    1123.008,
                    420.012
                ],
                [
                    1119.9360000000001,
                    413.964
                ],
                [
                    1113.9840000000002,
                    408.024
                ],
                [
                    1113.9840000000002,
                    389.988
                ],
                [
                    1116.096,
                    388.044
                ],
                [
                    1116.096,
                    381.024
                ],
                [
                    1113.9840000000002,
                    377.028
                ],
                [
                    1113.9840000000002,
                    351
                ],
                [
                    1116.096,
                    335.988
                ],
                [
                    1116.096,
                    315.036
                ],
                [
                    1118.9759999999999,
                    304.99199999999996
                ],
                [
                    1127.04,
                    296.028
                ],
                [
                    1150.08,
                    280.044
                ],
                [
                    1175.04,
                    259.956
                ],
                [
                    1204.9920000000002,
                    230.04
                ],
                [
                    1210.944,
                    226.044
                ],
                [
                    1217.088,
                    224.96400000000003
                ],
                [
                    1219.9679999999998,
                    224.96400000000003
                ],
                [
                    1227.0720000000001,
                    226.044
                ],
                [
                    1253.952,
                    234.036
                ],
                [
                    1259.904,
                    235.00799999999998
                ],
                [
                    1275.0720000000001,
                    235.00799999999998
                ],
                [
                    1304.064,
                    239.976
                ],
                [
                    1308.096,
                    242.028
                ],
                [
                    1318.08,
                    243.97199999999998
                ],
                [
                    1330.944,
                    245.052
                ],
                [
                    1333.056,
                    246.024
                ],
                [
                    1337.088,
                    249.048
                ],
                [
                    1344,
                    258.98400000000004
                ],
                [
                    1359.9360000000001,
                    273.996
                ],
                [
                    1369.92,
                    286.956
                ],
                [
                    1372.032,
                    292.032
                ],
                [
                    1376.064,
                    294.94800000000004
                ],
                [
                    1381.056,
                    303.048
                ],
                [
                    1382.016,
                    308.016
                ],
                [
                    1386.048,
                    311.03999999999996
                ],
                [
                    1391.04,
                    320.976
                ],
                [
                    1392,
                    331.992
                ],
                [
                    1396.992,
                    342.036
                ],
                [
                    1396.992,
                    347.976
                ],
                [
                    1401.0240000000001,
                    358.99199999999996
                ],
                [
                    1400.0639999999999,
                    394.956
                ],
                [
                    1396.032,
                    407.052
                ],
                [
                    1396.032,
                    412.992
                ],
                [
                    1386.048,
                    439.02
                ],
                [
                    1377.024,
                    455.976
                ],
                [
                    1372.032,
                    461.052
                ],
                [
                    1371.072,
                    465.048
                ],
                [
                    1353.024,
                    486
                ],
                [
                    1347.0720000000001,
                    496.044
                ],
                [
                    1335.936,
                    504.036
                ],
                [
                    1331.904,
                    505.00800000000004
                ],
                [
                    1326.912,
                    509.004
                ],
                [
                    1315.0079999999998,
                    515.052
                ],
                [
                    1301.952,
                    519.048
                ],
                [
                    1296.96,
                    519.048
                ],
                [
                    1287.936,
                    523.044
                ],
                [
                    1280.0639999999999,
                    523.044
                ],
                [
                    1275.0720000000001,
                    524.0160000000001
                ],
                [
                    1272,
                    525.96
                ],
                [
                    1263.936,
                    525.96
                ]
            ]
        },
        {
            "ID": "2",
            "CLASS": "종이",
            "DETAILS": "종이",
            "DAMAGE": "손상",
            "DIRTINESS": "이물질(외부)",
            "COVER": "없음",
            "TRANSPARENCY": "불투명",
            "SHAPE": "박스형",
            "SHAPE_TYPE": "POLYGON",
            "POINTS": [
                [
                    355.00800000000004,
                    686.9879999999999
                ],
                [
                    340.03200000000004,
                    681.048
                ],
                [
                    331.968,
                    681.048
                ],
                [
                    322.94399999999996,
                    677.052
                ],
                [
                    313.92,
                    675.972
                ],
                [
                    310.08,
                    671.976
                ],
                [
                    297.98400000000004,
                    671.0039999999999
                ],
                [
                    288,
                    667.008
                ],
                [
                    284.928,
                    663.984
                ],
                [
                    284.928,
                    655.0200000000001
                ],
                [
                    291.072,
                    650.052
                ],
                [
                    291.072,
                    645.948
                ],
                [
                    283.968,
                    645.948
                ],
                [
                    281.088,
                    641.952
                ],
                [
                    283.008,
                    636.984
                ],
                [
                    281.088,
                    631.0440000000001
                ],
                [
                    273.984,
                    627.048
                ],
                [
                    270.91200000000003,
                    621.972
                ],
                [
                    283.008,
                    567
                ],
                [
                    292.03200000000004,
                    536.004
                ],
                [
                    292.992,
                    524.9879999999999
                ],
                [
                    297.024,
                    516.024
                ],
                [
                    297.98400000000004,
                    505.00800000000004
                ],
                [
                    301.056,
                    500.04
                ],
                [
                    306.048,
                    478.98
                ],
                [
                    307.008,
                    466.992
                ],
                [
                    312.96000000000004,
                    450.036
                ],
                [
                    316.032,
                    428.00399999999996
                ],
                [
                    322.94399999999996,
                    409.968
                ],
                [
                    331.008,
                    397.008
                ],
                [
                    340.03200000000004,
                    389.016
                ],
                [
                    350.01599999999996,
                    382.968
                ],
                [
                    353.088,
                    382.968
                ],
                [
                    374.976,
                    366.984
                ],
                [
                    384,
                    354.024
                ],
                [
                    393.984,
                    347.00399999999996
                ],
                [
                    404.928,
                    343.008
                ],
                [
                    413.952,
                    342.036
                ],
                [
                    423.936,
                    338.04
                ],
                [
                    444.096,
                    336.96
                ],
                [
                    445.05600000000004,
                    335.988
                ],
                [
                    455.03999999999996,
                    335.988
                ],
                [
                    481.92,
                    338.04
                ],
                [
                    489.984,
                    344.952
                ],
                [
                    493.0559999999999,
                    346.03200000000004
                ],
                [
                    499.00800000000004,
                    344.952
                ],
                [
                    512.064,
                    353.052
                ],
                [
                    518.976,
                    354.996
                ],
                [
                    523.968,
                    362.988
                ],
                [
                    524.928,
                    371.952
                ],
                [
                    528.96,
                    380.05199999999996
                ],
                [
                    528,
                    400.032
                ],
                [
                    541.056,
                    412.992
                ],
                [
                    542.976,
                    419.04
                ],
                [
                    539.904,
                    448.956
                ],
                [
                    515.904,
                    509.004
                ],
                [
                    515.904,
                    516.024
                ],
                [
                    523.0079999999999,
                    523.044
                ],
                [
                    527.0400000000001,
                    531.0360000000001
                ],
                [
                    523.968,
                    543.024
                ],
                [
                    515.904,
                    559.9799999999999
                ],
                [
                    514.944,
                    569.052
                ],
                [
                    507.072,
                    582.9839999999999
                ],
                [
                    498.04800000000006,
                    591.948
                ],
                [
                    493.0559999999999,
                    590.004
                ],
                [
                    491.904,
                    593.028
                ],
                [
                    485.952,
                    597.996
                ],
                [
                    484.032,
                    613.008
                ],
                [
                    479.04,
                    624.996
                ],
                [
                    460.03200000000004,
                    644.976
                ],
                [
                    454.08,
                    655.0200000000001
                ],
                [
                    452.928,
                    662.04
                ],
                [
                    444.096,
                    675.972
                ],
                [
                    441.024,
                    678.024
                ],
                [
                    432.96000000000004,
                    679.9680000000001
                ],
                [
                    413.952,
                    678.024
                ],
                [
                    401.088,
                    678.024
                ],
                [
                    393.024,
                    682.992
                ],
                [
                    383.04,
                    682.992
                ],
                [
                    377.08799999999997,
                    686.016
                ]
            ]
        },
        {
            "ID": "3",
            "CLASS": "종이",
            "DETAILS": "종이",
            "DAMAGE": "손상",
            "DIRTINESS": "이물질(외부)",
            "COVER": "없음",
            "TRANSPARENCY": "불투명",
            "SHAPE": "낱장형",
            "SHAPE_TYPE": "POLYGON",
            "POINTS": [
                [
                    627.072,
                    967.0319999999999
                ],
                [
                    618.048,
                    959.04
                ],
                [
                    609.9839999999999,
                    956.9879999999999
                ],
                [
                    605.952,
                    952.992
                ],
                [
                    604.0319999999999,
                    945
                ],
                [
                    596.928,
                    933.984
                ],
                [
                    572.928,
                    914.004
                ],
                [
                    570.048,
                    906.984
                ],
                [
                    567.936,
                    906.984
                ],
                [
                    556.9920000000001,
                    895.968
                ],
                [
                    539.904,
                    867.996
                ],
                [
                    533.952,
                    845.9639999999999
                ],
                [
                    531.072,
                    825.0120000000001
                ],
                [
                    526.08,
                    810
                ],
                [
                    518.976,
                    798.984
                ],
                [
                    513.984,
                    797.04
                ],
                [
                    493.0559999999999,
                    778.032
                ],
                [
                    489.984,
                    771.012
                ],
                [
                    484.032,
                    766.0440000000001
                ],
                [
                    474.048,
                    763.02
                ],
                [
                    457.91999999999996,
                    762.048
                ],
                [
                    449.08799999999997,
                    758.052
                ],
                [
                    451.008,
                    747.036
                ],
                [
                    447.93600000000004,
                    737.964
                ],
                [
                    441.024,
                    726.948
                ],
                [
                    441.024,
                    716.0400000000001
                ],
                [
                    446.016,
                    704.052
                ],
                [
                    457.91999999999996,
                    689.04
                ],
                [
                    459.072,
                    685.044
                ],
                [
                    457.91999999999996,
                    677.052
                ],
                [
                    451.008,
                    667.008
                ],
                [
                    454.08,
                    654.048
                ],
                [
                    461.952,
                    640.98
                ],
                [
                    475.968,
                    625.968
                ],
                [
                    480,
                    617.004
                ],
                [
                    498.04800000000006,
                    598.968
                ],
                [
                    505.92,
                    586.98
                ],
                [
                    518.016,
                    579.96
                ],
                [
                    518.976,
                    575.9639999999999
                ],
                [
                    526.08,
                    569.052
                ],
                [
                    526.08,
                    564.948
                ],
                [
                    531.072,
                    559.9799999999999
                ],
                [
                    533.952,
                    551.9879999999999
                ],
                [
                    542.016,
                    547.02
                ],
                [
                    548.928,
                    551.016
                ],
                [
                    556.9920000000001,
                    550.044
                ],
                [
                    582.9119999999999,
                    539.028
                ],
                [
                    589.056,
                    539.028
                ],
                [
                    599.04,
                    535.032
                ],
                [
                    614.016,
                    533.952
                ],
                [
                    623.04,
                    529.956
                ],
                [
                    634.944,
                    528.0120000000001
                ],
                [
                    646.08,
                    528.0120000000001
                ],
                [
                    651.072,
                    529.956
                ],
                [
                    656.064,
                    535.032
                ],
                [
                    657.984,
                    540.972
                ],
                [
                    676.9920000000001,
                    569.052
                ],
                [
                    684.096,
                    575.9639999999999
                ],
                [
                    685.056,
                    581.0400000000001
                ],
                [
                    690.048,
                    585.036
                ],
                [
                    690.048,
                    589.032
                ],
                [
                    700.0319999999999,
                    598.968
                ],
                [
                    729.024,
                    598.968
                ],
                [
                    734.016,
                    597.996
                ],
                [
                    739.008,
                    593.028
                ],
                [
                    739.9680000000001,
                    597.996
                ],
                [
                    744.96,
                    602.964
                ],
                [
                    749.952,
                    605.988
                ],
                [
                    758.016,
                    605.988
                ],
                [
                    763.0079999999999,
                    608.04
                ],
                [
                    772.9920000000001,
                    621
                ],
                [
                    772.9920000000001,
                    655.0200000000001
                ],
                [
                    777.984,
                    681.048
                ],
                [
                    777.984,
                    697.0319999999999
                ],
                [
                    773.952,
                    702.972
                ],
                [
                    772.9920000000001,
                    713.988
                ],
                [
                    781.056,
                    720.036
                ],
                [
                    782.976,
                    720.036
                ],
                [
                    786.048,
                    725.004
                ],
                [
                    801.984,
                    732.024
                ],
                [
                    815.04,
                    733.968
                ],
                [
                    825.024,
                    737.964
                ],
                [
                    830.976,
                    743.04
                ],
                [
                    838.08,
                    745.956
                ],
                [
                    840,
                    748.98
                ],
                [
                    840,
                    752.976
                ],
                [
                    820.0319999999999,
                    771.984
                ],
                [
                    806.976,
                    794.9879999999999
                ],
                [
                    801.984,
                    820.044
                ],
                [
                    805.056,
                    845.9639999999999
                ],
                [
                    812.928,
                    864
                ],
                [
                    816.96,
                    867.024
                ],
                [
                    817.92,
                    871.992
                ],
                [
                    825.024,
                    879.9839999999999
                ],
                [
                    844.0319999999999,
                    893.052
                ],
                [
                    848.064,
                    893.052
                ],
                [
                    855.9359999999999,
                    897.048
                ],
                [
                    857.0880000000001,
                    901.0440000000001
                ],
                [
                    845.952,
                    910.98
                ],
                [
                    833.088,
                    918
                ],
                [
                    816.96,
                    924.048
                ],
                [
                    800.0640000000001,
                    925.0200000000001
                ],
                [
                    788.928,
                    928.044
                ],
                [
                    776.064,
                    936.0360000000001
                ],
                [
                    763.0079999999999,
                    941.0039999999999
                ],
                [
                    747.072,
                    941.976
                ],
                [
                    739.008,
                    945.972
                ],
                [
                    726.912,
                    945.972
                ],
                [
                    708.096,
                    949.9680000000001
                ],
                [
                    702.9119999999999,
                    952.992
                ],
                [
                    685.056,
                    956.9879999999999
                ],
                [
                    653.952,
                    963.0360000000001
                ],
                [
                    643.0079999999999,
                    963.0360000000001
                ],
                [
                    634.944,
                    965.952
                ]
            ]
        }
    ]
}