{
    "IMAGE_INFO": {
        "FILE_NAME": "1033392@0_02001_221006_P1_T3__1371.jpg",
        "DATE": "2022-10-28 18:08:16",
        "RESOLUTION": "1920 x 1080",
        "IMAGE_PHOTOGRAPHER": "조신주",
        "FOCUS_DISTANCE": "8.0",
        "EXPOSURE_TIME": "1/160",
        "SENSITIVITY_ISO": "5000",
        "PLACE": "강북재활용센터",
        "REGION_NAME": null,
        "Direction": "0",
        "HEIGHT": "115",
        "DAY/NIGHT": "주간",
        "WEATHER": "맑음",
        "IMAGE_HEIGHT": 1080,
        "IMAGE_WIDTH": 1920,
        "IMAGE_SIZE": "555.6 KB"
    },
    "ANNOTATION_INFO": [
        {
            "ID": "1",
            "CLASS": "종이",
            "DETAILS": "종이",
            "DAMAGE": "원형",
            "DIRTINESS": "오염없음",
            "COVER": "없음",
            "TRANSPARENCY": "불투명",
            "SHAPE": "낱장형",
            "SHAPE_TYPE": "POLYGON",
            "POINTS": [
                [
                    403.968,
                    621
                ],
                [
                    403.008,
                    620.028
                ],
                [
                    403.008,
                    609.012
                ],
                [
                    402.048,
                    600.048
                ],
                [
                    399.93600000000004,
                    594.972
                ],
                [
                    398.976,
                    578.988
                ],
                [
                    398.976,
                    552.96
                ],
                [
                    397.05600000000004,
                    546.048
                ],
                [
                    397.05600000000004,
                    542.052
                ],
                [
                    398.016,
                    539.028
                ],
                [
                    398.976,
                    537.948
                ],
                [
                    403.968,
                    536.976
                ],
                [
                    409.92,
                    536.976
                ],
                [
                    421.056,
                    535.032
                ],
                [
                    435.072,
                    535.032
                ],
                [
                    441.024,
                    533.952
                ],
                [
                    452.928,
                    532.98
                ],
                [
                    460.03200000000004,
                    532.98
                ],
                [
                    465.984,
                    531.0360000000001
                ],
                [
                    467.904,
                    531.0360000000001
                ],
                [
                    473.088,
                    532.98
                ],
                [
                    474.048,
                    532.98
                ],
                [
                    478.08,
                    535.032
                ],
                [
                    478.08,
                    536.976
                ],
                [
                    483.072,
                    539.028
                ],
                [
                    489.02399999999994,
                    536.004
                ],
                [
                    490.94399999999996,
                    533.952
                ],
                [
                    490.94399999999996,
                    531.0360000000001
                ],
                [
                    495.9359999999999,
                    528.984
                ],
                [
                    502.08000000000004,
                    528.984
                ],
                [
                    513.024,
                    528.0120000000001
                ],
                [
                    523.0079999999999,
                    525.96
                ],
                [
                    537.984,
                    525.96
                ],
                [
                    547.0079999999999,
                    524.0160000000001
                ],
                [
                    560.0640000000001,
                    524.0160000000001
                ],
                [
                    565.056,
                    521.964
                ],
                [
                    579.072,
                    521.964
                ],
                [
                    580.992,
                    520.992
                ],
                [
                    581.952,
                    520.992
                ],
                [
                    584.0640000000001,
                    519.048
                ],
                [
                    585.024,
                    516.024
                ],
                [
                    589.056,
                    517.9680000000001
                ],
                [
                    593.088,
                    517.9680000000001
                ],
                [
                    594.048,
                    519.048
                ],
                [
                    594.048,
                    520.02
                ],
                [
                    596.928,
                    523.044
                ],
                [
                    605.952,
                    531.0360000000001
                ],
                [
                    608.064,
                    535.032
                ],
                [
                    609.024,
                    543.024
                ],
                [
                    609.024,
                    567
                ],
                [
                    611.904,
                    586.0079999999999
                ],
                [
                    611.904,
                    597.996
                ],
                [
                    609.024,
                    602.964
                ],
                [
                    598.08,
                    605.988
                ],
                [
                    579.072,
                    605.988
                ],
                [
                    575.04,
                    608.04
                ],
                [
                    553.92,
                    608.04
                ],
                [
                    542.016,
                    610.956
                ],
                [
                    532.9920000000001,
                    610.956
                ],
                [
                    528,
                    612.036
                ],
                [
                    508.992,
                    612.036
                ],
                [
                    500.92800000000005,
                    613.008
                ],
                [
                    489.984,
                    614.952
                ],
                [
                    475.968,
                    614.952
                ],
                [
                    464.064,
                    617.004
                ],
                [
                    449.08799999999997,
                    617.004
                ],
                [
                    442.94399999999996,
                    618.9480000000001
                ],
                [
                    428.928,
                    618.9480000000001
                ],
                [
                    416.064,
                    621
                ]
            ]
        }
    ]
}