{
    "IMAGE_INFO": {
        "FILE_NAME": "1033318@0_02001_221006_P1_T3__2913.jpg",
        "DATE": "2022-10-28 18:12:23",
        "RESOLUTION": "1920 x 1080",
        "IMAGE_PHOTOGRAPHER": "조신주",
        "FOCUS_DISTANCE": "8.0",
        "EXPOSURE_TIME": "1/160",
        "SENSITIVITY_ISO": "5000",
        "PLACE": "강북재활용센터",
        "REGION_NAME": null,
        "Direction": "0",
        "HEIGHT": "115",
        "DAY/NIGHT": "주간",
        "WEATHER": "맑음",
        "IMAGE_HEIGHT": 1080,
        "IMAGE_WIDTH": 1920,
        "IMAGE_SIZE": "601.9 KB"
    },
    "ANNOTATION_INFO": [
        {
            "ID": "1",
            "CLASS": "종이",
            "DETAILS": "종이",
            "DAMAGE": "완전압착",
            "DIRTINESS": "이물질(전체)",
            "COVER": "없음",
            "TRANSPARENCY": "불투명",
            "SHAPE": "낱장형",
            "SHAPE_TYPE": "POLYGON",
            "POINTS": [
                [
                    600.96,
                    516.996
                ],
                [
                    595.008,
                    513.972
                ],
                [
                    591.936,
                    512.028
                ],
                [
                    582.9119999999999,
                    504.036
                ],
                [
                    576.96,
                    501.984
                ],
                [
                    575.04,
                    497.016
                ],
                [
                    575.04,
                    494.964
                ],
                [
                    576.96,
                    489.996
                ],
                [
                    580.992,
                    489.024
                ],
                [
                    588.096,
                    490.968
                ],
                [
                    590.976,
                    492.048
                ],
                [
                    596.928,
                    497.016
                ],
                [
                    600,
                    501.012
                ],
                [
                    600,
                    502.956
                ],
                [
                    604.0319999999999,
                    505.00800000000004
                ],
                [
                    604.0319999999999,
                    508.032
                ],
                [
                    606.912,
                    513
                ],
                [
                    604.992,
                    516.024
                ],
                [
                    600.96,
                    516.996
                ]
            ]
        },
        {
            "ID": "2",
            "CLASS": "종이",
            "DETAILS": "종이",
            "DAMAGE": "완전압착",
            "DIRTINESS": "이물질(전체)",
            "COVER": "없음",
            "TRANSPARENCY": "불투명",
            "SHAPE": "낱장형",
            "SHAPE_TYPE": "POLYGON",
            "POINTS": [
                [
                    786.048,
                    721.98
                ],
                [
                    773.952,
                    712.044
                ],
                [
                    747.072,
                    678.024
                ],
                [
                    739.9680000000001,
                    659.9879999999999
                ],
                [
                    743.04,
                    645.948
                ],
                [
                    738.048,
                    643.032
                ],
                [
                    735.9359999999999,
                    636.984
                ],
                [
                    734.016,
                    636.012
                ],
                [
                    724.992,
                    636.984
                ],
                [
                    723.072,
                    635.04
                ],
                [
                    719.04,
                    633.9599999999999
                ],
                [
                    713.088,
                    633.9599999999999
                ],
                [
                    685.056,
                    621
                ],
                [
                    670.0799999999999,
                    609.9839999999999
                ],
                [
                    666.048,
                    605.0160000000001
                ],
                [
                    644.928,
                    590.976
                ],
                [
                    628.992,
                    577.044
                ],
                [
                    624.96,
                    570.996
                ],
                [
                    599.04,
                    552.96
                ],
                [
                    595.008,
                    551.9879999999999
                ],
                [
                    594.048,
                    550.044
                ],
                [
                    582.9119999999999,
                    552.96
                ],
                [
                    580.0319999999999,
                    555.984
                ],
                [
                    571.968,
                    555.984
                ],
                [
                    565.056,
                    551.9879999999999
                ],
                [
                    564.096,
                    547.992
                ],
                [
                    555.072,
                    547.992
                ],
                [
                    546.048,
                    542.052
                ],
                [
                    546.048,
                    532.98
                ],
                [
                    548.928,
                    528.984
                ],
                [
                    551.04,
                    517.9680000000001
                ],
                [
                    576.96,
                    486.97200000000004
                ],
                [
                    580.992,
                    486.97200000000004
                ],
                [
                    582.9119999999999,
                    489.024
                ],
                [
                    594.048,
                    492.048
                ],
                [
                    603.072,
                    498.96000000000004
                ],
                [
                    633.024,
                    528.984
                ],
                [
                    638.976,
                    529.956
                ],
                [
                    643.0079999999999,
                    532.98
                ],
                [
                    651.072,
                    533.952
                ],
                [
                    656.064,
                    536.976
                ],
                [
                    662.016,
                    537.948
                ],
                [
                    663.936,
                    540
                ],
                [
                    672.9599999999999,
                    540.972
                ],
                [
                    676.032,
                    543.9960000000001
                ],
                [
                    685.056,
                    547.02
                ],
                [
                    700.0319999999999,
                    558.0360000000001
                ],
                [
                    706.9440000000001,
                    560.952
                ],
                [
                    711.936,
                    567
                ],
                [
                    718.08,
                    570.996
                ],
                [
                    723.072,
                    571.968
                ],
                [
                    729.024,
                    578.016
                ],
                [
                    730.944,
                    583.9559999999999
                ],
                [
                    734.016,
                    586.0079999999999
                ],
                [
                    737.0880000000001,
                    582.9839999999999
                ],
                [
                    740.928,
                    585.036
                ],
                [
                    744,
                    591.948
                ],
                [
                    748.032,
                    594.972
                ],
                [
                    748.992,
                    598.968
                ],
                [
                    763.0079999999999,
                    606.96
                ],
                [
                    773.952,
                    610.956
                ],
                [
                    777.984,
                    613.98
                ],
                [
                    792.9599999999999,
                    633.9599999999999
                ],
                [
                    800.0640000000001,
                    648
                ],
                [
                    811.968,
                    662.04
                ],
                [
                    811.968,
                    663.984
                ],
                [
                    816.96,
                    667.98
                ],
                [
                    821.952,
                    677.052
                ],
                [
                    825.984,
                    679.9680000000001
                ],
                [
                    826.9440000000001,
                    689.04
                ],
                [
                    829.056,
                    690.984
                ],
                [
                    829.056,
                    698.004
                ],
                [
                    825.984,
                    701.028
                ],
                [
                    816.96,
                    702
                ],
                [
                    806.016,
                    710.9639999999999
                ],
                [
                    801.984,
                    712.044
                ],
                [
                    797.952,
                    714.96
                ],
                [
                    796.9920000000001,
                    717.9839999999999
                ],
                [
                    791.04,
                    721.98
                ],
                [
                    786.048,
                    721.98
                ]
            ]
        },
        {
            "ID": "3",
            "CLASS": "종이",
            "DETAILS": "종이",
            "DAMAGE": "완전압착",
            "DIRTINESS": "이물질(전체)",
            "COVER": "겹침",
            "TRANSPARENCY": "불투명",
            "SHAPE": "낱장형",
            "SHAPE_TYPE": "POLYGON",
            "POINTS": [
                [
                    709.056,
                    794.9879999999999
                ],
                [
                    704.0640000000001,
                    791.9639999999999
                ],
                [
                    689.088,
                    771.984
                ],
                [
                    676.032,
                    741.96
                ],
                [
                    662.016,
                    728.028
                ],
                [
                    657.024,
                    720.036
                ],
                [
                    653.952,
                    710.9639999999999
                ],
                [
                    652.032,
                    690.0120000000001
                ],
                [
                    624.96,
                    682.02
                ],
                [
                    620.928,
                    678.024
                ],
                [
                    606.912,
                    641.952
                ],
                [
                    603.072,
                    636.984
                ],
                [
                    604.0319999999999,
                    628.9920000000001
                ],
                [
                    633.984,
                    601.02
                ],
                [
                    641.088,
                    597.024
                ],
                [
                    643.968,
                    597.024
                ],
                [
                    646.08,
                    594.972
                ],
                [
                    685.056,
                    624.996
                ],
                [
                    694.0799999999999,
                    628.9920000000001
                ],
                [
                    692.928,
                    632.0160000000001
                ],
                [
                    697.92,
                    633.9599999999999
                ],
                [
                    709.056,
                    633.9599999999999
                ],
                [
                    719.04,
                    636.984
                ],
                [
                    730.944,
                    636.984
                ],
                [
                    734.976,
                    641.952
                ],
                [
                    743.04,
                    644.976
                ],
                [
                    744.96,
                    650.052
                ],
                [
                    742.08,
                    651.996
                ],
                [
                    740.928,
                    655.0200000000001
                ],
                [
                    740.928,
                    663.0120000000001
                ],
                [
                    743.04,
                    671.0039999999999
                ],
                [
                    749.952,
                    682.992
                ],
                [
                    754.944,
                    690.0120000000001
                ],
                [
                    764.928,
                    698.976
                ],
                [
                    771.072,
                    708.048
                ],
                [
                    787.968,
                    724.032
                ],
                [
                    793.92,
                    722.952
                ],
                [
                    800.0640000000001,
                    712.044
                ],
                [
                    816,
                    702
                ],
                [
                    824.0640000000001,
                    699.948
                ],
                [
                    821.952,
                    694.9799999999999
                ],
                [
                    825.984,
                    693.0360000000001
                ],
                [
                    826.9440000000001,
                    686.9879999999999
                ],
                [
                    821.952,
                    675
                ],
                [
                    796.032,
                    641.952
                ],
                [
                    793.92,
                    636.012
                ],
                [
                    790.0799999999999,
                    632.0160000000001
                ],
                [
                    790.0799999999999,
                    628.9920000000001
                ],
                [
                    782.016,
                    618.9480000000001
                ],
                [
                    769.9200000000001,
                    610.956
                ],
                [
                    763.0079999999999,
                    610.956
                ],
                [
                    753.024,
                    601.992
                ],
                [
                    745.9200000000001,
                    591.948
                ],
                [
                    737.0880000000001,
                    585.036
                ],
                [
                    730.944,
                    585.036
                ],
                [
                    729.024,
                    578.988
                ],
                [
                    725.952,
                    577.044
                ],
                [
                    724.992,
                    574.02
                ],
                [
                    700.0319999999999,
                    558.0360000000001
                ],
                [
                    696.96,
                    558.0360000000001
                ],
                [
                    734.016,
                    532.98
                ],
                [
                    744.96,
                    528.0120000000001
                ],
                [
                    767.0400000000001,
                    515.052
                ],
                [
                    806.976,
                    486.97200000000004
                ],
                [
                    826.9440000000001,
                    474.98400000000004
                ],
                [
                    835.008,
                    475.95599999999996
                ],
                [
                    841.92,
                    482.976
                ],
                [
                    870.912,
                    520.992
                ],
                [
                    888,
                    544.9680000000001
                ],
                [
                    888.96,
                    550.044
                ],
                [
                    894.912,
                    558.0360000000001
                ],
                [
                    898.944,
                    563.004
                ],
                [
                    907.968,
                    570.024
                ],
                [
                    921.024,
                    597.024
                ],
                [
                    931.008,
                    610.956
                ],
                [
                    932.928,
                    621.972
                ],
                [
                    931.968,
                    624.024
                ],
                [
                    912,
                    637.956
                ],
                [
                    900.096,
                    650.052
                ],
                [
                    863.04,
                    678.9960000000001
                ],
                [
                    845.952,
                    695.952
                ],
                [
                    834.048,
                    705.996
                ],
                [
                    831.936,
                    705.996
                ],
                [
                    828.096,
                    710.9639999999999
                ],
                [
                    806.016,
                    729
                ],
                [
                    804.096,
                    729
                ],
                [
                    791.04,
                    739.044
                ],
                [
                    764.928,
                    762.048
                ],
                [
                    718.08,
                    791.9639999999999
                ],
                [
                    709.056,
                    794.9879999999999
                ]
            ]
        },
        {
            "ID": "4",
            "CLASS": "종이",
            "DETAILS": "종이",
            "DAMAGE": "완전압착",
            "DIRTINESS": "이물질(전체)",
            "COVER": "없음",
            "TRANSPARENCY": "불투명",
            "SHAPE": "낱장형",
            "SHAPE_TYPE": "POLYGON",
            "POINTS": [
                [
                    684.096,
                    559.9799999999999
                ],
                [
                    681.024,
                    558.0360000000001
                ],
                [
                    681.024,
                    555.984
                ],
                [
                    684.096,
                    552.96
                ],
                [
                    689.088,
                    555.984
                ],
                [
                    690.048,
                    558.0360000000001
                ],
                [
                    687.936,
                    558.0360000000001
                ],
                [
                    684.096,
                    559.9799999999999
                ]
            ]
        },
        {
            "ID": "5",
            "CLASS": "종이",
            "DETAILS": "종이",
            "DAMAGE": "완전압착",
            "DIRTINESS": "이물질(전체)",
            "COVER": "없음",
            "TRANSPARENCY": "불투명",
            "SHAPE": "낱장형",
            "SHAPE_TYPE": "POLYGON",
            "POINTS": [
                [
                    552,
                    542.052
                ],
                [
                    548.928,
                    540
                ],
                [
                    548.928,
                    533.952
                ],
                [
                    551.04,
                    532.0079999999999
                ],
                [
                    551.04,
                    533.952
                ],
                [
                    552,
                    536.004
                ],
                [
                    552,
                    542.052
                ]
            ]
        }
    ]
}