{
    "IMAGE_INFO": {
        "FILE_NAME": "1033454@0_02001_221006_P1_T3__2903.jpg",
        "DATE": "2022-10-28 18:12:21",
        "RESOLUTION": "1920 x 1080",
        "IMAGE_PHOTOGRAPHER": "조신주",
        "FOCUS_DISTANCE": "8.0",
        "EXPOSURE_TIME": "1/160",
        "SENSITIVITY_ISO": "5000",
        "PLACE": "강북재활용센터",
        "REGION_NAME": null,
        "Direction": "0",
        "HEIGHT": "115",
        "DAY/NIGHT": "주간",
        "WEATHER": "맑음",
        "IMAGE_HEIGHT": 1080,
        "IMAGE_WIDTH": 1920,
        "IMAGE_SIZE": "541.5 KB"
    },
    "ANNOTATION_INFO": [
        {
            "ID": "1",
            "CLASS": "종이",
            "DETAILS": "종이",
            "DAMAGE": "손상",
            "DIRTINESS": "오염없음",
            "COVER": "없음",
            "TRANSPARENCY": "불투명",
            "SHAPE": "박스형",
            "SHAPE_TYPE": "POLYGON",
            "POINTS": [
                [
                    547.968,
                    434.05199999999996
                ],
                [
                    542.976,
                    432
                ],
                [
                    541.056,
                    428.00399999999996
                ],
                [
                    527.0400000000001,
                    416.01599999999996
                ],
                [
                    508.992,
                    401.976
                ],
                [
                    495.9359999999999,
                    394.956
                ],
                [
                    489.02399999999994,
                    386.964
                ],
                [
                    469.056,
                    378.972
                ],
                [
                    441.024,
                    361.044
                ],
                [
                    436.992,
                    361.044
                ],
                [
                    401.088,
                    342.036
                ],
                [
                    312.96000000000004,
                    281.988
                ],
                [
                    288,
                    243.97199999999998
                ],
                [
                    269.952,
                    205.95600000000002
                ],
                [
                    269.952,
                    195.048
                ],
                [
                    293.952,
                    177.984
                ],
                [
                    298.944,
                    170.964
                ],
                [
                    326.016,
                    146.988
                ],
                [
                    341.952,
                    150.012
                ],
                [
                    353.088,
                    155.952
                ],
                [
                    366.912,
                    161.02800000000002
                ],
                [
                    375.936,
                    161.02800000000002
                ],
                [
                    379.96799999999996,
                    158.976
                ],
                [
                    388.992,
                    149.04000000000002
                ],
                [
                    403.008,
                    119.016
                ],
                [
                    407.03999999999996,
                    116.964
                ],
                [
                    407.03999999999996,
                    114.048
                ],
                [
                    430.08,
                    96.98400000000001
                ],
                [
                    436.992,
                    88.02000000000001
                ],
                [
                    438.912,
                    81
                ],
                [
                    447.93600000000004,
                    69.984
                ],
                [
                    452.928,
                    58.968
                ],
                [
                    461.952,
                    47.952000000000005
                ],
                [
                    470.976,
                    41.04
                ],
                [
                    478.08,
                    38.988
                ],
                [
                    486.912,
                    42.01199999999999
                ],
                [
                    503.04,
                    53.028
                ],
                [
                    513.984,
                    62.964
                ],
                [
                    556.9920000000001,
                    91.044
                ],
                [
                    571.008,
                    104.976
                ],
                [
                    614.016,
                    131.976
                ],
                [
                    632.064,
                    146.988
                ],
                [
                    653.952,
                    161.02800000000002
                ],
                [
                    687.936,
                    192.996
                ],
                [
                    700.0319999999999,
                    200.988
                ],
                [
                    730.944,
                    215.028
                ],
                [
                    734.016,
                    219.024
                ],
                [
                    734.016,
                    227.016
                ],
                [
                    726.912,
                    232.95600000000002
                ],
                [
                    713.088,
                    254.016
                ],
                [
                    696.96,
                    273.024
                ],
                [
                    684.096,
                    284.04
                ],
                [
                    663.936,
                    308.988
                ],
                [
                    662.976,
                    327.024
                ],
                [
                    654.912,
                    339.012
                ],
                [
                    644.928,
                    348.948
                ],
                [
                    649.9200000000001,
                    382.968
                ],
                [
                    644.928,
                    392.03999999999996
                ],
                [
                    641.088,
                    396.036
                ],
                [
                    624.96,
                    402.948
                ],
                [
                    611.904,
                    411.048
                ],
                [
                    610.944,
                    416.01599999999996
                ],
                [
                    606.912,
                    419.04
                ],
                [
                    593.088,
                    424.008
                ],
                [
                    584.0640000000001,
                    424.98
                ],
                [
                    571.008,
                    434.05199999999996
                ],
                [
                    547.968,
                    434.05199999999996
                ]
            ]
        },
        {
            "ID": "2",
            "CLASS": "종이",
            "DETAILS": "종이",
            "DAMAGE": "완전압착",
            "DIRTINESS": "오염없음",
            "COVER": "없음",
            "TRANSPARENCY": "불투명",
            "SHAPE": "낱장형",
            "SHAPE_TYPE": "POLYGON",
            "POINTS": [
                [
                    903.936,
                    1080
                ],
                [
                    894.912,
                    1067.04
                ],
                [
                    888.96,
                    1064.0159999999998
                ],
                [
                    888,
                    1061.964
                ],
                [
                    883.0079999999999,
                    1059.048
                ],
                [
                    873.024,
                    1048.0320000000002
                ],
                [
                    872.064,
                    1045.98
                ],
                [
                    872.064,
                    1045.008
                ],
                [
                    873.024,
                    1042.956
                ],
                [
                    874.944,
                    1041.984
                ],
                [
                    878.016,
                    1041.012
                ],
                [
                    883.0079999999999,
                    1037.988
                ],
                [
                    892.032,
                    1026.972
                ],
                [
                    892.9920000000001,
                    1025.028
                ],
                [
                    894.912,
                    1022.976
                ],
                [
                    897.984,
                    1018.98
                ],
                [
                    901.056,
                    1015.956
                ],
                [
                    907.968,
                    1010.0160000000001
                ],
                [
                    908.928,
                    1007.964
                ],
                [
                    912,
                    1005.048
                ],
                [
                    912.9599999999999,
                    1002.024
                ],
                [
                    920.0640000000001,
                    994.032
                ],
                [
                    931.968,
                    982.044
                ],
                [
                    934.0799999999999,
                    980.9639999999999
                ],
                [
                    935.04,
                    979.992
                ],
                [
                    935.04,
                    978.048
                ],
                [
                    936,
                    975.996
                ],
                [
                    950.976,
                    960.984
                ],
                [
                    951.936,
                    960.984
                ],
                [
                    954.048,
                    960.0120000000001
                ],
                [
                    964.0319999999999,
                    960.0120000000001
                ],
                [
                    968.064,
                    961.956
                ],
                [
                    973.056,
                    967.0319999999999
                ],
                [
                    979.968,
                    975.996
                ],
                [
                    982.0799999999999,
                    979.992
                ],
                [
                    983.9999999999999,
                    982.044
                ],
                [
                    985.92,
                    984.96
                ],
                [
                    988.992,
                    987.9839999999999
                ],
                [
                    989.9519999999999,
                    994.032
                ],
                [
                    990.912,
                    995.976
                ],
                [
                    993.024,
                    998.028
                ],
                [
                    993.024,
                    999.972
                ],
                [
                    999.936,
                    1007.964
                ],
                [
                    1002.048,
                    1010.988
                ],
                [
                    1003.9680000000001,
                    1013.04
                ],
                [
                    1006.08,
                    1014.012
                ],
                [
                    1011.0719999999999,
                    1018.98
                ],
                [
                    1018.944,
                    1022.976
                ],
                [
                    1025.0880000000002,
                    1026.972
                ],
                [
                    1028.928,
                    1029.024
                ],
                [
                    1031.04,
                    1029.024
                ],
                [
                    1035.0720000000001,
                    1033.02
                ],
                [
                    1035.0720000000001,
                    1036.044
                ],
                [
                    1032,
                    1041.984
                ],
                [
                    1030.08,
                    1045.008
                ],
                [
                    1027.008,
                    1048.0320000000002
                ],
                [
                    1025.0880000000002,
                    1053
                ],
                [
                    1017.0239999999999,
                    1064.988
                ],
                [
                    1013.952,
                    1069.9560000000001
                ],
                [
                    1011.0719999999999,
                    1080
                ],
                [
                    903.936,
                    1080
                ]
            ]
        },
        {
            "ID": "3",
            "CLASS": "종이",
            "DETAILS": "종이",
            "DAMAGE": "완전압착",
            "DIRTINESS": "오염없음",
            "COVER": "없음",
            "TRANSPARENCY": "불투명",
            "SHAPE": "낱장형",
            "SHAPE_TYPE": "POLYGON",
            "POINTS": [
                [
                    855.9359999999999,
                    772.956
                ],
                [
                    850.944,
                    771.012
                ],
                [
                    849.024,
                    771.012
                ],
                [
                    805.056,
                    743.04
                ],
                [
                    801.024,
                    736.02
                ],
                [
                    800.0640000000001,
                    732.024
                ],
                [
                    797.952,
                    729.972
                ],
                [
                    792,
                    716.0400000000001
                ],
                [
                    782.976,
                    701.028
                ],
                [
                    777.024,
                    687.96
                ],
                [
                    768.96,
                    675.972
                ],
                [
                    767.0400000000001,
                    671.0039999999999
                ],
                [
                    758.976,
                    660.96
                ],
                [
                    757.0559999999999,
                    656.9639999999999
                ],
                [
                    758.016,
                    651.996
                ],
                [
                    767.0400000000001,
                    645.948
                ],
                [
                    787.0079999999999,
                    635.04
                ],
                [
                    793.92,
                    629.964
                ],
                [
                    798.912,
                    628.02
                ],
                [
                    809.088,
                    621.972
                ],
                [
                    816.96,
                    618.9480000000001
                ],
                [
                    835.9680000000001,
                    613.98
                ],
                [
                    839.04,
                    613.98
                ],
                [
                    843.072,
                    617.976
                ],
                [
                    845.952,
                    624.024
                ],
                [
                    846.912,
                    629.964
                ],
                [
                    857.0880000000001,
                    647.028
                ],
                [
                    858.048,
                    655.0200000000001
                ],
                [
                    863.04,
                    663.0120000000001
                ],
                [
                    864,
                    668.952
                ],
                [
                    868.032,
                    678.9960000000001
                ],
                [
                    872.064,
                    685.044
                ],
                [
                    877.0559999999999,
                    699.948
                ],
                [
                    882.048,
                    708.048
                ],
                [
                    887.0400000000001,
                    712.044
                ],
                [
                    888,
                    713.988
                ],
                [
                    887.0400000000001,
                    729
                ],
                [
                    891.072,
                    732.024
                ],
                [
                    892.032,
                    735.048
                ],
                [
                    889.9200000000001,
                    740.0160000000001
                ],
                [
                    889.9200000000001,
                    744.012
                ],
                [
                    892.032,
                    745.956
                ],
                [
                    892.9920000000001,
                    755.028
                ],
                [
                    897.024,
                    756.972
                ],
                [
                    905.088,
                    758.052
                ],
                [
                    906.048,
                    760.968
                ],
                [
                    902.016,
                    767.0160000000001
                ],
                [
                    897.024,
                    767.9879999999999
                ],
                [
                    889.9200000000001,
                    771.012
                ],
                [
                    887.0400000000001,
                    771.012
                ],
                [
                    878.976,
                    772.956
                ],
                [
                    855.9359999999999,
                    772.956
                ]
            ]
        },
        {
            "ID": "4",
            "CLASS": "종이",
            "DETAILS": "종이",
            "DAMAGE": "완전압착",
            "DIRTINESS": "오염없음",
            "COVER": "없음",
            "TRANSPARENCY": "불투명",
            "SHAPE": "낱장형",
            "SHAPE_TYPE": "POLYGON",
            "POINTS": [
                [
                    350.01599999999996,
                    848.988
                ],
                [
                    335.03999999999996,
                    844.02
                ],
                [
                    332.928,
                    833.976
                ],
                [
                    332.928,
                    817.02
                ],
                [
                    340.03200000000004,
                    810
                ],
                [
                    344.064,
                    809.028
                ],
                [
                    356.928,
                    786.024
                ],
                [
                    358.08,
                    775.008
                ],
                [
                    354.048,
                    771.012
                ],
                [
                    350.01599999999996,
                    770.04
                ],
                [
                    327.93600000000004,
                    770.04
                ],
                [
                    320.06399999999996,
                    775.008
                ],
                [
                    312.96000000000004,
                    775.98
                ],
                [
                    310.08,
                    779.976
                ],
                [
                    306.048,
                    780.948
                ],
                [
                    291.072,
                    797.04
                ],
                [
                    279.93600000000004,
                    812.052
                ],
                [
                    278.016,
                    818.9639999999999
                ],
                [
                    265.92,
                    834.948
                ],
                [
                    259.008,
                    840.996
                ],
                [
                    248.06400000000002,
                    844.02
                ],
                [
                    236.928,
                    844.02
                ],
                [
                    225.984,
                    840.996
                ],
                [
                    220.992,
                    834.948
                ],
                [
                    221.952,
                    783.972
                ],
                [
                    224.064,
                    771.012
                ],
                [
                    222.91199999999998,
                    710.9639999999999
                ],
                [
                    221.952,
                    695.952
                ],
                [
                    216.96,
                    679.9680000000001
                ],
                [
                    214.08,
                    644.976
                ],
                [
                    216,
                    639.0360000000001
                ],
                [
                    219.07199999999997,
                    636.984
                ],
                [
                    240.96,
                    632.0160000000001
                ],
                [
                    249.02400000000003,
                    623.052
                ],
                [
                    259.008,
                    567.972
                ],
                [
                    260.928,
                    509.004
                ],
                [
                    268.032,
                    502.956
                ],
                [
                    278.016,
                    501.984
                ],
                [
                    288.96,
                    489.024
                ],
                [
                    297.98400000000004,
                    489.024
                ],
                [
                    299.904,
                    486.97200000000004
                ],
                [
                    294.912,
                    475.95599999999996
                ],
                [
                    301.056,
                    459
                ],
                [
                    305.088,
                    456.948
                ],
                [
                    312.96000000000004,
                    456.948
                ],
                [
                    318.912,
                    463.96799999999996
                ],
                [
                    327.93600000000004,
                    462.99600000000004
                ],
                [
                    331.008,
                    463.96799999999996
                ],
                [
                    334.08,
                    471.96
                ],
                [
                    327.93600000000004,
                    481.03200000000004
                ],
                [
                    334.08,
                    482.976
                ],
                [
                    337.91999999999996,
                    492.048
                ],
                [
                    337.91999999999996,
                    531.0360000000001
                ],
                [
                    332.928,
                    597.996
                ],
                [
                    340.992,
                    606.96
                ],
                [
                    340.992,
                    617.004
                ],
                [
                    334.08,
                    635.04
                ],
                [
                    331.968,
                    647.028
                ],
                [
                    324.096,
                    658.044
                ],
                [
                    325.05600000000004,
                    660.96
                ],
                [
                    346.944,
                    687.96
                ],
                [
                    370.944,
                    709.992
                ],
                [
                    390.91200000000003,
                    732.996
                ],
                [
                    392.06399999999996,
                    740.988
                ],
                [
                    403.008,
                    748.98
                ],
                [
                    403.008,
                    753.9480000000001
                ],
                [
                    406.08,
                    759.024
                ],
                [
                    414.912,
                    759.996
                ],
                [
                    428.928,
                    766.0440000000001
                ],
                [
                    431.04,
                    771.984
                ],
                [
                    422.976,
                    791.9639999999999
                ],
                [
                    421.056,
                    816.048
                ],
                [
                    416.064,
                    829.9799999999999
                ],
                [
                    403.008,
                    840.024
                ],
                [
                    385.92,
                    840.024
                ],
                [
                    377.08799999999997,
                    844.992
                ],
                [
                    364.032,
                    848.988
                ],
                [
                    350.01599999999996,
                    848.988
                ]
            ]
        },
        {
            "ID": "5",
            "CLASS": "종이",
            "DETAILS": "종이",
            "DAMAGE": "원형",
            "DIRTINESS": "오염없음",
            "COVER": "없음",
            "TRANSPARENCY": "불투명",
            "SHAPE": "기타 형태",
            "SHAPE_TYPE": "POLYGON",
            "POINTS": [
                [
                    1156.992,
                    381.99600000000004
                ],
                [
                    1153.92,
                    380.05199999999996
                ],
                [
                    1150.08,
                    371.952
                ],
                [
                    1150.08,
                    369.036
                ],
                [
                    1147.008,
                    362.988
                ],
                [
                    1147.008,
                    358.02000000000004
                ],
                [
                    1143.936,
                    353.052
                ],
                [
                    1133.952,
                    297.972
                ],
                [
                    1132.992,
                    273.024
                ],
                [
                    1129.92,
                    257.03999999999996
                ],
                [
                    1127.04,
                    247.968
                ],
                [
                    1126.08,
                    239.004
                ],
                [
                    1122.048,
                    227.016
                ],
                [
                    1122.048,
                    223.01999999999998
                ],
                [
                    1123.968,
                    219.99599999999998
                ],
                [
                    1123.968,
                    196.99200000000002
                ],
                [
                    1126.08,
                    189.972
                ],
                [
                    1126.08,
                    181.98000000000002
                ],
                [
                    1127.04,
                    180.03599999999997
                ],
                [
                    1137.024,
                    174.96
                ],
                [
                    1161.984,
                    168.04799999999997
                ],
                [
                    1166.976,
                    166.968
                ],
                [
                    1171.968,
                    166.968
                ],
                [
                    1172.9279999999999,
                    169.02
                ],
                [
                    1172.9279999999999,
                    177.012
                ],
                [
                    1176.96,
                    185.976
                ],
                [
                    1179.072,
                    181.008
                ],
                [
                    1177.92,
                    177.012
                ],
                [
                    1179.072,
                    173.988
                ],
                [
                    1181.952,
                    172.04399999999998
                ],
                [
                    1182.912,
                    169.99200000000002
                ],
                [
                    1184.064,
                    158.976
                ],
                [
                    1186.944,
                    149.04000000000002
                ],
                [
                    1186.944,
                    145.044
                ],
                [
                    1190.9759999999999,
                    132.948
                ],
                [
                    1190.9759999999999,
                    128.952
                ],
                [
                    1193.088,
                    124.956
                ],
                [
                    1194.048,
                    124.956
                ],
                [
                    1195.0079999999998,
                    123.012
                ],
                [
                    1196.9279999999999,
                    122.04
                ],
                [
                    1219.008,
                    112.968
                ],
                [
                    1243.008,
                    111.024
                ],
                [
                    1248.96,
                    112.968
                ],
                [
                    1252.032,
                    115.99199999999999
                ],
                [
                    1252.992,
                    126.036
                ],
                [
                    1248,
                    150.012
                ],
                [
                    1246.08,
                    169.99200000000002
                ],
                [
                    1236.096,
                    200.016
                ],
                [
                    1230.912,
                    208.98000000000002
                ],
                [
                    1228.992,
                    216
                ],
                [
                    1225.9199999999998,
                    289.98
                ],
                [
                    1223.04,
                    319.032
                ],
                [
                    1223.04,
                    357.048
                ],
                [
                    1219.9679999999998,
                    374.004
                ],
                [
                    1217.088,
                    377.028
                ],
                [
                    1209.0240000000001,
                    378.972
                ],
                [
                    1200,
                    380.05199999999996
                ],
                [
                    1185.9840000000002,
                    380.05199999999996
                ],
                [
                    1177.92,
                    381.99600000000004
                ],
                [
                    1156.992,
                    381.99600000000004
                ]
            ]
        }
    ]
}