{
    "IMAGE_INFO": {
        "FILE_NAME": "1033547@0_02001_221006_P1_T3__1440.jpg",
        "DATE": "2022-10-28 18:08:28",
        "RESOLUTION": "1920 x 1080",
        "IMAGE_PHOTOGRAPHER": "조신주",
        "FOCUS_DISTANCE": "8.0",
        "EXPOSURE_TIME": "1/160",
        "SENSITIVITY_ISO": "5000",
        "PLACE": "강북재활용센터",
        "REGION_NAME": null,
        "Direction": "0",
        "HEIGHT": "115",
        "DAY/NIGHT": "주간",
        "WEATHER": "맑음",
        "IMAGE_HEIGHT": 1080,
        "IMAGE_WIDTH": 1920,
        "IMAGE_SIZE": "595.2 KB"
    },
    "ANNOTATION_INFO": [
        {
            "ID": "1",
            "CLASS": "종이",
            "DETAILS": "종이",
            "DAMAGE": "원형",
            "DIRTINESS": "오염없음",
            "COVER": "없음",
            "TRANSPARENCY": "불투명",
            "SHAPE": "종이컵형",
            "SHAPE_TYPE": "POLYGON",
            "POINTS": [
                [
                    313.92,
                    412.992
                ],
                [
                    308.928,
                    412.02
                ],
                [
                    306.048,
                    412.02
                ],
                [
                    297.024,
                    409.968
                ],
                [
                    292.992,
                    408.024
                ],
                [
                    291.072,
                    408.024
                ],
                [
                    281.088,
                    404.02799999999996
                ],
                [
                    269.952,
                    397.008
                ],
                [
                    264,
                    393.98400000000004
                ],
                [
                    258.048,
                    388.044
                ],
                [
                    246.91199999999998,
                    380.05199999999996
                ],
                [
                    241.92000000000002,
                    377.028
                ],
                [
                    239.04,
                    375.94800000000004
                ],
                [
                    234.048,
                    371.952
                ],
                [
                    227.904,
                    366.012
                ],
                [
                    221.952,
                    353.052
                ],
                [
                    219.07199999999997,
                    342.036
                ],
                [
                    219.07199999999997,
                    335.01599999999996
                ],
                [
                    221.952,
                    328.96799999999996
                ],
                [
                    221.952,
                    327.024
                ],
                [
                    224.064,
                    326.052
                ],
                [
                    225.024,
                    320.976
                ],
                [
                    229.056,
                    315.036
                ],
                [
                    230.976,
                    309.96
                ],
                [
                    238.07999999999998,
                    303.048
                ],
                [
                    244.03199999999998,
                    290.952
                ],
                [
                    246.91199999999998,
                    289.008
                ],
                [
                    252.096,
                    286.956
                ],
                [
                    259.96799999999996,
                    285.012
                ],
                [
                    313.92,
                    285.012
                ],
                [
                    325.05600000000004,
                    281.988
                ],
                [
                    331.968,
                    281.988
                ],
                [
                    339.072,
                    281.01599999999996
                ],
                [
                    351.936,
                    281.01599999999996
                ],
                [
                    369.98400000000004,
                    284.04
                ],
                [
                    372.096,
                    285.012
                ],
                [
                    377.08799999999997,
                    285.984
                ],
                [
                    393.984,
                    293.00399999999996
                ],
                [
                    408,
                    303.048
                ],
                [
                    412.992,
                    309.96
                ],
                [
                    414.912,
                    316.00800000000004
                ],
                [
                    414.912,
                    339.98400000000004
                ],
                [
                    413.952,
                    343.98
                ],
                [
                    404.928,
                    366.984
                ],
                [
                    402.048,
                    370.00800000000004
                ],
                [
                    398.016,
                    377.028
                ],
                [
                    392.06399999999996,
                    385.02
                ],
                [
                    389.952,
                    385.992
                ],
                [
                    388.992,
                    388.044
                ],
                [
                    382.08000000000004,
                    393.98400000000004
                ],
                [
                    364.032,
                    405
                ],
                [
                    359.04,
                    407.052
                ],
                [
                    354.048,
                    408.024
                ],
                [
                    345.024,
                    411.048
                ],
                [
                    327.93600000000004,
                    412.992
                ],
                [
                    313.92,
                    412.992
                ]
            ]
        },
        {
            "ID": "2",
            "CLASS": "종이",
            "DETAILS": "종이",
            "DAMAGE": "원형",
            "DIRTINESS": "오염없음",
            "COVER": "없음",
            "TRANSPARENCY": "불투명",
            "SHAPE": "낱장형",
            "SHAPE_TYPE": "POLYGON",
            "POINTS": [
                [
                    643.0079999999999,
                    462.99600000000004
                ],
                [
                    614.016,
                    455.976
                ],
                [
                    609.9839999999999,
                    455.976
                ],
                [
                    605.952,
                    454.032
                ],
                [
                    591.936,
                    452.952
                ],
                [
                    580.0319999999999,
                    451.00800000000004
                ],
                [
                    575.04,
                    450.036
                ],
                [
                    571.968,
                    447.984
                ],
                [
                    565.056,
                    447.012
                ],
                [
                    553.92,
                    443.988
                ],
                [
                    545.088,
                    443.988
                ],
                [
                    541.056,
                    442.044
                ],
                [
                    527.0400000000001,
                    440.964
                ],
                [
                    523.968,
                    439.02
                ],
                [
                    519.9359999999999,
                    438.048
                ],
                [
                    510.91200000000003,
                    438.048
                ],
                [
                    502.08000000000004,
                    435.024
                ],
                [
                    498.04800000000006,
                    435.024
                ],
                [
                    486.912,
                    432
                ],
                [
                    474.048,
                    429.94800000000004
                ],
                [
                    470.976,
                    428.00399999999996
                ],
                [
                    470.976,
                    416.01599999999996
                ],
                [
                    473.088,
                    409.968
                ],
                [
                    473.088,
                    402.948
                ],
                [
                    475.00800000000004,
                    396.036
                ],
                [
                    478.08,
                    369.036
                ],
                [
                    484.032,
                    338.04
                ],
                [
                    485.952,
                    332.964
                ],
                [
                    486.912,
                    320.004
                ],
                [
                    490.94399999999996,
                    303.048
                ],
                [
                    491.904,
                    289.98
                ],
                [
                    494.97599999999994,
                    280.044
                ],
                [
                    495.9359999999999,
                    270
                ],
                [
                    497.088,
                    267.948
                ],
                [
                    499.968,
                    266.00399999999996
                ],
                [
                    503.04,
                    266.00399999999996
                ],
                [
                    522.048,
                    267.948
                ],
                [
                    528.96,
                    267.948
                ],
                [
                    539.904,
                    270.97200000000004
                ],
                [
                    556.9920000000001,
                    270.97200000000004
                ],
                [
                    561.984,
                    272.052
                ],
                [
                    566.976,
                    273.996
                ],
                [
                    584.0640000000001,
                    274.968
                ],
                [
                    588.096,
                    277.02
                ],
                [
                    593.088,
                    277.992
                ],
                [
                    601.92,
                    277.992
                ],
                [
                    609.9839999999999,
                    281.01599999999996
                ],
                [
                    614.016,
                    281.01599999999996
                ],
                [
                    619.9680000000001,
                    282.96000000000004
                ],
                [
                    630.912,
                    284.04
                ],
                [
                    637.0559999999999,
                    285.984
                ],
                [
                    642.048,
                    285.984
                ],
                [
                    646.08,
                    286.956
                ],
                [
                    658.944,
                    290.952
                ],
                [
                    666.048,
                    294.94800000000004
                ],
                [
                    666.048,
                    307.044
                ],
                [
                    663.936,
                    311.03999999999996
                ],
                [
                    662.016,
                    324.972
                ],
                [
                    660.096,
                    328.96799999999996
                ],
                [
                    654.912,
                    362.988
                ],
                [
                    656.064,
                    374.976
                ],
                [
                    657.024,
                    377.028
                ],
                [
                    662.016,
                    381.024
                ],
                [
                    662.976,
                    384.048
                ],
                [
                    661.056,
                    388.044
                ],
                [
                    662.016,
                    402.948
                ],
                [
                    658.944,
                    424.008
                ],
                [
                    656.064,
                    434.05199999999996
                ],
                [
                    653.952,
                    454.032
                ],
                [
                    652.032,
                    461.052
                ],
                [
                    648.96,
                    462.99600000000004
                ],
                [
                    643.0079999999999,
                    462.99600000000004
                ]
            ]
        },
        {
            "ID": "3",
            "CLASS": "종이",
            "DETAILS": "종이",
            "DAMAGE": "손상",
            "DIRTINESS": "이물질(외부)",
            "COVER": "없음",
            "TRANSPARENCY": "불투명",
            "SHAPE": "낱장형",
            "SHAPE_TYPE": "POLYGON",
            "POINTS": [
                [
                    828.096,
                    479.952
                ],
                [
                    824.0640000000001,
                    477.036
                ],
                [
                    814.0799999999999,
                    474.012
                ],
                [
                    811.008,
                    474.012
                ],
                [
                    801.984,
                    471.96
                ],
                [
                    796.9920000000001,
                    470.01599999999996
                ],
                [
                    787.0079999999999,
                    463.96799999999996
                ],
                [
                    772.9920000000001,
                    459
                ],
                [
                    768,
                    458.02799999999996
                ],
                [
                    745.9200000000001,
                    447.012
                ],
                [
                    716.928,
                    427.032
                ],
                [
                    710.976,
                    420.984
                ],
                [
                    701.952,
                    415.044
                ],
                [
                    672.9599999999999,
                    386.964
                ],
                [
                    665.088,
                    382.968
                ],
                [
                    656.064,
                    374.976
                ],
                [
                    654.912,
                    371.952
                ],
                [
                    654.912,
                    354.996
                ],
                [
                    656.064,
                    350.028
                ],
                [
                    662.016,
                    342.036
                ],
                [
                    673.92,
                    335.01599999999996
                ],
                [
                    678.912,
                    335.988
                ],
                [
                    685.056,
                    339.98400000000004
                ],
                [
                    686.016,
                    342.036
                ],
                [
                    695.04,
                    348.948
                ],
                [
                    710.976,
                    366.984
                ],
                [
                    734.016,
                    366.984
                ],
                [
                    744,
                    363.96000000000004
                ],
                [
                    749.952,
                    361.044
                ],
                [
                    755.904,
                    361.044
                ],
                [
                    755.904,
                    362.016
                ],
                [
                    758.016,
                    362.988
                ],
                [
                    763.0079999999999,
                    369.036
                ],
                [
                    766.08,
                    374.976
                ],
                [
                    768.96,
                    377.028
                ],
                [
                    768.96,
                    378.972
                ],
                [
                    779.904,
                    386.964
                ],
                [
                    786.048,
                    389.016
                ],
                [
                    788.928,
                    389.016
                ],
                [
                    798.912,
                    390.96
                ],
                [
                    824.0640000000001,
                    390.96
                ],
                [
                    828.096,
                    393.012
                ],
                [
                    829.056,
                    397.008
                ],
                [
                    831.936,
                    398.952
                ],
                [
                    850.944,
                    402.948
                ],
                [
                    854.976,
                    402.948
                ],
                [
                    868.032,
                    405.97200000000004
                ],
                [
                    873.024,
                    408.024
                ],
                [
                    873.024,
                    411.048
                ],
                [
                    874.944,
                    412.992
                ],
                [
                    875.904,
                    419.04
                ],
                [
                    873.024,
                    436.968
                ],
                [
                    870.912,
                    440.964
                ],
                [
                    864.96,
                    444.96
                ],
                [
                    863.04,
                    451.00800000000004
                ],
                [
                    863.04,
                    455.004
                ],
                [
                    860.928,
                    459
                ],
                [
                    859.008,
                    459.972
                ],
                [
                    854.016,
                    466.02
                ],
                [
                    854.016,
                    467.964
                ],
                [
                    850.944,
                    471.96
                ],
                [
                    844.992,
                    475.95599999999996
                ],
                [
                    839.04,
                    475.95599999999996
                ],
                [
                    833.088,
                    479.952
                ],
                [
                    828.096,
                    479.952
                ]
            ]
        },
        {
            "ID": "4",
            "CLASS": "종이",
            "DETAILS": "종이",
            "DAMAGE": "손상",
            "DIRTINESS": "오염없음",
            "COVER": "없음",
            "TRANSPARENCY": "불투명",
            "SHAPE": "박스형",
            "SHAPE_TYPE": "POLYGON",
            "POINTS": [
                [
                    1141.056,
                    1080
                ],
                [
                    1110.912,
                    1072.98
                ],
                [
                    1095.936,
                    1071.036
                ],
                [
                    1085.952,
                    1071.036
                ],
                [
                    1070.016,
                    1067.04
                ],
                [
                    1056,
                    1067.04
                ],
                [
                    1036.032,
                    1064.0159999999998
                ],
                [
                    1017.0239999999999,
                    1063.0439999999999
                ],
                [
                    1008,
                    1060.992
                ],
                [
                    979.968,
                    1060.02
                ],
                [
                    905.088,
                    1060.992
                ],
                [
                    897.984,
                    1059.048
                ],
                [
                    894.912,
                    1055.052
                ],
                [
                    894.912,
                    1049.9759999999999
                ],
                [
                    896.064,
                    1019.952
                ],
                [
                    898.944,
                    1013.04
                ],
                [
                    903.936,
                    1006.992
                ],
                [
                    911.04,
                    1002.996
                ],
                [
                    916.9920000000001,
                    1002.024
                ],
                [
                    932.928,
                    991.98
                ],
                [
                    951.936,
                    968.004
                ],
                [
                    964.0319999999999,
                    945
                ],
                [
                    964.0319999999999,
                    937.008
                ],
                [
                    959.04,
                    934.956
                ],
                [
                    950.976,
                    934.956
                ],
                [
                    945.984,
                    932.04
                ],
                [
                    945.984,
                    914.976
                ],
                [
                    960.9599999999999,
                    890.028
                ],
                [
                    974.016,
                    883.98
                ],
                [
                    983.9999999999999,
                    883.008
                ],
                [
                    1019.904,
                    883.008
                ],
                [
                    1055.04,
                    893.052
                ],
                [
                    1070.9759999999999,
                    894.996
                ],
                [
                    1086.912,
                    894.024
                ],
                [
                    1112.064,
                    887.976
                ],
                [
                    1123.968,
                    887.976
                ],
                [
                    1132.992,
                    891
                ],
                [
                    1148.928,
                    898.9920000000001
                ],
                [
                    1152.96,
                    903.9599999999999
                ],
                [
                    1171.008,
                    914.976
                ],
                [
                    1208.0639999999999,
                    941.976
                ],
                [
                    1224.96,
                    948.024
                ],
                [
                    1230.912,
                    952.02
                ],
                [
                    1237.056,
                    953.9639999999999
                ],
                [
                    1237.056,
                    964.0079999999999
                ],
                [
                    1233.9840000000002,
                    974.052
                ],
                [
                    1233.024,
                    1053
                ],
                [
                    1229.952,
                    1064.0159999999998
                ],
                [
                    1227.0720000000001,
                    1068.012
                ],
                [
                    1220.928,
                    1072.008
                ],
                [
                    1213.056,
                    1073.952
                ],
                [
                    1209.984,
                    1080
                ],
                [
                    1141.056,
                    1080
                ]
            ]
        },
        {
            "ID": "5",
            "CLASS": "종이",
            "DETAILS": "종이",
            "DAMAGE": "손상",
            "DIRTINESS": "이물질(외부)",
            "COVER": "없음",
            "TRANSPARENCY": "불투명",
            "SHAPE": "박스형",
            "SHAPE_TYPE": "POLYGON",
            "POINTS": [
                [
                    546.048,
                    199.04399999999998
                ],
                [
                    546.048,
                    197.964
                ],
                [
                    538.944,
                    197.964
                ],
                [
                    536.064,
                    196.99200000000002
                ],
                [
                    528.96,
                    196.01999999999998
                ],
                [
                    513.024,
                    196.01999999999998
                ],
                [
                    508.992,
                    193.96800000000002
                ],
                [
                    504,
                    189.972
                ],
                [
                    497.088,
                    177.984
                ],
                [
                    497.088,
                    162.972
                ],
                [
                    499.968,
                    154.008
                ],
                [
                    503.04,
                    149.04000000000002
                ],
                [
                    505.92,
                    146.988
                ],
                [
                    507.072,
                    143.964
                ],
                [
                    507.072,
                    128.952
                ],
                [
                    508.992,
                    127.008
                ],
                [
                    512.064,
                    127.008
                ],
                [
                    513.984,
                    126.036
                ],
                [
                    514.944,
                    123.012
                ],
                [
                    513.984,
                    96.012
                ],
                [
                    517.0559999999999,
                    91.044
                ],
                [
                    523.0079999999999,
                    87.048
                ],
                [
                    523.968,
                    84.99600000000001
                ],
                [
                    524.928,
                    84.99600000000001
                ],
                [
                    526.08,
                    84.02399999999999
                ],
                [
                    528,
                    84.99600000000001
                ],
                [
                    529.9200000000001,
                    88.02000000000001
                ],
                [
                    533.952,
                    91.044
                ],
                [
                    537.024,
                    92.01599999999999
                ],
                [
                    541.056,
                    95.03999999999999
                ],
                [
                    547.0079999999999,
                    91.044
                ],
                [
                    567.936,
                    72.036
                ],
                [
                    571.008,
                    70.95599999999999
                ],
                [
                    576,
                    70.95599999999999
                ],
                [
                    580.0319999999999,
                    73.98
                ],
                [
                    585.024,
                    83.05199999999999
                ],
                [
                    590.0160000000001,
                    88.02000000000001
                ],
                [
                    596.928,
                    92.988
                ],
                [
                    603.072,
                    100.98
                ],
                [
                    605.952,
                    108.97200000000001
                ],
                [
                    609.024,
                    111.996
                ],
                [
                    615.9359999999999,
                    111.996
                ],
                [
                    619.008,
                    114.048
                ],
                [
                    617.0880000000001,
                    119.016
                ],
                [
                    613.0559999999999,
                    123.012
                ],
                [
                    609.9839999999999,
                    127.97999999999999
                ],
                [
                    608.064,
                    135
                ],
                [
                    603.072,
                    145.044
                ],
                [
                    595.9680000000001,
                    154.98
                ],
                [
                    595.9680000000001,
                    157.032
                ],
                [
                    593.088,
                    162
                ],
                [
                    594.048,
                    176.04000000000002
                ],
                [
                    588.096,
                    185.00400000000002
                ],
                [
                    585.024,
                    188.028
                ],
                [
                    585.024,
                    189
                ],
                [
                    580.992,
                    189.972
                ],
                [
                    575.04,
                    193.96800000000002
                ],
                [
                    569.088,
                    193.96800000000002
                ],
                [
                    566.016,
                    196.01999999999998
                ],
                [
                    561.984,
                    196.01999999999998
                ],
                [
                    556.9920000000001,
                    197.964
                ],
                [
                    553.92,
                    197.964
                ],
                [
                    548.928,
                    199.04399999999998
                ],
                [
                    546.048,
                    199.04399999999998
                ]
            ]
        },
        {
            "ID": "6",
            "CLASS": "종이",
            "DETAILS": "종이",
            "DAMAGE": "원형",
            "DIRTINESS": "오염없음",
            "COVER": "없음",
            "TRANSPARENCY": "불투명",
            "SHAPE": "낱장형",
            "SHAPE_TYPE": "POLYGON",
            "POINTS": [
                [
                    1372.032,
                    1080
                ],
                [
                    1368,
                    1072.98
                ],
                [
                    1367.04,
                    1069.9560000000001
                ],
                [
                    1362.048,
                    1063.0439999999999
                ],
                [
                    1358.016,
                    1055.052
                ],
                [
                    1354.944,
                    1049.9759999999999
                ],
                [
                    1353.9840000000002,
                    1048.0320000000002
                ],
                [
                    1353.024,
                    1044.036
                ],
                [
                    1349.952,
                    1037.988
                ],
                [
                    1345.9199999999998,
                    1033.992
                ],
                [
                    1334.0159999999998,
                    1009.044
                ],
                [
                    1333.056,
                    1006.02
                ],
                [
                    1333.056,
                    1002.996
                ],
                [
                    1335.936,
                    991.0079999999999
                ],
                [
                    1335.936,
                    987.0120000000001
                ],
                [
                    1339.008,
                    979.992
                ],
                [
                    1339.008,
                    976.968
                ],
                [
                    1340.928,
                    969.948
                ],
                [
                    1344,
                    964.0079999999999
                ],
                [
                    1344,
                    952.992
                ],
                [
                    1345.9199999999998,
                    944.028
                ],
                [
                    1347.0720000000001,
                    941.976
                ],
                [
                    1348.992,
                    940.0319999999999
                ],
                [
                    1350.912,
                    933.0120000000001
                ],
                [
                    1350.912,
                    929.9879999999999
                ],
                [
                    1352.064,
                    922.9680000000001
                ],
                [
                    1353.024,
                    920.052
                ],
                [
                    1353.9840000000002,
                    918.972
                ],
                [
                    1354.944,
                    918.972
                ],
                [
                    1358.016,
                    917.028
                ],
                [
                    1359.9360000000001,
                    914.976
                ],
                [
                    1359.9360000000001,
                    914.004
                ],
                [
                    1368,
                    914.004
                ],
                [
                    1377.024,
                    917.028
                ],
                [
                    1416,
                    922.9680000000001
                ],
                [
                    1431.9360000000001,
                    926.9639999999999
                ],
                [
                    1434.048,
                    928.044
                ],
                [
                    1435.968,
                    928.044
                ],
                [
                    1438.08,
                    929.9879999999999
                ],
                [
                    1441.92,
                    932.04
                ],
                [
                    1444.9920000000002,
                    933.984
                ],
                [
                    1451.904,
                    937.008
                ],
                [
                    1468.032,
                    945
                ],
                [
                    1476.096,
                    948.024
                ],
                [
                    1478.016,
                    948.9960000000001
                ],
                [
                    1479.9360000000001,
                    952.02
                ],
                [
                    1479.9360000000001,
                    953.9639999999999
                ],
                [
                    1481.088,
                    957.96
                ],
                [
                    1481.088,
                    961.956
                ],
                [
                    1483.968,
                    969.948
                ],
                [
                    1488,
                    976.968
                ],
                [
                    1488,
                    979.992
                ],
                [
                    1488.96,
                    983.016
                ],
                [
                    1488.96,
                    1002.024
                ],
                [
                    1486.08,
                    1018.008
                ],
                [
                    1484.9279999999999,
                    1026
                ],
                [
                    1484.9279999999999,
                    1033.02
                ],
                [
                    1483.008,
                    1046.952
                ],
                [
                    1479.9360000000001,
                    1057.968
                ],
                [
                    1479.9360000000001,
                    1065.96
                ],
                [
                    1481.088,
                    1068.012
                ],
                [
                    1483.968,
                    1068.984
                ],
                [
                    1483.968,
                    1071.036
                ],
                [
                    1482.048,
                    1071.036
                ],
                [
                    1479.9360000000001,
                    1073.952
                ],
                [
                    1479.9360000000001,
                    1080
                ],
                [
                    1372.032,
                    1080
                ]
            ]
        },
        {
            "ID": "7",
            "CLASS": "종이",
            "DETAILS": "종이",
            "DAMAGE": "손상",
            "DIRTINESS": "오염없음",
            "COVER": "없음",
            "TRANSPARENCY": "불투명",
            "SHAPE": "종이컵형",
            "SHAPE_TYPE": "POLYGON",
            "POINTS": [
                [
                    1545.024,
                    905.04
                ],
                [
                    1536,
                    897.048
                ],
                [
                    1521.984,
                    891
                ],
                [
                    1501.056,
                    875.0160000000001
                ],
                [
                    1498.944,
                    867.024
                ],
                [
                    1496.064,
                    822.96
                ],
                [
                    1496.064,
                    801.0360000000001
                ],
                [
                    1498.944,
                    780.948
                ],
                [
                    1498.944,
                    762.048
                ],
                [
                    1505.0880000000002,
                    725.976
                ],
                [
                    1511.04,
                    709.992
                ],
                [
                    1516.032,
                    705.024
                ],
                [
                    1517.952,
                    704.052
                ],
                [
                    1523.904,
                    704.052
                ],
                [
                    1529.088,
                    701.028
                ],
                [
                    1541.952,
                    699.948
                ],
                [
                    1544.064,
                    698.004
                ],
                [
                    1551.9360000000001,
                    698.004
                ],
                [
                    1558.08,
                    695.952
                ],
                [
                    1561.92,
                    695.952
                ],
                [
                    1566.912,
                    694.0079999999999
                ],
                [
                    1574.976,
                    694.0079999999999
                ],
                [
                    1590.912,
                    698.004
                ],
                [
                    1593.024,
                    698.004
                ],
                [
                    1614.9119999999998,
                    705.996
                ],
                [
                    1621.056,
                    709.02
                ],
                [
                    1622.976,
                    709.02
                ],
                [
                    1627.968,
                    710.9639999999999
                ],
                [
                    1633.92,
                    710.9639999999999
                ],
                [
                    1656.96,
                    718.9559999999999
                ],
                [
                    1661.952,
                    722.952
                ],
                [
                    1662.912,
                    729
                ],
                [
                    1661.952,
                    756
                ],
                [
                    1662.912,
                    785.052
                ],
                [
                    1661.952,
                    817.02
                ],
                [
                    1659.072,
                    828.0360000000001
                ],
                [
                    1656,
                    832.0319999999999
                ],
                [
                    1655.04,
                    853.9559999999999
                ],
                [
                    1652.9279999999999,
                    866.0519999999999
                ],
                [
                    1651.968,
                    891.972
                ],
                [
                    1650.048,
                    897.048
                ],
                [
                    1647.936,
                    898.02
                ],
                [
                    1638.912,
                    898.9920000000001
                ],
                [
                    1592.064,
                    898.02
                ],
                [
                    1584.96,
                    898.9920000000001
                ],
                [
                    1579.9679999999998,
                    898.02
                ],
                [
                    1564.032,
                    899.964
                ],
                [
                    1560,
                    899.964
                ],
                [
                    1553.088,
                    903.9599999999999
                ],
                [
                    1550.9759999999999,
                    903.9599999999999
                ],
                [
                    1549.056,
                    905.04
                ],
                [
                    1545.024,
                    905.04
                ]
            ]
        },
        {
            "ID": "8",
            "CLASS": "종이",
            "DETAILS": "종이",
            "DAMAGE": "손상",
            "DIRTINESS": "이물질(외부)",
            "COVER": "없음",
            "TRANSPARENCY": "불투명",
            "SHAPE": "종이팩형",
            "SHAPE_TYPE": "POLYGON",
            "POINTS": [
                [
                    684.096,
                    713.988
                ],
                [
                    678.912,
                    710.9639999999999
                ],
                [
                    670.0799999999999,
                    710.9639999999999
                ],
                [
                    666.048,
                    709.02
                ],
                [
                    651.072,
                    699.948
                ],
                [
                    642.048,
                    693.0360000000001
                ],
                [
                    642.048,
                    690.0120000000001
                ],
                [
                    638.976,
                    685.044
                ],
                [
                    628.032,
                    655.0200000000001
                ],
                [
                    623.04,
                    632.0160000000001
                ],
                [
                    615.9359999999999,
                    613.008
                ],
                [
                    614.976,
                    605.988
                ],
                [
                    611.904,
                    600.048
                ],
                [
                    610.944,
                    591.948
                ],
                [
                    614.976,
                    578.988
                ],
                [
                    622.08,
                    567
                ],
                [
                    624,
                    559.9799999999999
                ],
                [
                    627.072,
                    555.984
                ],
                [
                    628.992,
                    550.044
                ],
                [
                    630.912,
                    547.992
                ],
                [
                    632.064,
                    543.024
                ],
                [
                    634.944,
                    539.028
                ],
                [
                    638.976,
                    536.004
                ],
                [
                    643.0079999999999,
                    533.952
                ],
                [
                    686.016,
                    521.964
                ],
                [
                    708.096,
                    513.972
                ],
                [
                    716.928,
                    512.028
                ],
                [
                    761.088,
                    496.044
                ],
                [
                    768.96,
                    496.044
                ],
                [
                    772.9920000000001,
                    493.99199999999996
                ],
                [
                    783.936,
                    490.968
                ],
                [
                    800.0640000000001,
                    490.968
                ],
                [
                    810.048,
                    492.048
                ],
                [
                    816,
                    494.964
                ],
                [
                    820.0319999999999,
                    501.012
                ],
                [
                    820.992,
                    508.032
                ],
                [
                    825.024,
                    515.052
                ],
                [
                    829.056,
                    525.96
                ],
                [
                    830.0160000000001,
                    532.98
                ],
                [
                    833.088,
                    536.976
                ],
                [
                    834.048,
                    546.048
                ],
                [
                    835.9680000000001,
                    547.992
                ],
                [
                    836.928,
                    555.0120000000001
                ],
                [
                    840,
                    559.0079999999999
                ],
                [
                    840.96,
                    564.948
                ],
                [
                    844.0319999999999,
                    570.996
                ],
                [
                    844.992,
                    578.016
                ],
                [
                    848.064,
                    583.9559999999999
                ],
                [
                    849.024,
                    591.948
                ],
                [
                    851.904,
                    597.024
                ],
                [
                    853.0559999999999,
                    604.044
                ],
                [
                    854.976,
                    605.988
                ],
                [
                    855.9359999999999,
                    613.008
                ],
                [
                    859.9680000000001,
                    621.972
                ],
                [
                    864,
                    639.0360000000001
                ],
                [
                    865.9200000000001,
                    641.952
                ],
                [
                    865.9200000000001,
                    645.948
                ],
                [
                    859.9680000000001,
                    650.052
                ],
                [
                    853.0559999999999,
                    652.9680000000001
                ],
                [
                    840,
                    658.044
                ],
                [
                    834.048,
                    659.016
                ],
                [
                    831.936,
                    660.96
                ],
                [
                    824.0640000000001,
                    663.984
                ],
                [
                    811.008,
                    667.008
                ],
                [
                    804.096,
                    670.0319999999999
                ],
                [
                    801.984,
                    671.976
                ],
                [
                    797.952,
                    671.976
                ],
                [
                    777.984,
                    681.048
                ],
                [
                    774.912,
                    681.048
                ],
                [
                    753.984,
                    690.0120000000001
                ],
                [
                    752.064,
                    690.0120000000001
                ],
                [
                    748.032,
                    693.0360000000001
                ],
                [
                    728.064,
                    698.004
                ],
                [
                    701.952,
                    706.968
                ],
                [
                    690.048,
                    713.988
                ],
                [
                    684.096,
                    713.988
                ]
            ]
        }
    ]
}