{
    "IMAGE_INFO": {
        "FILE_NAME": "1033387@0_02001_221006_P1_T3__1175.jpg",
        "DATE": "2022-10-28 18:07:46",
        "RESOLUTION": "1920 x 1080",
        "IMAGE_PHOTOGRAPHER": "조신주",
        "FOCUS_DISTANCE": "8.0",
        "EXPOSURE_TIME": "1/160",
        "SENSITIVITY_ISO": "5000",
        "PLACE": "강북재활용센터",
        "REGION_NAME": null,
        "Direction": "0",
        "HEIGHT": "115",
        "DAY/NIGHT": "주간",
        "WEATHER": "맑음",
        "IMAGE_HEIGHT": 1080,
        "IMAGE_WIDTH": 1920,
        "IMAGE_SIZE": "527.5 KB"
    },
    "ANNOTATION_INFO": [
        {
            "ID": "1",
            "CLASS": "종이",
            "DETAILS": "종이",
            "DAMAGE": "손상",
            "DIRTINESS": "이물질(외부)",
            "COVER": "겹침",
            "TRANSPARENCY": "불투명",
            "SHAPE": "낱장형",
            "SHAPE_TYPE": "POLYGON",
            "POINTS": [
                [
                    1506.048,
                    357.048
                ],
                [
                    1502.016,
                    354.024
                ],
                [
                    1492.032,
                    335.988
                ],
                [
                    1488,
                    266.976
                ],
                [
                    1493.952,
                    227.988
                ],
                [
                    1486.08,
                    226.044
                ],
                [
                    1479.9360000000001,
                    231.98399999999998
                ],
                [
                    1467.0720000000001,
                    238.032
                ],
                [
                    1454.976,
                    247.968
                ],
                [
                    1443.0720000000001,
                    250.02
                ],
                [
                    1424.064,
                    267.948
                ],
                [
                    1403.904,
                    292.032
                ],
                [
                    1397.952,
                    296.028
                ],
                [
                    1393.92,
                    296.028
                ],
                [
                    1382.976,
                    281.988
                ],
                [
                    1353.024,
                    254.016
                ],
                [
                    1347.0720000000001,
                    250.02
                ],
                [
                    1334.976,
                    247.968
                ],
                [
                    1334.976,
                    243.97199999999998
                ],
                [
                    1329.0240000000001,
                    242.028
                ],
                [
                    1329.0240000000001,
                    236.95200000000003
                ],
                [
                    1300.0320000000002,
                    208.00799999999998
                ],
                [
                    1277.952,
                    181.98000000000002
                ],
                [
                    1252.032,
                    143.964
                ],
                [
                    1244.9279999999999,
                    127.97999999999999
                ],
                [
                    1251.072,
                    119.988
                ],
                [
                    1273.92,
                    105.94800000000001
                ],
                [
                    1283.904,
                    96.012
                ],
                [
                    1287.936,
                    77.976
                ],
                [
                    1292.9279999999999,
                    72.036
                ],
                [
                    1372.032,
                    0
                ],
                [
                    1520.0639999999999,
                    0
                ],
                [
                    1561.92,
                    38.016000000000005
                ],
                [
                    1603.968,
                    69.012
                ],
                [
                    1622.976,
                    89.964
                ],
                [
                    1626.048,
                    97.956
                ],
                [
                    1665.9840000000002,
                    150.012
                ],
                [
                    1670.016,
                    162
                ],
                [
                    1664.064,
                    196.01999999999998
                ],
                [
                    1643.904,
                    223.992
                ],
                [
                    1630.08,
                    235.98
                ],
                [
                    1604.9279999999999,
                    263.952
                ],
                [
                    1598.016,
                    267.948
                ],
                [
                    1593.9840000000002,
                    267.948
                ],
                [
                    1560,
                    300.024
                ],
                [
                    1516.032,
                    343.98
                ],
                [
                    1506.048,
                    357.048
                ]
            ]
        },
        {
            "ID": "2",
            "CLASS": "종이",
            "DETAILS": "종이",
            "DAMAGE": "완전압착",
            "DIRTINESS": "오염없음",
            "COVER": "없음",
            "TRANSPARENCY": "불투명",
            "SHAPE": "종이컵형",
            "SHAPE_TYPE": "POLYGON",
            "POINTS": [
                [
                    1476.096,
                    482.976
                ],
                [
                    1469.952,
                    479.952
                ],
                [
                    1431.9360000000001,
                    471.96
                ],
                [
                    1411.968,
                    458.02799999999996
                ],
                [
                    1388.928,
                    459
                ],
                [
                    1369.92,
                    455.976
                ],
                [
                    1363.968,
                    451.97999999999996
                ],
                [
                    1362.048,
                    429.94800000000004
                ],
                [
                    1364.9279999999999,
                    420.012
                ],
                [
                    1372.032,
                    416.988
                ],
                [
                    1382.016,
                    404.02799999999996
                ],
                [
                    1383.936,
                    380.05199999999996
                ],
                [
                    1382.976,
                    367.956
                ],
                [
                    1369.92,
                    338.04
                ],
                [
                    1371.072,
                    321.948
                ],
                [
                    1397.952,
                    293.976
                ],
                [
                    1406.0159999999998,
                    289.98
                ],
                [
                    1412.9279999999999,
                    277.992
                ],
                [
                    1436.9279999999999,
                    251.964
                ],
                [
                    1440,
                    250.02
                ],
                [
                    1448.0639999999999,
                    249.048
                ],
                [
                    1459.9679999999998,
                    243
                ],
                [
                    1478.9759999999999,
                    231.98399999999998
                ],
                [
                    1484.9279999999999,
                    226.044
                ],
                [
                    1492.032,
                    226.044
                ],
                [
                    1493.952,
                    243.97199999999998
                ],
                [
                    1492.032,
                    313.956
                ],
                [
                    1499.904,
                    362.016
                ],
                [
                    1496.064,
                    381.024
                ],
                [
                    1496.064,
                    420.012
                ],
                [
                    1486.08,
                    477.036
                ],
                [
                    1484.9279999999999,
                    482.00399999999996
                ],
                [
                    1476.096,
                    482.976
                ]
            ]
        }
    ]
}