{
    "IMAGE_INFO": {
        "FILE_NAME": "1033463@0_02001_221006_P1_T3__1204.jpg",
        "DATE": "2022-10-28 18:07:50",
        "RESOLUTION": "1920 x 1080",
        "IMAGE_PHOTOGRAPHER": "조신주",
        "FOCUS_DISTANCE": "8.0",
        "EXPOSURE_TIME": "1/160",
        "SENSITIVITY_ISO": "5000",
        "PLACE": "강북재활용센터",
        "REGION_NAME": null,
        "Direction": "0",
        "HEIGHT": "115",
        "DAY/NIGHT": "주간",
        "WEATHER": "맑음",
        "IMAGE_HEIGHT": 1080,
        "IMAGE_WIDTH": 1920,
        "IMAGE_SIZE": "563.7 KB"
    },
    "ANNOTATION_INFO": [
        {
            "ID": "1",
            "CLASS": "종이",
            "DETAILS": "종이",
            "DAMAGE": "완전압착",
            "DIRTINESS": "오염없음",
            "COVER": "없음",
            "TRANSPARENCY": "불투명",
            "SHAPE": "낱장형",
            "SHAPE_TYPE": "POLYGON",
            "POINTS": [
                [
                    1060.0320000000002,
                    116.964
                ],
                [
                    1038.912,
                    115.99199999999999
                ],
                [
                    1028.928,
                    111.024
                ],
                [
                    1018.944,
                    108
                ],
                [
                    1012.992,
                    104.00399999999999
                ],
                [
                    1012.992,
                    97.956
                ],
                [
                    1008.9599999999999,
                    95.03999999999999
                ],
                [
                    1004.928,
                    93.96
                ],
                [
                    1002.048,
                    88.992
                ],
                [
                    997.0559999999999,
                    87.048
                ],
                [
                    993.024,
                    87.048
                ],
                [
                    989.9519999999999,
                    84.99600000000001
                ],
                [
                    989.9519999999999,
                    77.004
                ],
                [
                    983.04,
                    73.008
                ],
                [
                    982.0799999999999,
                    65.988
                ],
                [
                    974.016,
                    61.02
                ],
                [
                    968.064,
                    51.94799999999999
                ],
                [
                    966.912,
                    38.016000000000005
                ],
                [
                    961.92,
                    33.048
                ],
                [
                    960,
                    23.003999999999998
                ],
                [
                    963.0720000000001,
                    11.016
                ],
                [
                    977.0880000000001,
                    2.052
                ],
                [
                    978.0479999999999,
                    0
                ],
                [
                    996.0960000000001,
                    0
                ],
                [
                    1002.048,
                    3.024
                ],
                [
                    1022.016,
                    8.964
                ],
                [
                    1028.928,
                    7.992
                ],
                [
                    1027.008,
                    7.02
                ],
                [
                    1027.968,
                    4.968
                ],
                [
                    1032.96,
                    4.968
                ],
                [
                    1037.952,
                    7.02
                ],
                [
                    1046.0159999999998,
                    7.02
                ],
                [
                    1046.976,
                    7.992
                ],
                [
                    1043.904,
                    10.043999999999999
                ],
                [
                    1035.0720000000001,
                    8.964
                ],
                [
                    1032.96,
                    11.016
                ],
                [
                    1041.984,
                    14.04
                ],
                [
                    1043.904,
                    15.984
                ],
                [
                    1046.0159999999998,
                    15.984
                ],
                [
                    1049.088,
                    12.96
                ],
                [
                    1049.088,
                    8.964
                ],
                [
                    1052.9279999999999,
                    8.964
                ],
                [
                    1054.0800000000002,
                    7.992
                ],
                [
                    1054.0800000000002,
                    6.048
                ],
                [
                    1056.96,
                    3.024
                ],
                [
                    1056,
                    0
                ],
                [
                    1094.0159999999998,
                    0
                ],
                [
                    1093.056,
                    15.011999999999999
                ],
                [
                    1088.0639999999999,
                    27.971999999999998
                ],
                [
                    1086.912,
                    34.992
                ],
                [
                    1086.912,
                    54.972
                ],
                [
                    1084.9920000000002,
                    60.047999999999995
                ],
                [
                    1084.032,
                    72.036
                ],
                [
                    1078.08,
                    77.976
                ],
                [
                    1074.048,
                    77.976
                ],
                [
                    1066.944,
                    85.968
                ],
                [
                    1064.064,
                    92.01599999999999
                ],
                [
                    1065.024,
                    111.996
                ],
                [
                    1064.064,
                    115.02
                ],
                [
                    1060.0320000000002,
                    116.964
                ]
            ]
        },
        {
            "ID": "2",
            "CLASS": "종이",
            "DETAILS": "종이",
            "DAMAGE": "완전압착",
            "DIRTINESS": "오염없음",
            "COVER": "없음",
            "TRANSPARENCY": "불투명",
            "SHAPE": "낱장형",
            "SHAPE_TYPE": "POLYGON",
            "POINTS": [
                [
                    855.9359999999999,
                    809.028
                ],
                [
                    845.952,
                    806.976
                ],
                [
                    820.992,
                    783.972
                ],
                [
                    816,
                    780.948
                ],
                [
                    802.9440000000001,
                    779.976
                ],
                [
                    792.9599999999999,
                    771.012
                ],
                [
                    788.928,
                    755.028
                ],
                [
                    777.024,
                    736.992
                ],
                [
                    772.032,
                    724.032
                ],
                [
                    766.08,
                    718.9559999999999
                ],
                [
                    763.968,
                    710.9639999999999
                ],
                [
                    797.952,
                    678.024
                ],
                [
                    805.056,
                    668.952
                ],
                [
                    805.056,
                    663.984
                ],
                [
                    826.9440000000001,
                    608.04
                ],
                [
                    862.08,
                    540.972
                ],
                [
                    882.048,
                    519.048
                ],
                [
                    887.0400000000001,
                    508.032
                ],
                [
                    888,
                    493.02000000000004
                ],
                [
                    898.944,
                    473.04
                ],
                [
                    935.04,
                    425.952
                ],
                [
                    944.0640000000001,
                    408.024
                ],
                [
                    961.92,
                    385.02
                ],
                [
                    973.056,
                    365.04
                ],
                [
                    1038.912,
                    303.048
                ],
                [
                    1049.088,
                    297.972
                ],
                [
                    1062.912,
                    297
                ],
                [
                    1078.08,
                    292.032
                ],
                [
                    1099.9679999999998,
                    293.976
                ],
                [
                    1109.952,
                    292.032
                ],
                [
                    1121.088,
                    294.94800000000004
                ],
                [
                    1126.08,
                    300.024
                ],
                [
                    1128.96,
                    308.988
                ],
                [
                    1143.936,
                    320.976
                ],
                [
                    1150.08,
                    330.048
                ],
                [
                    1150.08,
                    344.952
                ],
                [
                    1138.944,
                    388.044
                ],
                [
                    1127.04,
                    405.97200000000004
                ],
                [
                    1123.008,
                    425.952
                ],
                [
                    1118.9759999999999,
                    432
                ],
                [
                    1114.944,
                    458.02799999999996
                ],
                [
                    1103.04,
                    493.02000000000004
                ],
                [
                    1102.08,
                    509.004
                ],
                [
                    1086.912,
                    552.96
                ],
                [
                    1085.952,
                    567
                ],
                [
                    1079.0400000000002,
                    581.0400000000001
                ],
                [
                    1078.08,
                    596.0519999999999
                ],
                [
                    1083.0720000000001,
                    601.02
                ],
                [
                    1083.0720000000001,
                    636.984
                ],
                [
                    1078.08,
                    651.996
                ],
                [
                    1070.016,
                    694.9799999999999
                ],
                [
                    1057.92,
                    732.996
                ],
                [
                    1056.96,
                    745.956
                ],
                [
                    1051.968,
                    753.9480000000001
                ],
                [
                    1049.088,
                    764.964
                ],
                [
                    1041.0240000000001,
                    766.0440000000001
                ],
                [
                    1033.92,
                    764.964
                ],
                [
                    988.0319999999999,
                    748.98
                ],
                [
                    980.928,
                    748.98
                ],
                [
                    974.9760000000001,
                    745.956
                ],
                [
                    955.9680000000001,
                    744.9839999999999
                ],
                [
                    944.0640000000001,
                    740.0160000000001
                ],
                [
                    937.92,
                    739.044
                ],
                [
                    927.936,
                    739.044
                ],
                [
                    915.072,
                    748.98
                ],
                [
                    902.976,
                    764.964
                ],
                [
                    888,
                    778.032
                ],
                [
                    869.952,
                    799.956
                ],
                [
                    859.008,
                    809.028
                ],
                [
                    855.9359999999999,
                    809.028
                ]
            ]
        },
        {
            "ID": "3",
            "CLASS": "종이",
            "DETAILS": "종이",
            "DAMAGE": "완전압착",
            "DIRTINESS": "오염없음",
            "COVER": "없음",
            "TRANSPARENCY": "불투명",
            "SHAPE": "낱장형",
            "SHAPE_TYPE": "POLYGON",
            "POINTS": [
                [
                    484.032,
                    304.02
                ],
                [
                    480,
                    303.048
                ],
                [
                    475.00800000000004,
                    299.05199999999996
                ],
                [
                    465.024,
                    299.05199999999996
                ],
                [
                    457.91999999999996,
                    300.996
                ],
                [
                    432.96000000000004,
                    300.996
                ],
                [
                    423.936,
                    294.94800000000004
                ],
                [
                    421.056,
                    288.036
                ],
                [
                    420.096,
                    277.992
                ],
                [
                    414.912,
                    272.052
                ],
                [
                    414.912,
                    266.976
                ],
                [
                    417.024,
                    265.032
                ],
                [
                    413.952,
                    263.952
                ],
                [
                    412.03200000000004,
                    259.956
                ],
                [
                    412.03200000000004,
                    246.99599999999998
                ],
                [
                    417.024,
                    232.95600000000002
                ],
                [
                    416.064,
                    220.96800000000002
                ],
                [
                    413.952,
                    216
                ],
                [
                    409.92,
                    212.976
                ],
                [
                    402.048,
                    201.96
                ],
                [
                    401.088,
                    197.964
                ],
                [
                    393.024,
                    192.024
                ],
                [
                    383.04,
                    186.948
                ],
                [
                    378.048,
                    173.988
                ],
                [
                    378.048,
                    159.948
                ],
                [
                    384,
                    153.036
                ],
                [
                    392.06399999999996,
                    138.996
                ],
                [
                    399.93600000000004,
                    131.976
                ],
                [
                    412.03200000000004,
                    130.03199999999998
                ],
                [
                    414.912,
                    127.97999999999999
                ],
                [
                    417.024,
                    123.012
                ],
                [
                    426.048,
                    123.984
                ],
                [
                    430.08,
                    119.988
                ],
                [
                    427.008,
                    111.996
                ],
                [
                    430.08,
                    110.052
                ],
                [
                    437.952,
                    108.97200000000001
                ],
                [
                    441.984,
                    107.02799999999999
                ],
                [
                    454.08,
                    107.02799999999999
                ],
                [
                    460.03200000000004,
                    108
                ],
                [
                    461.952,
                    108.97200000000001
                ],
                [
                    461.952,
                    111.996
                ],
                [
                    459.072,
                    111.996
                ],
                [
                    456.96,
                    114.048
                ],
                [
                    456,
                    115.99199999999999
                ],
                [
                    457.91999999999996,
                    116.964
                ],
                [
                    465.024,
                    115.99199999999999
                ],
                [
                    465.984,
                    114.048
                ],
                [
                    473.088,
                    111.996
                ],
                [
                    471.936,
                    108.97200000000001
                ],
                [
                    478.08,
                    108.97200000000001
                ],
                [
                    480,
                    107.02799999999999
                ],
                [
                    488.06399999999996,
                    107.02799999999999
                ],
                [
                    499.968,
                    103.032
                ],
                [
                    513.984,
                    103.032
                ],
                [
                    518.976,
                    100.98
                ],
                [
                    528,
                    100.008
                ],
                [
                    547.0079999999999,
                    100.008
                ],
                [
                    552.9599999999999,
                    100.98
                ],
                [
                    556.9920000000001,
                    103.032
                ],
                [
                    558.912,
                    107.02799999999999
                ],
                [
                    558.912,
                    116.964
                ],
                [
                    548.928,
                    138.024
                ],
                [
                    548.928,
                    147.96
                ],
                [
                    545.088,
                    153.036
                ],
                [
                    537.024,
                    158.00400000000002
                ],
                [
                    536.064,
                    162.972
                ],
                [
                    532.9920000000001,
                    166.968
                ],
                [
                    532.032,
                    174.96
                ],
                [
                    531.072,
                    177.984
                ],
                [
                    528.96,
                    178.956
                ],
                [
                    524.928,
                    195.048
                ],
                [
                    527.0400000000001,
                    211.03199999999998
                ],
                [
                    526.08,
                    231.98399999999998
                ],
                [
                    524.928,
                    235.00799999999998
                ],
                [
                    518.016,
                    242.028
                ],
                [
                    515.904,
                    265.032
                ],
                [
                    507.072,
                    281.01599999999996
                ],
                [
                    500.92800000000005,
                    286.956
                ],
                [
                    497.088,
                    300.024
                ],
                [
                    494.01599999999996,
                    303.048
                ],
                [
                    484.032,
                    304.02
                ]
            ]
        },
        {
            "ID": "4",
            "CLASS": "종이",
            "DETAILS": "종이",
            "DAMAGE": "완전압착",
            "DIRTINESS": "오염없음",
            "COVER": "없음",
            "TRANSPARENCY": "불투명",
            "SHAPE": "낱장형",
            "SHAPE_TYPE": "POLYGON",
            "POINTS": [
                [
                    531.072,
                    609.9839999999999
                ],
                [
                    524.928,
                    608.04
                ],
                [
                    521.088,
                    604.044
                ],
                [
                    514.944,
                    594
                ],
                [
                    509.952,
                    593.028
                ],
                [
                    502.08000000000004,
                    601.992
                ],
                [
                    495.9359999999999,
                    601.992
                ],
                [
                    494.01599999999996,
                    598.968
                ],
                [
                    494.97599999999994,
                    591.948
                ],
                [
                    508.032,
                    574.02
                ],
                [
                    504,
                    570.024
                ],
                [
                    503.04,
                    566.028
                ],
                [
                    504.96000000000004,
                    559.0079999999999
                ],
                [
                    508.992,
                    555.0120000000001
                ],
                [
                    508.992,
                    551.9879999999999
                ],
                [
                    512.064,
                    547.992
                ],
                [
                    508.992,
                    542.052
                ],
                [
                    498.04800000000006,
                    529.956
                ],
                [
                    494.01599999999996,
                    513.972
                ],
                [
                    494.01599999999996,
                    501.012
                ],
                [
                    490.94399999999996,
                    497.016
                ],
                [
                    489.984,
                    486
                ],
                [
                    483.072,
                    474.98400000000004
                ],
                [
                    481.92,
                    462.024
                ],
                [
                    475.968,
                    447.984
                ],
                [
                    475.00800000000004,
                    438.048
                ],
                [
                    485.952,
                    420.984
                ],
                [
                    494.01599999999996,
                    415.044
                ],
                [
                    495.9359999999999,
                    411.048
                ],
                [
                    518.976,
                    393.012
                ],
                [
                    523.0079999999999,
                    386.964
                ],
                [
                    531.072,
                    380.05199999999996
                ],
                [
                    542.016,
                    374.976
                ],
                [
                    546.048,
                    374.976
                ],
                [
                    556.032,
                    378.972
                ],
                [
                    558.912,
                    378.972
                ],
                [
                    564.096,
                    374.976
                ],
                [
                    575.04,
                    384.048
                ],
                [
                    580.0319999999999,
                    393.98400000000004
                ],
                [
                    580.992,
                    404.02799999999996
                ],
                [
                    585.984,
                    407.052
                ],
                [
                    590.0160000000001,
                    412.992
                ],
                [
                    599.04,
                    439.02
                ],
                [
                    605.952,
                    444.96
                ],
                [
                    613.0559999999999,
                    447.012
                ],
                [
                    619.008,
                    452.952
                ],
                [
                    624,
                    471.96
                ],
                [
                    618.048,
                    486
                ],
                [
                    619.9680000000001,
                    492.048
                ],
                [
                    615.9359999999999,
                    509.976
                ],
                [
                    617.0880000000001,
                    520.992
                ],
                [
                    614.016,
                    525.96
                ],
                [
                    613.0559999999999,
                    532.98
                ],
                [
                    608.064,
                    536.004
                ],
                [
                    609.9839999999999,
                    537.948
                ],
                [
                    604.992,
                    548.9639999999999
                ],
                [
                    600,
                    555.0120000000001
                ],
                [
                    589.056,
                    559.0079999999999
                ],
                [
                    582.9119999999999,
                    563.976
                ],
                [
                    577.92,
                    560.952
                ],
                [
                    576.96,
                    566.028
                ],
                [
                    571.008,
                    573.048
                ],
                [
                    569.088,
                    581.0400000000001
                ],
                [
                    562.9440000000001,
                    586.98
                ],
                [
                    556.9920000000001,
                    598.968
                ],
                [
                    541.056,
                    609.012
                ],
                [
                    531.072,
                    609.9839999999999
                ]
            ]
        }
    ]
}