{
    "IMAGE_INFO": {
        "FILE_NAME": "1033327@0_02001_221006_P1_T3__1087.jpg",
        "DATE": "2022-10-28 18:07:32",
        "RESOLUTION": "1920 x 1080",
        "IMAGE_PHOTOGRAPHER": "조신주",
        "FOCUS_DISTANCE": "8.0",
        "EXPOSURE_TIME": "1/160",
        "SENSITIVITY_ISO": "5000",
        "PLACE": "강북재활용센터",
        "REGION_NAME": null,
        "Direction": "0",
        "HEIGHT": "115",
        "DAY/NIGHT": "주간",
        "WEATHER": "맑음",
        "IMAGE_HEIGHT": 1080,
        "IMAGE_WIDTH": 1920,
        "IMAGE_SIZE": "585.4 KB"
    },
    "ANNOTATION_INFO": [
        {
            "ID": "1",
            "CLASS": "종이",
            "DETAILS": "종이",
            "DAMAGE": "완전압착",
            "DIRTINESS": "이물질(전체)",
            "COVER": "겹침",
            "TRANSPARENCY": "불투명",
            "SHAPE": "박스형",
            "SHAPE_TYPE": "POLYGON",
            "POINTS": [
                [
                    1564.9920000000002,
                    963.0360000000001
                ],
                [
                    1559.0400000000002,
                    952.02
                ],
                [
                    1559.0400000000002,
                    937.008
                ],
                [
                    1555.968,
                    926.9639999999999
                ],
                [
                    1555.968,
                    914.004
                ],
                [
                    1554.048,
                    905.04
                ],
                [
                    1555.0079999999998,
                    897.048
                ],
                [
                    1531.968,
                    860.004
                ],
                [
                    1522.944,
                    849.96
                ],
                [
                    1478.9759999999999,
                    816.048
                ],
                [
                    1470.912,
                    806.976
                ],
                [
                    1465.9199999999998,
                    803.952
                ],
                [
                    1458.048,
                    802.98
                ],
                [
                    1458.048,
                    694.9799999999999
                ],
                [
                    1460.928,
                    635.04
                ],
                [
                    1458.048,
                    591.948
                ],
                [
                    1459.9679999999998,
                    486
                ],
                [
                    1455.936,
                    459
                ],
                [
                    1444.032,
                    434.05199999999996
                ],
                [
                    1446.912,
                    428.976
                ],
                [
                    1449.984,
                    428.00399999999996
                ],
                [
                    1454.0159999999998,
                    415.044
                ],
                [
                    1459.9679999999998,
                    409.968
                ],
                [
                    1464.96,
                    401.004
                ],
                [
                    1469.952,
                    397.008
                ],
                [
                    1476.096,
                    394.956
                ],
                [
                    1489.92,
                    393.98400000000004
                ],
                [
                    1494.9119999999998,
                    393.98400000000004
                ],
                [
                    1502.976,
                    394.956
                ],
                [
                    1510.08,
                    402.948
                ],
                [
                    1512,
                    408.996
                ],
                [
                    1511.04,
                    428.00399999999996
                ],
                [
                    1526.0159999999998,
                    465.048
                ],
                [
                    1530.048,
                    462.024
                ],
                [
                    1560.9599999999998,
                    462.024
                ],
                [
                    1565.952,
                    462.99600000000004
                ],
                [
                    1569.984,
                    466.02
                ],
                [
                    1578.048,
                    482.976
                ],
                [
                    1582.08,
                    486.97200000000004
                ],
                [
                    1587.0720000000001,
                    537.948
                ],
                [
                    1588.032,
                    578.988
                ],
                [
                    1592.064,
                    628.9920000000001
                ],
                [
                    1593.024,
                    729.972
                ],
                [
                    1590.912,
                    809.028
                ],
                [
                    1593.9840000000002,
                    837
                ],
                [
                    1593.024,
                    859.032
                ],
                [
                    1594.944,
                    902.0160000000001
                ],
                [
                    1593.024,
                    921.024
                ],
                [
                    1584.96,
                    951.048
                ],
                [
                    1578.048,
                    960.0120000000001
                ],
                [
                    1571.904,
                    963.0360000000001
                ],
                [
                    1564.9920000000002,
                    963.0360000000001
                ]
            ]
        },
        {
            "ID": "2",
            "CLASS": "종이",
            "DETAILS": "종이",
            "DAMAGE": "완전압착",
            "DIRTINESS": "이물질(전체)",
            "COVER": "겹침",
            "TRANSPARENCY": "불투명",
            "SHAPE": "박스형",
            "SHAPE_TYPE": "POLYGON",
            "POINTS": [
                [
                    755.904,
                    362.988
                ],
                [
                    749.952,
                    343.98
                ],
                [
                    747.072,
                    319.032
                ],
                [
                    731.904,
                    292.032
                ],
                [
                    730.944,
                    243.97199999999998
                ],
                [
                    724.0319999999999,
                    218.052
                ],
                [
                    705.024,
                    185.976
                ],
                [
                    697.92,
                    178.956
                ],
                [
                    686.976,
                    188.028
                ],
                [
                    676.032,
                    192.996
                ],
                [
                    666.048,
                    204.012
                ],
                [
                    644.928,
                    212.004
                ],
                [
                    628.992,
                    222.048
                ],
                [
                    624,
                    227.016
                ],
                [
                    599.04,
                    238.032
                ],
                [
                    589.056,
                    246.024
                ],
                [
                    574.0799999999999,
                    250.992
                ],
                [
                    541.056,
                    269.02799999999996
                ],
                [
                    533.952,
                    270
                ],
                [
                    513.024,
                    280.044
                ],
                [
                    499.968,
                    285.012
                ],
                [
                    495.9359999999999,
                    285.012
                ],
                [
                    495.9359999999999,
                    278.964
                ],
                [
                    499.968,
                    273.024
                ],
                [
                    500.92800000000005,
                    262.98
                ],
                [
                    505.92,
                    253.044
                ],
                [
                    507.072,
                    243
                ],
                [
                    513.024,
                    227.016
                ],
                [
                    514.944,
                    185.00400000000002
                ],
                [
                    513.984,
                    173.01600000000002
                ],
                [
                    510.91200000000003,
                    169.02
                ],
                [
                    509.952,
                    150.984
                ],
                [
                    503.04,
                    138.024
                ],
                [
                    495.9359999999999,
                    135.972
                ],
                [
                    486.912,
                    130.03199999999998
                ],
                [
                    471.936,
                    131.00400000000002
                ],
                [
                    467.904,
                    130.03199999999998
                ],
                [
                    465.984,
                    127.008
                ],
                [
                    467.904,
                    115.02
                ],
                [
                    470.976,
                    110.052
                ],
                [
                    471.936,
                    99.036
                ],
                [
                    479.04,
                    91.044
                ],
                [
                    484.99199999999996,
                    88.02000000000001
                ],
                [
                    519.9359999999999,
                    88.02000000000001
                ],
                [
                    537.984,
                    88.992
                ],
                [
                    561.024,
                    92.01599999999999
                ],
                [
                    571.008,
                    95.03999999999999
                ],
                [
                    595.008,
                    96.012
                ],
                [
                    609.9839999999999,
                    100.98
                ],
                [
                    637.0559999999999,
                    101.952
                ],
                [
                    654.912,
                    104.976
                ],
                [
                    668.928,
                    110.052
                ],
                [
                    676.9920000000001,
                    110.052
                ],
                [
                    690.048,
                    114.048
                ],
                [
                    706.9440000000001,
                    115.02
                ],
                [
                    711.936,
                    118.044
                ],
                [
                    719.04,
                    119.988
                ],
                [
                    728.064,
                    119.988
                ],
                [
                    739.008,
                    123.984
                ],
                [
                    753.984,
                    124.956
                ],
                [
                    771.072,
                    131.00400000000002
                ],
                [
                    777.024,
                    131.00400000000002
                ],
                [
                    778.944,
                    137.05200000000002
                ],
                [
                    778.944,
                    150.012
                ],
                [
                    773.952,
                    212.004
                ],
                [
                    773.952,
                    234.036
                ],
                [
                    764.928,
                    294.94800000000004
                ],
                [
                    763.0079999999999,
                    340.95599999999996
                ],
                [
                    759.9359999999999,
                    357.048
                ],
                [
                    755.904,
                    362.988
                ]
            ]
        },
        {
            "ID": "3",
            "CLASS": "종이",
            "DETAILS": "종이",
            "DAMAGE": "완전압착",
            "DIRTINESS": "이물질(전체)",
            "COVER": "겹침",
            "TRANSPARENCY": "불투명",
            "SHAPE": "박스형",
            "SHAPE_TYPE": "POLYGON",
            "POINTS": [
                [
                    696.96,
                    645.948
                ],
                [
                    686.016,
                    643.032
                ],
                [
                    648,
                    641.952
                ],
                [
                    638.016,
                    639.0360000000001
                ],
                [
                    594.048,
                    637.956
                ],
                [
                    567.936,
                    636.012
                ],
                [
                    558.912,
                    632.9879999999999
                ],
                [
                    521.088,
                    632.0160000000001
                ],
                [
                    505.92,
                    627.048
                ],
                [
                    451.008,
                    620.028
                ],
                [
                    417.98400000000004,
                    618.9480000000001
                ],
                [
                    414.912,
                    617.004
                ],
                [
                    412.03200000000004,
                    612.036
                ],
                [
                    412.03200000000004,
                    605.988
                ],
                [
                    414.912,
                    578.016
                ],
                [
                    416.064,
                    519.048
                ],
                [
                    422.01599999999996,
                    482.976
                ],
                [
                    427.008,
                    423.036
                ],
                [
                    432.96000000000004,
                    400.032
                ],
                [
                    436.032,
                    366.984
                ],
                [
                    440.06399999999996,
                    362.988
                ],
                [
                    456.96,
                    362.988
                ],
                [
                    464.064,
                    358.02000000000004
                ],
                [
                    469.056,
                    350.028
                ],
                [
                    470.976,
                    342.036
                ],
                [
                    475.00800000000004,
                    336.96
                ],
                [
                    478.08,
                    324
                ],
                [
                    486.912,
                    315.036
                ],
                [
                    493.0559999999999,
                    315.036
                ],
                [
                    495.9359999999999,
                    316.00800000000004
                ],
                [
                    499.00800000000004,
                    321.948
                ],
                [
                    510.91200000000003,
                    335.01599999999996
                ],
                [
                    518.016,
                    339.98400000000004
                ],
                [
                    528,
                    353.052
                ],
                [
                    566.016,
                    370.98
                ],
                [
                    570.048,
                    375.94800000000004
                ],
                [
                    576.96,
                    378.972
                ],
                [
                    580.992,
                    384.048
                ],
                [
                    594.048,
                    412.02
                ],
                [
                    599.04,
                    428.00399999999996
                ],
                [
                    622.08,
                    466.992
                ],
                [
                    624,
                    475.95599999999996
                ],
                [
                    633.024,
                    486
                ],
                [
                    633.984,
                    489.996
                ],
                [
                    638.016,
                    493.99199999999996
                ],
                [
                    638.016,
                    497.016
                ],
                [
                    648,
                    509.976
                ],
                [
                    648.96,
                    515.052
                ],
                [
                    653.952,
                    519.048
                ],
                [
                    658.944,
                    531.0360000000001
                ],
                [
                    681.984,
                    554.04
                ],
                [
                    697.92,
                    567
                ],
                [
                    708.096,
                    570.996
                ],
                [
                    710.976,
                    570.996
                ],
                [
                    716.928,
                    567.972
                ],
                [
                    725.952,
                    558.0360000000001
                ],
                [
                    731.904,
                    556.956
                ],
                [
                    730.944,
                    593.028
                ],
                [
                    724.0319999999999,
                    629.964
                ],
                [
                    720.96,
                    640.98
                ],
                [
                    716.928,
                    645.948
                ],
                [
                    696.96,
                    645.948
                ]
            ]
        }
    ]
}