{
    "IMAGE_INFO": {
        "FILE_NAME": "1033517@0_02001_221006_P1_T3__0876.jpg",
        "DATE": "2022-10-28 18:06:58",
        "RESOLUTION": "1920 x 1080",
        "IMAGE_PHOTOGRAPHER": "조신주",
        "FOCUS_DISTANCE": "8.0",
        "EXPOSURE_TIME": "1/160",
        "SENSITIVITY_ISO": "5000",
        "PLACE": "강북재활용센터",
        "REGION_NAME": null,
        "Direction": "0",
        "HEIGHT": "115",
        "DAY/NIGHT": "주간",
        "WEATHER": "맑음",
        "IMAGE_HEIGHT": 1080,
        "IMAGE_WIDTH": 1920,
        "IMAGE_SIZE": "536.5 KB"
    },
    "ANNOTATION_INFO": [
        {
            "ID": "1",
            "CLASS": "종이",
            "DETAILS": "종이",
            "DAMAGE": "원형",
            "DIRTINESS": "오염없음",
            "COVER": "없음",
            "TRANSPARENCY": "불투명",
            "SHAPE": "박스형",
            "SHAPE_TYPE": "POLYGON",
            "POINTS": [
                [
                    824.0640000000001,
                    1037.016
                ],
                [
                    816,
                    1013.04
                ],
                [
                    814.0799999999999,
                    992.952
                ],
                [
                    809.088,
                    975.996
                ],
                [
                    807.936,
                    956.016
                ],
                [
                    801.024,
                    925.9920000000001
                ],
                [
                    800.0640000000001,
                    902.0160000000001
                ],
                [
                    787.968,
                    837.972
                ],
                [
                    787.968,
                    825.0120000000001
                ],
                [
                    782.976,
                    806.0039999999999
                ],
                [
                    782.016,
                    783.972
                ],
                [
                    768,
                    712.044
                ],
                [
                    767.0400000000001,
                    690.0120000000001
                ],
                [
                    762.048,
                    670.0319999999999
                ],
                [
                    762.048,
                    659.016
                ],
                [
                    754.944,
                    632.0160000000001
                ],
                [
                    753.984,
                    605.988
                ],
                [
                    759.9359999999999,
                    601.02
                ],
                [
                    763.968,
                    601.02
                ],
                [
                    767.0400000000001,
                    597.996
                ],
                [
                    777.984,
                    594.972
                ],
                [
                    786.048,
                    594
                ],
                [
                    786.048,
                    591.948
                ],
                [
                    792.9599999999999,
                    589.032
                ],
                [
                    807.936,
                    589.032
                ],
                [
                    809.088,
                    582.9839999999999
                ],
                [
                    820.992,
                    581.0400000000001
                ],
                [
                    834.048,
                    582.9839999999999
                ],
                [
                    839.04,
                    578.016
                ],
                [
                    849.9839999999999,
                    577.044
                ],
                [
                    854.976,
                    574.02
                ],
                [
                    879.9359999999999,
                    574.992
                ],
                [
                    892.9920000000001,
                    571.968
                ],
                [
                    898.944,
                    569.052
                ],
                [
                    929.088,
                    563.004
                ],
                [
                    969.9839999999999,
                    562.0319999999999
                ],
                [
                    988.992,
                    555.0120000000001
                ],
                [
                    1018.944,
                    548.9639999999999
                ],
                [
                    1056.96,
                    543.024
                ],
                [
                    1085.952,
                    542.052
                ],
                [
                    1100.928,
                    539.028
                ],
                [
                    1107.0720000000001,
                    544.9680000000001
                ],
                [
                    1110.912,
                    555.0120000000001
                ],
                [
                    1118.9759999999999,
                    606.96
                ],
                [
                    1123.968,
                    625.968
                ],
                [
                    1128.96,
                    655.0200000000001
                ],
                [
                    1129.92,
                    675.972
                ],
                [
                    1134.9119999999998,
                    694.0079999999999
                ],
                [
                    1142.976,
                    748.98
                ],
                [
                    1147.008,
                    755.028
                ],
                [
                    1152.96,
                    802.008
                ],
                [
                    1157.952,
                    821.016
                ],
                [
                    1157.952,
                    833.004
                ],
                [
                    1165.056,
                    851.0400000000001
                ],
                [
                    1165.056,
                    859.032
                ],
                [
                    1160.0639999999999,
                    864.972
                ],
                [
                    1152.96,
                    867.024
                ],
                [
                    1133.952,
                    867.996
                ],
                [
                    1128.96,
                    872.964
                ],
                [
                    1129.92,
                    891.972
                ],
                [
                    1140.096,
                    947.052
                ],
                [
                    1140.096,
                    963.0360000000001
                ],
                [
                    1137.024,
                    968.976
                ],
                [
                    1122.048,
                    978.048
                ],
                [
                    1090.944,
                    987.9839999999999
                ],
                [
                    1080.9599999999998,
                    995.004
                ],
                [
                    1061.952,
                    1001.0519999999999
                ],
                [
                    1052.9279999999999,
                    1001.0519999999999
                ],
                [
                    1030.08,
                    1006.992
                ],
                [
                    1011.0719999999999,
                    1007.964
                ],
                [
                    998.0160000000001,
                    1013.04
                ],
                [
                    975.9359999999999,
                    1014.012
                ],
                [
                    961.92,
                    1018.98
                ],
                [
                    950.0160000000001,
                    1018.98
                ],
                [
                    931.968,
                    1022.004
                ],
                [
                    913.92,
                    1026.972
                ],
                [
                    903.936,
                    1026.972
                ],
                [
                    875.904,
                    1033.02
                ],
                [
                    854.976,
                    1036.044
                ],
                [
                    824.0640000000001,
                    1037.016
                ]
            ]
        }
    ]
}