{
    "IMAGE_INFO": {
        "FILE_NAME": "1033440@0_02001_221006_P1_T3__2914.jpg",
        "DATE": "2022-10-28 18:12:23",
        "RESOLUTION": "1920 x 1080",
        "IMAGE_PHOTOGRAPHER": "조신주",
        "FOCUS_DISTANCE": "8.0",
        "EXPOSURE_TIME": "1/160",
        "SENSITIVITY_ISO": "5000",
        "PLACE": "강북재활용센터",
        "REGION_NAME": null,
        "Direction": "0",
        "HEIGHT": "115",
        "DAY/NIGHT": "주간",
        "WEATHER": "맑음",
        "IMAGE_HEIGHT": 1080,
        "IMAGE_WIDTH": 1920,
        "IMAGE_SIZE": "564.3 KB"
    },
    "ANNOTATION_INFO": [
        {
            "ID": "1",
            "CLASS": "종이",
            "DETAILS": "종이",
            "DAMAGE": "손상",
            "DIRTINESS": "이물질(외부)",
            "COVER": "없음",
            "TRANSPARENCY": "불투명",
            "SHAPE": "낱장형",
            "SHAPE_TYPE": "POLYGON",
            "POINTS": [
                [
                    1214.976,
                    220.96800000000002
                ],
                [
                    1200,
                    215.028
                ],
                [
                    1190.9759999999999,
                    209.952
                ],
                [
                    1190.016,
                    208.00799999999998
                ],
                [
                    1185.9840000000002,
                    208.00799999999998
                ],
                [
                    1177.92,
                    211.03199999999998
                ],
                [
                    1169.088,
                    212.004
                ],
                [
                    1161.984,
                    211.03199999999998
                ],
                [
                    1152,
                    207.036
                ],
                [
                    1143.936,
                    200.988
                ],
                [
                    1142.016,
                    193.96800000000002
                ],
                [
                    1124.9279999999999,
                    186.948
                ],
                [
                    1116.096,
                    178.956
                ],
                [
                    1098.048,
                    168.04799999999997
                ],
                [
                    1094.0159999999998,
                    164.05200000000002
                ],
                [
                    1084.9920000000002,
                    161.02800000000002
                ],
                [
                    1073.088,
                    154.008
                ],
                [
                    1073.088,
                    124.956
                ],
                [
                    1089.0240000000001,
                    115.99199999999999
                ],
                [
                    1103.04,
                    110.052
                ],
                [
                    1113.9840000000002,
                    107.02799999999999
                ],
                [
                    1123.008,
                    107.02799999999999
                ],
                [
                    1136.064,
                    104.00399999999999
                ],
                [
                    1140.096,
                    93.96
                ],
                [
                    1143.936,
                    91.044
                ],
                [
                    1148.928,
                    81.972
                ],
                [
                    1160.0639999999999,
                    73.008
                ],
                [
                    1165.056,
                    66.96
                ],
                [
                    1182.912,
                    56.052
                ],
                [
                    1199.0400000000002,
                    49.032000000000004
                ],
                [
                    1203.0720000000001,
                    43.956
                ],
                [
                    1205.952,
                    42.984
                ],
                [
                    1210.944,
                    39.96
                ],
                [
                    1222.08,
                    43.956
                ],
                [
                    1236.096,
                    57.024
                ],
                [
                    1241.088,
                    62.964
                ],
                [
                    1243.008,
                    70.95599999999999
                ],
                [
                    1249.92,
                    81.972
                ],
                [
                    1251.072,
                    92.01599999999999
                ],
                [
                    1271.04,
                    108.97200000000001
                ],
                [
                    1278.912,
                    119.016
                ],
                [
                    1281.0240000000001,
                    126.036
                ],
                [
                    1285.056,
                    130.03199999999998
                ],
                [
                    1285.056,
                    135.972
                ],
                [
                    1287.936,
                    139.968
                ],
                [
                    1286.976,
                    146.016
                ],
                [
                    1291.008,
                    153.036
                ],
                [
                    1291.968,
                    162.972
                ],
                [
                    1291.968,
                    172.04399999999998
                ],
                [
                    1290.048,
                    177.984
                ],
                [
                    1277.952,
                    188.028
                ],
                [
                    1280.0639999999999,
                    196.01999999999998
                ],
                [
                    1277.952,
                    199.04399999999998
                ],
                [
                    1261.056,
                    208.98000000000002
                ],
                [
                    1258.944,
                    208.98000000000002
                ],
                [
                    1257.984,
                    211.03199999999998
                ],
                [
                    1249.92,
                    213.948
                ],
                [
                    1246.08,
                    213.948
                ],
                [
                    1238.9759999999999,
                    216.972
                ],
                [
                    1233.024,
                    216.972
                ],
                [
                    1224.96,
                    220.96800000000002
                ]
            ]
        },
        {
            "ID": "2",
            "CLASS": "종이",
            "DETAILS": "종이",
            "DAMAGE": "손상",
            "DIRTINESS": "이물질(외부)",
            "COVER": "없음",
            "TRANSPARENCY": "불투명",
            "SHAPE": "낱장형",
            "SHAPE_TYPE": "POLYGON",
            "POINTS": [
                [
                    369.98400000000004,
                    624.996
                ],
                [
                    364.032,
                    623.052
                ],
                [
                    350.01599999999996,
                    610.956
                ],
                [
                    321.984,
                    594.972
                ],
                [
                    306.048,
                    594.972
                ],
                [
                    278.016,
                    598.968
                ],
                [
                    258.048,
                    605.988
                ],
                [
                    250.94400000000002,
                    609.9839999999999
                ],
                [
                    244.03199999999998,
                    609.012
                ],
                [
                    235.00799999999998,
                    589.032
                ],
                [
                    238.07999999999998,
                    581.0400000000001
                ],
                [
                    245.952,
                    574.02
                ],
                [
                    245.952,
                    562.0319999999999
                ],
                [
                    248.06400000000002,
                    559.0079999999999
                ],
                [
                    254.016,
                    556.956
                ],
                [
                    259.008,
                    551.9879999999999
                ],
                [
                    259.008,
                    513
                ],
                [
                    263.04,
                    505.98
                ],
                [
                    269.952,
                    500.04
                ],
                [
                    272.06399999999996,
                    493.99199999999996
                ],
                [
                    281.088,
                    492.048
                ],
                [
                    291.072,
                    488.052
                ],
                [
                    302.01599999999996,
                    481.03200000000004
                ],
                [
                    307.008,
                    473.04
                ],
                [
                    318.912,
                    463.96799999999996
                ],
                [
                    321.024,
                    461.052
                ],
                [
                    321.024,
                    452.952
                ],
                [
                    327.93600000000004,
                    439.99199999999996
                ],
                [
                    327.93600000000004,
                    436.968
                ],
                [
                    336,
                    427.032
                ],
                [
                    345.984,
                    428.00399999999996
                ],
                [
                    350.01599999999996,
                    427.032
                ],
                [
                    356.928,
                    415.044
                ],
                [
                    369.024,
                    415.044
                ],
                [
                    373.056,
                    412.02
                ],
                [
                    378.048,
                    411.048
                ],
                [
                    379.96799999999996,
                    412.02
                ],
                [
                    383.04,
                    416.01599999999996
                ],
                [
                    384,
                    423.036
                ],
                [
                    389.952,
                    427.032
                ],
                [
                    393.984,
                    434.05199999999996
                ],
                [
                    401.088,
                    451.97999999999996
                ],
                [
                    406.08,
                    474.012
                ],
                [
                    413.952,
                    489.024
                ],
                [
                    416.064,
                    497.016
                ],
                [
                    414.912,
                    504.036
                ],
                [
                    406.08,
                    513.972
                ],
                [
                    398.016,
                    529.956
                ],
                [
                    398.016,
                    559.0079999999999
                ],
                [
                    402.048,
                    559.0079999999999
                ],
                [
                    407.03999999999996,
                    556.956
                ],
                [
                    409.92,
                    554.04
                ],
                [
                    422.01599999999996,
                    554.04
                ],
                [
                    440.06399999999996,
                    567
                ],
                [
                    446.976,
                    577.044
                ],
                [
                    446.976,
                    582.9839999999999
                ],
                [
                    437.952,
                    597.024
                ],
                [
                    404.928,
                    618.9480000000001
                ],
                [
                    394.94399999999996,
                    621.972
                ],
                [
                    388.992,
                    621.972
                ]
            ]
        }
    ]
}