{
    "IMAGE_INFO": {
        "FILE_NAME": "1033420@0_02001_221006_P1_T3__0900.jpg",
        "DATE": "2022-10-28 18:07:01",
        "RESOLUTION": "1920 x 1080",
        "IMAGE_PHOTOGRAPHER": "조신주",
        "FOCUS_DISTANCE": "8.0",
        "EXPOSURE_TIME": "1/160",
        "SENSITIVITY_ISO": "5000",
        "PLACE": "강북재활용센터",
        "REGION_NAME": null,
        "Direction": "0",
        "HEIGHT": "115",
        "DAY/NIGHT": "주간",
        "WEATHER": "맑음",
        "IMAGE_HEIGHT": 1080,
        "IMAGE_WIDTH": 1920,
        "IMAGE_SIZE": "547.8 KB"
    },
    "ANNOTATION_INFO": [
        {
            "ID": "1",
            "CLASS": "종이",
            "DETAILS": "종이",
            "DAMAGE": "완전압착",
            "DIRTINESS": "오염없음",
            "COVER": "겹침",
            "TRANSPARENCY": "불투명",
            "SHAPE": "박스형",
            "SHAPE_TYPE": "POLYGON",
            "POINTS": [
                [
                    515.904,
                    1080
                ],
                [
                    513.984,
                    1072.008
                ],
                [
                    519.9359999999999,
                    1057.968
                ],
                [
                    542.976,
                    1036.044
                ],
                [
                    542.016,
                    1029.996
                ],
                [
                    533.952,
                    1029.024
                ],
                [
                    522.048,
                    1018.008
                ],
                [
                    522.048,
                    1005.048
                ],
                [
                    526.08,
                    992.952
                ],
                [
                    537.984,
                    975.024
                ],
                [
                    581.952,
                    937.98
                ],
                [
                    615.9359999999999,
                    906.012
                ],
                [
                    625.9200000000001,
                    899.964
                ],
                [
                    657.984,
                    870.048
                ],
                [
                    667.968,
                    864
                ],
                [
                    670.0799999999999,
                    860.004
                ],
                [
                    699.072,
                    837
                ],
                [
                    708.096,
                    830.952
                ],
                [
                    714.048,
                    829.9799999999999
                ],
                [
                    723.072,
                    829.9799999999999
                ],
                [
                    744,
                    849.96
                ],
                [
                    752.064,
                    853.9559999999999
                ],
                [
                    758.016,
                    852.0120000000001
                ],
                [
                    766.08,
                    844.02
                ],
                [
                    777.984,
                    841.968
                ],
                [
                    783.936,
                    837
                ],
                [
                    801.024,
                    837
                ],
                [
                    811.968,
                    849.96
                ],
                [
                    814.0799999999999,
                    871.992
                ],
                [
                    796.032,
                    902.0160000000001
                ],
                [
                    779.904,
                    910.008
                ],
                [
                    771.072,
                    920.052
                ],
                [
                    753.024,
                    932.04
                ],
                [
                    734.016,
                    949.9680000000001
                ],
                [
                    714.048,
                    964.0079999999999
                ],
                [
                    711.936,
                    968.004
                ],
                [
                    694.0799999999999,
                    980.9639999999999
                ],
                [
                    628.032,
                    1040.04
                ],
                [
                    601.92,
                    1060.02
                ],
                [
                    585.024,
                    1080
                ],
                [
                    515.904,
                    1080
                ]
            ]
        }
    ]
}