{
    "IMAGE_INFO": {
        "FILE_NAME": "1033434@0_02001_221006_P1_T3__1475.jpg",
        "DATE": "2022-10-28 18:08:33",
        "RESOLUTION": "1920 x 1080",
        "IMAGE_PHOTOGRAPHER": "조신주",
        "FOCUS_DISTANCE": "8.0",
        "EXPOSURE_TIME": "1/160",
        "SENSITIVITY_ISO": "5000",
        "PLACE": "강북재활용센터",
        "REGION_NAME": null,
        "Direction": "0",
        "HEIGHT": "115",
        "DAY/NIGHT": "주간",
        "WEATHER": "맑음",
        "IMAGE_HEIGHT": 1080,
        "IMAGE_WIDTH": 1920,
        "IMAGE_SIZE": "618.4 KB"
    },
    "ANNOTATION_INFO": [
        {
            "ID": "1",
            "CLASS": "종이",
            "DETAILS": "종이",
            "DAMAGE": "손상",
            "DIRTINESS": "이물질(외부)",
            "COVER": "없음",
            "TRANSPARENCY": "불투명",
            "SHAPE": "박스형",
            "SHAPE_TYPE": "POLYGON",
            "POINTS": [
                [
                    363.072,
                    532.98
                ],
                [
                    349.056,
                    527.04
                ],
                [
                    331.008,
                    521.964
                ],
                [
                    315.072,
                    520.992
                ],
                [
                    305.088,
                    517.9680000000001
                ],
                [
                    297.024,
                    517.9680000000001
                ],
                [
                    288.96,
                    513.972
                ],
                [
                    287.03999999999996,
                    497.016
                ],
                [
                    283.008,
                    489.996
                ],
                [
                    270.91200000000003,
                    478.98
                ],
                [
                    270.91200000000003,
                    452.952
                ],
                [
                    278.016,
                    435.024
                ],
                [
                    279.93600000000004,
                    415.044
                ],
                [
                    283.008,
                    409.968
                ],
                [
                    283.968,
                    397.98
                ],
                [
                    288,
                    390.96
                ],
                [
                    288.96,
                    375.94800000000004
                ],
                [
                    299.904,
                    347.00399999999996
                ],
                [
                    306.048,
                    312.984
                ],
                [
                    308.928,
                    308.016
                ],
                [
                    311.04,
                    285.984
                ],
                [
                    320.06399999999996,
                    258.012
                ],
                [
                    327.93600000000004,
                    245.052
                ],
                [
                    340.03200000000004,
                    235.98
                ],
                [
                    354.048,
                    230.04
                ],
                [
                    366.912,
                    219.024
                ],
                [
                    378.048,
                    205.95600000000002
                ],
                [
                    402.048,
                    195.048
                ],
                [
                    403.968,
                    191.052
                ],
                [
                    411.072,
                    189
                ],
                [
                    420.096,
                    181.008
                ],
                [
                    427.008,
                    180.03599999999997
                ],
                [
                    465.984,
                    180.03599999999997
                ],
                [
                    479.04,
                    181.98000000000002
                ],
                [
                    484.032,
                    188.028
                ],
                [
                    495.9359999999999,
                    189
                ],
                [
                    509.952,
                    196.99200000000002
                ],
                [
                    517.0559999999999,
                    199.04399999999998
                ],
                [
                    522.048,
                    204.984
                ],
                [
                    526.08,
                    219.024
                ],
                [
                    527.0400000000001,
                    253.044
                ],
                [
                    536.064,
                    266.00399999999996
                ],
                [
                    537.024,
                    277.992
                ],
                [
                    536.064,
                    292.032
                ],
                [
                    532.032,
                    300.996
                ],
                [
                    531.072,
                    311.03999999999996
                ],
                [
                    527.0400000000001,
                    316.00800000000004
                ],
                [
                    526.08,
                    327.024
                ],
                [
                    523.0079999999999,
                    328.96799999999996
                ],
                [
                    519.9359999999999,
                    342.036
                ],
                [
                    510.91200000000003,
                    357.048
                ],
                [
                    510.91200000000003,
                    365.04
                ],
                [
                    517.0559999999999,
                    370.00800000000004
                ],
                [
                    519.9359999999999,
                    381.024
                ],
                [
                    519.9359999999999,
                    394.956
                ],
                [
                    517.0559999999999,
                    405.97200000000004
                ],
                [
                    509.952,
                    421.956
                ],
                [
                    505.92,
                    425.952
                ],
                [
                    504.96000000000004,
                    431.028
                ],
                [
                    499.968,
                    431.028
                ],
                [
                    495.9359999999999,
                    435.996
                ],
                [
                    489.02399999999994,
                    438.048
                ],
                [
                    481.92,
                    456.948
                ],
                [
                    473.088,
                    463.96799999999996
                ],
                [
                    466.944,
                    466.02
                ],
                [
                    461.952,
                    475.95599999999996
                ],
                [
                    457.91999999999996,
                    479.952
                ],
                [
                    449.08799999999997,
                    483.948
                ],
                [
                    446.976,
                    486.97200000000004
                ],
                [
                    447.93600000000004,
                    492.048
                ],
                [
                    452.928,
                    494.964
                ],
                [
                    452.928,
                    500.04
                ],
                [
                    451.968,
                    502.956
                ],
                [
                    447.93600000000004,
                    505.98
                ],
                [
                    446.976,
                    513
                ],
                [
                    444.096,
                    515.052
                ],
                [
                    442.94399999999996,
                    523.044
                ],
                [
                    428.928,
                    525.96
                ],
                [
                    399.93600000000004,
                    524.9879999999999
                ],
                [
                    369.024,
                    532.98
                ]
            ]
        },
        {
            "ID": "2",
            "CLASS": "종이",
            "DETAILS": "종이",
            "DAMAGE": "원형",
            "DIRTINESS": "이물질(외부)",
            "COVER": "없음",
            "TRANSPARENCY": "불투명",
            "SHAPE": "낱장형",
            "SHAPE_TYPE": "POLYGON",
            "POINTS": [
                [
                    1246.08,
                    374.004
                ],
                [
                    1238.016,
                    373.032
                ],
                [
                    1228.032,
                    370.00800000000004
                ],
                [
                    1218.048,
                    369.036
                ],
                [
                    1211.904,
                    366.012
                ],
                [
                    1205.952,
                    365.04
                ],
                [
                    1194.048,
                    359.964
                ],
                [
                    1179.072,
                    353.052
                ],
                [
                    1157.952,
                    336.96
                ],
                [
                    1150.08,
                    327.024
                ],
                [
                    1142.016,
                    320.976
                ],
                [
                    1124.9279999999999,
                    289.008
                ],
                [
                    1123.968,
                    284.04
                ],
                [
                    1119.9360000000001,
                    278.964
                ],
                [
                    1118.9759999999999,
                    267.948
                ],
                [
                    1114.944,
                    263.952
                ],
                [
                    1113.9840000000002,
                    243.97199999999998
                ],
                [
                    1108.992,
                    234.036
                ],
                [
                    1105.9199999999998,
                    220.96800000000002
                ],
                [
                    1102.08,
                    218.052
                ],
                [
                    1099.9679999999998,
                    205.95600000000002
                ],
                [
                    1095.936,
                    199.04399999999998
                ],
                [
                    1093.056,
                    186.948
                ],
                [
                    1093.056,
                    173.988
                ],
                [
                    1095.936,
                    169.99200000000002
                ],
                [
                    1110.912,
                    158.00400000000002
                ],
                [
                    1114.944,
                    157.032
                ],
                [
                    1138.944,
                    137.05200000000002
                ],
                [
                    1152,
                    128.952
                ],
                [
                    1171.968,
                    114.048
                ],
                [
                    1174.0800000000002,
                    110.052
                ],
                [
                    1184.064,
                    100.008
                ],
                [
                    1193.088,
                    93.96
                ],
                [
                    1201.92,
                    83.05199999999999
                ],
                [
                    1217.088,
                    72.036
                ],
                [
                    1223.04,
                    72.036
                ],
                [
                    1233.024,
                    74.952
                ],
                [
                    1234.944,
                    77.004
                ],
                [
                    1243.008,
                    77.976
                ],
                [
                    1249.92,
                    81
                ],
                [
                    1258.944,
                    83.05199999999999
                ],
                [
                    1272.96,
                    83.05199999999999
                ],
                [
                    1294.0800000000002,
                    87.048
                ],
                [
                    1302.912,
                    89.964
                ],
                [
                    1318.08,
                    92.988
                ],
                [
                    1324.032,
                    93.96
                ],
                [
                    1334.976,
                    93.96
                ],
                [
                    1339.9679999999998,
                    99.036
                ],
                [
                    1344,
                    107.02799999999999
                ],
                [
                    1367.04,
                    130.03199999999998
                ],
                [
                    1373.952,
                    138.996
                ],
                [
                    1376.064,
                    143.964
                ],
                [
                    1381.056,
                    147.96
                ],
                [
                    1382.016,
                    153.036
                ],
                [
                    1390.08,
                    162
                ],
                [
                    1400.0639999999999,
                    193.96800000000002
                ],
                [
                    1401.984,
                    205.95600000000002
                ],
                [
                    1401.0240000000001,
                    245.052
                ],
                [
                    1397.952,
                    249.048
                ],
                [
                    1393.92,
                    272.052
                ],
                [
                    1387.008,
                    284.04
                ],
                [
                    1386.048,
                    290.952
                ],
                [
                    1382.016,
                    296.028
                ],
                [
                    1377.984,
                    307.044
                ],
                [
                    1371.072,
                    313.956
                ],
                [
                    1368.96,
                    319.032
                ],
                [
                    1356.096,
                    331.992
                ],
                [
                    1343.04,
                    342.036
                ],
                [
                    1318.08,
                    357.048
                ],
                [
                    1302.912,
                    362.016
                ],
                [
                    1297.92,
                    365.04
                ],
                [
                    1287.936,
                    366.984
                ],
                [
                    1280.0639999999999,
                    370.98
                ],
                [
                    1265.0880000000002,
                    374.004
                ]
            ]
        }
    ]
}