{
    "IMAGE_INFO": {
        "FILE_NAME": "1033526@0_02001_221006_P1_T3__2866.jpg",
        "DATE": "2022-10-28 18:12:15",
        "RESOLUTION": "1920 x 1080",
        "IMAGE_PHOTOGRAPHER": "조신주",
        "FOCUS_DISTANCE": "8.0",
        "EXPOSURE_TIME": "1/160",
        "SENSITIVITY_ISO": "5000",
        "PLACE": "강북재활용센터",
        "REGION_NAME": null,
        "Direction": "0",
        "HEIGHT": "115",
        "DAY/NIGHT": "주간",
        "WEATHER": "맑음",
        "IMAGE_HEIGHT": 1080,
        "IMAGE_WIDTH": 1920,
        "IMAGE_SIZE": "582.1 KB"
    },
    "ANNOTATION_INFO": [
        {
            "ID": "1",
            "CLASS": "종이",
            "DETAILS": "종이",
            "DAMAGE": "원형",
            "DIRTINESS": "오염없음",
            "COVER": "겹침",
            "TRANSPARENCY": "불투명",
            "SHAPE": "박스형",
            "SHAPE_TYPE": "POLYGON",
            "POINTS": [
                [
                    264,
                    209.952
                ],
                [
                    254.976,
                    208.98000000000002
                ],
                [
                    243.07199999999997,
                    208.98000000000002
                ],
                [
                    234.048,
                    208.00799999999998
                ],
                [
                    224.064,
                    208.00799999999998
                ],
                [
                    210.048,
                    205.95600000000002
                ],
                [
                    205.056,
                    207.036
                ],
                [
                    190.08,
                    204.012
                ],
                [
                    182.016,
                    204.984
                ],
                [
                    178.94400000000002,
                    203.04
                ],
                [
                    177.024,
                    192.996
                ],
                [
                    177.024,
                    150.984
                ],
                [
                    174.912,
                    141.048
                ],
                [
                    173.952,
                    120.96000000000001
                ],
                [
                    173.952,
                    100.008
                ],
                [
                    172.032,
                    88.992
                ],
                [
                    172.032,
                    58.968
                ],
                [
                    173.952,
                    53.028
                ],
                [
                    180.096,
                    51.94799999999999
                ],
                [
                    185.088,
                    54.972
                ],
                [
                    192,
                    61.992
                ],
                [
                    192,
                    64.044
                ],
                [
                    193.92000000000002,
                    65.01599999999999
                ],
                [
                    195.072,
                    66.96
                ],
                [
                    200.064,
                    72.036
                ],
                [
                    201.024,
                    74.952
                ],
                [
                    206.976,
                    81.972
                ],
                [
                    217.92000000000002,
                    97.956
                ],
                [
                    220.992,
                    104.00399999999999
                ],
                [
                    220.992,
                    107.02799999999999
                ],
                [
                    230.976,
                    119.988
                ],
                [
                    230.976,
                    123.012
                ],
                [
                    235.968,
                    128.952
                ],
                [
                    235.968,
                    131.976
                ],
                [
                    238.07999999999998,
                    134.028
                ],
                [
                    239.04,
                    137.05200000000002
                ],
                [
                    240.96,
                    138.996
                ],
                [
                    244.03199999999998,
                    145.044
                ],
                [
                    245.952,
                    146.988
                ],
                [
                    246.91199999999998,
                    150.012
                ],
                [
                    249.02400000000003,
                    150.984
                ],
                [
                    249.02400000000003,
                    153.036
                ],
                [
                    254.016,
                    158.976
                ],
                [
                    254.016,
                    161.02800000000002
                ],
                [
                    255.936,
                    165.024
                ],
                [
                    259.96799999999996,
                    169.02
                ],
                [
                    259.96799999999996,
                    170.964
                ],
                [
                    262.08000000000004,
                    173.01600000000002
                ],
                [
                    262.08000000000004,
                    174.96
                ],
                [
                    264,
                    177.984
                ],
                [
                    264.96000000000004,
                    185.00400000000002
                ],
                [
                    269.952,
                    191.052
                ],
                [
                    272.06399999999996,
                    196.99200000000002
                ],
                [
                    278.016,
                    205.95600000000002
                ],
                [
                    278.016,
                    208.00799999999998
                ],
                [
                    273.984,
                    209.952
                ],
                [
                    264,
                    209.952
                ]
            ]
        },
        {
            "ID": "2",
            "CLASS": "종이",
            "DETAILS": "종이",
            "DAMAGE": "원형",
            "DIRTINESS": "오염없음",
            "COVER": "없음",
            "TRANSPARENCY": "불투명",
            "SHAPE": "박스형",
            "SHAPE_TYPE": "POLYGON",
            "POINTS": [
                [
                    494.97599999999994,
                    546.048
                ],
                [
                    489.984,
                    543.024
                ],
                [
                    486.912,
                    533.952
                ],
                [
                    484.032,
                    531.0360000000001
                ],
                [
                    480.96,
                    513
                ],
                [
                    476.928,
                    504.036
                ],
                [
                    475.968,
                    497.016
                ],
                [
                    474.048,
                    494.964
                ],
                [
                    465.984,
                    463.96799999999996
                ],
                [
                    462.91200000000003,
                    461.052
                ],
                [
                    456.96,
                    443.988
                ],
                [
                    454.08,
                    442.044
                ],
                [
                    454.08,
                    435.024
                ],
                [
                    451.008,
                    424.98
                ],
                [
                    444.096,
                    413.964
                ],
                [
                    441.984,
                    408.024
                ],
                [
                    441.024,
                    393.98400000000004
                ],
                [
                    460.03200000000004,
                    363.96000000000004
                ],
                [
                    465.984,
                    358.99199999999996
                ],
                [
                    470.976,
                    351
                ],
                [
                    484.99199999999996,
                    338.04
                ],
                [
                    491.904,
                    335.01599999999996
                ],
                [
                    504.96000000000004,
                    332.964
                ],
                [
                    521.088,
                    327.99600000000004
                ],
                [
                    523.968,
                    327.99600000000004
                ],
                [
                    528,
                    324.972
                ],
                [
                    532.9920000000001,
                    324
                ],
                [
                    538.944,
                    323.02799999999996
                ],
                [
                    545.088,
                    327.024
                ],
                [
                    555.072,
                    327.024
                ],
                [
                    569.088,
                    321.948
                ],
                [
                    571.968,
                    321.948
                ],
                [
                    581.952,
                    324
                ],
                [
                    589.056,
                    331.02
                ],
                [
                    588.096,
                    338.04
                ],
                [
                    582.9119999999999,
                    343.98
                ],
                [
                    577.92,
                    347.00399999999996
                ],
                [
                    577.92,
                    351
                ],
                [
                    582.9119999999999,
                    381.024
                ],
                [
                    585.984,
                    389.988
                ],
                [
                    585.984,
                    408.024
                ],
                [
                    588.096,
                    417.96000000000004
                ],
                [
                    593.088,
                    434.05199999999996
                ],
                [
                    596.928,
                    439.99199999999996
                ],
                [
                    596.928,
                    458.02799999999996
                ],
                [
                    600,
                    477.036
                ],
                [
                    595.9680000000001,
                    485.028
                ],
                [
                    586.9440000000001,
                    490.968
                ],
                [
                    574.0799999999999,
                    493.02000000000004
                ],
                [
                    569.088,
                    490.968
                ],
                [
                    555.072,
                    490.968
                ],
                [
                    533.952,
                    493.99199999999996
                ],
                [
                    531.072,
                    497.016
                ],
                [
                    531.072,
                    532.98
                ],
                [
                    528.96,
                    536.976
                ],
                [
                    527.0400000000001,
                    539.028
                ],
                [
                    523.968,
                    537.948
                ],
                [
                    518.016,
                    540.972
                ],
                [
                    509.952,
                    540.972
                ],
                [
                    494.97599999999994,
                    546.048
                ]
            ]
        },
        {
            "ID": "3",
            "CLASS": "종이",
            "DETAILS": "종이",
            "DAMAGE": "손상",
            "DIRTINESS": "오염없음",
            "COVER": "겹침",
            "TRANSPARENCY": "불투명",
            "SHAPE": "낱장형",
            "SHAPE_TYPE": "POLYGON",
            "POINTS": [
                [
                    719.04,
                    297.972
                ],
                [
                    708.096,
                    282.96000000000004
                ],
                [
                    708.096,
                    280.044
                ],
                [
                    697.92,
                    270.97200000000004
                ],
                [
                    692.928,
                    262.00800000000004
                ],
                [
                    689.088,
                    258.98400000000004
                ],
                [
                    672.9599999999999,
                    236.95200000000003
                ],
                [
                    672,
                    232.95600000000002
                ],
                [
                    667.968,
                    228.95999999999998
                ],
                [
                    667.0079999999999,
                    219.99599999999998
                ],
                [
                    662.976,
                    213.948
                ],
                [
                    662.976,
                    209.952
                ],
                [
                    652.032,
                    192.024
                ],
                [
                    652.9920000000001,
                    185.976
                ],
                [
                    661.056,
                    173.988
                ],
                [
                    660.096,
                    169.02
                ],
                [
                    662.976,
                    164.05200000000002
                ],
                [
                    662.976,
                    154.98
                ],
                [
                    672.9599999999999,
                    150.984
                ],
                [
                    681.024,
                    146.016
                ],
                [
                    692.928,
                    143.964
                ],
                [
                    705.024,
                    137.05200000000002
                ],
                [
                    710.0160000000001,
                    137.05200000000002
                ],
                [
                    724.992,
                    131.976
                ],
                [
                    729.9839999999999,
                    134.028
                ],
                [
                    734.976,
                    130.03199999999998
                ],
                [
                    737.0880000000001,
                    130.03199999999998
                ],
                [
                    742.08,
                    124.956
                ],
                [
                    749.952,
                    123.012
                ],
                [
                    752.064,
                    119.988
                ],
                [
                    763.968,
                    115.99199999999999
                ],
                [
                    778.944,
                    115.99199999999999
                ],
                [
                    796.032,
                    111.024
                ],
                [
                    816.96,
                    96.012
                ],
                [
                    822.9119999999999,
                    96.012
                ],
                [
                    824.0640000000001,
                    95.03999999999999
                ],
                [
                    828.096,
                    95.03999999999999
                ],
                [
                    829.056,
                    96.012
                ],
                [
                    838.08,
                    96.98400000000001
                ],
                [
                    864.96,
                    114.048
                ],
                [
                    869.952,
                    115.02
                ],
                [
                    873.984,
                    114.048
                ],
                [
                    883.0079999999999,
                    108
                ],
                [
                    892.9920000000001,
                    105.94800000000001
                ],
                [
                    903.936,
                    115.99199999999999
                ],
                [
                    913.92,
                    119.988
                ],
                [
                    916.032,
                    127.008
                ],
                [
                    934.0799999999999,
                    146.016
                ],
                [
                    937.92,
                    154.98
                ],
                [
                    936,
                    158.00400000000002
                ],
                [
                    941.952,
                    164.05200000000002
                ],
                [
                    942.9119999999999,
                    176.04000000000002
                ],
                [
                    951.936,
                    185.976
                ],
                [
                    953.088,
                    191.052
                ],
                [
                    951.936,
                    192.024
                ],
                [
                    937.92,
                    191.052
                ],
                [
                    931.968,
                    192.024
                ],
                [
                    924.096,
                    195.048
                ],
                [
                    916.032,
                    195.048
                ],
                [
                    889.9200000000001,
                    200.988
                ],
                [
                    886.08,
                    200.988
                ],
                [
                    873.984,
                    204.984
                ],
                [
                    858.048,
                    216.972
                ],
                [
                    849.9839999999999,
                    234.036
                ],
                [
                    845.952,
                    246.024
                ],
                [
                    845.952,
                    251.964
                ],
                [
                    841.92,
                    258.98400000000004
                ],
                [
                    825.024,
                    265.032
                ],
                [
                    820.0319999999999,
                    265.032
                ],
                [
                    812.928,
                    269.02799999999996
                ],
                [
                    805.056,
                    270.97200000000004
                ],
                [
                    800.0640000000001,
                    270.97200000000004
                ],
                [
                    792,
                    273.996
                ],
                [
                    788.928,
                    273.996
                ],
                [
                    786.048,
                    272.052
                ],
                [
                    777.984,
                    276.048
                ],
                [
                    773.952,
                    280.044
                ],
                [
                    767.0400000000001,
                    282.96000000000004
                ],
                [
                    747.072,
                    288.036
                ],
                [
                    737.0880000000001,
                    294.94800000000004
                ],
                [
                    724.992,
                    297.972
                ],
                [
                    719.04,
                    297.972
                ]
            ]
        }
    ]
}