{
    "IMAGE_INFO": {
        "FILE_NAME": "1033485@0_02001_221006_P1_T3__2845.jpg",
        "DATE": "2022-10-28 18:12:11",
        "RESOLUTION": "1920 x 1080",
        "IMAGE_PHOTOGRAPHER": "조신주",
        "FOCUS_DISTANCE": "8.0",
        "EXPOSURE_TIME": "1/160",
        "SENSITIVITY_ISO": "5000",
        "PLACE": "강북재활용센터",
        "REGION_NAME": null,
        "Direction": "0",
        "HEIGHT": "115",
        "DAY/NIGHT": "주간",
        "WEATHER": "맑음",
        "IMAGE_HEIGHT": 1080,
        "IMAGE_WIDTH": 1920,
        "IMAGE_SIZE": "622.6 KB"
    },
    "ANNOTATION_INFO": [
        {
            "ID": "1",
            "CLASS": "종이",
            "DETAILS": "종이",
            "DAMAGE": "완전압착",
            "DIRTINESS": "이물질(외부)",
            "COVER": "없음",
            "TRANSPARENCY": "불투명",
            "SHAPE": "박스형",
            "SHAPE_TYPE": "POLYGON",
            "POINTS": [
                [
                    1276.032,
                    478.98
                ],
                [
                    1272.96,
                    478.008
                ],
                [
                    1271.04,
                    466.992
                ],
                [
                    1262.016,
                    451.00800000000004
                ],
                [
                    1253.952,
                    439.02
                ],
                [
                    1242.048,
                    427.032
                ],
                [
                    1224,
                    416.01599999999996
                ],
                [
                    1214.0159999999998,
                    421.956
                ],
                [
                    1210.944,
                    429.94800000000004
                ],
                [
                    1204.032,
                    424.98
                ],
                [
                    1198.08,
                    413.964
                ],
                [
                    1193.088,
                    385.992
                ],
                [
                    1191.9360000000001,
                    355.968
                ],
                [
                    1195.0079999999998,
                    343.008
                ],
                [
                    1204.032,
                    327.99600000000004
                ],
                [
                    1217.088,
                    320.004
                ],
                [
                    1236.096,
                    304.02
                ],
                [
                    1306.944,
                    262.98
                ],
                [
                    1348.992,
                    242.028
                ],
                [
                    1363.008,
                    231.98399999999998
                ],
                [
                    1398.912,
                    213.948
                ],
                [
                    1506.048,
                    151.956
                ],
                [
                    1516.032,
                    149.04000000000002
                ],
                [
                    1527.936,
                    141.048
                ],
                [
                    1534.0800000000002,
                    139.968
                ],
                [
                    1555.968,
                    131.00400000000002
                ],
                [
                    1563.0720000000001,
                    126.036
                ],
                [
                    1579.9679999999998,
                    127.008
                ],
                [
                    1592.064,
                    118.044
                ],
                [
                    1593.9840000000002,
                    122.04
                ],
                [
                    1598.9759999999999,
                    124.956
                ],
                [
                    1603.008,
                    131.976
                ],
                [
                    1603.008,
                    137.05200000000002
                ],
                [
                    1592.064,
                    145.044
                ],
                [
                    1590.912,
                    150.012
                ],
                [
                    1598.016,
                    162
                ],
                [
                    1598.9759999999999,
                    180.03599999999997
                ],
                [
                    1604.9279999999999,
                    192.024
                ],
                [
                    1603.008,
                    211.03199999999998
                ],
                [
                    1617.024,
                    236.95200000000003
                ],
                [
                    1627.008,
                    262.00800000000004
                ],
                [
                    1627.008,
                    269.02799999999996
                ],
                [
                    1617.024,
                    282.96000000000004
                ],
                [
                    1566.912,
                    317.952
                ],
                [
                    1554.048,
                    324.972
                ],
                [
                    1549.056,
                    326.052
                ],
                [
                    1515.0720000000001,
                    348.948
                ],
                [
                    1503.936,
                    351.97200000000004
                ],
                [
                    1459.008,
                    378
                ],
                [
                    1454.0159999999998,
                    378.972
                ],
                [
                    1407.936,
                    407.052
                ],
                [
                    1388.928,
                    413.964
                ],
                [
                    1374.9119999999998,
                    424.98
                ],
                [
                    1309.056,
                    466.02
                ],
                [
                    1300.0320000000002,
                    469.04400000000004
                ],
                [
                    1290.048,
                    477.036
                ],
                [
                    1282.944,
                    478.98
                ]
            ]
        },
        {
            "ID": "2",
            "CLASS": "종이",
            "DETAILS": "종이",
            "DAMAGE": "손상",
            "DIRTINESS": "이물질(외부)",
            "COVER": "겹침",
            "TRANSPARENCY": "불투명",
            "SHAPE": "종이컵형",
            "SHAPE_TYPE": "POLYGON",
            "POINTS": [
                [
                    672,
                    920.052
                ],
                [
                    666.048,
                    918
                ],
                [
                    663.936,
                    918
                ],
                [
                    662.976,
                    915.948
                ],
                [
                    661.056,
                    915.948
                ],
                [
                    658.944,
                    914.976
                ],
                [
                    649.9200000000001,
                    913.032
                ],
                [
                    643.0079999999999,
                    913.032
                ],
                [
                    638.016,
                    910.98
                ],
                [
                    627.072,
                    909.0360000000001
                ],
                [
                    619.9680000000001,
                    906.984
                ],
                [
                    617.0880000000001,
                    905.04
                ],
                [
                    614.976,
                    902.0160000000001
                ],
                [
                    611.904,
                    901.0440000000001
                ],
                [
                    604.992,
                    899.964
                ],
                [
                    590.976,
                    891
                ],
                [
                    584.0640000000001,
                    883.98
                ],
                [
                    582.9119999999999,
                    879.9839999999999
                ],
                [
                    580.0319999999999,
                    875.988
                ],
                [
                    576.96,
                    875.0160000000001
                ],
                [
                    571.968,
                    863.028
                ],
                [
                    571.968,
                    852.9839999999999
                ],
                [
                    572.928,
                    847.044
                ],
                [
                    575.04,
                    841.968
                ],
                [
                    575.04,
                    837.972
                ],
                [
                    572.928,
                    829.9799999999999
                ],
                [
                    572.928,
                    821.9879999999999
                ],
                [
                    574.0799999999999,
                    813.9960000000001
                ],
                [
                    575.04,
                    810.972
                ],
                [
                    576.96,
                    809.028
                ],
                [
                    577.92,
                    802.98
                ],
                [
                    580.992,
                    798.0120000000001
                ],
                [
                    590.0160000000001,
                    791.9639999999999
                ],
                [
                    600,
                    787.9680000000001
                ],
                [
                    610.944,
                    785.052
                ],
                [
                    614.976,
                    785.052
                ],
                [
                    619.9680000000001,
                    786.996
                ],
                [
                    632.064,
                    790.0200000000001
                ],
                [
                    648,
                    791.9639999999999
                ],
                [
                    690.048,
                    798.984
                ],
                [
                    697.92,
                    798.0120000000001
                ],
                [
                    701.952,
                    798.984
                ],
                [
                    702.9119999999999,
                    799.956
                ],
                [
                    704.0640000000001,
                    802.008
                ],
                [
                    705.024,
                    810.972
                ],
                [
                    704.0640000000001,
                    820.044
                ],
                [
                    705.984,
                    829.0079999999999
                ],
                [
                    705.984,
                    834.948
                ],
                [
                    710.0160000000001,
                    848.016
                ],
                [
                    710.976,
                    860.976
                ],
                [
                    713.088,
                    864.972
                ],
                [
                    714.048,
                    878.04
                ],
                [
                    716.928,
                    887.004
                ],
                [
                    718.08,
                    897.048
                ],
                [
                    720.96,
                    902.9879999999999
                ],
                [
                    720.96,
                    906.984
                ],
                [
                    720,
                    909.0360000000001
                ],
                [
                    713.088,
                    913.032
                ],
                [
                    702.9119999999999,
                    913.032
                ],
                [
                    691.968,
                    915.948
                ],
                [
                    689.088,
                    915.948
                ],
                [
                    686.976,
                    918
                ],
                [
                    682.9440000000001,
                    920.052
                ]
            ]
        },
        {
            "ID": "3",
            "CLASS": "종이",
            "DETAILS": "종이",
            "DAMAGE": "손상",
            "DIRTINESS": "이물질(외부)",
            "COVER": "없음",
            "TRANSPARENCY": "불투명",
            "SHAPE": "박스형",
            "SHAPE_TYPE": "POLYGON",
            "POINTS": [
                [
                    1128,
                    736.02
                ],
                [
                    1118.9759999999999,
                    731.0519999999999
                ],
                [
                    1110.912,
                    721.98
                ],
                [
                    1108.032,
                    709.992
                ],
                [
                    1098.048,
                    693.0360000000001
                ],
                [
                    1094.0159999999998,
                    678.9960000000001
                ],
                [
                    1093.056,
                    640.98
                ],
                [
                    1089.984,
                    628.02
                ],
                [
                    1089.984,
                    616.032
                ],
                [
                    1089.0240000000001,
                    613.008
                ],
                [
                    1086.912,
                    612.036
                ],
                [
                    1086.912,
                    601.992
                ],
                [
                    1084.032,
                    597.024
                ],
                [
                    1086.912,
                    590.976
                ],
                [
                    1086.912,
                    586.98
                ],
                [
                    1090.944,
                    581.0400000000001
                ],
                [
                    1094.976,
                    567
                ],
                [
                    1093.056,
                    547.992
                ],
                [
                    1094.0159999999998,
                    544.9680000000001
                ],
                [
                    1098.048,
                    542.052
                ],
                [
                    1107.0720000000001,
                    542.052
                ],
                [
                    1112.064,
                    539.028
                ],
                [
                    1118.9759999999999,
                    539.028
                ],
                [
                    1124.9279999999999,
                    536.004
                ],
                [
                    1133.952,
                    536.004
                ],
                [
                    1140.096,
                    532.98
                ],
                [
                    1166.0159999999998,
                    532.0079999999999
                ],
                [
                    1193.088,
                    525.96
                ],
                [
                    1199.0400000000002,
                    525.96
                ],
                [
                    1203.0720000000001,
                    529.956
                ],
                [
                    1204.032,
                    532.98
                ],
                [
                    1205.952,
                    556.956
                ],
                [
                    1211.904,
                    569.052
                ],
                [
                    1210.944,
                    578.016
                ],
                [
                    1217.088,
                    583.9559999999999
                ],
                [
                    1219.9679999999998,
                    593.028
                ],
                [
                    1219.008,
                    608.04
                ],
                [
                    1222.08,
                    613.98
                ],
                [
                    1220.928,
                    644.004
                ],
                [
                    1223.04,
                    645.948
                ],
                [
                    1222.08,
                    655.0200000000001
                ],
                [
                    1227.0720000000001,
                    678.024
                ],
                [
                    1227.0720000000001,
                    701.028
                ],
                [
                    1224,
                    725.004
                ],
                [
                    1218.048,
                    731.0519999999999
                ],
                [
                    1189.056,
                    731.0519999999999
                ],
                [
                    1184.064,
                    732.996
                ],
                [
                    1175.04,
                    732.024
                ],
                [
                    1170.048,
                    733.968
                ],
                [
                    1147.008,
                    732.996
                ],
                [
                    1133.952,
                    733.968
                ],
                [
                    1132.032,
                    736.02
                ]
            ]
        },
        {
            "ID": "4",
            "CLASS": "종이",
            "DETAILS": "종이",
            "DAMAGE": "완전압착",
            "DIRTINESS": "이물질(외부)",
            "COVER": "없음",
            "TRANSPARENCY": "불투명",
            "SHAPE": "박스형",
            "SHAPE_TYPE": "POLYGON",
            "POINTS": [
                [
                    254.016,
                    213.948
                ],
                [
                    220.992,
                    212.976
                ],
                [
                    216.96,
                    212.004
                ],
                [
                    202.94400000000002,
                    212.004
                ],
                [
                    190.08,
                    211.03199999999998
                ],
                [
                    188.928,
                    208.98000000000002
                ],
                [
                    187.968,
                    204.984
                ],
                [
                    186.048,
                    192.024
                ],
                [
                    185.088,
                    173.01600000000002
                ],
                [
                    182.016,
                    158.976
                ],
                [
                    181.05599999999998,
                    151.956
                ],
                [
                    181.05599999999998,
                    139.968
                ],
                [
                    180.096,
                    132.948
                ],
                [
                    177.984,
                    127.008
                ],
                [
                    177.984,
                    104.976
                ],
                [
                    176.06400000000002,
                    97.956
                ],
                [
                    173.952,
                    80.028
                ],
                [
                    172.992,
                    46.007999999999996
                ],
                [
                    173.952,
                    42.01199999999999
                ],
                [
                    174.912,
                    39.96
                ],
                [
                    177.984,
                    37.044
                ],
                [
                    178.94400000000002,
                    34.992
                ],
                [
                    178.94400000000002,
                    33.048
                ],
                [
                    177.984,
                    26.028
                ],
                [
                    177.984,
                    20.952
                ],
                [
                    176.06400000000002,
                    16.956
                ],
                [
                    172.032,
                    14.04
                ],
                [
                    172.032,
                    6.048
                ],
                [
                    176.06400000000002,
                    3.024
                ],
                [
                    176.06400000000002,
                    0
                ],
                [
                    302.01599999999996,
                    0
                ],
                [
                    302.976,
                    3.024
                ],
                [
                    305.088,
                    6.048
                ],
                [
                    305.088,
                    8.964
                ],
                [
                    307.008,
                    11.988000000000001
                ],
                [
                    307.96799999999996,
                    15.011999999999999
                ],
                [
                    307.96799999999996,
                    43.956
                ],
                [
                    307.008,
                    46.007999999999996
                ],
                [
                    303.936,
                    49.032000000000004
                ],
                [
                    302.976,
                    51.94799999999999
                ],
                [
                    299.904,
                    56.052
                ],
                [
                    294.912,
                    61.992
                ],
                [
                    292.992,
                    64.044
                ],
                [
                    288,
                    70.95599999999999
                ],
                [
                    283.968,
                    74.952
                ],
                [
                    274.94399999999996,
                    92.01599999999999
                ],
                [
                    273.984,
                    95.03999999999999
                ],
                [
                    273.984,
                    100.008
                ],
                [
                    278.016,
                    103.032
                ],
                [
                    283.968,
                    105.94800000000001
                ],
                [
                    289.92,
                    110.052
                ],
                [
                    294.912,
                    112.968
                ],
                [
                    312.96000000000004,
                    128.952
                ],
                [
                    320.06399999999996,
                    135.972
                ],
                [
                    321.024,
                    135.972
                ],
                [
                    322.94399999999996,
                    137.05200000000002
                ],
                [
                    329.08799999999997,
                    137.05200000000002
                ],
                [
                    330.048,
                    138.024
                ],
                [
                    332.928,
                    138.024
                ],
                [
                    332.928,
                    146.016
                ],
                [
                    331.008,
                    150.012
                ],
                [
                    331.008,
                    153.036
                ],
                [
                    329.08799999999997,
                    157.032
                ],
                [
                    329.08799999999997,
                    162
                ],
                [
                    331.008,
                    181.008
                ],
                [
                    331.968,
                    185.976
                ],
                [
                    332.928,
                    188.028
                ],
                [
                    335.03999999999996,
                    193.96800000000002
                ],
                [
                    335.03999999999996,
                    196.99200000000002
                ],
                [
                    336,
                    197.964
                ],
                [
                    336,
                    200.016
                ],
                [
                    334.08,
                    203.04
                ],
                [
                    330.048,
                    205.95600000000002
                ],
                [
                    321.024,
                    205.95600000000002
                ],
                [
                    317.952,
                    208.98000000000002
                ],
                [
                    316.992,
                    212.004
                ],
                [
                    316.032,
                    212.004
                ],
                [
                    313.92,
                    212.976
                ],
                [
                    297.024,
                    213.948
                ]
            ]
        },
        {
            "ID": "5",
            "CLASS": "종이",
            "DETAILS": "종이",
            "DAMAGE": "손상",
            "DIRTINESS": "이물질(외부)",
            "COVER": "없음",
            "TRANSPARENCY": "불투명",
            "SHAPE": "박스형",
            "SHAPE_TYPE": "POLYGON",
            "POINTS": [
                [
                    462.91200000000003,
                    948.024
                ],
                [
                    460.992,
                    947.052
                ],
                [
                    451.968,
                    940.0319999999999
                ],
                [
                    432,
                    917.028
                ],
                [
                    414.912,
                    902.9879999999999
                ],
                [
                    380.928,
                    879.9839999999999
                ],
                [
                    372.096,
                    871.992
                ],
                [
                    369.024,
                    871.02
                ],
                [
                    312,
                    829.0079999999999
                ],
                [
                    298.944,
                    821.016
                ],
                [
                    293.952,
                    818.9639999999999
                ],
                [
                    284.928,
                    818.9639999999999
                ],
                [
                    283.008,
                    817.02
                ],
                [
                    278.976,
                    798.984
                ],
                [
                    287.03999999999996,
                    786.996
                ],
                [
                    289.92,
                    770.04
                ],
                [
                    292.992,
                    766.0440000000001
                ],
                [
                    293.952,
                    759.024
                ],
                [
                    297.024,
                    756
                ],
                [
                    297.98400000000004,
                    749.952
                ],
                [
                    302.976,
                    748.008
                ],
                [
                    310.08,
                    748.008
                ],
                [
                    312,
                    747.036
                ],
                [
                    312.96000000000004,
                    740.988
                ],
                [
                    317.952,
                    736.02
                ],
                [
                    344.064,
                    736.02
                ],
                [
                    349.056,
                    733.968
                ],
                [
                    350.01599999999996,
                    725.976
                ],
                [
                    350.01599999999996,
                    728.028
                ],
                [
                    350.976,
                    732.996
                ],
                [
                    355.00800000000004,
                    736.02
                ],
                [
                    356.928,
                    740.988
                ],
                [
                    370.944,
                    748.98
                ],
                [
                    380.928,
                    752.976
                ],
                [
                    382.08000000000004,
                    755.028
                ],
                [
                    387.072,
                    756
                ],
                [
                    387.072,
                    758.052
                ],
                [
                    389.952,
                    759.996
                ],
                [
                    397.05600000000004,
                    763.02
                ],
                [
                    401.088,
                    763.02
                ],
                [
                    422.976,
                    771.984
                ],
                [
                    437.952,
                    780.948
                ],
                [
                    451.008,
                    786.024
                ],
                [
                    455.03999999999996,
                    789.048
                ],
                [
                    457.91999999999996,
                    789.048
                ],
                [
                    461.952,
                    791.9639999999999
                ],
                [
                    475.968,
                    798.0120000000001
                ],
                [
                    494.01599999999996,
                    803.952
                ],
                [
                    502.08000000000004,
                    809.028
                ],
                [
                    504.96000000000004,
                    809.028
                ],
                [
                    571.968,
                    844.02
                ],
                [
                    574.0799999999999,
                    876.96
                ],
                [
                    569.088,
                    887.976
                ],
                [
                    567.936,
                    902.9879999999999
                ],
                [
                    565.056,
                    910.008
                ],
                [
                    556.032,
                    914.976
                ],
                [
                    552,
                    914.976
                ],
                [
                    548.928,
                    917.028
                ],
                [
                    542.016,
                    917.028
                ],
                [
                    536.064,
                    921.024
                ],
                [
                    522.048,
                    924.048
                ],
                [
                    508.032,
                    929.016
                ],
                [
                    490.94399999999996,
                    938.952
                ],
                [
                    481.92,
                    941.976
                ],
                [
                    479.04,
                    945.972
                ],
                [
                    470.976,
                    948.024
                ]
            ]
        }
    ]
}