{
    "IMAGE_INFO": {
        "FILE_NAME": "1033319@0_02001_221006_P1_T3__1168.jpg",
        "DATE": "2022-10-28 18:07:45",
        "RESOLUTION": "1920 x 1080",
        "IMAGE_PHOTOGRAPHER": "조신주",
        "FOCUS_DISTANCE": "8.0",
        "EXPOSURE_TIME": "1/160",
        "SENSITIVITY_ISO": "5000",
        "PLACE": "강북재활용센터",
        "REGION_NAME": null,
        "Direction": "0",
        "HEIGHT": "115",
        "DAY/NIGHT": "주간",
        "WEATHER": "맑음",
        "IMAGE_HEIGHT": 1080,
        "IMAGE_WIDTH": 1920,
        "IMAGE_SIZE": "557.0 KB"
    },
    "ANNOTATION_INFO": [
        {
            "ID": "1",
            "CLASS": "종이",
            "DETAILS": "종이",
            "DAMAGE": "손상",
            "DIRTINESS": "오염없음",
            "COVER": "없음",
            "TRANSPARENCY": "불투명",
            "SHAPE": "종이컵형",
            "SHAPE_TYPE": "POLYGON",
            "POINTS": [
                [
                    491.904,
                    1014.9839999999999
                ],
                [
                    488.06399999999996,
                    1014.012
                ],
                [
                    470.01599999999996,
                    999.972
                ],
                [
                    432.96000000000004,
                    983.988
                ],
                [
                    421.056,
                    982.044
                ],
                [
                    407.03999999999996,
                    982.044
                ],
                [
                    398.976,
                    980.9639999999999
                ],
                [
                    397.05600000000004,
                    979.992
                ],
                [
                    399.93600000000004,
                    952.992
                ],
                [
                    399.93600000000004,
                    940.0319999999999
                ],
                [
                    402.048,
                    926.9639999999999
                ],
                [
                    401.088,
                    918
                ],
                [
                    403.008,
                    895.968
                ],
                [
                    406.08,
                    883.98
                ],
                [
                    407.03999999999996,
                    872.964
                ],
                [
                    409.92,
                    864.972
                ],
                [
                    411.072,
                    853.9559999999999
                ],
                [
                    413.952,
                    844.02
                ],
                [
                    413.952,
                    839.052
                ],
                [
                    417.024,
                    830.952
                ],
                [
                    418.944,
                    829.9799999999999
                ],
                [
                    425.088,
                    829.9799999999999
                ],
                [
                    442.94399999999996,
                    833.004
                ],
                [
                    446.976,
                    833.004
                ],
                [
                    460.03200000000004,
                    836.028
                ],
                [
                    474.048,
                    840.024
                ],
                [
                    509.952,
                    853.9559999999999
                ],
                [
                    528.96,
                    864
                ],
                [
                    537.024,
                    868.968
                ],
                [
                    541.056,
                    870.048
                ],
                [
                    547.968,
                    875.0160000000001
                ],
                [
                    553.92,
                    876.96
                ],
                [
                    562.9440000000001,
                    883.98
                ],
                [
                    575.04,
                    890.028
                ],
                [
                    580.992,
                    895.968
                ],
                [
                    584.0640000000001,
                    901.0440000000001
                ],
                [
                    580.992,
                    910.008
                ],
                [
                    567.936,
                    932.04
                ],
                [
                    566.976,
                    934.956
                ],
                [
                    566.976,
                    945.972
                ],
                [
                    565.056,
                    952.992
                ],
                [
                    561.024,
                    956.016
                ],
                [
                    556.9920000000001,
                    956.9879999999999
                ],
                [
                    552,
                    960.984
                ],
                [
                    542.976,
                    978.048
                ],
                [
                    541.056,
                    987.0120000000001
                ],
                [
                    537.984,
                    991.0079999999999
                ],
                [
                    536.064,
                    999
                ],
                [
                    531.072,
                    1002.996
                ],
                [
                    524.928,
                    1005.048
                ],
                [
                    513.024,
                    1006.992
                ],
                [
                    508.032,
                    1006.992
                ],
                [
                    504.96000000000004,
                    1007.964
                ],
                [
                    500.92800000000005,
                    1013.04
                ],
                [
                    491.904,
                    1014.9839999999999
                ]
            ]
        },
        {
            "ID": "2",
            "CLASS": "종이",
            "DETAILS": "종이",
            "DAMAGE": "원형",
            "DIRTINESS": "오염없음",
            "COVER": "없음",
            "TRANSPARENCY": "불투명",
            "SHAPE": "낱장형",
            "SHAPE_TYPE": "POLYGON",
            "POINTS": [
                [
                    1206.912,
                    1071.036
                ],
                [
                    1204.9920000000002,
                    1069.9560000000001
                ],
                [
                    1200.9599999999998,
                    1063.0439999999999
                ],
                [
                    1200.9599999999998,
                    1049.9759999999999
                ],
                [
                    1198.08,
                    1030.968
                ],
                [
                    1196.9279999999999,
                    1011.96
                ],
                [
                    1205.952,
                    1006.02
                ],
                [
                    1222.08,
                    987.9839999999999
                ],
                [
                    1225.9199999999998,
                    984.96
                ],
                [
                    1227.0720000000001,
                    982.044
                ],
                [
                    1229.952,
                    979.992
                ],
                [
                    1243.968,
                    964.0079999999999
                ],
                [
                    1267.008,
                    933.984
                ],
                [
                    1280.0639999999999,
                    921.024
                ],
                [
                    1281.984,
                    915.948
                ],
                [
                    1300.992,
                    897.048
                ],
                [
                    1310.9759999999999,
                    882.036
                ],
                [
                    1334.976,
                    859.032
                ],
                [
                    1334.976,
                    856.98
                ],
                [
                    1338.048,
                    852.9839999999999
                ],
                [
                    1343.04,
                    852.0120000000001
                ],
                [
                    1415.04,
                    853.9559999999999
                ],
                [
                    1421.952,
                    855.036
                ],
                [
                    1425.024,
                    857.952
                ],
                [
                    1425.9840000000002,
                    883.98
                ],
                [
                    1425.024,
                    933.984
                ],
                [
                    1422.912,
                    945.972
                ],
                [
                    1422.912,
                    978.048
                ],
                [
                    1416.96,
                    1014.012
                ],
                [
                    1415.04,
                    1015.956
                ],
                [
                    1407.936,
                    1014.9839999999999
                ],
                [
                    1405.056,
                    1011.96
                ],
                [
                    1401.984,
                    1010.988
                ],
                [
                    1383.936,
                    1010.988
                ],
                [
                    1377.024,
                    1009.044
                ],
                [
                    1371.072,
                    1009.044
                ],
                [
                    1366.08,
                    1006.02
                ],
                [
                    1363.968,
                    1006.02
                ],
                [
                    1361.088,
                    1010.0160000000001
                ],
                [
                    1361.088,
                    1041.012
                ],
                [
                    1359.9360000000001,
                    1045.008
                ],
                [
                    1353.024,
                    1049.0040000000001
                ],
                [
                    1342.08,
                    1052.028
                ],
                [
                    1320,
                    1056.0240000000001
                ],
                [
                    1309.056,
                    1056.996
                ],
                [
                    1304.064,
                    1059.048
                ],
                [
                    1287.936,
                    1060.02
                ],
                [
                    1283.904,
                    1061.964
                ],
                [
                    1278.912,
                    1063.0439999999999
                ],
                [
                    1238.016,
                    1067.04
                ],
                [
                    1225.9199999999998,
                    1069.9560000000001
                ],
                [
                    1206.912,
                    1071.036
                ]
            ]
        },
        {
            "ID": "3",
            "CLASS": "종이",
            "DETAILS": "종이",
            "DAMAGE": "원형",
            "DIRTINESS": "오염없음",
            "COVER": "없음",
            "TRANSPARENCY": "불투명",
            "SHAPE": "종이팩형",
            "SHAPE_TYPE": "POLYGON",
            "POINTS": [
                [
                    1002.048,
                    1040.04
                ],
                [
                    993.9840000000002,
                    1036.044
                ],
                [
                    988.992,
                    1036.044
                ],
                [
                    978.0479999999999,
                    1029.996
                ],
                [
                    971.904,
                    1029.996
                ],
                [
                    964.9920000000001,
                    1026.972
                ],
                [
                    950.976,
                    1022.976
                ],
                [
                    927.936,
                    1010.988
                ],
                [
                    920.0640000000001,
                    1007.964
                ],
                [
                    911.04,
                    1006.02
                ],
                [
                    883.0079999999999,
                    992.952
                ],
                [
                    874.944,
                    987.9839999999999
                ],
                [
                    868.992,
                    986.0400000000001
                ],
                [
                    859.9680000000001,
                    979.992
                ],
                [
                    858.048,
                    975.024
                ],
                [
                    857.0880000000001,
                    969.948
                ],
                [
                    872.064,
                    938.952
                ],
                [
                    873.024,
                    933.0120000000001
                ],
                [
                    875.904,
                    926.9639999999999
                ],
                [
                    875.904,
                    921.996
                ],
                [
                    878.016,
                    915.948
                ],
                [
                    892.032,
                    891.972
                ],
                [
                    900.096,
                    870.048
                ],
                [
                    907.0079999999999,
                    859.032
                ],
                [
                    908.928,
                    852.0120000000001
                ],
                [
                    911.04,
                    849.96
                ],
                [
                    911.04,
                    843.048
                ],
                [
                    908.928,
                    840.996
                ],
                [
                    910.0799999999999,
                    837.972
                ],
                [
                    911.04,
                    837
                ],
                [
                    915.072,
                    836.028
                ],
                [
                    917.952,
                    828.0360000000001
                ],
                [
                    920.0640000000001,
                    826.956
                ],
                [
                    926.976,
                    825.984
                ],
                [
                    929.088,
                    822.96
                ],
                [
                    932.928,
                    820.044
                ],
                [
                    934.0799999999999,
                    817.02
                ],
                [
                    936,
                    816.048
                ],
                [
                    948.096,
                    820.044
                ],
                [
                    955.9680000000001,
                    825.984
                ],
                [
                    958.08,
                    829.0079999999999
                ],
                [
                    960,
                    829.0079999999999
                ],
                [
                    961.92,
                    829.9799999999999
                ],
                [
                    970.9440000000001,
                    836.028
                ],
                [
                    978.0479999999999,
                    837
                ],
                [
                    983.9999999999999,
                    839.052
                ],
                [
                    999.936,
                    847.044
                ],
                [
                    1008.9599999999999,
                    849.96
                ],
                [
                    1011.0719999999999,
                    849.96
                ],
                [
                    1021.056,
                    856.0079999999999
                ],
                [
                    1032.96,
                    870.048
                ],
                [
                    1033.92,
                    874.044
                ],
                [
                    1032.96,
                    894.024
                ],
                [
                    1031.04,
                    898.9920000000001
                ],
                [
                    1030.08,
                    906.984
                ],
                [
                    1031.04,
                    913.032
                ],
                [
                    1041.0240000000001,
                    922.9680000000001
                ],
                [
                    1043.904,
                    928.044
                ],
                [
                    1055.04,
                    937.008
                ],
                [
                    1059.072,
                    944.028
                ],
                [
                    1057.92,
                    961.956
                ],
                [
                    1046.976,
                    982.044
                ],
                [
                    1046.0159999999998,
                    986.0400000000001
                ],
                [
                    1042.944,
                    988.9559999999999
                ],
                [
                    1041.984,
                    994.032
                ],
                [
                    1017.984,
                    1033.992
                ],
                [
                    1008.9599999999999,
                    1040.04
                ],
                [
                    1002.048,
                    1040.04
                ]
            ]
        },
        {
            "ID": "4",
            "CLASS": "종이",
            "DETAILS": "종이",
            "DAMAGE": "원형",
            "DIRTINESS": "오염없음",
            "COVER": "없음",
            "TRANSPARENCY": "불투명",
            "SHAPE": "낱장형",
            "SHAPE_TYPE": "POLYGON",
            "POINTS": [
                [
                    1338.048,
                    1080
                ],
                [
                    1344.96,
                    1068.984
                ],
                [
                    1348.032,
                    1064.988
                ],
                [
                    1352.064,
                    1061.964
                ],
                [
                    1353.9840000000002,
                    1060.992
                ],
                [
                    1356.096,
                    1059.048
                ],
                [
                    1362.048,
                    1056.0240000000001
                ],
                [
                    1367.04,
                    1050.9479999999999
                ],
                [
                    1369.92,
                    1049.0040000000001
                ],
                [
                    1377.024,
                    1042.956
                ],
                [
                    1380.096,
                    1040.04
                ],
                [
                    1387.968,
                    1034.964
                ],
                [
                    1392,
                    1032.048
                ],
                [
                    1400.0639999999999,
                    1029.024
                ],
                [
                    1403.904,
                    1025.028
                ],
                [
                    1412.9279999999999,
                    1018.008
                ],
                [
                    1416,
                    1015.956
                ],
                [
                    1421.952,
                    1013.04
                ],
                [
                    1425.024,
                    1010.988
                ],
                [
                    1429.056,
                    1006.02
                ],
                [
                    1430.9759999999999,
                    1005.048
                ],
                [
                    1434.048,
                    1002.996
                ],
                [
                    1440.9599999999998,
                    996.948
                ],
                [
                    1444.032,
                    995.976
                ],
                [
                    1451.904,
                    990.036
                ],
                [
                    1454.0159999999998,
                    987.9839999999999
                ],
                [
                    1455.936,
                    987.0120000000001
                ],
                [
                    1459.008,
                    983.988
                ],
                [
                    1460.928,
                    983.016
                ],
                [
                    1462.08,
                    982.044
                ],
                [
                    1469.952,
                    987.9839999999999
                ],
                [
                    1470.912,
                    988.9559999999999
                ],
                [
                    1473.9840000000002,
                    994.032
                ],
                [
                    1483.008,
                    1002.996
                ],
                [
                    1489.92,
                    1010.988
                ],
                [
                    1493.952,
                    1014.9839999999999
                ],
                [
                    1496.064,
                    1018.008
                ],
                [
                    1497.024,
                    1021.032
                ],
                [
                    1512.96,
                    1037.988
                ],
                [
                    1518.912,
                    1044.036
                ],
                [
                    1521.984,
                    1049.0040000000001
                ],
                [
                    1525.056,
                    1052.028
                ],
                [
                    1526.976,
                    1056.0240000000001
                ],
                [
                    1539.072,
                    1069.9560000000001
                ],
                [
                    1542.912,
                    1072.008
                ],
                [
                    1545.9840000000002,
                    1080
                ],
                [
                    1338.048,
                    1080
                ]
            ]
        },
        {
            "ID": "5",
            "CLASS": "종이",
            "DETAILS": "종이",
            "DAMAGE": "원형",
            "DIRTINESS": "이물질(외부)",
            "COVER": "없음",
            "TRANSPARENCY": "불투명",
            "SHAPE": "낱장형",
            "SHAPE_TYPE": "POLYGON",
            "POINTS": [
                [
                    451.008,
                    224.96400000000003
                ],
                [
                    446.976,
                    223.992
                ],
                [
                    435.072,
                    218.052
                ],
                [
                    431.04,
                    215.028
                ],
                [
                    431.04,
                    208.98000000000002
                ],
                [
                    432.96000000000004,
                    201.96
                ],
                [
                    432.96000000000004,
                    181.98000000000002
                ],
                [
                    436.032,
                    169.99200000000002
                ],
                [
                    440.06399999999996,
                    143.964
                ],
                [
                    442.94399999999996,
                    135.972
                ],
                [
                    442.94399999999996,
                    127.97999999999999
                ],
                [
                    446.976,
                    111.024
                ],
                [
                    446.976,
                    107.02799999999999
                ],
                [
                    450.048,
                    99.036
                ],
                [
                    451.008,
                    87.048
                ],
                [
                    454.08,
                    73.008
                ],
                [
                    457.91999999999996,
                    69.984
                ],
                [
                    467.904,
                    69.984
                ],
                [
                    475.00800000000004,
                    72.036
                ],
                [
                    489.984,
                    72.036
                ],
                [
                    499.00800000000004,
                    73.98
                ],
                [
                    503.04,
                    73.98
                ],
                [
                    505.92,
                    76.03200000000001
                ],
                [
                    505.92,
                    84.02399999999999
                ],
                [
                    509.952,
                    85.968
                ],
                [
                    513.984,
                    83.05199999999999
                ],
                [
                    519.9359999999999,
                    81.972
                ],
                [
                    526.08,
                    87.048
                ],
                [
                    529.9200000000001,
                    88.992
                ],
                [
                    531.072,
                    91.044
                ],
                [
                    531.072,
                    95.03999999999999
                ],
                [
                    528,
                    100.98
                ],
                [
                    526.08,
                    111.996
                ],
                [
                    522.048,
                    120.96000000000001
                ],
                [
                    515.904,
                    143.964
                ],
                [
                    515.904,
                    146.988
                ],
                [
                    513.024,
                    155.952
                ],
                [
                    509.952,
                    159.948
                ],
                [
                    508.992,
                    165.996
                ],
                [
                    505.92,
                    169.99200000000002
                ],
                [
                    505.92,
                    174.96
                ],
                [
                    503.04,
                    178.956
                ],
                [
                    503.04,
                    189.972
                ],
                [
                    502.08000000000004,
                    192.996
                ],
                [
                    498.04800000000006,
                    199.04399999999998
                ],
                [
                    491.904,
                    204.984
                ],
                [
                    473.088,
                    219.024
                ],
                [
                    470.976,
                    219.024
                ],
                [
                    464.064,
                    222.048
                ],
                [
                    460.03200000000004,
                    222.048
                ],
                [
                    456.96,
                    224.96400000000003
                ],
                [
                    451.008,
                    224.96400000000003
                ]
            ]
        },
        {
            "ID": "6",
            "CLASS": "종이",
            "DETAILS": "종이",
            "DAMAGE": "원형",
            "DIRTINESS": "이물질(외부)",
            "COVER": "없음",
            "TRANSPARENCY": "불투명",
            "SHAPE": "낱장형",
            "SHAPE_TYPE": "POLYGON",
            "POINTS": [
                [
                    1283.904,
                    897.048
                ],
                [
                    1281.0240000000001,
                    894.996
                ],
                [
                    1281.0240000000001,
                    890.028
                ],
                [
                    1283.904,
                    887.976
                ],
                [
                    1283.904,
                    897.048
                ]
            ]
        },
        {
            "ID": "7",
            "CLASS": "종이",
            "DETAILS": "종이",
            "DAMAGE": "손상",
            "DIRTINESS": "오염없음",
            "COVER": "겹침",
            "TRANSPARENCY": "불투명",
            "SHAPE": "종이팩형",
            "SHAPE_TYPE": "POLYGON",
            "POINTS": [
                [
                    1206.912,
                    840.996
                ],
                [
                    1200.9599999999998,
                    837.972
                ],
                [
                    1185.9840000000002,
                    837
                ],
                [
                    1167.936,
                    832.0319999999999
                ],
                [
                    1165.056,
                    826.956
                ],
                [
                    1165.056,
                    812.052
                ],
                [
                    1160.0639999999999,
                    810.972
                ],
                [
                    1156.992,
                    807.948
                ],
                [
                    1118.016,
                    793.044
                ],
                [
                    1112.064,
                    791.9639999999999
                ],
                [
                    1103.04,
                    786.996
                ],
                [
                    1097.088,
                    786.024
                ],
                [
                    1071.9360000000001,
                    775.98
                ],
                [
                    1056.96,
                    774.0360000000001
                ],
                [
                    1047.936,
                    771.012
                ],
                [
                    1004.928,
                    771.012
                ],
                [
                    988.0319999999999,
                    768.9599999999999
                ],
                [
                    975.9359999999999,
                    759.996
                ],
                [
                    974.9760000000001,
                    755.028
                ],
                [
                    983.9999999999999,
                    737.964
                ],
                [
                    1004.928,
                    685.044
                ],
                [
                    1004.928,
                    666.0360000000001
                ],
                [
                    999.936,
                    644.004
                ],
                [
                    999.936,
                    623.052
                ],
                [
                    1002.048,
                    566.028
                ],
                [
                    1004.928,
                    555.984
                ],
                [
                    1011.0719999999999,
                    554.04
                ],
                [
                    1027.008,
                    556.956
                ],
                [
                    1036.032,
                    556.956
                ],
                [
                    1042.944,
                    558.0360000000001
                ],
                [
                    1051.968,
                    562.0319999999999
                ],
                [
                    1062.912,
                    563.004
                ],
                [
                    1073.088,
                    567.972
                ],
                [
                    1079.0400000000002,
                    582.0120000000001
                ],
                [
                    1081.92,
                    583.9559999999999
                ],
                [
                    1088.0639999999999,
                    583.9559999999999
                ],
                [
                    1097.088,
                    589.032
                ],
                [
                    1123.008,
                    597.024
                ],
                [
                    1132.992,
                    597.996
                ],
                [
                    1141.056,
                    601.992
                ],
                [
                    1152.96,
                    602.964
                ],
                [
                    1156.992,
                    598.968
                ],
                [
                    1152.96,
                    596.0519999999999
                ],
                [
                    1150.08,
                    582.0120000000001
                ],
                [
                    1141.056,
                    571.968
                ],
                [
                    1132.992,
                    566.028
                ],
                [
                    1121.088,
                    560.952
                ],
                [
                    1099.9679999999998,
                    546.048
                ],
                [
                    1099.008,
                    536.976
                ],
                [
                    1099.9679999999998,
                    531.0360000000001
                ],
                [
                    1108.032,
                    524.0160000000001
                ],
                [
                    1128.96,
                    516.024
                ],
                [
                    1145.0880000000002,
                    512.028
                ],
                [
                    1167.936,
                    509.004
                ],
                [
                    1177.92,
                    509.004
                ],
                [
                    1198.08,
                    516.024
                ],
                [
                    1200.9599999999998,
                    516.024
                ],
                [
                    1246.08,
                    536.004
                ],
                [
                    1286.0159999999998,
                    556.956
                ],
                [
                    1301.952,
                    567
                ],
                [
                    1330.944,
                    589.032
                ],
                [
                    1339.9679999999998,
                    598.968
                ],
                [
                    1340.928,
                    602.964
                ],
                [
                    1340.928,
                    608.04
                ],
                [
                    1323.0720000000001,
                    625.968
                ],
                [
                    1314.048,
                    639.0360000000001
                ],
                [
                    1313.088,
                    645.948
                ],
                [
                    1296,
                    675
                ],
                [
                    1289.088,
                    699.948
                ],
                [
                    1272.96,
                    741.96
                ],
                [
                    1270.08,
                    772.956
                ],
                [
                    1262.016,
                    785.052
                ],
                [
                    1261.056,
                    793.044
                ],
                [
                    1256.064,
                    795.96
                ],
                [
                    1254.9119999999998,
                    802.98
                ],
                [
                    1249.92,
                    806.976
                ],
                [
                    1248.96,
                    813.9960000000001
                ],
                [
                    1243.968,
                    822.96
                ],
                [
                    1234.944,
                    836.028
                ],
                [
                    1228.032,
                    840.996
                ],
                [
                    1206.912,
                    840.996
                ]
            ]
        }
    ]
}