{
    "IMAGE_INFO": {
        "FILE_NAME": "1033474@0_02001_221006_P1_T3__2885.jpg",
        "DATE": "2022-10-28 18:12:18",
        "RESOLUTION": "1920 x 1080",
        "IMAGE_PHOTOGRAPHER": "조신주",
        "FOCUS_DISTANCE": "8.0",
        "EXPOSURE_TIME": "1/160",
        "SENSITIVITY_ISO": "5000",
        "PLACE": "강북재활용센터",
        "REGION_NAME": null,
        "Direction": "0",
        "HEIGHT": "115",
        "DAY/NIGHT": "주간",
        "WEATHER": "맑음",
        "IMAGE_HEIGHT": 1080,
        "IMAGE_WIDTH": 1920,
        "IMAGE_SIZE": "603.2 KB"
    },
    "ANNOTATION_INFO": [
        {
            "ID": "1",
            "CLASS": "종이",
            "DETAILS": "종이",
            "DAMAGE": "완전압착",
            "DIRTINESS": "오염없음",
            "COVER": "겹침",
            "TRANSPARENCY": "불투명",
            "SHAPE": "종이컵형",
            "SHAPE_TYPE": "POLYGON",
            "POINTS": [
                [
                    1400.0639999999999,
                    104.00399999999999
                ],
                [
                    1386.048,
                    100.008
                ],
                [
                    1371.072,
                    100.008
                ],
                [
                    1366.08,
                    97.956
                ],
                [
                    1358.016,
                    81.972
                ],
                [
                    1362.048,
                    42.01199999999999
                ],
                [
                    1352.064,
                    0
                ],
                [
                    1420.0320000000002,
                    0
                ],
                [
                    1424.064,
                    23.976000000000003
                ],
                [
                    1425.9840000000002,
                    96.012
                ],
                [
                    1424.064,
                    99.036
                ],
                [
                    1400.0639999999999,
                    104.00399999999999
                ]
            ]
        }
    ]
}