{
    "IMAGE_INFO": {
        "FILE_NAME": "1033453@0_02001_221006_P1_T3__1255.jpg",
        "DATE": "2022-10-28 18:07:57",
        "RESOLUTION": "1920 x 1080",
        "IMAGE_PHOTOGRAPHER": "조신주",
        "FOCUS_DISTANCE": "8.0",
        "EXPOSURE_TIME": "1/160",
        "SENSITIVITY_ISO": "5000",
        "PLACE": "강북재활용센터",
        "REGION_NAME": null,
        "Direction": "0",
        "HEIGHT": "115",
        "DAY/NIGHT": "주간",
        "WEATHER": "맑음",
        "IMAGE_HEIGHT": 1080,
        "IMAGE_WIDTH": 1920,
        "IMAGE_SIZE": "569.6 KB"
    },
    "ANNOTATION_INFO": [
        {
            "ID": "1",
            "CLASS": "종이",
            "DETAILS": "종이",
            "DAMAGE": "완전압착",
            "DIRTINESS": "이물질(외부)",
            "COVER": "겹침",
            "TRANSPARENCY": "불투명",
            "SHAPE": "종이컵형",
            "SHAPE_TYPE": "POLYGON",
            "POINTS": [
                [
                    536.064,
                    531.0360000000001
                ],
                [
                    526.08,
                    524.9879999999999
                ],
                [
                    518.976,
                    505.98
                ],
                [
                    502.08000000000004,
                    474.012
                ],
                [
                    498.04800000000006,
                    455.976
                ],
                [
                    498.04800000000006,
                    443.988
                ],
                [
                    500.92800000000005,
                    438.048
                ],
                [
                    498.04800000000006,
                    423.036
                ],
                [
                    499.968,
                    404.02799999999996
                ],
                [
                    504,
                    393.98400000000004
                ],
                [
                    515.904,
                    388.044
                ],
                [
                    533.952,
                    388.044
                ],
                [
                    548.928,
                    384.048
                ],
                [
                    561.024,
                    384.048
                ],
                [
                    566.976,
                    380.05199999999996
                ],
                [
                    571.968,
                    380.05199999999996
                ],
                [
                    584.0640000000001,
                    371.952
                ],
                [
                    595.9680000000001,
                    355.968
                ],
                [
                    601.92,
                    351.97200000000004
                ],
                [
                    614.976,
                    354.024
                ],
                [
                    642.048,
                    363.96000000000004
                ],
                [
                    675.072,
                    384.048
                ],
                [
                    686.016,
                    393.012
                ],
                [
                    687.936,
                    397.98
                ],
                [
                    694.0799999999999,
                    401.976
                ],
                [
                    710.976,
                    421.956
                ],
                [
                    708.096,
                    428.00399999999996
                ],
                [
                    676.032,
                    459
                ],
                [
                    662.016,
                    478.008
                ],
                [
                    648,
                    489.996
                ],
                [
                    614.976,
                    504.036
                ],
                [
                    609.9839999999999,
                    504.036
                ],
                [
                    603.072,
                    508.032
                ],
                [
                    590.976,
                    509.976
                ],
                [
                    584.0640000000001,
                    516.024
                ],
                [
                    580.0319999999999,
                    516.024
                ],
                [
                    577.92,
                    519.048
                ],
                [
                    566.976,
                    524.0160000000001
                ],
                [
                    557.952,
                    525.96
                ],
                [
                    547.968,
                    525.96
                ],
                [
                    536.064,
                    531.0360000000001
                ]
            ]
        },
        {
            "ID": "2",
            "CLASS": "종이",
            "DETAILS": "종이",
            "DAMAGE": "완전압착",
            "DIRTINESS": "이물질(외부)",
            "COVER": "겹침",
            "TRANSPARENCY": "불투명",
            "SHAPE": "종이컵형",
            "SHAPE_TYPE": "POLYGON",
            "POINTS": [
                [
                    921.984,
                    741.96
                ],
                [
                    915.072,
                    740.988
                ],
                [
                    910.0799999999999,
                    736.992
                ],
                [
                    903.936,
                    729.972
                ],
                [
                    902.016,
                    724.032
                ],
                [
                    894.912,
                    716.0400000000001
                ],
                [
                    888.96,
                    699.948
                ],
                [
                    883.0079999999999,
                    694.9799999999999
                ],
                [
                    877.0559999999999,
                    678.9960000000001
                ],
                [
                    860.928,
                    652.9680000000001
                ],
                [
                    854.976,
                    640.008
                ],
                [
                    854.016,
                    633.9599999999999
                ],
                [
                    849.9839999999999,
                    628.9920000000001
                ],
                [
                    849.024,
                    623.052
                ],
                [
                    843.072,
                    617.004
                ],
                [
                    838.08,
                    598.968
                ],
                [
                    836.928,
                    563.004
                ],
                [
                    831.936,
                    543.9960000000001
                ],
                [
                    831.936,
                    520.992
                ],
                [
                    834.048,
                    505.98
                ],
                [
                    845.952,
                    482.00399999999996
                ],
                [
                    857.0880000000001,
                    466.992
                ],
                [
                    870.912,
                    452.952
                ],
                [
                    898.944,
                    431.028
                ],
                [
                    917.952,
                    420.984
                ],
                [
                    921.984,
                    416.988
                ],
                [
                    927.936,
                    415.044
                ],
                [
                    942.9119999999999,
                    407.052
                ],
                [
                    951.936,
                    404.02799999999996
                ],
                [
                    960,
                    402.948
                ],
                [
                    974.9760000000001,
                    405.97200000000004
                ],
                [
                    997.0559999999999,
                    417.96000000000004
                ],
                [
                    999.936,
                    417.96000000000004
                ],
                [
                    1006.08,
                    420.984
                ],
                [
                    1016.064,
                    431.028
                ],
                [
                    1017.984,
                    438.048
                ],
                [
                    1022.016,
                    439.02
                ],
                [
                    1026.048,
                    443.016
                ],
                [
                    1033.92,
                    443.988
                ],
                [
                    1041.0240000000001,
                    447.012
                ],
                [
                    1049.088,
                    447.984
                ],
                [
                    1060.992,
                    452.952
                ],
                [
                    1093.056,
                    474.98400000000004
                ],
                [
                    1109.952,
                    489.024
                ],
                [
                    1108.032,
                    497.016
                ],
                [
                    1114.944,
                    509.976
                ],
                [
                    1129.92,
                    520.992
                ],
                [
                    1137.984,
                    523.044
                ],
                [
                    1146.048,
                    528.984
                ],
                [
                    1150.08,
                    536.004
                ],
                [
                    1153.92,
                    539.028
                ],
                [
                    1158.912,
                    548.9639999999999
                ],
                [
                    1153.92,
                    567
                ],
                [
                    1153.92,
                    573.048
                ],
                [
                    1147.968,
                    587.952
                ],
                [
                    1147.008,
                    597.996
                ],
                [
                    1142.016,
                    614.952
                ],
                [
                    1131.072,
                    635.04
                ],
                [
                    1128,
                    636.984
                ],
                [
                    1127.04,
                    640.98
                ],
                [
                    1102.08,
                    666.0360000000001
                ],
                [
                    1083.0720000000001,
                    679.9680000000001
                ],
                [
                    1070.016,
                    687.96
                ],
                [
                    1065.9840000000002,
                    689.04
                ],
                [
                    1056.96,
                    695.952
                ],
                [
                    1043.904,
                    701.028
                ],
                [
                    1030.08,
                    709.02
                ],
                [
                    1026.048,
                    709.992
                ],
                [
                    1012.032,
                    718.9559999999999
                ],
                [
                    1008,
                    718.9559999999999
                ],
                [
                    1004.928,
                    722.952
                ],
                [
                    998.0160000000001,
                    725.004
                ],
                [
                    996.0960000000001,
                    729
                ],
                [
                    988.992,
                    729.972
                ],
                [
                    979.968,
                    729
                ],
                [
                    973.056,
                    732.024
                ],
                [
                    964.9920000000001,
                    732.024
                ],
                [
                    956.928,
                    735.048
                ],
                [
                    950.976,
                    735.048
                ],
                [
                    937.92,
                    740.0160000000001
                ],
                [
                    921.984,
                    741.96
                ]
            ]
        },
        {
            "ID": "3",
            "CLASS": "종이",
            "DETAILS": "종이",
            "DAMAGE": "완전압착",
            "DIRTINESS": "이물질(외부)",
            "COVER": "없음",
            "TRANSPARENCY": "불투명",
            "SHAPE": "종이팩형",
            "SHAPE_TYPE": "POLYGON",
            "POINTS": [
                [
                    721.92,
                    748.008
                ],
                [
                    715.9680000000001,
                    745.956
                ],
                [
                    692.928,
                    744.012
                ],
                [
                    672,
                    744.012
                ],
                [
                    662.016,
                    740.0160000000001
                ],
                [
                    642.048,
                    740.0160000000001
                ],
                [
                    635.904,
                    733.968
                ],
                [
                    624,
                    733.968
                ],
                [
                    619.9680000000001,
                    732.024
                ],
                [
                    615.9359999999999,
                    729
                ],
                [
                    614.976,
                    722.952
                ],
                [
                    608.064,
                    722.952
                ],
                [
                    603.072,
                    712.044
                ],
                [
                    604.0319999999999,
                    693.0360000000001
                ],
                [
                    609.024,
                    683.9639999999999
                ],
                [
                    609.9839999999999,
                    671.976
                ],
                [
                    614.976,
                    663.984
                ],
                [
                    615.9359999999999,
                    654.048
                ],
                [
                    620.928,
                    648
                ],
                [
                    622.08,
                    637.956
                ],
                [
                    627.072,
                    632.9879999999999
                ],
                [
                    628.032,
                    621.972
                ],
                [
                    633.024,
                    616.032
                ],
                [
                    644.928,
                    586.0079999999999
                ],
                [
                    652.032,
                    548.9639999999999
                ],
                [
                    657.024,
                    543.9960000000001
                ],
                [
                    662.976,
                    516.024
                ],
                [
                    667.968,
                    513
                ],
                [
                    673.92,
                    513
                ],
                [
                    686.016,
                    513.972
                ],
                [
                    714.048,
                    521.964
                ],
                [
                    762.048,
                    532.0079999999999
                ],
                [
                    769.9200000000001,
                    536.004
                ],
                [
                    772.032,
                    540
                ],
                [
                    768,
                    582.0120000000001
                ],
                [
                    729.9839999999999,
                    720.036
                ],
                [
                    728.064,
                    740.988
                ],
                [
                    721.92,
                    748.008
                ]
            ]
        }
    ]
}