{
    "IMAGE_INFO": {
        "FILE_NAME": "1033448@0_02001_221006_P1_T3__0761.jpg",
        "DATE": "2022-10-28 18:06:39",
        "RESOLUTION": "1920 x 1080",
        "IMAGE_PHOTOGRAPHER": "조신주",
        "FOCUS_DISTANCE": "8.0",
        "EXPOSURE_TIME": "1/160",
        "SENSITIVITY_ISO": "5000",
        "PLACE": "강북재활용센터",
        "REGION_NAME": null,
        "Direction": "0",
        "HEIGHT": "115",
        "DAY/NIGHT": "주간",
        "WEATHER": "맑음",
        "IMAGE_HEIGHT": 1080,
        "IMAGE_WIDTH": 1920,
        "IMAGE_SIZE": "552.1 KB"
    },
    "ANNOTATION_INFO": [
        {
            "ID": "1",
            "CLASS": "종이",
            "DETAILS": "종이",
            "DAMAGE": "손상",
            "DIRTINESS": "이물질(외부)",
            "COVER": "없음",
            "TRANSPARENCY": "불투명",
            "SHAPE": "낱장형",
            "SHAPE_TYPE": "POLYGON",
            "POINTS": [
                [
                    1406.0159999999998,
                    798.984
                ],
                [
                    1401.984,
                    797.04
                ],
                [
                    1400.0639999999999,
                    791.9639999999999
                ],
                [
                    1400.0639999999999,
                    783.972
                ],
                [
                    1392,
                    759.024
                ],
                [
                    1373.952,
                    725.004
                ],
                [
                    1349.952,
                    698.976
                ],
                [
                    1310.9759999999999,
                    666.0360000000001
                ],
                [
                    1289.088,
                    656.9639999999999
                ],
                [
                    1285.056,
                    651.996
                ],
                [
                    1276.992,
                    628.9920000000001
                ],
                [
                    1275.0720000000001,
                    600.048
                ],
                [
                    1271.04,
                    593.028
                ],
                [
                    1251.072,
                    577.044
                ],
                [
                    1247.04,
                    574.992
                ],
                [
                    1241.088,
                    574.992
                ],
                [
                    1228.992,
                    578.016
                ],
                [
                    1223.04,
                    582.9839999999999
                ],
                [
                    1219.008,
                    594.972
                ],
                [
                    1210.944,
                    602.964
                ],
                [
                    1184.064,
                    621
                ],
                [
                    1177.92,
                    618.9480000000001
                ],
                [
                    1152,
                    562.0319999999999
                ],
                [
                    1152,
                    551.016
                ],
                [
                    1166.0159999999998,
                    548.9639999999999
                ],
                [
                    1167.936,
                    536.004
                ],
                [
                    1160.0639999999999,
                    520.992
                ],
                [
                    1156.032,
                    517.9680000000001
                ],
                [
                    1152,
                    516.024
                ],
                [
                    1143.936,
                    516.024
                ],
                [
                    1132.032,
                    525.96
                ],
                [
                    1129.92,
                    539.028
                ],
                [
                    1126.08,
                    546.048
                ],
                [
                    1123.968,
                    573.048
                ],
                [
                    1118.016,
                    586.0079999999999
                ],
                [
                    1113.9840000000002,
                    587.952
                ],
                [
                    1091.904,
                    590.004
                ],
                [
                    1065.024,
                    590.004
                ],
                [
                    1036.992,
                    586.0079999999999
                ],
                [
                    988.992,
                    587.952
                ],
                [
                    984.96,
                    567
                ],
                [
                    983.04,
                    475.95599999999996
                ],
                [
                    974.9760000000001,
                    455.976
                ],
                [
                    974.9760000000001,
                    435.996
                ],
                [
                    977.0880000000001,
                    432.972
                ],
                [
                    994.944,
                    421.956
                ],
                [
                    1007.04,
                    408.996
                ],
                [
                    1008.9599999999999,
                    404.02799999999996
                ],
                [
                    1022.9760000000001,
                    393.98400000000004
                ],
                [
                    1042.944,
                    373.032
                ],
                [
                    1049.088,
                    370.00800000000004
                ],
                [
                    1051.008,
                    362.988
                ],
                [
                    1062.912,
                    351.97200000000004
                ],
                [
                    1094.0159999999998,
                    351.97200000000004
                ],
                [
                    1118.016,
                    354.996
                ],
                [
                    1126.08,
                    351.97200000000004
                ],
                [
                    1133.952,
                    351.97200000000004
                ],
                [
                    1146.048,
                    347.00399999999996
                ],
                [
                    1157.952,
                    344.952
                ],
                [
                    1161.984,
                    342.036
                ],
                [
                    1171.968,
                    324.972
                ],
                [
                    1190.016,
                    316.97999999999996
                ],
                [
                    1209.0240000000001,
                    316.97999999999996
                ],
                [
                    1243.008,
                    308.016
                ],
                [
                    1271.04,
                    308.016
                ],
                [
                    1289.088,
                    299.05199999999996
                ],
                [
                    1296.96,
                    297.972
                ],
                [
                    1313.088,
                    288.036
                ],
                [
                    1344,
                    277.02
                ],
                [
                    1352.064,
                    274.968
                ],
                [
                    1376.064,
                    273.024
                ],
                [
                    1396.032,
                    267.948
                ],
                [
                    1407.936,
                    267.948
                ],
                [
                    1421.952,
                    262.98
                ],
                [
                    1428.096,
                    262.98
                ],
                [
                    1444.032,
                    304.02
                ],
                [
                    1451.904,
                    350.028
                ],
                [
                    1454.0159999999998,
                    386.964
                ],
                [
                    1462.08,
                    440.964
                ],
                [
                    1468.992,
                    466.02
                ],
                [
                    1470.912,
                    506.952
                ],
                [
                    1484.9279999999999,
                    602.964
                ],
                [
                    1488.96,
                    672.948
                ],
                [
                    1492.992,
                    689.04
                ],
                [
                    1492.992,
                    714.96
                ],
                [
                    1497.024,
                    732.996
                ],
                [
                    1497.024,
                    756
                ],
                [
                    1501.056,
                    768.9599999999999
                ],
                [
                    1501.056,
                    783.972
                ],
                [
                    1498.944,
                    786.996
                ],
                [
                    1494.9119999999998,
                    786.996
                ],
                [
                    1492.992,
                    789.048
                ],
                [
                    1406.0159999999998,
                    798.984
                ]
            ]
        },
        {
            "ID": "2",
            "CLASS": "종이",
            "DETAILS": "종이",
            "DAMAGE": "원형",
            "DIRTINESS": "오염없음",
            "COVER": "없음",
            "TRANSPARENCY": "불투명",
            "SHAPE": "낱장형",
            "SHAPE_TYPE": "POLYGON",
            "POINTS": [
                [
                    1062.912,
                    293.00399999999996
                ],
                [
                    1059.072,
                    289.008
                ],
                [
                    1051.968,
                    285.984
                ],
                [
                    1043.904,
                    285.984
                ],
                [
                    1033.92,
                    289.98
                ],
                [
                    1026.048,
                    289.98
                ],
                [
                    1011.0719999999999,
                    285.984
                ],
                [
                    1004.928,
                    281.01599999999996
                ],
                [
                    999.936,
                    270
                ],
                [
                    987.072,
                    259.956
                ],
                [
                    978.0479999999999,
                    249.048
                ],
                [
                    948.096,
                    228.95999999999998
                ],
                [
                    940.992,
                    226.044
                ],
                [
                    932.928,
                    216
                ],
                [
                    929.088,
                    213.948
                ],
                [
                    929.088,
                    211.03199999999998
                ],
                [
                    921.984,
                    200.988
                ],
                [
                    907.0079999999999,
                    184.03199999999998
                ],
                [
                    907.0079999999999,
                    165.996
                ],
                [
                    902.976,
                    158.976
                ],
                [
                    902.976,
                    154.008
                ],
                [
                    915.072,
                    137.05200000000002
                ],
                [
                    937.92,
                    97.956
                ],
                [
                    940.992,
                    69.984
                ],
                [
                    945.024,
                    65.01599999999999
                ],
                [
                    977.0880000000001,
                    41.04
                ],
                [
                    982.0799999999999,
                    34.02
                ],
                [
                    993.9840000000002,
                    26.028
                ],
                [
                    1003.0079999999999,
                    23.976000000000003
                ],
                [
                    1007.04,
                    20.952
                ],
                [
                    1022.9760000000001,
                    15.011999999999999
                ],
                [
                    1036.032,
                    12.96
                ],
                [
                    1041.984,
                    10.043999999999999
                ],
                [
                    1056,
                    10.043999999999999
                ],
                [
                    1062.912,
                    11.988000000000001
                ],
                [
                    1073.088,
                    10.043999999999999
                ],
                [
                    1081.92,
                    10.043999999999999
                ],
                [
                    1095.936,
                    12.96
                ],
                [
                    1104,
                    11.988000000000001
                ],
                [
                    1108.032,
                    10.043999999999999
                ],
                [
                    1121.088,
                    10.043999999999999
                ],
                [
                    1128,
                    12.96
                ],
                [
                    1137.984,
                    14.04
                ],
                [
                    1141.056,
                    15.984
                ],
                [
                    1147.968,
                    16.956
                ],
                [
                    1152.96,
                    19.98
                ],
                [
                    1163.904,
                    22.032
                ],
                [
                    1166.976,
                    23.976000000000003
                ],
                [
                    1174.0800000000002,
                    23.976000000000003
                ],
                [
                    1191.9360000000001,
                    29.052
                ],
                [
                    1208.0639999999999,
                    38.016000000000005
                ],
                [
                    1213.056,
                    37.044
                ],
                [
                    1214.976,
                    49.032000000000004
                ],
                [
                    1213.056,
                    51.94799999999999
                ],
                [
                    1219.008,
                    53.028
                ],
                [
                    1218.048,
                    57.995999999999995
                ],
                [
                    1220.928,
                    60.047999999999995
                ],
                [
                    1224.96,
                    68.04
                ],
                [
                    1228.992,
                    60.047999999999995
                ],
                [
                    1241.088,
                    57.995999999999995
                ],
                [
                    1252.032,
                    50.976
                ],
                [
                    1259.904,
                    50.976
                ],
                [
                    1271.04,
                    60.047999999999995
                ],
                [
                    1276.992,
                    69.012
                ],
                [
                    1265.0880000000002,
                    80.028
                ],
                [
                    1263.936,
                    89.964
                ],
                [
                    1253.952,
                    112.968
                ],
                [
                    1252.032,
                    127.008
                ],
                [
                    1244.9279999999999,
                    138.996
                ],
                [
                    1244.9279999999999,
                    143.964
                ],
                [
                    1251.072,
                    154.98
                ],
                [
                    1252.032,
                    165.996
                ],
                [
                    1251.072,
                    196.99200000000002
                ],
                [
                    1247.04,
                    216
                ],
                [
                    1242.048,
                    219.024
                ],
                [
                    1230.912,
                    219.024
                ],
                [
                    1223.04,
                    223.01999999999998
                ],
                [
                    1214.976,
                    242.028
                ],
                [
                    1205.952,
                    249.048
                ],
                [
                    1200,
                    258.98400000000004
                ],
                [
                    1198.08,
                    266.976
                ],
                [
                    1193.088,
                    273.996
                ],
                [
                    1189.056,
                    277.02
                ],
                [
                    1171.968,
                    284.04
                ],
                [
                    1150.08,
                    289.008
                ],
                [
                    1117.056,
                    289.98
                ],
                [
                    1102.08,
                    292.032
                ],
                [
                    1081.92,
                    281.01599999999996
                ],
                [
                    1079.0400000000002,
                    281.01599999999996
                ],
                [
                    1075.968,
                    282.96000000000004
                ],
                [
                    1075.0079999999998,
                    288.036
                ],
                [
                    1069.056,
                    293.00399999999996
                ],
                [
                    1062.912,
                    293.00399999999996
                ]
            ]
        },
        {
            "ID": "3",
            "CLASS": "종이",
            "DETAILS": "종이",
            "DAMAGE": "원형",
            "DIRTINESS": "오염없음",
            "COVER": "겹침",
            "TRANSPARENCY": "불투명",
            "SHAPE": "종이컵형",
            "SHAPE_TYPE": "POLYGON",
            "POINTS": [
                [
                    331.008,
                    934.956
                ],
                [
                    327.93600000000004,
                    933.984
                ],
                [
                    322.94399999999996,
                    929.9879999999999
                ],
                [
                    316.032,
                    921.024
                ],
                [
                    307.96799999999996,
                    906.984
                ],
                [
                    292.03200000000004,
                    884.952
                ],
                [
                    288,
                    875.988
                ],
                [
                    284.928,
                    872.964
                ],
                [
                    282.048,
                    867.024
                ],
                [
                    278.016,
                    856.98
                ],
                [
                    275.904,
                    844.992
                ],
                [
                    268.032,
                    820.044
                ],
                [
                    264,
                    783
                ],
                [
                    264.96000000000004,
                    741.96
                ],
                [
                    267.072,
                    737.964
                ],
                [
                    268.032,
                    729
                ],
                [
                    273.984,
                    726.948
                ],
                [
                    292.992,
                    728.028
                ],
                [
                    313.92,
                    729
                ],
                [
                    340.03200000000004,
                    729
                ],
                [
                    360.96,
                    733.968
                ],
                [
                    366.912,
                    736.992
                ],
                [
                    368.064,
                    739.044
                ],
                [
                    366.912,
                    744.9839999999999
                ],
                [
                    363.072,
                    756
                ],
                [
                    359.04,
                    763.9920000000001
                ],
                [
                    351.936,
                    771.012
                ],
                [
                    347.904,
                    776.952
                ],
                [
                    342.91200000000003,
                    790.0200000000001
                ],
                [
                    340.03200000000004,
                    799.956
                ],
                [
                    340.992,
                    813.024
                ],
                [
                    350.976,
                    814.9680000000001
                ],
                [
                    351.936,
                    817.02
                ],
                [
                    358.08,
                    817.02
                ],
                [
                    361.92,
                    820.044
                ],
                [
                    364.99199999999996,
                    821.016
                ],
                [
                    374.976,
                    821.016
                ],
                [
                    377.08799999999997,
                    822.96
                ],
                [
                    393.984,
                    822.96
                ],
                [
                    406.08,
                    821.016
                ],
                [
                    417.98400000000004,
                    821.016
                ],
                [
                    433.92,
                    833.004
                ],
                [
                    432.96000000000004,
                    844.992
                ],
                [
                    430.08,
                    852.0120000000001
                ],
                [
                    426.048,
                    872.964
                ],
                [
                    421.056,
                    879.9839999999999
                ],
                [
                    414.912,
                    882.036
                ],
                [
                    403.008,
                    888.9480000000001
                ],
                [
                    389.952,
                    898.9920000000001
                ],
                [
                    364.032,
                    914.004
                ],
                [
                    355.968,
                    920.052
                ],
                [
                    351.936,
                    921.024
                ],
                [
                    331.008,
                    934.956
                ]
            ]
        },
        {
            "ID": "4",
            "CLASS": "종이",
            "DETAILS": "종이",
            "DAMAGE": "원형",
            "DIRTINESS": "오염없음",
            "COVER": "겹침",
            "TRANSPARENCY": "불투명",
            "SHAPE": "종이컵형",
            "SHAPE_TYPE": "POLYGON",
            "POINTS": [
                [
                    999.936,
                    1080
                ],
                [
                    998.976,
                    1060.992
                ],
                [
                    994.944,
                    1056.0240000000001
                ],
                [
                    994.944,
                    1049.9759999999999
                ],
                [
                    992.0640000000001,
                    1041.984
                ],
                [
                    987.072,
                    1036.044
                ],
                [
                    984.96,
                    1029.996
                ],
                [
                    968.064,
                    1026
                ],
                [
                    954.048,
                    1026
                ],
                [
                    945.024,
                    1028.052
                ],
                [
                    935.04,
                    1028.052
                ],
                [
                    915.072,
                    1033.02
                ],
                [
                    898.944,
                    1033.992
                ],
                [
                    892.032,
                    1037.988
                ],
                [
                    884.928,
                    1040.04
                ],
                [
                    878.976,
                    1040.04
                ],
                [
                    877.0559999999999,
                    1038.96
                ],
                [
                    869.952,
                    1026.972
                ],
                [
                    868.032,
                    1018.008
                ],
                [
                    863.04,
                    1010.988
                ],
                [
                    863.04,
                    1006.02
                ],
                [
                    855.9359999999999,
                    991.0079999999999
                ],
                [
                    855.9359999999999,
                    980.9639999999999
                ],
                [
                    864.96,
                    976.968
                ],
                [
                    877.0559999999999,
                    968.004
                ],
                [
                    883.968,
                    964.9799999999999
                ],
                [
                    897.024,
                    964.0079999999999
                ],
                [
                    906.048,
                    960.984
                ],
                [
                    921.024,
                    960.984
                ],
                [
                    941.952,
                    959.04
                ],
                [
                    949.056,
                    956.9879999999999
                ],
                [
                    951.936,
                    953.9639999999999
                ],
                [
                    975.9359999999999,
                    944.028
                ],
                [
                    993.024,
                    941.0039999999999
                ],
                [
                    999.936,
                    941.0039999999999
                ],
                [
                    1012.032,
                    937.98
                ],
                [
                    1022.9760000000001,
                    930.96
                ],
                [
                    1023.936,
                    928.044
                ],
                [
                    1036.032,
                    924.048
                ],
                [
                    1040.0639999999999,
                    921.024
                ],
                [
                    1042.944,
                    906.984
                ],
                [
                    1052.9279999999999,
                    899.964
                ],
                [
                    1080.9599999999998,
                    897.048
                ],
                [
                    1107.0720000000001,
                    897.048
                ],
                [
                    1170.048,
                    891.972
                ],
                [
                    1218.048,
                    891
                ],
                [
                    1267.968,
                    887.004
                ],
                [
                    1315.968,
                    875.988
                ],
                [
                    1328.0639999999999,
                    875.988
                ],
                [
                    1334.976,
                    879.9839999999999
                ],
                [
                    1342.08,
                    894.024
                ],
                [
                    1344.96,
                    1023.9480000000001
                ],
                [
                    1348.992,
                    1045.008
                ],
                [
                    1352.064,
                    1049.0040000000001
                ],
                [
                    1352.064,
                    1061.964
                ],
                [
                    1353.9840000000002,
                    1067.04
                ],
                [
                    1358.9759999999999,
                    1068.984
                ],
                [
                    1361.088,
                    1072.008
                ],
                [
                    1361.088,
                    1080
                ],
                [
                    999.936,
                    1080
                ]
            ]
        }
    ]
}