{
    "IMAGE_INFO": {
        "FILE_NAME": "1033416@0_02001_221006_P1_T3__2340.jpg",
        "DATE": "2022-10-28 18:10:49",
        "RESOLUTION": "1920 x 1080",
        "IMAGE_PHOTOGRAPHER": "조신주",
        "FOCUS_DISTANCE": "8.0",
        "EXPOSURE_TIME": "1/160",
        "SENSITIVITY_ISO": "5000",
        "PLACE": "강북재활용센터",
        "REGION_NAME": null,
        "Direction": "0",
        "HEIGHT": "115",
        "DAY/NIGHT": "주간",
        "WEATHER": "맑음",
        "IMAGE_HEIGHT": 1080,
        "IMAGE_WIDTH": 1920,
        "IMAGE_SIZE": "630.1 KB"
    },
    "ANNOTATION_INFO": [
        {
            "ID": "1",
            "CLASS": "종이",
            "DETAILS": "종이",
            "DAMAGE": "손상",
            "DIRTINESS": "이물질(외부)",
            "COVER": "없음",
            "TRANSPARENCY": "불투명",
            "SHAPE": "기타 형태",
            "SHAPE_TYPE": "POLYGON",
            "POINTS": [
                [
                    1033.92,
                    837
                ],
                [
                    1004.928,
                    836.028
                ],
                [
                    993.9840000000002,
                    833.004
                ],
                [
                    983.9999999999999,
                    829.0079999999999
                ],
                [
                    964.0319999999999,
                    816.048
                ],
                [
                    961.92,
                    813.9960000000001
                ],
                [
                    961.92,
                    802.008
                ],
                [
                    966.912,
                    783
                ],
                [
                    978.0479999999999,
                    756
                ],
                [
                    978.0479999999999,
                    744.9839999999999
                ],
                [
                    983.9999999999999,
                    735.048
                ],
                [
                    988.0319999999999,
                    732.996
                ],
                [
                    990.912,
                    725.004
                ],
                [
                    996.0960000000001,
                    721.98
                ],
                [
                    998.0160000000001,
                    713.988
                ],
                [
                    1003.0079999999999,
                    709.992
                ],
                [
                    1004.928,
                    698.004
                ],
                [
                    1008,
                    695.952
                ],
                [
                    1009.9200000000001,
                    690.984
                ],
                [
                    1017.0239999999999,
                    686.016
                ],
                [
                    1041.984,
                    677.052
                ],
                [
                    1080,
                    677.052
                ],
                [
                    1085.952,
                    679.9680000000001
                ],
                [
                    1095.936,
                    671.976
                ],
                [
                    1102.08,
                    670.0319999999999
                ],
                [
                    1103.04,
                    666.0360000000001
                ],
                [
                    1124.9279999999999,
                    651.024
                ],
                [
                    1157.952,
                    621
                ],
                [
                    1171.008,
                    605.988
                ],
                [
                    1198.08,
                    581.0400000000001
                ],
                [
                    1222.08,
                    552.96
                ],
                [
                    1233.9840000000002,
                    543.9960000000001
                ],
                [
                    1248,
                    542.052
                ],
                [
                    1267.968,
                    543.024
                ],
                [
                    1272.96,
                    544.9680000000001
                ],
                [
                    1283.904,
                    544.9680000000001
                ],
                [
                    1295.04,
                    542.052
                ],
                [
                    1299.072,
                    539.028
                ],
                [
                    1311.9360000000001,
                    537.948
                ],
                [
                    1330.944,
                    547.02
                ],
                [
                    1339.9679999999998,
                    547.02
                ],
                [
                    1340.928,
                    552.96
                ],
                [
                    1345.9199999999998,
                    559.0079999999999
                ],
                [
                    1348.032,
                    559.0079999999999
                ],
                [
                    1358.016,
                    566.028
                ],
                [
                    1358.016,
                    569.052
                ],
                [
                    1363.008,
                    573.048
                ],
                [
                    1364.9279999999999,
                    578.016
                ],
                [
                    1368.96,
                    579.96
                ],
                [
                    1373.952,
                    594
                ],
                [
                    1377.024,
                    596.0519999999999
                ],
                [
                    1378.944,
                    605.0160000000001
                ],
                [
                    1386.048,
                    610.956
                ],
                [
                    1387.008,
                    624.024
                ],
                [
                    1382.016,
                    640.98
                ],
                [
                    1398.912,
                    658.044
                ],
                [
                    1398.912,
                    664.956
                ],
                [
                    1393.92,
                    670.0319999999999
                ],
                [
                    1387.008,
                    671.0039999999999
                ],
                [
                    1383.936,
                    672.948
                ],
                [
                    1380.096,
                    679.9680000000001
                ],
                [
                    1377.024,
                    664.956
                ],
                [
                    1373.952,
                    662.04
                ],
                [
                    1372.032,
                    671.0039999999999
                ],
                [
                    1364.9279999999999,
                    681.048
                ],
                [
                    1364.9279999999999,
                    686.9879999999999
                ],
                [
                    1358.016,
                    694.9799999999999
                ],
                [
                    1357.056,
                    704.052
                ],
                [
                    1352.064,
                    709.992
                ],
                [
                    1335.936,
                    717.0120000000001
                ],
                [
                    1334.976,
                    718.9559999999999
                ],
                [
                    1325.952,
                    724.032
                ],
                [
                    1319.0400000000002,
                    725.976
                ],
                [
                    1318.08,
                    728.028
                ],
                [
                    1311.9360000000001,
                    729
                ],
                [
                    1243.008,
                    774.0360000000001
                ],
                [
                    1188.096,
                    807.948
                ],
                [
                    1177.92,
                    812.052
                ],
                [
                    1151.04,
                    817.02
                ],
                [
                    1146.048,
                    817.02
                ],
                [
                    1136.064,
                    813.024
                ],
                [
                    1128.96,
                    812.052
                ],
                [
                    1098.048,
                    813.024
                ],
                [
                    1089.984,
                    816.048
                ],
                [
                    1080,
                    817.02
                ],
                [
                    1064.064,
                    821.9879999999999
                ]
            ]
        },
        {
            "ID": "2",
            "CLASS": "종이",
            "DETAILS": "종이",
            "DAMAGE": "손상",
            "DIRTINESS": "이물질(외부)",
            "COVER": "없음",
            "TRANSPARENCY": "불투명",
            "SHAPE": "종이팩형",
            "SHAPE_TYPE": "POLYGON",
            "POINTS": [
                [
                    1273.92,
                    1080
                ],
                [
                    1266.048,
                    1072.98
                ],
                [
                    1262.016,
                    1067.04
                ],
                [
                    1259.904,
                    1059.048
                ],
                [
                    1253.952,
                    1053
                ],
                [
                    1254.9119999999998,
                    1044.036
                ],
                [
                    1252.032,
                    1034.964
                ],
                [
                    1251.072,
                    1033.02
                ],
                [
                    1248.96,
                    1032.048
                ],
                [
                    1244.9279999999999,
                    1021.032
                ],
                [
                    1239.9360000000001,
                    1015.956
                ],
                [
                    1238.9759999999999,
                    1010.988
                ],
                [
                    1234.944,
                    1002.996
                ],
                [
                    1233.9840000000002,
                    996.948
                ],
                [
                    1228.032,
                    987.9839999999999
                ],
                [
                    1227.0720000000001,
                    983.016
                ],
                [
                    1223.04,
                    975.996
                ],
                [
                    1222.08,
                    969.948
                ],
                [
                    1219.9679999999998,
                    968.004
                ],
                [
                    1219.008,
                    961.956
                ],
                [
                    1209.0240000000001,
                    941.976
                ],
                [
                    1205.952,
                    922.9680000000001
                ],
                [
                    1204.032,
                    918
                ],
                [
                    1203.0720000000001,
                    906.984
                ],
                [
                    1200,
                    902.9879999999999
                ],
                [
                    1199.0400000000002,
                    897.048
                ],
                [
                    1195.0079999999998,
                    887.004
                ],
                [
                    1196.9279999999999,
                    878.04
                ],
                [
                    1199.0400000000002,
                    875.0160000000001
                ],
                [
                    1204.9920000000002,
                    870.048
                ],
                [
                    1208.0639999999999,
                    864.972
                ],
                [
                    1211.904,
                    861.948
                ],
                [
                    1213.056,
                    855.036
                ],
                [
                    1215.936,
                    852.0120000000001
                ],
                [
                    1219.008,
                    851.0400000000001
                ],
                [
                    1222.08,
                    851.0400000000001
                ],
                [
                    1241.088,
                    856.98
                ],
                [
                    1254.9119999999998,
                    860.004
                ],
                [
                    1258.944,
                    860.004
                ],
                [
                    1267.968,
                    863.028
                ],
                [
                    1278.912,
                    871.992
                ],
                [
                    1295.04,
                    890.028
                ],
                [
                    1313.088,
                    905.04
                ],
                [
                    1316.9279999999999,
                    910.008
                ],
                [
                    1320,
                    915.948
                ],
                [
                    1326.912,
                    924.048
                ],
                [
                    1331.904,
                    928.044
                ],
                [
                    1335.936,
                    929.016
                ],
                [
                    1339.008,
                    932.04
                ],
                [
                    1339.9679999999998,
                    932.04
                ],
                [
                    1348.992,
                    942.948
                ],
                [
                    1358.9759999999999,
                    951.048
                ],
                [
                    1364.9279999999999,
                    953.9639999999999
                ],
                [
                    1368.96,
                    963.0360000000001
                ],
                [
                    1371.072,
                    965.952
                ],
                [
                    1372.992,
                    967.0319999999999
                ],
                [
                    1377.984,
                    976.968
                ],
                [
                    1381.056,
                    979.992
                ],
                [
                    1382.976,
                    984.96
                ],
                [
                    1388.928,
                    990.036
                ],
                [
                    1390.08,
                    992.952
                ],
                [
                    1392.96,
                    995.004
                ],
                [
                    1395.0720000000001,
                    1003.968
                ],
                [
                    1396.992,
                    1005.048
                ],
                [
                    1398.912,
                    1018.98
                ],
                [
                    1396.992,
                    1030.968
                ],
                [
                    1396.992,
                    1040.04
                ],
                [
                    1392.96,
                    1045.008
                ],
                [
                    1392.96,
                    1050.9479999999999
                ],
                [
                    1388.928,
                    1059.048
                ],
                [
                    1386.048,
                    1061.964
                ],
                [
                    1381.056,
                    1069.9560000000001
                ],
                [
                    1381.056,
                    1073.952
                ],
                [
                    1378.944,
                    1080
                ]
            ]
        },
        {
            "ID": "3",
            "CLASS": "종이",
            "DETAILS": "종이",
            "DAMAGE": "완전압착",
            "DIRTINESS": "이물질(외부)",
            "COVER": "없음",
            "TRANSPARENCY": "불투명",
            "SHAPE": "박스형",
            "SHAPE_TYPE": "POLYGON",
            "POINTS": [
                [
                    795.072,
                    639.0360000000001
                ],
                [
                    787.968,
                    636.984
                ],
                [
                    772.032,
                    628.9920000000001
                ],
                [
                    750.912,
                    616.032
                ],
                [
                    744.96,
                    609.012
                ],
                [
                    734.976,
                    601.992
                ],
                [
                    720.96,
                    597.024
                ],
                [
                    681.984,
                    558.0360000000001
                ],
                [
                    677.952,
                    555.984
                ],
                [
                    677.952,
                    547.992
                ],
                [
                    667.968,
                    536.004
                ],
                [
                    663.936,
                    528.0120000000001
                ],
                [
                    662.016,
                    516.996
                ],
                [
                    657.984,
                    513
                ],
                [
                    657.984,
                    509.004
                ],
                [
                    654.912,
                    506.952
                ],
                [
                    642.048,
                    482.00399999999996
                ],
                [
                    633.984,
                    473.04
                ],
                [
                    629.952,
                    466.02
                ],
                [
                    629.952,
                    461.052
                ],
                [
                    654.912,
                    439.99199999999996
                ],
                [
                    705.984,
                    405
                ],
                [
                    755.904,
                    366.012
                ],
                [
                    771.072,
                    363.96000000000004
                ],
                [
                    796.032,
                    350.028
                ],
                [
                    807.936,
                    344.952
                ],
                [
                    816.96,
                    344.952
                ],
                [
                    825.984,
                    347.00399999999996
                ],
                [
                    834.048,
                    344.952
                ],
                [
                    836.928,
                    343.98
                ],
                [
                    849.024,
                    358.02000000000004
                ],
                [
                    870.912,
                    374.004
                ],
                [
                    888,
                    393.012
                ],
                [
                    900.096,
                    398.952
                ],
                [
                    906.048,
                    400.032
                ],
                [
                    916.032,
                    404.02799999999996
                ],
                [
                    925.056,
                    412.02
                ],
                [
                    927.936,
                    420.012
                ],
                [
                    925.056,
                    432
                ],
                [
                    925.056,
                    443.988
                ],
                [
                    929.088,
                    454.032
                ],
                [
                    941.952,
                    475.95599999999996
                ],
                [
                    941.952,
                    479.952
                ],
                [
                    931.008,
                    488.052
                ],
                [
                    927.936,
                    506.952
                ],
                [
                    917.952,
                    527.04
                ],
                [
                    916.032,
                    537.948
                ],
                [
                    906.048,
                    559.0079999999999
                ],
                [
                    902.976,
                    575.9639999999999
                ],
                [
                    892.9920000000001,
                    583.9559999999999
                ],
                [
                    891.072,
                    593.028
                ],
                [
                    887.0400000000001,
                    597.024
                ],
                [
                    883.0079999999999,
                    597.996
                ],
                [
                    878.016,
                    601.992
                ],
                [
                    873.984,
                    601.992
                ],
                [
                    825.024,
                    628.9920000000001
                ],
                [
                    805.056,
                    637.956
                ]
            ]
        },
        {
            "ID": "4",
            "CLASS": "종이",
            "DETAILS": "종이",
            "DAMAGE": "손상",
            "DIRTINESS": "오염없음",
            "COVER": "없음",
            "TRANSPARENCY": "불투명",
            "SHAPE": "종이컵형",
            "SHAPE_TYPE": "POLYGON",
            "POINTS": [
                [
                    283.968,
                    785.052
                ],
                [
                    281.088,
                    783
                ],
                [
                    272.06399999999996,
                    778.032
                ],
                [
                    259.96799999999996,
                    770.04
                ],
                [
                    250.94400000000002,
                    766.0440000000001
                ],
                [
                    206.01600000000002,
                    739.044
                ],
                [
                    198.912,
                    735.048
                ],
                [
                    190.08,
                    728.028
                ],
                [
                    181.05599999999998,
                    722.952
                ],
                [
                    177.024,
                    721.0079999999999
                ],
                [
                    173.952,
                    717.9839999999999
                ],
                [
                    167.04,
                    713.988
                ],
                [
                    163.96800000000002,
                    713.016
                ],
                [
                    162.048,
                    712.044
                ],
                [
                    158.976,
                    710.9639999999999
                ],
                [
                    157.05599999999998,
                    709.992
                ],
                [
                    153.98399999999998,
                    708.048
                ],
                [
                    153.024,
                    706.968
                ],
                [
                    153.024,
                    702.972
                ],
                [
                    158.976,
                    693.0360000000001
                ],
                [
                    162.048,
                    690.984
                ],
                [
                    162.048,
                    690.0120000000001
                ],
                [
                    164.928,
                    686.016
                ],
                [
                    164.928,
                    682.02
                ],
                [
                    169.92,
                    675
                ],
                [
                    171.072,
                    672.948
                ],
                [
                    177.024,
                    667.008
                ],
                [
                    178.94400000000002,
                    663.984
                ],
                [
                    181.05599999999998,
                    659.9879999999999
                ],
                [
                    183.93599999999998,
                    655.9920000000001
                ],
                [
                    192.96,
                    647.028
                ],
                [
                    196.03199999999998,
                    643.032
                ],
                [
                    198.912,
                    640.008
                ],
                [
                    201.984,
                    637.956
                ],
                [
                    206.976,
                    633.9599999999999
                ],
                [
                    211.00799999999998,
                    629.964
                ],
                [
                    225.984,
                    617.976
                ],
                [
                    231.936,
                    612.036
                ],
                [
                    254.016,
                    594.972
                ],
                [
                    263.04,
                    591.948
                ],
                [
                    268.992,
                    586.98
                ],
                [
                    270.91200000000003,
                    585.036
                ],
                [
                    272.06399999999996,
                    585.036
                ],
                [
                    274.94399999999996,
                    586.0079999999999
                ],
                [
                    277.05600000000004,
                    590.004
                ],
                [
                    277.05600000000004,
                    590.976
                ],
                [
                    278.016,
                    594
                ],
                [
                    283.008,
                    601.992
                ],
                [
                    289.92,
                    612.036
                ],
                [
                    292.992,
                    617.976
                ],
                [
                    296.064,
                    620.028
                ],
                [
                    299.904,
                    624.996
                ],
                [
                    302.01599999999996,
                    628.02
                ],
                [
                    312,
                    640.98
                ],
                [
                    312.96000000000004,
                    641.952
                ],
                [
                    313.92,
                    644.004
                ],
                [
                    336,
                    672.948
                ],
                [
                    340.992,
                    678.9960000000001
                ],
                [
                    340.992,
                    679.9680000000001
                ],
                [
                    349.056,
                    691.956
                ],
                [
                    351.936,
                    694.0079999999999
                ],
                [
                    360,
                    705.996
                ],
                [
                    360.96,
                    708.048
                ],
                [
                    360.96,
                    710.9639999999999
                ],
                [
                    360,
                    713.016
                ],
                [
                    356.928,
                    717.0120000000001
                ],
                [
                    354.048,
                    721.98
                ],
                [
                    350.01599999999996,
                    725.976
                ],
                [
                    347.904,
                    726.948
                ],
                [
                    340.03200000000004,
                    739.044
                ],
                [
                    337.91999999999996,
                    740.0160000000001
                ],
                [
                    337.91999999999996,
                    741.96
                ],
                [
                    335.03999999999996,
                    744.012
                ],
                [
                    334.08,
                    747.036
                ],
                [
                    331.968,
                    748.008
                ],
                [
                    330.048,
                    751.032
                ],
                [
                    329.08799999999997,
                    752.976
                ],
                [
                    322.94399999999996,
                    758.052
                ],
                [
                    307.96799999999996,
                    772.956
                ],
                [
                    302.976,
                    776.952
                ],
                [
                    298.944,
                    780.948
                ],
                [
                    292.992,
                    783.972
                ],
                [
                    291.072,
                    783.972
                ],
                [
                    287.03999999999996,
                    785.052
                ]
            ]
        }
    ]
}