{
    "IMAGE_INFO": {
        "FILE_NAME": "1033531@0_02001_221006_P1_T3__2716.jpg",
        "DATE": "2022-10-28 18:11:51",
        "RESOLUTION": "1920 x 1080",
        "IMAGE_PHOTOGRAPHER": "조신주",
        "FOCUS_DISTANCE": "8.0",
        "EXPOSURE_TIME": "1/160",
        "SENSITIVITY_ISO": "5000",
        "PLACE": "강북재활용센터",
        "REGION_NAME": null,
        "Direction": "0",
        "HEIGHT": "115",
        "DAY/NIGHT": "주간",
        "WEATHER": "맑음",
        "IMAGE_HEIGHT": 1080,
        "IMAGE_WIDTH": 1920,
        "IMAGE_SIZE": "591.6 KB"
    },
    "ANNOTATION_INFO": [
        {
            "ID": "1",
            "CLASS": "종이",
            "DETAILS": "종이",
            "DAMAGE": "완전압착",
            "DIRTINESS": "오염없음",
            "COVER": "없음",
            "TRANSPARENCY": "불투명",
            "SHAPE": "박스형",
            "SHAPE_TYPE": "POLYGON",
            "POINTS": [
                [
                    1602.048,
                    910.008
                ],
                [
                    1596.096,
                    907.956
                ],
                [
                    1593.024,
                    902.9879999999999
                ],
                [
                    1582.08,
                    899.964
                ],
                [
                    1579.9679999999998,
                    897.048
                ],
                [
                    1565.952,
                    895.968
                ],
                [
                    1556.9279999999999,
                    890.028
                ],
                [
                    1521.984,
                    878.04
                ],
                [
                    1516.032,
                    870.048
                ],
                [
                    1516.032,
                    861.948
                ],
                [
                    1539.072,
                    776.952
                ],
                [
                    1548.096,
                    759.996
                ],
                [
                    1561.92,
                    716.0400000000001
                ],
                [
                    1564.032,
                    686.9879999999999
                ],
                [
                    1569.984,
                    674.028
                ],
                [
                    1585.9199999999998,
                    674.028
                ],
                [
                    1598.9759999999999,
                    675
                ],
                [
                    1617.024,
                    679.9680000000001
                ],
                [
                    1636.032,
                    681.048
                ],
                [
                    1670.9759999999999,
                    687.96
                ],
                [
                    1674.048,
                    690.0120000000001
                ],
                [
                    1681.92,
                    710.9639999999999
                ],
                [
                    1676.9279999999999,
                    759.996
                ],
                [
                    1675.968,
                    763.9920000000001
                ],
                [
                    1670.9759999999999,
                    766.0440000000001
                ],
                [
                    1670.016,
                    776.952
                ],
                [
                    1659.072,
                    799.956
                ],
                [
                    1651.968,
                    840.024
                ],
                [
                    1646.976,
                    849.96
                ],
                [
                    1646.0159999999998,
                    861.948
                ],
                [
                    1637.952,
                    887.976
                ],
                [
                    1630.08,
                    902.9879999999999
                ],
                [
                    1623.936,
                    909.0360000000001
                ],
                [
                    1617.984,
                    910.008
                ],
                [
                    1602.048,
                    910.008
                ]
            ]
        },
        {
            "ID": "2",
            "CLASS": "종이",
            "DETAILS": "종이",
            "DAMAGE": "완전압착",
            "DIRTINESS": "오염없음",
            "COVER": "겹침",
            "TRANSPARENCY": "불투명",
            "SHAPE": "기타 형태",
            "SHAPE_TYPE": "POLYGON",
            "POINTS": [
                [
                    313.92,
                    401.976
                ],
                [
                    306.048,
                    400.032
                ],
                [
                    297.98400000000004,
                    393.012
                ],
                [
                    234.048,
                    317.952
                ],
                [
                    212.928,
                    297.972
                ],
                [
                    203.904,
                    296.028
                ],
                [
                    177.024,
                    267.948
                ],
                [
                    172.032,
                    259.956
                ],
                [
                    172.032,
                    250.02
                ],
                [
                    177.984,
                    227.988
                ],
                [
                    201.984,
                    197.964
                ],
                [
                    227.904,
                    172.04399999999998
                ],
                [
                    245.952,
                    159.948
                ],
                [
                    264,
                    154.008
                ],
                [
                    275.904,
                    151.956
                ],
                [
                    286.08,
                    151.956
                ],
                [
                    299.904,
                    153.036
                ],
                [
                    308.928,
                    162
                ],
                [
                    313.92,
                    169.99200000000002
                ],
                [
                    316.032,
                    189.972
                ],
                [
                    321.024,
                    200.988
                ],
                [
                    321.984,
                    219.024
                ],
                [
                    334.08,
                    254.016
                ],
                [
                    360,
                    280.044
                ],
                [
                    375.936,
                    301.968
                ],
                [
                    385.92,
                    309.96
                ],
                [
                    385.92,
                    324
                ],
                [
                    363.072,
                    362.988
                ],
                [
                    345.024,
                    381.024
                ],
                [
                    326.016,
                    396.036
                ],
                [
                    313.92,
                    401.976
                ]
            ]
        }
    ]
}