{
    "IMAGE_INFO": {
        "FILE_NAME": "1033479@0_02001_221006_P1_T3__2970.jpg",
        "DATE": "2022-10-28 18:12:32",
        "RESOLUTION": "1920 x 1080",
        "IMAGE_PHOTOGRAPHER": "조신주",
        "FOCUS_DISTANCE": "8.0",
        "EXPOSURE_TIME": "1/160",
        "SENSITIVITY_ISO": "5000",
        "PLACE": "강북재활용센터",
        "REGION_NAME": null,
        "Direction": "0",
        "HEIGHT": "115",
        "DAY/NIGHT": "주간",
        "WEATHER": "맑음",
        "IMAGE_HEIGHT": 1080,
        "IMAGE_WIDTH": 1920,
        "IMAGE_SIZE": "595.3 KB"
    },
    "ANNOTATION_INFO": [
        {
            "ID": "1",
            "CLASS": "종이",
            "DETAILS": "종이",
            "DAMAGE": "손상",
            "DIRTINESS": "이물질(외부)",
            "COVER": "겹침",
            "TRANSPARENCY": "불투명",
            "SHAPE": "낱장형",
            "SHAPE_TYPE": "POLYGON",
            "POINTS": [
                [
                    299.904,
                    658.044
                ],
                [
                    297.024,
                    656.9639999999999
                ],
                [
                    292.992,
                    651.996
                ],
                [
                    288.96,
                    624.996
                ],
                [
                    269.952,
                    610.956
                ],
                [
                    267.072,
                    594
                ],
                [
                    263.04,
                    590.004
                ],
                [
                    259.008,
                    578.988
                ],
                [
                    263.04,
                    570.996
                ],
                [
                    257.08799999999997,
                    564.948
                ],
                [
                    260.928,
                    563.976
                ],
                [
                    263.04,
                    570.024
                ],
                [
                    268.032,
                    570.996
                ],
                [
                    269.952,
                    574.992
                ],
                [
                    287.03999999999996,
                    585.036
                ],
                [
                    292.992,
                    585.036
                ],
                [
                    297.024,
                    579.96
                ],
                [
                    298.944,
                    571.968
                ],
                [
                    303.936,
                    566.028
                ],
                [
                    303.936,
                    562.0319999999999
                ],
                [
                    307.96799999999996,
                    559.9799999999999
                ],
                [
                    322.94399999999996,
                    559.9799999999999
                ],
                [
                    345.984,
                    555.0120000000001
                ],
                [
                    363.072,
                    547.992
                ],
                [
                    390.91200000000003,
                    540.972
                ],
                [
                    413.952,
                    536.976
                ],
                [
                    431.04,
                    528.984
                ],
                [
                    446.016,
                    524.0160000000001
                ],
                [
                    481.92,
                    521.964
                ],
                [
                    484.99199999999996,
                    517.9680000000001
                ],
                [
                    499.00800000000004,
                    516.996
                ],
                [
                    509.952,
                    508.032
                ],
                [
                    515.904,
                    506.952
                ],
                [
                    521.088,
                    502.956
                ],
                [
                    528.96,
                    501.984
                ],
                [
                    531.072,
                    498.96000000000004
                ],
                [
                    546.048,
                    492.048
                ],
                [
                    561.024,
                    479.952
                ],
                [
                    561.024,
                    454.032
                ],
                [
                    558.912,
                    447.984
                ],
                [
                    552.9599999999999,
                    443.016
                ],
                [
                    552,
                    431.028
                ],
                [
                    550.0799999999999,
                    428.976
                ],
                [
                    546.048,
                    431.028
                ],
                [
                    543.936,
                    435.996
                ],
                [
                    536.064,
                    440.964
                ],
                [
                    531.072,
                    435.996
                ],
                [
                    528.96,
                    425.952
                ],
                [
                    523.0079999999999,
                    420.012
                ],
                [
                    524.928,
                    408.996
                ],
                [
                    518.016,
                    401.976
                ],
                [
                    512.064,
                    400.032
                ],
                [
                    502.08000000000004,
                    392.03999999999996
                ],
                [
                    494.97599999999994,
                    381.99600000000004
                ],
                [
                    486.912,
                    377.028
                ],
                [
                    484.032,
                    371.952
                ],
                [
                    481.92,
                    361.044
                ],
                [
                    475.968,
                    351
                ],
                [
                    478.08,
                    335.988
                ],
                [
                    484.032,
                    334.04400000000004
                ],
                [
                    489.02399999999994,
                    328.96799999999996
                ],
                [
                    505.92,
                    327.99600000000004
                ],
                [
                    512.064,
                    324.972
                ],
                [
                    523.0079999999999,
                    324.972
                ],
                [
                    558.912,
                    328.96799999999996
                ],
                [
                    570.048,
                    332.964
                ],
                [
                    576,
                    336.96
                ],
                [
                    580.0319999999999,
                    343.008
                ],
                [
                    586.9440000000001,
                    346.03200000000004
                ],
                [
                    619.008,
                    351
                ],
                [
                    652.9920000000001,
                    351.97200000000004
                ],
                [
                    658.944,
                    347.976
                ],
                [
                    662.976,
                    340.95599999999996
                ],
                [
                    665.088,
                    324
                ],
                [
                    670.0799999999999,
                    312.984
                ],
                [
                    670.0799999999999,
                    307.044
                ],
                [
                    673.92,
                    301.968
                ],
                [
                    676.032,
                    285.984
                ],
                [
                    681.984,
                    270.97200000000004
                ],
                [
                    684.096,
                    270.97200000000004
                ],
                [
                    686.976,
                    270
                ],
                [
                    695.04,
                    273.024
                ],
                [
                    699.072,
                    277.992
                ],
                [
                    708.096,
                    285.012
                ],
                [
                    711.936,
                    285.984
                ],
                [
                    733.0559999999999,
                    304.99199999999996
                ],
                [
                    744,
                    327.99600000000004
                ],
                [
                    745.9200000000001,
                    361.044
                ],
                [
                    763.0079999999999,
                    408.996
                ],
                [
                    764.928,
                    432.972
                ],
                [
                    768.96,
                    444.96
                ],
                [
                    768.96,
                    459.972
                ],
                [
                    773.952,
                    479.952
                ],
                [
                    773.952,
                    516.024
                ],
                [
                    772.032,
                    520.992
                ],
                [
                    757.0559999999999,
                    532.98
                ],
                [
                    739.9680000000001,
                    551.9879999999999
                ],
                [
                    708.096,
                    574.02
                ],
                [
                    696.96,
                    578.988
                ],
                [
                    670.0799999999999,
                    582.0120000000001
                ],
                [
                    649.9200000000001,
                    589.032
                ],
                [
                    614.016,
                    594.972
                ],
                [
                    608.064,
                    597.996
                ],
                [
                    589.056,
                    600.048
                ],
                [
                    585.984,
                    602.964
                ],
                [
                    566.976,
                    605.0160000000001
                ],
                [
                    555.072,
                    609.012
                ],
                [
                    543.936,
                    609.9839999999999
                ],
                [
                    534.912,
                    613.98
                ],
                [
                    523.0079999999999,
                    614.952
                ],
                [
                    512.064,
                    618.9480000000001
                ],
                [
                    497.088,
                    620.028
                ],
                [
                    484.99199999999996,
                    624.024
                ],
                [
                    478.08,
                    624.024
                ],
                [
                    456.96,
                    628.9920000000001
                ],
                [
                    447.93600000000004,
                    632.9879999999999
                ],
                [
                    435.072,
                    633.9599999999999
                ],
                [
                    417.98400000000004,
                    639.0360000000001
                ],
                [
                    403.968,
                    640.008
                ],
                [
                    393.024,
                    644.004
                ],
                [
                    372.096,
                    648
                ],
                [
                    356.928,
                    648.972
                ],
                [
                    344.064,
                    652.9680000000001
                ],
                [
                    329.08799999999997,
                    654.048
                ],
                [
                    322.94399999999996,
                    656.9639999999999
                ]
            ]
        },
        {
            "ID": "2",
            "CLASS": "종이",
            "DETAILS": "종이",
            "DAMAGE": "원형",
            "DIRTINESS": "오염없음",
            "COVER": "없음",
            "TRANSPARENCY": "불투명",
            "SHAPE": "낱장형",
            "SHAPE_TYPE": "POLYGON",
            "POINTS": [
                [
                    851.904,
                    1080
                ],
                [
                    867.072,
                    942.948
                ],
                [
                    868.032,
                    909.0360000000001
                ],
                [
                    873.024,
                    871.02
                ],
                [
                    873.024,
                    856.98
                ],
                [
                    882.048,
                    795.96
                ],
                [
                    888.96,
                    729
                ],
                [
                    897.024,
                    686.016
                ],
                [
                    898.944,
                    655.0200000000001
                ],
                [
                    907.968,
                    597.996
                ],
                [
                    918.912,
                    500.04
                ],
                [
                    926.976,
                    456.948
                ],
                [
                    929.088,
                    424.98
                ],
                [
                    937.92,
                    358.02000000000004
                ],
                [
                    939.072,
                    327.99600000000004
                ],
                [
                    950.976,
                    243
                ],
                [
                    951.936,
                    223.01999999999998
                ],
                [
                    959.04,
                    184.03199999999998
                ],
                [
                    959.04,
                    170.964
                ],
                [
                    949.056,
                    110.052
                ],
                [
                    948.096,
                    89.964
                ],
                [
                    944.0640000000001,
                    73.98
                ],
                [
                    942.9119999999999,
                    56.052
                ],
                [
                    934.0799999999999,
                    0
                ],
                [
                    1006.08,
                    0
                ],
                [
                    1013.952,
                    208.98000000000002
                ],
                [
                    1017.984,
                    255.95999999999998
                ],
                [
                    1018.944,
                    308.016
                ],
                [
                    1022.9760000000001,
                    343.98
                ],
                [
                    1023.936,
                    397.98
                ],
                [
                    1027.968,
                    446.03999999999996
                ],
                [
                    1028.928,
                    504.036
                ],
                [
                    1032,
                    532.98
                ],
                [
                    1037.952,
                    675
                ],
                [
                    1041.984,
                    704.052
                ],
                [
                    1042.944,
                    733.968
                ],
                [
                    1041.984,
                    780.948
                ],
                [
                    1038.912,
                    798.984
                ],
                [
                    1037.952,
                    891
                ],
                [
                    1032.96,
                    947.052
                ],
                [
                    1032,
                    986.0400000000001
                ],
                [
                    1026.048,
                    1045.98
                ],
                [
                    1022.9760000000001,
                    1057.968
                ],
                [
                    1022.016,
                    1080
                ]
            ]
        }
    ]
}