{
    "IMAGE_INFO": {
        "FILE_NAME": "1033464@0_02001_221006_P1_T3__1232.jpg",
        "DATE": "2022-10-28 18:07:54",
        "RESOLUTION": "1920 x 1080",
        "IMAGE_PHOTOGRAPHER": "조신주",
        "FOCUS_DISTANCE": "8.0",
        "EXPOSURE_TIME": "1/160",
        "SENSITIVITY_ISO": "5000",
        "PLACE": "강북재활용센터",
        "REGION_NAME": null,
        "Direction": "0",
        "HEIGHT": "115",
        "DAY/NIGHT": "주간",
        "WEATHER": "맑음",
        "IMAGE_HEIGHT": 1080,
        "IMAGE_WIDTH": 1920,
        "IMAGE_SIZE": "526.8 KB"
    },
    "ANNOTATION_INFO": [
        {
            "ID": "1",
            "CLASS": "종이",
            "DETAILS": "종이",
            "DAMAGE": "완전압착",
            "DIRTINESS": "이물질(외부)",
            "COVER": "없음",
            "TRANSPARENCY": "불투명",
            "SHAPE": "박스형",
            "SHAPE_TYPE": "POLYGON",
            "POINTS": [
                [
                    556.032,
                    270
                ],
                [
                    545.088,
                    265.032
                ],
                [
                    539.904,
                    258.98400000000004
                ],
                [
                    537.024,
                    250.02
                ],
                [
                    537.024,
                    227.016
                ],
                [
                    541.056,
                    213.948
                ],
                [
                    545.088,
                    209.952
                ],
                [
                    552.9599999999999,
                    208.00799999999998
                ],
                [
                    572.928,
                    205.95600000000002
                ],
                [
                    585.024,
                    205.95600000000002
                ],
                [
                    590.976,
                    204.012
                ],
                [
                    590.976,
                    158.976
                ],
                [
                    591.936,
                    157.032
                ],
                [
                    599.04,
                    154.008
                ],
                [
                    606.912,
                    146.988
                ],
                [
                    614.976,
                    143.964
                ],
                [
                    633.984,
                    142.992
                ],
                [
                    680.0640000000001,
                    137.05200000000002
                ],
                [
                    695.04,
                    137.05200000000002
                ],
                [
                    700.992,
                    135
                ],
                [
                    716.928,
                    135
                ],
                [
                    766.08,
                    128.952
                ],
                [
                    779.904,
                    128.952
                ],
                [
                    795.072,
                    126.036
                ],
                [
                    811.968,
                    126.036
                ],
                [
                    820.0319999999999,
                    123.984
                ],
                [
                    835.008,
                    123.012
                ],
                [
                    855.9359999999999,
                    123.012
                ],
                [
                    863.04,
                    126.036
                ],
                [
                    865.9200000000001,
                    128.952
                ],
                [
                    875.904,
                    145.044
                ],
                [
                    879.9359999999999,
                    147.96
                ],
                [
                    886.08,
                    159.948
                ],
                [
                    892.032,
                    165.996
                ],
                [
                    896.064,
                    173.988
                ],
                [
                    896.064,
                    188.028
                ],
                [
                    902.016,
                    193.96800000000002
                ],
                [
                    902.016,
                    196.99200000000002
                ],
                [
                    903.936,
                    196.99200000000002
                ],
                [
                    900.096,
                    208.98000000000002
                ],
                [
                    892.032,
                    216
                ],
                [
                    889.9200000000001,
                    219.99599999999998
                ],
                [
                    888.96,
                    227.988
                ],
                [
                    877.0559999999999,
                    238.032
                ],
                [
                    873.024,
                    239.004
                ],
                [
                    870.912,
                    240.94799999999998
                ],
                [
                    859.008,
                    245.052
                ],
                [
                    849.9839999999999,
                    245.052
                ],
                [
                    830.0160000000001,
                    247.968
                ],
                [
                    820.0319999999999,
                    247.968
                ],
                [
                    814.0799999999999,
                    250.02
                ],
                [
                    788.928,
                    250.02
                ],
                [
                    782.016,
                    251.964
                ],
                [
                    750.912,
                    253.044
                ],
                [
                    740.928,
                    254.988
                ],
                [
                    725.952,
                    255.95999999999998
                ],
                [
                    713.088,
                    258.98400000000004
                ],
                [
                    702.9119999999999,
                    258.98400000000004
                ],
                [
                    691.968,
                    261.036
                ],
                [
                    673.92,
                    261.036
                ],
                [
                    638.016,
                    266.976
                ],
                [
                    591.936,
                    270
                ]
            ]
        },
        {
            "ID": "2",
            "CLASS": "종이",
            "DETAILS": "종이",
            "DAMAGE": "완전압착",
            "DIRTINESS": "이물질(외부)",
            "COVER": "겹침",
            "TRANSPARENCY": "불투명",
            "SHAPE": "박스형",
            "SHAPE_TYPE": "POLYGON",
            "POINTS": [
                [
                    946.9440000000001,
                    567
                ],
                [
                    940.992,
                    559.9799999999999
                ],
                [
                    940.992,
                    551.9879999999999
                ],
                [
                    935.04,
                    542.052
                ],
                [
                    935.04,
                    536.004
                ],
                [
                    924.096,
                    524.0160000000001
                ],
                [
                    924.096,
                    520.02
                ],
                [
                    916.032,
                    510.94800000000004
                ],
                [
                    916.032,
                    506.952
                ],
                [
                    898.944,
                    481.03200000000004
                ],
                [
                    891.072,
                    473.04
                ],
                [
                    891.072,
                    469.04400000000004
                ],
                [
                    883.0079999999999,
                    470.01599999999996
                ],
                [
                    881.088,
                    474.98400000000004
                ],
                [
                    869.952,
                    474.98400000000004
                ],
                [
                    864,
                    471.96
                ],
                [
                    835.008,
                    481.03200000000004
                ],
                [
                    804.096,
                    502.956
                ],
                [
                    771.072,
                    519.048
                ],
                [
                    763.0079999999999,
                    520.02
                ],
                [
                    757.0559999999999,
                    516.024
                ],
                [
                    745.9200000000001,
                    520.02
                ],
                [
                    738.048,
                    517.9680000000001
                ],
                [
                    728.064,
                    509.976
                ],
                [
                    713.088,
                    502.956
                ],
                [
                    680.0640000000001,
                    496.044
                ],
                [
                    663.936,
                    489.024
                ],
                [
                    638.976,
                    482.976
                ],
                [
                    624,
                    471.96
                ],
                [
                    625.9200000000001,
                    458.02799999999996
                ],
                [
                    629.952,
                    455.976
                ],
                [
                    644.928,
                    455.976
                ],
                [
                    652.9920000000001,
                    454.032
                ],
                [
                    687.936,
                    451.97999999999996
                ],
                [
                    709.056,
                    447.984
                ],
                [
                    724.0319999999999,
                    447.984
                ],
                [
                    729.9839999999999,
                    446.03999999999996
                ],
                [
                    792,
                    440.964
                ],
                [
                    835.008,
                    435.996
                ],
                [
                    854.016,
                    435.996
                ],
                [
                    869.952,
                    432.972
                ],
                [
                    881.088,
                    432.972
                ],
                [
                    1001.088,
                    420.012
                ],
                [
                    1021.056,
                    420.012
                ],
                [
                    1050.048,
                    416.01599999999996
                ],
                [
                    1070.9759999999999,
                    416.01599999999996
                ],
                [
                    1088.0639999999999,
                    412.992
                ],
                [
                    1124.9279999999999,
                    409.968
                ],
                [
                    1137.024,
                    409.968
                ],
                [
                    1147.968,
                    412.02
                ],
                [
                    1153.92,
                    415.044
                ],
                [
                    1156.032,
                    428.976
                ],
                [
                    1160.0639999999999,
                    435.996
                ],
                [
                    1160.0639999999999,
                    443.988
                ],
                [
                    1167.936,
                    455.976
                ],
                [
                    1179.072,
                    459.972
                ],
                [
                    1195.0079999999998,
                    459.972
                ],
                [
                    1199.0400000000002,
                    463.96799999999996
                ],
                [
                    1203.0720000000001,
                    463.96799999999996
                ],
                [
                    1208.0639999999999,
                    467.964
                ],
                [
                    1209.984,
                    477.036
                ],
                [
                    1214.0159999999998,
                    482.00399999999996
                ],
                [
                    1211.904,
                    515.052
                ],
                [
                    1214.0159999999998,
                    524.9879999999999
                ],
                [
                    1211.904,
                    529.956
                ],
                [
                    1196.9279999999999,
                    542.052
                ],
                [
                    1185.024,
                    546.048
                ],
                [
                    1171.968,
                    547.992
                ],
                [
                    1132.992,
                    548.9639999999999
                ],
                [
                    1118.9759999999999,
                    551.9879999999999
                ],
                [
                    1098.048,
                    551.9879999999999
                ],
                [
                    1085.952,
                    555.0120000000001
                ],
                [
                    1040.0639999999999,
                    559.9799999999999
                ],
                [
                    1012.992,
                    560.952
                ],
                [
                    997.0559999999999,
                    563.976
                ]
            ]
        }
    ]
}