{
    "IMAGE_INFO": {
        "FILE_NAME": "1033435@0_02001_221006_P1_T3__2878.jpg",
        "DATE": "2022-10-28 18:12:17",
        "RESOLUTION": "1920 x 1080",
        "IMAGE_PHOTOGRAPHER": "조신주",
        "FOCUS_DISTANCE": "8.0",
        "EXPOSURE_TIME": "1/160",
        "SENSITIVITY_ISO": "5000",
        "PLACE": "강북재활용센터",
        "REGION_NAME": null,
        "Direction": "0",
        "HEIGHT": "115",
        "DAY/NIGHT": "주간",
        "WEATHER": "맑음",
        "IMAGE_HEIGHT": 1080,
        "IMAGE_WIDTH": 1920,
        "IMAGE_SIZE": "627.7 KB"
    },
    "ANNOTATION_INFO": [
        {
            "ID": "1",
            "CLASS": "종이",
            "DETAILS": "종이",
            "DAMAGE": "완전압착",
            "DIRTINESS": "이물질(외부)",
            "COVER": "겹침",
            "TRANSPARENCY": "불투명",
            "SHAPE": "종이컵형",
            "SHAPE_TYPE": "POLYGON",
            "POINTS": [
                [
                    1430.016,
                    1049.9759999999999
                ],
                [
                    1400.0639999999999,
                    1049.0040000000001
                ],
                [
                    1390.08,
                    1026.972
                ],
                [
                    1387.968,
                    1014.9839999999999
                ],
                [
                    1377.984,
                    999
                ],
                [
                    1363.968,
                    1009.044
                ],
                [
                    1338.048,
                    1042.956
                ],
                [
                    1325.952,
                    1044.036
                ],
                [
                    1316.9279999999999,
                    1048.0320000000002
                ],
                [
                    1311.9360000000001,
                    1048.0320000000002
                ],
                [
                    1310.9759999999999,
                    1045.98
                ],
                [
                    1304.064,
                    1045.98
                ],
                [
                    1300.0320000000002,
                    1044.036
                ],
                [
                    1295.04,
                    1036.044
                ],
                [
                    1291.968,
                    1026
                ],
                [
                    1292.9279999999999,
                    1017.036
                ],
                [
                    1306.944,
                    996.948
                ],
                [
                    1314.048,
                    980.9639999999999
                ],
                [
                    1319.0400000000002,
                    951.048
                ],
                [
                    1342.08,
                    906.012
                ],
                [
                    1343.04,
                    898.9920000000001
                ],
                [
                    1349.952,
                    890.028
                ],
                [
                    1366.08,
                    880.956
                ],
                [
                    1411.008,
                    883.008
                ],
                [
                    1420.992,
                    879.012
                ],
                [
                    1435.0079999999998,
                    878.04
                ],
                [
                    1446.912,
                    879.9839999999999
                ],
                [
                    1454.0159999999998,
                    887.976
                ],
                [
                    1460.928,
                    937.98
                ],
                [
                    1454.0159999999998,
                    1021.032
                ],
                [
                    1449.0240000000001,
                    1041.012
                ],
                [
                    1430.016,
                    1049.9759999999999
                ]
            ]
        }
    ]
}