{
    "IMAGE_INFO": {
        "FILE_NAME": "1033500@0_02001_221006_P1_T3__2687.jpg",
        "DATE": "2022-10-28 18:11:46",
        "RESOLUTION": "1920 x 1080",
        "IMAGE_PHOTOGRAPHER": "조신주",
        "FOCUS_DISTANCE": "8.0",
        "EXPOSURE_TIME": "1/160",
        "SENSITIVITY_ISO": "5000",
        "PLACE": "강북재활용센터",
        "REGION_NAME": null,
        "Direction": "0",
        "HEIGHT": "115",
        "DAY/NIGHT": "주간",
        "WEATHER": "맑음",
        "IMAGE_HEIGHT": 1080,
        "IMAGE_WIDTH": 1920,
        "IMAGE_SIZE": "669.7 KB"
    },
    "ANNOTATION_INFO": [
        {
            "ID": "1",
            "CLASS": "종이",
            "DETAILS": "종이",
            "DAMAGE": "완전압착",
            "DIRTINESS": "오염없음",
            "COVER": "없음",
            "TRANSPARENCY": "불투명",
            "SHAPE": "박스형",
            "SHAPE_TYPE": "POLYGON",
            "POINTS": [
                [
                    503.04,
                    893.052
                ],
                [
                    499.00800000000004,
                    891.972
                ],
                [
                    497.088,
                    890.028
                ],
                [
                    481.92,
                    870.048
                ],
                [
                    470.01599999999996,
                    857.952
                ],
                [
                    462.91200000000003,
                    845.9639999999999
                ],
                [
                    455.03999999999996,
                    834.948
                ],
                [
                    451.968,
                    825.984
                ],
                [
                    450.048,
                    824.04
                ],
                [
                    446.016,
                    816.048
                ],
                [
                    437.952,
                    807.948
                ],
                [
                    436.992,
                    803.952
                ],
                [
                    431.04,
                    794.9879999999999
                ],
                [
                    430.08,
                    790.9920000000001
                ],
                [
                    431.04,
                    782.028
                ],
                [
                    432.96000000000004,
                    778.032
                ],
                [
                    441.984,
                    771.984
                ],
                [
                    455.03999999999996,
                    760.968
                ],
                [
                    474.048,
                    748.008
                ],
                [
                    490.94399999999996,
                    736.992
                ],
                [
                    498.04800000000006,
                    733.968
                ],
                [
                    517.0559999999999,
                    721.98
                ],
                [
                    517.0559999999999,
                    721.0079999999999
                ],
                [
                    529.9200000000001,
                    712.044
                ],
                [
                    562.9440000000001,
                    694.0079999999999
                ],
                [
                    576,
                    687.96
                ],
                [
                    580.0319999999999,
                    685.044
                ],
                [
                    584.0640000000001,
                    685.044
                ],
                [
                    591.936,
                    681.048
                ],
                [
                    598.08,
                    675.972
                ],
                [
                    603.072,
                    672.948
                ],
                [
                    623.04,
                    664.956
                ],
                [
                    627.072,
                    664.956
                ],
                [
                    634.944,
                    670.0319999999999
                ],
                [
                    648,
                    689.04
                ],
                [
                    651.072,
                    694.0079999999999
                ],
                [
                    652.9920000000001,
                    699.948
                ],
                [
                    657.984,
                    705.996
                ],
                [
                    660.096,
                    710.9639999999999
                ],
                [
                    667.968,
                    724.032
                ],
                [
                    677.952,
                    736.02
                ],
                [
                    691.968,
                    760.968
                ],
                [
                    692.928,
                    767.0160000000001
                ],
                [
                    691.968,
                    768.9599999999999
                ],
                [
                    690.048,
                    770.04
                ],
                [
                    687.936,
                    772.956
                ],
                [
                    671.04,
                    785.052
                ],
                [
                    657.984,
                    791.9639999999999
                ],
                [
                    651.072,
                    797.04
                ],
                [
                    648,
                    801.0360000000001
                ],
                [
                    643.0079999999999,
                    805.0319999999999
                ],
                [
                    608.064,
                    829.0079999999999
                ],
                [
                    579.072,
                    847.044
                ],
                [
                    571.968,
                    849.96
                ],
                [
                    547.0079999999999,
                    867.024
                ],
                [
                    541.056,
                    870.048
                ],
                [
                    536.064,
                    871.02
                ],
                [
                    529.9200000000001,
                    874.044
                ],
                [
                    513.024,
                    887.004
                ],
                [
                    504.96000000000004,
                    891
                ]
            ]
        },
        {
            "ID": "2",
            "CLASS": "종이",
            "DETAILS": "종이",
            "DAMAGE": "원형",
            "DIRTINESS": "이물질(외부)",
            "COVER": "겹침",
            "TRANSPARENCY": "불투명",
            "SHAPE": "낱장형",
            "SHAPE_TYPE": "POLYGON",
            "POINTS": [
                [
                    172.032,
                    1080
                ],
                [
                    172.032,
                    999.972
                ],
                [
                    173.952,
                    983.988
                ],
                [
                    172.032,
                    972.972
                ],
                [
                    173.952,
                    967.0319999999999
                ],
                [
                    172.032,
                    942.948
                ],
                [
                    177.024,
                    918
                ],
                [
                    181.05599999999998,
                    906.984
                ],
                [
                    185.088,
                    902.0160000000001
                ],
                [
                    187.968,
                    883.008
                ],
                [
                    193.92000000000002,
                    868.968
                ],
                [
                    195.072,
                    844.02
                ],
                [
                    201.024,
                    826.956
                ],
                [
                    201.024,
                    817.02
                ],
                [
                    207.93599999999998,
                    794.016
                ],
                [
                    210.048,
                    776.952
                ],
                [
                    216.96,
                    748.008
                ],
                [
                    227.904,
                    724.032
                ],
                [
                    230.01600000000002,
                    709.992
                ],
                [
                    249.984,
                    671.0039999999999
                ],
                [
                    255.936,
                    664.956
                ],
                [
                    264.96000000000004,
                    663.0120000000001
                ],
                [
                    278.976,
                    663.984
                ],
                [
                    298.944,
                    667.98
                ],
                [
                    313.92,
                    672.948
                ],
                [
                    325.05600000000004,
                    674.028
                ],
                [
                    337.91999999999996,
                    679.9680000000001
                ],
                [
                    346.944,
                    679.9680000000001
                ],
                [
                    364.99199999999996,
                    683.9639999999999
                ],
                [
                    392.06399999999996,
                    691.956
                ],
                [
                    421.056,
                    694.0079999999999
                ],
                [
                    432,
                    698.004
                ],
                [
                    440.06399999999996,
                    698.004
                ],
                [
                    457.91999999999996,
                    702.972
                ],
                [
                    486.912,
                    706.968
                ],
                [
                    495.9359999999999,
                    706.968
                ],
                [
                    498.04800000000006,
                    705.024
                ],
                [
                    507.072,
                    705.024
                ],
                [
                    502.08000000000004,
                    708.048
                ],
                [
                    502.08000000000004,
                    709.992
                ],
                [
                    504.96000000000004,
                    713.016
                ],
                [
                    513.984,
                    713.988
                ],
                [
                    515.904,
                    717.9839999999999
                ],
                [
                    513.984,
                    724.032
                ],
                [
                    483.072,
                    744.012
                ],
                [
                    465.024,
                    759.996
                ],
                [
                    454.08,
                    764.964
                ],
                [
                    441.024,
                    775.008
                ],
                [
                    432,
                    786.024
                ],
                [
                    433.92,
                    798.0120000000001
                ],
                [
                    441.024,
                    806.0039999999999
                ],
                [
                    442.94399999999996,
                    810.972
                ],
                [
                    449.08799999999997,
                    816.048
                ],
                [
                    460.03200000000004,
                    837
                ],
                [
                    470.976,
                    848.016
                ],
                [
                    478.08,
                    859.032
                ],
                [
                    483.072,
                    871.992
                ],
                [
                    495.9359999999999,
                    887.004
                ],
                [
                    503.04,
                    891.972
                ],
                [
                    510.91200000000003,
                    891
                ],
                [
                    523.0079999999999,
                    879.012
                ],
                [
                    524.928,
                    879.012
                ],
                [
                    539.904,
                    871.02
                ],
                [
                    542.976,
                    871.02
                ],
                [
                    552.9599999999999,
                    864
                ],
                [
                    556.032,
                    859.032
                ],
                [
                    569.088,
                    852.0120000000001
                ],
                [
                    576,
                    844.02
                ],
                [
                    584.0640000000001,
                    840.996
                ],
                [
                    590.976,
                    833.976
                ],
                [
                    610.944,
                    822.96
                ],
                [
                    628.992,
                    810.972
                ],
                [
                    651.072,
                    803.952
                ],
                [
                    651.072,
                    821.016
                ],
                [
                    657.984,
                    828.0360000000001
                ],
                [
                    666.048,
                    833.004
                ],
                [
                    681.984,
                    851.0400000000001
                ],
                [
                    689.088,
                    861.948
                ],
                [
                    691.008,
                    871.02
                ],
                [
                    695.04,
                    874.044
                ],
                [
                    696,
                    882.036
                ],
                [
                    701.952,
                    886.032
                ],
                [
                    709.056,
                    897.048
                ],
                [
                    705.984,
                    918
                ],
                [
                    706.9440000000001,
                    937.98
                ],
                [
                    713.088,
                    947.052
                ],
                [
                    713.088,
                    956.016
                ],
                [
                    716.928,
                    961.956
                ],
                [
                    716.928,
                    968.004
                ],
                [
                    713.088,
                    975.024
                ],
                [
                    710.976,
                    986.0400000000001
                ],
                [
                    706.9440000000001,
                    990.036
                ],
                [
                    705.984,
                    999
                ],
                [
                    697.92,
                    1010.0160000000001
                ],
                [
                    697.92,
                    1014.012
                ],
                [
                    691.008,
                    1023.9480000000001
                ],
                [
                    689.088,
                    1032.048
                ],
                [
                    684.096,
                    1040.04
                ],
                [
                    684.096,
                    1044.036
                ],
                [
                    660.096,
                    1080
                ]
            ]
        }
    ]
}