{
    "IMAGE_INFO": {
        "FILE_NAME": "1033519@0_02001_221006_P1_T3__1205.jpg",
        "DATE": "2022-10-28 18:07:50",
        "RESOLUTION": "1920 x 1080",
        "IMAGE_PHOTOGRAPHER": "조신주",
        "FOCUS_DISTANCE": "8.0",
        "EXPOSURE_TIME": "1/160",
        "SENSITIVITY_ISO": "5000",
        "PLACE": "강북재활용센터",
        "REGION_NAME": null,
        "Direction": "0",
        "HEIGHT": "115",
        "DAY/NIGHT": "주간",
        "WEATHER": "맑음",
        "IMAGE_HEIGHT": 1080,
        "IMAGE_WIDTH": 1920,
        "IMAGE_SIZE": "579.6 KB"
    },
    "ANNOTATION_INFO": [
        {
            "ID": "1",
            "CLASS": "종이",
            "DETAILS": "종이",
            "DAMAGE": "원형",
            "DIRTINESS": "오염없음",
            "COVER": "겹침",
            "TRANSPARENCY": "불투명",
            "SHAPE": "낱장형",
            "SHAPE_TYPE": "POLYGON",
            "POINTS": [
                [
                    577.92,
                    857.952
                ],
                [
                    562.9440000000001,
                    855.036
                ],
                [
                    560.0640000000001,
                    852.9839999999999
                ],
                [
                    551.04,
                    851.0400000000001
                ],
                [
                    503.04,
                    851.0400000000001
                ],
                [
                    489.02399999999994,
                    848.016
                ],
                [
                    478.08,
                    844.992
                ],
                [
                    462.91200000000003,
                    839.052
                ],
                [
                    442.94399999999996,
                    828.0360000000001
                ],
                [
                    430.08,
                    822.96
                ],
                [
                    414.912,
                    812.052
                ],
                [
                    403.008,
                    799.956
                ],
                [
                    374.976,
                    756.972
                ],
                [
                    369.98400000000004,
                    736.992
                ],
                [
                    369.98400000000004,
                    721.0079999999999
                ],
                [
                    374.016,
                    702
                ],
                [
                    374.976,
                    674.028
                ],
                [
                    384,
                    644.004
                ],
                [
                    402.048,
                    617.004
                ],
                [
                    422.976,
                    596.0519999999999
                ],
                [
                    428.928,
                    586.0079999999999
                ],
                [
                    445.05600000000004,
                    571.968
                ],
                [
                    446.976,
                    560.952
                ],
                [
                    451.008,
                    555.984
                ],
                [
                    456,
                    554.04
                ],
                [
                    462.91200000000003,
                    554.04
                ],
                [
                    474.048,
                    562.0319999999999
                ],
                [
                    480.96,
                    564.948
                ],
                [
                    494.97599999999994,
                    564.948
                ],
                [
                    512.064,
                    562.0319999999999
                ],
                [
                    533.952,
                    563.004
                ],
                [
                    552,
                    567
                ],
                [
                    582.9119999999999,
                    579.96
                ],
                [
                    600.96,
                    590.976
                ],
                [
                    627.072,
                    613.98
                ],
                [
                    644.928,
                    636.984
                ],
                [
                    647.0400000000001,
                    645.948
                ],
                [
                    653.952,
                    655.0200000000001
                ],
                [
                    653.952,
                    660.96
                ],
                [
                    660.096,
                    679.9680000000001
                ],
                [
                    660.096,
                    686.016
                ],
                [
                    656.064,
                    694.9799999999999
                ],
                [
                    658.944,
                    704.052
                ],
                [
                    656.064,
                    709.02
                ],
                [
                    654.912,
                    717.0120000000001
                ],
                [
                    643.0079999999999,
                    721.0079999999999
                ],
                [
                    642.048,
                    724.032
                ],
                [
                    633.024,
                    731.0519999999999
                ],
                [
                    630.912,
                    737.964
                ],
                [
                    628.992,
                    737.964
                ],
                [
                    627.072,
                    745.956
                ],
                [
                    619.9680000000001,
                    755.028
                ],
                [
                    610.944,
                    776.952
                ],
                [
                    609.9839999999999,
                    786.024
                ],
                [
                    605.952,
                    794.9879999999999
                ],
                [
                    600,
                    817.992
                ],
                [
                    600,
                    828.0360000000001
                ],
                [
                    596.928,
                    837
                ],
                [
                    586.9440000000001,
                    852.9839999999999
                ],
                [
                    577.92,
                    857.952
                ]
            ]
        }
    ]
}