{
    "IMAGE_INFO": {
        "FILE_NAME": "1033332@0_02001_221006_P1_T3__1466.jpg",
        "DATE": "2022-10-28 18:08:32",
        "RESOLUTION": "1920 x 1080",
        "IMAGE_PHOTOGRAPHER": "조신주",
        "FOCUS_DISTANCE": "8.0",
        "EXPOSURE_TIME": "1/160",
        "SENSITIVITY_ISO": "5000",
        "PLACE": "강북재활용센터",
        "REGION_NAME": null,
        "Direction": "0",
        "HEIGHT": "115",
        "DAY/NIGHT": "주간",
        "WEATHER": "맑음",
        "IMAGE_HEIGHT": 1080,
        "IMAGE_WIDTH": 1920,
        "IMAGE_SIZE": "569.9 KB"
    },
    "ANNOTATION_INFO": [
        {
            "ID": "1",
            "CLASS": "종이",
            "DETAILS": "종이",
            "DAMAGE": "원형",
            "DIRTINESS": "오염없음",
            "COVER": "없음",
            "TRANSPARENCY": "불투명",
            "SHAPE": "박스형",
            "SHAPE_TYPE": "POLYGON",
            "POINTS": [
                [
                    936.96,
                    983.988
                ],
                [
                    936,
                    983.016
                ],
                [
                    926.016,
                    983.016
                ],
                [
                    915.072,
                    980.9639999999999
                ],
                [
                    907.968,
                    980.9639999999999
                ],
                [
                    879.9359999999999,
                    974.052
                ],
                [
                    872.064,
                    974.052
                ],
                [
                    863.04,
                    971.028
                ],
                [
                    850.944,
                    969.948
                ],
                [
                    844.0319999999999,
                    968.004
                ],
                [
                    829.056,
                    968.976
                ],
                [
                    815.04,
                    960.984
                ],
                [
                    792,
                    953.9639999999999
                ],
                [
                    785.088,
                    953.9639999999999
                ],
                [
                    774.912,
                    951.048
                ],
                [
                    763.968,
                    949.9680000000001
                ],
                [
                    749.952,
                    951.048
                ],
                [
                    742.08,
                    949.9680000000001
                ],
                [
                    739.9680000000001,
                    948.024
                ],
                [
                    739.9680000000001,
                    941.0039999999999
                ],
                [
                    720,
                    929.016
                ],
                [
                    720.96,
                    918.972
                ],
                [
                    718.08,
                    913.032
                ],
                [
                    718.08,
                    906.984
                ],
                [
                    724.992,
                    894.996
                ],
                [
                    739.008,
                    852.9839999999999
                ],
                [
                    740.928,
                    841.968
                ],
                [
                    744,
                    837.972
                ],
                [
                    748.992,
                    822.96
                ],
                [
                    759.9359999999999,
                    776.952
                ],
                [
                    763.0079999999999,
                    772.956
                ],
                [
                    773.952,
                    766.0440000000001
                ],
                [
                    787.0079999999999,
                    762.048
                ],
                [
                    797.952,
                    762.048
                ],
                [
                    835.9680000000001,
                    767.0160000000001
                ],
                [
                    863.04,
                    774.0360000000001
                ],
                [
                    888,
                    778.032
                ],
                [
                    926.976,
                    786.996
                ],
                [
                    931.008,
                    786.996
                ],
                [
                    950.976,
                    793.044
                ],
                [
                    960.9599999999999,
                    794.016
                ],
                [
                    978.0479999999999,
                    798.984
                ],
                [
                    996.0960000000001,
                    810
                ],
                [
                    1014.9119999999999,
                    830.952
                ],
                [
                    1017.0239999999999,
                    844.02
                ],
                [
                    1014.9119999999999,
                    856.0079999999999
                ],
                [
                    1003.9680000000001,
                    879.012
                ],
                [
                    998.976,
                    902.0160000000001
                ],
                [
                    996.0960000000001,
                    911.952
                ],
                [
                    993.024,
                    915.948
                ],
                [
                    992.0640000000001,
                    937.98
                ],
                [
                    984.96,
                    952.992
                ],
                [
                    983.04,
                    967.0319999999999
                ],
                [
                    982.0799999999999,
                    968.976
                ],
                [
                    974.9760000000001,
                    971.028
                ],
                [
                    974.016,
                    972.972
                ],
                [
                    969.0240000000001,
                    974.052
                ],
                [
                    960,
                    979.02
                ],
                [
                    945.984,
                    983.988
                ]
            ]
        }
    ]
}