{
    "IMAGE_INFO": {
        "FILE_NAME": "1033331@0_02001_221006_P1_T3__1369.jpg",
        "DATE": "2022-10-28 18:08:16",
        "RESOLUTION": "1920 x 1080",
        "IMAGE_PHOTOGRAPHER": "조신주",
        "FOCUS_DISTANCE": "8.0",
        "EXPOSURE_TIME": "1/160",
        "SENSITIVITY_ISO": "5000",
        "PLACE": "강북재활용센터",
        "REGION_NAME": null,
        "Direction": "0",
        "HEIGHT": "115",
        "DAY/NIGHT": "주간",
        "WEATHER": "맑음",
        "IMAGE_HEIGHT": 1080,
        "IMAGE_WIDTH": 1920,
        "IMAGE_SIZE": "547.7 KB"
    },
    "ANNOTATION_INFO": [
        {
            "ID": "1",
            "CLASS": "종이",
            "DETAILS": "종이",
            "DAMAGE": "원형",
            "DIRTINESS": "오염없음",
            "COVER": "없음",
            "TRANSPARENCY": "불투명",
            "SHAPE": "낱장형",
            "SHAPE_TYPE": "POLYGON",
            "POINTS": [
                [
                    403.968,
                    930.96
                ],
                [
                    402.048,
                    929.9879999999999
                ],
                [
                    402.048,
                    928.044
                ],
                [
                    401.088,
                    928.044
                ],
                [
                    401.088,
                    918.972
                ],
                [
                    399.93600000000004,
                    918
                ],
                [
                    399.93600000000004,
                    910.008
                ],
                [
                    397.05600000000004,
                    902.0160000000001
                ],
                [
                    394.94399999999996,
                    860.004
                ],
                [
                    394.94399999999996,
                    848.016
                ],
                [
                    395.904,
                    845.9639999999999
                ],
                [
                    411.072,
                    843.048
                ],
                [
                    430.08,
                    841.968
                ],
                [
                    446.016,
                    839.052
                ],
                [
                    473.088,
                    837.972
                ],
                [
                    480,
                    840.024
                ],
                [
                    484.032,
                    840.024
                ],
                [
                    489.984,
                    837
                ],
                [
                    515.904,
                    833.004
                ],
                [
                    523.0079999999999,
                    833.004
                ],
                [
                    558.912,
                    829.0079999999999
                ],
                [
                    577.92,
                    829.0079999999999
                ],
                [
                    580.992,
                    828.0360000000001
                ],
                [
                    582.9119999999999,
                    826.956
                ],
                [
                    591.936,
                    828.0360000000001
                ],
                [
                    603.072,
                    837.972
                ],
                [
                    604.992,
                    840.996
                ],
                [
                    605.952,
                    847.044
                ],
                [
                    605.952,
                    870.048
                ],
                [
                    610.944,
                    891.972
                ],
                [
                    610.944,
                    902.0160000000001
                ],
                [
                    609.9839999999999,
                    906.012
                ],
                [
                    609.024,
                    907.956
                ],
                [
                    605.952,
                    910.008
                ],
                [
                    595.9680000000001,
                    910.008
                ],
                [
                    590.0160000000001,
                    911.952
                ],
                [
                    582.9119999999999,
                    913.032
                ],
                [
                    574.0799999999999,
                    913.032
                ],
                [
                    562.9440000000001,
                    915.948
                ],
                [
                    556.032,
                    915.948
                ],
                [
                    546.048,
                    918
                ],
                [
                    529.9200000000001,
                    918
                ],
                [
                    523.968,
                    920.052
                ],
                [
                    508.992,
                    920.052
                ],
                [
                    486.912,
                    922.9680000000001
                ],
                [
                    480,
                    922.9680000000001
                ],
                [
                    462.91200000000003,
                    925.9920000000001
                ],
                [
                    450.048,
                    925.9920000000001
                ],
                [
                    444.096,
                    928.044
                ],
                [
                    437.952,
                    928.044
                ],
                [
                    426.048,
                    929.9879999999999
                ],
                [
                    414.912,
                    930.96
                ],
                [
                    403.968,
                    930.96
                ]
            ]
        },
        {
            "ID": "2",
            "CLASS": "종이",
            "DETAILS": "종이",
            "DAMAGE": "원형",
            "DIRTINESS": "오염없음",
            "COVER": "겹침",
            "TRANSPARENCY": "불투명",
            "SHAPE": "종이컵형",
            "SHAPE_TYPE": "POLYGON",
            "POINTS": [
                [
                    1118.9759999999999,
                    575.9639999999999
                ],
                [
                    1113.024,
                    567.972
                ],
                [
                    1104.96,
                    543.9960000000001
                ],
                [
                    1100.928,
                    521.964
                ],
                [
                    1103.04,
                    513
                ],
                [
                    1099.008,
                    482.976
                ],
                [
                    1094.976,
                    474.012
                ],
                [
                    1086.912,
                    470.988
                ],
                [
                    1086.912,
                    456.948
                ],
                [
                    1093.056,
                    459.972
                ],
                [
                    1108.992,
                    459
                ],
                [
                    1157.952,
                    467.964
                ],
                [
                    1181.952,
                    474.98400000000004
                ],
                [
                    1200,
                    483.948
                ],
                [
                    1222.08,
                    492.048
                ],
                [
                    1251.072,
                    497.988
                ],
                [
                    1265.0880000000002,
                    498.96000000000004
                ],
                [
                    1271.04,
                    505.98
                ],
                [
                    1272.96,
                    513
                ],
                [
                    1271.04,
                    516.024
                ],
                [
                    1275.0720000000001,
                    520.02
                ],
                [
                    1285.056,
                    520.02
                ],
                [
                    1286.976,
                    521.964
                ],
                [
                    1282.944,
                    528.0120000000001
                ],
                [
                    1282.944,
                    536.004
                ],
                [
                    1292.9279999999999,
                    532.98
                ],
                [
                    1296.96,
                    535.032
                ],
                [
                    1300.992,
                    535.032
                ],
                [
                    1305.024,
                    531.0360000000001
                ],
                [
                    1313.088,
                    528.0120000000001
                ],
                [
                    1319.0400000000002,
                    528.0120000000001
                ],
                [
                    1326.912,
                    532.98
                ],
                [
                    1329.0240000000001,
                    540.972
                ],
                [
                    1333.056,
                    543.9960000000001
                ],
                [
                    1333.056,
                    567.972
                ],
                [
                    1316.9279999999999,
                    570.024
                ],
                [
                    1272.96,
                    569.052
                ],
                [
                    1257.024,
                    570.996
                ],
                [
                    1244.9279999999999,
                    570.996
                ],
                [
                    1238.016,
                    569.052
                ],
                [
                    1225.9199999999998,
                    571.968
                ],
                [
                    1147.008,
                    573.048
                ],
                [
                    1118.9759999999999,
                    575.9639999999999
                ]
            ]
        },
        {
            "ID": "3",
            "CLASS": "종이",
            "DETAILS": "종이",
            "DAMAGE": "손상",
            "DIRTINESS": "오염없음",
            "COVER": "없음",
            "TRANSPARENCY": "불투명",
            "SHAPE": "낱장형",
            "SHAPE_TYPE": "POLYGON",
            "POINTS": [
                [
                    849.024,
                    307.044
                ],
                [
                    844.0319999999999,
                    300.996
                ],
                [
                    831.936,
                    296.028
                ],
                [
                    810.048,
                    293.00399999999996
                ],
                [
                    782.016,
                    284.04
                ],
                [
                    774.912,
                    277.992
                ],
                [
                    764.928,
                    274.968
                ],
                [
                    738.048,
                    274.968
                ],
                [
                    696,
                    278.964
                ],
                [
                    630.912,
                    273.996
                ],
                [
                    624,
                    270.97200000000004
                ],
                [
                    590.976,
                    265.032
                ],
                [
                    543.936,
                    243.97199999999998
                ],
                [
                    522.048,
                    238.032
                ],
                [
                    502.08000000000004,
                    235.00799999999998
                ],
                [
                    489.984,
                    227.988
                ],
                [
                    441.984,
                    216
                ],
                [
                    435.072,
                    212.004
                ],
                [
                    427.96799999999996,
                    211.03199999999998
                ],
                [
                    398.016,
                    199.04399999999998
                ],
                [
                    365.952,
                    196.99200000000002
                ],
                [
                    340.992,
                    192.024
                ],
                [
                    301.056,
                    173.988
                ],
                [
                    283.968,
                    158.00400000000002
                ],
                [
                    283.968,
                    149.04000000000002
                ],
                [
                    265.92,
                    138.996
                ],
                [
                    265.92,
                    132.948
                ],
                [
                    278.976,
                    126.036
                ],
                [
                    278.976,
                    111.996
                ],
                [
                    270.91200000000003,
                    93.96
                ],
                [
                    278.976,
                    89.964
                ],
                [
                    316.032,
                    85.968
                ],
                [
                    331.008,
                    80.028
                ],
                [
                    337.91999999999996,
                    81.972
                ],
                [
                    358.08,
                    78.948
                ],
                [
                    379.96799999999996,
                    73.98
                ],
                [
                    394.94399999999996,
                    68.04
                ],
                [
                    422.976,
                    61.992
                ],
                [
                    461.952,
                    61.02
                ],
                [
                    480,
                    62.964
                ],
                [
                    494.97599999999994,
                    61.992
                ],
                [
                    502.08000000000004,
                    60.047999999999995
                ],
                [
                    556.9920000000001,
                    60.047999999999995
                ],
                [
                    590.976,
                    61.992
                ],
                [
                    599.04,
                    65.01599999999999
                ],
                [
                    615.9359999999999,
                    87.048
                ],
                [
                    630.912,
                    95.03999999999999
                ],
                [
                    656.064,
                    93.96
                ],
                [
                    676.032,
                    91.044
                ],
                [
                    696,
                    91.044
                ],
                [
                    739.9680000000001,
                    96.012
                ],
                [
                    768,
                    96.98400000000001
                ],
                [
                    831.936,
                    104.00399999999999
                ],
                [
                    839.04,
                    105.94800000000001
                ],
                [
                    854.016,
                    105.94800000000001
                ],
                [
                    867.072,
                    103.032
                ],
                [
                    882.048,
                    103.032
                ],
                [
                    908.928,
                    97.956
                ],
                [
                    934.0799999999999,
                    84.02399999999999
                ],
                [
                    936,
                    81
                ],
                [
                    944.0640000000001,
                    77.976
                ],
                [
                    945.984,
                    73.98
                ],
                [
                    954.048,
                    70.95599999999999
                ],
                [
                    955.9680000000001,
                    66.96
                ],
                [
                    968.064,
                    62.964
                ],
                [
                    973.056,
                    65.988
                ],
                [
                    985.92,
                    80.028
                ],
                [
                    988.0319999999999,
                    104.976
                ],
                [
                    998.0160000000001,
                    126.036
                ],
                [
                    998.0160000000001,
                    146.016
                ],
                [
                    990.912,
                    150.984
                ],
                [
                    983.04,
                    153.036
                ],
                [
                    955.9680000000001,
                    169.99200000000002
                ],
                [
                    950.976,
                    180.03599999999997
                ],
                [
                    950.976,
                    185.976
                ],
                [
                    945.984,
                    191.052
                ],
                [
                    939.072,
                    216.972
                ],
                [
                    939.072,
                    246.024
                ],
                [
                    934.0799999999999,
                    267.948
                ],
                [
                    926.016,
                    281.988
                ],
                [
                    903.936,
                    300.024
                ],
                [
                    888.96,
                    303.048
                ],
                [
                    878.976,
                    303.048
                ],
                [
                    867.072,
                    307.044
                ],
                [
                    849.024,
                    307.044
                ]
            ]
        },
        {
            "ID": "4",
            "CLASS": "종이",
            "DETAILS": "종이",
            "DAMAGE": "원형",
            "DIRTINESS": "오염없음",
            "COVER": "겹침",
            "TRANSPARENCY": "불투명",
            "SHAPE": "종이컵형",
            "SHAPE_TYPE": "POLYGON",
            "POINTS": [
                [
                    1651.008,
                    573.048
                ],
                [
                    1638.912,
                    570.024
                ],
                [
                    1617.024,
                    569.052
                ],
                [
                    1544.064,
                    569.052
                ],
                [
                    1505.0880000000002,
                    570.996
                ],
                [
                    1417.92,
                    571.968
                ],
                [
                    1392,
                    571.968
                ],
                [
                    1372.032,
                    570.024
                ],
                [
                    1363.968,
                    552.96
                ],
                [
                    1363.968,
                    532.0079999999999
                ],
                [
                    1372.032,
                    520.992
                ],
                [
                    1376.064,
                    517.9680000000001
                ],
                [
                    1387.968,
                    515.052
                ],
                [
                    1400.0639999999999,
                    509.004
                ],
                [
                    1426.944,
                    505.98
                ],
                [
                    1439.0400000000002,
                    498.96000000000004
                ],
                [
                    1440.9599999999998,
                    494.964
                ],
                [
                    1446.912,
                    492.048
                ],
                [
                    1449.0240000000001,
                    488.052
                ],
                [
                    1453.056,
                    486.97200000000004
                ],
                [
                    1454.976,
                    483.948
                ],
                [
                    1454.976,
                    478.98
                ],
                [
                    1460.928,
                    473.04
                ],
                [
                    1463.04,
                    466.992
                ],
                [
                    1463.04,
                    459
                ],
                [
                    1473.024,
                    452.952
                ],
                [
                    1474.944,
                    447.012
                ],
                [
                    1483.008,
                    439.99199999999996
                ],
                [
                    1492.992,
                    434.05199999999996
                ],
                [
                    1492.992,
                    429.94800000000004
                ],
                [
                    1497.024,
                    428.00399999999996
                ],
                [
                    1505.0880000000002,
                    417.96000000000004
                ],
                [
                    1526.0159999999998,
                    408.996
                ],
                [
                    1521.984,
                    404.02799999999996
                ],
                [
                    1521.984,
                    386.964
                ],
                [
                    1526.0159999999998,
                    382.968
                ],
                [
                    1537.92,
                    374.004
                ],
                [
                    1558.08,
                    363.96000000000004
                ],
                [
                    1560,
                    359.964
                ],
                [
                    1565.952,
                    357.048
                ],
                [
                    1569.984,
                    351.97200000000004
                ],
                [
                    1589.952,
                    339.98400000000004
                ],
                [
                    1592.064,
                    335.01599999999996
                ],
                [
                    1599.9360000000001,
                    327.024
                ],
                [
                    1607.04,
                    308.988
                ],
                [
                    1611.072,
                    307.044
                ],
                [
                    1635.0720000000001,
                    307.044
                ],
                [
                    1646.976,
                    296.028
                ],
                [
                    1655.04,
                    297
                ],
                [
                    1660.992,
                    308.016
                ],
                [
                    1660.992,
                    348.948
                ],
                [
                    1656.96,
                    358.99199999999996
                ],
                [
                    1656.96,
                    386.964
                ],
                [
                    1660.992,
                    424.008
                ],
                [
                    1659.072,
                    465.048
                ],
                [
                    1662.912,
                    489.996
                ],
                [
                    1660.992,
                    523.044
                ],
                [
                    1662.912,
                    552.96
                ],
                [
                    1659.072,
                    569.052
                ],
                [
                    1651.008,
                    573.048
                ]
            ]
        }
    ]
}