{
    "IMAGE_INFO": {
        "FILE_NAME": "1033334@0_02001_221006_P1_T3__2936.jpg",
        "DATE": "2022-10-28 18:12:26",
        "RESOLUTION": "1920 x 1080",
        "IMAGE_PHOTOGRAPHER": "조신주",
        "FOCUS_DISTANCE": "8.0",
        "EXPOSURE_TIME": "1/160",
        "SENSITIVITY_ISO": "5000",
        "PLACE": "강북재활용센터",
        "REGION_NAME": null,
        "Direction": "0",
        "HEIGHT": "115",
        "DAY/NIGHT": "주간",
        "WEATHER": "맑음",
        "IMAGE_HEIGHT": 1080,
        "IMAGE_WIDTH": 1920,
        "IMAGE_SIZE": "566.3 KB"
    },
    "ANNOTATION_INFO": [
        {
            "ID": "1",
            "CLASS": "종이",
            "DETAILS": "종이",
            "DAMAGE": "손상",
            "DIRTINESS": "오염없음",
            "COVER": "없음",
            "TRANSPARENCY": "불투명",
            "SHAPE": "박스형",
            "SHAPE_TYPE": "POLYGON",
            "POINTS": [
                [
                    302.01599999999996,
                    546.048
                ],
                [
                    299.904,
                    539.028
                ],
                [
                    294.912,
                    533.952
                ],
                [
                    292.992,
                    524.0160000000001
                ],
                [
                    287.03999999999996,
                    520.02
                ],
                [
                    286.08,
                    512.028
                ],
                [
                    279.93600000000004,
                    505.00800000000004
                ],
                [
                    278.016,
                    497.016
                ],
                [
                    279.93600000000004,
                    489.996
                ],
                [
                    287.03999999999996,
                    485.028
                ],
                [
                    292.992,
                    486
                ],
                [
                    302.01599999999996,
                    485.028
                ],
                [
                    308.928,
                    482.00399999999996
                ],
                [
                    297.98400000000004,
                    443.016
                ],
                [
                    297.98400000000004,
                    429.94800000000004
                ],
                [
                    294.912,
                    427.032
                ],
                [
                    287.03999999999996,
                    431.028
                ],
                [
                    278.016,
                    442.044
                ],
                [
                    268.992,
                    448.956
                ],
                [
                    262.08000000000004,
                    450.036
                ],
                [
                    259.008,
                    451.97999999999996
                ],
                [
                    250.94400000000002,
                    442.044
                ],
                [
                    249.984,
                    434.05199999999996
                ],
                [
                    245.952,
                    429.94800000000004
                ],
                [
                    250.94400000000002,
                    407.052
                ],
                [
                    264,
                    381.024
                ],
                [
                    268.992,
                    374.976
                ],
                [
                    331.008,
                    327.99600000000004
                ],
                [
                    369.98400000000004,
                    311.03999999999996
                ],
                [
                    406.08,
                    293.00399999999996
                ],
                [
                    426.048,
                    278.964
                ],
                [
                    436.992,
                    263.952
                ],
                [
                    441.984,
                    249.048
                ],
                [
                    446.016,
                    246.024
                ],
                [
                    451.008,
                    236.95200000000003
                ],
                [
                    521.088,
                    181.008
                ],
                [
                    523.0079999999999,
                    177.984
                ],
                [
                    523.0079999999999,
                    162.972
                ],
                [
                    521.088,
                    147.96
                ],
                [
                    515.904,
                    131.00400000000002
                ],
                [
                    515.904,
                    119.988
                ],
                [
                    508.992,
                    107.02799999999999
                ],
                [
                    510.91200000000003,
                    83.05199999999999
                ],
                [
                    513.984,
                    77.004
                ],
                [
                    523.0079999999999,
                    73.98
                ],
                [
                    527.0400000000001,
                    73.98
                ],
                [
                    536.064,
                    81
                ],
                [
                    547.0079999999999,
                    92.01599999999999
                ],
                [
                    552,
                    100.98
                ],
                [
                    556.032,
                    119.988
                ],
                [
                    552,
                    127.008
                ],
                [
                    552,
                    137.05200000000002
                ],
                [
                    553.92,
                    142.02
                ],
                [
                    558.912,
                    146.016
                ],
                [
                    558.912,
                    155.952
                ],
                [
                    562.9440000000001,
                    162.972
                ],
                [
                    570.048,
                    155.952
                ],
                [
                    570.048,
                    147.96
                ],
                [
                    580.992,
                    151.956
                ],
                [
                    590.0160000000001,
                    145.044
                ],
                [
                    596.928,
                    145.044
                ],
                [
                    605.952,
                    142.02
                ],
                [
                    609.9839999999999,
                    143.964
                ],
                [
                    610.944,
                    153.036
                ],
                [
                    619.9680000000001,
                    158.976
                ],
                [
                    625.9200000000001,
                    159.948
                ],
                [
                    634.944,
                    158.976
                ],
                [
                    639.9359999999999,
                    162.972
                ],
                [
                    646.08,
                    164.05200000000002
                ],
                [
                    646.08,
                    173.988
                ],
                [
                    610.944,
                    200.016
                ],
                [
                    609.9839999999999,
                    203.04
                ],
                [
                    628.992,
                    227.016
                ],
                [
                    642.048,
                    236.95200000000003
                ],
                [
                    652.9920000000001,
                    231.012
                ],
                [
                    652.9920000000001,
                    226.044
                ],
                [
                    656.064,
                    223.992
                ],
                [
                    663.936,
                    223.01999999999998
                ],
                [
                    671.04,
                    223.992
                ],
                [
                    676.032,
                    228.95999999999998
                ],
                [
                    700.0319999999999,
                    227.016
                ],
                [
                    714.048,
                    239.976
                ],
                [
                    711.936,
                    247.968
                ],
                [
                    705.024,
                    253.044
                ],
                [
                    710.0160000000001,
                    258.98400000000004
                ],
                [
                    710.0160000000001,
                    263.952
                ],
                [
                    706.9440000000001,
                    266.976
                ],
                [
                    697.92,
                    270.97200000000004
                ],
                [
                    685.056,
                    273.996
                ],
                [
                    677.952,
                    277.992
                ],
                [
                    671.04,
                    278.964
                ],
                [
                    662.016,
                    282.96000000000004
                ],
                [
                    654.912,
                    289.008
                ],
                [
                    647.0400000000001,
                    289.98
                ],
                [
                    628.032,
                    300.024
                ],
                [
                    575.04,
                    338.04
                ],
                [
                    558.912,
                    353.052
                ],
                [
                    508.992,
                    393.012
                ],
                [
                    504.96000000000004,
                    393.98400000000004
                ],
                [
                    499.968,
                    401.976
                ],
                [
                    495.9359999999999,
                    405
                ],
                [
                    490.94399999999996,
                    405
                ],
                [
                    478.08,
                    416.01599999999996
                ],
                [
                    457.91999999999996,
                    428.00399999999996
                ],
                [
                    436.992,
                    446.03999999999996
                ],
                [
                    436.992,
                    447.984
                ],
                [
                    431.04,
                    450.036
                ],
                [
                    406.08,
                    469.04400000000004
                ],
                [
                    336,
                    525.96
                ],
                [
                    325.05600000000004,
                    532.0079999999999
                ],
                [
                    321.984,
                    532.0079999999999
                ],
                [
                    307.008,
                    544.9680000000001
                ],
                [
                    302.01599999999996,
                    546.048
                ]
            ]
        },
        {
            "ID": "2",
            "CLASS": "종이",
            "DETAILS": "종이",
            "DAMAGE": "손상",
            "DIRTINESS": "이물질(외부)",
            "COVER": "없음",
            "TRANSPARENCY": "불투명",
            "SHAPE": "박스형",
            "SHAPE_TYPE": "POLYGON",
            "POINTS": [
                [
                    557.952,
                    1080
                ],
                [
                    561.024,
                    1064.988
                ],
                [
                    561.984,
                    1036.044
                ],
                [
                    566.976,
                    1006.02
                ],
                [
                    566.016,
                    999.972
                ],
                [
                    561.024,
                    987.9839999999999
                ],
                [
                    557.952,
                    986.0400000000001
                ],
                [
                    557.952,
                    967.0319999999999
                ],
                [
                    556.032,
                    960.984
                ],
                [
                    551.04,
                    955.044
                ],
                [
                    551.04,
                    952.992
                ],
                [
                    561.984,
                    945
                ],
                [
                    564.096,
                    941.976
                ],
                [
                    566.976,
                    941.0039999999999
                ],
                [
                    569.088,
                    938.952
                ],
                [
                    571.968,
                    928.044
                ],
                [
                    574.0799999999999,
                    925.9920000000001
                ],
                [
                    576,
                    925.0200000000001
                ],
                [
                    590.0160000000001,
                    922.9680000000001
                ],
                [
                    633.984,
                    922.9680000000001
                ],
                [
                    670.0799999999999,
                    925.9920000000001
                ],
                [
                    684.096,
                    925.9920000000001
                ],
                [
                    711.936,
                    929.016
                ],
                [
                    721.92,
                    929.016
                ],
                [
                    745.9200000000001,
                    932.04
                ],
                [
                    766.08,
                    933.0120000000001
                ],
                [
                    773.952,
                    934.956
                ],
                [
                    805.056,
                    936.0360000000001
                ],
                [
                    825.984,
                    937.98
                ],
                [
                    840,
                    937.98
                ],
                [
                    851.904,
                    940.0319999999999
                ],
                [
                    859.9680000000001,
                    940.0319999999999
                ],
                [
                    870.912,
                    934.956
                ],
                [
                    873.984,
                    937.98
                ],
                [
                    873.984,
                    947.052
                ],
                [
                    875.904,
                    951.048
                ],
                [
                    883.0079999999999,
                    957.96
                ],
                [
                    892.032,
                    963.0360000000001
                ],
                [
                    908.928,
                    967.0319999999999
                ],
                [
                    920.0640000000001,
                    967.0319999999999
                ],
                [
                    932.928,
                    972
                ],
                [
                    940.992,
                    974.052
                ],
                [
                    950.976,
                    978.048
                ],
                [
                    955.9680000000001,
                    983.016
                ],
                [
                    960.9599999999999,
                    992.952
                ],
                [
                    960.9599999999999,
                    1041.012
                ],
                [
                    959.04,
                    1046.952
                ],
                [
                    951.936,
                    1056.0240000000001
                ],
                [
                    949.056,
                    1057.968
                ],
                [
                    944.0640000000001,
                    1059.048
                ],
                [
                    920.0640000000001,
                    1059.048
                ],
                [
                    903.936,
                    1053.972
                ],
                [
                    897.024,
                    1053
                ],
                [
                    892.032,
                    1057.968
                ],
                [
                    893.952,
                    1080
                ],
                [
                    557.952,
                    1080
                ]
            ]
        },
        {
            "ID": "3",
            "CLASS": "종이",
            "DETAILS": "종이",
            "DAMAGE": "완전압착",
            "DIRTINESS": "이물질(전체)",
            "COVER": "없음",
            "TRANSPARENCY": "불투명",
            "SHAPE": "낱장형",
            "SHAPE_TYPE": "POLYGON",
            "POINTS": [
                [
                    1406.976,
                    941.976
                ],
                [
                    1395.0720000000001,
                    934.956
                ],
                [
                    1366.08,
                    914.004
                ],
                [
                    1356.096,
                    905.04
                ],
                [
                    1348.992,
                    891
                ],
                [
                    1339.9679999999998,
                    879.012
                ],
                [
                    1335.936,
                    876.96
                ],
                [
                    1333.056,
                    880.956
                ],
                [
                    1328.0639999999999,
                    879.9839999999999
                ],
                [
                    1310.016,
                    863.028
                ],
                [
                    1302.912,
                    852.9839999999999
                ],
                [
                    1292.9279999999999,
                    832.0319999999999
                ],
                [
                    1290.048,
                    816.048
                ],
                [
                    1281.0240000000001,
                    798.0120000000001
                ],
                [
                    1276.992,
                    794.9879999999999
                ],
                [
                    1270.08,
                    775.008
                ],
                [
                    1267.008,
                    772.956
                ],
                [
                    1265.0880000000002,
                    740.988
                ],
                [
                    1254.9119999999998,
                    725.004
                ],
                [
                    1252.992,
                    713.988
                ],
                [
                    1253.952,
                    672.948
                ],
                [
                    1252.032,
                    659.9879999999999
                ],
                [
                    1257.984,
                    655.0200000000001
                ],
                [
                    1272,
                    648
                ],
                [
                    1278.912,
                    639.0360000000001
                ],
                [
                    1285.056,
                    623.052
                ],
                [
                    1286.0159999999998,
                    613.98
                ],
                [
                    1292.9279999999999,
                    601.02
                ],
                [
                    1296,
                    598.968
                ],
                [
                    1297.92,
                    589.032
                ],
                [
                    1308.096,
                    582.0120000000001
                ],
                [
                    1334.976,
                    570.024
                ],
                [
                    1342.08,
                    570.024
                ],
                [
                    1350.912,
                    579.96
                ],
                [
                    1350.912,
                    587.952
                ],
                [
                    1348.992,
                    598.968
                ],
                [
                    1339.008,
                    617.004
                ],
                [
                    1339.9679999999998,
                    624.024
                ],
                [
                    1345.9199999999998,
                    628.9920000000001
                ],
                [
                    1356.096,
                    631.0440000000001
                ],
                [
                    1358.016,
                    633.9599999999999
                ],
                [
                    1361.088,
                    633.9599999999999
                ],
                [
                    1364.9279999999999,
                    636.012
                ],
                [
                    1376.064,
                    648
                ],
                [
                    1387.008,
                    651.024
                ],
                [
                    1397.952,
                    658.044
                ],
                [
                    1425.9840000000002,
                    685.044
                ],
                [
                    1439.0400000000002,
                    691.956
                ],
                [
                    1446.912,
                    698.976
                ],
                [
                    1468.992,
                    724.032
                ],
                [
                    1476.096,
                    726.948
                ],
                [
                    1487.04,
                    748.008
                ],
                [
                    1494.9119999999998,
                    755.028
                ],
                [
                    1505.0880000000002,
                    768.9599999999999
                ],
                [
                    1505.0880000000002,
                    779.004
                ],
                [
                    1497.984,
                    797.04
                ],
                [
                    1497.024,
                    813.9960000000001
                ],
                [
                    1492.992,
                    817.992
                ],
                [
                    1492.032,
                    824.04
                ],
                [
                    1474.944,
                    852.9839999999999
                ],
                [
                    1473.024,
                    864.972
                ],
                [
                    1468.992,
                    870.048
                ],
                [
                    1458.048,
                    894.024
                ],
                [
                    1451.904,
                    903.9599999999999
                ],
                [
                    1448.0639999999999,
                    906.984
                ],
                [
                    1446.912,
                    910.98
                ],
                [
                    1439.0400000000002,
                    918.972
                ],
                [
                    1425.9840000000002,
                    926.9639999999999
                ],
                [
                    1420.0320000000002,
                    934.956
                ],
                [
                    1414.0800000000002,
                    941.0039999999999
                ],
                [
                    1411.008,
                    941.976
                ],
                [
                    1406.976,
                    941.976
                ]
            ]
        }
    ]
}