{
    "IMAGE_INFO": {
        "FILE_NAME": "1033554@0_02001_221006_P1_T3__2844.jpg",
        "DATE": "2022-10-28 18:12:11",
        "RESOLUTION": "1920 x 1080",
        "IMAGE_PHOTOGRAPHER": "조신주",
        "FOCUS_DISTANCE": "8.0",
        "EXPOSURE_TIME": "1/160",
        "SENSITIVITY_ISO": "5000",
        "PLACE": "강북재활용센터",
        "REGION_NAME": null,
        "Direction": "0",
        "HEIGHT": "115",
        "DAY/NIGHT": "주간",
        "WEATHER": "맑음",
        "IMAGE_HEIGHT": 1080,
        "IMAGE_WIDTH": 1920,
        "IMAGE_SIZE": "646.2 KB"
    },
    "ANNOTATION_INFO": [
        {
            "ID": "1",
            "CLASS": "종이",
            "DETAILS": "종이",
            "DAMAGE": "완전압착",
            "DIRTINESS": "이물질(외부)",
            "COVER": "없음",
            "TRANSPARENCY": "불투명",
            "SHAPE": "박스형",
            "SHAPE_TYPE": "POLYGON",
            "POINTS": [
                [
                    240,
                    213.948
                ],
                [
                    219.07199999999997,
                    212.976
                ],
                [
                    192,
                    212.976
                ],
                [
                    190.08,
                    211.03199999999998
                ],
                [
                    190.08,
                    205.95600000000002
                ],
                [
                    187.968,
                    200.016
                ],
                [
                    187.008,
                    192.996
                ],
                [
                    185.088,
                    174.96
                ],
                [
                    185.088,
                    162
                ],
                [
                    182.016,
                    151.956
                ],
                [
                    181.05599999999998,
                    142.992
                ],
                [
                    181.05599999999998,
                    131.00400000000002
                ],
                [
                    180.096,
                    120.96000000000001
                ],
                [
                    177.024,
                    104.00399999999999
                ],
                [
                    177.024,
                    95.03999999999999
                ],
                [
                    176.06400000000002,
                    85.968
                ],
                [
                    176.06400000000002,
                    77.004
                ],
                [
                    173.952,
                    69.984
                ],
                [
                    173.952,
                    50.976
                ],
                [
                    172.992,
                    37.044
                ],
                [
                    171.072,
                    34.992
                ],
                [
                    169.92,
                    27
                ],
                [
                    169.92,
                    8.964
                ],
                [
                    171.072,
                    4.968
                ],
                [
                    172.992,
                    3.024
                ],
                [
                    172.992,
                    2.052
                ],
                [
                    173.952,
                    0
                ],
                [
                    302.976,
                    0
                ],
                [
                    303.936,
                    3.996
                ],
                [
                    305.088,
                    7.02
                ],
                [
                    306.048,
                    14.04
                ],
                [
                    306.048,
                    24.948
                ],
                [
                    307.008,
                    35.964000000000006
                ],
                [
                    308.928,
                    38.988
                ],
                [
                    310.08,
                    46.007999999999996
                ],
                [
                    311.04,
                    47.952000000000005
                ],
                [
                    313.92,
                    53.028
                ],
                [
                    316.032,
                    57.995999999999995
                ],
                [
                    316.032,
                    61.992
                ],
                [
                    316.992,
                    65.988
                ],
                [
                    316.992,
                    69.984
                ],
                [
                    318.912,
                    73.98
                ],
                [
                    320.06399999999996,
                    77.976
                ],
                [
                    321.024,
                    87.048
                ],
                [
                    321.024,
                    96.98400000000001
                ],
                [
                    321.984,
                    104.00399999999999
                ],
                [
                    326.016,
                    120.96000000000001
                ],
                [
                    327.93600000000004,
                    138.024
                ],
                [
                    327.93600000000004,
                    147.96
                ],
                [
                    331.008,
                    162
                ],
                [
                    331.008,
                    169.02
                ],
                [
                    330.048,
                    172.04399999999998
                ],
                [
                    327.93600000000004,
                    176.04000000000002
                ],
                [
                    325.05600000000004,
                    178.956
                ],
                [
                    322.94399999999996,
                    181.98000000000002
                ],
                [
                    320.06399999999996,
                    188.028
                ],
                [
                    317.952,
                    191.052
                ],
                [
                    315.072,
                    195.048
                ],
                [
                    308.928,
                    200.988
                ],
                [
                    294.912,
                    212.004
                ],
                [
                    292.03200000000004,
                    212.976
                ],
                [
                    286.08,
                    212.976
                ],
                [
                    257.08799999999997,
                    213.948
                ]
            ]
        },
        {
            "ID": "2",
            "CLASS": "종이",
            "DETAILS": "종이",
            "DAMAGE": "손상",
            "DIRTINESS": "이물질(외부)",
            "COVER": "없음",
            "TRANSPARENCY": "불투명",
            "SHAPE": "박스형",
            "SHAPE_TYPE": "POLYGON",
            "POINTS": [
                [
                    494.97599999999994,
                    1014.9839999999999
                ],
                [
                    489.02399999999994,
                    1011.96
                ],
                [
                    484.032,
                    1006.02
                ],
                [
                    483.072,
                    996.948
                ],
                [
                    474.048,
                    974.052
                ],
                [
                    475.968,
                    952.992
                ],
                [
                    478.08,
                    949.9680000000001
                ],
                [
                    476.928,
                    948.024
                ],
                [
                    474.048,
                    947.052
                ],
                [
                    470.01599999999996,
                    947.052
                ],
                [
                    460.03200000000004,
                    951.048
                ],
                [
                    449.08799999999997,
                    959.04
                ],
                [
                    431.04,
                    967.0319999999999
                ],
                [
                    420.096,
                    972.972
                ],
                [
                    409.92,
                    980.9639999999999
                ],
                [
                    392.06399999999996,
                    988.9559999999999
                ],
                [
                    385.92,
                    992.952
                ],
                [
                    380.928,
                    994.032
                ],
                [
                    378.048,
                    991.98
                ],
                [
                    370.944,
                    975.024
                ],
                [
                    369.98400000000004,
                    968.004
                ],
                [
                    365.952,
                    963.0360000000001
                ],
                [
                    364.99199999999996,
                    956.016
                ],
                [
                    360.96,
                    949.9680000000001
                ],
                [
                    360,
                    942.948
                ],
                [
                    355.968,
                    938.952
                ],
                [
                    355.00800000000004,
                    933.984
                ],
                [
                    340.992,
                    910.98
                ],
                [
                    334.08,
                    894.024
                ],
                [
                    331.008,
                    893.052
                ],
                [
                    329.08799999999997,
                    884.952
                ],
                [
                    326.016,
                    883.98
                ],
                [
                    324.096,
                    875.0160000000001
                ],
                [
                    318.912,
                    868.968
                ],
                [
                    318.912,
                    864.972
                ],
                [
                    313.92,
                    864
                ],
                [
                    313.92,
                    860.976
                ],
                [
                    310.08,
                    859.032
                ],
                [
                    308.928,
                    848.016
                ],
                [
                    298.944,
                    828.0360000000001
                ],
                [
                    293.952,
                    821.016
                ],
                [
                    283.968,
                    812.052
                ],
                [
                    282.048,
                    801.0360000000001
                ],
                [
                    283.008,
                    795.96
                ],
                [
                    287.03999999999996,
                    793.044
                ],
                [
                    299.904,
                    787.9680000000001
                ],
                [
                    307.008,
                    783
                ],
                [
                    312,
                    775.008
                ],
                [
                    321.024,
                    764.964
                ],
                [
                    330.048,
                    758.052
                ],
                [
                    336.96,
                    748.98
                ],
                [
                    346.944,
                    752.976
                ],
                [
                    356.928,
                    745.956
                ],
                [
                    361.92,
                    745.956
                ],
                [
                    385.92,
                    759.024
                ],
                [
                    397.05600000000004,
                    775.98
                ],
                [
                    440.06399999999996,
                    825.984
                ],
                [
                    441.984,
                    832.0319999999999
                ],
                [
                    461.952,
                    856.98
                ],
                [
                    470.976,
                    864.972
                ],
                [
                    507.072,
                    906.984
                ],
                [
                    547.0079999999999,
                    963.0360000000001
                ],
                [
                    543.936,
                    969.948
                ],
                [
                    542.016,
                    969.948
                ],
                [
                    539.904,
                    972.972
                ],
                [
                    531.072,
                    976.968
                ],
                [
                    515.904,
                    991.0079999999999
                ],
                [
                    509.952,
                    999
                ],
                [
                    508.032,
                    1005.048
                ],
                [
                    498.04800000000006,
                    1014.9839999999999
                ]
            ]
        },
        {
            "ID": "3",
            "CLASS": "종이",
            "DETAILS": "종이",
            "DAMAGE": "완전압착",
            "DIRTINESS": "이물질(외부)",
            "COVER": "없음",
            "TRANSPARENCY": "불투명",
            "SHAPE": "박스형",
            "SHAPE_TYPE": "POLYGON",
            "POINTS": [
                [
                    1277.952,
                    632.0160000000001
                ],
                [
                    1273.92,
                    631.0440000000001
                ],
                [
                    1251.072,
                    598.968
                ],
                [
                    1243.968,
                    594
                ],
                [
                    1241.088,
                    589.032
                ],
                [
                    1224,
                    575.9639999999999
                ],
                [
                    1219.008,
                    573.048
                ],
                [
                    1214.0159999999998,
                    573.048
                ],
                [
                    1209.984,
                    574.992
                ],
                [
                    1206.912,
                    583.9559999999999
                ],
                [
                    1206.912,
                    581.0400000000001
                ],
                [
                    1201.92,
                    575.9639999999999
                ],
                [
                    1196.9279999999999,
                    552.96
                ],
                [
                    1196.9279999999999,
                    537.948
                ],
                [
                    1193.088,
                    532.98
                ],
                [
                    1191.9360000000001,
                    524.9879999999999
                ],
                [
                    1193.088,
                    504.036
                ],
                [
                    1196.9279999999999,
                    501.984
                ],
                [
                    1200,
                    486.97200000000004
                ],
                [
                    1214.0159999999998,
                    474.98400000000004
                ],
                [
                    1219.008,
                    473.04
                ],
                [
                    1227.0720000000001,
                    462.99600000000004
                ],
                [
                    1241.088,
                    455.976
                ],
                [
                    1277.952,
                    432
                ],
                [
                    1287.936,
                    428.00399999999996
                ],
                [
                    1323.0720000000001,
                    405.97200000000004
                ],
                [
                    1329.984,
                    404.02799999999996
                ],
                [
                    1363.008,
                    384.048
                ],
                [
                    1380.096,
                    375.94800000000004
                ],
                [
                    1415.04,
                    355.968
                ],
                [
                    1426.944,
                    347.00399999999996
                ],
                [
                    1445.952,
                    339.012
                ],
                [
                    1473.9840000000002,
                    320.976
                ],
                [
                    1491.072,
                    312.984
                ],
                [
                    1507.968,
                    301.968
                ],
                [
                    1522.944,
                    297
                ],
                [
                    1555.0079999999998,
                    281.01599999999996
                ],
                [
                    1566.912,
                    277.992
                ],
                [
                    1573.056,
                    281.01599999999996
                ],
                [
                    1573.056,
                    286.956
                ],
                [
                    1563.0720000000001,
                    304.99199999999996
                ],
                [
                    1568.0639999999999,
                    308.016
                ],
                [
                    1569.984,
                    312.012
                ],
                [
                    1574.976,
                    312.984
                ],
                [
                    1579.9679999999998,
                    316.97999999999996
                ],
                [
                    1584,
                    316.97999999999996
                ],
                [
                    1584.96,
                    319.032
                ],
                [
                    1597.056,
                    324.972
                ],
                [
                    1597.056,
                    331.992
                ],
                [
                    1602.048,
                    339.98400000000004
                ],
                [
                    1602.048,
                    348.948
                ],
                [
                    1597.056,
                    354.024
                ],
                [
                    1597.056,
                    358.02000000000004
                ],
                [
                    1604.9279999999999,
                    369.036
                ],
                [
                    1623.936,
                    408.996
                ],
                [
                    1623.936,
                    419.04
                ],
                [
                    1614.9119999999998,
                    429.94800000000004
                ],
                [
                    1598.9759999999999,
                    443.988
                ],
                [
                    1569.984,
                    463.96799999999996
                ],
                [
                    1542.912,
                    479.952
                ],
                [
                    1535.04,
                    482.976
                ],
                [
                    1520.0639999999999,
                    493.99199999999996
                ],
                [
                    1511.04,
                    498.96000000000004
                ],
                [
                    1498.944,
                    502.956
                ],
                [
                    1478.016,
                    516.996
                ],
                [
                    1445.952,
                    535.032
                ],
                [
                    1415.04,
                    550.044
                ],
                [
                    1411.968,
                    554.04
                ],
                [
                    1403.904,
                    559.0079999999999
                ],
                [
                    1382.976,
                    567.972
                ],
                [
                    1377.984,
                    574.02
                ],
                [
                    1354.944,
                    587.952
                ],
                [
                    1340.928,
                    594
                ],
                [
                    1323.0720000000001,
                    606.96
                ],
                [
                    1300.992,
                    618.9480000000001
                ],
                [
                    1283.904,
                    631.0440000000001
                ]
            ]
        },
        {
            "ID": "4",
            "CLASS": "종이",
            "DETAILS": "종이",
            "DAMAGE": "손상",
            "DIRTINESS": "이물질(외부)",
            "COVER": "겹침",
            "TRANSPARENCY": "불투명",
            "SHAPE": "종이컵형",
            "SHAPE_TYPE": "POLYGON",
            "POINTS": [
                [
                    656.064,
                    1080
                ],
                [
                    652.032,
                    1072.98
                ],
                [
                    648.96,
                    1071.036
                ],
                [
                    644.928,
                    1071.036
                ],
                [
                    642.048,
                    1068.984
                ],
                [
                    633.024,
                    1065.96
                ],
                [
                    617.0880000000001,
                    1063.0439999999999
                ],
                [
                    613.0559999999999,
                    1060.992
                ],
                [
                    608.064,
                    1060.02
                ],
                [
                    604.0319999999999,
                    1057.968
                ],
                [
                    594.048,
                    1050.9479999999999
                ],
                [
                    584.0640000000001,
                    1041.012
                ],
                [
                    576.96,
                    1030.968
                ],
                [
                    572.928,
                    1022.976
                ],
                [
                    572.928,
                    1021.032
                ],
                [
                    570.048,
                    1017.036
                ],
                [
                    570.048,
                    1003.968
                ],
                [
                    572.928,
                    996.948
                ],
                [
                    571.008,
                    988.9559999999999
                ],
                [
                    571.008,
                    979.02
                ],
                [
                    576,
                    959.04
                ],
                [
                    580.992,
                    951.048
                ],
                [
                    585.024,
                    948.024
                ],
                [
                    590.0160000000001,
                    945.972
                ],
                [
                    599.04,
                    941.0039999999999
                ],
                [
                    601.92,
                    941.0039999999999
                ],
                [
                    609.9839999999999,
                    938.952
                ],
                [
                    615.9359999999999,
                    938.952
                ],
                [
                    619.9680000000001,
                    941.0039999999999
                ],
                [
                    647.0400000000001,
                    945.972
                ],
                [
                    652.9920000000001,
                    948.024
                ],
                [
                    672,
                    949.9680000000001
                ],
                [
                    675.072,
                    951.048
                ],
                [
                    677.952,
                    951.048
                ],
                [
                    687.936,
                    953.9639999999999
                ],
                [
                    691.968,
                    956.016
                ],
                [
                    699.072,
                    956.016
                ],
                [
                    701.952,
                    959.04
                ],
                [
                    702.9119999999999,
                    960.984
                ],
                [
                    702.9119999999999,
                    975.996
                ],
                [
                    706.9440000000001,
                    994.032
                ],
                [
                    706.9440000000001,
                    1001.0519999999999
                ],
                [
                    710.0160000000001,
                    1018.008
                ],
                [
                    710.0160000000001,
                    1029.996
                ],
                [
                    715.9680000000001,
                    1052.028
                ],
                [
                    715.9680000000001,
                    1056.0240000000001
                ],
                [
                    719.04,
                    1060.992
                ],
                [
                    719.04,
                    1065.96
                ],
                [
                    718.08,
                    1068.012
                ],
                [
                    710.0160000000001,
                    1072.008
                ],
                [
                    704.0640000000001,
                    1072.98
                ],
                [
                    701.952,
                    1073.952
                ],
                [
                    700.992,
                    1080
                ]
            ]
        },
        {
            "ID": "5",
            "CLASS": "종이",
            "DETAILS": "종이",
            "DAMAGE": "손상",
            "DIRTINESS": "이물질(외부)",
            "COVER": "없음",
            "TRANSPARENCY": "불투명",
            "SHAPE": "박스형",
            "SHAPE_TYPE": "POLYGON",
            "POINTS": [
                [
                    1119.9360000000001,
                    886.032
                ],
                [
                    1114.944,
                    884.952
                ],
                [
                    1112.064,
                    883.008
                ],
                [
                    1108.032,
                    875.988
                ],
                [
                    1104,
                    863.028
                ],
                [
                    1099.9679999999998,
                    857.952
                ],
                [
                    1095.936,
                    848.016
                ],
                [
                    1095.936,
                    840.996
                ],
                [
                    1091.904,
                    826.956
                ],
                [
                    1089.984,
                    790.0200000000001
                ],
                [
                    1089.0240000000001,
                    783.972
                ],
                [
                    1085.952,
                    779.976
                ],
                [
                    1085.952,
                    767.9879999999999
                ],
                [
                    1088.0639999999999,
                    763.02
                ],
                [
                    1085.952,
                    756
                ],
                [
                    1083.0720000000001,
                    760.968
                ],
                [
                    1081.92,
                    753.9480000000001
                ],
                [
                    1081.92,
                    745.956
                ],
                [
                    1085.952,
                    740.0160000000001
                ],
                [
                    1094.976,
                    717.9839999999999
                ],
                [
                    1091.904,
                    706.968
                ],
                [
                    1093.056,
                    694.9799999999999
                ],
                [
                    1097.088,
                    693.0360000000001
                ],
                [
                    1105.9199999999998,
                    691.956
                ],
                [
                    1124.9279999999999,
                    686.016
                ],
                [
                    1132.032,
                    686.016
                ],
                [
                    1132.032,
                    679.9680000000001
                ],
                [
                    1141.056,
                    672.948
                ],
                [
                    1143.936,
                    672.948
                ],
                [
                    1150.08,
                    675.972
                ],
                [
                    1152,
                    675.972
                ],
                [
                    1157.952,
                    682.02
                ],
                [
                    1171.968,
                    682.02
                ],
                [
                    1185.024,
                    678.024
                ],
                [
                    1195.968,
                    677.052
                ],
                [
                    1201.92,
                    679.9680000000001
                ],
                [
                    1204.032,
                    685.044
                ],
                [
                    1205.952,
                    698.976
                ],
                [
                    1204.9920000000002,
                    713.016
                ],
                [
                    1206.912,
                    717.0120000000001
                ],
                [
                    1208.0639999999999,
                    729.972
                ],
                [
                    1209.984,
                    732.996
                ],
                [
                    1215.936,
                    736.992
                ],
                [
                    1219.008,
                    741.96
                ],
                [
                    1219.008,
                    749.952
                ],
                [
                    1222.08,
                    753.9480000000001
                ],
                [
                    1223.04,
                    771.012
                ],
                [
                    1218.048,
                    780.948
                ],
                [
                    1218.048,
                    793.044
                ],
                [
                    1220.928,
                    798.984
                ],
                [
                    1222.08,
                    813.024
                ],
                [
                    1224.96,
                    818.9639999999999
                ],
                [
                    1225.9199999999998,
                    841.968
                ],
                [
                    1224,
                    875.0160000000001
                ],
                [
                    1219.9679999999998,
                    880.956
                ],
                [
                    1215.936,
                    883.008
                ],
                [
                    1206.912,
                    884.952
                ],
                [
                    1171.968,
                    883.008
                ],
                [
                    1165.056,
                    886.032
                ]
            ]
        }
    ]
}