{
    "IMAGE_INFO": {
        "FILE_NAME": "1033315@0_02001_221006_P1_T3__0506.jpg",
        "DATE": "2022-10-28 18:05:59",
        "RESOLUTION": "1920 x 1080",
        "IMAGE_PHOTOGRAPHER": "조신주",
        "FOCUS_DISTANCE": "8.0",
        "EXPOSURE_TIME": "1/160",
        "SENSITIVITY_ISO": "5000",
        "PLACE": "강북재활용센터",
        "REGION_NAME": null,
        "Direction": "0",
        "HEIGHT": "115",
        "DAY/NIGHT": "주간",
        "WEATHER": "맑음",
        "IMAGE_HEIGHT": 1080,
        "IMAGE_WIDTH": 1920,
        "IMAGE_SIZE": "496.9 KB"
    },
    "ANNOTATION_INFO": [
        {
            "ID": "1",
            "CLASS": "종이",
            "DETAILS": "종이",
            "DAMAGE": "손상",
            "DIRTINESS": "이물질(외부)",
            "COVER": "없음",
            "TRANSPARENCY": "불투명",
            "SHAPE": "낱장형",
            "SHAPE_TYPE": "POLYGON",
            "POINTS": [
                [
                    666.048,
                    941.976
                ],
                [
                    646.08,
                    938.952
                ],
                [
                    639.9359999999999,
                    933.984
                ],
                [
                    633.024,
                    933.0120000000001
                ],
                [
                    622.08,
                    926.9639999999999
                ],
                [
                    618.048,
                    903.9599999999999
                ],
                [
                    614.016,
                    891.972
                ],
                [
                    609.9839999999999,
                    830.952
                ],
                [
                    605.952,
                    813.024
                ],
                [
                    604.0319999999999,
                    790.0200000000001
                ],
                [
                    604.0319999999999,
                    766.0440000000001
                ],
                [
                    598.08,
                    721.98
                ],
                [
                    596.928,
                    686.016
                ],
                [
                    590.976,
                    639.0360000000001
                ],
                [
                    585.984,
                    621
                ],
                [
                    585.024,
                    597.024
                ],
                [
                    581.952,
                    586.0079999999999
                ],
                [
                    581.952,
                    554.04
                ],
                [
                    577.92,
                    542.052
                ],
                [
                    577.92,
                    525.96
                ],
                [
                    584.0640000000001,
                    524.0160000000001
                ],
                [
                    590.0160000000001,
                    524.0160000000001
                ],
                [
                    595.9680000000001,
                    521.964
                ],
                [
                    601.92,
                    517.9680000000001
                ],
                [
                    603.072,
                    509.976
                ],
                [
                    605.952,
                    506.952
                ],
                [
                    611.904,
                    509.976
                ],
                [
                    619.9680000000001,
                    512.028
                ],
                [
                    720,
                    501.984
                ],
                [
                    758.976,
                    501.012
                ],
                [
                    810.048,
                    501.984
                ],
                [
                    830.0160000000001,
                    508.032
                ],
                [
                    845.952,
                    519.048
                ],
                [
                    854.016,
                    521.964
                ],
                [
                    869.952,
                    521.964
                ],
                [
                    878.976,
                    519.048
                ],
                [
                    897.984,
                    509.976
                ],
                [
                    902.976,
                    509.976
                ],
                [
                    916.032,
                    501.984
                ],
                [
                    927.936,
                    497.988
                ],
                [
                    932.928,
                    497.988
                ],
                [
                    936,
                    501.012
                ],
                [
                    941.952,
                    513.972
                ],
                [
                    974.016,
                    604.044
                ],
                [
                    988.0319999999999,
                    659.9879999999999
                ],
                [
                    989.9519999999999,
                    674.028
                ],
                [
                    996.0960000000001,
                    693.0360000000001
                ],
                [
                    1002.048,
                    741.96
                ],
                [
                    1002.048,
                    759.024
                ],
                [
                    1004.928,
                    771.984
                ],
                [
                    1006.08,
                    801.0360000000001
                ],
                [
                    1009.9200000000001,
                    813.9960000000001
                ],
                [
                    1011.0719999999999,
                    871.992
                ],
                [
                    1013.952,
                    886.032
                ],
                [
                    1013.952,
                    891.972
                ],
                [
                    1012.032,
                    895.968
                ],
                [
                    1002.048,
                    902.0160000000001
                ],
                [
                    958.08,
                    902.0160000000001
                ],
                [
                    948.096,
                    902.9879999999999
                ],
                [
                    937.92,
                    906.012
                ],
                [
                    926.016,
                    907.956
                ],
                [
                    897.024,
                    907.956
                ],
                [
                    888,
                    909.0360000000001
                ],
                [
                    879.9359999999999,
                    911.952
                ],
                [
                    872.064,
                    911.952
                ],
                [
                    838.08,
                    920.052
                ],
                [
                    821.952,
                    921.024
                ],
                [
                    816,
                    925.9920000000001
                ],
                [
                    807.936,
                    926.9639999999999
                ],
                [
                    801.024,
                    932.04
                ],
                [
                    792,
                    932.04
                ],
                [
                    777.024,
                    936.0360000000001
                ],
                [
                    753.984,
                    937.98
                ],
                [
                    729.024,
                    936.0360000000001
                ],
                [
                    714.048,
                    936.0360000000001
                ],
                [
                    691.968,
                    938.952
                ],
                [
                    684.096,
                    941.976
                ],
                [
                    666.048,
                    941.976
                ]
            ]
        }
    ]
}