{
    "IMAGE_INFO": {
        "FILE_NAME": "1033470@0_02001_221006_P1_T3__0826.jpg",
        "DATE": "2022-10-28 18:06:50",
        "RESOLUTION": "1920 x 1080",
        "IMAGE_PHOTOGRAPHER": "조신주",
        "FOCUS_DISTANCE": "8.0",
        "EXPOSURE_TIME": "1/160",
        "SENSITIVITY_ISO": "5000",
        "PLACE": "강북재활용센터",
        "REGION_NAME": null,
        "Direction": "0",
        "HEIGHT": "115",
        "DAY/NIGHT": "주간",
        "WEATHER": "맑음",
        "IMAGE_HEIGHT": 1080,
        "IMAGE_WIDTH": 1920,
        "IMAGE_SIZE": "510.2 KB"
    },
    "ANNOTATION_INFO": [
        {
            "ID": "1",
            "CLASS": "종이",
            "DETAILS": "종이",
            "DAMAGE": "원형",
            "DIRTINESS": "이물질(외부)",
            "COVER": "없음",
            "TRANSPARENCY": "불투명",
            "SHAPE": "낱장형",
            "SHAPE_TYPE": "POLYGON",
            "POINTS": [
                [
                    961.92,
                    749.952
                ],
                [
                    960,
                    748.008
                ],
                [
                    955.008,
                    748.008
                ],
                [
                    950.0160000000001,
                    744.9839999999999
                ],
                [
                    948.096,
                    744.9839999999999
                ],
                [
                    942.9119999999999,
                    740.988
                ],
                [
                    939.072,
                    740.988
                ],
                [
                    922.9440000000001,
                    729.972
                ],
                [
                    920.0640000000001,
                    729
                ],
                [
                    916.032,
                    725.976
                ],
                [
                    908.928,
                    722.952
                ],
                [
                    907.968,
                    721.98
                ],
                [
                    898.944,
                    718.9559999999999
                ],
                [
                    894.912,
                    718.9559999999999
                ],
                [
                    889.9200000000001,
                    717.9839999999999
                ],
                [
                    882.048,
                    713.016
                ],
                [
                    878.976,
                    712.044
                ],
                [
                    878.976,
                    710.9639999999999
                ],
                [
                    875.904,
                    709.02
                ],
                [
                    875.904,
                    706.968
                ],
                [
                    872.064,
                    704.052
                ],
                [
                    872.064,
                    702
                ],
                [
                    868.992,
                    701.028
                ],
                [
                    868.032,
                    698.976
                ],
                [
                    864.96,
                    698.976
                ],
                [
                    863.04,
                    695.952
                ],
                [
                    859.9680000000001,
                    694.9799999999999
                ],
                [
                    859.008,
                    694.0079999999999
                ],
                [
                    858.048,
                    691.956
                ],
                [
                    854.976,
                    691.956
                ],
                [
                    853.0559999999999,
                    689.04
                ],
                [
                    849.9839999999999,
                    689.04
                ],
                [
                    840,
                    682.992
                ],
                [
                    834.048,
                    678.9960000000001
                ],
                [
                    831.936,
                    675.972
                ],
                [
                    831.936,
                    671.976
                ],
                [
                    840,
                    655.9920000000001
                ],
                [
                    844.0319999999999,
                    643.032
                ],
                [
                    846.912,
                    636.984
                ],
                [
                    853.0559999999999,
                    629.964
                ],
                [
                    858.048,
                    620.028
                ],
                [
                    860.928,
                    617.004
                ],
                [
                    864.96,
                    606.96
                ],
                [
                    868.032,
                    604.044
                ],
                [
                    868.992,
                    600.048
                ],
                [
                    872.064,
                    597.996
                ],
                [
                    873.984,
                    591.948
                ],
                [
                    874.944,
                    591.948
                ],
                [
                    877.0559999999999,
                    585.036
                ],
                [
                    879.9359999999999,
                    582.9839999999999
                ],
                [
                    881.088,
                    581.0400000000001
                ],
                [
                    886.08,
                    577.044
                ],
                [
                    891.072,
                    570.996
                ],
                [
                    897.024,
                    570.996
                ],
                [
                    912,
                    578.988
                ],
                [
                    918.912,
                    581.0400000000001
                ],
                [
                    926.976,
                    586.0079999999999
                ],
                [
                    935.04,
                    589.032
                ],
                [
                    940.0319999999999,
                    590.004
                ],
                [
                    942.9119999999999,
                    591.948
                ],
                [
                    945.984,
                    593.028
                ],
                [
                    954.048,
                    598.968
                ],
                [
                    974.9760000000001,
                    610.956
                ],
                [
                    983.04,
                    617.004
                ],
                [
                    987.072,
                    617.976
                ],
                [
                    990.912,
                    620.028
                ],
                [
                    1019.904,
                    640.008
                ],
                [
                    1021.056,
                    643.032
                ],
                [
                    1012.032,
                    664.956
                ],
                [
                    1003.0079999999999,
                    678.9960000000001
                ],
                [
                    987.072,
                    710.9639999999999
                ],
                [
                    974.9760000000001,
                    729.972
                ],
                [
                    971.904,
                    737.964
                ],
                [
                    968.064,
                    744.9839999999999
                ],
                [
                    965.952,
                    747.036
                ],
                [
                    965.952,
                    748.008
                ]
            ]
        },
        {
            "ID": "2",
            "CLASS": "종이",
            "DETAILS": "종이",
            "DAMAGE": "손상",
            "DIRTINESS": "오염없음",
            "COVER": "없음",
            "TRANSPARENCY": "불투명",
            "SHAPE": "기타 형태",
            "SHAPE_TYPE": "POLYGON",
            "POINTS": [
                [
                    1191.9360000000001,
                    864.972
                ],
                [
                    1189.056,
                    863.028
                ],
                [
                    1188.096,
                    860.976
                ],
                [
                    1185.024,
                    845.9639999999999
                ],
                [
                    1180.0320000000002,
                    833.976
                ],
                [
                    1176,
                    818.9639999999999
                ],
                [
                    1175.04,
                    806.976
                ],
                [
                    1172.9279999999999,
                    798.0120000000001
                ],
                [
                    1170.048,
                    790.9920000000001
                ],
                [
                    1165.056,
                    770.04
                ],
                [
                    1161.984,
                    752.976
                ],
                [
                    1161.984,
                    737.964
                ],
                [
                    1158.912,
                    726.948
                ],
                [
                    1157.952,
                    720.036
                ],
                [
                    1157.952,
                    705.996
                ],
                [
                    1156.032,
                    697.0319999999999
                ],
                [
                    1156.032,
                    671.976
                ],
                [
                    1153.92,
                    658.044
                ],
                [
                    1153.92,
                    648
                ],
                [
                    1156.032,
                    639.0360000000001
                ],
                [
                    1156.032,
                    627.048
                ],
                [
                    1155.0720000000001,
                    621.972
                ],
                [
                    1156.032,
                    620.028
                ],
                [
                    1158.912,
                    620.028
                ],
                [
                    1160.0639999999999,
                    618.9480000000001
                ],
                [
                    1169.088,
                    618.9480000000001
                ],
                [
                    1176,
                    617.976
                ],
                [
                    1275.0720000000001,
                    617.976
                ],
                [
                    1287.936,
                    618.9480000000001
                ],
                [
                    1290.048,
                    624.024
                ],
                [
                    1290.048,
                    636.012
                ],
                [
                    1292.9279999999999,
                    662.04
                ],
                [
                    1292.9279999999999,
                    674.028
                ],
                [
                    1296.96,
                    699.948
                ],
                [
                    1296.96,
                    713.016
                ],
                [
                    1299.072,
                    724.032
                ],
                [
                    1299.072,
                    743.04
                ],
                [
                    1301.952,
                    758.052
                ],
                [
                    1305.024,
                    764.964
                ],
                [
                    1305.024,
                    772.956
                ],
                [
                    1308.096,
                    780.948
                ],
                [
                    1308.096,
                    786.024
                ],
                [
                    1313.088,
                    806.976
                ],
                [
                    1315.968,
                    814.9680000000001
                ],
                [
                    1316.9279999999999,
                    829.9799999999999
                ],
                [
                    1314.048,
                    833.004
                ],
                [
                    1300.0320000000002,
                    839.052
                ],
                [
                    1296.96,
                    839.052
                ],
                [
                    1291.008,
                    840.996
                ],
                [
                    1286.976,
                    840.996
                ],
                [
                    1272.96,
                    844.02
                ],
                [
                    1267.968,
                    847.044
                ],
                [
                    1242.048,
                    853.9559999999999
                ],
                [
                    1238.016,
                    853.9559999999999
                ],
                [
                    1233.9840000000002,
                    855.036
                ],
                [
                    1222.08,
                    860.004
                ],
                [
                    1219.008,
                    860.004
                ],
                [
                    1206.912,
                    864
                ]
            ]
        }
    ]
}