{
    "IMAGE_INFO": {
        "FILE_NAME": "1033551@0_02001_221006_P1_T3__2722.jpg",
        "DATE": "2022-10-28 18:11:53",
        "RESOLUTION": "1920 x 1080",
        "IMAGE_PHOTOGRAPHER": "조신주",
        "FOCUS_DISTANCE": "8.0",
        "EXPOSURE_TIME": "1/160",
        "SENSITIVITY_ISO": "5000",
        "PLACE": "강북재활용센터",
        "REGION_NAME": null,
        "Direction": "0",
        "HEIGHT": "115",
        "DAY/NIGHT": "주간",
        "WEATHER": "맑음",
        "IMAGE_HEIGHT": 1080,
        "IMAGE_WIDTH": 1920,
        "IMAGE_SIZE": "586.7 KB"
    },
    "ANNOTATION_INFO": [
        {
            "ID": "1",
            "CLASS": "종이",
            "DETAILS": "종이",
            "DAMAGE": "손상",
            "DIRTINESS": "이물질(외부)",
            "COVER": "없음",
            "TRANSPARENCY": "불투명",
            "SHAPE": "낱장형",
            "SHAPE_TYPE": "POLYGON",
            "POINTS": [
                [
                    1129.92,
                    321.948
                ],
                [
                    1113.9840000000002,
                    316.00800000000004
                ],
                [
                    1094.976,
                    303.048
                ],
                [
                    1094.0159999999998,
                    297.972
                ],
                [
                    1089.0240000000001,
                    294.94800000000004
                ],
                [
                    1080,
                    284.04
                ],
                [
                    1080,
                    274.968
                ],
                [
                    1088.0639999999999,
                    269.02799999999996
                ],
                [
                    1090.944,
                    262.00800000000004
                ],
                [
                    1091.904,
                    222.048
                ],
                [
                    1114.944,
                    162
                ],
                [
                    1123.968,
                    145.044
                ],
                [
                    1127.04,
                    142.992
                ],
                [
                    1138.944,
                    123.984
                ],
                [
                    1140.096,
                    118.044
                ],
                [
                    1147.008,
                    107.02799999999999
                ],
                [
                    1161.0240000000001,
                    91.044
                ],
                [
                    1184.064,
                    57.024
                ],
                [
                    1195.0079999999998,
                    15.011999999999999
                ],
                [
                    1194.048,
                    0
                ],
                [
                    1477.056,
                    0
                ],
                [
                    1473.9840000000002,
                    3.996
                ],
                [
                    1473.9840000000002,
                    8.964
                ],
                [
                    1462.08,
                    24.948
                ],
                [
                    1458.048,
                    27.971999999999998
                ],
                [
                    1449.984,
                    27.971999999999998
                ],
                [
                    1445.952,
                    24.948
                ],
                [
                    1440,
                    26.028
                ],
                [
                    1433.088,
                    34.992
                ],
                [
                    1433.088,
                    49.032000000000004
                ],
                [
                    1426.944,
                    56.052
                ],
                [
                    1425.9840000000002,
                    64.044
                ],
                [
                    1420.992,
                    69.012
                ],
                [
                    1415.04,
                    81
                ],
                [
                    1397.952,
                    116.964
                ],
                [
                    1391.04,
                    138.024
                ],
                [
                    1368.96,
                    181.008
                ],
                [
                    1350.912,
                    231.012
                ],
                [
                    1344.96,
                    242.028
                ],
                [
                    1344.96,
                    249.048
                ],
                [
                    1343.04,
                    251.964
                ],
                [
                    1324.032,
                    251.964
                ],
                [
                    1311.9360000000001,
                    254.016
                ],
                [
                    1290.048,
                    254.016
                ],
                [
                    1280.0639999999999,
                    255.95999999999998
                ],
                [
                    1228.992,
                    255.95999999999998
                ],
                [
                    1224.96,
                    253.044
                ],
                [
                    1206.912,
                    253.044
                ],
                [
                    1204.032,
                    254.988
                ],
                [
                    1200.9599999999998,
                    254.988
                ],
                [
                    1188.096,
                    266.00399999999996
                ],
                [
                    1171.008,
                    292.032
                ],
                [
                    1166.0159999999998,
                    294.94800000000004
                ],
                [
                    1161.0240000000001,
                    304.02
                ],
                [
                    1148.928,
                    316.00800000000004
                ],
                [
                    1140.096,
                    320.976
                ]
            ]
        },
        {
            "ID": "2",
            "CLASS": "종이",
            "DETAILS": "종이",
            "DAMAGE": "손상",
            "DIRTINESS": "이물질(외부)",
            "COVER": "없음",
            "TRANSPARENCY": "불투명",
            "SHAPE": "낱장형",
            "SHAPE_TYPE": "POLYGON",
            "POINTS": [
                [
                    365.952,
                    172.04399999999998
                ],
                [
                    359.04,
                    170.964
                ],
                [
                    335.03999999999996,
                    149.04000000000002
                ],
                [
                    318.912,
                    141.048
                ],
                [
                    308.928,
                    132.948
                ],
                [
                    302.01599999999996,
                    130.03199999999998
                ],
                [
                    294.912,
                    130.03199999999998
                ],
                [
                    283.968,
                    126.036
                ],
                [
                    269.952,
                    119.016
                ],
                [
                    250.94400000000002,
                    112.968
                ],
                [
                    239.04,
                    105.94800000000001
                ],
                [
                    236.928,
                    101.952
                ],
                [
                    230.01600000000002,
                    96.98400000000001
                ],
                [
                    230.01600000000002,
                    92.988
                ],
                [
                    225.024,
                    88.992
                ],
                [
                    216,
                    74.952
                ],
                [
                    201.984,
                    64.044
                ],
                [
                    180.096,
                    38.988
                ],
                [
                    177.984,
                    31.968
                ],
                [
                    167.04,
                    20.952
                ],
                [
                    163.96800000000002,
                    14.04
                ],
                [
                    173.952,
                    0.972
                ],
                [
                    617.0880000000001,
                    0
                ],
                [
                    609.9839999999999,
                    19.008000000000003
                ],
                [
                    604.992,
                    22.032
                ],
                [
                    598.08,
                    30.023999999999997
                ],
                [
                    580.992,
                    42.01199999999999
                ],
                [
                    562.9440000000001,
                    69.984
                ],
                [
                    548.928,
                    80.028
                ],
                [
                    547.968,
                    84.99600000000001
                ],
                [
                    543.936,
                    88.992
                ],
                [
                    538.944,
                    91.044
                ],
                [
                    537.024,
                    96.012
                ],
                [
                    528,
                    103.032
                ],
                [
                    521.088,
                    104.976
                ],
                [
                    491.904,
                    104.976
                ],
                [
                    489.984,
                    104.00399999999999
                ],
                [
                    474.048,
                    103.032
                ],
                [
                    455.03999999999996,
                    97.956
                ],
                [
                    445.05600000000004,
                    92.01599999999999
                ],
                [
                    425.088,
                    84.02399999999999
                ],
                [
                    398.976,
                    69.984
                ],
                [
                    384.96000000000004,
                    69.012
                ],
                [
                    377.08799999999997,
                    73.98
                ],
                [
                    363.072,
                    87.048
                ],
                [
                    355.968,
                    100.98
                ],
                [
                    355.968,
                    108.97200000000001
                ],
                [
                    360.96,
                    115.02
                ],
                [
                    365.952,
                    119.016
                ],
                [
                    373.056,
                    122.04
                ],
                [
                    384,
                    132.948
                ],
                [
                    378.048,
                    139.968
                ],
                [
                    377.08799999999997,
                    153.036
                ],
                [
                    373.056,
                    154.98
                ],
                [
                    365.952,
                    153.036
                ],
                [
                    356.928,
                    155.952
                ],
                [
                    356.928,
                    158.00400000000002
                ],
                [
                    363.072,
                    162
                ],
                [
                    378.048,
                    161.02800000000002
                ],
                [
                    379.96799999999996,
                    162.972
                ],
                [
                    379.96799999999996,
                    168.04799999999997
                ],
                [
                    370.944,
                    168.04799999999997
                ],
                [
                    368.064,
                    169.02
                ]
            ]
        },
        {
            "ID": "3",
            "CLASS": "종이",
            "DETAILS": "종이",
            "DAMAGE": "원형",
            "DIRTINESS": "이물질(외부)",
            "COVER": "없음",
            "TRANSPARENCY": "불투명",
            "SHAPE": "낱장형",
            "SHAPE_TYPE": "POLYGON",
            "POINTS": [
                [
                    778.944,
                    429.94800000000004
                ],
                [
                    768,
                    428.976
                ],
                [
                    757.0559999999999,
                    427.032
                ],
                [
                    737.0880000000001,
                    420.012
                ],
                [
                    718.08,
                    409.968
                ],
                [
                    711.936,
                    405.97200000000004
                ],
                [
                    710.976,
                    405.97200000000004
                ],
                [
                    706.9440000000001,
                    402.948
                ],
                [
                    706.9440000000001,
                    401.976
                ],
                [
                    704.0640000000001,
                    401.004
                ],
                [
                    702.9119999999999,
                    397.98
                ],
                [
                    699.072,
                    393.012
                ],
                [
                    695.04,
                    382.968
                ],
                [
                    691.968,
                    378.972
                ],
                [
                    686.016,
                    366.984
                ],
                [
                    686.016,
                    365.04
                ],
                [
                    681.984,
                    358.02000000000004
                ],
                [
                    678.912,
                    343.98
                ],
                [
                    677.952,
                    328.96799999999996
                ],
                [
                    681.984,
                    312.012
                ],
                [
                    691.008,
                    292.032
                ],
                [
                    699.072,
                    281.01599999999996
                ],
                [
                    706.9440000000001,
                    273.024
                ],
                [
                    716.928,
                    266.00399999999996
                ],
                [
                    726.912,
                    261.036
                ],
                [
                    740.928,
                    257.03999999999996
                ],
                [
                    744.96,
                    254.988
                ],
                [
                    754.944,
                    251.964
                ],
                [
                    757.0559999999999,
                    250.02
                ],
                [
                    763.0079999999999,
                    247.968
                ],
                [
                    772.032,
                    246.024
                ],
                [
                    782.016,
                    246.024
                ],
                [
                    797.952,
                    247.968
                ],
                [
                    807.936,
                    247.968
                ],
                [
                    824.0640000000001,
                    251.964
                ],
                [
                    825.984,
                    251.964
                ],
                [
                    839.04,
                    258.012
                ],
                [
                    848.064,
                    265.032
                ],
                [
                    854.016,
                    273.024
                ],
                [
                    864.96,
                    282.96000000000004
                ],
                [
                    868.992,
                    293.00399999999996
                ],
                [
                    873.984,
                    297.972
                ],
                [
                    874.944,
                    300.024
                ],
                [
                    875.904,
                    304.99199999999996
                ],
                [
                    874.944,
                    324
                ],
                [
                    875.904,
                    324.972
                ],
                [
                    875.904,
                    327.024
                ],
                [
                    882.048,
                    334.04400000000004
                ],
                [
                    883.968,
                    343.008
                ],
                [
                    883.0079999999999,
                    354.024
                ],
                [
                    879.9359999999999,
                    365.04
                ],
                [
                    873.984,
                    378
                ],
                [
                    865.9200000000001,
                    389.988
                ],
                [
                    858.048,
                    397.98
                ],
                [
                    854.976,
                    400.032
                ],
                [
                    851.904,
                    405.97200000000004
                ],
                [
                    844.992,
                    408.996
                ],
                [
                    836.928,
                    415.044
                ],
                [
                    822.9119999999999,
                    423.036
                ],
                [
                    814.0799999999999,
                    425.952
                ],
                [
                    811.008,
                    425.952
                ],
                [
                    793.92,
                    429.94800000000004
                ]
            ]
        },
        {
            "ID": "4",
            "CLASS": "종이",
            "DETAILS": "종이",
            "DAMAGE": "손상",
            "DIRTINESS": "이물질(외부)",
            "COVER": "없음",
            "TRANSPARENCY": "불투명",
            "SHAPE": "낱장형",
            "SHAPE_TYPE": "POLYGON",
            "POINTS": [
                [
                    1219.008,
                    496.044
                ],
                [
                    1215.936,
                    493.02000000000004
                ],
                [
                    1214.976,
                    489.024
                ],
                [
                    1214.0159999999998,
                    455.004
                ],
                [
                    1224.96,
                    411.048
                ],
                [
                    1229.952,
                    367.956
                ],
                [
                    1238.016,
                    339.98400000000004
                ],
                [
                    1249.92,
                    320.004
                ],
                [
                    1268.928,
                    305.964
                ],
                [
                    1280.0639999999999,
                    300.024
                ],
                [
                    1314.048,
                    273.024
                ],
                [
                    1316.9279999999999,
                    267.948
                ],
                [
                    1324.032,
                    263.952
                ],
                [
                    1333.056,
                    261.036
                ],
                [
                    1349.952,
                    258.012
                ],
                [
                    1363.968,
                    258.012
                ],
                [
                    1382.016,
                    259.956
                ],
                [
                    1388.928,
                    262.00800000000004
                ],
                [
                    1395.0720000000001,
                    267.948
                ],
                [
                    1403.904,
                    281.988
                ],
                [
                    1407.936,
                    292.032
                ],
                [
                    1411.968,
                    294.94800000000004
                ],
                [
                    1414.0800000000002,
                    299.05199999999996
                ],
                [
                    1416.96,
                    334.04400000000004
                ],
                [
                    1416.96,
                    374.004
                ],
                [
                    1417.92,
                    375.94800000000004
                ],
                [
                    1421.952,
                    378
                ],
                [
                    1426.944,
                    377.028
                ],
                [
                    1431.9360000000001,
                    371.952
                ],
                [
                    1434.048,
                    366.012
                ],
                [
                    1435.0079999999998,
                    366.984
                ],
                [
                    1435.0079999999998,
                    385.02
                ],
                [
                    1425.024,
                    393.98400000000004
                ],
                [
                    1416,
                    398.952
                ],
                [
                    1407.936,
                    415.044
                ],
                [
                    1407.936,
                    452.952
                ],
                [
                    1393.92,
                    466.992
                ],
                [
                    1387.968,
                    470.988
                ],
                [
                    1385.0880000000002,
                    470.988
                ],
                [
                    1369.92,
                    470.01599999999996
                ],
                [
                    1359.9360000000001,
                    467.964
                ],
                [
                    1344.96,
                    458.02799999999996
                ],
                [
                    1343.04,
                    454.032
                ],
                [
                    1337.088,
                    450.036
                ],
                [
                    1311.9360000000001,
                    470.01599999999996
                ],
                [
                    1305.024,
                    488.052
                ],
                [
                    1297.92,
                    492.048
                ],
                [
                    1295.04,
                    493.02000000000004
                ],
                [
                    1249.92,
                    493.02000000000004
                ],
                [
                    1238.016,
                    493.99199999999996
                ],
                [
                    1230.912,
                    496.044
                ]
            ]
        }
    ]
}