{
    "IMAGE_INFO": {
        "FILE_NAME": "1033396@0_02001_221006_P1_T3__2734.jpg",
        "DATE": "2022-10-28 18:11:54",
        "RESOLUTION": "1920 x 1080",
        "IMAGE_PHOTOGRAPHER": "조신주",
        "FOCUS_DISTANCE": "8.0",
        "EXPOSURE_TIME": "1/160",
        "SENSITIVITY_ISO": "5000",
        "PLACE": "강북재활용센터",
        "REGION_NAME": null,
        "Direction": "0",
        "HEIGHT": "115",
        "DAY/NIGHT": "주간",
        "WEATHER": "맑음",
        "IMAGE_HEIGHT": 1080,
        "IMAGE_WIDTH": 1920,
        "IMAGE_SIZE": "541.0 KB"
    },
    "ANNOTATION_INFO": [
        {
            "ID": "1",
            "CLASS": "종이",
            "DETAILS": "종이",
            "DAMAGE": "손상",
            "DIRTINESS": "오염없음",
            "COVER": "없음",
            "TRANSPARENCY": "불투명",
            "SHAPE": "기타 형태",
            "SHAPE_TYPE": "POLYGON",
            "POINTS": [
                [
                    508.992,
                    382.968
                ],
                [
                    500.92800000000005,
                    378.972
                ],
                [
                    484.99199999999996,
                    361.044
                ],
                [
                    474.048,
                    351.97200000000004
                ],
                [
                    451.008,
                    343.98
                ],
                [
                    440.06399999999996,
                    343.008
                ],
                [
                    416.064,
                    335.01599999999996
                ],
                [
                    399.93600000000004,
                    332.964
                ],
                [
                    393.984,
                    330.048
                ],
                [
                    375.936,
                    327.99600000000004
                ],
                [
                    369.98400000000004,
                    324.972
                ],
                [
                    351.936,
                    324
                ],
                [
                    340.992,
                    321.948
                ],
                [
                    332.928,
                    316.97999999999996
                ],
                [
                    332.928,
                    292.032
                ],
                [
                    339.072,
                    269.02799999999996
                ],
                [
                    344.064,
                    258.98400000000004
                ],
                [
                    344.064,
                    231.012
                ],
                [
                    336.96,
                    222.048
                ],
                [
                    336.96,
                    215.028
                ],
                [
                    341.952,
                    200.988
                ],
                [
                    347.904,
                    197.964
                ],
                [
                    350.01599999999996,
                    182.952
                ],
                [
                    355.00800000000004,
                    177.984
                ],
                [
                    354.048,
                    170.964
                ],
                [
                    350.01599999999996,
                    168.04799999999997
                ],
                [
                    344.064,
                    158.00400000000002
                ],
                [
                    321.984,
                    145.044
                ],
                [
                    292.992,
                    122.04
                ],
                [
                    287.03999999999996,
                    119.016
                ],
                [
                    284.928,
                    115.02
                ],
                [
                    269.952,
                    104.00399999999999
                ],
                [
                    254.016,
                    96.98400000000001
                ],
                [
                    240.96,
                    95.03999999999999
                ],
                [
                    235.00799999999998,
                    91.044
                ],
                [
                    231.936,
                    68.04
                ],
                [
                    221.952,
                    34.02
                ],
                [
                    219.07199999999997,
                    31.968
                ],
                [
                    219.07199999999997,
                    29.052
                ],
                [
                    211.00799999999998,
                    20.952
                ],
                [
                    201.984,
                    15.011999999999999
                ],
                [
                    188.928,
                    0
                ],
                [
                    686.016,
                    0
                ],
                [
                    684.096,
                    15.011999999999999
                ],
                [
                    692.928,
                    24.948
                ],
                [
                    691.968,
                    30.996
                ],
                [
                    695.04,
                    41.04
                ],
                [
                    704.0640000000001,
                    50.004
                ],
                [
                    710.0160000000001,
                    60.047999999999995
                ],
                [
                    711.936,
                    73.98
                ],
                [
                    708.096,
                    77.004
                ],
                [
                    700.992,
                    88.02000000000001
                ],
                [
                    692.928,
                    92.988
                ],
                [
                    691.968,
                    96.98400000000001
                ],
                [
                    681.984,
                    104.00399999999999
                ],
                [
                    676.9920000000001,
                    111.996
                ],
                [
                    671.04,
                    115.02
                ],
                [
                    668.928,
                    118.044
                ],
                [
                    667.968,
                    135
                ],
                [
                    671.04,
                    149.04000000000002
                ],
                [
                    672.9599999999999,
                    195.048
                ],
                [
                    668.928,
                    208.98000000000002
                ],
                [
                    667.968,
                    211.03199999999998
                ],
                [
                    656.064,
                    212.004
                ],
                [
                    654.912,
                    208.00799999999998
                ],
                [
                    648.96,
                    204.012
                ],
                [
                    644.928,
                    204.012
                ],
                [
                    630.912,
                    196.01999999999998
                ],
                [
                    623.04,
                    196.01999999999998
                ],
                [
                    590.0160000000001,
                    200.016
                ],
                [
                    570.048,
                    204.984
                ],
                [
                    555.072,
                    209.952
                ],
                [
                    551.04,
                    212.004
                ],
                [
                    551.04,
                    213.948
                ],
                [
                    534.912,
                    222.048
                ],
                [
                    528.96,
                    231.98399999999998
                ],
                [
                    527.0400000000001,
                    243.97199999999998
                ],
                [
                    518.016,
                    267.948
                ],
                [
                    515.904,
                    281.01599999999996
                ],
                [
                    512.064,
                    286.956
                ],
                [
                    512.064,
                    297
                ],
                [
                    507.072,
                    320.976
                ],
                [
                    507.072,
                    350.028
                ],
                [
                    510.91200000000003,
                    354.996
                ],
                [
                    512.064,
                    361.044
                ],
                [
                    512.064,
                    377.028
                ],
                [
                    508.992,
                    382.968
                ]
            ]
        },
        {
            "ID": "2",
            "CLASS": "종이",
            "DETAILS": "종이",
            "DAMAGE": "손상",
            "DIRTINESS": "이물질(외부)",
            "COVER": "없음",
            "TRANSPARENCY": "불투명",
            "SHAPE": "낱장형",
            "SHAPE_TYPE": "POLYGON",
            "POINTS": [
                [
                    1145.0880000000002,
                    640.98
                ],
                [
                    1116.096,
                    637.956
                ],
                [
                    1099.9679999999998,
                    633.9599999999999
                ],
                [
                    1081.92,
                    624.996
                ],
                [
                    1070.9759999999999,
                    623.052
                ],
                [
                    1056,
                    613.98
                ],
                [
                    1056,
                    594
                ],
                [
                    1064.064,
                    575.9639999999999
                ],
                [
                    1061.952,
                    558.0360000000001
                ],
                [
                    1055.04,
                    554.04
                ],
                [
                    1051.008,
                    547.02
                ],
                [
                    1046.976,
                    544.9680000000001
                ],
                [
                    1043.904,
                    513.972
                ],
                [
                    1040.0639999999999,
                    506.952
                ],
                [
                    1035.0720000000001,
                    502.956
                ],
                [
                    1031.04,
                    501.984
                ],
                [
                    1027.008,
                    504.036
                ],
                [
                    1017.984,
                    505.00800000000004
                ],
                [
                    997.0559999999999,
                    513
                ],
                [
                    980.928,
                    513.972
                ],
                [
                    974.9760000000001,
                    515.052
                ],
                [
                    965.952,
                    519.048
                ],
                [
                    953.088,
                    520.02
                ],
                [
                    922.9440000000001,
                    516.024
                ],
                [
                    907.968,
                    512.028
                ],
                [
                    887.0400000000001,
                    502.956
                ],
                [
                    872.064,
                    504.036
                ],
                [
                    864.96,
                    509.976
                ],
                [
                    858.048,
                    510.94800000000004
                ],
                [
                    854.016,
                    508.032
                ],
                [
                    854.016,
                    504.036
                ],
                [
                    846.912,
                    497.988
                ],
                [
                    838.08,
                    494.964
                ],
                [
                    825.024,
                    494.964
                ],
                [
                    805.056,
                    488.052
                ],
                [
                    792.9599999999999,
                    486.97200000000004
                ],
                [
                    788.928,
                    483.948
                ],
                [
                    788.928,
                    478.008
                ],
                [
                    796.032,
                    465.048
                ],
                [
                    802.9440000000001,
                    456.948
                ],
                [
                    805.056,
                    451.00800000000004
                ],
                [
                    811.008,
                    447.012
                ],
                [
                    834.048,
                    411.048
                ],
                [
                    844.992,
                    405
                ],
                [
                    864.96,
                    398.952
                ],
                [
                    887.0400000000001,
                    385.02
                ],
                [
                    902.976,
                    378
                ],
                [
                    944.0640000000001,
                    355.968
                ],
                [
                    953.088,
                    354.024
                ],
                [
                    961.92,
                    348.948
                ],
                [
                    985.92,
                    340.95599999999996
                ],
                [
                    1008.9599999999999,
                    335.01599999999996
                ],
                [
                    1014.9119999999999,
                    331.02
                ],
                [
                    1031.04,
                    324.972
                ],
                [
                    1086.912,
                    312.984
                ],
                [
                    1095.936,
                    308.988
                ],
                [
                    1123.008,
                    304.99199999999996
                ],
                [
                    1145.0880000000002,
                    304.02
                ],
                [
                    1150.08,
                    300.024
                ],
                [
                    1153.92,
                    299.05199999999996
                ],
                [
                    1158.912,
                    299.05199999999996
                ],
                [
                    1167.936,
                    300.996
                ],
                [
                    1176.96,
                    307.044
                ],
                [
                    1195.0079999999998,
                    315.036
                ],
                [
                    1242.048,
                    347.00399999999996
                ],
                [
                    1259.904,
                    362.016
                ],
                [
                    1270.08,
                    365.04
                ],
                [
                    1276.992,
                    369.036
                ],
                [
                    1281.984,
                    385.02
                ],
                [
                    1283.904,
                    412.02
                ],
                [
                    1283.904,
                    443.016
                ],
                [
                    1280.0639999999999,
                    450.036
                ],
                [
                    1281.984,
                    461.052
                ],
                [
                    1278.912,
                    466.02
                ],
                [
                    1278.912,
                    490.968
                ],
                [
                    1280.0639999999999,
                    500.04
                ],
                [
                    1287.936,
                    517.9680000000001
                ],
                [
                    1278.912,
                    535.032
                ],
                [
                    1263.936,
                    551.9879999999999
                ],
                [
                    1258.944,
                    563.004
                ],
                [
                    1243.968,
                    582.0120000000001
                ],
                [
                    1229.952,
                    609.012
                ],
                [
                    1225.9199999999998,
                    610.956
                ],
                [
                    1224,
                    617.004
                ],
                [
                    1219.008,
                    620.028
                ],
                [
                    1217.088,
                    624.024
                ],
                [
                    1196.9279999999999,
                    624.024
                ],
                [
                    1185.024,
                    628.02
                ],
                [
                    1176.96,
                    632.9879999999999
                ],
                [
                    1157.952,
                    640.98
                ],
                [
                    1145.0880000000002,
                    640.98
                ]
            ]
        },
        {
            "ID": "3",
            "CLASS": "종이",
            "DETAILS": "종이",
            "DAMAGE": "손상",
            "DIRTINESS": "오염없음",
            "COVER": "없음",
            "TRANSPARENCY": "불투명",
            "SHAPE": "낱장형",
            "SHAPE_TYPE": "POLYGON",
            "POINTS": [
                [
                    848.064,
                    369.036
                ],
                [
                    831.936,
                    354.996
                ],
                [
                    829.056,
                    347.00399999999996
                ],
                [
                    824.0640000000001,
                    344.952
                ],
                [
                    822.9119999999999,
                    338.04
                ],
                [
                    826.9440000000001,
                    332.964
                ],
                [
                    840,
                    326.052
                ],
                [
                    840.96,
                    323.02799999999996
                ],
                [
                    850.944,
                    316.00800000000004
                ],
                [
                    853.0559999999999,
                    312.012
                ],
                [
                    875.904,
                    289.98
                ],
                [
                    878.016,
                    285.984
                ],
                [
                    888.96,
                    277.02
                ],
                [
                    902.016,
                    270
                ],
                [
                    907.968,
                    263.952
                ],
                [
                    908.928,
                    259.956
                ],
                [
                    912.9599999999999,
                    258.012
                ],
                [
                    913.92,
                    254.016
                ],
                [
                    931.968,
                    243.97199999999998
                ],
                [
                    946.9440000000001,
                    227.988
                ],
                [
                    961.92,
                    219.024
                ],
                [
                    968.064,
                    212.976
                ],
                [
                    975.9359999999999,
                    209.952
                ],
                [
                    988.992,
                    196.99200000000002
                ],
                [
                    1018.944,
                    182.952
                ],
                [
                    1032.96,
                    182.952
                ],
                [
                    1037.952,
                    185.00400000000002
                ],
                [
                    1045.056,
                    185.00400000000002
                ],
                [
                    1069.056,
                    177.984
                ],
                [
                    1074.048,
                    177.984
                ],
                [
                    1081.92,
                    174.96
                ],
                [
                    1112.064,
                    169.99200000000002
                ],
                [
                    1128.96,
                    169.02
                ],
                [
                    1147.968,
                    169.02
                ],
                [
                    1174.0800000000002,
                    172.04399999999998
                ],
                [
                    1182.912,
                    174.96
                ],
                [
                    1189.056,
                    174.96
                ],
                [
                    1204.032,
                    177.984
                ],
                [
                    1218.048,
                    181.98000000000002
                ],
                [
                    1220.928,
                    185.00400000000002
                ],
                [
                    1220.928,
                    192.024
                ],
                [
                    1210.944,
                    216.972
                ],
                [
                    1210.944,
                    223.992
                ],
                [
                    1204.032,
                    247.968
                ],
                [
                    1196.9279999999999,
                    261.036
                ],
                [
                    1185.9840000000002,
                    266.976
                ],
                [
                    1182.912,
                    276.048
                ],
                [
                    1182.912,
                    285.984
                ],
                [
                    1177.92,
                    300.996
                ],
                [
                    1171.968,
                    303.048
                ],
                [
                    1161.984,
                    299.05199999999996
                ],
                [
                    1156.032,
                    299.05199999999996
                ],
                [
                    1140.096,
                    305.964
                ],
                [
                    1119.9360000000001,
                    305.964
                ],
                [
                    1094.0159999999998,
                    311.03999999999996
                ],
                [
                    1065.9840000000002,
                    319.032
                ],
                [
                    1045.056,
                    321.948
                ],
                [
                    994.944,
                    336.96
                ],
                [
                    968.064,
                    340.95599999999996
                ],
                [
                    927.936,
                    343.008
                ],
                [
                    916.032,
                    346.03200000000004
                ],
                [
                    886.08,
                    347.00399999999996
                ],
                [
                    872.064,
                    354.024
                ],
                [
                    867.072,
                    359.964
                ],
                [
                    848.064,
                    369.036
                ]
            ]
        },
        {
            "ID": "4",
            "CLASS": "종이",
            "DETAILS": "종이",
            "DAMAGE": "손상",
            "DIRTINESS": "오염없음",
            "COVER": "없음",
            "TRANSPARENCY": "불투명",
            "SHAPE": "낱장형",
            "SHAPE_TYPE": "POLYGON",
            "POINTS": [
                [
                    1281.0240000000001,
                    465.048
                ],
                [
                    1280.0639999999999,
                    452.952
                ],
                [
                    1281.0240000000001,
                    447.984
                ],
                [
                    1286.0159999999998,
                    439.99199999999996
                ],
                [
                    1286.0159999999998,
                    374.004
                ],
                [
                    1283.904,
                    369.036
                ],
                [
                    1281.0240000000001,
                    366.012
                ],
                [
                    1272,
                    366.012
                ],
                [
                    1259.904,
                    362.016
                ],
                [
                    1252.032,
                    357.048
                ],
                [
                    1248,
                    351.97200000000004
                ],
                [
                    1243.968,
                    351
                ],
                [
                    1229.952,
                    339.012
                ],
                [
                    1215.936,
                    331.992
                ],
                [
                    1205.952,
                    321.948
                ],
                [
                    1196.9279999999999,
                    316.00800000000004
                ],
                [
                    1190.016,
                    313.956
                ],
                [
                    1179.072,
                    305.964
                ],
                [
                    1177.92,
                    296.028
                ],
                [
                    1180.0320000000002,
                    272.052
                ],
                [
                    1185.9840000000002,
                    263.952
                ],
                [
                    1191.9360000000001,
                    263.952
                ],
                [
                    1200,
                    258.012
                ],
                [
                    1200,
                    254.016
                ],
                [
                    1205.952,
                    239.976
                ],
                [
                    1209.984,
                    236.95200000000003
                ],
                [
                    1218.048,
                    238.032
                ],
                [
                    1225.9199999999998,
                    243
                ],
                [
                    1239.9360000000001,
                    243.97199999999998
                ],
                [
                    1249.92,
                    249.048
                ],
                [
                    1262.016,
                    250.02
                ],
                [
                    1270.08,
                    254.988
                ],
                [
                    1280.0639999999999,
                    255.95999999999998
                ],
                [
                    1286.976,
                    261.036
                ],
                [
                    1301.952,
                    263.952
                ],
                [
                    1311.9360000000001,
                    270
                ],
                [
                    1320,
                    273.024
                ],
                [
                    1329.984,
                    273.024
                ],
                [
                    1334.0159999999998,
                    272.052
                ],
                [
                    1339.9679999999998,
                    266.00399999999996
                ],
                [
                    1340.928,
                    261.036
                ],
                [
                    1348.032,
                    254.016
                ],
                [
                    1356.096,
                    254.988
                ],
                [
                    1362.048,
                    262.00800000000004
                ],
                [
                    1376.064,
                    270
                ],
                [
                    1382.976,
                    277.992
                ],
                [
                    1382.016,
                    285.984
                ],
                [
                    1371.072,
                    317.952
                ],
                [
                    1364.9279999999999,
                    330.048
                ],
                [
                    1342.08,
                    392.03999999999996
                ],
                [
                    1334.0159999999998,
                    421.956
                ],
                [
                    1328.0639999999999,
                    434.05199999999996
                ],
                [
                    1328.0639999999999,
                    438.048
                ],
                [
                    1321.92,
                    447.012
                ],
                [
                    1310.9759999999999,
                    452.952
                ],
                [
                    1301.952,
                    455.976
                ],
                [
                    1299.072,
                    459
                ],
                [
                    1286.976,
                    463.96799999999996
                ],
                [
                    1281.0240000000001,
                    465.048
                ]
            ]
        }
    ]
}