{
    "IMAGE_INFO": {
        "FILE_NAME": "1033412@0_02001_221006_P1_T3__1152.jpg",
        "DATE": "2022-10-28 18:07:43",
        "RESOLUTION": "1920 x 1080",
        "IMAGE_PHOTOGRAPHER": "조신주",
        "FOCUS_DISTANCE": "8.0",
        "EXPOSURE_TIME": "1/160",
        "SENSITIVITY_ISO": "5000",
        "PLACE": "강북재활용센터",
        "REGION_NAME": null,
        "Direction": "0",
        "HEIGHT": "115",
        "DAY/NIGHT": "주간",
        "WEATHER": "맑음",
        "IMAGE_HEIGHT": 1080,
        "IMAGE_WIDTH": 1920,
        "IMAGE_SIZE": "576.9 KB"
    },
    "ANNOTATION_INFO": [
        {
            "ID": "1",
            "CLASS": "종이",
            "DETAILS": "종이",
            "DAMAGE": "손상",
            "DIRTINESS": "이물질(외부)",
            "COVER": "없음",
            "TRANSPARENCY": "불투명",
            "SHAPE": "박스형",
            "SHAPE_TYPE": "POLYGON",
            "POINTS": [
                [
                    383.04,
                    771.984
                ],
                [
                    374.976,
                    768.9599999999999
                ],
                [
                    369.024,
                    763.02
                ],
                [
                    361.92,
                    749.952
                ],
                [
                    354.048,
                    740.988
                ],
                [
                    340.03200000000004,
                    701.028
                ],
                [
                    335.03999999999996,
                    675
                ],
                [
                    331.008,
                    667.008
                ],
                [
                    327.93600000000004,
                    654.048
                ],
                [
                    327.93600000000004,
                    643.032
                ],
                [
                    321.984,
                    617.004
                ],
                [
                    316.992,
                    602.964
                ],
                [
                    316.032,
                    579.96
                ],
                [
                    317.952,
                    558.0360000000001
                ],
                [
                    316.032,
                    529.956
                ],
                [
                    321.024,
                    510.94800000000004
                ],
                [
                    330.048,
                    488.052
                ],
                [
                    330.048,
                    486
                ],
                [
                    322.94399999999996,
                    478.008
                ],
                [
                    326.016,
                    466.02
                ],
                [
                    327.93600000000004,
                    440.964
                ],
                [
                    336.96,
                    439.99199999999996
                ],
                [
                    350.01599999999996,
                    443.016
                ],
                [
                    355.968,
                    446.03999999999996
                ],
                [
                    363.072,
                    447.012
                ],
                [
                    369.98400000000004,
                    450.036
                ],
                [
                    377.08799999999997,
                    451.00800000000004
                ],
                [
                    383.04,
                    454.032
                ],
                [
                    406.08,
                    459
                ],
                [
                    412.03200000000004,
                    462.024
                ],
                [
                    423.936,
                    463.96799999999996
                ],
                [
                    427.008,
                    466.02
                ],
                [
                    433.92,
                    466.992
                ],
                [
                    441.984,
                    470.988
                ],
                [
                    444.096,
                    474.012
                ],
                [
                    442.94399999999996,
                    485.028
                ],
                [
                    436.032,
                    505.00800000000004
                ],
                [
                    436.992,
                    524.9879999999999
                ],
                [
                    445.05600000000004,
                    550.044
                ],
                [
                    457.91999999999996,
                    562.0319999999999
                ],
                [
                    449.08799999999997,
                    605.988
                ],
                [
                    432.96000000000004,
                    635.04
                ],
                [
                    432.96000000000004,
                    650.052
                ],
                [
                    430.08,
                    658.044
                ],
                [
                    427.008,
                    679.9680000000001
                ],
                [
                    422.01599999999996,
                    687.96
                ],
                [
                    416.064,
                    713.988
                ],
                [
                    408.96,
                    728.028
                ],
                [
                    403.008,
                    747.036
                ],
                [
                    398.976,
                    752.976
                ],
                [
                    394.94399999999996,
                    767.0160000000001
                ],
                [
                    392.06399999999996,
                    771.012
                ],
                [
                    388.032,
                    771.984
                ],
                [
                    383.04,
                    771.984
                ]
            ]
        },
        {
            "ID": "2",
            "CLASS": "종이",
            "DETAILS": "종이",
            "DAMAGE": "원형",
            "DIRTINESS": "이물질(외부)",
            "COVER": "겹침",
            "TRANSPARENCY": "불투명",
            "SHAPE": "기타 형태",
            "SHAPE_TYPE": "POLYGON",
            "POINTS": [
                [
                    385.92,
                    358.99199999999996
                ],
                [
                    380.928,
                    357.048
                ],
                [
                    378.048,
                    355.968
                ],
                [
                    370.944,
                    351
                ],
                [
                    368.064,
                    350.028
                ],
                [
                    364.99199999999996,
                    347.976
                ],
                [
                    358.08,
                    342.036
                ],
                [
                    350.976,
                    339.012
                ],
                [
                    346.944,
                    335.988
                ],
                [
                    340.992,
                    331.992
                ],
                [
                    337.91999999999996,
                    331.02
                ],
                [
                    337.91999999999996,
                    324.972
                ],
                [
                    346.944,
                    309.96
                ],
                [
                    350.01599999999996,
                    305.964
                ],
                [
                    354.048,
                    297.972
                ],
                [
                    356.928,
                    289.98
                ],
                [
                    359.04,
                    285.984
                ],
                [
                    366.912,
                    273.996
                ],
                [
                    370.944,
                    262.98
                ],
                [
                    379.008,
                    251.964
                ],
                [
                    383.04,
                    243.97199999999998
                ],
                [
                    383.04,
                    240.94799999999998
                ],
                [
                    387.072,
                    236.95200000000003
                ],
                [
                    387.072,
                    235.00799999999998
                ],
                [
                    388.032,
                    235.00799999999998
                ],
                [
                    389.952,
                    232.95600000000002
                ],
                [
                    393.024,
                    232.95600000000002
                ],
                [
                    393.984,
                    235.00799999999998
                ],
                [
                    395.904,
                    236.95200000000003
                ],
                [
                    397.05600000000004,
                    236.95200000000003
                ],
                [
                    398.976,
                    239.004
                ],
                [
                    398.976,
                    255.95999999999998
                ],
                [
                    399.93600000000004,
                    257.03999999999996
                ],
                [
                    408,
                    262.00800000000004
                ],
                [
                    412.03200000000004,
                    265.032
                ],
                [
                    412.03200000000004,
                    276.048
                ],
                [
                    414.912,
                    277.992
                ],
                [
                    421.056,
                    284.04
                ],
                [
                    421.056,
                    285.984
                ],
                [
                    425.088,
                    285.984
                ],
                [
                    425.088,
                    289.008
                ],
                [
                    423.936,
                    292.032
                ],
                [
                    422.976,
                    296.028
                ],
                [
                    420.096,
                    299.05199999999996
                ],
                [
                    420.096,
                    303.048
                ],
                [
                    413.952,
                    312.012
                ],
                [
                    412.992,
                    315.036
                ],
                [
                    411.072,
                    317.952
                ],
                [
                    408,
                    324
                ],
                [
                    408,
                    327.99600000000004
                ],
                [
                    406.08,
                    331.992
                ],
                [
                    402.048,
                    339.012
                ],
                [
                    392.06399999999996,
                    354.996
                ],
                [
                    390.91200000000003,
                    357.048
                ],
                [
                    388.992,
                    358.99199999999996
                ],
                [
                    385.92,
                    358.99199999999996
                ]
            ]
        },
        {
            "ID": "3",
            "CLASS": "종이",
            "DETAILS": "종이",
            "DAMAGE": "손상",
            "DIRTINESS": "오염없음",
            "COVER": "없음",
            "TRANSPARENCY": "불투명",
            "SHAPE": "낱장형",
            "SHAPE_TYPE": "POLYGON",
            "POINTS": [
                [
                    1612.032,
                    633.9599999999999
                ],
                [
                    1608,
                    628.9920000000001
                ],
                [
                    1608,
                    625.968
                ],
                [
                    1611.072,
                    612.036
                ],
                [
                    1614.9119999999998,
                    605.0160000000001
                ],
                [
                    1616.064,
                    598.968
                ],
                [
                    1612.992,
                    596.0519999999999
                ],
                [
                    1606.08,
                    591.948
                ],
                [
                    1587.0720000000001,
                    590.004
                ],
                [
                    1580.928,
                    586.98
                ],
                [
                    1569.0240000000001,
                    577.044
                ],
                [
                    1555.0079999999998,
                    574.992
                ],
                [
                    1550.9759999999999,
                    570.024
                ],
                [
                    1534.0800000000002,
                    567
                ],
                [
                    1521.984,
                    563.004
                ],
                [
                    1507.968,
                    555.0120000000001
                ],
                [
                    1498.944,
                    547.02
                ],
                [
                    1487.04,
                    543.024
                ],
                [
                    1473.024,
                    531.0360000000001
                ],
                [
                    1458.048,
                    525.96
                ],
                [
                    1443.0720000000001,
                    516.996
                ],
                [
                    1435.968,
                    516.024
                ],
                [
                    1430.016,
                    513
                ],
                [
                    1419.072,
                    513
                ],
                [
                    1416.96,
                    512.028
                ],
                [
                    1410.048,
                    502.956
                ],
                [
                    1403.904,
                    482.976
                ],
                [
                    1400.0639999999999,
                    479.952
                ],
                [
                    1392.96,
                    478.008
                ],
                [
                    1388.928,
                    471.96
                ],
                [
                    1372.032,
                    455.976
                ],
                [
                    1371.072,
                    447.984
                ],
                [
                    1403.904,
                    397.008
                ],
                [
                    1407.936,
                    381.99600000000004
                ],
                [
                    1410.048,
                    323.02799999999996
                ],
                [
                    1412.9279999999999,
                    311.03999999999996
                ],
                [
                    1412.9279999999999,
                    296.028
                ],
                [
                    1416.96,
                    292.032
                ],
                [
                    1414.0800000000002,
                    284.04
                ],
                [
                    1415.04,
                    262.98
                ],
                [
                    1417.92,
                    253.044
                ],
                [
                    1421.952,
                    251.964
                ],
                [
                    1426.944,
                    251.964
                ],
                [
                    1453.056,
                    254.988
                ],
                [
                    1498.944,
                    255.95999999999998
                ],
                [
                    1508.928,
                    258.012
                ],
                [
                    1512.96,
                    262.00800000000004
                ],
                [
                    1516.032,
                    277.992
                ],
                [
                    1513.92,
                    300.024
                ],
                [
                    1517.952,
                    316.00800000000004
                ],
                [
                    1526.976,
                    332.964
                ],
                [
                    1526.976,
                    336.96
                ],
                [
                    1532.9279999999999,
                    344.952
                ],
                [
                    1535.04,
                    354.996
                ],
                [
                    1548.096,
                    381.99600000000004
                ],
                [
                    1553.088,
                    397.008
                ],
                [
                    1564.032,
                    416.988
                ],
                [
                    1564.9920000000002,
                    425.952
                ],
                [
                    1574.0159999999998,
                    448.956
                ],
                [
                    1588.992,
                    470.01599999999996
                ],
                [
                    1589.952,
                    481.03200000000004
                ],
                [
                    1598.016,
                    493.02000000000004
                ],
                [
                    1603.008,
                    508.032
                ],
                [
                    1603.968,
                    520.02
                ],
                [
                    1637.952,
                    551.016
                ],
                [
                    1646.976,
                    554.04
                ],
                [
                    1652.9279999999999,
                    563.976
                ],
                [
                    1652.9279999999999,
                    582.9839999999999
                ],
                [
                    1657.92,
                    590.976
                ],
                [
                    1657.92,
                    594.972
                ],
                [
                    1650.048,
                    608.04
                ],
                [
                    1638.912,
                    617.976
                ],
                [
                    1627.968,
                    625.968
                ],
                [
                    1622.976,
                    627.048
                ],
                [
                    1612.032,
                    633.9599999999999
                ]
            ]
        },
        {
            "ID": "4",
            "CLASS": "종이",
            "DETAILS": "종이",
            "DAMAGE": "손상",
            "DIRTINESS": "오염없음",
            "COVER": "없음",
            "TRANSPARENCY": "불투명",
            "SHAPE": "박스형",
            "SHAPE_TYPE": "POLYGON",
            "POINTS": [
                [
                    750.912,
                    863.028
                ],
                [
                    724.992,
                    861.948
                ],
                [
                    702.9119999999999,
                    849.96
                ],
                [
                    696.96,
                    844.992
                ],
                [
                    689.088,
                    843.048
                ],
                [
                    662.016,
                    829.9799999999999
                ],
                [
                    638.976,
                    814.9680000000001
                ],
                [
                    630.912,
                    813.024
                ],
                [
                    611.904,
                    803.952
                ],
                [
                    574.0799999999999,
                    782.028
                ],
                [
                    561.024,
                    768.9599999999999
                ],
                [
                    556.9920000000001,
                    749.952
                ],
                [
                    557.952,
                    728.028
                ],
                [
                    565.056,
                    683.9639999999999
                ],
                [
                    565.056,
                    597.024
                ],
                [
                    569.088,
                    586.98
                ],
                [
                    569.088,
                    575.9639999999999
                ],
                [
                    576,
                    547.02
                ],
                [
                    576.96,
                    489.024
                ],
                [
                    580.0319999999999,
                    474.012
                ],
                [
                    582.9119999999999,
                    420.984
                ],
                [
                    588.096,
                    394.956
                ],
                [
                    588.096,
                    366.984
                ],
                [
                    581.952,
                    340.95599999999996
                ],
                [
                    582.9119999999999,
                    324
                ],
                [
                    579.072,
                    316.97999999999996
                ],
                [
                    580.0319999999999,
                    311.03999999999996
                ],
                [
                    601.92,
                    301.968
                ],
                [
                    614.976,
                    300.024
                ],
                [
                    619.9680000000001,
                    297.972
                ],
                [
                    624,
                    293.00399999999996
                ],
                [
                    628.032,
                    293.00399999999996
                ],
                [
                    647.0400000000001,
                    276.048
                ],
                [
                    670.0799999999999,
                    246.024
                ],
                [
                    672.9599999999999,
                    245.052
                ],
                [
                    675.072,
                    239.004
                ],
                [
                    687.936,
                    222.048
                ],
                [
                    689.088,
                    212.976
                ],
                [
                    699.072,
                    208.98000000000002
                ],
                [
                    710.0160000000001,
                    201.96
                ],
                [
                    719.04,
                    201.96
                ],
                [
                    731.904,
                    197.964
                ],
                [
                    739.9680000000001,
                    200.016
                ],
                [
                    753.984,
                    208.98000000000002
                ],
                [
                    764.928,
                    211.03199999999998
                ],
                [
                    785.088,
                    211.03199999999998
                ],
                [
                    814.0799999999999,
                    216.972
                ],
                [
                    825.984,
                    223.992
                ],
                [
                    833.088,
                    231.98399999999998
                ],
                [
                    839.04,
                    235.00799999999998
                ],
                [
                    849.024,
                    246.024
                ],
                [
                    849.024,
                    250.02
                ],
                [
                    859.9680000000001,
                    265.032
                ],
                [
                    889.9200000000001,
                    316.97999999999996
                ],
                [
                    902.016,
                    355.968
                ],
                [
                    889.9200000000001,
                    429.94800000000004
                ],
                [
                    886.08,
                    436.968
                ],
                [
                    882.048,
                    469.04400000000004
                ],
                [
                    878.976,
                    474.012
                ],
                [
                    872.064,
                    505.98
                ],
                [
                    870.912,
                    521.964
                ],
                [
                    865.9200000000001,
                    536.976
                ],
                [
                    859.9680000000001,
                    573.048
                ],
                [
                    849.024,
                    610.956
                ],
                [
                    840.96,
                    667.008
                ],
                [
                    830.0160000000001,
                    686.016
                ],
                [
                    815.04,
                    698.976
                ],
                [
                    815.04,
                    708.048
                ],
                [
                    821.952,
                    721.0079999999999
                ],
                [
                    819.072,
                    739.044
                ],
                [
                    819.072,
                    763.02
                ],
                [
                    815.04,
                    772.956
                ],
                [
                    804.096,
                    786.024
                ],
                [
                    800.0640000000001,
                    797.04
                ],
                [
                    781.056,
                    813.024
                ],
                [
                    769.9200000000001,
                    825.984
                ],
                [
                    763.0079999999999,
                    839.052
                ],
                [
                    762.048,
                    857.952
                ],
                [
                    757.0559999999999,
                    861.948
                ],
                [
                    750.912,
                    863.028
                ]
            ]
        },
        {
            "ID": "5",
            "CLASS": "종이",
            "DETAILS": "종이",
            "DAMAGE": "손상",
            "DIRTINESS": "오염없음",
            "COVER": "겹침",
            "TRANSPARENCY": "불투명",
            "SHAPE": "낱장형",
            "SHAPE_TYPE": "POLYGON",
            "POINTS": [
                [
                    299.904,
                    1080
                ],
                [
                    297.98400000000004,
                    1060.992
                ],
                [
                    311.04,
                    1049.0040000000001
                ],
                [
                    312.96000000000004,
                    1045.008
                ],
                [
                    318.912,
                    1038.96
                ],
                [
                    327.93600000000004,
                    1033.02
                ],
                [
                    335.03999999999996,
                    1025.028
                ],
                [
                    345.984,
                    1017.036
                ],
                [
                    368.064,
                    1009.044
                ],
                [
                    369.98400000000004,
                    1002.024
                ],
                [
                    375.936,
                    999
                ],
                [
                    379.008,
                    998.028
                ],
                [
                    411.072,
                    995.004
                ],
                [
                    423.936,
                    995.004
                ],
                [
                    428.928,
                    995.976
                ],
                [
                    447.93600000000004,
                    994.032
                ],
                [
                    470.01599999999996,
                    988.9559999999999
                ],
                [
                    483.072,
                    983.988
                ],
                [
                    488.06399999999996,
                    983.988
                ],
                [
                    527.0400000000001,
                    972.972
                ],
                [
                    571.008,
                    964.9799999999999
                ],
                [
                    581.952,
                    964.9799999999999
                ],
                [
                    608.064,
                    967.0319999999999
                ],
                [
                    653.952,
                    967.0319999999999
                ],
                [
                    716.928,
                    972.972
                ],
                [
                    745.9200000000001,
                    974.052
                ],
                [
                    767.0400000000001,
                    976.968
                ],
                [
                    782.976,
                    978.048
                ],
                [
                    787.0079999999999,
                    979.992
                ],
                [
                    791.04,
                    983.988
                ],
                [
                    792,
                    991.0079999999999
                ],
                [
                    792,
                    1038.96
                ],
                [
                    793.92,
                    1046.952
                ],
                [
                    800.0640000000001,
                    1053
                ],
                [
                    801.984,
                    1060.992
                ],
                [
                    801.984,
                    1080
                ],
                [
                    299.904,
                    1080
                ]
            ]
        },
        {
            "ID": "6",
            "CLASS": "종이",
            "DETAILS": "종이",
            "DAMAGE": "원형",
            "DIRTINESS": "오염없음",
            "COVER": "없음",
            "TRANSPARENCY": "불투명",
            "SHAPE": "박스형",
            "SHAPE_TYPE": "POLYGON",
            "POINTS": [
                [
                    690.048,
                    219.99599999999998
                ],
                [
                    687.936,
                    216
                ],
                [
                    681.024,
                    212.004
                ],
                [
                    637.0559999999999,
                    208.98000000000002
                ],
                [
                    603.072,
                    208.00799999999998
                ],
                [
                    577.92,
                    204.984
                ],
                [
                    553.92,
                    204.012
                ],
                [
                    545.088,
                    201.96
                ],
                [
                    508.032,
                    200.988
                ],
                [
                    489.984,
                    197.964
                ],
                [
                    470.976,
                    196.99200000000002
                ],
                [
                    457.91999999999996,
                    193.96800000000002
                ],
                [
                    442.94399999999996,
                    192.996
                ],
                [
                    425.088,
                    189.972
                ],
                [
                    421.056,
                    188.028
                ],
                [
                    417.98400000000004,
                    184.03199999999998
                ],
                [
                    416.064,
                    172.04399999999998
                ],
                [
                    417.98400000000004,
                    42.01199999999999
                ],
                [
                    416.064,
                    4.968
                ],
                [
                    417.98400000000004,
                    3.996
                ],
                [
                    417.98400000000004,
                    0
                ],
                [
                    835.9680000000001,
                    0
                ],
                [
                    829.056,
                    14.04
                ],
                [
                    829.056,
                    30.023999999999997
                ],
                [
                    843.072,
                    61.02
                ],
                [
                    849.024,
                    65.988
                ],
                [
                    849.9839999999999,
                    73.008
                ],
                [
                    854.016,
                    76.03200000000001
                ],
                [
                    855.9359999999999,
                    80.028
                ],
                [
                    857.0880000000001,
                    108.97200000000001
                ],
                [
                    860.928,
                    123.984
                ],
                [
                    859.008,
                    162
                ],
                [
                    863.04,
                    178.956
                ],
                [
                    863.04,
                    211.03199999999998
                ],
                [
                    857.0880000000001,
                    213.948
                ],
                [
                    849.024,
                    216
                ],
                [
                    826.9440000000001,
                    216.972
                ],
                [
                    763.968,
                    216
                ],
                [
                    753.024,
                    218.052
                ],
                [
                    737.0880000000001,
                    216.972
                ],
                [
                    734.016,
                    211.03199999999998
                ],
                [
                    724.992,
                    207.036
                ],
                [
                    709.056,
                    209.952
                ],
                [
                    701.952,
                    212.976
                ],
                [
                    696.96,
                    218.052
                ],
                [
                    690.048,
                    219.99599999999998
                ]
            ]
        }
    ]
}