{
    "IMAGE_INFO": {
        "FILE_NAME": "1033540@0_02001_221006_P1_T3__2800.jpg",
        "DATE": "2022-10-28 18:12:04",
        "RESOLUTION": "1920 x 1080",
        "IMAGE_PHOTOGRAPHER": "조신주",
        "FOCUS_DISTANCE": "8.0",
        "EXPOSURE_TIME": "1/160",
        "SENSITIVITY_ISO": "5000",
        "PLACE": "강북재활용센터",
        "REGION_NAME": null,
        "Direction": "0",
        "HEIGHT": "115",
        "DAY/NIGHT": "주간",
        "WEATHER": "맑음",
        "IMAGE_HEIGHT": 1080,
        "IMAGE_WIDTH": 1920,
        "IMAGE_SIZE": "588.4 KB"
    },
    "ANNOTATION_INFO": [
        {
            "ID": "1",
            "CLASS": "종이",
            "DETAILS": "종이",
            "DAMAGE": "완전압착",
            "DIRTINESS": "오염없음",
            "COVER": "없음",
            "TRANSPARENCY": "불투명",
            "SHAPE": "종이컵형",
            "SHAPE_TYPE": "POLYGON",
            "POINTS": [
                [
                    883.968,
                    276.048
                ],
                [
                    858.048,
                    273.024
                ],
                [
                    844.0319999999999,
                    266.976
                ],
                [
                    838.08,
                    262.00800000000004
                ],
                [
                    828.096,
                    259.956
                ],
                [
                    825.024,
                    255.95999999999998
                ],
                [
                    816,
                    254.016
                ],
                [
                    777.984,
                    223.992
                ],
                [
                    762.048,
                    208.00799999999998
                ],
                [
                    758.016,
                    205.95600000000002
                ],
                [
                    749.952,
                    205.95600000000002
                ],
                [
                    745.9200000000001,
                    196.01999999999998
                ],
                [
                    734.016,
                    182.952
                ],
                [
                    728.064,
                    170.964
                ],
                [
                    728.064,
                    164.05200000000002
                ],
                [
                    735.9359999999999,
                    142.02
                ],
                [
                    747.072,
                    130.03199999999998
                ],
                [
                    753.984,
                    126.036
                ],
                [
                    783.936,
                    118.044
                ],
                [
                    820.0319999999999,
                    115.99199999999999
                ],
                [
                    848.064,
                    115.99199999999999
                ],
                [
                    858.048,
                    118.044
                ],
                [
                    872.064,
                    126.036
                ],
                [
                    875.904,
                    126.036
                ],
                [
                    889.9200000000001,
                    131.976
                ],
                [
                    908.928,
                    147.96
                ],
                [
                    907.968,
                    200.988
                ],
                [
                    893.952,
                    262.00800000000004
                ],
                [
                    891.072,
                    270
                ],
                [
                    883.968,
                    276.048
                ]
            ]
        },
        {
            "ID": "2",
            "CLASS": "종이",
            "DETAILS": "종이",
            "DAMAGE": "손상",
            "DIRTINESS": "이물질(내부)",
            "COVER": "겹침",
            "TRANSPARENCY": "불투명",
            "SHAPE": "종이컵형",
            "SHAPE_TYPE": "POLYGON",
            "POINTS": [
                [
                    1362.048,
                    651.024
                ],
                [
                    1358.016,
                    648
                ],
                [
                    1334.976,
                    650.052
                ],
                [
                    1323.0720000000001,
                    648
                ],
                [
                    1316.9279999999999,
                    640.008
                ],
                [
                    1318.08,
                    604.044
                ],
                [
                    1314.048,
                    596.0519999999999
                ],
                [
                    1291.968,
                    567.972
                ],
                [
                    1280.0639999999999,
                    560.952
                ],
                [
                    1267.968,
                    548.9639999999999
                ],
                [
                    1266.048,
                    519.048
                ],
                [
                    1268.928,
                    504.036
                ],
                [
                    1277.952,
                    478.008
                ],
                [
                    1287.936,
                    462.024
                ],
                [
                    1314.048,
                    434.05199999999996
                ],
                [
                    1334.0159999999998,
                    423.036
                ],
                [
                    1347.0720000000001,
                    412.02
                ],
                [
                    1371.072,
                    400.032
                ],
                [
                    1386.048,
                    389.988
                ],
                [
                    1449.0240000000001,
                    359.964
                ],
                [
                    1479.9360000000001,
                    347.976
                ],
                [
                    1526.0159999999998,
                    334.04400000000004
                ],
                [
                    1541.952,
                    334.04400000000004
                ],
                [
                    1548.096,
                    338.04
                ],
                [
                    1560,
                    358.02000000000004
                ],
                [
                    1571.904,
                    400.032
                ],
                [
                    1571.904,
                    411.048
                ],
                [
                    1541.952,
                    489.024
                ],
                [
                    1526.976,
                    536.976
                ],
                [
                    1520.0639999999999,
                    550.044
                ],
                [
                    1507.968,
                    563.976
                ],
                [
                    1454.976,
                    594
                ],
                [
                    1425.9840000000002,
                    614.952
                ],
                [
                    1421.952,
                    621.972
                ],
                [
                    1403.904,
                    640.008
                ],
                [
                    1395.0720000000001,
                    644.976
                ],
                [
                    1390.08,
                    644.976
                ],
                [
                    1382.976,
                    650.052
                ],
                [
                    1377.984,
                    651.024
                ],
                [
                    1362.048,
                    651.024
                ]
            ]
        },
        {
            "ID": "3",
            "CLASS": "종이",
            "DETAILS": "종이",
            "DAMAGE": "손상",
            "DIRTINESS": "이물질(외부)",
            "COVER": "겹침",
            "TRANSPARENCY": "불투명",
            "SHAPE": "박스형",
            "SHAPE_TYPE": "POLYGON",
            "POINTS": [
                [
                    1169.088,
                    255.95999999999998
                ],
                [
                    1156.992,
                    247.968
                ],
                [
                    1147.008,
                    238.032
                ],
                [
                    1147.008,
                    232.95600000000002
                ],
                [
                    1137.984,
                    219.99599999999998
                ],
                [
                    1134.9119999999998,
                    185.976
                ],
                [
                    1128.96,
                    162
                ],
                [
                    1122.048,
                    137.05200000000002
                ],
                [
                    1113.9840000000002,
                    127.97999999999999
                ],
                [
                    1108.992,
                    111.024
                ],
                [
                    1108.992,
                    99.036
                ],
                [
                    1103.04,
                    77.976
                ],
                [
                    1103.04,
                    65.01599999999999
                ],
                [
                    1091.904,
                    0
                ],
                [
                    1335.936,
                    0
                ],
                [
                    1334.0159999999998,
                    3.996
                ],
                [
                    1335.936,
                    15.011999999999999
                ],
                [
                    1338.048,
                    20.952
                ],
                [
                    1344,
                    24.948
                ],
                [
                    1342.08,
                    43.956
                ],
                [
                    1344,
                    108
                ],
                [
                    1348.992,
                    116.964
                ],
                [
                    1347.0720000000001,
                    146.016
                ],
                [
                    1356.096,
                    203.04
                ],
                [
                    1353.024,
                    212.976
                ],
                [
                    1333.056,
                    219.024
                ],
                [
                    1321.92,
                    219.99599999999998
                ],
                [
                    1294.0800000000002,
                    228.95999999999998
                ],
                [
                    1282.944,
                    230.04
                ],
                [
                    1244.9279999999999,
                    240.94799999999998
                ],
                [
                    1220.928,
                    243.97199999999998
                ],
                [
                    1190.016,
                    255.95999999999998
                ],
                [
                    1169.088,
                    255.95999999999998
                ]
            ]
        },
        {
            "ID": "4",
            "CLASS": "종이",
            "DETAILS": "종이",
            "DAMAGE": "원형",
            "DIRTINESS": "오염없음",
            "COVER": "겹침",
            "TRANSPARENCY": "불투명",
            "SHAPE": "낱장형",
            "SHAPE_TYPE": "POLYGON",
            "POINTS": [
                [
                    1468.032,
                    1080
                ],
                [
                    1468.032,
                    1072.98
                ],
                [
                    1464,
                    1071.036
                ],
                [
                    1467.0720000000001,
                    1068.012
                ],
                [
                    1467.0720000000001,
                    1064.988
                ],
                [
                    1470.912,
                    1064.0159999999998
                ],
                [
                    1472.064,
                    1053
                ],
                [
                    1476.096,
                    1050.9479999999999
                ],
                [
                    1477.056,
                    1046.952
                ],
                [
                    1483.008,
                    1045.008
                ],
                [
                    1483.008,
                    1041.984
                ],
                [
                    1488,
                    1045.008
                ],
                [
                    1488.96,
                    1042.956
                ],
                [
                    1492.992,
                    1041.984
                ],
                [
                    1497.024,
                    1037.016
                ],
                [
                    1499.904,
                    1036.044
                ],
                [
                    1501.056,
                    1032.048
                ],
                [
                    1505.0880000000002,
                    1029.996
                ],
                [
                    1512,
                    1022.976
                ],
                [
                    1512.96,
                    1018.98
                ],
                [
                    1516.032,
                    1018.008
                ],
                [
                    1522.944,
                    1009.044
                ],
                [
                    1523.904,
                    1005.048
                ],
                [
                    1532.9279999999999,
                    994.032
                ],
                [
                    1532.9279999999999,
                    991.98
                ],
                [
                    1539.072,
                    987.0120000000001
                ],
                [
                    1539.072,
                    983.988
                ],
                [
                    1542.912,
                    979.992
                ],
                [
                    1542.912,
                    975.996
                ],
                [
                    1546.944,
                    968.004
                ],
                [
                    1559.0400000000002,
                    959.04
                ],
                [
                    1560,
                    955.044
                ],
                [
                    1570.944,
                    945
                ],
                [
                    1570.944,
                    942.948
                ],
                [
                    1574.976,
                    940.0319999999999
                ],
                [
                    1575.936,
                    937.008
                ],
                [
                    1582.08,
                    932.04
                ],
                [
                    1582.08,
                    929.016
                ],
                [
                    1593.9840000000002,
                    917.028
                ],
                [
                    1594.944,
                    913.032
                ],
                [
                    1599.9360000000001,
                    910.008
                ],
                [
                    1617.984,
                    918.972
                ],
                [
                    1620.096,
                    921.024
                ],
                [
                    1717.056,
                    972
                ],
                [
                    1718.9759999999999,
                    974.052
                ],
                [
                    1774.0800000000002,
                    1001.0519999999999
                ],
                [
                    1781.952,
                    1009.044
                ],
                [
                    1794.048,
                    1017.036
                ],
                [
                    1794.048,
                    1021.032
                ],
                [
                    1785.024,
                    1029.024
                ],
                [
                    1745.0880000000002,
                    1080
                ],
                [
                    1468.032,
                    1080
                ]
            ]
        }
    ]
}