{
    "IMAGE_INFO": {
        "FILE_NAME": "1033377@0_02001_221006_P1_T3__1965.jpg",
        "DATE": "2022-10-28 18:09:50",
        "RESOLUTION": "1920 x 1080",
        "IMAGE_PHOTOGRAPHER": "조신주",
        "FOCUS_DISTANCE": "8.0",
        "EXPOSURE_TIME": "1/160",
        "SENSITIVITY_ISO": "5000",
        "PLACE": "강북재활용센터",
        "REGION_NAME": null,
        "Direction": "0",
        "HEIGHT": "115",
        "DAY/NIGHT": "주간",
        "WEATHER": "맑음",
        "IMAGE_HEIGHT": 1080,
        "IMAGE_WIDTH": 1920,
        "IMAGE_SIZE": "583.6 KB"
    },
    "ANNOTATION_INFO": [
        {
            "ID": "1",
            "CLASS": "종이",
            "DETAILS": "종이",
            "DAMAGE": "손상",
            "DIRTINESS": "이물질(외부)",
            "COVER": "없음",
            "TRANSPARENCY": "불투명",
            "SHAPE": "기타 형태",
            "SHAPE_TYPE": "POLYGON",
            "POINTS": [
                [
                    1602.048,
                    986.0400000000001
                ],
                [
                    1578.048,
                    983.988
                ],
                [
                    1561.92,
                    972
                ],
                [
                    1554.048,
                    961.956
                ],
                [
                    1541.952,
                    953.9639999999999
                ],
                [
                    1481.088,
                    953.9639999999999
                ],
                [
                    1473.9840000000002,
                    956.9879999999999
                ],
                [
                    1464.96,
                    956.9879999999999
                ],
                [
                    1443.0720000000001,
                    952.02
                ],
                [
                    1438.08,
                    948.9960000000001
                ],
                [
                    1416.96,
                    944.028
                ],
                [
                    1405.056,
                    942.948
                ],
                [
                    1385.0880000000002,
                    937.008
                ],
                [
                    1380.096,
                    933.0120000000001
                ],
                [
                    1373.952,
                    932.04
                ],
                [
                    1353.9840000000002,
                    920.052
                ],
                [
                    1347.0720000000001,
                    910.98
                ],
                [
                    1344,
                    891
                ],
                [
                    1345.9199999999998,
                    866.0519999999999
                ],
                [
                    1342.08,
                    834.948
                ],
                [
                    1345.9199999999998,
                    805.0319999999999
                ],
                [
                    1345.9199999999998,
                    641.952
                ],
                [
                    1347.0720000000001,
                    636.012
                ],
                [
                    1350.912,
                    629.964
                ],
                [
                    1352.064,
                    616.032
                ],
                [
                    1356.096,
                    608.04
                ],
                [
                    1356.096,
                    594.972
                ],
                [
                    1352.064,
                    589.032
                ],
                [
                    1353.9840000000002,
                    582.9839999999999
                ],
                [
                    1380.096,
                    582.9839999999999
                ],
                [
                    1574.976,
                    583.9559999999999
                ],
                [
                    1664.064,
                    586.0079999999999
                ],
                [
                    1734.9119999999998,
                    590.004
                ],
                [
                    1739.904,
                    594
                ],
                [
                    1742.016,
                    651.024
                ],
                [
                    1745.0880000000002,
                    663.984
                ],
                [
                    1745.0880000000002,
                    745.956
                ],
                [
                    1742.976,
                    759.024
                ],
                [
                    1747.008,
                    772.956
                ],
                [
                    1745.0880000000002,
                    786.996
                ],
                [
                    1752,
                    795.96
                ],
                [
                    1761.984,
                    802.98
                ],
                [
                    1756.992,
                    806.0039999999999
                ],
                [
                    1760.0639999999999,
                    813.9960000000001
                ],
                [
                    1771.968,
                    821.016
                ],
                [
                    1771.968,
                    833.004
                ],
                [
                    1767.936,
                    837.972
                ],
                [
                    1766.976,
                    859.032
                ],
                [
                    1762.944,
                    863.028
                ],
                [
                    1760.0639999999999,
                    874.044
                ],
                [
                    1757.952,
                    894.996
                ],
                [
                    1755.0720000000001,
                    895.968
                ],
                [
                    1745.0880000000002,
                    894.996
                ],
                [
                    1737.984,
                    902.0160000000001
                ],
                [
                    1737.024,
                    945.972
                ],
                [
                    1729.92,
                    952.992
                ],
                [
                    1724.9279999999999,
                    953.9639999999999
                ],
                [
                    1699.008,
                    953.9639999999999
                ],
                [
                    1671.9360000000001,
                    952.992
                ],
                [
                    1665.9840000000002,
                    948.9960000000001
                ],
                [
                    1659.072,
                    948.024
                ],
                [
                    1654.0800000000002,
                    948.9960000000001
                ],
                [
                    1647.936,
                    959.04
                ],
                [
                    1642.944,
                    963.0360000000001
                ],
                [
                    1631.04,
                    963.0360000000001
                ],
                [
                    1626.048,
                    967.0319999999999
                ],
                [
                    1625.0880000000002,
                    971.028
                ]
            ]
        },
        {
            "ID": "2",
            "CLASS": "종이",
            "DETAILS": "종이",
            "DAMAGE": "손상",
            "DIRTINESS": "이물질(외부)",
            "COVER": "없음",
            "TRANSPARENCY": "불투명",
            "SHAPE": "종이컵형",
            "SHAPE_TYPE": "POLYGON",
            "POINTS": [
                [
                    154.944,
                    1080
                ],
                [
                    154.944,
                    1073.952
                ],
                [
                    157.05599999999998,
                    1067.04
                ],
                [
                    158.016,
                    1060.02
                ],
                [
                    159.936,
                    1053
                ],
                [
                    159.936,
                    1046.952
                ],
                [
                    163.008,
                    1029.996
                ],
                [
                    163.008,
                    987.0120000000001
                ],
                [
                    161.088,
                    978.048
                ],
                [
                    161.088,
                    932.04
                ],
                [
                    162.048,
                    930.96
                ],
                [
                    166.07999999999998,
                    928.044
                ],
                [
                    168,
                    925.0200000000001
                ],
                [
                    174.912,
                    920.052
                ],
                [
                    176.06400000000002,
                    920.052
                ],
                [
                    181.05599999999998,
                    915.948
                ],
                [
                    187.008,
                    911.952
                ],
                [
                    195.072,
                    907.956
                ],
                [
                    203.904,
                    903.9599999999999
                ],
                [
                    214.08,
                    901.0440000000001
                ],
                [
                    220.992,
                    899.964
                ],
                [
                    224.064,
                    898.9920000000001
                ],
                [
                    225.984,
                    898.9920000000001
                ],
                [
                    230.976,
                    898.02
                ],
                [
                    254.016,
                    898.02
                ],
                [
                    267.072,
                    898.9920000000001
                ],
                [
                    277.05600000000004,
                    899.964
                ],
                [
                    294.912,
                    899.964
                ],
                [
                    302.01599999999996,
                    901.0440000000001
                ],
                [
                    306.048,
                    901.0440000000001
                ],
                [
                    313.92,
                    903.9599999999999
                ],
                [
                    316.032,
                    903.9599999999999
                ],
                [
                    316.992,
                    905.04
                ],
                [
                    318.912,
                    906.012
                ],
                [
                    321.984,
                    906.984
                ],
                [
                    322.94399999999996,
                    909.0360000000001
                ],
                [
                    324.096,
                    913.032
                ],
                [
                    324.096,
                    918.972
                ],
                [
                    326.016,
                    925.0200000000001
                ],
                [
                    326.976,
                    929.016
                ],
                [
                    327.93600000000004,
                    937.98
                ],
                [
                    327.93600000000004,
                    941.976
                ],
                [
                    331.008,
                    952.992
                ],
                [
                    331.008,
                    959.04
                ],
                [
                    332.928,
                    968.976
                ],
                [
                    332.928,
                    978.048
                ],
                [
                    334.08,
                    982.044
                ],
                [
                    334.08,
                    987.0120000000001
                ],
                [
                    336.96,
                    991.98
                ],
                [
                    336.96,
                    995.976
                ],
                [
                    339.072,
                    1001.0519999999999
                ],
                [
                    340.03200000000004,
                    1005.048
                ],
                [
                    340.03200000000004,
                    1007.964
                ],
                [
                    340.992,
                    1017.036
                ],
                [
                    341.952,
                    1018.98
                ],
                [
                    342.91200000000003,
                    1022.004
                ],
                [
                    345.024,
                    1030.968
                ],
                [
                    345.024,
                    1037.988
                ],
                [
                    346.944,
                    1049.0040000000001
                ],
                [
                    347.904,
                    1056.996
                ],
                [
                    350.976,
                    1064.0159999999998
                ],
                [
                    355.00800000000004,
                    1080
                ]
            ]
        }
    ]
}