{
    "IMAGE_INFO": {
        "FILE_NAME": "1033344@0_02001_221006_P1_T3__2758.jpg",
        "DATE": "2022-10-28 18:11:58",
        "RESOLUTION": "1920 x 1080",
        "IMAGE_PHOTOGRAPHER": "조신주",
        "FOCUS_DISTANCE": "8.0",
        "EXPOSURE_TIME": "1/160",
        "SENSITIVITY_ISO": "5000",
        "PLACE": "강북재활용센터",
        "REGION_NAME": null,
        "Direction": "0",
        "HEIGHT": "115",
        "DAY/NIGHT": "주간",
        "WEATHER": "맑음",
        "IMAGE_HEIGHT": 1080,
        "IMAGE_WIDTH": 1920,
        "IMAGE_SIZE": "570.2 KB"
    },
    "ANNOTATION_INFO": [
        {
            "ID": "1",
            "CLASS": "종이",
            "DETAILS": "종이",
            "DAMAGE": "손상",
            "DIRTINESS": "이물질(외부)",
            "COVER": "없음",
            "TRANSPARENCY": "불투명",
            "SHAPE": "종이컵형",
            "SHAPE_TYPE": "POLYGON",
            "POINTS": [
                [
                    1181.952,
                    937.008
                ],
                [
                    1179.072,
                    936.0360000000001
                ],
                [
                    1128.96,
                    894.996
                ],
                [
                    1127.04,
                    891
                ],
                [
                    1116.096,
                    880.956
                ],
                [
                    1105.9199999999998,
                    867.996
                ],
                [
                    1094.0159999999998,
                    848.016
                ],
                [
                    1084.032,
                    824.04
                ],
                [
                    1078.08,
                    818.9639999999999
                ],
                [
                    1074.048,
                    810
                ],
                [
                    1073.088,
                    802.008
                ],
                [
                    1061.952,
                    786.024
                ],
                [
                    1056.96,
                    772.956
                ],
                [
                    1051.008,
                    763.9920000000001
                ],
                [
                    1046.0159999999998,
                    741.96
                ],
                [
                    1040.0639999999999,
                    729
                ],
                [
                    1040.0639999999999,
                    724.032
                ],
                [
                    1036.032,
                    713.988
                ],
                [
                    1033.92,
                    699.948
                ],
                [
                    1027.968,
                    689.04
                ],
                [
                    1027.008,
                    675.972
                ],
                [
                    1031.04,
                    671.976
                ],
                [
                    1050.048,
                    663.0120000000001
                ],
                [
                    1080,
                    656.9639999999999
                ],
                [
                    1088.0639999999999,
                    654.048
                ],
                [
                    1095.936,
                    651.996
                ],
                [
                    1100.928,
                    651.996
                ],
                [
                    1127.04,
                    644.976
                ],
                [
                    1153.92,
                    643.032
                ],
                [
                    1166.0159999999998,
                    640.008
                ],
                [
                    1179.072,
                    639.0360000000001
                ],
                [
                    1190.016,
                    636.012
                ],
                [
                    1204.9920000000002,
                    635.04
                ],
                [
                    1215.936,
                    632.0160000000001
                ],
                [
                    1225.9199999999998,
                    631.0440000000001
                ],
                [
                    1229.952,
                    628.02
                ],
                [
                    1236.096,
                    627.048
                ],
                [
                    1251.072,
                    625.968
                ],
                [
                    1265.0880000000002,
                    623.052
                ],
                [
                    1287.936,
                    621
                ],
                [
                    1329.984,
                    621
                ],
                [
                    1334.976,
                    625.968
                ],
                [
                    1337.088,
                    639.0360000000001
                ],
                [
                    1342.08,
                    752.976
                ],
                [
                    1344.96,
                    764.964
                ],
                [
                    1344.96,
                    794.9879999999999
                ],
                [
                    1348.032,
                    802.98
                ],
                [
                    1349.952,
                    825.984
                ],
                [
                    1348.992,
                    864
                ],
                [
                    1337.088,
                    914.004
                ],
                [
                    1333.056,
                    922.9680000000001
                ],
                [
                    1329.0240000000001,
                    926.9639999999999
                ],
                [
                    1324.9920000000002,
                    928.044
                ],
                [
                    1316.9279999999999,
                    926.9639999999999
                ],
                [
                    1310.016,
                    929.016
                ],
                [
                    1296,
                    929.9879999999999
                ],
                [
                    1252.032,
                    929.9879999999999
                ],
                [
                    1203.0720000000001,
                    928.044
                ],
                [
                    1196.9279999999999,
                    933.0120000000001
                ],
                [
                    1190.9759999999999,
                    933.984
                ],
                [
                    1189.056,
                    936.0360000000001
                ]
            ]
        },
        {
            "ID": "2",
            "CLASS": "종이",
            "DETAILS": "종이",
            "DAMAGE": "손상",
            "DIRTINESS": "이물질(외부)",
            "COVER": "겹침",
            "TRANSPARENCY": "불투명",
            "SHAPE": "종이컵형",
            "SHAPE_TYPE": "POLYGON",
            "POINTS": [
                [
                    788.928,
                    195.048
                ],
                [
                    786.048,
                    193.96800000000002
                ],
                [
                    762.048,
                    191.052
                ],
                [
                    748.032,
                    189.972
                ],
                [
                    737.0880000000001,
                    185.00400000000002
                ],
                [
                    734.016,
                    185.00400000000002
                ],
                [
                    731.904,
                    182.952
                ],
                [
                    733.0559999999999,
                    177.984
                ],
                [
                    734.976,
                    177.012
                ],
                [
                    735.9359999999999,
                    174.96
                ],
                [
                    738.048,
                    166.968
                ],
                [
                    737.0880000000001,
                    155.952
                ],
                [
                    739.008,
                    150.012
                ],
                [
                    739.008,
                    141.048
                ],
                [
                    739.9680000000001,
                    135.972
                ],
                [
                    742.08,
                    132.948
                ],
                [
                    742.08,
                    104.976
                ],
                [
                    734.976,
                    97.956
                ],
                [
                    734.016,
                    96.012
                ],
                [
                    729.024,
                    92.988
                ],
                [
                    714.048,
                    92.988
                ],
                [
                    708.096,
                    91.044
                ],
                [
                    690.048,
                    91.044
                ],
                [
                    687.936,
                    87.048
                ],
                [
                    690.048,
                    73.98
                ],
                [
                    696,
                    64.044
                ],
                [
                    700.0319999999999,
                    56.052
                ],
                [
                    700.0319999999999,
                    54
                ],
                [
                    701.952,
                    51.94799999999999
                ],
                [
                    702.9119999999999,
                    49.032000000000004
                ],
                [
                    705.984,
                    46.98
                ],
                [
                    705.984,
                    43.956
                ],
                [
                    711.936,
                    38.988
                ],
                [
                    715.008,
                    34.992
                ],
                [
                    723.072,
                    30.996
                ],
                [
                    726.912,
                    30.996
                ],
                [
                    729.024,
                    31.968
                ],
                [
                    731.904,
                    31.968
                ],
                [
                    748.992,
                    37.044
                ],
                [
                    759.9359999999999,
                    42.01199999999999
                ],
                [
                    766.08,
                    46.007999999999996
                ],
                [
                    777.984,
                    49.032000000000004
                ],
                [
                    782.016,
                    50.976
                ],
                [
                    786.048,
                    50.976
                ],
                [
                    787.0079999999999,
                    49.032000000000004
                ],
                [
                    790.0799999999999,
                    47.952000000000005
                ],
                [
                    792.9599999999999,
                    49.032000000000004
                ],
                [
                    798.912,
                    53.028
                ],
                [
                    807.936,
                    54.972
                ],
                [
                    812.928,
                    58.968
                ],
                [
                    824.0640000000001,
                    70.95599999999999
                ],
                [
                    835.008,
                    88.02000000000001
                ],
                [
                    840,
                    111.996
                ],
                [
                    840.96,
                    122.04
                ],
                [
                    844.0319999999999,
                    128.952
                ],
                [
                    844.0319999999999,
                    135
                ],
                [
                    849.9839999999999,
                    150.984
                ],
                [
                    849.9839999999999,
                    154.008
                ],
                [
                    853.0559999999999,
                    165.024
                ],
                [
                    857.0880000000001,
                    173.988
                ],
                [
                    859.008,
                    182.952
                ],
                [
                    859.008,
                    185.00400000000002
                ],
                [
                    857.0880000000001,
                    188.028
                ],
                [
                    854.976,
                    189
                ],
                [
                    848.064,
                    189.972
                ],
                [
                    844.0319999999999,
                    192.024
                ],
                [
                    841.92,
                    192.024
                ],
                [
                    839.04,
                    192.996
                ],
                [
                    835.9680000000001,
                    192.996
                ],
                [
                    833.088,
                    193.96800000000002
                ],
                [
                    821.952,
                    193.96800000000002
                ],
                [
                    815.04,
                    195.048
                ]
            ]
        },
        {
            "ID": "3",
            "CLASS": "종이",
            "DETAILS": "종이",
            "DAMAGE": "손상",
            "DIRTINESS": "이물질(외부)",
            "COVER": "없음",
            "TRANSPARENCY": "불투명",
            "SHAPE": "종이컵형",
            "SHAPE_TYPE": "POLYGON",
            "POINTS": [
                [
                    643.968,
                    231.012
                ],
                [
                    638.976,
                    228.95999999999998
                ],
                [
                    637.0559999999999,
                    228.95999999999998
                ],
                [
                    634.944,
                    230.04
                ],
                [
                    627.072,
                    230.04
                ],
                [
                    613.0559999999999,
                    222.048
                ],
                [
                    610.944,
                    219.024
                ],
                [
                    603.072,
                    212.004
                ],
                [
                    593.088,
                    200.016
                ],
                [
                    585.984,
                    189.972
                ],
                [
                    576.96,
                    180.03599999999997
                ],
                [
                    575.04,
                    169.02
                ],
                [
                    572.928,
                    165.996
                ],
                [
                    571.008,
                    158.976
                ],
                [
                    569.088,
                    157.032
                ],
                [
                    567.936,
                    149.04000000000002
                ],
                [
                    565.056,
                    146.016
                ],
                [
                    565.056,
                    143.964
                ],
                [
                    561.984,
                    138.996
                ],
                [
                    561.024,
                    135
                ],
                [
                    558.912,
                    132.948
                ],
                [
                    557.952,
                    127.008
                ],
                [
                    553.92,
                    120.96000000000001
                ],
                [
                    553.92,
                    118.044
                ],
                [
                    571.008,
                    107.02799999999999
                ],
                [
                    596.928,
                    97.956
                ],
                [
                    603.072,
                    96.98400000000001
                ],
                [
                    609.024,
                    95.03999999999999
                ],
                [
                    613.0559999999999,
                    95.03999999999999
                ],
                [
                    642.048,
                    91.044
                ],
                [
                    647.0400000000001,
                    91.044
                ],
                [
                    654.912,
                    89.964
                ],
                [
                    678.912,
                    89.964
                ],
                [
                    710.976,
                    91.044
                ],
                [
                    713.088,
                    92.01599999999999
                ],
                [
                    715.9680000000001,
                    92.01599999999999
                ],
                [
                    716.928,
                    92.988
                ],
                [
                    720,
                    93.96
                ],
                [
                    723.072,
                    96.98400000000001
                ],
                [
                    725.952,
                    96.98400000000001
                ],
                [
                    726.912,
                    96.012
                ],
                [
                    730.944,
                    96.012
                ],
                [
                    734.016,
                    97.956
                ],
                [
                    740.928,
                    100.98
                ],
                [
                    743.04,
                    104.976
                ],
                [
                    743.04,
                    114.048
                ],
                [
                    742.08,
                    131.976
                ],
                [
                    739.008,
                    153.036
                ],
                [
                    739.008,
                    168.04799999999997
                ],
                [
                    737.0880000000001,
                    174.96
                ],
                [
                    729.9839999999999,
                    188.028
                ],
                [
                    725.952,
                    191.052
                ],
                [
                    725.952,
                    193.96800000000002
                ],
                [
                    719.04,
                    200.016
                ],
                [
                    715.9680000000001,
                    204.984
                ],
                [
                    710.0160000000001,
                    211.03199999999998
                ],
                [
                    706.9440000000001,
                    216
                ],
                [
                    704.0640000000001,
                    218.052
                ],
                [
                    696.96,
                    224.96400000000003
                ],
                [
                    695.04,
                    224.96400000000003
                ],
                [
                    691.968,
                    226.044
                ],
                [
                    676.9920000000001,
                    224.96400000000003
                ],
                [
                    672.9599999999999,
                    226.044
                ],
                [
                    670.0799999999999,
                    226.044
                ],
                [
                    667.0079999999999,
                    227.016
                ],
                [
                    663.936,
                    228.95999999999998
                ],
                [
                    657.024,
                    228.95999999999998
                ],
                [
                    652.9920000000001,
                    231.012
                ]
            ]
        },
        {
            "ID": "4",
            "CLASS": "종이",
            "DETAILS": "종이",
            "DAMAGE": "완전압착",
            "DIRTINESS": "이물질(외부)",
            "COVER": "겹침",
            "TRANSPARENCY": "불투명",
            "SHAPE": "기타 형태",
            "SHAPE_TYPE": "POLYGON",
            "POINTS": [
                [
                    828.096,
                    505.98
                ],
                [
                    819.072,
                    501.984
                ],
                [
                    797.952,
                    492.048
                ],
                [
                    787.968,
                    485.028
                ],
                [
                    782.976,
                    483.948
                ],
                [
                    785.088,
                    478.008
                ],
                [
                    777.984,
                    478.98
                ],
                [
                    772.032,
                    478.008
                ],
                [
                    757.0559999999999,
                    473.04
                ],
                [
                    715.9680000000001,
                    452.952
                ],
                [
                    710.976,
                    451.97999999999996
                ],
                [
                    702.9119999999999,
                    447.012
                ],
                [
                    694.0799999999999,
                    443.988
                ],
                [
                    652.032,
                    420.012
                ],
                [
                    614.016,
                    401.004
                ],
                [
                    552,
                    365.04
                ],
                [
                    532.032,
                    354.996
                ],
                [
                    523.968,
                    348.948
                ],
                [
                    518.016,
                    347.00399999999996
                ],
                [
                    513.024,
                    339.012
                ],
                [
                    508.992,
                    324.972
                ],
                [
                    508.992,
                    304.99199999999996
                ],
                [
                    515.904,
                    290.952
                ],
                [
                    524.928,
                    278.964
                ],
                [
                    526.08,
                    273.996
                ],
                [
                    531.072,
                    269.02799999999996
                ],
                [
                    538.944,
                    250.992
                ],
                [
                    550.0799999999999,
                    235.00799999999998
                ],
                [
                    551.04,
                    228.95999999999998
                ],
                [
                    560.0640000000001,
                    216.972
                ],
                [
                    564.096,
                    213.948
                ],
                [
                    566.976,
                    213.948
                ],
                [
                    570.048,
                    212.976
                ],
                [
                    580.0319999999999,
                    218.052
                ],
                [
                    593.088,
                    215.028
                ],
                [
                    604.0319999999999,
                    216.972
                ],
                [
                    627.072,
                    231.012
                ],
                [
                    657.984,
                    240.94799999999998
                ],
                [
                    663.936,
                    246.024
                ],
                [
                    663.936,
                    250.992
                ],
                [
                    646.08,
                    289.008
                ],
                [
                    646.08,
                    296.028
                ],
                [
                    663.936,
                    308.988
                ],
                [
                    671.04,
                    312.012
                ],
                [
                    681.024,
                    312.012
                ],
                [
                    686.976,
                    309.96
                ],
                [
                    704.0640000000001,
                    294.94800000000004
                ],
                [
                    710.976,
                    293.976
                ],
                [
                    739.9680000000001,
                    309.96
                ],
                [
                    747.072,
                    316.00800000000004
                ],
                [
                    793.92,
                    339.012
                ],
                [
                    806.016,
                    347.00399999999996
                ],
                [
                    819.072,
                    353.052
                ],
                [
                    834.048,
                    365.04
                ],
                [
                    835.008,
                    369.036
                ],
                [
                    840,
                    373.032
                ],
                [
                    843.072,
                    378.972
                ],
                [
                    846.912,
                    394.956
                ],
                [
                    846.912,
                    413.964
                ],
                [
                    844.0319999999999,
                    451.00800000000004
                ],
                [
                    840.96,
                    455.976
                ],
                [
                    835.008,
                    459.972
                ],
                [
                    836.928,
                    474.012
                ],
                [
                    834.048,
                    481.03200000000004
                ],
                [
                    834.048,
                    496.044
                ],
                [
                    830.976,
                    505.98
                ]
            ]
        }
    ]
}