{
    "IMAGE_INFO": {
        "FILE_NAME": "1000283@0_03001_220913_P1_T3__0365.jpg",
        "DATE": "2022-11-01 04:20:32",
        "RESOLUTION": "1920 x 1080",
        "IMAGE_PHOTOGRAPHER": "김보배",
        "FOCUS_DISTANCE": "7.1",
        "EXPOSURE_TIME": "1/400",
        "SENSITIVITY_ISO": "5000",
        "PLACE": "삼오자원",
        "REGION_NAME": null,
        "Direction": "0",
        "HEIGHT": "100",
        "DAY/NIGHT": "주간",
        "WEATHER": "맑음",
        "IMAGE_HEIGHT": 1080,
        "IMAGE_WIDTH": 1920,
        "IMAGE_SIZE": "619.3 KB"
    },
    "ANNOTATION_INFO": [
        {
            "ID": "1",
            "CLASS": "페트병",
            "DETAILS": "무색단일",
            "DAMAGE": "완전압착",
            "DIRTINESS": "이물질(내부)",
            "COVER": "없음",
            "TRANSPARENCY": "투명",
            "SHAPE": "기타 형태",
            "SHAPE_TYPE": "POLYGON",
            "POINTS": [
                [
                    1469.952,
                    390.96
                ],
                [
                    1463.04,
                    388.044
                ],
                [
                    1454.976,
                    386.964
                ],
                [
                    1444.032,
                    382.968
                ],
                [
                    1426.944,
                    367.956
                ],
                [
                    1406.976,
                    335.01599999999996
                ],
                [
                    1396.032,
                    304.99199999999996
                ],
                [
                    1396.032,
                    294.94800000000004
                ],
                [
                    1392.96,
                    289.008
                ],
                [
                    1392,
                    273.996
                ],
                [
                    1392,
                    230.04
                ],
                [
                    1396.992,
                    196.01999999999998
                ],
                [
                    1396.992,
                    176.04000000000002
                ],
                [
                    1400.0639999999999,
                    164.05200000000002
                ],
                [
                    1401.0240000000001,
                    111.996
                ],
                [
                    1400.0639999999999,
                    97.956
                ],
                [
                    1396.032,
                    84.02399999999999
                ],
                [
                    1396.032,
                    70.95599999999999
                ],
                [
                    1401.0240000000001,
                    61.02
                ],
                [
                    1411.968,
                    54
                ],
                [
                    1439.0400000000002,
                    46.007999999999996
                ],
                [
                    1445.952,
                    45.036
                ],
                [
                    1457.088,
                    39.96
                ],
                [
                    1464,
                    38.988
                ],
                [
                    1478.9759999999999,
                    33.048
                ],
                [
                    1492.992,
                    29.052
                ],
                [
                    1502.976,
                    29.052
                ],
                [
                    1518.912,
                    30.996
                ],
                [
                    1582.08,
                    30.023999999999997
                ],
                [
                    1606.08,
                    33.048
                ],
                [
                    1609.92,
                    34.992
                ],
                [
                    1618.944,
                    35.964000000000006
                ],
                [
                    1625.0880000000002,
                    38.988
                ],
                [
                    1633.92,
                    39.96
                ],
                [
                    1642.944,
                    45.036
                ],
                [
                    1649.088,
                    46.007999999999996
                ],
                [
                    1655.04,
                    49.032000000000004
                ],
                [
                    1661.952,
                    50.004
                ],
                [
                    1673.088,
                    54
                ],
                [
                    1674.048,
                    61.992
                ],
                [
                    1670.016,
                    66.96
                ],
                [
                    1664.064,
                    70.95599999999999
                ],
                [
                    1661.952,
                    74.952
                ],
                [
                    1654.0800000000002,
                    81
                ],
                [
                    1651.008,
                    85.968
                ],
                [
                    1651.008,
                    91.044
                ],
                [
                    1643.904,
                    110.052
                ],
                [
                    1636.032,
                    123.012
                ],
                [
                    1632,
                    138.996
                ],
                [
                    1628.928,
                    173.988
                ],
                [
                    1609.92,
                    246.024
                ],
                [
                    1593.9840000000002,
                    282.96000000000004
                ],
                [
                    1590.912,
                    297.972
                ],
                [
                    1571.904,
                    335.988
                ],
                [
                    1564.9920000000002,
                    343.008
                ],
                [
                    1558.08,
                    354.996
                ],
                [
                    1542.912,
                    367.956
                ],
                [
                    1525.056,
                    378.972
                ],
                [
                    1521.0240000000001,
                    380.05199999999996
                ],
                [
                    1516.992,
                    384.048
                ],
                [
                    1506.048,
                    388.044
                ],
                [
                    1488.96,
                    389.016
                ],
                [
                    1483.968,
                    390.96
                ],
                [
                    1469.952,
                    390.96
                ]
            ]
        },
        {
            "ID": "2",
            "CLASS": "페트병",
            "DETAILS": "무색단일",
            "DAMAGE": "찌그러짐",
            "DIRTINESS": "이물질(외부)",
            "COVER": "없음",
            "TRANSPARENCY": "투명",
            "SHAPE": "물통형",
            "SHAPE_TYPE": "POLYGON",
            "POINTS": [
                [
                    992.0640000000001,
                    1072.008
                ],
                [
                    983.9999999999999,
                    1068.012
                ],
                [
                    974.016,
                    1068.012
                ],
                [
                    964.0319999999999,
                    1065.96
                ],
                [
                    948.096,
                    1055.052
                ],
                [
                    940.992,
                    1053
                ],
                [
                    936,
                    1042.956
                ],
                [
                    927.936,
                    1038.96
                ],
                [
                    922.9440000000001,
                    1038.96
                ],
                [
                    897.024,
                    1046.952
                ],
                [
                    868.992,
                    1046.952
                ],
                [
                    816.96,
                    1037.016
                ],
                [
                    796.032,
                    1028.052
                ],
                [
                    783.936,
                    1018.008
                ],
                [
                    759.9359999999999,
                    1006.02
                ],
                [
                    748.032,
                    995.004
                ],
                [
                    734.976,
                    988.9559999999999
                ],
                [
                    682.9440000000001,
                    941.976
                ],
                [
                    667.968,
                    922.9680000000001
                ],
                [
                    628.992,
                    887.976
                ],
                [
                    627.072,
                    875.988
                ],
                [
                    603.072,
                    848.988
                ],
                [
                    593.088,
                    825.984
                ],
                [
                    577.92,
                    816.048
                ],
                [
                    565.056,
                    813.9960000000001
                ],
                [
                    548.928,
                    806.0039999999999
                ],
                [
                    543.936,
                    806.0039999999999
                ],
                [
                    538.944,
                    802.008
                ],
                [
                    538.944,
                    799.956
                ],
                [
                    531.072,
                    794.9879999999999
                ],
                [
                    521.088,
                    779.004
                ],
                [
                    484.99199999999996,
                    753.9480000000001
                ],
                [
                    475.00800000000004,
                    741.96
                ],
                [
                    464.064,
                    737.964
                ],
                [
                    459.072,
                    733.968
                ],
                [
                    446.016,
                    721.0079999999999
                ],
                [
                    438.912,
                    710.9639999999999
                ],
                [
                    438.912,
                    706.968
                ],
                [
                    431.04,
                    699.948
                ],
                [
                    408,
                    683.9639999999999
                ],
                [
                    408,
                    682.02
                ],
                [
                    387.072,
                    664.956
                ],
                [
                    377.08799999999997,
                    663.0120000000001
                ],
                [
                    364.032,
                    652.9680000000001
                ],
                [
                    355.968,
                    643.032
                ],
                [
                    342.91200000000003,
                    632.0160000000001
                ],
                [
                    336,
                    629.964
                ],
                [
                    322.94399999999996,
                    617.976
                ],
                [
                    299.904,
                    593.028
                ],
                [
                    263.04,
                    566.028
                ],
                [
                    253.056,
                    554.04
                ],
                [
                    244.992,
                    536.004
                ],
                [
                    244.992,
                    505.00800000000004
                ],
                [
                    248.06400000000002,
                    493.99199999999996
                ],
                [
                    270.91200000000003,
                    461.052
                ],
                [
                    299.904,
                    435.996
                ],
                [
                    312,
                    420.012
                ],
                [
                    327.93600000000004,
                    408.024
                ],
                [
                    337.91999999999996,
                    394.956
                ],
                [
                    355.968,
                    378.972
                ],
                [
                    364.032,
                    374.976
                ],
                [
                    408,
                    338.04
                ],
                [
                    422.976,
                    331.02
                ],
                [
                    431.04,
                    331.02
                ],
                [
                    438.912,
                    332.964
                ],
                [
                    480,
                    359.964
                ],
                [
                    494.97599999999994,
                    378.972
                ],
                [
                    505.92,
                    382.968
                ],
                [
                    561.984,
                    432
                ],
                [
                    577.92,
                    447.012
                ],
                [
                    582.9119999999999,
                    455.004
                ],
                [
                    610.944,
                    475.95599999999996
                ],
                [
                    619.008,
                    489.996
                ],
                [
                    644.928,
                    509.004
                ],
                [
                    699.072,
                    570.996
                ],
                [
                    729.9839999999999,
                    594.972
                ],
                [
                    748.032,
                    617.976
                ],
                [
                    758.016,
                    639.0360000000001
                ],
                [
                    771.072,
                    648.972
                ],
                [
                    804.096,
                    660.96
                ],
                [
                    838.08,
                    690.0120000000001
                ],
                [
                    848.064,
                    702.972
                ],
                [
                    897.024,
                    745.956
                ],
                [
                    902.016,
                    753.9480000000001
                ],
                [
                    917.952,
                    768.9599999999999
                ],
                [
                    945.984,
                    790.9920000000001
                ],
                [
                    950.976,
                    803.952
                ],
                [
                    950.976,
                    812.052
                ],
                [
                    977.0880000000001,
                    848.988
                ],
                [
                    982.0799999999999,
                    866.0519999999999
                ],
                [
                    994.944,
                    890.028
                ],
                [
                    997.0559999999999,
                    953.9639999999999
                ],
                [
                    992.0640000000001,
                    968.976
                ],
                [
                    994.944,
                    975.024
                ],
                [
                    999.936,
                    979.02
                ],
                [
                    1003.0079999999999,
                    979.02
                ],
                [
                    1014.9119999999999,
                    995.004
                ],
                [
                    1017.984,
                    998.028
                ],
                [
                    1021.056,
                    998.028
                ],
                [
                    1038.912,
                    1018.008
                ],
                [
                    1038.912,
                    1028.052
                ],
                [
                    1021.056,
                    1055.052
                ],
                [
                    1008,
                    1068.012
                ],
                [
                    999.936,
                    1072.008
                ],
                [
                    992.0640000000001,
                    1072.008
                ]
            ]
        },
        {
            "ID": "3",
            "CLASS": "페트병",
            "DETAILS": "무색단일",
            "DAMAGE": "찌그러짐",
            "DIRTINESS": "이물질(외부)",
            "COVER": "없음",
            "TRANSPARENCY": "투명",
            "SHAPE": "물통형",
            "SHAPE_TYPE": "POLYGON",
            "POINTS": [
                [
                    1170.048,
                    1080
                ],
                [
                    1158.912,
                    1044.036
                ],
                [
                    1147.008,
                    1018.98
                ],
                [
                    1124.9279999999999,
                    1007.964
                ],
                [
                    1113.9840000000002,
                    1006.02
                ],
                [
                    1109.952,
                    1001.0519999999999
                ],
                [
                    1099.9679999999998,
                    999
                ],
                [
                    1085.952,
                    990.036
                ],
                [
                    1076.9279999999999,
                    987.9839999999999
                ],
                [
                    1049.088,
                    969.948
                ],
                [
                    1009.9200000000001,
                    933.984
                ],
                [
                    1003.9680000000001,
                    918
                ],
                [
                    999.936,
                    861.948
                ],
                [
                    994.944,
                    832.0319999999999
                ],
                [
                    984.96,
                    798.984
                ],
                [
                    940.0319999999999,
                    693.0360000000001
                ],
                [
                    937.92,
                    670.0319999999999
                ],
                [
                    931.968,
                    663.984
                ],
                [
                    924.096,
                    645.948
                ],
                [
                    921.984,
                    633.9599999999999
                ],
                [
                    913.92,
                    628.02
                ],
                [
                    902.976,
                    612.036
                ],
                [
                    887.0400000000001,
                    578.016
                ],
                [
                    887.0400000000001,
                    571.968
                ],
                [
                    869.952,
                    524.0160000000001
                ],
                [
                    851.904,
                    483.948
                ],
                [
                    845.952,
                    451.97999999999996
                ],
                [
                    838.08,
                    439.02
                ],
                [
                    830.0160000000001,
                    416.01599999999996
                ],
                [
                    829.056,
                    397.98
                ],
                [
                    822.9119999999999,
                    386.964
                ],
                [
                    820.992,
                    374.004
                ],
                [
                    815.04,
                    359.964
                ],
                [
                    811.008,
                    309.96
                ],
                [
                    815.04,
                    281.01599999999996
                ],
                [
                    822.9119999999999,
                    272.052
                ],
                [
                    851.904,
                    251.964
                ],
                [
                    888.96,
                    234.036
                ],
                [
                    908.928,
                    230.04
                ],
                [
                    913.92,
                    224.96400000000003
                ],
                [
                    941.952,
                    216
                ],
                [
                    969.0240000000001,
                    212.004
                ],
                [
                    977.0880000000001,
                    207.036
                ],
                [
                    1017.984,
                    197.964
                ],
                [
                    1032,
                    197.964
                ],
                [
                    1051.008,
                    207.036
                ],
                [
                    1059.072,
                    230.04
                ],
                [
                    1076.9279999999999,
                    261.036
                ],
                [
                    1112.064,
                    343.98
                ],
                [
                    1119.9360000000001,
                    374.004
                ],
                [
                    1134.9119999999998,
                    405
                ],
                [
                    1151.04,
                    470.01599999999996
                ],
                [
                    1166.0159999999998,
                    515.052
                ],
                [
                    1167.936,
                    548.9639999999999
                ],
                [
                    1184.064,
                    574.02
                ],
                [
                    1198.08,
                    602.964
                ],
                [
                    1200,
                    613.98
                ],
                [
                    1213.056,
                    644.004
                ],
                [
                    1227.0720000000001,
                    698.004
                ],
                [
                    1243.008,
                    731.0519999999999
                ],
                [
                    1253.952,
                    770.04
                ],
                [
                    1272,
                    807.948
                ],
                [
                    1286.0159999999998,
                    861.948
                ],
                [
                    1287.936,
                    903.9599999999999
                ],
                [
                    1281.984,
                    926.9639999999999
                ],
                [
                    1272,
                    949.9680000000001
                ],
                [
                    1257.984,
                    972
                ],
                [
                    1248,
                    983.016
                ],
                [
                    1241.088,
                    996.948
                ],
                [
                    1252.032,
                    1034.964
                ],
                [
                    1252.032,
                    1055.052
                ],
                [
                    1247.04,
                    1061.964
                ],
                [
                    1219.008,
                    1080
                ],
                [
                    1170.048,
                    1080
                ]
            ]
        },
        {
            "ID": "4",
            "CLASS": "페트병",
            "DETAILS": "무색단일",
            "DAMAGE": "찌그러짐",
            "DIRTINESS": "이물질(외부)",
            "COVER": "없음",
            "TRANSPARENCY": "투명",
            "SHAPE": "물통형",
            "SHAPE_TYPE": "POLYGON",
            "POINTS": [
                [
                    235.968,
                    1080
                ],
                [
                    238.07999999999998,
                    1072.98
                ],
                [
                    249.02400000000003,
                    1061.964
                ],
                [
                    252.096,
                    1060.992
                ],
                [
                    259.008,
                    1055.052
                ],
                [
                    264,
                    1053.972
                ],
                [
                    265.92,
                    1050.9479999999999
                ],
                [
                    274.94399999999996,
                    1049.9759999999999
                ],
                [
                    278.976,
                    1050.9479999999999
                ],
                [
                    283.008,
                    1045.98
                ],
                [
                    279.93600000000004,
                    1041.984
                ],
                [
                    278.976,
                    1033.992
                ],
                [
                    274.94399999999996,
                    1025.028
                ],
                [
                    270.91200000000003,
                    1001.0519999999999
                ],
                [
                    270.91200000000003,
                    975.024
                ],
                [
                    274.94399999999996,
                    949.9680000000001
                ],
                [
                    275.904,
                    921.996
                ],
                [
                    283.008,
                    864
                ],
                [
                    275.904,
                    852.9839999999999
                ],
                [
                    273.024,
                    844.02
                ],
                [
                    262.08000000000004,
                    826.956
                ],
                [
                    259.96799999999996,
                    816.048
                ],
                [
                    259.008,
                    747.036
                ],
                [
                    264,
                    724.032
                ],
                [
                    264,
                    713.016
                ],
                [
                    257.08799999999997,
                    704.052
                ],
                [
                    246.91199999999998,
                    698.976
                ],
                [
                    240.96,
                    690.984
                ],
                [
                    238.07999999999998,
                    683.9639999999999
                ],
                [
                    220.03199999999998,
                    656.9639999999999
                ],
                [
                    217.92000000000002,
                    651.024
                ],
                [
                    220.03199999999998,
                    645.948
                ],
                [
                    227.904,
                    636.012
                ],
                [
                    233.088,
                    632.0160000000001
                ],
                [
                    236.928,
                    631.0440000000001
                ],
                [
                    252.096,
                    617.976
                ],
                [
                    270.91200000000003,
                    606.96
                ],
                [
                    289.92,
                    597.996
                ],
                [
                    293.952,
                    597.996
                ],
                [
                    302.976,
                    601.992
                ],
                [
                    307.96799999999996,
                    606.96
                ],
                [
                    308.928,
                    612.036
                ],
                [
                    317.952,
                    621
                ],
                [
                    324.096,
                    632.0160000000001
                ],
                [
                    327.93600000000004,
                    636.012
                ],
                [
                    331.008,
                    636.012
                ],
                [
                    332.928,
                    637.956
                ],
                [
                    331.008,
                    650.052
                ],
                [
                    334.08,
                    655.0200000000001
                ],
                [
                    377.08799999999997,
                    694.0079999999999
                ],
                [
                    398.976,
                    717.9839999999999
                ],
                [
                    399.93600000000004,
                    721.98
                ],
                [
                    403.968,
                    725.976
                ],
                [
                    408,
                    740.988
                ],
                [
                    409.92,
                    768.9599999999999
                ],
                [
                    412.992,
                    772.956
                ],
                [
                    418.944,
                    775.008
                ],
                [
                    422.01599999999996,
                    779.976
                ],
                [
                    425.088,
                    793.044
                ],
                [
                    432,
                    806.0039999999999
                ],
                [
                    435.072,
                    817.992
                ],
                [
                    438.912,
                    821.9879999999999
                ],
                [
                    444.096,
                    822.96
                ],
                [
                    451.968,
                    829.0079999999999
                ],
                [
                    466.944,
                    844.992
                ],
                [
                    480.96,
                    864
                ],
                [
                    499.00800000000004,
                    882.036
                ],
                [
                    499.00800000000004,
                    905.04
                ],
                [
                    494.97599999999994,
                    926.9639999999999
                ],
                [
                    494.97599999999994,
                    937.008
                ],
                [
                    502.08000000000004,
                    964.0079999999999
                ],
                [
                    510.91200000000003,
                    979.02
                ],
                [
                    512.064,
                    998.028
                ],
                [
                    500.92800000000005,
                    1028.052
                ],
                [
                    497.088,
                    1033.992
                ],
                [
                    480,
                    1053.972
                ],
                [
                    470.976,
                    1060.992
                ],
                [
                    462.91200000000003,
                    1064.988
                ],
                [
                    451.008,
                    1080
                ],
                [
                    235.968,
                    1080
                ]
            ]
        }
    ]
}