{
    "IMAGE_INFO": {
        "FILE_NAME": "1000191@0_03001_220913_P1_T3__1960.jpg",
        "DATE": "2022-11-01 04:20:26",
        "RESOLUTION": "1920 x 1080",
        "IMAGE_PHOTOGRAPHER": "김보배",
        "FOCUS_DISTANCE": "7.1",
        "EXPOSURE_TIME": "1/400",
        "SENSITIVITY_ISO": "5000",
        "PLACE": "삼오자원",
        "REGION_NAME": null,
        "Direction": "0",
        "HEIGHT": "100",
        "DAY/NIGHT": "주간",
        "WEATHER": "맑음",
        "IMAGE_HEIGHT": 1080,
        "IMAGE_WIDTH": 1920,
        "IMAGE_SIZE": "541.5 KB"
    },
    "ANNOTATION_INFO": [
        {
            "ID": "1",
            "CLASS": "페트병",
            "DETAILS": "무색단일",
            "DAMAGE": "찌그러짐",
            "DIRTINESS": "이물질(외부)",
            "COVER": "겹침",
            "TRANSPARENCY": "투명",
            "SHAPE": "일반용기형",
            "SHAPE_TYPE": "POLYGON",
            "POINTS": [
                [
                    902.976,
                    1080
                ],
                [
                    893.952,
                    1073.952
                ],
                [
                    863.04,
                    1064.0159999999998
                ],
                [
                    844.0319999999999,
                    1050.9479999999999
                ],
                [
                    831.936,
                    1038.96
                ],
                [
                    816.96,
                    1018.008
                ],
                [
                    809.088,
                    992.952
                ],
                [
                    806.976,
                    975.996
                ],
                [
                    800.0640000000001,
                    961.956
                ],
                [
                    783.936,
                    941.976
                ],
                [
                    762.048,
                    921.996
                ],
                [
                    758.016,
                    914.976
                ],
                [
                    738.048,
                    894.996
                ],
                [
                    719.04,
                    866.0519999999999
                ],
                [
                    719.04,
                    856.0079999999999
                ],
                [
                    731.904,
                    834.948
                ],
                [
                    735.9359999999999,
                    825.0120000000001
                ],
                [
                    738.048,
                    813.9960000000001
                ],
                [
                    748.032,
                    790.0200000000001
                ],
                [
                    752.064,
                    771.012
                ],
                [
                    753.984,
                    736.992
                ],
                [
                    757.0559999999999,
                    728.028
                ],
                [
                    757.0559999999999,
                    702.972
                ],
                [
                    762.048,
                    699.948
                ],
                [
                    764.928,
                    698.976
                ],
                [
                    768,
                    698.004
                ],
                [
                    769.9200000000001,
                    695.952
                ],
                [
                    772.9920000000001,
                    694.0079999999999
                ],
                [
                    776.064,
                    693.0360000000001
                ],
                [
                    777.024,
                    695.952
                ],
                [
                    785.088,
                    704.052
                ],
                [
                    792.9599999999999,
                    718.9559999999999
                ],
                [
                    801.024,
                    729.972
                ],
                [
                    806.976,
                    735.048
                ],
                [
                    815.04,
                    744.9839999999999
                ],
                [
                    831.936,
                    767.0160000000001
                ],
                [
                    836.928,
                    775.98
                ],
                [
                    845.952,
                    785.052
                ],
                [
                    850.944,
                    794.016
                ],
                [
                    867.072,
                    812.052
                ],
                [
                    882.048,
                    833.004
                ],
                [
                    906.048,
                    863.028
                ],
                [
                    916.9920000000001,
                    874.044
                ],
                [
                    931.008,
                    893.052
                ],
                [
                    955.008,
                    918.972
                ],
                [
                    975.9359999999999,
                    937.98
                ],
                [
                    999.936,
                    964.0079999999999
                ],
                [
                    1003.9680000000001,
                    971.028
                ],
                [
                    1001.088,
                    1005.048
                ],
                [
                    996.0960000000001,
                    1018.008
                ],
                [
                    985.92,
                    1036.044
                ],
                [
                    985.92,
                    1040.04
                ],
                [
                    992.0640000000001,
                    1049.0040000000001
                ],
                [
                    993.024,
                    1060.02
                ],
                [
                    999.936,
                    1080
                ]
            ]
        },
        {
            "ID": "2",
            "CLASS": "페트병",
            "DETAILS": "무색단일",
            "DAMAGE": "찌그러짐",
            "DIRTINESS": "이물질(외부)",
            "COVER": "겹침",
            "TRANSPARENCY": "투명",
            "SHAPE": "물통형",
            "SHAPE_TYPE": "POLYGON",
            "POINTS": [
                [
                    1476.096,
                    1015.956
                ],
                [
                    1459.008,
                    1014.9839999999999
                ],
                [
                    1451.904,
                    1011.96
                ],
                [
                    1430.9759999999999,
                    1010.988
                ],
                [
                    1417.92,
                    1005.048
                ],
                [
                    1412.9279999999999,
                    1005.048
                ],
                [
                    1397.952,
                    998.028
                ],
                [
                    1391.04,
                    991.98
                ],
                [
                    1387.968,
                    984.96
                ],
                [
                    1388.928,
                    975.996
                ],
                [
                    1392,
                    972.972
                ],
                [
                    1401.0240000000001,
                    967.0319999999999
                ],
                [
                    1411.008,
                    965.952
                ],
                [
                    1412.9279999999999,
                    963.0360000000001
                ],
                [
                    1411.008,
                    957.96
                ],
                [
                    1402.944,
                    951.048
                ],
                [
                    1396.992,
                    934.956
                ],
                [
                    1400.0639999999999,
                    886.032
                ],
                [
                    1396.992,
                    867.024
                ],
                [
                    1401.984,
                    856.98
                ],
                [
                    1411.968,
                    847.044
                ],
                [
                    1422.912,
                    830.952
                ],
                [
                    1428.096,
                    826.956
                ],
                [
                    1433.088,
                    807.948
                ],
                [
                    1433.088,
                    786.024
                ],
                [
                    1428.096,
                    772.956
                ],
                [
                    1415.04,
                    752.976
                ],
                [
                    1411.008,
                    740.988
                ],
                [
                    1402.944,
                    729.972
                ],
                [
                    1396.992,
                    714.96
                ],
                [
                    1356.096,
                    659.016
                ],
                [
                    1349.952,
                    628.9920000000001
                ],
                [
                    1352.064,
                    574.992
                ],
                [
                    1349.952,
                    559.0079999999999
                ],
                [
                    1356.096,
                    536.004
                ],
                [
                    1359.9360000000001,
                    529.956
                ],
                [
                    1363.968,
                    527.04
                ],
                [
                    1377.984,
                    524.0160000000001
                ],
                [
                    1401.0240000000001,
                    523.044
                ],
                [
                    1412.9279999999999,
                    520.02
                ],
                [
                    1426.944,
                    519.048
                ],
                [
                    1440,
                    520.02
                ],
                [
                    1443.0720000000001,
                    535.032
                ],
                [
                    1448.0639999999999,
                    543.024
                ],
                [
                    1449.984,
                    571.968
                ],
                [
                    1455.936,
                    587.952
                ],
                [
                    1455.936,
                    628.9920000000001
                ],
                [
                    1459.008,
                    640.008
                ],
                [
                    1460.928,
                    671.0039999999999
                ],
                [
                    1476.096,
                    729.972
                ],
                [
                    1478.9759999999999,
                    759.024
                ],
                [
                    1486.08,
                    787.9680000000001
                ],
                [
                    1487.04,
                    817.992
                ],
                [
                    1493.952,
                    833.976
                ],
                [
                    1497.024,
                    849.96
                ],
                [
                    1498.944,
                    898.9920000000001
                ],
                [
                    1494.9119999999998,
                    944.028
                ],
                [
                    1499.904,
                    952.992
                ],
                [
                    1523.904,
                    971.028
                ],
                [
                    1534.0800000000002,
                    988.9559999999999
                ],
                [
                    1534.0800000000002,
                    998.028
                ],
                [
                    1525.056,
                    999.972
                ],
                [
                    1517.952,
                    1005.048
                ],
                [
                    1503.936,
                    1010.988
                ],
                [
                    1491.072,
                    1010.988
                ],
                [
                    1486.08,
                    1014.9839999999999
                ],
                [
                    1476.096,
                    1015.956
                ]
            ]
        },
        {
            "ID": "3",
            "CLASS": "페트병",
            "DETAILS": "무색단일",
            "DAMAGE": "원형",
            "DIRTINESS": "이물질(전체)",
            "COVER": "없음",
            "TRANSPARENCY": "투명",
            "SHAPE": "물통형",
            "SHAPE_TYPE": "POLYGON",
            "POINTS": [
                [
                    1424.064,
                    496.044
                ],
                [
                    1392,
                    493.02000000000004
                ],
                [
                    1377.984,
                    488.052
                ],
                [
                    1371.072,
                    483.948
                ],
                [
                    1367.04,
                    479.952
                ],
                [
                    1364.9279999999999,
                    474.98400000000004
                ],
                [
                    1364.9279999999999,
                    450.036
                ],
                [
                    1368,
                    436.968
                ],
                [
                    1372.992,
                    427.032
                ],
                [
                    1376.064,
                    425.952
                ],
                [
                    1377.984,
                    415.044
                ],
                [
                    1371.072,
                    374.004
                ],
                [
                    1364.9279999999999,
                    357.048
                ],
                [
                    1356.096,
                    339.012
                ],
                [
                    1349.952,
                    308.988
                ],
                [
                    1350.912,
                    270.97200000000004
                ],
                [
                    1353.9840000000002,
                    262.98
                ],
                [
                    1354.944,
                    246.99599999999998
                ],
                [
                    1358.9759999999999,
                    232.95600000000002
                ],
                [
                    1359.9360000000001,
                    215.028
                ],
                [
                    1368,
                    186.948
                ],
                [
                    1377.024,
                    123.984
                ],
                [
                    1387.008,
                    93.96
                ],
                [
                    1402.944,
                    57.024
                ],
                [
                    1411.968,
                    11.988000000000001
                ],
                [
                    1411.968,
                    0
                ],
                [
                    1596.096,
                    0
                ],
                [
                    1594.944,
                    8.964
                ],
                [
                    1583.04,
                    34.992
                ],
                [
                    1580.928,
                    46.98
                ],
                [
                    1577.088,
                    57.024
                ],
                [
                    1575.936,
                    77.976
                ],
                [
                    1573.056,
                    92.01599999999999
                ],
                [
                    1571.904,
                    137.05200000000002
                ],
                [
                    1569.0240000000001,
                    158.976
                ],
                [
                    1564.032,
                    176.04000000000002
                ],
                [
                    1560,
                    199.04399999999998
                ],
                [
                    1555.968,
                    208.98000000000002
                ],
                [
                    1554.048,
                    224.96400000000003
                ],
                [
                    1550.016,
                    235.00799999999998
                ],
                [
                    1549.056,
                    246.99599999999998
                ],
                [
                    1545.9840000000002,
                    253.044
                ],
                [
                    1536,
                    312.012
                ],
                [
                    1526.976,
                    335.01599999999996
                ],
                [
                    1518.912,
                    347.00399999999996
                ],
                [
                    1499.904,
                    370.98
                ],
                [
                    1488,
                    382.968
                ],
                [
                    1478.9759999999999,
                    389.016
                ],
                [
                    1459.9679999999998,
                    412.02
                ],
                [
                    1455.936,
                    420.012
                ],
                [
                    1454.976,
                    427.032
                ],
                [
                    1458.048,
                    434.05199999999996
                ],
                [
                    1458.048,
                    462.024
                ],
                [
                    1454.0159999999998,
                    482.976
                ],
                [
                    1449.0240000000001,
                    488.052
                ],
                [
                    1440,
                    493.02000000000004
                ],
                [
                    1424.064,
                    496.044
                ]
            ]
        },
        {
            "ID": "4",
            "CLASS": "페트병",
            "DETAILS": "무색단일",
            "DAMAGE": "원형",
            "DIRTINESS": "이물질(외부)",
            "COVER": "겹침",
            "TRANSPARENCY": "투명",
            "SHAPE": "물통형",
            "SHAPE_TYPE": "POLYGON",
            "POINTS": [
                [
                    203.904,
                    824.04
                ],
                [
                    190.08,
                    821.9879999999999
                ],
                [
                    173.952,
                    817.02
                ],
                [
                    164.928,
                    807.948
                ],
                [
                    162.048,
                    806.976
                ],
                [
                    159.936,
                    801.0360000000001
                ],
                [
                    161.088,
                    782.028
                ],
                [
                    158.976,
                    767.0160000000001
                ],
                [
                    156.096,
                    762.048
                ],
                [
                    156.096,
                    751.032
                ],
                [
                    164.928,
                    739.044
                ],
                [
                    158.976,
                    726.948
                ],
                [
                    153.98399999999998,
                    721.98
                ],
                [
                    148.032,
                    718.9559999999999
                ],
                [
                    140.92800000000003,
                    709.992
                ],
                [
                    135.936,
                    687.96
                ],
                [
                    134.976,
                    650.052
                ],
                [
                    137.08800000000002,
                    633.9599999999999
                ],
                [
                    140.92800000000003,
                    627.048
                ],
                [
                    137.08800000000002,
                    602.964
                ],
                [
                    140.92800000000003,
                    583.9559999999999
                ],
                [
                    149.952,
                    555.984
                ],
                [
                    163.008,
                    536.976
                ],
                [
                    163.008,
                    527.04
                ],
                [
                    158.016,
                    516.996
                ],
                [
                    158.016,
                    512.028
                ],
                [
                    164.928,
                    493.02000000000004
                ],
                [
                    168.95999999999998,
                    467.964
                ],
                [
                    172.992,
                    455.976
                ],
                [
                    174.912,
                    432
                ],
                [
                    181.05599999999998,
                    401.004
                ],
                [
                    182.016,
                    377.028
                ],
                [
                    185.088,
                    371.952
                ],
                [
                    185.088,
                    355.968
                ],
                [
                    190.08,
                    331.992
                ],
                [
                    193.92000000000002,
                    289.008
                ],
                [
                    192.96,
                    249.048
                ],
                [
                    190.08,
                    228.95999999999998
                ],
                [
                    191.04000000000002,
                    197.964
                ],
                [
                    192.96,
                    191.052
                ],
                [
                    201.024,
                    177.012
                ],
                [
                    206.976,
                    173.01600000000002
                ],
                [
                    230.976,
                    173.01600000000002
                ],
                [
                    240,
                    174.96
                ],
                [
                    249.984,
                    178.956
                ],
                [
                    272.06399999999996,
                    180.03599999999997
                ],
                [
                    287.03999999999996,
                    181.98000000000002
                ],
                [
                    293.952,
                    185.976
                ],
                [
                    321.024,
                    189
                ],
                [
                    340.03200000000004,
                    193.96800000000002
                ],
                [
                    353.088,
                    193.96800000000002
                ],
                [
                    387.072,
                    200.988
                ],
                [
                    403.008,
                    208.00799999999998
                ],
                [
                    408.96,
                    216.972
                ],
                [
                    411.072,
                    240.94799999999998
                ],
                [
                    407.03999999999996,
                    247.968
                ],
                [
                    406.08,
                    262.98
                ],
                [
                    393.984,
                    286.956
                ],
                [
                    393.024,
                    293.976
                ],
                [
                    384.96000000000004,
                    315.036
                ],
                [
                    379.96799999999996,
                    335.988
                ],
                [
                    378.048,
                    354.996
                ],
                [
                    374.976,
                    362.016
                ],
                [
                    374.016,
                    384.048
                ],
                [
                    365.952,
                    427.032
                ],
                [
                    359.04,
                    432
                ],
                [
                    347.904,
                    435.996
                ],
                [
                    335.03999999999996,
                    443.016
                ],
                [
                    329.08799999999997,
                    447.984
                ],
                [
                    322.94399999999996,
                    448.956
                ],
                [
                    283.968,
                    478.98
                ],
                [
                    268.992,
                    493.99199999999996
                ],
                [
                    236.928,
                    536.976
                ],
                [
                    220.992,
                    564.948
                ],
                [
                    207.93599999999998,
                    594
                ],
                [
                    192.96,
                    648
                ],
                [
                    187.968,
                    693.0360000000001
                ],
                [
                    187.968,
                    717.0120000000001
                ],
                [
                    195.072,
                    767.0160000000001
                ],
                [
                    197.952,
                    771.984
                ],
                [
                    200.064,
                    787.9680000000001
                ],
                [
                    210.048,
                    814.9680000000001
                ],
                [
                    210.048,
                    821.9879999999999
                ],
                [
                    206.976,
                    821.9879999999999
                ],
                [
                    206.01600000000002,
                    824.04
                ],
                [
                    203.904,
                    824.04
                ]
            ]
        }
    ]
}