{
    "IMAGE_INFO": {
        "FILE_NAME": "1000408@0_03001_220913_P1_T3__0516.jpg",
        "DATE": "2022-11-01 04:20:37",
        "RESOLUTION": "1920 x 1080",
        "IMAGE_PHOTOGRAPHER": "김보배",
        "FOCUS_DISTANCE": "7.1",
        "EXPOSURE_TIME": "1/400",
        "SENSITIVITY_ISO": "5000",
        "PLACE": "삼오자원",
        "REGION_NAME": null,
        "Direction": "0",
        "HEIGHT": "100",
        "DAY/NIGHT": "주간",
        "WEATHER": "맑음",
        "IMAGE_HEIGHT": 1080,
        "IMAGE_WIDTH": 1920,
        "IMAGE_SIZE": "673.2 KB"
    },
    "ANNOTATION_INFO": [
        {
            "ID": "1",
            "CLASS": "페트병",
            "DETAILS": "무색단일",
            "DAMAGE": "원형",
            "DIRTINESS": "이물질(외부)",
            "COVER": "겹침",
            "TRANSPARENCY": "투명",
            "SHAPE": "물통형",
            "SHAPE_TYPE": "POLYGON",
            "POINTS": [
                [
                    1266.048,
                    701.028
                ],
                [
                    1256.064,
                    698.004
                ],
                [
                    1213.056,
                    666.0360000000001
                ],
                [
                    1210.944,
                    658.044
                ],
                [
                    1203.0720000000001,
                    650.052
                ],
                [
                    1191.9360000000001,
                    651.996
                ],
                [
                    1176.96,
                    658.044
                ],
                [
                    1152.96,
                    662.04
                ],
                [
                    1118.9759999999999,
                    663.984
                ],
                [
                    1086.912,
                    658.044
                ],
                [
                    1056,
                    647.028
                ],
                [
                    1021.056,
                    628.02
                ],
                [
                    992.0640000000001,
                    609.012
                ],
                [
                    982.0799999999999,
                    597.024
                ],
                [
                    960.9599999999999,
                    582.0120000000001
                ],
                [
                    950.0160000000001,
                    578.988
                ],
                [
                    924.096,
                    555.984
                ],
                [
                    814.0799999999999,
                    475.95599999999996
                ],
                [
                    768.96,
                    443.988
                ],
                [
                    753.024,
                    435.024
                ],
                [
                    708.096,
                    397.008
                ],
                [
                    686.976,
                    384.048
                ],
                [
                    676.9920000000001,
                    374.004
                ],
                [
                    644.928,
                    354.024
                ],
                [
                    634.944,
                    342.036
                ],
                [
                    619.008,
                    331.02
                ],
                [
                    605.952,
                    324.972
                ],
                [
                    581.952,
                    308.016
                ],
                [
                    571.008,
                    299.05199999999996
                ],
                [
                    564.096,
                    289.008
                ],
                [
                    552.9599999999999,
                    284.04
                ],
                [
                    545.088,
                    276.048
                ],
                [
                    528.96,
                    247.968
                ],
                [
                    528.96,
                    234.036
                ],
                [
                    534.912,
                    223.01999999999998
                ],
                [
                    571.008,
                    177.984
                ],
                [
                    586.9440000000001,
                    153.036
                ],
                [
                    605.952,
                    131.976
                ],
                [
                    605.952,
                    128.952
                ],
                [
                    614.016,
                    120.96000000000001
                ],
                [
                    615.9359999999999,
                    112.968
                ],
                [
                    634.944,
                    92.988
                ],
                [
                    652.9920000000001,
                    61.992
                ],
                [
                    666.048,
                    46.98
                ],
                [
                    678.912,
                    38.016000000000005
                ],
                [
                    685.056,
                    35.964000000000006
                ],
                [
                    695.04,
                    35.964000000000006
                ],
                [
                    715.9680000000001,
                    42.984
                ],
                [
                    737.0880000000001,
                    61.02
                ],
                [
                    763.968,
                    77.976
                ],
                [
                    792,
                    105.94800000000001
                ],
                [
                    848.064,
                    143.964
                ],
                [
                    878.976,
                    173.988
                ],
                [
                    916.032,
                    199.04399999999998
                ],
                [
                    931.968,
                    213.948
                ],
                [
                    977.0880000000001,
                    246.024
                ],
                [
                    987.072,
                    257.03999999999996
                ],
                [
                    1057.92,
                    312.012
                ],
                [
                    1076.9279999999999,
                    324.972
                ],
                [
                    1089.984,
                    331.02
                ],
                [
                    1128.96,
                    365.04
                ],
                [
                    1132.032,
                    365.04
                ],
                [
                    1137.024,
                    369.036
                ],
                [
                    1137.024,
                    371.952
                ],
                [
                    1145.0880000000002,
                    380.05199999999996
                ],
                [
                    1166.0159999999998,
                    393.012
                ],
                [
                    1179.072,
                    412.02
                ],
                [
                    1198.08,
                    432.972
                ],
                [
                    1200,
                    494.964
                ],
                [
                    1210.944,
                    524.0160000000001
                ],
                [
                    1220.928,
                    540.972
                ],
                [
                    1252.992,
                    574.992
                ],
                [
                    1257.984,
                    586.0079999999999
                ],
                [
                    1268.928,
                    598.968
                ],
                [
                    1271.04,
                    632.9879999999999
                ],
                [
                    1278.912,
                    644.976
                ],
                [
                    1285.056,
                    662.04
                ],
                [
                    1297.92,
                    678.9960000000001
                ],
                [
                    1297.92,
                    683.9639999999999
                ],
                [
                    1281.984,
                    695.952
                ],
                [
                    1266.048,
                    701.028
                ]
            ]
        },
        {
            "ID": "2",
            "CLASS": "페트병",
            "DETAILS": "무색단일",
            "DAMAGE": "찌그러짐",
            "DIRTINESS": "오염없음",
            "COVER": "겹침",
            "TRANSPARENCY": "투명",
            "SHAPE": "물통형",
            "SHAPE_TYPE": "POLYGON",
            "POINTS": [
                [
                    1195.0079999999998,
                    385.992
                ],
                [
                    1190.016,
                    384.048
                ],
                [
                    1174.0800000000002,
                    373.032
                ],
                [
                    1166.0159999999998,
                    365.04
                ],
                [
                    1156.032,
                    362.016
                ],
                [
                    1097.088,
                    324.972
                ],
                [
                    1086.912,
                    320.976
                ],
                [
                    1075.968,
                    321.948
                ],
                [
                    1060.992,
                    312.012
                ],
                [
                    1055.04,
                    304.99199999999996
                ],
                [
                    1019.904,
                    281.01599999999996
                ],
                [
                    988.992,
                    254.016
                ],
                [
                    969.9839999999999,
                    240.94799999999998
                ],
                [
                    956.928,
                    228.95999999999998
                ],
                [
                    950.0160000000001,
                    226.044
                ],
                [
                    936.96,
                    216
                ],
                [
                    900.096,
                    185.00400000000002
                ],
                [
                    869.952,
                    165.996
                ],
                [
                    854.016,
                    149.04000000000002
                ],
                [
                    834.048,
                    132.948
                ],
                [
                    833.088,
                    127.97999999999999
                ],
                [
                    844.0319999999999,
                    112.968
                ],
                [
                    855.9359999999999,
                    103.032
                ],
                [
                    864.96,
                    88.992
                ],
                [
                    873.984,
                    81.972
                ],
                [
                    874.944,
                    77.004
                ],
                [
                    879.9359999999999,
                    73.008
                ],
                [
                    897.984,
                    41.04
                ],
                [
                    902.976,
                    38.988
                ],
                [
                    916.032,
                    38.988
                ],
                [
                    926.016,
                    39.96
                ],
                [
                    940.992,
                    43.956
                ],
                [
                    956.928,
                    50.004
                ],
                [
                    973.056,
                    61.02
                ],
                [
                    1003.9680000000001,
                    87.048
                ],
                [
                    1019.904,
                    105.94800000000001
                ],
                [
                    1041.984,
                    123.984
                ],
                [
                    1055.04,
                    141.048
                ],
                [
                    1070.9759999999999,
                    154.98
                ],
                [
                    1084.032,
                    169.99200000000002
                ],
                [
                    1090.944,
                    181.008
                ],
                [
                    1091.904,
                    189.972
                ],
                [
                    1099.008,
                    201.96
                ],
                [
                    1099.9679999999998,
                    208.98000000000002
                ],
                [
                    1109.952,
                    226.044
                ],
                [
                    1117.056,
                    230.04
                ],
                [
                    1128,
                    231.012
                ],
                [
                    1137.984,
                    234.036
                ],
                [
                    1180.0320000000002,
                    255.95999999999998
                ],
                [
                    1193.088,
                    274.968
                ],
                [
                    1213.056,
                    293.976
                ],
                [
                    1219.008,
                    304.02
                ],
                [
                    1220.928,
                    312.984
                ],
                [
                    1225.9199999999998,
                    316.97999999999996
                ],
                [
                    1228.032,
                    324.972
                ],
                [
                    1233.024,
                    330.048
                ],
                [
                    1233.9840000000002,
                    343.98
                ],
                [
                    1224,
                    359.964
                ],
                [
                    1220.928,
                    370.00800000000004
                ],
                [
                    1208.0639999999999,
                    385.02
                ],
                [
                    1195.0079999999998,
                    385.992
                ]
            ]
        }
    ]
}