{
    "IMAGE_INFO": {
        "FILE_NAME": "1000957@0_03001_220913_P1_T3__0640.jpg",
        "DATE": "2022-11-01 04:20:42",
        "RESOLUTION": "1920 x 1080",
        "IMAGE_PHOTOGRAPHER": "김보배",
        "FOCUS_DISTANCE": "7.1",
        "EXPOSURE_TIME": "1/400",
        "SENSITIVITY_ISO": "5000",
        "PLACE": "삼오자원",
        "REGION_NAME": null,
        "Direction": "0",
        "HEIGHT": "100",
        "DAY/NIGHT": "주간",
        "WEATHER": "맑음",
        "IMAGE_HEIGHT": 1080,
        "IMAGE_WIDTH": 1920,
        "IMAGE_SIZE": "616.3 KB"
    },
    "ANNOTATION_INFO": [
        {
            "ID": "1",
            "CLASS": "페트병",
            "DETAILS": "무색단일",
            "DAMAGE": "원형",
            "DIRTINESS": "오염없음",
            "COVER": "겹침",
            "TRANSPARENCY": "투명",
            "SHAPE": "물통형",
            "SHAPE_TYPE": "POLYGON",
            "POINTS": [
                [
                    1011.0719999999999,
                    443.988
                ],
                [
                    961.92,
                    443.016
                ],
                [
                    958.08,
                    440.964
                ],
                [
                    955.9680000000001,
                    431.028
                ],
                [
                    955.008,
                    378
                ],
                [
                    945.024,
                    358.02000000000004
                ],
                [
                    945.024,
                    347.00399999999996
                ],
                [
                    950.976,
                    334.04400000000004
                ],
                [
                    953.088,
                    332.964
                ],
                [
                    955.008,
                    323.02799999999996
                ],
                [
                    950.976,
                    315.036
                ],
                [
                    945.984,
                    309.96
                ],
                [
                    932.928,
                    297.972
                ],
                [
                    921.984,
                    290.952
                ],
                [
                    912.9599999999999,
                    281.988
                ],
                [
                    907.0079999999999,
                    266.976
                ],
                [
                    906.048,
                    242.028
                ],
                [
                    908.928,
                    222.048
                ],
                [
                    907.968,
                    211.03199999999998
                ],
                [
                    911.04,
                    128.952
                ],
                [
                    916.9920000000001,
                    108.97200000000001
                ],
                [
                    913.92,
                    49.032000000000004
                ],
                [
                    916.032,
                    45.036
                ],
                [
                    932.928,
                    42.01199999999999
                ],
                [
                    946.9440000000001,
                    42.01199999999999
                ],
                [
                    964.9920000000001,
                    42.984
                ],
                [
                    973.056,
                    46.007999999999996
                ],
                [
                    980.928,
                    46.98
                ],
                [
                    984.96,
                    50.004
                ],
                [
                    1011.0719999999999,
                    56.052
                ],
                [
                    1023.936,
                    61.992
                ],
                [
                    1040.0639999999999,
                    65.01599999999999
                ],
                [
                    1056,
                    65.988
                ],
                [
                    1061.952,
                    68.04
                ],
                [
                    1065.024,
                    70.95599999999999
                ],
                [
                    1070.9759999999999,
                    72.036
                ],
                [
                    1075.968,
                    74.952
                ],
                [
                    1084.032,
                    77.004
                ],
                [
                    1085.952,
                    81.972
                ],
                [
                    1084.9920000000002,
                    141.048
                ],
                [
                    1088.0639999999999,
                    185.00400000000002
                ],
                [
                    1088.0639999999999,
                    223.01999999999998
                ],
                [
                    1089.984,
                    238.032
                ],
                [
                    1088.0639999999999,
                    254.988
                ],
                [
                    1083.0720000000001,
                    274.968
                ],
                [
                    1075.0079999999998,
                    289.008
                ],
                [
                    1065.024,
                    300.996
                ],
                [
                    1042.944,
                    313.956
                ],
                [
                    1035.0720000000001,
                    321.948
                ],
                [
                    1037.952,
                    362.016
                ],
                [
                    1035.0720000000001,
                    401.976
                ],
                [
                    1031.04,
                    420.984
                ],
                [
                    1022.9760000000001,
                    429.94800000000004
                ],
                [
                    1022.016,
                    438.048
                ],
                [
                    1018.944,
                    440.964
                ],
                [
                    1011.0719999999999,
                    443.988
                ]
            ]
        },
        {
            "ID": "2",
            "CLASS": "페트병",
            "DETAILS": "무색단일",
            "DAMAGE": "찌그러짐",
            "DIRTINESS": "오염없음",
            "COVER": "겹침",
            "TRANSPARENCY": "투명",
            "SHAPE": "물통형",
            "SHAPE_TYPE": "POLYGON",
            "POINTS": [
                [
                    1534.0800000000002,
                    1080
                ],
                [
                    1520.0639999999999,
                    1056.996
                ],
                [
                    1499.904,
                    1041.012
                ],
                [
                    1512.96,
                    1021.032
                ],
                [
                    1516.032,
                    1002.996
                ],
                [
                    1525.056,
                    978.048
                ],
                [
                    1521.984,
                    936.0360000000001
                ],
                [
                    1512.96,
                    917.028
                ],
                [
                    1499.904,
                    905.04
                ],
                [
                    1484.9279999999999,
                    883.98
                ],
                [
                    1482.048,
                    874.044
                ],
                [
                    1476.096,
                    867.996
                ],
                [
                    1473.024,
                    866.0519999999999
                ],
                [
                    1462.08,
                    866.0519999999999
                ],
                [
                    1444.9920000000002,
                    868.968
                ],
                [
                    1387.008,
                    887.004
                ],
                [
                    1368.96,
                    895.968
                ],
                [
                    1353.9840000000002,
                    899.964
                ],
                [
                    1350.912,
                    899.964
                ],
                [
                    1343.04,
                    895.968
                ],
                [
                    1339.9679999999998,
                    884.952
                ],
                [
                    1342.08,
                    830.952
                ],
                [
                    1339.9679999999998,
                    829.9799999999999
                ],
                [
                    1339.9679999999998,
                    825.984
                ],
                [
                    1334.0159999999998,
                    820.044
                ],
                [
                    1318.08,
                    817.992
                ],
                [
                    1313.088,
                    810.972
                ],
                [
                    1309.056,
                    810
                ],
                [
                    1296,
                    794.016
                ],
                [
                    1296,
                    783.972
                ],
                [
                    1333.056,
                    735.048
                ],
                [
                    1339.9679999999998,
                    729
                ],
                [
                    1347.0720000000001,
                    728.028
                ],
                [
                    1353.9840000000002,
                    731.0519999999999
                ],
                [
                    1371.072,
                    741.96
                ],
                [
                    1373.952,
                    748.008
                ],
                [
                    1377.984,
                    751.032
                ],
                [
                    1377.984,
                    756.972
                ],
                [
                    1382.016,
                    763.9920000000001
                ],
                [
                    1385.0880000000002,
                    766.0440000000001
                ],
                [
                    1405.056,
                    764.964
                ],
                [
                    1414.0800000000002,
                    768.9599999999999
                ],
                [
                    1426.944,
                    770.04
                ],
                [
                    1429.056,
                    775.98
                ],
                [
                    1434.048,
                    780.948
                ],
                [
                    1443.0720000000001,
                    782.028
                ],
                [
                    1468.992,
                    780.948
                ],
                [
                    1479.9360000000001,
                    783.972
                ],
                [
                    1499.904,
                    794.016
                ],
                [
                    1516.032,
                    799.956
                ],
                [
                    1517.952,
                    803.952
                ],
                [
                    1523.904,
                    806.976
                ],
                [
                    1525.056,
                    810.972
                ],
                [
                    1545.024,
                    825.0120000000001
                ],
                [
                    1575.936,
                    844.02
                ],
                [
                    1588.992,
                    848.988
                ],
                [
                    1598.016,
                    866.0519999999999
                ],
                [
                    1603.968,
                    871.02
                ],
                [
                    1607.04,
                    876.96
                ],
                [
                    1641.984,
                    903.9599999999999
                ],
                [
                    1654.0800000000002,
                    921.024
                ],
                [
                    1661.952,
                    922.9680000000001
                ],
                [
                    1680,
                    934.956
                ],
                [
                    1719.9360000000001,
                    965.952
                ],
                [
                    1733.952,
                    990.036
                ],
                [
                    1743.936,
                    999.972
                ],
                [
                    1756.032,
                    1022.976
                ],
                [
                    1763.904,
                    1030.968
                ],
                [
                    1774.0800000000002,
                    1049.0040000000001
                ],
                [
                    1771.008,
                    1065.96
                ],
                [
                    1761.984,
                    1080
                ],
                [
                    1534.0800000000002,
                    1080
                ]
            ]
        }
    ]
}