{
    "IMAGE_INFO": {
        "FILE_NAME": "1000051@0_03001_220913_P1_T3__1869.jpg",
        "DATE": "2022-11-01 04:20:23",
        "RESOLUTION": "1920 x 1080",
        "IMAGE_PHOTOGRAPHER": "김보배",
        "FOCUS_DISTANCE": "7.1",
        "EXPOSURE_TIME": "1/400",
        "SENSITIVITY_ISO": "5000",
        "PLACE": "삼오자원",
        "REGION_NAME": null,
        "Direction": "0",
        "HEIGHT": "100",
        "DAY/NIGHT": "주간",
        "WEATHER": "맑음",
        "IMAGE_HEIGHT": 1080,
        "IMAGE_WIDTH": 1920,
        "IMAGE_SIZE": "570.2 KB"
    },
    "ANNOTATION_INFO": [
        {
            "ID": "1",
            "CLASS": "페트병",
            "DETAILS": "무색단일",
            "DAMAGE": "찌그러짐",
            "DIRTINESS": "오염없음",
            "COVER": "겹침",
            "TRANSPARENCY": "투명",
            "SHAPE": "물통형",
            "SHAPE_TYPE": "POLYGON",
            "POINTS": [
                [
                    1795.0079999999998,
                    604.044
                ],
                [
                    1784.064,
                    598.968
                ],
                [
                    1772.9279999999999,
                    597.024
                ],
                [
                    1726.08,
                    581.0400000000001
                ],
                [
                    1691.904,
                    571.968
                ],
                [
                    1688.0639999999999,
                    567.972
                ],
                [
                    1659.072,
                    560.952
                ],
                [
                    1650.048,
                    555.984
                ],
                [
                    1641.0240000000001,
                    555.0120000000001
                ],
                [
                    1632,
                    550.044
                ],
                [
                    1622.976,
                    548.9639999999999
                ],
                [
                    1609.92,
                    542.052
                ],
                [
                    1580.928,
                    535.032
                ],
                [
                    1571.904,
                    529.956
                ],
                [
                    1563.0720000000001,
                    528.984
                ],
                [
                    1554.048,
                    524.0160000000001
                ],
                [
                    1545.024,
                    523.044
                ],
                [
                    1536,
                    517.9680000000001
                ],
                [
                    1526.976,
                    516.996
                ],
                [
                    1517.952,
                    512.028
                ],
                [
                    1472.064,
                    497.988
                ],
                [
                    1467.0720000000001,
                    494.964
                ],
                [
                    1450.944,
                    492.048
                ],
                [
                    1443.0720000000001,
                    486.97200000000004
                ],
                [
                    1414.0800000000002,
                    479.952
                ],
                [
                    1405.056,
                    474.98400000000004
                ],
                [
                    1383.936,
                    469.04400000000004
                ],
                [
                    1372.992,
                    467.964
                ],
                [
                    1348.992,
                    456.948
                ],
                [
                    1310.9759999999999,
                    444.96
                ],
                [
                    1295.04,
                    442.044
                ],
                [
                    1291.008,
                    439.02
                ],
                [
                    1280.0639999999999,
                    436.968
                ],
                [
                    1272.96,
                    432
                ],
                [
                    1266.048,
                    431.028
                ],
                [
                    1262.016,
                    428.00399999999996
                ],
                [
                    1248,
                    393.98400000000004
                ],
                [
                    1234.944,
                    381.99600000000004
                ],
                [
                    1225.9199999999998,
                    367.956
                ],
                [
                    1224,
                    358.99199999999996
                ],
                [
                    1217.088,
                    351
                ],
                [
                    1214.976,
                    342.036
                ],
                [
                    1208.0639999999999,
                    335.01599999999996
                ],
                [
                    1205.952,
                    327.024
                ],
                [
                    1199.0400000000002,
                    324
                ],
                [
                    1199.0400000000002,
                    312.984
                ],
                [
                    1193.088,
                    300.024
                ],
                [
                    1193.088,
                    285.984
                ],
                [
                    1199.0400000000002,
                    262.98
                ],
                [
                    1199.0400000000002,
                    246.024
                ],
                [
                    1205.952,
                    234.036
                ],
                [
                    1208.0639999999999,
                    213.948
                ],
                [
                    1214.976,
                    204.984
                ],
                [
                    1224,
                    177.012
                ],
                [
                    1252.992,
                    138.996
                ],
                [
                    1272.96,
                    122.04
                ],
                [
                    1342.08,
                    100.98
                ],
                [
                    1362.048,
                    89.964
                ],
                [
                    1376.064,
                    84.02399999999999
                ],
                [
                    1388.928,
                    81
                ],
                [
                    1397.952,
                    76.03200000000001
                ],
                [
                    1420.0320000000002,
                    69.984
                ],
                [
                    1438.08,
                    69.012
                ],
                [
                    1443.0720000000001,
                    69.012
                ],
                [
                    1479.9360000000001,
                    69.984
                ],
                [
                    1507.008,
                    78.948
                ],
                [
                    1521.0240000000001,
                    95.03999999999999
                ],
                [
                    1534.0800000000002,
                    104.976
                ],
                [
                    1537.92,
                    112.968
                ],
                [
                    1560.9599999999998,
                    132.948
                ],
                [
                    1564.9920000000002,
                    142.02
                ],
                [
                    1571.904,
                    146.988
                ],
                [
                    1583.04,
                    169.99200000000002
                ],
                [
                    1584.96,
                    196.01999999999998
                ],
                [
                    1598.9759999999999,
                    238.032
                ],
                [
                    1604.9279999999999,
                    300.996
                ],
                [
                    1609.92,
                    319.032
                ],
                [
                    1618.944,
                    335.01599999999996
                ],
                [
                    1625.0880000000002,
                    361.044
                ],
                [
                    1641.0240000000001,
                    381.024
                ],
                [
                    1670.016,
                    402.948
                ],
                [
                    1712.064,
                    451.00800000000004
                ],
                [
                    1723.968,
                    459.972
                ],
                [
                    1738.944,
                    479.952
                ],
                [
                    1771.008,
                    509.004
                ],
                [
                    1800,
                    555.0120000000001
                ],
                [
                    1804.032,
                    581.0400000000001
                ],
                [
                    1810.944,
                    590.976
                ],
                [
                    1810.944,
                    604.044
                ],
                [
                    1795.0079999999998,
                    604.044
                ]
            ]
        },
        {
            "ID": "2",
            "CLASS": "페트병",
            "DETAILS": "무색단일",
            "DAMAGE": "원형",
            "DIRTINESS": "이물질(외부)",
            "COVER": "겹침",
            "TRANSPARENCY": "투명",
            "SHAPE": "물통형",
            "SHAPE_TYPE": "POLYGON",
            "POINTS": [
                [
                    303.936,
                    776.952
                ],
                [
                    273.984,
                    771.984
                ],
                [
                    244.03199999999998,
                    763.02
                ],
                [
                    225.024,
                    752.976
                ],
                [
                    206.01600000000002,
                    739.044
                ],
                [
                    206.01600000000002,
                    724.032
                ],
                [
                    211.968,
                    695.952
                ],
                [
                    212.928,
                    671.0039999999999
                ],
                [
                    217.92000000000002,
                    648
                ],
                [
                    220.03199999999998,
                    612.036
                ],
                [
                    233.088,
                    563.976
                ],
                [
                    239.04,
                    551.9879999999999
                ],
                [
                    240,
                    540
                ],
                [
                    250.94400000000002,
                    502.956
                ],
                [
                    273.984,
                    440.964
                ],
                [
                    288.96,
                    378
                ],
                [
                    305.088,
                    327.99600000000004
                ],
                [
                    312,
                    313.956
                ],
                [
                    329.08799999999997,
                    297
                ],
                [
                    339.072,
                    282.96000000000004
                ],
                [
                    356.928,
                    266.00399999999996
                ],
                [
                    370.944,
                    258.012
                ],
                [
                    374.976,
                    250.992
                ],
                [
                    379.96799999999996,
                    247.968
                ],
                [
                    387.072,
                    231.98399999999998
                ],
                [
                    387.072,
                    218.052
                ],
                [
                    393.984,
                    193.96800000000002
                ],
                [
                    398.976,
                    181.008
                ],
                [
                    403.968,
                    177.012
                ],
                [
                    411.072,
                    177.012
                ],
                [
                    412.03200000000004,
                    178.956
                ],
                [
                    421.056,
                    178.956
                ],
                [
                    428.928,
                    181.008
                ],
                [
                    436.992,
                    185.976
                ],
                [
                    442.94399999999996,
                    185.976
                ],
                [
                    449.08799999999997,
                    188.028
                ],
                [
                    456.96,
                    192.996
                ],
                [
                    465.984,
                    193.96800000000002
                ],
                [
                    484.99199999999996,
                    203.04
                ],
                [
                    489.984,
                    208.00799999999998
                ],
                [
                    486.912,
                    228.95999999999998
                ],
                [
                    480,
                    243.97199999999998
                ],
                [
                    480,
                    250.992
                ],
                [
                    478.08,
                    255.95999999999998
                ],
                [
                    474.048,
                    258.012
                ],
                [
                    467.904,
                    266.00399999999996
                ],
                [
                    466.944,
                    272.052
                ],
                [
                    467.904,
                    282.96000000000004
                ],
                [
                    483.072,
                    312.984
                ],
                [
                    484.99199999999996,
                    324.972
                ],
                [
                    483.072,
                    385.02
                ],
                [
                    476.928,
                    400.032
                ],
                [
                    475.968,
                    409.968
                ],
                [
                    470.976,
                    419.04
                ],
                [
                    470.01599999999996,
                    431.028
                ],
                [
                    460.992,
                    455.976
                ],
                [
                    460.03200000000004,
                    467.964
                ],
                [
                    446.016,
                    520.02
                ],
                [
                    435.072,
                    548.9639999999999
                ],
                [
                    430.08,
                    554.04
                ],
                [
                    411.072,
                    593.028
                ],
                [
                    392.06399999999996,
                    643.032
                ],
                [
                    384.96000000000004,
                    671.976
                ],
                [
                    384.96000000000004,
                    721.98
                ],
                [
                    379.96799999999996,
                    741.96
                ],
                [
                    365.952,
                    763.02
                ],
                [
                    350.01599999999996,
                    771.984
                ],
                [
                    321.984,
                    776.952
                ]
            ]
        },
        {
            "ID": "3",
            "CLASS": "페트병",
            "DETAILS": "무색단일",
            "DAMAGE": "원형",
            "DIRTINESS": "이물질(외부)",
            "COVER": "없음",
            "TRANSPARENCY": "투명",
            "SHAPE": "물통형",
            "SHAPE_TYPE": "POLYGON",
            "POINTS": [
                [
                    436.032,
                    876.96
                ],
                [
                    422.976,
                    872.964
                ],
                [
                    412.992,
                    866.0519999999999
                ],
                [
                    401.088,
                    852.9839999999999
                ],
                [
                    397.05600000000004,
                    844.02
                ],
                [
                    398.976,
                    825.0120000000001
                ],
                [
                    407.03999999999996,
                    798.0120000000001
                ],
                [
                    417.024,
                    783
                ],
                [
                    417.024,
                    771.984
                ],
                [
                    387.072,
                    710.9639999999999
                ],
                [
                    384.96000000000004,
                    682.992
                ],
                [
                    388.992,
                    660.96
                ],
                [
                    403.008,
                    625.968
                ],
                [
                    404.928,
                    614.952
                ],
                [
                    433.92,
                    554.04
                ],
                [
                    450.048,
                    505.98
                ],
                [
                    489.02399999999994,
                    429.94800000000004
                ],
                [
                    489.02399999999994,
                    420.984
                ],
                [
                    503.04,
                    388.044
                ],
                [
                    504.96000000000004,
                    377.028
                ],
                [
                    514.944,
                    358.02000000000004
                ],
                [
                    536.064,
                    293.976
                ],
                [
                    542.016,
                    284.04
                ],
                [
                    546.048,
                    266.00399999999996
                ],
                [
                    599.04,
                    139.968
                ],
                [
                    625.9200000000001,
                    93.96
                ],
                [
                    646.08,
                    68.04
                ],
                [
                    646.08,
                    65.01599999999999
                ],
                [
                    660.096,
                    51.94799999999999
                ],
                [
                    676.9920000000001,
                    41.04
                ],
                [
                    695.04,
                    41.04
                ],
                [
                    731.904,
                    50.004
                ],
                [
                    748.032,
                    57.024
                ],
                [
                    777.024,
                    73.98
                ],
                [
                    795.072,
                    81
                ],
                [
                    838.08,
                    104.976
                ],
                [
                    859.9680000000001,
                    119.988
                ],
                [
                    870.912,
                    131.00400000000002
                ],
                [
                    878.976,
                    147.96
                ],
                [
                    878.976,
                    168.04799999999997
                ],
                [
                    868.992,
                    208.98000000000002
                ],
                [
                    855.9359999999999,
                    239.976
                ],
                [
                    849.9839999999999,
                    262.00800000000004
                ],
                [
                    817.92,
                    327.024
                ],
                [
                    809.088,
                    355.968
                ],
                [
                    796.9920000000001,
                    380.05199999999996
                ],
                [
                    767.0400000000001,
                    424.98
                ],
                [
                    744,
                    470.988
                ],
                [
                    728.064,
                    497.016
                ],
                [
                    709.056,
                    543.024
                ],
                [
                    702.9119999999999,
                    551.9879999999999
                ],
                [
                    700.992,
                    560.952
                ],
                [
                    691.008,
                    578.016
                ],
                [
                    685.056,
                    594.972
                ],
                [
                    676.9920000000001,
                    605.988
                ],
                [
                    676.9920000000001,
                    610.956
                ],
                [
                    671.04,
                    618.9480000000001
                ],
                [
                    667.968,
                    632.9879999999999
                ],
                [
                    649.9200000000001,
                    664.956
                ],
                [
                    635.904,
                    705.024
                ],
                [
                    614.976,
                    736.992
                ],
                [
                    603.072,
                    760.968
                ],
                [
                    586.9440000000001,
                    783
                ],
                [
                    576.96,
                    786.996
                ],
                [
                    570.048,
                    786.996
                ],
                [
                    557.952,
                    794.016
                ],
                [
                    543.936,
                    795.96
                ],
                [
                    507.072,
                    810.972
                ],
                [
                    500.92800000000005,
                    817.992
                ],
                [
                    497.088,
                    830.952
                ],
                [
                    490.94399999999996,
                    837.972
                ],
                [
                    479.04,
                    861.948
                ],
                [
                    467.904,
                    872.964
                ],
                [
                    456,
                    876.96
                ]
            ]
        },
        {
            "ID": "4",
            "CLASS": "페트병",
            "DETAILS": "무색단일",
            "DAMAGE": "찌그러짐",
            "DIRTINESS": "이물질(외부)",
            "COVER": "없음",
            "TRANSPARENCY": "투명",
            "SHAPE": "물통형",
            "SHAPE_TYPE": "POLYGON",
            "POINTS": [
                [
                    120,
                    1007.964
                ],
                [
                    115.00800000000001,
                    1003.968
                ],
                [
                    101.952,
                    1003.968
                ],
                [
                    90.048,
                    1001.0519999999999
                ],
                [
                    83.90400000000001,
                    995.004
                ],
                [
                    81.024,
                    974.052
                ],
                [
                    81.024,
                    951.048
                ],
                [
                    83.90400000000001,
                    938.952
                ],
                [
                    81.98400000000001,
                    914.004
                ],
                [
                    71.03999999999999,
                    883.98
                ],
                [
                    46.08,
                    840.024
                ],
                [
                    41.088,
                    821.9879999999999
                ],
                [
                    38.976,
                    795.96
                ],
                [
                    46.08,
                    745.956
                ],
                [
                    51.071999999999996,
                    729.972
                ],
                [
                    62.976000000000006,
                    629.964
                ],
                [
                    67.968,
                    613.98
                ],
                [
                    82.944,
                    586.98
                ],
                [
                    91.008,
                    566.028
                ],
                [
                    96.96000000000001,
                    537.948
                ],
                [
                    97.91999999999999,
                    497.016
                ],
                [
                    87.936,
                    440.964
                ],
                [
                    87.936,
                    424.98
                ],
                [
                    91.008,
                    408.996
                ],
                [
                    96,
                    390.96
                ],
                [
                    105.984,
                    374.004
                ],
                [
                    110.01599999999999,
                    370.00800000000004
                ],
                [
                    120,
                    365.04
                ],
                [
                    134.016,
                    365.04
                ],
                [
                    148.032,
                    371.952
                ],
                [
                    166.07999999999998,
                    371.952
                ],
                [
                    176.06400000000002,
                    374.004
                ],
                [
                    182.976,
                    377.028
                ],
                [
                    191.04000000000002,
                    377.028
                ],
                [
                    206.01600000000002,
                    385.992
                ],
                [
                    238.07999999999998,
                    384.048
                ],
                [
                    257.08799999999997,
                    390.96
                ],
                [
                    268.992,
                    407.052
                ],
                [
                    272.06399999999996,
                    443.988
                ],
                [
                    264,
                    473.04
                ],
                [
                    233.088,
                    520.02
                ],
                [
                    231.936,
                    525.96
                ],
                [
                    222.91199999999998,
                    537.948
                ],
                [
                    215.04,
                    559.0079999999999
                ],
                [
                    211.968,
                    586.98
                ],
                [
                    216,
                    621
                ],
                [
                    216,
                    645.948
                ],
                [
                    202.94400000000002,
                    759.996
                ],
                [
                    202.94400000000002,
                    772.956
                ],
                [
                    210.048,
                    790.0200000000001
                ],
                [
                    211.968,
                    802.98
                ],
                [
                    211.968,
                    818.9639999999999
                ],
                [
                    209.088,
                    836.028
                ],
                [
                    197.952,
                    867.996
                ],
                [
                    177.984,
                    905.04
                ],
                [
                    172.032,
                    929.9879999999999
                ],
                [
                    177.984,
                    938.952
                ],
                [
                    177.984,
                    945.972
                ],
                [
                    174.912,
                    952.992
                ],
                [
                    168,
                    957.96
                ],
                [
                    164.928,
                    963.0360000000001
                ],
                [
                    163.008,
                    979.02
                ],
                [
                    158.016,
                    992.952
                ],
                [
                    152.06400000000002,
                    1001.0519999999999
                ],
                [
                    142.07999999999998,
                    1006.02
                ],
                [
                    129.98399999999998,
                    1007.964
                ]
            ]
        }
    ]
}