{
    "IMAGE_INFO": {
        "FILE_NAME": "1000002@0_03001_220913_P1_T3__1863.jpg",
        "DATE": "2022-11-01 04:20:23",
        "RESOLUTION": "1920 x 1080",
        "IMAGE_PHOTOGRAPHER": "김보배",
        "FOCUS_DISTANCE": "7.1",
        "EXPOSURE_TIME": "1/400",
        "SENSITIVITY_ISO": "5000",
        "PLACE": "삼오자원",
        "REGION_NAME": null,
        "Direction": "0",
        "HEIGHT": "100",
        "DAY/NIGHT": "주간",
        "WEATHER": "맑음",
        "IMAGE_HEIGHT": 1080,
        "IMAGE_WIDTH": 1920,
        "IMAGE_SIZE": "629.6 KB"
    },
    "ANNOTATION_INFO": [
        {
            "ID": "1",
            "CLASS": "페트병",
            "DETAILS": "무색단일",
            "DAMAGE": "원형",
            "DIRTINESS": "오염없음",
            "COVER": "겹침",
            "TRANSPARENCY": "투명",
            "SHAPE": "물통형",
            "SHAPE_TYPE": "POLYGON",
            "POINTS": [
                [
                    993.024,
                    242.028
                ],
                [
                    1038.912,
                    266.00399999999996
                ],
                [
                    1041.0240000000001,
                    278.964
                ],
                [
                    1081.92,
                    266.00399999999996
                ],
                [
                    1146.048,
                    261.036
                ],
                [
                    1176.96,
                    266.00399999999996
                ],
                [
                    1414.0800000000002,
                    431.028
                ],
                [
                    1443.0720000000001,
                    478.008
                ],
                [
                    1470.912,
                    497.988
                ],
                [
                    1518.912,
                    516.024
                ],
                [
                    1574.976,
                    570.024
                ],
                [
                    1628.928,
                    574.992
                ],
                [
                    1693.056,
                    632.9879999999999
                ],
                [
                    1753.92,
                    694.9799999999999
                ],
                [
                    1736.064,
                    732.024
                ],
                [
                    1732.992,
                    759.024
                ],
                [
                    1688.0639999999999,
                    778.032
                ],
                [
                    1659.072,
                    812.052
                ],
                [
                    1646.976,
                    849.96
                ],
                [
                    1618.944,
                    879.012
                ],
                [
                    1606.08,
                    887.976
                ],
                [
                    1588.032,
                    880.956
                ],
                [
                    1571.904,
                    893.052
                ],
                [
                    1513.92,
                    863.028
                ],
                [
                    1453.056,
                    806.976
                ],
                [
                    1421.952,
                    760.968
                ],
                [
                    1361.088,
                    728.028
                ],
                [
                    1326.912,
                    685.044
                ],
                [
                    1281.984,
                    663.984
                ],
                [
                    1228.032,
                    643.032
                ],
                [
                    1041.0240000000001,
                    494.964
                ],
                [
                    1016.064,
                    465.048
                ],
                [
                    998.976,
                    424.008
                ],
                [
                    998.0160000000001,
                    375.94800000000004
                ],
                [
                    998.0160000000001,
                    336.96
                ],
                [
                    985.92,
                    344.952
                ],
                [
                    968.064,
                    330.048
                ],
                [
                    944.0640000000001,
                    300.996
                ],
                [
                    961.92,
                    265.032
                ]
            ]
        },
        {
            "ID": "2",
            "CLASS": "페트병",
            "DETAILS": "무색단일",
            "DAMAGE": "찌그러짐",
            "DIRTINESS": "오염없음",
            "COVER": "겹침",
            "TRANSPARENCY": "투명",
            "SHAPE": "기타 형태",
            "SHAPE_TYPE": "POLYGON",
            "POINTS": [
                [
                    1828.032,
                    879.9839999999999
                ],
                [
                    1780.992,
                    879.012
                ],
                [
                    1745.0880000000002,
                    874.044
                ],
                [
                    1722.048,
                    867.996
                ],
                [
                    1699.008,
                    856.98
                ],
                [
                    1691.904,
                    856.0079999999999
                ],
                [
                    1670.016,
                    844.02
                ],
                [
                    1665.9840000000002,
                    844.02
                ],
                [
                    1661.952,
                    841.968
                ],
                [
                    1656,
                    841.968
                ],
                [
                    1652.9279999999999,
                    839.052
                ],
                [
                    1659.072,
                    814.9680000000001
                ],
                [
                    1675.0079999999998,
                    794.9879999999999
                ],
                [
                    1680.9599999999998,
                    783.972
                ],
                [
                    1689.0240000000001,
                    778.032
                ],
                [
                    1732.992,
                    760.968
                ],
                [
                    1737.984,
                    731.0519999999999
                ],
                [
                    1753.92,
                    695.952
                ],
                [
                    1728,
                    666.0360000000001
                ],
                [
                    1707.0720000000001,
                    643.032
                ],
                [
                    1655.04,
                    598.968
                ],
                [
                    1641.984,
                    590.004
                ],
                [
                    1627.008,
                    582.9839999999999
                ],
                [
                    1630.08,
                    574.992
                ],
                [
                    1612.992,
                    578.988
                ],
                [
                    1599.9360000000001,
                    577.044
                ],
                [
                    1593.024,
                    571.968
                ],
                [
                    1583.04,
                    570.996
                ],
                [
                    1579.9679999999998,
                    560.952
                ],
                [
                    1584,
                    520.02
                ],
                [
                    1587.0720000000001,
                    513
                ],
                [
                    1593.024,
                    509.976
                ],
                [
                    1599.9360000000001,
                    509.004
                ],
                [
                    1604.9279999999999,
                    505.00800000000004
                ],
                [
                    1606.08,
                    473.04
                ],
                [
                    1616.064,
                    458.02799999999996
                ],
                [
                    1623.936,
                    454.032
                ],
                [
                    1632.96,
                    454.032
                ],
                [
                    1633.92,
                    451.97999999999996
                ],
                [
                    1641.0240000000001,
                    451.97999999999996
                ],
                [
                    1641.984,
                    454.032
                ],
                [
                    1659.072,
                    455.004
                ],
                [
                    1660.0320000000002,
                    455.976
                ],
                [
                    1689.984,
                    454.032
                ],
                [
                    1699.9679999999998,
                    451.00800000000004
                ],
                [
                    1733.952,
                    429.94800000000004
                ],
                [
                    1756.032,
                    423.036
                ],
                [
                    1774.0800000000002,
                    423.036
                ],
                [
                    1780.992,
                    427.032
                ],
                [
                    1798.08,
                    447.984
                ],
                [
                    1815.936,
                    483.948
                ],
                [
                    1824,
                    531.0360000000001
                ],
                [
                    1832.064,
                    602.964
                ],
                [
                    1842.048,
                    656.9639999999999
                ],
                [
                    1843.968,
                    690.984
                ],
                [
                    1851.072,
                    714.96
                ],
                [
                    1851.072,
                    724.032
                ],
                [
                    1861.056,
                    774.0360000000001
                ],
                [
                    1872,
                    791.9639999999999
                ],
                [
                    1872.96,
                    798.0120000000001
                ],
                [
                    1872,
                    813.9960000000001
                ],
                [
                    1863.936,
                    828.0360000000001
                ],
                [
                    1863.936,
                    844.02
                ],
                [
                    1843.968,
                    871.992
                ]
            ]
        },
        {
            "ID": "3",
            "CLASS": "페트병",
            "DETAILS": "무색단일",
            "DAMAGE": "찌그러짐",
            "DIRTINESS": "오염없음",
            "COVER": "겹침",
            "TRANSPARENCY": "투명",
            "SHAPE": "물통형",
            "SHAPE_TYPE": "POLYGON",
            "POINTS": [
                [
                    1374.9119999999998,
                    400.032
                ],
                [
                    1368,
                    396.036
                ],
                [
                    1364.9279999999999,
                    396.036
                ],
                [
                    1363.008,
                    393.012
                ],
                [
                    1359.9360000000001,
                    393.012
                ],
                [
                    1353.9840000000002,
                    388.044
                ],
                [
                    1348.032,
                    385.992
                ],
                [
                    1329.0240000000001,
                    367.956
                ],
                [
                    1305.9840000000002,
                    354.996
                ],
                [
                    1297.92,
                    347.00399999999996
                ],
                [
                    1252.032,
                    316.97999999999996
                ],
                [
                    1244.9279999999999,
                    311.03999999999996
                ],
                [
                    1241.088,
                    304.99199999999996
                ],
                [
                    1236.096,
                    301.968
                ],
                [
                    1233.9840000000002,
                    297.972
                ],
                [
                    1232.064,
                    297.972
                ],
                [
                    1233.9840000000002,
                    293.00399999999996
                ],
                [
                    1233.9840000000002,
                    277.992
                ],
                [
                    1224.96,
                    251.964
                ],
                [
                    1223.04,
                    234.036
                ],
                [
                    1209.0240000000001,
                    208.00799999999998
                ],
                [
                    1200,
                    180.03599999999997
                ],
                [
                    1195.0079999999998,
                    172.04399999999998
                ],
                [
                    1190.9759999999999,
                    159.948
                ],
                [
                    1189.056,
                    139.968
                ],
                [
                    1181.952,
                    119.988
                ],
                [
                    1179.072,
                    100.008
                ],
                [
                    1171.008,
                    84.02399999999999
                ],
                [
                    1169.088,
                    69.012
                ],
                [
                    1166.0159999999998,
                    62.964
                ],
                [
                    1166.0159999999998,
                    30.996
                ],
                [
                    1169.088,
                    23.976000000000003
                ],
                [
                    1170.048,
                    10.043999999999999
                ],
                [
                    1167.936,
                    0
                ],
                [
                    1368.96,
                    0
                ],
                [
                    1372.032,
                    11.016
                ],
                [
                    1373.952,
                    38.988
                ],
                [
                    1377.984,
                    54
                ],
                [
                    1377.984,
                    65.01599999999999
                ],
                [
                    1387.968,
                    97.956
                ],
                [
                    1387.968,
                    116.964
                ],
                [
                    1385.0880000000002,
                    122.04
                ],
                [
                    1383.936,
                    132.948
                ],
                [
                    1387.968,
                    157.032
                ],
                [
                    1388.928,
                    189.972
                ],
                [
                    1396.992,
                    234.036
                ],
                [
                    1401.984,
                    247.968
                ],
                [
                    1402.944,
                    258.98400000000004
                ],
                [
                    1406.0159999999998,
                    263.952
                ],
                [
                    1407.936,
                    289.008
                ],
                [
                    1411.968,
                    301.968
                ],
                [
                    1411.968,
                    330.048
                ],
                [
                    1405.056,
                    359.964
                ],
                [
                    1391.04,
                    390.96
                ],
                [
                    1380.096,
                    400.032
                ]
            ]
        },
        {
            "ID": "4",
            "CLASS": "페트병",
            "DETAILS": "무색단일",
            "DAMAGE": "찌그러짐",
            "DIRTINESS": "이물질(외부)",
            "COVER": "없음",
            "TRANSPARENCY": "투명",
            "SHAPE": "물통형",
            "SHAPE_TYPE": "POLYGON",
            "POINTS": [
                [
                    307.96799999999996,
                    975.996
                ],
                [
                    292.03200000000004,
                    972.972
                ],
                [
                    268.992,
                    965.952
                ],
                [
                    249.984,
                    955.044
                ],
                [
                    227.904,
                    944.028
                ],
                [
                    201.024,
                    925.0200000000001
                ],
                [
                    196.03199999999998,
                    924.048
                ],
                [
                    180.096,
                    924.048
                ],
                [
                    167.04,
                    921.996
                ],
                [
                    150.912,
                    921.024
                ],
                [
                    108.096,
                    921.024
                ],
                [
                    91.008,
                    920.052
                ],
                [
                    81.024,
                    918
                ],
                [
                    72,
                    918
                ],
                [
                    65.088,
                    917.028
                ],
                [
                    48.959999999999994,
                    913.032
                ],
                [
                    43.008,
                    913.032
                ],
                [
                    38.016000000000005,
                    911.952
                ],
                [
                    20.928,
                    906.984
                ],
                [
                    15.936,
                    906.012
                ],
                [
                    10.944,
                    906.012
                ],
                [
                    0,
                    902.9879999999999
                ],
                [
                    0,
                    690.0120000000001
                ],
                [
                    3.072,
                    690.0120000000001
                ],
                [
                    34.944,
                    694.0079999999999
                ],
                [
                    52.992,
                    697.0319999999999
                ],
                [
                    63.93600000000001,
                    701.028
                ],
                [
                    89.088,
                    705.024
                ],
                [
                    99.072,
                    708.048
                ],
                [
                    113.08800000000001,
                    709.992
                ],
                [
                    130.944,
                    713.988
                ],
                [
                    147.072,
                    718.9559999999999
                ],
                [
                    156.096,
                    721.98
                ],
                [
                    168.95999999999998,
                    728.028
                ],
                [
                    215.04,
                    755.028
                ],
                [
                    230.976,
                    762.048
                ],
                [
                    241.92000000000002,
                    766.0440000000001
                ],
                [
                    268.992,
                    774.0360000000001
                ],
                [
                    278.976,
                    775.008
                ],
                [
                    302.976,
                    782.028
                ],
                [
                    324.096,
                    783.972
                ],
                [
                    340.992,
                    786.996
                ],
                [
                    354.048,
                    790.9920000000001
                ],
                [
                    363.072,
                    794.9879999999999
                ],
                [
                    389.952,
                    812.052
                ],
                [
                    394.94399999999996,
                    816.048
                ],
                [
                    399.93600000000004,
                    821.016
                ],
                [
                    408,
                    832.0319999999999
                ],
                [
                    408,
                    847.044
                ],
                [
                    402.048,
                    864
                ],
                [
                    394.94399999999996,
                    875.0160000000001
                ],
                [
                    389.952,
                    879.9839999999999
                ],
                [
                    387.072,
                    891.972
                ],
                [
                    387.072,
                    901.0440000000001
                ],
                [
                    384,
                    911.952
                ],
                [
                    375.936,
                    926.9639999999999
                ],
                [
                    378.048,
                    936.0360000000001
                ],
                [
                    378.048,
                    941.976
                ],
                [
                    374.976,
                    949.9680000000001
                ],
                [
                    366.912,
                    960.984
                ],
                [
                    356.928,
                    968.976
                ],
                [
                    346.944,
                    974.052
                ],
                [
                    339.072,
                    975.996
                ]
            ]
        }
    ]
}