{
    "IMAGE_INFO": {
        "FILE_NAME": "1000274@0_03001_220913_P1_T3__2080.jpg",
        "DATE": "2022-11-01 04:20:31",
        "RESOLUTION": "1920 x 1080",
        "IMAGE_PHOTOGRAPHER": "김보배",
        "FOCUS_DISTANCE": "7.1",
        "EXPOSURE_TIME": "1/400",
        "SENSITIVITY_ISO": "5000",
        "PLACE": "삼오자원",
        "REGION_NAME": null,
        "Direction": "0",
        "HEIGHT": "100",
        "DAY/NIGHT": "주간",
        "WEATHER": "맑음",
        "IMAGE_HEIGHT": 1080,
        "IMAGE_WIDTH": 1920,
        "IMAGE_SIZE": "630.3 KB"
    },
    "ANNOTATION_INFO": [
        {
            "ID": "1",
            "CLASS": "페트병",
            "DETAILS": "무색단일",
            "DAMAGE": "찌그러짐",
            "DIRTINESS": "오염없음",
            "COVER": "없음",
            "TRANSPARENCY": "투명",
            "SHAPE": "물통형",
            "SHAPE_TYPE": "POLYGON",
            "POINTS": [
                [
                    908.928,
                    1080
                ],
                [
                    906.048,
                    1072.008
                ],
                [
                    897.984,
                    1068.984
                ],
                [
                    872.064,
                    1052.028
                ],
                [
                    844.0319999999999,
                    1023.9480000000001
                ],
                [
                    835.9680000000001,
                    1019.952
                ],
                [
                    833.088,
                    1015.956
                ],
                [
                    792.9599999999999,
                    1014.9839999999999
                ],
                [
                    753.984,
                    1006.02
                ],
                [
                    750.912,
                    1003.968
                ],
                [
                    742.08,
                    978.048
                ],
                [
                    739.9680000000001,
                    914.004
                ],
                [
                    748.032,
                    905.04
                ],
                [
                    776.064,
                    895.968
                ],
                [
                    826.9440000000001,
                    891.972
                ],
                [
                    858.048,
                    884.952
                ],
                [
                    878.016,
                    878.04
                ],
                [
                    901.056,
                    874.044
                ],
                [
                    929.088,
                    864
                ],
                [
                    979.968,
                    853.9559999999999
                ],
                [
                    1004.928,
                    852.0120000000001
                ],
                [
                    1025.0880000000002,
                    847.044
                ],
                [
                    1059.072,
                    841.968
                ],
                [
                    1089.984,
                    829.0079999999999
                ],
                [
                    1113.024,
                    825.0120000000001
                ],
                [
                    1141.056,
                    825.984
                ],
                [
                    1182.912,
                    820.044
                ],
                [
                    1271.04,
                    814.9680000000001
                ],
                [
                    1329.984,
                    807.948
                ],
                [
                    1395.0720000000001,
                    806.976
                ],
                [
                    1415.04,
                    803.952
                ],
                [
                    1484.9279999999999,
                    802.98
                ],
                [
                    1511.04,
                    802.98
                ],
                [
                    1527.936,
                    803.952
                ],
                [
                    1536,
                    806.976
                ],
                [
                    1545.024,
                    807.948
                ],
                [
                    1569.984,
                    807.948
                ],
                [
                    1584,
                    813.024
                ],
                [
                    1596.096,
                    824.04
                ],
                [
                    1601.088,
                    837
                ],
                [
                    1603.968,
                    860.004
                ],
                [
                    1612.992,
                    879.012
                ],
                [
                    1612.992,
                    902.0160000000001
                ],
                [
                    1617.984,
                    921.024
                ],
                [
                    1612.992,
                    978.048
                ],
                [
                    1607.04,
                    984.96
                ],
                [
                    1598.016,
                    988.9559999999999
                ],
                [
                    1559.0400000000002,
                    990.036
                ],
                [
                    1531.008,
                    1006.02
                ],
                [
                    1527.936,
                    1010.988
                ],
                [
                    1518.912,
                    1015.956
                ],
                [
                    1463.04,
                    1036.044
                ],
                [
                    1409.088,
                    1041.012
                ],
                [
                    1387.008,
                    1045.98
                ],
                [
                    1372.032,
                    1045.98
                ],
                [
                    1363.968,
                    1044.036
                ],
                [
                    1333.056,
                    1044.036
                ],
                [
                    1321.92,
                    1046.952
                ],
                [
                    1292.9279999999999,
                    1049.0040000000001
                ],
                [
                    1251.072,
                    1048.0320000000002
                ],
                [
                    1228.032,
                    1044.036
                ],
                [
                    1148.928,
                    1045.98
                ],
                [
                    1134.9119999999998,
                    1050.9479999999999
                ],
                [
                    1114.944,
                    1046.952
                ],
                [
                    1093.056,
                    1056.0240000000001
                ],
                [
                    1075.968,
                    1080
                ],
                [
                    908.928,
                    1080
                ]
            ]
        },
        {
            "ID": "2",
            "CLASS": "페트병",
            "DETAILS": "무색단일",
            "DAMAGE": "원형",
            "DIRTINESS": "이물질(외부)",
            "COVER": "없음",
            "TRANSPARENCY": "투명",
            "SHAPE": "물통형",
            "SHAPE_TYPE": "POLYGON",
            "POINTS": [
                [
                    787.0079999999999,
                    802.98
                ],
                [
                    778.944,
                    802.008
                ],
                [
                    769.9200000000001,
                    795.96
                ],
                [
                    755.904,
                    782.028
                ],
                [
                    753.024,
                    776.952
                ],
                [
                    752.064,
                    771.012
                ],
                [
                    753.024,
                    747.036
                ],
                [
                    763.968,
                    724.032
                ],
                [
                    763.968,
                    720.036
                ],
                [
                    768,
                    710.9639999999999
                ],
                [
                    762.048,
                    701.028
                ],
                [
                    758.016,
                    685.044
                ],
                [
                    758.016,
                    652.9680000000001
                ],
                [
                    762.048,
                    627.048
                ],
                [
                    768.96,
                    605.988
                ],
                [
                    782.976,
                    578.016
                ],
                [
                    783.936,
                    570.996
                ],
                [
                    793.92,
                    555.0120000000001
                ],
                [
                    795.072,
                    547.992
                ],
                [
                    798.912,
                    542.052
                ],
                [
                    800.0640000000001,
                    535.032
                ],
                [
                    821.952,
                    493.99199999999996
                ],
                [
                    833.088,
                    465.048
                ],
                [
                    857.0880000000001,
                    413.964
                ],
                [
                    859.9680000000001,
                    404.02799999999996
                ],
                [
                    873.024,
                    389.988
                ],
                [
                    884.928,
                    381.99600000000004
                ],
                [
                    898.944,
                    377.028
                ],
                [
                    910.0799999999999,
                    375.94800000000004
                ],
                [
                    918.912,
                    375.94800000000004
                ],
                [
                    950.0160000000001,
                    381.024
                ],
                [
                    961.92,
                    385.02
                ],
                [
                    983.04,
                    397.008
                ],
                [
                    1004.928,
                    412.02
                ],
                [
                    1004.928,
                    413.964
                ],
                [
                    1008.9599999999999,
                    416.988
                ],
                [
                    1016.064,
                    429.94800000000004
                ],
                [
                    1019.904,
                    440.964
                ],
                [
                    1019.904,
                    444.96
                ],
                [
                    1026.048,
                    451.97999999999996
                ],
                [
                    1027.008,
                    473.04
                ],
                [
                    1008.9599999999999,
                    524.9879999999999
                ],
                [
                    998.0160000000001,
                    546.048
                ],
                [
                    983.9999999999999,
                    578.016
                ],
                [
                    983.9999999999999,
                    582.0120000000001
                ],
                [
                    979.008,
                    587.952
                ],
                [
                    973.056,
                    598.968
                ],
                [
                    950.976,
                    645.948
                ],
                [
                    936.96,
                    670.0319999999999
                ],
                [
                    931.968,
                    685.044
                ],
                [
                    925.056,
                    694.0079999999999
                ],
                [
                    922.9440000000001,
                    701.028
                ],
                [
                    910.0799999999999,
                    716.0400000000001
                ],
                [
                    897.024,
                    726.948
                ],
                [
                    879.9359999999999,
                    736.992
                ],
                [
                    860.928,
                    744.9839999999999
                ],
                [
                    845.952,
                    759.024
                ],
                [
                    834.048,
                    767.0160000000001
                ],
                [
                    811.008,
                    790.0200000000001
                ],
                [
                    798.912,
                    799.956
                ],
                [
                    793.92,
                    802.98
                ],
                [
                    787.0079999999999,
                    802.98
                ]
            ]
        }
    ]
}