{
    "IMAGE_INFO": {
        "FILE_NAME": "1000305@0_03001_220913_P1_T3__0489.jpg",
        "DATE": "2022-11-01 04:20:36",
        "RESOLUTION": "1920 x 1080",
        "IMAGE_PHOTOGRAPHER": "김보배",
        "FOCUS_DISTANCE": "7.1",
        "EXPOSURE_TIME": "1/400",
        "SENSITIVITY_ISO": "5000",
        "PLACE": "삼오자원",
        "REGION_NAME": null,
        "Direction": "0",
        "HEIGHT": "100",
        "DAY/NIGHT": "주간",
        "WEATHER": "맑음",
        "IMAGE_HEIGHT": 1080,
        "IMAGE_WIDTH": 1920,
        "IMAGE_SIZE": "558.7 KB"
    },
    "ANNOTATION_INFO": [
        {
            "ID": "1",
            "CLASS": "페트병",
            "DETAILS": "무색단일",
            "DAMAGE": "찌그러짐",
            "DIRTINESS": "이물질(외부)",
            "COVER": "겹침",
            "TRANSPARENCY": "투명",
            "SHAPE": "물통형",
            "SHAPE_TYPE": "POLYGON",
            "POINTS": [
                [
                    639.9359999999999,
                    1080
                ],
                [
                    638.976,
                    1067.04
                ],
                [
                    619.9680000000001,
                    1037.016
                ],
                [
                    610.944,
                    1033.02
                ],
                [
                    603.072,
                    1032.048
                ],
                [
                    595.9680000000001,
                    1032.048
                ],
                [
                    582.9119999999999,
                    1029.024
                ],
                [
                    575.04,
                    1029.024
                ],
                [
                    565.056,
                    1023.9480000000001
                ],
                [
                    562.9440000000001,
                    1021.032
                ],
                [
                    560.0640000000001,
                    1019.952
                ],
                [
                    558.912,
                    1017.036
                ],
                [
                    526.08,
                    984.96
                ],
                [
                    513.984,
                    969.948
                ],
                [
                    508.032,
                    957.96
                ],
                [
                    508.032,
                    955.044
                ],
                [
                    513.984,
                    941.976
                ],
                [
                    517.0559999999999,
                    937.98
                ],
                [
                    522.048,
                    933.984
                ],
                [
                    526.08,
                    929.016
                ],
                [
                    531.072,
                    925.9920000000001
                ],
                [
                    537.984,
                    918
                ],
                [
                    550.0799999999999,
                    909.0360000000001
                ],
                [
                    556.032,
                    902.0160000000001
                ],
                [
                    562.9440000000001,
                    895.968
                ],
                [
                    574.0799999999999,
                    890.028
                ],
                [
                    586.9440000000001,
                    878.04
                ],
                [
                    601.92,
                    867.996
                ],
                [
                    609.024,
                    860.976
                ],
                [
                    614.976,
                    856.98
                ],
                [
                    628.992,
                    852.0120000000001
                ],
                [
                    634.944,
                    852.0120000000001
                ],
                [
                    652.032,
                    864
                ],
                [
                    653.952,
                    867.996
                ],
                [
                    660.096,
                    875.0160000000001
                ],
                [
                    661.056,
                    880.956
                ],
                [
                    667.0079999999999,
                    890.028
                ],
                [
                    675.072,
                    898.02
                ],
                [
                    678.912,
                    906.012
                ],
                [
                    691.008,
                    921.024
                ],
                [
                    697.92,
                    928.044
                ],
                [
                    704.0640000000001,
                    930.96
                ],
                [
                    706.9440000000001,
                    936.0360000000001
                ],
                [
                    715.008,
                    940.0319999999999
                ],
                [
                    730.944,
                    945.972
                ],
                [
                    772.9920000000001,
                    959.04
                ],
                [
                    796.032,
                    972
                ],
                [
                    801.984,
                    972
                ],
                [
                    805.056,
                    972.972
                ],
                [
                    816,
                    980.9639999999999
                ],
                [
                    819.072,
                    982.044
                ],
                [
                    821.952,
                    982.044
                ],
                [
                    844.0319999999999,
                    992.952
                ],
                [
                    844.992,
                    995.976
                ],
                [
                    850.944,
                    1001.0519999999999
                ],
                [
                    906.048,
                    1032.048
                ],
                [
                    911.04,
                    1037.016
                ],
                [
                    913.92,
                    1045.98
                ],
                [
                    911.04,
                    1049.9759999999999
                ],
                [
                    902.016,
                    1057.968
                ],
                [
                    900.096,
                    1061.964
                ],
                [
                    897.024,
                    1063.0439999999999
                ],
                [
                    896.064,
                    1067.04
                ],
                [
                    888,
                    1072.008
                ],
                [
                    884.928,
                    1080
                ],
                [
                    639.9359999999999,
                    1080
                ]
            ]
        },
        {
            "ID": "2",
            "CLASS": "페트병",
            "DETAILS": "무색단일",
            "DAMAGE": "찌그러짐",
            "DIRTINESS": "이물질(외부)",
            "COVER": "겹침",
            "TRANSPARENCY": "투명",
            "SHAPE": "물통형",
            "SHAPE_TYPE": "POLYGON",
            "POINTS": [
                [
                    1338.048,
                    967.0319999999999
                ],
                [
                    1326.912,
                    963.0360000000001
                ],
                [
                    1318.08,
                    963.0360000000001
                ],
                [
                    1308.096,
                    957.96
                ],
                [
                    1281.0240000000001,
                    956.9879999999999
                ],
                [
                    1275.0720000000001,
                    955.044
                ],
                [
                    1268.928,
                    955.044
                ],
                [
                    1241.088,
                    947.052
                ],
                [
                    1213.056,
                    929.9879999999999
                ],
                [
                    1206.912,
                    929.016
                ],
                [
                    1196.9279999999999,
                    922.9680000000001
                ],
                [
                    1184.064,
                    921.024
                ],
                [
                    1162.944,
                    910.008
                ],
                [
                    1157.952,
                    902.9879999999999
                ],
                [
                    1147.968,
                    872.964
                ],
                [
                    1142.976,
                    864
                ],
                [
                    1140.096,
                    849.96
                ],
                [
                    1140.096,
                    839.052
                ],
                [
                    1116.096,
                    807.948
                ],
                [
                    1113.9840000000002,
                    799.956
                ],
                [
                    1114.944,
                    775.98
                ],
                [
                    1124.9279999999999,
                    753.9480000000001
                ],
                [
                    1129.92,
                    748.98
                ],
                [
                    1147.968,
                    736.992
                ],
                [
                    1156.992,
                    733.968
                ],
                [
                    1172.9279999999999,
                    733.968
                ],
                [
                    1177.92,
                    732.996
                ],
                [
                    1204.9920000000002,
                    721.0079999999999
                ],
                [
                    1219.008,
                    717.9839999999999
                ],
                [
                    1242.048,
                    710.9639999999999
                ],
                [
                    1248.96,
                    710.9639999999999
                ],
                [
                    1267.968,
                    718.9559999999999
                ],
                [
                    1280.0639999999999,
                    729.972
                ],
                [
                    1292.9279999999999,
                    744.9839999999999
                ],
                [
                    1314.048,
                    789.048
                ],
                [
                    1318.08,
                    809.028
                ],
                [
                    1323.0720000000001,
                    818.9639999999999
                ],
                [
                    1324.9920000000002,
                    837
                ],
                [
                    1328.0639999999999,
                    840.024
                ],
                [
                    1329.984,
                    848.988
                ],
                [
                    1330.944,
                    871.992
                ],
                [
                    1329.0240000000001,
                    879.012
                ],
                [
                    1329.0240000000001,
                    893.052
                ],
                [
                    1330.944,
                    901.0440000000001
                ],
                [
                    1334.976,
                    906.012
                ],
                [
                    1337.088,
                    915.948
                ],
                [
                    1340.928,
                    921.996
                ],
                [
                    1344.96,
                    953.9639999999999
                ],
                [
                    1348.032,
                    960.984
                ],
                [
                    1345.9199999999998,
                    965.952
                ],
                [
                    1342.08,
                    967.0319999999999
                ],
                [
                    1338.048,
                    967.0319999999999
                ]
            ]
        },
        {
            "ID": "3",
            "CLASS": "페트병",
            "DETAILS": "무색단일",
            "DAMAGE": "찌그러짐",
            "DIRTINESS": "이물질(외부)",
            "COVER": "겹침",
            "TRANSPARENCY": "투명",
            "SHAPE": "물통형",
            "SHAPE_TYPE": "POLYGON",
            "POINTS": [
                [
                    432.96000000000004,
                    964.0079999999999
                ],
                [
                    404.928,
                    960.0120000000001
                ],
                [
                    388.992,
                    960.0120000000001
                ],
                [
                    364.99199999999996,
                    956.9879999999999
                ],
                [
                    350.976,
                    956.9879999999999
                ],
                [
                    337.91999999999996,
                    953.9639999999999
                ],
                [
                    335.03999999999996,
                    952.02
                ],
                [
                    327.93600000000004,
                    951.048
                ],
                [
                    321.984,
                    940.0319999999999
                ],
                [
                    321.024,
                    926.9639999999999
                ],
                [
                    316.992,
                    910.98
                ],
                [
                    315.072,
                    879.012
                ],
                [
                    318.912,
                    848.016
                ],
                [
                    321.984,
                    837.972
                ],
                [
                    340.03200000000004,
                    805.0319999999999
                ],
                [
                    342.91200000000003,
                    794.9879999999999
                ],
                [
                    342.91200000000003,
                    779.976
                ],
                [
                    334.08,
                    756.972
                ],
                [
                    334.08,
                    737.964
                ],
                [
                    335.03999999999996,
                    732.996
                ],
                [
                    360,
                    690.984
                ],
                [
                    378.048,
                    654.048
                ],
                [
                    379.008,
                    647.028
                ],
                [
                    375.936,
                    636.012
                ],
                [
                    375.936,
                    605.988
                ],
                [
                    378.048,
                    582.0120000000001
                ],
                [
                    384.96000000000004,
                    575.9639999999999
                ],
                [
                    397.05600000000004,
                    571.968
                ],
                [
                    402.048,
                    570.996
                ],
                [
                    412.992,
                    570.996
                ],
                [
                    421.056,
                    567.972
                ],
                [
                    441.984,
                    567.972
                ],
                [
                    454.08,
                    569.052
                ],
                [
                    459.072,
                    571.968
                ],
                [
                    470.976,
                    571.968
                ],
                [
                    475.968,
                    574.02
                ],
                [
                    476.928,
                    575.9639999999999
                ],
                [
                    475.00800000000004,
                    582.0120000000001
                ],
                [
                    460.03200000000004,
                    601.02
                ],
                [
                    454.08,
                    616.032
                ],
                [
                    459.072,
                    621.972
                ],
                [
                    464.064,
                    624.024
                ],
                [
                    473.088,
                    624.996
                ],
                [
                    478.08,
                    629.964
                ],
                [
                    478.08,
                    644.004
                ],
                [
                    470.01599999999996,
                    677.052
                ],
                [
                    470.976,
                    725.004
                ],
                [
                    473.088,
                    740.0160000000001
                ],
                [
                    476.928,
                    756.972
                ],
                [
                    483.072,
                    771.012
                ],
                [
                    491.904,
                    779.976
                ],
                [
                    499.968,
                    783
                ],
                [
                    504,
                    786.024
                ],
                [
                    507.072,
                    801.0360000000001
                ],
                [
                    507.072,
                    814.9680000000001
                ],
                [
                    513.984,
                    837
                ],
                [
                    513.984,
                    875.988
                ],
                [
                    508.992,
                    945
                ],
                [
                    504,
                    953.9639999999999
                ],
                [
                    498.04800000000006,
                    957.96
                ],
                [
                    493.0559999999999,
                    960.0120000000001
                ],
                [
                    485.952,
                    960.0120000000001
                ],
                [
                    474.048,
                    964.0079999999999
                ],
                [
                    432.96000000000004,
                    964.0079999999999
                ]
            ]
        },
        {
            "ID": "4",
            "CLASS": "페트병",
            "DETAILS": "무색단일",
            "DAMAGE": "찌그러짐",
            "DIRTINESS": "이물질(외부)",
            "COVER": "겹침",
            "TRANSPARENCY": "투명",
            "SHAPE": "물통형",
            "SHAPE_TYPE": "POLYGON",
            "POINTS": [
                [
                    1400.0639999999999,
                    834.948
                ],
                [
                    1391.04,
                    833.004
                ],
                [
                    1380.096,
                    824.04
                ],
                [
                    1376.064,
                    817.02
                ],
                [
                    1349.952,
                    786.024
                ],
                [
                    1348.032,
                    780.948
                ],
                [
                    1337.088,
                    767.9879999999999
                ],
                [
                    1334.0159999999998,
                    762.048
                ],
                [
                    1328.0639999999999,
                    756.972
                ],
                [
                    1323.0720000000001,
                    748.008
                ],
                [
                    1315.968,
                    741.96
                ],
                [
                    1315.968,
                    740.0160000000001
                ],
                [
                    1305.9840000000002,
                    729
                ],
                [
                    1297.92,
                    705.996
                ],
                [
                    1296,
                    694.0079999999999
                ],
                [
                    1296,
                    667.008
                ],
                [
                    1300.992,
                    654.048
                ],
                [
                    1296.96,
                    633.9599999999999
                ],
                [
                    1291.968,
                    629.964
                ],
                [
                    1286.0159999999998,
                    613.008
                ],
                [
                    1286.0159999999998,
                    582.0120000000001
                ],
                [
                    1290.048,
                    578.016
                ],
                [
                    1292.9279999999999,
                    578.016
                ],
                [
                    1301.952,
                    573.048
                ],
                [
                    1313.088,
                    573.048
                ],
                [
                    1316.9279999999999,
                    571.968
                ],
                [
                    1326.912,
                    567.972
                ],
                [
                    1333.056,
                    567.972
                ],
                [
                    1339.9679999999998,
                    566.028
                ],
                [
                    1347.0720000000001,
                    562.0319999999999
                ],
                [
                    1353.9840000000002,
                    559.9799999999999
                ],
                [
                    1357.056,
                    559.9799999999999
                ],
                [
                    1368.96,
                    567.972
                ],
                [
                    1374.9119999999998,
                    577.044
                ],
                [
                    1377.984,
                    582.9839999999999
                ],
                [
                    1377.984,
                    591.948
                ],
                [
                    1372.032,
                    601.02
                ],
                [
                    1372.032,
                    605.0160000000001
                ],
                [
                    1368,
                    605.988
                ],
                [
                    1359.9360000000001,
                    613.008
                ],
                [
                    1349.952,
                    617.976
                ],
                [
                    1337.088,
                    631.0440000000001
                ],
                [
                    1331.904,
                    647.028
                ],
                [
                    1334.0159999999998,
                    662.04
                ],
                [
                    1344.96,
                    677.052
                ],
                [
                    1354.944,
                    686.016
                ],
                [
                    1374.9119999999998,
                    702
                ],
                [
                    1381.056,
                    709.02
                ],
                [
                    1416.96,
                    736.02
                ],
                [
                    1443.0720000000001,
                    760.968
                ],
                [
                    1446.912,
                    763.02
                ],
                [
                    1454.976,
                    771.984
                ],
                [
                    1483.008,
                    794.9879999999999
                ],
                [
                    1502.976,
                    821.016
                ],
                [
                    1502.976,
                    824.04
                ],
                [
                    1501.056,
                    825.0120000000001
                ],
                [
                    1482.048,
                    825.984
                ],
                [
                    1476.096,
                    828.0360000000001
                ],
                [
                    1458.048,
                    829.9799999999999
                ],
                [
                    1441.92,
                    829.9799999999999
                ],
                [
                    1434.048,
                    832.0319999999999
                ],
                [
                    1406.0159999999998,
                    834.948
                ],
                [
                    1400.0639999999999,
                    834.948
                ]
            ]
        },
        {
            "ID": "5",
            "CLASS": "페트병",
            "DETAILS": "무색단일",
            "DAMAGE": "찌그러짐",
            "DIRTINESS": "이물질(외부)",
            "COVER": "겹침",
            "TRANSPARENCY": "투명",
            "SHAPE": "물통형",
            "SHAPE_TYPE": "POLYGON",
            "POINTS": [
                [
                    1128,
                    868.968
                ],
                [
                    1123.968,
                    867.024
                ],
                [
                    1119.9360000000001,
                    857.952
                ],
                [
                    1118.9759999999999,
                    849.96
                ],
                [
                    1110.912,
                    836.028
                ],
                [
                    1109.952,
                    830.952
                ],
                [
                    1105.9199999999998,
                    828.0360000000001
                ],
                [
                    1104.96,
                    824.04
                ],
                [
                    1100.928,
                    821.016
                ],
                [
                    1099.9679999999998,
                    817.992
                ],
                [
                    1081.92,
                    801.0360000000001
                ],
                [
                    1054.0800000000002,
                    779.976
                ],
                [
                    1031.04,
                    771.012
                ],
                [
                    1027.008,
                    767.9879999999999
                ],
                [
                    1018.944,
                    756.972
                ],
                [
                    1016.064,
                    755.028
                ],
                [
                    1008.9599999999999,
                    752.976
                ],
                [
                    993.9840000000002,
                    751.032
                ],
                [
                    980.928,
                    751.032
                ],
                [
                    968.064,
                    753.9480000000001
                ],
                [
                    961.92,
                    753.9480000000001
                ],
                [
                    956.928,
                    756
                ],
                [
                    954.048,
                    756
                ],
                [
                    953.088,
                    753.9480000000001
                ],
                [
                    954.048,
                    709.992
                ],
                [
                    955.9680000000001,
                    695.952
                ],
                [
                    959.04,
                    681.048
                ],
                [
                    963.0720000000001,
                    671.976
                ],
                [
                    964.9920000000001,
                    644.976
                ],
                [
                    969.0240000000001,
                    639.0360000000001
                ],
                [
                    969.9839999999999,
                    628.9920000000001
                ],
                [
                    974.016,
                    620.028
                ],
                [
                    977.0880000000001,
                    597.996
                ],
                [
                    982.0799999999999,
                    594
                ],
                [
                    998.976,
                    591.948
                ],
                [
                    1008.9599999999999,
                    591.948
                ],
                [
                    1018.944,
                    590.004
                ],
                [
                    1027.008,
                    590.004
                ],
                [
                    1027.968,
                    589.032
                ],
                [
                    1036.032,
                    589.032
                ],
                [
                    1043.904,
                    593.028
                ],
                [
                    1073.088,
                    593.028
                ],
                [
                    1097.088,
                    596.0519999999999
                ],
                [
                    1127.04,
                    597.024
                ],
                [
                    1165.056,
                    601.02
                ],
                [
                    1201.92,
                    600.048
                ],
                [
                    1204.032,
                    601.02
                ],
                [
                    1206.912,
                    608.04
                ],
                [
                    1210.944,
                    627.048
                ],
                [
                    1214.976,
                    635.04
                ],
                [
                    1217.088,
                    647.028
                ],
                [
                    1222.08,
                    663.984
                ],
                [
                    1227.0720000000001,
                    674.028
                ],
                [
                    1237.056,
                    710.9639999999999
                ],
                [
                    1227.0720000000001,
                    716.0400000000001
                ],
                [
                    1208.0639999999999,
                    721.0079999999999
                ],
                [
                    1200,
                    721.98
                ],
                [
                    1176.96,
                    736.02
                ],
                [
                    1153.92,
                    736.02
                ],
                [
                    1147.008,
                    739.044
                ],
                [
                    1128.96,
                    752.004
                ],
                [
                    1123.968,
                    759.024
                ],
                [
                    1118.9759999999999,
                    767.0160000000001
                ],
                [
                    1113.9840000000002,
                    783
                ],
                [
                    1113.9840000000002,
                    797.04
                ],
                [
                    1119.9360000000001,
                    812.052
                ],
                [
                    1132.992,
                    824.04
                ],
                [
                    1137.024,
                    832.0319999999999
                ],
                [
                    1141.056,
                    836.028
                ],
                [
                    1142.016,
                    857.952
                ],
                [
                    1141.056,
                    864
                ],
                [
                    1138.944,
                    866.0519999999999
                ],
                [
                    1131.072,
                    867.024
                ],
                [
                    1128,
                    868.968
                ]
            ]
        },
        {
            "ID": "6",
            "CLASS": "페트병",
            "DETAILS": "무색단일",
            "DAMAGE": "찌그러짐",
            "DIRTINESS": "이물질(외부)",
            "COVER": "겹침",
            "TRANSPARENCY": "투명",
            "SHAPE": "물통형",
            "SHAPE_TYPE": "POLYGON",
            "POINTS": [
                [
                    1569.0240000000001,
                    497.988
                ],
                [
                    1564.032,
                    494.964
                ],
                [
                    1561.92,
                    482.00399999999996
                ],
                [
                    1550.9759999999999,
                    459.972
                ],
                [
                    1548.096,
                    447.984
                ],
                [
                    1544.064,
                    440.964
                ],
                [
                    1536,
                    434.05199999999996
                ],
                [
                    1534.0800000000002,
                    428.976
                ],
                [
                    1531.968,
                    409.968
                ],
                [
                    1526.976,
                    398.952
                ],
                [
                    1526.0159999999998,
                    393.012
                ],
                [
                    1527.936,
                    362.988
                ],
                [
                    1534.0800000000002,
                    344.952
                ],
                [
                    1539.072,
                    338.04
                ],
                [
                    1545.024,
                    334.04400000000004
                ],
                [
                    1574.0159999999998,
                    331.992
                ],
                [
                    1598.016,
                    331.992
                ],
                [
                    1608,
                    327.99600000000004
                ],
                [
                    1657.92,
                    327.99600000000004
                ],
                [
                    1702.08,
                    335.988
                ],
                [
                    1713.9840000000002,
                    339.98400000000004
                ],
                [
                    1723.968,
                    339.98400000000004
                ],
                [
                    1742.016,
                    346.03200000000004
                ],
                [
                    1747.968,
                    354.024
                ],
                [
                    1752,
                    369.036
                ],
                [
                    1753.92,
                    381.024
                ],
                [
                    1753.92,
                    413.964
                ],
                [
                    1752,
                    416.988
                ],
                [
                    1742.976,
                    423.036
                ],
                [
                    1732.032,
                    424.008
                ],
                [
                    1724.9279999999999,
                    428.976
                ],
                [
                    1716.096,
                    429.94800000000004
                ],
                [
                    1704,
                    439.99199999999996
                ],
                [
                    1689.984,
                    442.044
                ],
                [
                    1674.048,
                    451.97999999999996
                ],
                [
                    1670.016,
                    451.97999999999996
                ],
                [
                    1661.952,
                    454.032
                ],
                [
                    1657.92,
                    459
                ],
                [
                    1654.0800000000002,
                    459.972
                ],
                [
                    1651.968,
                    462.024
                ],
                [
                    1646.976,
                    462.024
                ],
                [
                    1640.0639999999999,
                    467.964
                ],
                [
                    1633.92,
                    470.988
                ],
                [
                    1630.08,
                    470.988
                ],
                [
                    1623.936,
                    474.012
                ],
                [
                    1622.016,
                    477.036
                ],
                [
                    1617.984,
                    478.008
                ],
                [
                    1616.064,
                    479.952
                ],
                [
                    1604.9279999999999,
                    482.976
                ],
                [
                    1593.9840000000002,
                    489.024
                ],
                [
                    1587.0720000000001,
                    489.996
                ],
                [
                    1580.928,
                    494.964
                ],
                [
                    1574.0159999999998,
                    496.044
                ],
                [
                    1571.904,
                    497.988
                ],
                [
                    1569.0240000000001,
                    497.988
                ]
            ]
        },
        {
            "ID": "7",
            "CLASS": "페트병",
            "DETAILS": "무색단일",
            "DAMAGE": "찌그러짐",
            "DIRTINESS": "이물질(외부)",
            "COVER": "겹침",
            "TRANSPARENCY": "투명",
            "SHAPE": "물통형",
            "SHAPE_TYPE": "POLYGON",
            "POINTS": [
                [
                    917.952,
                    1002.996
                ],
                [
                    905.088,
                    1001.0519999999999
                ],
                [
                    859.9680000000001,
                    1002.024
                ],
                [
                    853.0559999999999,
                    1001.0519999999999
                ],
                [
                    844.992,
                    996.948
                ],
                [
                    844.992,
                    995.004
                ],
                [
                    826.9440000000001,
                    987.0120000000001
                ],
                [
                    822.9119999999999,
                    983.016
                ],
                [
                    810.048,
                    978.048
                ],
                [
                    810.048,
                    975.996
                ],
                [
                    806.016,
                    972.972
                ],
                [
                    800.0640000000001,
                    971.028
                ],
                [
                    790.0799999999999,
                    969.948
                ],
                [
                    772.032,
                    960.0120000000001
                ],
                [
                    753.024,
                    952.992
                ],
                [
                    728.064,
                    945.972
                ],
                [
                    709.056,
                    937.98
                ],
                [
                    691.008,
                    921.024
                ],
                [
                    685.056,
                    913.032
                ],
                [
                    682.9440000000001,
                    910.008
                ],
                [
                    685.056,
                    905.04
                ],
                [
                    691.008,
                    902.0160000000001
                ],
                [
                    706.9440000000001,
                    899.964
                ],
                [
                    721.92,
                    895.968
                ],
                [
                    724.992,
                    895.968
                ],
                [
                    738.048,
                    902.0160000000001
                ],
                [
                    750.912,
                    899.964
                ],
                [
                    768.96,
                    894.996
                ],
                [
                    776.064,
                    890.028
                ],
                [
                    787.0079999999999,
                    874.044
                ],
                [
                    788.928,
                    867.024
                ],
                [
                    792.9599999999999,
                    861.948
                ],
                [
                    795.072,
                    856.0079999999999
                ],
                [
                    805.056,
                    848.016
                ],
                [
                    806.016,
                    844.02
                ],
                [
                    819.072,
                    830.952
                ],
                [
                    822.9119999999999,
                    826.956
                ],
                [
                    831.936,
                    817.02
                ],
                [
                    844.992,
                    807.948
                ],
                [
                    864.96,
                    795.96
                ],
                [
                    881.088,
                    783.972
                ],
                [
                    915.072,
                    766.0440000000001
                ],
                [
                    921.024,
                    763.9920000000001
                ],
                [
                    940.992,
                    760.968
                ],
                [
                    973.056,
                    752.004
                ],
                [
                    1003.9680000000001,
                    752.004
                ],
                [
                    1016.064,
                    753.9480000000001
                ],
                [
                    1027.008,
                    767.9879999999999
                ],
                [
                    1032.96,
                    771.984
                ],
                [
                    1040.0639999999999,
                    772.956
                ],
                [
                    1065.9840000000002,
                    786.996
                ],
                [
                    1089.984,
                    806.976
                ],
                [
                    1099.9679999999998,
                    817.992
                ],
                [
                    1109.952,
                    832.0319999999999
                ],
                [
                    1121.088,
                    856.0079999999999
                ],
                [
                    1126.08,
                    882.036
                ],
                [
                    1126.08,
                    905.04
                ],
                [
                    1132.032,
                    913.032
                ],
                [
                    1133.952,
                    921.024
                ],
                [
                    1121.088,
                    936.0360000000001
                ],
                [
                    1091.904,
                    960.0120000000001
                ],
                [
                    1059.072,
                    979.992
                ],
                [
                    1022.016,
                    988.9559999999999
                ],
                [
                    993.024,
                    998.028
                ],
                [
                    985.92,
                    999
                ],
                [
                    937.92,
                    999.972
                ],
                [
                    927.936,
                    1002.996
                ]
            ]
        }
    ]
}