{
    "IMAGE_INFO": {
        "FILE_NAME": "1000025@0_03001_220913_P1_T3__1822.jpg",
        "DATE": "2022-11-01 04:20:21",
        "RESOLUTION": "1920 x 1080",
        "IMAGE_PHOTOGRAPHER": "김보배",
        "FOCUS_DISTANCE": "7.1",
        "EXPOSURE_TIME": "1/400",
        "SENSITIVITY_ISO": "5000",
        "PLACE": "삼오자원",
        "REGION_NAME": null,
        "Direction": "0",
        "HEIGHT": "100",
        "DAY/NIGHT": "주간",
        "WEATHER": "맑음",
        "IMAGE_HEIGHT": 1080,
        "IMAGE_WIDTH": 1920,
        "IMAGE_SIZE": "680.1 KB"
    },
    "ANNOTATION_INFO": [
        {
            "ID": "1",
            "CLASS": "페트병",
            "DETAILS": "무색단일",
            "DAMAGE": "찌그러짐",
            "DIRTINESS": "이물질(외부)",
            "COVER": "없음",
            "TRANSPARENCY": "투명",
            "SHAPE": "물통형",
            "SHAPE_TYPE": "POLYGON",
            "POINTS": [
                [
                    998.976,
                    833.976
                ],
                [
                    983.9999999999999,
                    832.0319999999999
                ],
                [
                    965.952,
                    832.0319999999999
                ],
                [
                    949.056,
                    825.984
                ],
                [
                    921.984,
                    813.024
                ],
                [
                    912,
                    805.0319999999999
                ],
                [
                    907.0079999999999,
                    803.952
                ],
                [
                    903.936,
                    798.984
                ],
                [
                    889.9200000000001,
                    787.9680000000001
                ],
                [
                    882.048,
                    778.032
                ],
                [
                    873.984,
                    771.012
                ],
                [
                    868.992,
                    768.9599999999999
                ],
                [
                    868.992,
                    762.048
                ],
                [
                    859.9680000000001,
                    752.004
                ],
                [
                    851.904,
                    732.024
                ],
                [
                    825.024,
                    690.0120000000001
                ],
                [
                    817.92,
                    671.976
                ],
                [
                    802.9440000000001,
                    651.996
                ],
                [
                    793.92,
                    632.9879999999999
                ],
                [
                    792.9599999999999,
                    623.052
                ],
                [
                    772.032,
                    594
                ],
                [
                    771.072,
                    585.036
                ],
                [
                    767.0400000000001,
                    581.0400000000001
                ],
                [
                    761.088,
                    559.9799999999999
                ],
                [
                    758.016,
                    532.0079999999999
                ],
                [
                    758.016,
                    525.96
                ],
                [
                    763.968,
                    512.028
                ],
                [
                    772.032,
                    500.04
                ],
                [
                    777.024,
                    496.044
                ],
                [
                    786.048,
                    478.98
                ],
                [
                    801.984,
                    455.976
                ],
                [
                    814.0799999999999,
                    443.988
                ],
                [
                    826.9440000000001,
                    435.024
                ],
                [
                    831.936,
                    427.032
                ],
                [
                    838.08,
                    412.02
                ],
                [
                    839.04,
                    401.976
                ],
                [
                    843.072,
                    396.036
                ],
                [
                    854.976,
                    385.02
                ],
                [
                    860.928,
                    381.99600000000004
                ],
                [
                    868.992,
                    381.024
                ],
                [
                    889.9200000000001,
                    381.024
                ],
                [
                    902.016,
                    385.02
                ],
                [
                    915.072,
                    393.012
                ],
                [
                    916.032,
                    397.98
                ],
                [
                    921.984,
                    401.976
                ],
                [
                    926.016,
                    412.02
                ],
                [
                    926.976,
                    444.96
                ],
                [
                    930.048,
                    458.02799999999996
                ],
                [
                    940.992,
                    475.95599999999996
                ],
                [
                    954.048,
                    490.968
                ],
                [
                    961.92,
                    510.94800000000004
                ],
                [
                    965.952,
                    539.028
                ],
                [
                    965.952,
                    585.036
                ],
                [
                    970.9440000000001,
                    590.976
                ],
                [
                    984.96,
                    601.02
                ],
                [
                    1045.056,
                    624.024
                ],
                [
                    1046.0159999999998,
                    644.004
                ],
                [
                    1065.9840000000002,
                    664.956
                ],
                [
                    1081.92,
                    675
                ],
                [
                    1117.056,
                    682.992
                ],
                [
                    1123.008,
                    689.04
                ],
                [
                    1119.9360000000001,
                    717.0120000000001
                ],
                [
                    1084.032,
                    801.0360000000001
                ],
                [
                    1074.048,
                    810.972
                ],
                [
                    1073.088,
                    814.9680000000001
                ],
                [
                    1059.072,
                    825.984
                ],
                [
                    1047.936,
                    832.0319999999999
                ],
                [
                    1037.952,
                    833.976
                ],
                [
                    1012.032,
                    833.004
                ]
            ]
        },
        {
            "ID": "2",
            "CLASS": "페트병",
            "DETAILS": "무색단일",
            "DAMAGE": "원형",
            "DIRTINESS": "이물질(외부)",
            "COVER": "없음",
            "TRANSPARENCY": "투명",
            "SHAPE": "물통형",
            "SHAPE_TYPE": "POLYGON",
            "POINTS": [
                [
                    1747.968,
                    906.984
                ],
                [
                    1737.024,
                    906.012
                ],
                [
                    1728.96,
                    902.9879999999999
                ],
                [
                    1719.9360000000001,
                    902.0160000000001
                ],
                [
                    1708.032,
                    897.048
                ],
                [
                    1685.952,
                    894.024
                ],
                [
                    1669.056,
                    895.968
                ],
                [
                    1647.936,
                    902.0160000000001
                ],
                [
                    1627.008,
                    902.0160000000001
                ],
                [
                    1606.08,
                    898.02
                ],
                [
                    1593.024,
                    891.972
                ],
                [
                    1548.096,
                    884.952
                ],
                [
                    1540.0320000000002,
                    880.956
                ],
                [
                    1507.968,
                    878.04
                ],
                [
                    1498.944,
                    874.044
                ],
                [
                    1491.072,
                    872.964
                ],
                [
                    1476.096,
                    864.972
                ],
                [
                    1457.088,
                    860.976
                ],
                [
                    1448.0639999999999,
                    856.0079999999999
                ],
                [
                    1435.968,
                    852.9839999999999
                ],
                [
                    1422.912,
                    847.044
                ],
                [
                    1401.984,
                    840.996
                ],
                [
                    1395.0720000000001,
                    840.996
                ],
                [
                    1376.064,
                    836.028
                ],
                [
                    1369.92,
                    832.0319999999999
                ],
                [
                    1342.08,
                    825.984
                ],
                [
                    1329.0240000000001,
                    820.044
                ],
                [
                    1315.968,
                    817.992
                ],
                [
                    1291.008,
                    810
                ],
                [
                    1281.984,
                    805.0319999999999
                ],
                [
                    1266.048,
                    802.008
                ],
                [
                    1228.992,
                    785.052
                ],
                [
                    1223.04,
                    779.004
                ],
                [
                    1214.0159999999998,
                    756.972
                ],
                [
                    1214.0159999999998,
                    722.952
                ],
                [
                    1219.008,
                    717.0120000000001
                ],
                [
                    1223.04,
                    702
                ],
                [
                    1223.04,
                    685.044
                ],
                [
                    1228.992,
                    671.976
                ],
                [
                    1239.9360000000001,
                    650.052
                ],
                [
                    1257.024,
                    628.9920000000001
                ],
                [
                    1272,
                    621
                ],
                [
                    1289.088,
                    614.952
                ],
                [
                    1295.04,
                    614.952
                ],
                [
                    1324.9920000000002,
                    621
                ],
                [
                    1361.088,
                    635.04
                ],
                [
                    1387.008,
                    640.98
                ],
                [
                    1414.0800000000002,
                    650.052
                ],
                [
                    1430.9759999999999,
                    652.9680000000001
                ],
                [
                    1464.96,
                    663.0120000000001
                ],
                [
                    1469.952,
                    663.0120000000001
                ],
                [
                    1498.944,
                    675
                ],
                [
                    1520.0639999999999,
                    679.9680000000001
                ],
                [
                    1554.048,
                    694.9799999999999
                ],
                [
                    1574.0159999999998,
                    698.004
                ],
                [
                    1582.08,
                    698.004
                ],
                [
                    1609.92,
                    710.9639999999999
                ],
                [
                    1636.992,
                    713.988
                ],
                [
                    1654.0800000000002,
                    721.98
                ],
                [
                    1659.072,
                    726.948
                ],
                [
                    1693.056,
                    747.036
                ],
                [
                    1693.056,
                    751.032
                ],
                [
                    1703.04,
                    764.964
                ],
                [
                    1708.032,
                    779.976
                ],
                [
                    1718.016,
                    794.016
                ],
                [
                    1732.992,
                    798.0120000000001
                ],
                [
                    1746.048,
                    803.952
                ],
                [
                    1771.008,
                    818.9639999999999
                ],
                [
                    1784.064,
                    830.952
                ],
                [
                    1785.9840000000002,
                    871.02
                ],
                [
                    1771.008,
                    894.024
                ],
                [
                    1753.92,
                    905.04
                ]
            ]
        },
        {
            "ID": "3",
            "CLASS": "페트병",
            "DETAILS": "무색단일",
            "DAMAGE": "원형",
            "DIRTINESS": "이물질(외부)",
            "COVER": "없음",
            "TRANSPARENCY": "투명",
            "SHAPE": "물통형",
            "SHAPE_TYPE": "POLYGON",
            "POINTS": [
                [
                    1569.984,
                    381.99600000000004
                ],
                [
                    1550.9759999999999,
                    378
                ],
                [
                    1536,
                    370.98
                ],
                [
                    1536,
                    369.036
                ],
                [
                    1497.984,
                    354.024
                ],
                [
                    1473.024,
                    354.996
                ],
                [
                    1448.0639999999999,
                    350.028
                ],
                [
                    1431.9360000000001,
                    350.028
                ],
                [
                    1419.072,
                    347.00399999999996
                ],
                [
                    1402.944,
                    347.00399999999996
                ],
                [
                    1383.936,
                    343.008
                ],
                [
                    1358.9759999999999,
                    334.04400000000004
                ],
                [
                    1305.9840000000002,
                    327.99600000000004
                ],
                [
                    1262.016,
                    316.00800000000004
                ],
                [
                    1252.032,
                    316.00800000000004
                ],
                [
                    1204.9920000000002,
                    304.99199999999996
                ],
                [
                    1191.9360000000001,
                    304.02
                ],
                [
                    1180.0320000000002,
                    300.024
                ],
                [
                    1172.9279999999999,
                    300.024
                ],
                [
                    1155.0720000000001,
                    293.976
                ],
                [
                    1142.016,
                    293.00399999999996
                ],
                [
                    1109.952,
                    282.96000000000004
                ],
                [
                    1098.048,
                    281.988
                ],
                [
                    1037.952,
                    266.00399999999996
                ],
                [
                    1018.944,
                    265.032
                ],
                [
                    974.9760000000001,
                    254.988
                ],
                [
                    950.0160000000001,
                    254.016
                ],
                [
                    927.936,
                    250.992
                ],
                [
                    912,
                    243.97199999999998
                ],
                [
                    898.944,
                    231.012
                ],
                [
                    892.9920000000001,
                    209.952
                ],
                [
                    892.9920000000001,
                    177.984
                ],
                [
                    898.944,
                    155.952
                ],
                [
                    898.944,
                    134.028
                ],
                [
                    906.048,
                    119.988
                ],
                [
                    908.928,
                    77.976
                ],
                [
                    917.952,
                    54
                ],
                [
                    921.024,
                    29.052
                ],
                [
                    931.008,
                    11.016
                ],
                [
                    931.008,
                    3.996
                ],
                [
                    934.0799999999999,
                    3.024
                ],
                [
                    934.0799999999999,
                    0
                ],
                [
                    1100.928,
                    0
                ],
                [
                    1119.9360000000001,
                    6.048
                ],
                [
                    1145.0880000000002,
                    7.992
                ],
                [
                    1180.0320000000002,
                    15.011999999999999
                ],
                [
                    1191.9360000000001,
                    19.98
                ],
                [
                    1210.944,
                    22.032
                ],
                [
                    1229.952,
                    27.971999999999998
                ],
                [
                    1243.008,
                    29.052
                ],
                [
                    1276.992,
                    38.016000000000005
                ],
                [
                    1296,
                    38.988
                ],
                [
                    1309.056,
                    33.048
                ],
                [
                    1311.9360000000001,
                    38.988
                ],
                [
                    1347.0720000000001,
                    51.94799999999999
                ],
                [
                    1391.04,
                    58.968
                ],
                [
                    1412.9279999999999,
                    60.047999999999995
                ],
                [
                    1435.0079999999998,
                    64.044
                ],
                [
                    1478.9759999999999,
                    68.04
                ],
                [
                    1513.92,
                    77.004
                ],
                [
                    1598.9759999999999,
                    91.044
                ],
                [
                    1617.984,
                    97.956
                ],
                [
                    1640.0639999999999,
                    100.008
                ],
                [
                    1670.9759999999999,
                    111.996
                ],
                [
                    1708.992,
                    131.976
                ],
                [
                    1728,
                    145.044
                ],
                [
                    1743.936,
                    159.948
                ],
                [
                    1771.968,
                    196.99200000000002
                ],
                [
                    1775.04,
                    208.00799999999998
                ],
                [
                    1785.024,
                    219.024
                ],
                [
                    1785.024,
                    227.016
                ],
                [
                    1788.096,
                    231.012
                ],
                [
                    1809.984,
                    234.036
                ],
                [
                    1822.08,
                    238.032
                ],
                [
                    1828.992,
                    238.032
                ],
                [
                    1838.016,
                    243
                ],
                [
                    1870.08,
                    249.048
                ],
                [
                    1887.936,
                    258.98400000000004
                ],
                [
                    1891.968,
                    266.00399999999996
                ],
                [
                    1891.968,
                    284.04
                ],
                [
                    1887.936,
                    304.02
                ],
                [
                    1872.96,
                    332.964
                ],
                [
                    1866.048,
                    339.98400000000004
                ],
                [
                    1851.072,
                    346.03200000000004
                ],
                [
                    1841.088,
                    346.03200000000004
                ],
                [
                    1788.096,
                    339.012
                ],
                [
                    1766.0159999999998,
                    327.99600000000004
                ],
                [
                    1752.96,
                    330.048
                ],
                [
                    1737.024,
                    336.96
                ],
                [
                    1708.992,
                    357.048
                ],
                [
                    1676.9279999999999,
                    370.98
                ],
                [
                    1665.024,
                    371.952
                ],
                [
                    1659.072,
                    374.976
                ],
                [
                    1640.0639999999999,
                    378
                ],
                [
                    1623.936,
                    378
                ],
                [
                    1611.072,
                    381.99600000000004
                ]
            ]
        },
        {
            "ID": "4",
            "CLASS": "페트병",
            "DETAILS": "무색단일",
            "DAMAGE": "찌그러짐",
            "DIRTINESS": "이물질(외부)",
            "COVER": "없음",
            "TRANSPARENCY": "투명",
            "SHAPE": "물통형",
            "SHAPE_TYPE": "POLYGON",
            "POINTS": [
                [
                    274.94399999999996,
                    654.048
                ],
                [
                    249.02400000000003,
                    644.004
                ],
                [
                    234.048,
                    631.0440000000001
                ],
                [
                    225.024,
                    617.976
                ],
                [
                    214.08,
                    616.032
                ],
                [
                    198.912,
                    616.032
                ],
                [
                    183.93599999999998,
                    612.036
                ],
                [
                    152.06400000000002,
                    590.976
                ],
                [
                    128.064,
                    570.024
                ],
                [
                    108.096,
                    542.052
                ],
                [
                    81.98400000000001,
                    482.976
                ],
                [
                    80.06400000000001,
                    466.02
                ],
                [
                    83.90400000000001,
                    428.976
                ],
                [
                    67.008,
                    402.948
                ],
                [
                    65.088,
                    375.94800000000004
                ],
                [
                    49.919999999999995,
                    315.036
                ],
                [
                    38.976,
                    212.976
                ],
                [
                    33.024,
                    196.01999999999998
                ],
                [
                    32.064,
                    174.96
                ],
                [
                    28.032,
                    165.024
                ],
                [
                    24,
                    137.05200000000002
                ],
                [
                    24,
                    87.048
                ],
                [
                    17.088,
                    38.016000000000005
                ],
                [
                    22.08,
                    0
                ],
                [
                    325.05600000000004,
                    0
                ],
                [
                    332.928,
                    10.043999999999999
                ],
                [
                    337.91999999999996,
                    23.003999999999998
                ],
                [
                    363.072,
                    62.964
                ],
                [
                    375.936,
                    80.028
                ],
                [
                    399.93600000000004,
                    135
                ],
                [
                    404.928,
                    155.952
                ],
                [
                    417.024,
                    180.03599999999997
                ],
                [
                    422.01599999999996,
                    208.98000000000002
                ],
                [
                    432.96000000000004,
                    238.032
                ],
                [
                    436.992,
                    270
                ],
                [
                    446.016,
                    294.94800000000004
                ],
                [
                    446.016,
                    313.956
                ],
                [
                    459.072,
                    358.99199999999996
                ],
                [
                    459.072,
                    380.05199999999996
                ],
                [
                    446.016,
                    489.996
                ],
                [
                    418.944,
                    535.032
                ],
                [
                    402.048,
                    574.02
                ],
                [
                    389.952,
                    582.9839999999999
                ],
                [
                    379.008,
                    594.972
                ],
                [
                    365.952,
                    601.992
                ],
                [
                    345.984,
                    623.052
                ],
                [
                    331.008,
                    631.0440000000001
                ],
                [
                    313.92,
                    650.052
                ],
                [
                    307.008,
                    654.048
                ]
            ]
        }
    ]
}