{
    "IMAGE_INFO": {
        "FILE_NAME": "1000462@0_03001_220913_P1_T3__0401.jpg",
        "DATE": "2022-11-01 04:20:34",
        "RESOLUTION": "1920 x 1080",
        "IMAGE_PHOTOGRAPHER": "김보배",
        "FOCUS_DISTANCE": "7.1",
        "EXPOSURE_TIME": "1/400",
        "SENSITIVITY_ISO": "5000",
        "PLACE": "삼오자원",
        "REGION_NAME": null,
        "Direction": "0",
        "HEIGHT": "100",
        "DAY/NIGHT": "주간",
        "WEATHER": "맑음",
        "IMAGE_HEIGHT": 1080,
        "IMAGE_WIDTH": 1920,
        "IMAGE_SIZE": "634.5 KB"
    },
    "ANNOTATION_INFO": [
        {
            "ID": "1",
            "CLASS": "페트병",
            "DETAILS": "무색단일",
            "DAMAGE": "찌그러짐",
            "DIRTINESS": "오염없음",
            "COVER": "없음",
            "TRANSPARENCY": "투명",
            "SHAPE": "기타 형태",
            "SHAPE_TYPE": "POLYGON",
            "POINTS": [
                [
                    798.912,
                    497.988
                ],
                [
                    785.088,
                    492.048
                ],
                [
                    777.984,
                    486.97200000000004
                ],
                [
                    771.072,
                    474.98400000000004
                ],
                [
                    768,
                    459.972
                ],
                [
                    772.9920000000001,
                    452.952
                ],
                [
                    773.952,
                    442.044
                ],
                [
                    779.904,
                    429.94800000000004
                ],
                [
                    779.904,
                    424.98
                ],
                [
                    774.912,
                    423.036
                ],
                [
                    771.072,
                    419.04
                ],
                [
                    757.0559999999999,
                    413.964
                ],
                [
                    753.984,
                    413.964
                ],
                [
                    745.9200000000001,
                    409.968
                ],
                [
                    739.9680000000001,
                    408.996
                ],
                [
                    724.0319999999999,
                    401.976
                ],
                [
                    714.048,
                    393.98400000000004
                ],
                [
                    705.024,
                    389.988
                ],
                [
                    684.096,
                    375.94800000000004
                ],
                [
                    666.048,
                    361.044
                ],
                [
                    648.96,
                    331.992
                ],
                [
                    648.96,
                    311.03999999999996
                ],
                [
                    656.064,
                    289.98
                ],
                [
                    672,
                    266.00399999999996
                ],
                [
                    673.92,
                    257.03999999999996
                ],
                [
                    682.9440000000001,
                    245.052
                ],
                [
                    686.976,
                    235.98
                ],
                [
                    687.936,
                    226.044
                ],
                [
                    697.92,
                    209.952
                ],
                [
                    697.92,
                    207.036
                ],
                [
                    705.024,
                    203.04
                ],
                [
                    715.008,
                    196.99200000000002
                ],
                [
                    729.024,
                    200.988
                ],
                [
                    748.992,
                    216
                ],
                [
                    793.92,
                    257.03999999999996
                ],
                [
                    811.008,
                    269.02799999999996
                ],
                [
                    819.072,
                    278.964
                ],
                [
                    834.048,
                    290.952
                ],
                [
                    864,
                    321.948
                ],
                [
                    906.048,
                    351.97200000000004
                ],
                [
                    908.928,
                    357.048
                ],
                [
                    918.912,
                    365.04
                ],
                [
                    934.0799999999999,
                    373.032
                ],
                [
                    940.992,
                    374.004
                ],
                [
                    945.024,
                    371.952
                ],
                [
                    950.976,
                    374.976
                ],
                [
                    945.024,
                    388.044
                ],
                [
                    921.024,
                    419.04
                ],
                [
                    912.9599999999999,
                    434.05199999999996
                ],
                [
                    898.944,
                    435.996
                ],
                [
                    888,
                    439.99199999999996
                ],
                [
                    868.992,
                    455.976
                ],
                [
                    860.928,
                    467.964
                ],
                [
                    839.04,
                    489.996
                ],
                [
                    830.0160000000001,
                    494.964
                ],
                [
                    815.04,
                    497.988
                ],
                [
                    798.912,
                    497.988
                ]
            ]
        },
        {
            "ID": "2",
            "CLASS": "페트병",
            "DETAILS": "무색단일",
            "DAMAGE": "원형",
            "DIRTINESS": "오염없음",
            "COVER": "겹침",
            "TRANSPARENCY": "투명",
            "SHAPE": "물통형",
            "SHAPE_TYPE": "POLYGON",
            "POINTS": [
                [
                    844.0319999999999,
                    802.008
                ],
                [
                    810.048,
                    799.956
                ],
                [
                    776.064,
                    790.9920000000001
                ],
                [
                    764.928,
                    790.9920000000001
                ],
                [
                    757.0559999999999,
                    787.9680000000001
                ],
                [
                    748.992,
                    775.98
                ],
                [
                    742.08,
                    771.012
                ],
                [
                    734.976,
                    759.024
                ],
                [
                    734.976,
                    752.004
                ],
                [
                    730.944,
                    741.96
                ],
                [
                    718.08,
                    720.036
                ],
                [
                    716.928,
                    713.988
                ],
                [
                    709.056,
                    701.028
                ],
                [
                    700.0319999999999,
                    693.0360000000001
                ],
                [
                    691.968,
                    667.98
                ],
                [
                    670.0799999999999,
                    628.9920000000001
                ],
                [
                    668.928,
                    623.052
                ],
                [
                    652.9920000000001,
                    598.968
                ],
                [
                    643.968,
                    578.988
                ],
                [
                    643.968,
                    570.024
                ],
                [
                    633.024,
                    563.004
                ],
                [
                    624.96,
                    552.96
                ],
                [
                    608.064,
                    519.048
                ],
                [
                    608.064,
                    493.02000000000004
                ],
                [
                    615.9359999999999,
                    454.032
                ],
                [
                    615.9359999999999,
                    440.964
                ],
                [
                    613.0559999999999,
                    435.996
                ],
                [
                    600.96,
                    431.028
                ],
                [
                    594.048,
                    417.96000000000004
                ],
                [
                    593.088,
                    361.044
                ],
                [
                    595.9680000000001,
                    354.996
                ],
                [
                    604.0319999999999,
                    348.948
                ],
                [
                    614.976,
                    343.008
                ],
                [
                    620.928,
                    342.036
                ],
                [
                    627.072,
                    338.04
                ],
                [
                    635.904,
                    335.01599999999996
                ],
                [
                    647.0400000000001,
                    335.01599999999996
                ],
                [
                    652.9920000000001,
                    339.012
                ],
                [
                    660.096,
                    347.976
                ],
                [
                    675.072,
                    378
                ],
                [
                    684.096,
                    385.02
                ],
                [
                    686.016,
                    392.03999999999996
                ],
                [
                    684.096,
                    401.976
                ],
                [
                    691.968,
                    409.968
                ],
                [
                    697.92,
                    411.048
                ],
                [
                    716.928,
                    420.984
                ],
                [
                    742.08,
                    429.94800000000004
                ],
                [
                    748.992,
                    434.05199999999996
                ],
                [
                    755.904,
                    443.016
                ],
                [
                    757.0559999999999,
                    450.036
                ],
                [
                    764.928,
                    459
                ],
                [
                    776.064,
                    486
                ],
                [
                    773.952,
                    494.964
                ],
                [
                    777.024,
                    501.984
                ],
                [
                    787.0079999999999,
                    508.032
                ],
                [
                    801.024,
                    535.032
                ],
                [
                    801.984,
                    543.024
                ],
                [
                    840.96,
                    609.9839999999999
                ],
                [
                    841.92,
                    616.032
                ],
                [
                    863.04,
                    651.024
                ],
                [
                    869.952,
                    671.0039999999999
                ],
                [
                    883.0079999999999,
                    690.0120000000001
                ],
                [
                    883.0079999999999,
                    693.0360000000001
                ],
                [
                    916.9920000000001,
                    736.02
                ],
                [
                    926.016,
                    749.952
                ],
                [
                    929.088,
                    762.048
                ],
                [
                    936.96,
                    771.984
                ],
                [
                    941.952,
                    791.9639999999999
                ],
                [
                    937.92,
                    798.0120000000001
                ],
                [
                    931.008,
                    801.0360000000001
                ],
                [
                    920.0640000000001,
                    802.008
                ],
                [
                    867.072,
                    799.956
                ],
                [
                    844.0319999999999,
                    802.008
                ]
            ]
        },
        {
            "ID": "3",
            "CLASS": "페트병",
            "DETAILS": "무색단일",
            "DAMAGE": "찌그러짐",
            "DIRTINESS": "이물질(외부)",
            "COVER": "겹침",
            "TRANSPARENCY": "투명",
            "SHAPE": "물통형",
            "SHAPE_TYPE": "POLYGON",
            "POINTS": [
                [
                    1243.968,
                    1080
                ],
                [
                    1249.92,
                    1009.044
                ],
                [
                    1253.952,
                    987.9839999999999
                ],
                [
                    1256.064,
                    948.024
                ],
                [
                    1258.944,
                    937.008
                ],
                [
                    1258.944,
                    920.052
                ],
                [
                    1265.0880000000002,
                    898.9920000000001
                ],
                [
                    1265.0880000000002,
                    893.052
                ],
                [
                    1275.0720000000001,
                    891
                ],
                [
                    1278.912,
                    893.052
                ],
                [
                    1285.056,
                    891
                ],
                [
                    1295.04,
                    876.96
                ],
                [
                    1305.024,
                    856.0079999999999
                ],
                [
                    1286.0159999999998,
                    833.976
                ],
                [
                    1275.0720000000001,
                    826.956
                ],
                [
                    1268.928,
                    818.9639999999999
                ],
                [
                    1257.024,
                    813.024
                ],
                [
                    1252.032,
                    807.948
                ],
                [
                    1253.952,
                    798.984
                ],
                [
                    1273.92,
                    768.9599999999999
                ],
                [
                    1275.0720000000001,
                    762.048
                ],
                [
                    1285.056,
                    747.036
                ],
                [
                    1290.048,
                    735.048
                ],
                [
                    1292.9279999999999,
                    706.968
                ],
                [
                    1291.008,
                    644.004
                ],
                [
                    1292.9279999999999,
                    632.9879999999999
                ],
                [
                    1302.912,
                    624.024
                ],
                [
                    1316.9279999999999,
                    617.004
                ],
                [
                    1323.0720000000001,
                    609.012
                ],
                [
                    1323.0720000000001,
                    586.0079999999999
                ],
                [
                    1326.912,
                    579.96
                ],
                [
                    1328.0639999999999,
                    563.004
                ],
                [
                    1333.056,
                    547.992
                ],
                [
                    1339.008,
                    540.972
                ],
                [
                    1368.96,
                    540.972
                ],
                [
                    1385.0880000000002,
                    543.024
                ],
                [
                    1391.04,
                    544.9680000000001
                ],
                [
                    1409.088,
                    551.9879999999999
                ],
                [
                    1414.0800000000002,
                    558.0360000000001
                ],
                [
                    1414.0800000000002,
                    589.032
                ],
                [
                    1410.048,
                    605.988
                ],
                [
                    1403.904,
                    617.004
                ],
                [
                    1403.904,
                    623.052
                ],
                [
                    1431.9360000000001,
                    663.0120000000001
                ],
                [
                    1444.9920000000002,
                    689.04
                ],
                [
                    1449.984,
                    705.996
                ],
                [
                    1449.984,
                    724.032
                ],
                [
                    1445.952,
                    741.96
                ],
                [
                    1444.9920000000002,
                    763.9920000000001
                ],
                [
                    1441.92,
                    772.956
                ],
                [
                    1439.0400000000002,
                    806.976
                ],
                [
                    1434.048,
                    836.028
                ],
                [
                    1426.944,
                    867.024
                ],
                [
                    1424.064,
                    897.048
                ],
                [
                    1409.088,
                    933.984
                ],
                [
                    1407.936,
                    945
                ],
                [
                    1403.904,
                    953.9639999999999
                ],
                [
                    1402.944,
                    968.004
                ],
                [
                    1398.912,
                    976.968
                ],
                [
                    1397.952,
                    988.9559999999999
                ],
                [
                    1391.04,
                    1010.988
                ],
                [
                    1388.928,
                    1042.956
                ],
                [
                    1392.96,
                    1080
                ],
                [
                    1243.968,
                    1080
                ]
            ]
        },
        {
            "ID": "4",
            "CLASS": "페트병",
            "DETAILS": "무색단일",
            "DAMAGE": "찌그러짐",
            "DIRTINESS": "오염없음",
            "COVER": "겹침",
            "TRANSPARENCY": "투명",
            "SHAPE": "물통형",
            "SHAPE_TYPE": "POLYGON",
            "POINTS": [
                [
                    769.9200000000001,
                    204.012
                ],
                [
                    835.008,
                    157.032
                ],
                [
                    858.048,
                    150.012
                ],
                [
                    901.056,
                    139.968
                ],
                [
                    936,
                    122.04
                ],
                [
                    988.0319999999999,
                    143.964
                ],
                [
                    1027.968,
                    153.036
                ],
                [
                    1049.088,
                    143.964
                ],
                [
                    1080.9599999999998,
                    138.024
                ],
                [
                    1104,
                    142.992
                ],
                [
                    1108.032,
                    153.036
                ],
                [
                    1119.9360000000001,
                    192.996
                ],
                [
                    1128,
                    231.012
                ],
                [
                    1136.064,
                    280.044
                ],
                [
                    1132.032,
                    297
                ],
                [
                    1114.944,
                    307.044
                ],
                [
                    1070.016,
                    305.964
                ],
                [
                    1054.0800000000002,
                    316.00800000000004
                ],
                [
                    1043.904,
                    303.048
                ],
                [
                    1035.0720000000001,
                    307.044
                ],
                [
                    1008,
                    313.956
                ],
                [
                    992.0640000000001,
                    323.02799999999996
                ],
                [
                    979.008,
                    335.988
                ],
                [
                    960.9599999999999,
                    336.96
                ],
                [
                    939.072,
                    347.00399999999996
                ],
                [
                    907.968,
                    358.02000000000004
                ],
                [
                    859.008,
                    317.952
                ],
                [
                    795.072,
                    255.95999999999998
                ],
                [
                    767.0400000000001,
                    231.012
                ]
            ]
        },
        {
            "ID": "5",
            "CLASS": "페트병",
            "DETAILS": "무색단일",
            "DAMAGE": "원형",
            "DIRTINESS": "이물질(외부)",
            "COVER": "없음",
            "TRANSPARENCY": "투명",
            "SHAPE": "물통형",
            "SHAPE_TYPE": "POLYGON",
            "POINTS": [
                [
                    457.91999999999996,
                    872.964
                ],
                [
                    444.096,
                    867.996
                ],
                [
                    425.088,
                    833.004
                ],
                [
                    422.01599999999996,
                    797.04
                ],
                [
                    417.98400000000004,
                    790.9920000000001
                ],
                [
                    417.024,
                    783.972
                ],
                [
                    393.984,
                    744.012
                ],
                [
                    379.008,
                    699.948
                ],
                [
                    379.008,
                    655.0200000000001
                ],
                [
                    383.04,
                    644.976
                ],
                [
                    383.04,
                    635.04
                ],
                [
                    379.96799999999996,
                    628.9920000000001
                ],
                [
                    379.96799999999996,
                    590.976
                ],
                [
                    385.92,
                    548.9639999999999
                ],
                [
                    392.06399999999996,
                    524.9879999999999
                ],
                [
                    393.024,
                    492.048
                ],
                [
                    397.05600000000004,
                    470.988
                ],
                [
                    392.06399999999996,
                    362.988
                ],
                [
                    385.92,
                    334.04400000000004
                ],
                [
                    385.92,
                    261.036
                ],
                [
                    392.06399999999996,
                    246.024
                ],
                [
                    393.024,
                    236.95200000000003
                ],
                [
                    397.05600000000004,
                    231.98399999999998
                ],
                [
                    398.976,
                    230.04
                ],
                [
                    403.008,
                    230.04
                ],
                [
                    420.096,
                    219.024
                ],
                [
                    427.008,
                    219.024
                ],
                [
                    486.912,
                    223.01999999999998
                ],
                [
                    497.088,
                    226.044
                ],
                [
                    523.0079999999999,
                    226.044
                ],
                [
                    546.048,
                    227.988
                ],
                [
                    566.976,
                    231.98399999999998
                ],
                [
                    579.072,
                    236.95200000000003
                ],
                [
                    585.984,
                    246.024
                ],
                [
                    591.936,
                    267.948
                ],
                [
                    593.088,
                    335.988
                ],
                [
                    582.9119999999999,
                    378.972
                ],
                [
                    577.92,
                    435.996
                ],
                [
                    577.92,
                    527.04
                ],
                [
                    581.952,
                    540
                ],
                [
                    582.9119999999999,
                    582.0120000000001
                ],
                [
                    580.992,
                    609.012
                ],
                [
                    581.952,
                    710.9639999999999
                ],
                [
                    566.016,
                    751.032
                ],
                [
                    553.92,
                    768.9599999999999
                ],
                [
                    551.04,
                    782.028
                ],
                [
                    543.936,
                    793.044
                ],
                [
                    541.056,
                    840.024
                ],
                [
                    537.984,
                    849.96
                ],
                [
                    528.96,
                    861.948
                ],
                [
                    521.088,
                    867.996
                ],
                [
                    499.00800000000004,
                    872.964
                ],
                [
                    457.91999999999996,
                    872.964
                ]
            ]
        }
    ]
}