{
    "IMAGE_INFO": {
        "FILE_NAME": "1000163@0_03001_220913_P1_T3__1923.jpg",
        "DATE": "2022-11-01 04:20:25",
        "RESOLUTION": "1920 x 1080",
        "IMAGE_PHOTOGRAPHER": "김보배",
        "FOCUS_DISTANCE": "7.1",
        "EXPOSURE_TIME": "1/400",
        "SENSITIVITY_ISO": "5000",
        "PLACE": "삼오자원",
        "REGION_NAME": null,
        "Direction": "0",
        "HEIGHT": "100",
        "DAY/NIGHT": "주간",
        "WEATHER": "맑음",
        "IMAGE_HEIGHT": 1080,
        "IMAGE_WIDTH": 1920,
        "IMAGE_SIZE": "666.6 KB"
    },
    "ANNOTATION_INFO": [
        {
            "ID": "1",
            "CLASS": "페트병",
            "DETAILS": "무색단일",
            "DAMAGE": "찌그러짐",
            "DIRTINESS": "오염없음",
            "COVER": "겹침",
            "TRANSPARENCY": "투명",
            "SHAPE": "물통형",
            "SHAPE_TYPE": "POLYGON",
            "POINTS": [
                [
                    1545.9840000000002,
                    682.02
                ],
                [
                    1537.92,
                    681.048
                ],
                [
                    1517.952,
                    675
                ],
                [
                    1501.056,
                    674.028
                ],
                [
                    1496.064,
                    670.0319999999999
                ],
                [
                    1488.96,
                    667.98
                ],
                [
                    1484.9279999999999,
                    664.956
                ],
                [
                    1469.952,
                    663.984
                ],
                [
                    1448.0639999999999,
                    652.9680000000001
                ],
                [
                    1435.0079999999998,
                    644.004
                ],
                [
                    1433.088,
                    640.98
                ],
                [
                    1420.0320000000002,
                    633.9599999999999
                ],
                [
                    1395.0720000000001,
                    616.032
                ],
                [
                    1371.072,
                    597.024
                ],
                [
                    1361.088,
                    586.0079999999999
                ],
                [
                    1359.9360000000001,
                    578.988
                ],
                [
                    1353.9840000000002,
                    571.968
                ],
                [
                    1352.064,
                    559.0079999999999
                ],
                [
                    1347.0720000000001,
                    551.9879999999999
                ],
                [
                    1347.0720000000001,
                    543.9960000000001
                ],
                [
                    1352.064,
                    539.028
                ],
                [
                    1352.064,
                    535.032
                ],
                [
                    1358.016,
                    531.0360000000001
                ],
                [
                    1380.096,
                    493.02000000000004
                ],
                [
                    1380.096,
                    455.976
                ],
                [
                    1382.976,
                    448.956
                ],
                [
                    1391.04,
                    439.99199999999996
                ],
                [
                    1412.9279999999999,
                    424.98
                ],
                [
                    1425.9840000000002,
                    419.04
                ],
                [
                    1433.088,
                    417.96000000000004
                ],
                [
                    1440.9599999999998,
                    412.992
                ],
                [
                    1468.032,
                    405
                ],
                [
                    1478.016,
                    398.952
                ],
                [
                    1516.032,
                    384.048
                ],
                [
                    1535.04,
                    371.952
                ],
                [
                    1556.9279999999999,
                    362.016
                ],
                [
                    1585.9199999999998,
                    351
                ],
                [
                    1612.032,
                    338.04
                ],
                [
                    1636.032,
                    327.99600000000004
                ],
                [
                    1646.976,
                    326.052
                ],
                [
                    1661.952,
                    316.97999999999996
                ],
                [
                    1680,
                    309.96
                ],
                [
                    1712.064,
                    293.00399999999996
                ],
                [
                    1721.088,
                    289.98
                ],
                [
                    1752,
                    273.024
                ],
                [
                    1780.0320000000002,
                    262.98
                ],
                [
                    1819.008,
                    242.028
                ],
                [
                    1837.056,
                    235.00799999999998
                ],
                [
                    1843.968,
                    228.95999999999998
                ],
                [
                    1849.92,
                    227.988
                ],
                [
                    1853.952,
                    227.988
                ],
                [
                    1857.024,
                    228.95999999999998
                ],
                [
                    1861.056,
                    235.00799999999998
                ],
                [
                    1862.976,
                    247.968
                ],
                [
                    1861.056,
                    303.048
                ],
                [
                    1862.976,
                    304.02
                ],
                [
                    1862.976,
                    320.976
                ],
                [
                    1853.952,
                    361.044
                ],
                [
                    1832.064,
                    405.97200000000004
                ],
                [
                    1809.0240000000001,
                    436.968
                ],
                [
                    1790.9759999999999,
                    470.01599999999996
                ],
                [
                    1781.952,
                    490.968
                ],
                [
                    1780.0320000000002,
                    505.00800000000004
                ],
                [
                    1750.08,
                    558.0360000000001
                ],
                [
                    1748.928,
                    571.968
                ],
                [
                    1733.952,
                    613.98
                ],
                [
                    1718.9759999999999,
                    637.956
                ],
                [
                    1709.952,
                    648
                ],
                [
                    1693.056,
                    655.0200000000001
                ],
                [
                    1669.056,
                    662.04
                ],
                [
                    1665.9840000000002,
                    664.956
                ],
                [
                    1637.952,
                    674.028
                ],
                [
                    1601.088,
                    681.048
                ],
                [
                    1545.9840000000002,
                    682.02
                ]
            ]
        },
        {
            "ID": "2",
            "CLASS": "페트병",
            "DETAILS": "무색단일",
            "DAMAGE": "찌그러짐",
            "DIRTINESS": "이물질(외부)",
            "COVER": "겹침",
            "TRANSPARENCY": "투명",
            "SHAPE": "물통형",
            "SHAPE_TYPE": "POLYGON",
            "POINTS": [
                [
                    639.9359999999999,
                    870.048
                ],
                [
                    628.992,
                    864
                ],
                [
                    610.944,
                    844.992
                ],
                [
                    604.992,
                    830.952
                ],
                [
                    604.992,
                    818.9639999999999
                ],
                [
                    610.944,
                    801.0360000000001
                ],
                [
                    627.072,
                    779.004
                ],
                [
                    633.984,
                    772.956
                ],
                [
                    638.016,
                    705.024
                ],
                [
                    648.96,
                    678.9960000000001
                ],
                [
                    657.984,
                    668.952
                ],
                [
                    667.0079999999999,
                    664.956
                ],
                [
                    686.976,
                    647.028
                ],
                [
                    691.968,
                    644.976
                ],
                [
                    696,
                    636.984
                ],
                [
                    724.992,
                    614.952
                ],
                [
                    729.9839999999999,
                    606.96
                ],
                [
                    729.9839999999999,
                    559.0079999999999
                ],
                [
                    744.96,
                    525.96
                ],
                [
                    761.088,
                    508.032
                ],
                [
                    773.952,
                    496.044
                ],
                [
                    782.976,
                    492.048
                ],
                [
                    792,
                    489.996
                ],
                [
                    802.9440000000001,
                    489.996
                ],
                [
                    819.072,
                    486
                ],
                [
                    822.9119999999999,
                    482.00399999999996
                ],
                [
                    828.096,
                    482.00399999999996
                ],
                [
                    868.032,
                    443.988
                ],
                [
                    872.064,
                    442.044
                ],
                [
                    877.0559999999999,
                    442.044
                ],
                [
                    883.968,
                    438.048
                ],
                [
                    903.936,
                    417.96000000000004
                ],
                [
                    903.936,
                    385.992
                ],
                [
                    898.944,
                    370.00800000000004
                ],
                [
                    898.944,
                    313.956
                ],
                [
                    910.0799999999999,
                    267.948
                ],
                [
                    926.016,
                    242.028
                ],
                [
                    930.048,
                    227.988
                ],
                [
                    941.952,
                    216
                ],
                [
                    945.984,
                    216
                ],
                [
                    965.952,
                    200.988
                ],
                [
                    999.936,
                    191.052
                ],
                [
                    1014.9119999999999,
                    189
                ],
                [
                    1110.912,
                    189
                ],
                [
                    1142.016,
                    207.036
                ],
                [
                    1151.04,
                    207.036
                ],
                [
                    1156.032,
                    208.98000000000002
                ],
                [
                    1166.976,
                    219.99599999999998
                ],
                [
                    1174.0800000000002,
                    235.98
                ],
                [
                    1182.912,
                    273.996
                ],
                [
                    1189.056,
                    331.992
                ],
                [
                    1185.024,
                    342.036
                ],
                [
                    1165.056,
                    362.016
                ],
                [
                    1127.04,
                    389.988
                ],
                [
                    1116.096,
                    396.036
                ],
                [
                    1089.0240000000001,
                    401.976
                ],
                [
                    1064.064,
                    409.968
                ],
                [
                    1052.9279999999999,
                    420.012
                ],
                [
                    1051.008,
                    432
                ],
                [
                    1052.9279999999999,
                    438.048
                ],
                [
                    1046.0159999999998,
                    467.964
                ],
                [
                    1046.0159999999998,
                    505.98
                ],
                [
                    1037.952,
                    539.028
                ],
                [
                    1037.952,
                    556.956
                ],
                [
                    1035.0720000000001,
                    567
                ],
                [
                    1026.048,
                    581.0400000000001
                ],
                [
                    1023.936,
                    597.024
                ],
                [
                    1014.9119999999999,
                    610.956
                ],
                [
                    1012.992,
                    621
                ],
                [
                    990.912,
                    659.016
                ],
                [
                    959.04,
                    694.9799999999999
                ],
                [
                    950.976,
                    709.02
                ],
                [
                    941.952,
                    717.0120000000001
                ],
                [
                    912.9599999999999,
                    756.972
                ],
                [
                    889.9200000000001,
                    776.952
                ],
                [
                    888,
                    783
                ],
                [
                    860.928,
                    810.972
                ],
                [
                    859.008,
                    817.02
                ],
                [
                    845.952,
                    830.952
                ],
                [
                    840.96,
                    833.004
                ],
                [
                    830.0160000000001,
                    833.004
                ],
                [
                    820.992,
                    834.948
                ],
                [
                    811.968,
                    840.996
                ],
                [
                    802.9440000000001,
                    843.048
                ],
                [
                    731.904,
                    843.048
                ],
                [
                    714.048,
                    839.052
                ],
                [
                    705.024,
                    839.052
                ],
                [
                    685.056,
                    848.016
                ],
                [
                    652.032,
                    870.048
                ],
                [
                    639.9359999999999,
                    870.048
                ]
            ]
        },
        {
            "ID": "3",
            "CLASS": "페트병",
            "DETAILS": "무색단일",
            "DAMAGE": "찌그러짐",
            "DIRTINESS": "오염없음",
            "COVER": "겹침",
            "TRANSPARENCY": "투명",
            "SHAPE": "기타 형태",
            "SHAPE_TYPE": "POLYGON",
            "POINTS": [
                [
                    606.912,
                    691.956
                ],
                [
                    589.056,
                    686.016
                ],
                [
                    569.088,
                    683.9639999999999
                ],
                [
                    548.928,
                    678.024
                ],
                [
                    538.944,
                    674.028
                ],
                [
                    510.91200000000003,
                    654.048
                ],
                [
                    499.00800000000004,
                    648
                ],
                [
                    444.096,
                    628.02
                ],
                [
                    436.032,
                    628.02
                ],
                [
                    426.048,
                    621.972
                ],
                [
                    416.064,
                    620.028
                ],
                [
                    406.08,
                    613.98
                ],
                [
                    393.024,
                    609.9839999999999
                ],
                [
                    383.04,
                    601.992
                ],
                [
                    383.04,
                    586.0079999999999
                ],
                [
                    365.952,
                    574.02
                ],
                [
                    342.91200000000003,
                    563.976
                ],
                [
                    336,
                    558.0360000000001
                ],
                [
                    301.056,
                    540
                ],
                [
                    283.008,
                    532.0079999999999
                ],
                [
                    273.024,
                    529.956
                ],
                [
                    263.04,
                    524.0160000000001
                ],
                [
                    253.056,
                    521.964
                ],
                [
                    230.976,
                    509.976
                ],
                [
                    216,
                    505.98
                ],
                [
                    206.01600000000002,
                    497.988
                ],
                [
                    143.04,
                    469.04400000000004
                ],
                [
                    115.00800000000001,
                    452.952
                ],
                [
                    100.032,
                    436.968
                ],
                [
                    80.06400000000001,
                    408.996
                ],
                [
                    70.08,
                    369.036
                ],
                [
                    67.968,
                    281.01599999999996
                ],
                [
                    75.072,
                    232.95600000000002
                ],
                [
                    82.944,
                    216.972
                ],
                [
                    82.944,
                    207.036
                ],
                [
                    92.928,
                    182.952
                ],
                [
                    92.928,
                    169.02
                ],
                [
                    100.032,
                    150.012
                ],
                [
                    108.096,
                    139.968
                ],
                [
                    110.01599999999999,
                    130.03199999999998
                ],
                [
                    129.98399999999998,
                    92.01599999999999
                ],
                [
                    154.944,
                    64.044
                ],
                [
                    187.968,
                    10.043999999999999
                ],
                [
                    197.952,
                    0
                ],
                [
                    867.072,
                    0
                ],
                [
                    867.072,
                    46.007999999999996
                ],
                [
                    862.08,
                    57.995999999999995
                ],
                [
                    864.96,
                    84.02399999999999
                ],
                [
                    862.08,
                    130.03199999999998
                ],
                [
                    867.072,
                    146.016
                ],
                [
                    869.952,
                    178.956
                ],
                [
                    869.952,
                    274.968
                ],
                [
                    862.08,
                    311.03999999999996
                ],
                [
                    859.9680000000001,
                    351
                ],
                [
                    854.976,
                    358.99199999999996
                ],
                [
                    849.9839999999999,
                    381.024
                ],
                [
                    841.92,
                    390.96
                ],
                [
                    835.008,
                    415.044
                ],
                [
                    806.976,
                    465.048
                ],
                [
                    788.928,
                    486
                ],
                [
                    748.992,
                    517.9680000000001
                ],
                [
                    737.0880000000001,
                    542.052
                ],
                [
                    729.024,
                    547.992
                ],
                [
                    714.048,
                    578.016
                ],
                [
                    706.9440000000001,
                    624.024
                ],
                [
                    694.0799999999999,
                    640.008
                ],
                [
                    691.968,
                    650.052
                ],
                [
                    673.92,
                    659.9879999999999
                ],
                [
                    638.976,
                    690.0120000000001
                ],
                [
                    633.984,
                    691.956
                ],
                [
                    606.912,
                    691.956
                ]
            ]
        },
        {
            "ID": "4",
            "CLASS": "페트병",
            "DETAILS": "무색단일",
            "DAMAGE": "원형",
            "DIRTINESS": "이물질(외부)",
            "COVER": "없음",
            "TRANSPARENCY": "투명",
            "SHAPE": "물통형",
            "SHAPE_TYPE": "POLYGON",
            "POINTS": [
                [
                    888.96,
                    1059.048
                ],
                [
                    874.944,
                    1050.9479999999999
                ],
                [
                    864,
                    1049.0040000000001
                ],
                [
                    849.024,
                    1041.984
                ],
                [
                    840,
                    1041.984
                ],
                [
                    830.976,
                    1037.016
                ],
                [
                    821.952,
                    1028.052
                ],
                [
                    806.976,
                    1007.964
                ],
                [
                    804.096,
                    1001.0519999999999
                ],
                [
                    802.9440000000001,
                    987.9839999999999
                ],
                [
                    802.9440000000001,
                    948.024
                ],
                [
                    811.008,
                    921.024
                ],
                [
                    824.0640000000001,
                    901.0440000000001
                ],
                [
                    838.08,
                    888.9480000000001
                ],
                [
                    851.904,
                    868.968
                ],
                [
                    853.0559999999999,
                    864
                ],
                [
                    864,
                    852.0120000000001
                ],
                [
                    884.928,
                    822.96
                ],
                [
                    903.936,
                    787.9680000000001
                ],
                [
                    907.968,
                    782.028
                ],
                [
                    912.9599999999999,
                    779.004
                ],
                [
                    921.024,
                    762.048
                ],
                [
                    927.936,
                    753.9480000000001
                ],
                [
                    932.928,
                    748.98
                ],
                [
                    950.0160000000001,
                    740.988
                ],
                [
                    974.016,
                    737.964
                ],
                [
                    1008,
                    725.004
                ],
                [
                    1011.0719999999999,
                    704.052
                ],
                [
                    1042.944,
                    667.98
                ],
                [
                    1050.048,
                    666.0360000000001
                ],
                [
                    1065.024,
                    666.0360000000001
                ],
                [
                    1079.0400000000002,
                    668.952
                ],
                [
                    1084.9920000000002,
                    671.976
                ],
                [
                    1109.952,
                    698.976
                ],
                [
                    1112.064,
                    704.052
                ],
                [
                    1112.064,
                    720.036
                ],
                [
                    1107.0720000000001,
                    731.0519999999999
                ],
                [
                    1089.984,
                    759.024
                ],
                [
                    1075.0079999999998,
                    767.0160000000001
                ],
                [
                    1074.048,
                    770.04
                ],
                [
                    1079.0400000000002,
                    787.9680000000001
                ],
                [
                    1080,
                    832.0319999999999
                ],
                [
                    1074.048,
                    852.9839999999999
                ],
                [
                    1060.992,
                    874.044
                ],
                [
                    1018.944,
                    929.016
                ],
                [
                    997.0559999999999,
                    952.02
                ],
                [
                    996.0960000000001,
                    956.016
                ],
                [
                    984.96,
                    969.948
                ],
                [
                    971.904,
                    982.044
                ],
                [
                    970.9440000000001,
                    987.9839999999999
                ],
                [
                    964.9920000000001,
                    998.028
                ],
                [
                    958.08,
                    1003.968
                ],
                [
                    946.9440000000001,
                    1018.98
                ],
                [
                    939.072,
                    1037.016
                ],
                [
                    925.056,
                    1048.0320000000002
                ],
                [
                    921.024,
                    1049.0040000000001
                ],
                [
                    907.968,
                    1057.968
                ],
                [
                    903.936,
                    1059.048
                ],
                [
                    888.96,
                    1059.048
                ]
            ]
        },
        {
            "ID": "5",
            "CLASS": "페트병",
            "DETAILS": "무색단일",
            "DAMAGE": "찌그러짐",
            "DIRTINESS": "오염없음",
            "COVER": "없음",
            "TRANSPARENCY": "투명",
            "SHAPE": "물통형",
            "SHAPE_TYPE": "POLYGON",
            "POINTS": [
                [
                    196.992,
                    1080
                ],
                [
                    191.04000000000002,
                    1072.008
                ],
                [
                    182.976,
                    1065.96
                ],
                [
                    182.976,
                    1063.0439999999999
                ],
                [
                    168.95999999999998,
                    1049.0040000000001
                ],
                [
                    164.928,
                    1041.984
                ],
                [
                    158.976,
                    1037.988
                ],
                [
                    157.05599999999998,
                    1030.968
                ],
                [
                    153.024,
                    1028.052
                ],
                [
                    148.99200000000002,
                    1006.02
                ],
                [
                    150.912,
                    995.976
                ],
                [
                    154.944,
                    990.036
                ],
                [
                    154.944,
                    983.016
                ],
                [
                    163.008,
                    972.972
                ],
                [
                    185.088,
                    963.0360000000001
                ],
                [
                    206.976,
                    947.052
                ],
                [
                    209.088,
                    925.9920000000001
                ],
                [
                    205.056,
                    915.948
                ],
                [
                    205.056,
                    898.02
                ],
                [
                    206.976,
                    893.052
                ],
                [
                    222.91199999999998,
                    872.964
                ],
                [
                    229.056,
                    868.968
                ],
                [
                    236.928,
                    867.024
                ],
                [
                    255.936,
                    864.972
                ],
                [
                    259.96799999999996,
                    863.028
                ],
                [
                    264,
                    852.9839999999999
                ],
                [
                    272.06399999999996,
                    843.048
                ],
                [
                    283.968,
                    837
                ],
                [
                    289.92,
                    836.028
                ],
                [
                    293.952,
                    836.028
                ],
                [
                    312,
                    837.972
                ],
                [
                    321.984,
                    840.996
                ],
                [
                    336,
                    841.968
                ],
                [
                    340.03200000000004,
                    844.02
                ],
                [
                    351.936,
                    845.9639999999999
                ],
                [
                    411.072,
                    863.028
                ],
                [
                    441.024,
                    872.964
                ],
                [
                    528.96,
                    918.972
                ],
                [
                    585.984,
                    951.048
                ],
                [
                    595.9680000000001,
                    959.04
                ],
                [
                    609.9839999999999,
                    967.0319999999999
                ],
                [
                    625.9200000000001,
                    974.052
                ],
                [
                    646.08,
                    987.9839999999999
                ],
                [
                    673.92,
                    1002.024
                ],
                [
                    677.952,
                    1007.964
                ],
                [
                    691.968,
                    1018.008
                ],
                [
                    701.952,
                    1022.004
                ],
                [
                    708.096,
                    1028.052
                ],
                [
                    730.944,
                    1037.988
                ],
                [
                    743.04,
                    1046.952
                ],
                [
                    763.0079999999999,
                    1056.0240000000001
                ],
                [
                    771.072,
                    1056.996
                ],
                [
                    778.944,
                    1064.0159999999998
                ],
                [
                    791.04,
                    1069.9560000000001
                ],
                [
                    796.9920000000001,
                    1080
                ],
                [
                    196.992,
                    1080
                ]
            ]
        },
        {
            "ID": "6",
            "CLASS": "페트병",
            "DETAILS": "무색단일",
            "DAMAGE": "찌그러짐",
            "DIRTINESS": "오염없음",
            "COVER": "겹침",
            "TRANSPARENCY": "투명",
            "SHAPE": "물통형",
            "SHAPE_TYPE": "POLYGON",
            "POINTS": [
                [
                    0,
                    1080
                ],
                [
                    0,
                    667.98
                ],
                [
                    3.072,
                    659.016
                ],
                [
                    3.072,
                    647.028
                ],
                [
                    14.016,
                    601.992
                ],
                [
                    15.936,
                    570.996
                ],
                [
                    43.008,
                    509.004
                ],
                [
                    54.912,
                    493.02000000000004
                ],
                [
                    85.056,
                    461.052
                ],
                [
                    97.91999999999999,
                    451.97999999999996
                ],
                [
                    100.992,
                    451.97999999999996
                ],
                [
                    105.024,
                    450.036
                ],
                [
                    115.968,
                    459
                ],
                [
                    132.096,
                    459
                ],
                [
                    137.08800000000002,
                    463.96799999999996
                ],
                [
                    143.04,
                    466.02
                ],
                [
                    145.92,
                    470.01599999999996
                ],
                [
                    156.096,
                    473.04
                ],
                [
                    163.008,
                    478.98
                ],
                [
                    167.04,
                    478.98
                ],
                [
                    185.088,
                    486
                ],
                [
                    187.968,
                    489.024
                ],
                [
                    192,
                    489.024
                ],
                [
                    200.064,
                    496.044
                ],
                [
                    206.01600000000002,
                    497.988
                ],
                [
                    211.968,
                    502.956
                ],
                [
                    226.944,
                    505.00800000000004
                ],
                [
                    238.07999999999998,
                    509.976
                ],
                [
                    248.06400000000002,
                    517.9680000000001
                ],
                [
                    265.92,
                    525.96
                ],
                [
                    274.94399999999996,
                    528.0120000000001
                ],
                [
                    292.992,
                    535.032
                ],
                [
                    331.968,
                    555.0120000000001
                ],
                [
                    350.976,
                    562.0319999999999
                ],
                [
                    361.92,
                    570.996
                ],
                [
                    379.96799999999996,
                    581.0400000000001
                ],
                [
                    384.96000000000004,
                    587.952
                ],
                [
                    385.92,
                    601.992
                ],
                [
                    384.96000000000004,
                    605.988
                ],
                [
                    378.048,
                    613.008
                ],
                [
                    373.056,
                    624.996
                ],
                [
                    372.096,
                    637.956
                ],
                [
                    364.99199999999996,
                    655.9920000000001
                ],
                [
                    364.032,
                    670.0319999999999
                ],
                [
                    351.936,
                    699.948
                ],
                [
                    350.976,
                    709.992
                ],
                [
                    337.91999999999996,
                    740.0160000000001
                ],
                [
                    327.93600000000004,
                    756
                ],
                [
                    318.912,
                    779.004
                ],
                [
                    312,
                    787.9680000000001
                ],
                [
                    312,
                    791.9639999999999
                ],
                [
                    307.008,
                    797.04
                ],
                [
                    303.936,
                    807.948
                ],
                [
                    298.944,
                    813.024
                ],
                [
                    297.98400000000004,
                    824.04
                ],
                [
                    292.992,
                    830.952
                ],
                [
                    277.05600000000004,
                    839.052
                ],
                [
                    258.048,
                    861.948
                ],
                [
                    245.952,
                    866.0519999999999
                ],
                [
                    238.07999999999998,
                    866.0519999999999
                ],
                [
                    233.088,
                    867.996
                ],
                [
                    216,
                    884.952
                ],
                [
                    207.93599999999998,
                    898.02
                ],
                [
                    207.93599999999998,
                    917.028
                ],
                [
                    211.968,
                    937.008
                ],
                [
                    201.024,
                    948.9960000000001
                ],
                [
                    178.94400000000002,
                    967.0319999999999
                ],
                [
                    161.088,
                    975.996
                ],
                [
                    150.912,
                    995.004
                ],
                [
                    149.952,
                    1018.008
                ],
                [
                    153.024,
                    1029.024
                ],
                [
                    158.976,
                    1037.988
                ],
                [
                    163.008,
                    1038.96
                ],
                [
                    168.95999999999998,
                    1049.9759999999999
                ],
                [
                    195.072,
                    1080
                ],
                [
                    0,
                    1080
                ]
            ]
        }
    ]
}