{
    "IMAGE_INFO": {
        "FILE_NAME": "1000337@0_03001_220913_P1_T3__0505.jpg",
        "DATE": "2022-11-01 04:20:37",
        "RESOLUTION": "1920 x 1080",
        "IMAGE_PHOTOGRAPHER": "김보배",
        "FOCUS_DISTANCE": "7.1",
        "EXPOSURE_TIME": "1/400",
        "SENSITIVITY_ISO": "5000",
        "PLACE": "삼오자원",
        "REGION_NAME": null,
        "Direction": "0",
        "HEIGHT": "100",
        "DAY/NIGHT": "주간",
        "WEATHER": "맑음",
        "IMAGE_HEIGHT": 1080,
        "IMAGE_WIDTH": 1920,
        "IMAGE_SIZE": "598.3 KB"
    },
    "ANNOTATION_INFO": [
        {
            "ID": "1",
            "CLASS": "페트병",
            "DETAILS": "무색단일",
            "DAMAGE": "원형",
            "DIRTINESS": "오염없음",
            "COVER": "없음",
            "TRANSPARENCY": "투명",
            "SHAPE": "물통형",
            "SHAPE_TYPE": "POLYGON",
            "POINTS": [
                [
                    226.944,
                    1022.004
                ],
                [
                    217.92000000000002,
                    1019.952
                ],
                [
                    212.928,
                    1017.036
                ],
                [
                    209.088,
                    1011.96
                ],
                [
                    201.984,
                    1011.96
                ],
                [
                    187.008,
                    1017.036
                ],
                [
                    173.952,
                    1017.036
                ],
                [
                    164.928,
                    1011.96
                ],
                [
                    159.936,
                    1006.992
                ],
                [
                    148.032,
                    983.016
                ],
                [
                    143.04,
                    945
                ],
                [
                    142.07999999999998,
                    668.952
                ],
                [
                    148.032,
                    629.964
                ],
                [
                    159.936,
                    594.972
                ],
                [
                    166.07999999999998,
                    578.988
                ],
                [
                    169.92,
                    574.02
                ],
                [
                    172.992,
                    563.976
                ],
                [
                    182.976,
                    543.9960000000001
                ],
                [
                    193.92000000000002,
                    527.04
                ],
                [
                    197.952,
                    515.052
                ],
                [
                    195.072,
                    509.004
                ],
                [
                    193.92000000000002,
                    485.028
                ],
                [
                    196.03199999999998,
                    477.036
                ],
                [
                    198.912,
                    435.024
                ],
                [
                    201.024,
                    432
                ],
                [
                    205.056,
                    429.94800000000004
                ],
                [
                    226.944,
                    427.032
                ],
                [
                    240,
                    427.032
                ],
                [
                    272.06399999999996,
                    429.94800000000004
                ],
                [
                    284.928,
                    435.024
                ],
                [
                    286.08,
                    436.968
                ],
                [
                    291.072,
                    497.016
                ],
                [
                    286.08,
                    500.04
                ],
                [
                    284.928,
                    501.984
                ],
                [
                    283.968,
                    513.972
                ],
                [
                    313.92,
                    563.976
                ],
                [
                    339.072,
                    620.028
                ],
                [
                    345.984,
                    655.0200000000001
                ],
                [
                    350.01599999999996,
                    664.956
                ],
                [
                    355.968,
                    698.976
                ],
                [
                    360.96,
                    740.0160000000001
                ],
                [
                    360.96,
                    762.048
                ],
                [
                    355.968,
                    860.004
                ],
                [
                    355.968,
                    937.98
                ],
                [
                    349.056,
                    979.992
                ],
                [
                    345.024,
                    990.036
                ],
                [
                    339.072,
                    998.028
                ],
                [
                    324.096,
                    1006.992
                ],
                [
                    307.008,
                    1006.992
                ],
                [
                    298.944,
                    1005.048
                ],
                [
                    286.08,
                    998.028
                ],
                [
                    282.048,
                    998.028
                ],
                [
                    270.91200000000003,
                    1011.96
                ],
                [
                    264,
                    1017.036
                ],
                [
                    252.096,
                    1019.952
                ],
                [
                    226.944,
                    1022.004
                ]
            ]
        },
        {
            "ID": "2",
            "CLASS": "페트병",
            "DETAILS": "무색단일",
            "DAMAGE": "원형",
            "DIRTINESS": "오염없음",
            "COVER": "없음",
            "TRANSPARENCY": "투명",
            "SHAPE": "일반용기형",
            "SHAPE_TYPE": "POLYGON",
            "POINTS": [
                [
                    499.968,
                    797.04
                ],
                [
                    481.92,
                    793.044
                ],
                [
                    465.024,
                    786.996
                ],
                [
                    445.05600000000004,
                    775.008
                ],
                [
                    413.952,
                    749.952
                ],
                [
                    385.92,
                    717.0120000000001
                ],
                [
                    374.016,
                    689.04
                ],
                [
                    374.016,
                    654.048
                ],
                [
                    382.08000000000004,
                    632.0160000000001
                ],
                [
                    393.984,
                    613.98
                ],
                [
                    409.92,
                    596.0519999999999
                ],
                [
                    431.04,
                    575.9639999999999
                ],
                [
                    475.968,
                    525.96
                ],
                [
                    484.032,
                    513.972
                ],
                [
                    522.048,
                    470.988
                ],
                [
                    548.928,
                    444.96
                ],
                [
                    575.04,
                    412.02
                ],
                [
                    605.952,
                    385.02
                ],
                [
                    622.08,
                    362.988
                ],
                [
                    661.056,
                    330.048
                ],
                [
                    696.96,
                    309.96
                ],
                [
                    706.9440000000001,
                    307.044
                ],
                [
                    721.92,
                    294.94800000000004
                ],
                [
                    724.0319999999999,
                    286.956
                ],
                [
                    734.016,
                    276.048
                ],
                [
                    742.08,
                    270.97200000000004
                ],
                [
                    748.032,
                    270.97200000000004
                ],
                [
                    763.968,
                    257.03999999999996
                ],
                [
                    781.056,
                    249.048
                ],
                [
                    791.04,
                    250.992
                ],
                [
                    802.9440000000001,
                    255.95999999999998
                ],
                [
                    820.992,
                    272.052
                ],
                [
                    834.048,
                    278.964
                ],
                [
                    865.9200000000001,
                    304.99199999999996
                ],
                [
                    898.944,
                    344.952
                ],
                [
                    907.0079999999999,
                    366.984
                ],
                [
                    897.024,
                    382.968
                ],
                [
                    886.08,
                    393.012
                ],
                [
                    882.048,
                    408.024
                ],
                [
                    878.016,
                    412.02
                ],
                [
                    872.064,
                    412.992
                ],
                [
                    868.032,
                    416.988
                ],
                [
                    864,
                    417.96000000000004
                ],
                [
                    859.9680000000001,
                    423.036
                ],
                [
                    831.936,
                    488.052
                ],
                [
                    826.9440000000001,
                    489.996
                ],
                [
                    819.072,
                    489.996
                ],
                [
                    805.056,
                    488.052
                ],
                [
                    795.072,
                    494.964
                ],
                [
                    781.056,
                    528.984
                ],
                [
                    768,
                    551.016
                ],
                [
                    769.9200000000001,
                    566.028
                ],
                [
                    766.08,
                    574.02
                ],
                [
                    755.904,
                    581.0400000000001
                ],
                [
                    749.952,
                    581.0400000000001
                ],
                [
                    702.9119999999999,
                    601.992
                ],
                [
                    682.9440000000001,
                    617.004
                ],
                [
                    662.976,
                    639.0360000000001
                ],
                [
                    638.016,
                    674.028
                ],
                [
                    624,
                    706.968
                ],
                [
                    615.9359999999999,
                    717.0120000000001
                ],
                [
                    590.976,
                    740.0160000000001
                ],
                [
                    580.992,
                    755.028
                ],
                [
                    555.072,
                    779.976
                ],
                [
                    542.976,
                    786.996
                ],
                [
                    519.9359999999999,
                    794.9879999999999
                ],
                [
                    509.952,
                    797.04
                ],
                [
                    499.968,
                    797.04
                ]
            ]
        },
        {
            "ID": "3",
            "CLASS": "페트병",
            "DETAILS": "무색단일",
            "DAMAGE": "원형",
            "DIRTINESS": "이물질(외부)",
            "COVER": "없음",
            "TRANSPARENCY": "투명",
            "SHAPE": "물통형",
            "SHAPE_TYPE": "POLYGON",
            "POINTS": [
                [
                    502.08000000000004,
                    1080
                ],
                [
                    510.91200000000003,
                    1053.972
                ],
                [
                    512.064,
                    1041.984
                ],
                [
                    518.016,
                    1033.992
                ],
                [
                    531.072,
                    988.9559999999999
                ],
                [
                    551.04,
                    937.98
                ],
                [
                    553.92,
                    918.972
                ],
                [
                    571.008,
                    874.044
                ],
                [
                    577.92,
                    861.948
                ],
                [
                    579.072,
                    848.016
                ],
                [
                    589.056,
                    822.96
                ],
                [
                    590.976,
                    812.052
                ],
                [
                    598.08,
                    802.008
                ],
                [
                    598.08,
                    797.04
                ],
                [
                    603.072,
                    787.9680000000001
                ],
                [
                    605.952,
                    763.9920000000001
                ],
                [
                    610.944,
                    753.9480000000001
                ],
                [
                    610.944,
                    744.9839999999999
                ],
                [
                    619.9680000000001,
                    713.016
                ],
                [
                    638.016,
                    672.948
                ],
                [
                    665.088,
                    636.012
                ],
                [
                    692.928,
                    608.04
                ],
                [
                    702.9119999999999,
                    601.02
                ],
                [
                    729.9839999999999,
                    589.032
                ],
                [
                    733.0559999999999,
                    586.0079999999999
                ],
                [
                    754.944,
                    581.0400000000001
                ],
                [
                    767.0400000000001,
                    571.968
                ],
                [
                    769.9200000000001,
                    567
                ],
                [
                    768,
                    551.9879999999999
                ],
                [
                    792.9599999999999,
                    497.016
                ],
                [
                    802.9440000000001,
                    488.052
                ],
                [
                    826.9440000000001,
                    488.052
                ],
                [
                    844.0319999999999,
                    494.964
                ],
                [
                    849.024,
                    494.964
                ],
                [
                    857.0880000000001,
                    500.04
                ],
                [
                    864,
                    501.984
                ],
                [
                    868.992,
                    506.952
                ],
                [
                    878.976,
                    512.028
                ],
                [
                    882.048,
                    516.996
                ],
                [
                    882.048,
                    528.984
                ],
                [
                    878.976,
                    533.952
                ],
                [
                    878.976,
                    540
                ],
                [
                    874.944,
                    544.9680000000001
                ],
                [
                    868.992,
                    581.0400000000001
                ],
                [
                    854.976,
                    600.048
                ],
                [
                    854.976,
                    609.9839999999999
                ],
                [
                    883.968,
                    655.9920000000001
                ],
                [
                    892.032,
                    678.9960000000001
                ],
                [
                    894.912,
                    698.976
                ],
                [
                    893.952,
                    756.972
                ],
                [
                    887.0400000000001,
                    786.996
                ],
                [
                    867.072,
                    841.968
                ],
                [
                    854.016,
                    867.024
                ],
                [
                    840,
                    883.98
                ],
                [
                    839.04,
                    925.9920000000001
                ],
                [
                    834.048,
                    941.0039999999999
                ],
                [
                    834.048,
                    949.9680000000001
                ],
                [
                    816.96,
                    995.976
                ],
                [
                    800.0640000000001,
                    1022.976
                ],
                [
                    787.968,
                    1060.992
                ],
                [
                    787.0079999999999,
                    1080
                ],
                [
                    502.08000000000004,
                    1080
                ]
            ]
        }
    ]
}