{
    "IMAGE_INFO": {
        "FILE_NAME": "1000256@0_03001_220913_P1_T3__1967.jpg",
        "DATE": "2022-11-01 04:20:27",
        "RESOLUTION": "1920 x 1080",
        "IMAGE_PHOTOGRAPHER": "김보배",
        "FOCUS_DISTANCE": "7.1",
        "EXPOSURE_TIME": "1/400",
        "SENSITIVITY_ISO": "5000",
        "PLACE": "삼오자원",
        "REGION_NAME": null,
        "Direction": "0",
        "HEIGHT": "100",
        "DAY/NIGHT": "주간",
        "WEATHER": "맑음",
        "IMAGE_HEIGHT": 1080,
        "IMAGE_WIDTH": 1920,
        "IMAGE_SIZE": "627.8 KB"
    },
    "ANNOTATION_INFO": [
        {
            "ID": "1",
            "CLASS": "페트병",
            "DETAILS": "무색단일",
            "DAMAGE": "찌그러짐",
            "DIRTINESS": "오염없음",
            "COVER": "없음",
            "TRANSPARENCY": "투명",
            "SHAPE": "물통형",
            "SHAPE_TYPE": "POLYGON",
            "POINTS": [
                [
                    1162.944,
                    1080
                ],
                [
                    1153.92,
                    1021.032
                ],
                [
                    1153.92,
                    1002.996
                ],
                [
                    1150.08,
                    987.9839999999999
                ],
                [
                    1150.08,
                    972
                ],
                [
                    1142.016,
                    956.016
                ],
                [
                    1131.072,
                    910.98
                ],
                [
                    1123.008,
                    888.9480000000001
                ],
                [
                    1123.008,
                    867.996
                ],
                [
                    1118.016,
                    856.0079999999999
                ],
                [
                    1113.9840000000002,
                    832.0319999999999
                ],
                [
                    1113.9840000000002,
                    789.048
                ],
                [
                    1105.9199999999998,
                    779.004
                ],
                [
                    1102.08,
                    779.004
                ],
                [
                    1079.0400000000002,
                    759.024
                ],
                [
                    1049.088,
                    716.0400000000001
                ],
                [
                    1046.976,
                    709.992
                ],
                [
                    1041.0240000000001,
                    704.052
                ],
                [
                    1022.016,
                    664.956
                ],
                [
                    1017.0239999999999,
                    648.972
                ],
                [
                    1004.928,
                    582.0120000000001
                ],
                [
                    1003.0079999999999,
                    555.0120000000001
                ],
                [
                    1007.04,
                    523.044
                ],
                [
                    1012.992,
                    501.984
                ],
                [
                    1027.968,
                    471.96
                ],
                [
                    1036.032,
                    463.96799999999996
                ],
                [
                    1041.0240000000001,
                    455.004
                ],
                [
                    1026.048,
                    439.02
                ],
                [
                    1018.944,
                    423.036
                ],
                [
                    1012.992,
                    416.988
                ],
                [
                    1004.928,
                    401.004
                ],
                [
                    1007.04,
                    393.98400000000004
                ],
                [
                    1030.08,
                    371.952
                ],
                [
                    1046.976,
                    362.016
                ],
                [
                    1068.096,
                    354.024
                ],
                [
                    1084.9920000000002,
                    354.024
                ],
                [
                    1093.056,
                    359.964
                ],
                [
                    1104,
                    378
                ],
                [
                    1104,
                    381.99600000000004
                ],
                [
                    1116.096,
                    396.036
                ],
                [
                    1116.096,
                    407.052
                ],
                [
                    1118.9759999999999,
                    411.048
                ],
                [
                    1123.008,
                    412.992
                ],
                [
                    1147.968,
                    411.048
                ],
                [
                    1185.9840000000002,
                    420.984
                ],
                [
                    1195.968,
                    424.98
                ],
                [
                    1204.9920000000002,
                    432.972
                ],
                [
                    1222.08,
                    440.964
                ],
                [
                    1241.088,
                    456.948
                ],
                [
                    1251.072,
                    456.948
                ],
                [
                    1257.984,
                    462.024
                ],
                [
                    1270.08,
                    474.012
                ],
                [
                    1289.088,
                    504.036
                ],
                [
                    1305.9840000000002,
                    516.024
                ],
                [
                    1329.0240000000001,
                    539.028
                ],
                [
                    1348.032,
                    569.052
                ],
                [
                    1357.056,
                    590.004
                ],
                [
                    1363.008,
                    596.0519999999999
                ],
                [
                    1364.9279999999999,
                    604.044
                ],
                [
                    1371.072,
                    609.9839999999999
                ],
                [
                    1376.064,
                    624.024
                ],
                [
                    1390.08,
                    643.032
                ],
                [
                    1395.0720000000001,
                    655.0200000000001
                ],
                [
                    1402.944,
                    663.0120000000001
                ],
                [
                    1412.9279999999999,
                    678.9960000000001
                ],
                [
                    1416,
                    690.984
                ],
                [
                    1416,
                    712.044
                ],
                [
                    1417.92,
                    717.9839999999999
                ],
                [
                    1428.096,
                    729.972
                ],
                [
                    1436.9279999999999,
                    763.02
                ],
                [
                    1450.944,
                    790.9920000000001
                ],
                [
                    1465.9199999999998,
                    840.024
                ],
                [
                    1477.056,
                    922.9680000000001
                ],
                [
                    1469.952,
                    961.956
                ],
                [
                    1474.944,
                    1045.008
                ],
                [
                    1469.952,
                    1053.972
                ],
                [
                    1462.08,
                    1061.964
                ],
                [
                    1462.08,
                    1068.012
                ],
                [
                    1458.048,
                    1072.008
                ],
                [
                    1455.936,
                    1080
                ],
                [
                    1162.944,
                    1080
                ]
            ]
        },
        {
            "ID": "2",
            "CLASS": "페트병",
            "DETAILS": "무색단일",
            "DAMAGE": "찌그러짐",
            "DIRTINESS": "오염없음",
            "COVER": "없음",
            "TRANSPARENCY": "투명",
            "SHAPE": "일반용기형",
            "SHAPE_TYPE": "POLYGON",
            "POINTS": [
                [
                    781.056,
                    1080
                ],
                [
                    778.944,
                    1068.984
                ],
                [
                    763.0079999999999,
                    1049.9759999999999
                ],
                [
                    759.9359999999999,
                    1041.984
                ],
                [
                    764.928,
                    1022.976
                ],
                [
                    763.968,
                    995.976
                ],
                [
                    767.0400000000001,
                    979.992
                ],
                [
                    764.928,
                    957.96
                ],
                [
                    772.032,
                    913.032
                ],
                [
                    763.0079999999999,
                    834.948
                ],
                [
                    768.96,
                    790.0200000000001
                ],
                [
                    773.952,
                    783
                ],
                [
                    776.064,
                    743.04
                ],
                [
                    782.016,
                    721.98
                ],
                [
                    782.976,
                    709.02
                ],
                [
                    804.096,
                    633.9599999999999
                ],
                [
                    822.9119999999999,
                    587.952
                ],
                [
                    848.064,
                    546.048
                ],
                [
                    858.048,
                    533.952
                ],
                [
                    865.9200000000001,
                    527.04
                ],
                [
                    870.912,
                    524.9879999999999
                ],
                [
                    874.944,
                    520.02
                ],
                [
                    873.024,
                    500.04
                ],
                [
                    874.944,
                    497.988
                ],
                [
                    875.904,
                    473.04
                ],
                [
                    879.9359999999999,
                    459
                ],
                [
                    892.9920000000001,
                    440.964
                ],
                [
                    897.024,
                    439.02
                ],
                [
                    903.936,
                    439.02
                ],
                [
                    905.088,
                    436.968
                ],
                [
                    911.04,
                    436.968
                ],
                [
                    917.952,
                    439.02
                ],
                [
                    926.976,
                    443.988
                ],
                [
                    965.952,
                    473.04
                ],
                [
                    969.0240000000001,
                    479.952
                ],
                [
                    971.904,
                    509.004
                ],
                [
                    969.0240000000001,
                    520.992
                ],
                [
                    992.0640000000001,
                    556.956
                ],
                [
                    998.976,
                    574.992
                ],
                [
                    1003.0079999999999,
                    579.96
                ],
                [
                    1006.08,
                    594.972
                ],
                [
                    1012.032,
                    606.96
                ],
                [
                    1016.064,
                    623.052
                ],
                [
                    1016.064,
                    682.02
                ],
                [
                    1008,
                    724.032
                ],
                [
                    998.976,
                    751.032
                ],
                [
                    997.0559999999999,
                    785.052
                ],
                [
                    990.912,
                    810.972
                ],
                [
                    992.0640000000001,
                    847.044
                ],
                [
                    997.0559999999999,
                    870.048
                ],
                [
                    998.0160000000001,
                    906.012
                ],
                [
                    1002.048,
                    933.0120000000001
                ],
                [
                    1017.0239999999999,
                    961.956
                ],
                [
                    1027.008,
                    991.98
                ],
                [
                    1038.912,
                    1053
                ],
                [
                    1047.936,
                    1072.98
                ],
                [
                    1049.088,
                    1080
                ],
                [
                    781.056,
                    1080
                ]
            ]
        }
    ]
}