{
    "IMAGE_INFO": {
        "FILE_NAME": "1000306@0_03001_220913_P1_T3__0357.jpg",
        "DATE": "2022-11-01 04:20:32",
        "RESOLUTION": "1920 x 1080",
        "IMAGE_PHOTOGRAPHER": "김보배",
        "FOCUS_DISTANCE": "7.1",
        "EXPOSURE_TIME": "1/400",
        "SENSITIVITY_ISO": "5000",
        "PLACE": "삼오자원",
        "REGION_NAME": null,
        "Direction": "0",
        "HEIGHT": "100",
        "DAY/NIGHT": "주간",
        "WEATHER": "맑음",
        "IMAGE_HEIGHT": 1080,
        "IMAGE_WIDTH": 1920,
        "IMAGE_SIZE": "581.6 KB"
    },
    "ANNOTATION_INFO": [
        {
            "ID": "1",
            "CLASS": "페트병",
            "DETAILS": "무색단일",
            "DAMAGE": "찌그러짐",
            "DIRTINESS": "오염없음",
            "COVER": "겹침",
            "TRANSPARENCY": "투명",
            "SHAPE": "물통형",
            "SHAPE_TYPE": "POLYGON",
            "POINTS": [
                [
                    1032.96,
                    753.9480000000001
                ],
                [
                    1030.08,
                    748.008
                ],
                [
                    1018.944,
                    740.0160000000001
                ],
                [
                    1007.04,
                    739.044
                ],
                [
                    1003.9680000000001,
                    732.996
                ],
                [
                    993.024,
                    726.948
                ],
                [
                    984.96,
                    726.948
                ],
                [
                    983.04,
                    722.952
                ],
                [
                    964.0319999999999,
                    710.9639999999999
                ],
                [
                    951.936,
                    690.984
                ],
                [
                    946.9440000000001,
                    667.008
                ],
                [
                    937.92,
                    650.052
                ],
                [
                    936.96,
                    635.04
                ],
                [
                    940.0319999999999,
                    625.968
                ],
                [
                    951.936,
                    606.96
                ],
                [
                    960.9599999999999,
                    597.024
                ],
                [
                    973.056,
                    587.952
                ],
                [
                    983.04,
                    583.9559999999999
                ],
                [
                    994.944,
                    567
                ],
                [
                    1006.08,
                    560.952
                ],
                [
                    1046.976,
                    547.992
                ],
                [
                    1065.9840000000002,
                    535.032
                ],
                [
                    1075.0079999999998,
                    523.044
                ],
                [
                    1083.0720000000001,
                    497.988
                ],
                [
                    1089.984,
                    488.052
                ],
                [
                    1091.904,
                    478.98
                ],
                [
                    1126.08,
                    447.012
                ],
                [
                    1147.008,
                    432.972
                ],
                [
                    1185.024,
                    416.01599999999996
                ],
                [
                    1196.9279999999999,
                    413.964
                ],
                [
                    1228.032,
                    402.948
                ],
                [
                    1238.016,
                    401.976
                ],
                [
                    1248.96,
                    397.008
                ],
                [
                    1262.976,
                    397.008
                ],
                [
                    1263.936,
                    397.98
                ],
                [
                    1276.032,
                    397.98
                ],
                [
                    1276.032,
                    401.976
                ],
                [
                    1290.048,
                    412.992
                ],
                [
                    1299.072,
                    424.98
                ],
                [
                    1306.944,
                    429.94800000000004
                ],
                [
                    1337.088,
                    440.964
                ],
                [
                    1353.9840000000002,
                    450.036
                ],
                [
                    1358.9759999999999,
                    450.036
                ],
                [
                    1369.92,
                    452.952
                ],
                [
                    1382.016,
                    459
                ],
                [
                    1387.008,
                    459.972
                ],
                [
                    1387.968,
                    473.04
                ],
                [
                    1377.984,
                    494.964
                ],
                [
                    1374.9119999999998,
                    509.976
                ],
                [
                    1363.008,
                    535.032
                ],
                [
                    1356.096,
                    540.972
                ],
                [
                    1348.992,
                    543.024
                ],
                [
                    1310.9759999999999,
                    543.024
                ],
                [
                    1304.064,
                    543.9960000000001
                ],
                [
                    1275.0720000000001,
                    559.9799999999999
                ],
                [
                    1237.056,
                    587.952
                ],
                [
                    1234.944,
                    591.948
                ],
                [
                    1218.048,
                    605.0160000000001
                ],
                [
                    1199.0400000000002,
                    628.02
                ],
                [
                    1175.04,
                    644.976
                ],
                [
                    1158.912,
                    663.0120000000001
                ],
                [
                    1140.096,
                    678.024
                ],
                [
                    1118.016,
                    699.948
                ],
                [
                    1102.08,
                    708.048
                ],
                [
                    1097.088,
                    713.988
                ],
                [
                    1097.088,
                    717.9839999999999
                ],
                [
                    1084.9920000000002,
                    732.024
                ],
                [
                    1068.096,
                    744.012
                ],
                [
                    1056.96,
                    748.98
                ],
                [
                    1054.0800000000002,
                    748.98
                ],
                [
                    1045.056,
                    753.9480000000001
                ],
                [
                    1032.96,
                    753.9480000000001
                ]
            ]
        },
        {
            "ID": "2",
            "CLASS": "페트병",
            "DETAILS": "무색단일",
            "DAMAGE": "찌그러짐",
            "DIRTINESS": "이물질(외부)",
            "COVER": "없음",
            "TRANSPARENCY": "투명",
            "SHAPE": "물통형",
            "SHAPE_TYPE": "POLYGON",
            "POINTS": [
                [
                    893.952,
                    567.972
                ],
                [
                    883.968,
                    567
                ],
                [
                    869.952,
                    562.0319999999999
                ],
                [
                    860.928,
                    555.0120000000001
                ],
                [
                    854.016,
                    544.9680000000001
                ],
                [
                    853.0559999999999,
                    540
                ],
                [
                    844.0319999999999,
                    528.0120000000001
                ],
                [
                    843.072,
                    520.992
                ],
                [
                    825.984,
                    486.97200000000004
                ],
                [
                    825.024,
                    479.952
                ],
                [
                    820.0319999999999,
                    473.04
                ],
                [
                    817.92,
                    459.972
                ],
                [
                    812.928,
                    451.00800000000004
                ],
                [
                    802.9440000000001,
                    419.04
                ],
                [
                    801.024,
                    316.97999999999996
                ],
                [
                    796.032,
                    277.02
                ],
                [
                    793.92,
                    204.984
                ],
                [
                    796.032,
                    186.948
                ],
                [
                    802.9440000000001,
                    161.02800000000002
                ],
                [
                    820.0319999999999,
                    122.04
                ],
                [
                    825.024,
                    116.964
                ],
                [
                    829.056,
                    108.97200000000001
                ],
                [
                    831.936,
                    97.956
                ],
                [
                    849.024,
                    62.964
                ],
                [
                    849.024,
                    46.007999999999996
                ],
                [
                    840,
                    35.964000000000006
                ],
                [
                    841.92,
                    24.948
                ],
                [
                    839.04,
                    16.956
                ],
                [
                    836.928,
                    0
                ],
                [
                    950.0160000000001,
                    0
                ],
                [
                    955.9680000000001,
                    11.988000000000001
                ],
                [
                    953.088,
                    31.968
                ],
                [
                    955.9680000000001,
                    38.988
                ],
                [
                    961.92,
                    47.952000000000005
                ],
                [
                    1022.016,
                    110.052
                ],
                [
                    1035.0720000000001,
                    126.036
                ],
                [
                    1051.968,
                    154.008
                ],
                [
                    1061.952,
                    182.952
                ],
                [
                    1068.096,
                    216
                ],
                [
                    1070.016,
                    272.052
                ],
                [
                    1075.0079999999998,
                    293.976
                ],
                [
                    1076.9279999999999,
                    361.044
                ],
                [
                    1083.0720000000001,
                    407.052
                ],
                [
                    1084.032,
                    452.952
                ],
                [
                    1081.92,
                    489.024
                ],
                [
                    1075.0079999999998,
                    525.96
                ],
                [
                    1062.912,
                    540
                ],
                [
                    1047.936,
                    547.992
                ],
                [
                    1041.984,
                    547.992
                ],
                [
                    1032,
                    552.96
                ],
                [
                    1017.984,
                    555.0120000000001
                ],
                [
                    1008,
                    559.9799999999999
                ],
                [
                    999.936,
                    562.0319999999999
                ],
                [
                    955.9680000000001,
                    567
                ],
                [
                    893.952,
                    567.972
                ]
            ]
        },
        {
            "ID": "3",
            "CLASS": "페트병",
            "DETAILS": "무색단일",
            "DAMAGE": "완전압착",
            "DIRTINESS": "오염없음",
            "COVER": "없음",
            "TRANSPARENCY": "투명",
            "SHAPE": "물통형",
            "SHAPE_TYPE": "POLYGON",
            "POINTS": [
                [
                    1558.08,
                    547.992
                ],
                [
                    1545.9840000000002,
                    543.024
                ],
                [
                    1534.0800000000002,
                    533.952
                ],
                [
                    1521.984,
                    519.048
                ],
                [
                    1497.984,
                    478.98
                ],
                [
                    1482.048,
                    459.972
                ],
                [
                    1477.056,
                    459
                ],
                [
                    1425.024,
                    459
                ],
                [
                    1391.04,
                    462.024
                ],
                [
                    1376.064,
                    458.02799999999996
                ],
                [
                    1372.032,
                    455.004
                ],
                [
                    1359.9360000000001,
                    451.97999999999996
                ],
                [
                    1357.056,
                    450.036
                ],
                [
                    1352.064,
                    450.036
                ],
                [
                    1329.0240000000001,
                    439.02
                ],
                [
                    1319.0400000000002,
                    436.968
                ],
                [
                    1302.912,
                    428.976
                ],
                [
                    1295.04,
                    421.956
                ],
                [
                    1290.048,
                    412.992
                ],
                [
                    1285.056,
                    408.996
                ],
                [
                    1282.944,
                    402.948
                ],
                [
                    1278.912,
                    401.004
                ],
                [
                    1273.92,
                    390.96
                ],
                [
                    1266.048,
                    346.03200000000004
                ],
                [
                    1257.024,
                    320.976
                ],
                [
                    1254.9119999999998,
                    305.964
                ],
                [
                    1249.92,
                    303.048
                ],
                [
                    1248,
                    294.94800000000004
                ],
                [
                    1238.016,
                    293.976
                ],
                [
                    1233.024,
                    290.952
                ],
                [
                    1225.9199999999998,
                    277.992
                ],
                [
                    1224,
                    277.992
                ],
                [
                    1211.904,
                    266.00399999999996
                ],
                [
                    1209.0240000000001,
                    265.032
                ],
                [
                    1204.032,
                    258.012
                ],
                [
                    1204.032,
                    245.052
                ],
                [
                    1210.944,
                    230.04
                ],
                [
                    1224,
                    212.976
                ],
                [
                    1238.016,
                    200.016
                ],
                [
                    1253.952,
                    189.972
                ],
                [
                    1262.016,
                    189.972
                ],
                [
                    1296.96,
                    216
                ],
                [
                    1300.0320000000002,
                    219.99599999999998
                ],
                [
                    1300.0320000000002,
                    223.992
                ],
                [
                    1306.944,
                    231.98399999999998
                ],
                [
                    1314.048,
                    234.036
                ],
                [
                    1320.9599999999998,
                    234.036
                ],
                [
                    1334.0159999999998,
                    238.032
                ],
                [
                    1358.016,
                    239.004
                ],
                [
                    1376.064,
                    245.052
                ],
                [
                    1405.056,
                    245.052
                ],
                [
                    1410.048,
                    246.99599999999998
                ],
                [
                    1411.968,
                    250.02
                ],
                [
                    1419.072,
                    250.992
                ],
                [
                    1421.952,
                    254.016
                ],
                [
                    1435.968,
                    254.988
                ],
                [
                    1448.0639999999999,
                    258.98400000000004
                ],
                [
                    1468.032,
                    258.98400000000004
                ],
                [
                    1473.9840000000002,
                    262.00800000000004
                ],
                [
                    1482.048,
                    270.97200000000004
                ],
                [
                    1482.048,
                    273.996
                ],
                [
                    1488.96,
                    282.96000000000004
                ],
                [
                    1488.96,
                    286.956
                ],
                [
                    1502.976,
                    304.99199999999996
                ],
                [
                    1502.976,
                    319.032
                ],
                [
                    1505.0880000000002,
                    319.032
                ],
                [
                    1507.968,
                    323.02799999999996
                ],
                [
                    1515.0720000000001,
                    342.036
                ],
                [
                    1529.088,
                    351
                ],
                [
                    1536.96,
                    362.988
                ],
                [
                    1544.064,
                    366.984
                ],
                [
                    1558.08,
                    366.984
                ],
                [
                    1573.056,
                    373.032
                ],
                [
                    1584,
                    374.004
                ],
                [
                    1597.056,
                    378.972
                ],
                [
                    1606.08,
                    385.992
                ],
                [
                    1620.096,
                    409.968
                ],
                [
                    1620.096,
                    444.96
                ],
                [
                    1616.064,
                    471.96
                ],
                [
                    1608.96,
                    489.996
                ],
                [
                    1593.9840000000002,
                    517.9680000000001
                ],
                [
                    1579.9679999999998,
                    537.948
                ],
                [
                    1569.984,
                    546.048
                ],
                [
                    1564.9920000000002,
                    547.992
                ],
                [
                    1558.08,
                    547.992
                ]
            ]
        },
        {
            "ID": "4",
            "CLASS": "페트병",
            "DETAILS": "무색단일",
            "DAMAGE": "찌그러짐",
            "DIRTINESS": "이물질(전체)",
            "COVER": "없음",
            "TRANSPARENCY": "투명",
            "SHAPE": "물통형",
            "SHAPE_TYPE": "POLYGON",
            "POINTS": [
                [
                    521.088,
                    1080
                ],
                [
                    521.088,
                    1041.984
                ],
                [
                    526.08,
                    1013.04
                ],
                [
                    526.08,
                    995.004
                ],
                [
                    531.072,
                    963.0360000000001
                ],
                [
                    532.032,
                    910.98
                ],
                [
                    534.912,
                    871.992
                ],
                [
                    537.984,
                    859.032
                ],
                [
                    541.056,
                    814.9680000000001
                ],
                [
                    547.968,
                    787.9680000000001
                ],
                [
                    546.048,
                    686.016
                ],
                [
                    548.928,
                    674.028
                ],
                [
                    548.928,
                    655.0200000000001
                ],
                [
                    556.9920000000001,
                    609.012
                ],
                [
                    556.9920000000001,
                    560.952
                ],
                [
                    561.024,
                    533.952
                ],
                [
                    566.976,
                    510.94800000000004
                ],
                [
                    577.92,
                    489.996
                ],
                [
                    603.072,
                    466.992
                ],
                [
                    623.04,
                    443.988
                ],
                [
                    633.024,
                    435.996
                ],
                [
                    663.936,
                    405
                ],
                [
                    676.032,
                    388.044
                ],
                [
                    678.912,
                    381.99600000000004
                ],
                [
                    678.912,
                    369.036
                ],
                [
                    675.072,
                    354.996
                ],
                [
                    681.024,
                    330.048
                ],
                [
                    681.984,
                    307.044
                ],
                [
                    685.056,
                    300.024
                ],
                [
                    687.936,
                    297.972
                ],
                [
                    713.088,
                    297.972
                ],
                [
                    755.904,
                    303.048
                ],
                [
                    766.08,
                    304.99199999999996
                ],
                [
                    769.9200000000001,
                    307.044
                ],
                [
                    769.9200000000001,
                    374.976
                ],
                [
                    764.928,
                    378
                ],
                [
                    762.048,
                    381.99600000000004
                ],
                [
                    763.0079999999999,
                    397.98
                ],
                [
                    779.904,
                    428.00399999999996
                ],
                [
                    819.072,
                    483.948
                ],
                [
                    834.048,
                    509.004
                ],
                [
                    841.92,
                    525.96
                ],
                [
                    843.072,
                    533.952
                ],
                [
                    834.048,
                    582.0120000000001
                ],
                [
                    831.936,
                    618.9480000000001
                ],
                [
                    829.056,
                    632.0160000000001
                ],
                [
                    825.984,
                    679.9680000000001
                ],
                [
                    820.0319999999999,
                    725.976
                ],
                [
                    819.072,
                    760.968
                ],
                [
                    809.088,
                    806.976
                ],
                [
                    809.088,
                    817.02
                ],
                [
                    805.056,
                    837.972
                ],
                [
                    802.9440000000001,
                    875.988
                ],
                [
                    802.9440000000001,
                    959.04
                ],
                [
                    796.9920000000001,
                    995.004
                ],
                [
                    796.032,
                    1026
                ],
                [
                    792,
                    1036.044
                ],
                [
                    788.928,
                    1060.992
                ],
                [
                    788.928,
                    1080
                ],
                [
                    521.088,
                    1080
                ]
            ]
        }
    ]
}