{
    "IMAGE_INFO": {
        "FILE_NAME": "1000218@0_03001_220913_P1_T3__2047.jpg",
        "DATE": "2022-11-01 04:20:29",
        "RESOLUTION": "1920 x 1080",
        "IMAGE_PHOTOGRAPHER": "김보배",
        "FOCUS_DISTANCE": "7.1",
        "EXPOSURE_TIME": "1/400",
        "SENSITIVITY_ISO": "5000",
        "PLACE": "삼오자원",
        "REGION_NAME": null,
        "Direction": "0",
        "HEIGHT": "100",
        "DAY/NIGHT": "주간",
        "WEATHER": "맑음",
        "IMAGE_HEIGHT": 1080,
        "IMAGE_WIDTH": 1920,
        "IMAGE_SIZE": "668.6 KB"
    },
    "ANNOTATION_INFO": [
        {
            "ID": "1",
            "CLASS": "페트병",
            "DETAILS": "무색단일",
            "DAMAGE": "원형",
            "DIRTINESS": "오염없음",
            "COVER": "겹침",
            "TRANSPARENCY": "투명",
            "SHAPE": "물통형",
            "SHAPE_TYPE": "POLYGON",
            "POINTS": [
                [
                    1428.096,
                    348.948
                ],
                [
                    1416,
                    344.952
                ],
                [
                    1398.912,
                    334.04400000000004
                ],
                [
                    1392.96,
                    332.964
                ],
                [
                    1337.088,
                    334.04400000000004
                ],
                [
                    1320.9599999999998,
                    331.992
                ],
                [
                    1302.912,
                    327.024
                ],
                [
                    1266.048,
                    305.964
                ],
                [
                    1222.08,
                    258.98400000000004
                ],
                [
                    1208.0639999999999,
                    250.992
                ],
                [
                    1189.056,
                    243.97199999999998
                ],
                [
                    1176.96,
                    243
                ],
                [
                    1156.992,
                    236.95200000000003
                ],
                [
                    1142.016,
                    227.988
                ],
                [
                    1113.024,
                    216.972
                ],
                [
                    1080,
                    208.00799999999998
                ],
                [
                    1064.064,
                    199.04399999999998
                ],
                [
                    1056,
                    197.964
                ],
                [
                    1050.048,
                    192.996
                ],
                [
                    1046.0159999999998,
                    192.996
                ],
                [
                    1038.912,
                    188.028
                ],
                [
                    1032.96,
                    186.948
                ],
                [
                    1018.944,
                    178.956
                ],
                [
                    992.0640000000001,
                    169.02
                ],
                [
                    974.016,
                    158.00400000000002
                ],
                [
                    960.9599999999999,
                    146.988
                ],
                [
                    953.088,
                    138.024
                ],
                [
                    949.056,
                    123.984
                ],
                [
                    955.008,
                    96.012
                ],
                [
                    960.9599999999999,
                    81
                ],
                [
                    966.912,
                    73.98
                ],
                [
                    966.912,
                    69.984
                ],
                [
                    985.92,
                    43.956
                ],
                [
                    985.92,
                    38.988
                ],
                [
                    993.9840000000002,
                    27.971999999999998
                ],
                [
                    999.936,
                    24.948
                ],
                [
                    1009.9200000000001,
                    10.043999999999999
                ],
                [
                    1017.0239999999999,
                    8.964
                ],
                [
                    1022.9760000000001,
                    11.016
                ],
                [
                    1035.0720000000001,
                    11.016
                ],
                [
                    1046.0159999999998,
                    6.048
                ],
                [
                    1046.0159999999998,
                    0
                ],
                [
                    1051.968,
                    0
                ],
                [
                    1074.048,
                    7.02
                ],
                [
                    1080,
                    7.02
                ],
                [
                    1100.928,
                    16.956
                ],
                [
                    1110.912,
                    24.948
                ],
                [
                    1152,
                    43.956
                ],
                [
                    1229.952,
                    87.048
                ],
                [
                    1265.0880000000002,
                    111.996
                ],
                [
                    1286.0159999999998,
                    119.988
                ],
                [
                    1310.9759999999999,
                    135
                ],
                [
                    1316.9279999999999,
                    135.972
                ],
                [
                    1324.9920000000002,
                    139.968
                ],
                [
                    1345.9199999999998,
                    150.984
                ],
                [
                    1358.016,
                    159.948
                ],
                [
                    1369.92,
                    162.972
                ],
                [
                    1378.944,
                    168.04799999999997
                ],
                [
                    1398.912,
                    182.952
                ],
                [
                    1409.088,
                    193.96800000000002
                ],
                [
                    1417.92,
                    211.03199999999998
                ],
                [
                    1434.048,
                    253.044
                ],
                [
                    1449.984,
                    284.04
                ],
                [
                    1454.976,
                    319.032
                ],
                [
                    1454.976,
                    336.96
                ],
                [
                    1449.984,
                    343.98
                ],
                [
                    1444.032,
                    347.976
                ],
                [
                    1428.096,
                    348.948
                ]
            ]
        },
        {
            "ID": "2",
            "CLASS": "페트병",
            "DETAILS": "무색단일",
            "DAMAGE": "원형",
            "DIRTINESS": "오염없음",
            "COVER": "겹침",
            "TRANSPARENCY": "투명",
            "SHAPE": "물통형",
            "SHAPE_TYPE": "POLYGON",
            "POINTS": [
                [
                    1488.96,
                    478.98
                ],
                [
                    1476.096,
                    475.95599999999996
                ],
                [
                    1464,
                    462.99600000000004
                ],
                [
                    1460.928,
                    428.00399999999996
                ],
                [
                    1457.088,
                    419.04
                ],
                [
                    1454.0159999999998,
                    397.98
                ],
                [
                    1457.088,
                    330.048
                ],
                [
                    1445.952,
                    270
                ],
                [
                    1434.048,
                    245.052
                ],
                [
                    1433.088,
                    219.024
                ],
                [
                    1425.9840000000002,
                    208.98000000000002
                ],
                [
                    1422.912,
                    207.036
                ],
                [
                    1420.0320000000002,
                    207.036
                ],
                [
                    1411.008,
                    197.964
                ],
                [
                    1400.0639999999999,
                    181.98000000000002
                ],
                [
                    1387.008,
                    170.964
                ],
                [
                    1377.984,
                    158.976
                ],
                [
                    1369.92,
                    137.05200000000002
                ],
                [
                    1361.088,
                    120.96000000000001
                ],
                [
                    1348.032,
                    104.976
                ],
                [
                    1342.08,
                    88.992
                ],
                [
                    1338.048,
                    54
                ],
                [
                    1342.08,
                    45.036
                ],
                [
                    1352.064,
                    31.968
                ],
                [
                    1374.9119999999998,
                    8.964
                ],
                [
                    1380.096,
                    7.02
                ],
                [
                    1387.008,
                    0
                ],
                [
                    1460.928,
                    0.972
                ],
                [
                    1469.952,
                    18.035999999999998
                ],
                [
                    1488.96,
                    42.01199999999999
                ],
                [
                    1492.992,
                    61.02
                ],
                [
                    1496.064,
                    78.948
                ],
                [
                    1493.952,
                    99.036
                ],
                [
                    1502.016,
                    138.996
                ],
                [
                    1503.936,
                    216.972
                ],
                [
                    1535.04,
                    261.036
                ],
                [
                    1550.016,
                    320.004
                ],
                [
                    1556.9279999999999,
                    324.972
                ],
                [
                    1561.92,
                    324.972
                ],
                [
                    1592.064,
                    339.98400000000004
                ],
                [
                    1603.008,
                    353.052
                ],
                [
                    1608.96,
                    355.968
                ],
                [
                    1622.016,
                    370.98
                ],
                [
                    1627.968,
                    374.976
                ],
                [
                    1632.96,
                    394.956
                ],
                [
                    1632,
                    432
                ],
                [
                    1626.048,
                    435.024
                ],
                [
                    1618.944,
                    435.996
                ],
                [
                    1602.048,
                    447.984
                ],
                [
                    1584.96,
                    454.032
                ],
                [
                    1568.0639999999999,
                    463.96799999999996
                ],
                [
                    1556.9279999999999,
                    467.964
                ],
                [
                    1550.016,
                    467.964
                ],
                [
                    1542.912,
                    473.04
                ],
                [
                    1497.024,
                    478.98
                ],
                [
                    1488.96,
                    478.98
                ]
            ]
        }
    ]
}