{
    "IMAGE_INFO": {
        "FILE_NAME": "1000346@0_03001_220913_P1_T3__0530.jpg",
        "DATE": "2022-11-01 04:20:38",
        "RESOLUTION": "1920 x 1080",
        "IMAGE_PHOTOGRAPHER": "김보배",
        "FOCUS_DISTANCE": "7.1",
        "EXPOSURE_TIME": "1/400",
        "SENSITIVITY_ISO": "5000",
        "PLACE": "삼오자원",
        "REGION_NAME": null,
        "Direction": "0",
        "HEIGHT": "100",
        "DAY/NIGHT": "주간",
        "WEATHER": "맑음",
        "IMAGE_HEIGHT": 1080,
        "IMAGE_WIDTH": 1920,
        "IMAGE_SIZE": "687.5 KB"
    },
    "ANNOTATION_INFO": [
        {
            "ID": "1",
            "CLASS": "페트병",
            "DETAILS": "무색단일",
            "DAMAGE": "찌그러짐",
            "DIRTINESS": "오염없음",
            "COVER": "겹침",
            "TRANSPARENCY": "투명",
            "SHAPE": "물통형",
            "SHAPE_TYPE": "POLYGON",
            "POINTS": [
                [
                    1126.08,
                    1080
                ],
                [
                    1117.056,
                    1072.008
                ],
                [
                    1108.032,
                    1068.984
                ],
                [
                    1093.056,
                    1057.968
                ],
                [
                    1068.096,
                    1046.952
                ],
                [
                    1056,
                    1032.048
                ],
                [
                    1056,
                    1022.004
                ],
                [
                    1065.024,
                    1006.02
                ],
                [
                    1070.9759999999999,
                    986.0400000000001
                ],
                [
                    1075.968,
                    979.992
                ],
                [
                    1076.9279999999999,
                    972
                ],
                [
                    1084.032,
                    960.984
                ],
                [
                    1086.912,
                    945
                ],
                [
                    1070.9759999999999,
                    926.9639999999999
                ],
                [
                    1066.944,
                    913.032
                ],
                [
                    1060.992,
                    906.984
                ],
                [
                    1047.936,
                    899.964
                ],
                [
                    1045.056,
                    893.052
                ],
                [
                    1041.984,
                    891
                ],
                [
                    1041.984,
                    879.9839999999999
                ],
                [
                    1036.032,
                    874.044
                ],
                [
                    1028.928,
                    852.9839999999999
                ],
                [
                    1021.056,
                    844.992
                ],
                [
                    1017.984,
                    843.048
                ],
                [
                    1003.9680000000001,
                    845.9639999999999
                ],
                [
                    994.944,
                    843.048
                ],
                [
                    985.92,
                    841.968
                ],
                [
                    968.064,
                    834.948
                ],
                [
                    961.92,
                    829.9799999999999
                ],
                [
                    965.952,
                    801.0360000000001
                ],
                [
                    971.904,
                    786.996
                ],
                [
                    974.9760000000001,
                    772.956
                ],
                [
                    979.968,
                    760.968
                ],
                [
                    985.92,
                    752.976
                ],
                [
                    985.92,
                    748.98
                ],
                [
                    988.992,
                    747.036
                ],
                [
                    998.0160000000001,
                    745.956
                ],
                [
                    1014.9119999999999,
                    749.952
                ],
                [
                    1026.048,
                    756
                ],
                [
                    1037.952,
                    756.972
                ],
                [
                    1038.912,
                    762.048
                ],
                [
                    1046.976,
                    768.9599999999999
                ],
                [
                    1060.992,
                    770.04
                ],
                [
                    1089.984,
                    763.02
                ],
                [
                    1110.912,
                    747.036
                ],
                [
                    1119.9360000000001,
                    745.956
                ],
                [
                    1142.976,
                    739.044
                ],
                [
                    1162.944,
                    736.992
                ],
                [
                    1169.088,
                    736.992
                ],
                [
                    1182.912,
                    745.956
                ],
                [
                    1185.9840000000002,
                    756.972
                ],
                [
                    1182.912,
                    821.016
                ],
                [
                    1180.0320000000002,
                    829.9799999999999
                ],
                [
                    1180.992,
                    851.0400000000001
                ],
                [
                    1191.9360000000001,
                    860.004
                ],
                [
                    1204.032,
                    861.948
                ],
                [
                    1213.056,
                    866.0519999999999
                ],
                [
                    1222.08,
                    866.0519999999999
                ],
                [
                    1233.024,
                    868.968
                ],
                [
                    1248,
                    870.048
                ],
                [
                    1272.96,
                    870.048
                ],
                [
                    1281.984,
                    867.024
                ],
                [
                    1291.008,
                    867.996
                ],
                [
                    1289.088,
                    876.96
                ],
                [
                    1301.952,
                    887.004
                ],
                [
                    1305.9840000000002,
                    894.996
                ],
                [
                    1314.048,
                    902.9879999999999
                ],
                [
                    1325.952,
                    925.0200000000001
                ],
                [
                    1329.0240000000001,
                    969.948
                ],
                [
                    1328.0639999999999,
                    984.96
                ],
                [
                    1324.032,
                    988.9559999999999
                ],
                [
                    1323.0720000000001,
                    1006.02
                ],
                [
                    1316.9279999999999,
                    1014.012
                ],
                [
                    1302.912,
                    1025.028
                ],
                [
                    1294.0800000000002,
                    1037.988
                ],
                [
                    1289.088,
                    1041.012
                ],
                [
                    1282.944,
                    1049.0040000000001
                ],
                [
                    1281.984,
                    1053.972
                ],
                [
                    1276.032,
                    1059.048
                ],
                [
                    1271.04,
                    1067.04
                ],
                [
                    1265.0880000000002,
                    1080
                ],
                [
                    1126.08,
                    1080
                ]
            ]
        },
        {
            "ID": "2",
            "CLASS": "페트병",
            "DETAILS": "무색단일",
            "DAMAGE": "원형",
            "DIRTINESS": "오염없음",
            "COVER": "없음",
            "TRANSPARENCY": "투명",
            "SHAPE": "물통형",
            "SHAPE_TYPE": "POLYGON",
            "POINTS": [
                [
                    768,
                    729
                ],
                [
                    755.904,
                    717.9839999999999
                ],
                [
                    747.072,
                    695.952
                ],
                [
                    753.024,
                    681.048
                ],
                [
                    749.952,
                    628.02
                ],
                [
                    753.024,
                    624.024
                ],
                [
                    786.048,
                    612.036
                ],
                [
                    788.928,
                    608.04
                ],
                [
                    792,
                    597.024
                ],
                [
                    792,
                    562.0319999999999
                ],
                [
                    801.024,
                    547.992
                ],
                [
                    804.096,
                    528.984
                ],
                [
                    811.008,
                    524.0160000000001
                ],
                [
                    814.0799999999999,
                    513
                ],
                [
                    829.056,
                    486.97200000000004
                ],
                [
                    846.912,
                    465.048
                ],
                [
                    864.96,
                    447.012
                ],
                [
                    879.9359999999999,
                    435.996
                ],
                [
                    892.032,
                    420.984
                ],
                [
                    964.9920000000001,
                    377.028
                ],
                [
                    988.992,
                    363.96000000000004
                ],
                [
                    1008,
                    357.048
                ],
                [
                    1022.9760000000001,
                    346.03200000000004
                ],
                [
                    1052.9279999999999,
                    330.048
                ],
                [
                    1083.0720000000001,
                    320.004
                ],
                [
                    1108.032,
                    316.97999999999996
                ],
                [
                    1128.96,
                    308.016
                ],
                [
                    1134.9119999999998,
                    294.94800000000004
                ],
                [
                    1141.056,
                    289.008
                ],
                [
                    1171.008,
                    266.00399999999996
                ],
                [
                    1191.9360000000001,
                    253.044
                ],
                [
                    1201.92,
                    242.028
                ],
                [
                    1243.968,
                    219.99599999999998
                ],
                [
                    1267.968,
                    203.04
                ],
                [
                    1290.048,
                    193.96800000000002
                ],
                [
                    1316.9279999999999,
                    176.04000000000002
                ],
                [
                    1331.904,
                    172.04399999999998
                ],
                [
                    1340.928,
                    166.968
                ],
                [
                    1368,
                    146.988
                ],
                [
                    1392.96,
                    134.028
                ],
                [
                    1398.912,
                    126.036
                ],
                [
                    1429.056,
                    105.94800000000001
                ],
                [
                    1449.984,
                    99.036
                ],
                [
                    1468.032,
                    88.02000000000001
                ],
                [
                    1489.92,
                    81.972
                ],
                [
                    1526.0159999999998,
                    81.972
                ],
                [
                    1540.992,
                    85.968
                ],
                [
                    1564.9920000000002,
                    103.032
                ],
                [
                    1577.088,
                    123.012
                ],
                [
                    1589.952,
                    134.028
                ],
                [
                    1608,
                    158.976
                ],
                [
                    1632,
                    185.00400000000002
                ],
                [
                    1641.0240000000001,
                    189.972
                ],
                [
                    1643.904,
                    212.004
                ],
                [
                    1661.952,
                    253.044
                ],
                [
                    1659.072,
                    274.968
                ],
                [
                    1652.9279999999999,
                    284.04
                ],
                [
                    1650.048,
                    301.968
                ],
                [
                    1641.0240000000001,
                    319.032
                ],
                [
                    1620.096,
                    346.03200000000004
                ],
                [
                    1598.9759999999999,
                    362.988
                ],
                [
                    1589.952,
                    374.004
                ],
                [
                    1555.968,
                    392.03999999999996
                ],
                [
                    1531.968,
                    408.024
                ],
                [
                    1522.944,
                    409.968
                ],
                [
                    1487.04,
                    434.05199999999996
                ],
                [
                    1464.96,
                    443.016
                ],
                [
                    1411.008,
                    479.952
                ],
                [
                    1380.096,
                    496.044
                ],
                [
                    1358.9759999999999,
                    510.94800000000004
                ],
                [
                    1308.096,
                    540
                ],
                [
                    1292.9279999999999,
                    543.9960000000001
                ],
                [
                    1271.04,
                    552.96
                ],
                [
                    1249.92,
                    555.0120000000001
                ],
                [
                    1238.016,
                    559.9799999999999
                ],
                [
                    1228.992,
                    574.992
                ],
                [
                    1204.9920000000002,
                    598.968
                ],
                [
                    1171.008,
                    617.004
                ],
                [
                    1119.9360000000001,
                    651.996
                ],
                [
                    1050.048,
                    689.04
                ],
                [
                    1028.928,
                    694.0079999999999
                ],
                [
                    1008,
                    702.972
                ],
                [
                    1002.048,
                    702.972
                ],
                [
                    983.04,
                    710.9639999999999
                ],
                [
                    907.968,
                    712.044
                ],
                [
                    894.912,
                    710.9639999999999
                ],
                [
                    883.0079999999999,
                    706.968
                ],
                [
                    844.0319999999999,
                    690.0120000000001
                ],
                [
                    829.056,
                    689.04
                ],
                [
                    822.9119999999999,
                    691.956
                ],
                [
                    816.96,
                    702.972
                ],
                [
                    804.096,
                    710.9639999999999
                ],
                [
                    795.072,
                    720.036
                ],
                [
                    779.904,
                    726.948
                ],
                [
                    768,
                    729
                ]
            ]
        },
        {
            "ID": "3",
            "CLASS": "페트병",
            "DETAILS": "무색단일",
            "DAMAGE": "완전압착",
            "DIRTINESS": "오염없음",
            "COVER": "없음",
            "TRANSPARENCY": "투명",
            "SHAPE": "물통형",
            "SHAPE_TYPE": "POLYGON",
            "POINTS": [
                [
                    1535.04,
                    987.9839999999999
                ],
                [
                    1496.064,
                    987.0120000000001
                ],
                [
                    1482.048,
                    982.044
                ],
                [
                    1459.008,
                    979.992
                ],
                [
                    1450.944,
                    975.024
                ],
                [
                    1441.92,
                    972
                ],
                [
                    1436.9279999999999,
                    971.028
                ],
                [
                    1409.088,
                    971.028
                ],
                [
                    1398.912,
                    968.976
                ],
                [
                    1385.0880000000002,
                    964.0079999999999
                ],
                [
                    1369.92,
                    952.992
                ],
                [
                    1364.9279999999999,
                    952.02
                ],
                [
                    1359.9360000000001,
                    947.052
                ],
                [
                    1352.064,
                    925.9920000000001
                ],
                [
                    1343.04,
                    914.976
                ],
                [
                    1338.048,
                    913.032
                ],
                [
                    1333.056,
                    905.04
                ],
                [
                    1333.056,
                    859.032
                ],
                [
                    1337.088,
                    840.996
                ],
                [
                    1338.048,
                    805.0319999999999
                ],
                [
                    1343.04,
                    775.98
                ],
                [
                    1344,
                    751.032
                ],
                [
                    1348.032,
                    744.012
                ],
                [
                    1348.992,
                    736.02
                ],
                [
                    1354.944,
                    729
                ],
                [
                    1357.056,
                    722.952
                ],
                [
                    1353.9840000000002,
                    716.0400000000001
                ],
                [
                    1353.9840000000002,
                    709.992
                ],
                [
                    1366.08,
                    667.98
                ],
                [
                    1363.968,
                    640.008
                ],
                [
                    1364.9279999999999,
                    617.976
                ],
                [
                    1368,
                    605.0160000000001
                ],
                [
                    1368,
                    587.952
                ],
                [
                    1364.9279999999999,
                    574.992
                ],
                [
                    1358.016,
                    559.0079999999999
                ],
                [
                    1343.04,
                    540
                ],
                [
                    1338.048,
                    529.956
                ],
                [
                    1338.048,
                    524.0160000000001
                ],
                [
                    1353.024,
                    513.972
                ],
                [
                    1373.952,
                    496.044
                ],
                [
                    1380.096,
                    493.02000000000004
                ],
                [
                    1391.04,
                    492.048
                ],
                [
                    1396.992,
                    489.024
                ],
                [
                    1398.912,
                    489.024
                ],
                [
                    1406.0159999999998,
                    492.048
                ],
                [
                    1416.96,
                    509.004
                ],
                [
                    1415.04,
                    516.024
                ],
                [
                    1425.024,
                    533.952
                ],
                [
                    1424.064,
                    547.992
                ],
                [
                    1436.9279999999999,
                    570.024
                ],
                [
                    1439.0400000000002,
                    570.024
                ],
                [
                    1454.976,
                    594
                ],
                [
                    1465.9199999999998,
                    620.028
                ],
                [
                    1468.992,
                    636.984
                ],
                [
                    1478.016,
                    648.972
                ],
                [
                    1483.008,
                    651.996
                ],
                [
                    1488,
                    658.044
                ],
                [
                    1501.056,
                    685.044
                ],
                [
                    1512,
                    699.948
                ],
                [
                    1548.096,
                    736.02
                ],
                [
                    1555.968,
                    751.032
                ],
                [
                    1556.9279999999999,
                    767.0160000000001
                ],
                [
                    1566.912,
                    786.024
                ],
                [
                    1566.912,
                    791.9639999999999
                ],
                [
                    1569.984,
                    797.04
                ],
                [
                    1566.912,
                    802.008
                ],
                [
                    1565.952,
                    812.052
                ],
                [
                    1560,
                    816.048
                ],
                [
                    1556.9279999999999,
                    824.04
                ],
                [
                    1560,
                    856.0079999999999
                ],
                [
                    1560,
                    929.016
                ],
                [
                    1555.0079999999998,
                    965.952
                ],
                [
                    1550.9759999999999,
                    976.968
                ],
                [
                    1542.912,
                    983.988
                ],
                [
                    1535.04,
                    987.9839999999999
                ]
            ]
        }
    ]
}