{
    "IMAGE_INFO": {
        "FILE_NAME": "1000394@0_03001_220913_P1_T3__2113.jpg",
        "DATE": "2022-11-01 04:20:32",
        "RESOLUTION": "1920 x 1080",
        "IMAGE_PHOTOGRAPHER": "김보배",
        "FOCUS_DISTANCE": "7.1",
        "EXPOSURE_TIME": "1/400",
        "SENSITIVITY_ISO": "5000",
        "PLACE": "삼오자원",
        "REGION_NAME": null,
        "Direction": "0",
        "HEIGHT": "100",
        "DAY/NIGHT": "주간",
        "WEATHER": "맑음",
        "IMAGE_HEIGHT": 1080,
        "IMAGE_WIDTH": 1920,
        "IMAGE_SIZE": "592.3 KB"
    },
    "ANNOTATION_INFO": [
        {
            "ID": "1",
            "CLASS": "페트병",
            "DETAILS": "무색단일",
            "DAMAGE": "찌그러짐",
            "DIRTINESS": "오염없음",
            "COVER": "겹침",
            "TRANSPARENCY": "투명",
            "SHAPE": "물통형",
            "SHAPE_TYPE": "POLYGON",
            "POINTS": [
                [
                    1617.984,
                    1080
                ],
                [
                    1616.064,
                    1072.008
                ],
                [
                    1617.984,
                    1068.012
                ],
                [
                    1617.024,
                    1059.048
                ],
                [
                    1620.096,
                    1050.9479999999999
                ],
                [
                    1621.056,
                    1033.992
                ],
                [
                    1625.0880000000002,
                    1028.052
                ],
                [
                    1630.08,
                    1007.964
                ],
                [
                    1631.04,
                    955.044
                ],
                [
                    1627.968,
                    937.98
                ],
                [
                    1625.0880000000002,
                    929.9879999999999
                ],
                [
                    1609.92,
                    906.984
                ],
                [
                    1598.9759999999999,
                    879.9839999999999
                ],
                [
                    1579.9679999999998,
                    848.988
                ],
                [
                    1564.032,
                    817.02
                ],
                [
                    1553.088,
                    805.0319999999999
                ],
                [
                    1544.064,
                    799.956
                ],
                [
                    1537.92,
                    793.044
                ],
                [
                    1532.9279999999999,
                    779.976
                ],
                [
                    1512,
                    756
                ],
                [
                    1507.968,
                    744.9839999999999
                ],
                [
                    1497.024,
                    726.948
                ],
                [
                    1492.032,
                    726.948
                ],
                [
                    1487.04,
                    718.9559999999999
                ],
                [
                    1487.04,
                    698.976
                ],
                [
                    1502.016,
                    644.004
                ],
                [
                    1497.984,
                    635.04
                ],
                [
                    1492.032,
                    633.9599999999999
                ],
                [
                    1488.96,
                    631.0440000000001
                ],
                [
                    1483.968,
                    610.956
                ],
                [
                    1483.968,
                    585.036
                ],
                [
                    1488.96,
                    570.996
                ],
                [
                    1492.032,
                    567.972
                ],
                [
                    1502.016,
                    563.004
                ],
                [
                    1512.96,
                    559.9799999999999
                ],
                [
                    1529.088,
                    559.0079999999999
                ],
                [
                    1536,
                    552.96
                ],
                [
                    1539.072,
                    552.96
                ],
                [
                    1550.016,
                    559.0079999999999
                ],
                [
                    1564.9920000000002,
                    578.988
                ],
                [
                    1569.0240000000001,
                    579.96
                ],
                [
                    1571.904,
                    590.976
                ],
                [
                    1577.088,
                    597.024
                ],
                [
                    1577.088,
                    605.0160000000001
                ],
                [
                    1574.0159999999998,
                    609.012
                ],
                [
                    1577.088,
                    617.004
                ],
                [
                    1584.96,
                    621.972
                ],
                [
                    1593.9840000000002,
                    624.996
                ],
                [
                    1614.9119999999998,
                    640.98
                ],
                [
                    1636.032,
                    660.96
                ],
                [
                    1651.968,
                    683.9639999999999
                ],
                [
                    1652.9279999999999,
                    705.996
                ],
                [
                    1657.92,
                    725.004
                ],
                [
                    1659.072,
                    747.036
                ],
                [
                    1668.096,
                    783.972
                ],
                [
                    1670.016,
                    805.0319999999999
                ],
                [
                    1673.088,
                    810.972
                ],
                [
                    1675.0079999999998,
                    832.0319999999999
                ],
                [
                    1688.0639999999999,
                    901.0440000000001
                ],
                [
                    1689.0240000000001,
                    920.052
                ],
                [
                    1693.056,
                    933.0120000000001
                ],
                [
                    1694.976,
                    967.0319999999999
                ],
                [
                    1699.9679999999998,
                    1002.024
                ],
                [
                    1703.04,
                    1007.964
                ],
                [
                    1704.96,
                    1028.052
                ],
                [
                    1708.992,
                    1037.016
                ],
                [
                    1709.952,
                    1050.9479999999999
                ],
                [
                    1713.024,
                    1056.996
                ],
                [
                    1714.944,
                    1080
                ],
                [
                    1617.984,
                    1080
                ]
            ]
        },
        {
            "ID": "2",
            "CLASS": "페트병",
            "DETAILS": "무색단일",
            "DAMAGE": "찌그러짐",
            "DIRTINESS": "오염없음",
            "COVER": "없음",
            "TRANSPARENCY": "투명",
            "SHAPE": "물통형",
            "SHAPE_TYPE": "POLYGON",
            "POINTS": [
                [
                    1023.936,
                    1080
                ],
                [
                    1023.936,
                    1072.008
                ],
                [
                    1018.944,
                    1065.96
                ],
                [
                    1017.984,
                    1060.992
                ],
                [
                    1017.984,
                    1049.9759999999999
                ],
                [
                    1018.944,
                    1048.0320000000002
                ],
                [
                    1027.008,
                    1044.036
                ],
                [
                    1030.08,
                    1040.04
                ],
                [
                    1033.92,
                    1025.028
                ],
                [
                    1032.96,
                    994.032
                ],
                [
                    1036.032,
                    987.9839999999999
                ],
                [
                    1043.904,
                    979.992
                ],
                [
                    1047.936,
                    971.028
                ],
                [
                    1052.9279999999999,
                    964.9799999999999
                ],
                [
                    1068.096,
                    952.992
                ],
                [
                    1099.008,
                    938.952
                ],
                [
                    1113.9840000000002,
                    934.956
                ],
                [
                    1123.008,
                    934.956
                ],
                [
                    1131.072,
                    933.0120000000001
                ],
                [
                    1151.04,
                    915.948
                ],
                [
                    1165.056,
                    897.048
                ],
                [
                    1169.088,
                    887.004
                ],
                [
                    1174.0800000000002,
                    883.008
                ],
                [
                    1182.912,
                    866.0519999999999
                ],
                [
                    1208.0639999999999,
                    836.028
                ],
                [
                    1209.0240000000001,
                    832.0319999999999
                ],
                [
                    1217.088,
                    821.9879999999999
                ],
                [
                    1257.984,
                    790.9920000000001
                ],
                [
                    1263.936,
                    767.9879999999999
                ],
                [
                    1270.08,
                    755.028
                ],
                [
                    1277.952,
                    755.028
                ],
                [
                    1296,
                    763.02
                ],
                [
                    1319.0400000000002,
                    782.028
                ],
                [
                    1321.92,
                    786.996
                ],
                [
                    1344,
                    802.98
                ],
                [
                    1361.088,
                    821.016
                ],
                [
                    1369.92,
                    833.976
                ],
                [
                    1373.952,
                    848.016
                ],
                [
                    1382.016,
                    859.032
                ],
                [
                    1387.008,
                    874.044
                ],
                [
                    1387.008,
                    937.008
                ],
                [
                    1381.056,
                    941.976
                ],
                [
                    1362.048,
                    951.048
                ],
                [
                    1353.9840000000002,
                    952.992
                ],
                [
                    1328.0639999999999,
                    965.952
                ],
                [
                    1304.064,
                    980.9639999999999
                ],
                [
                    1282.944,
                    990.036
                ],
                [
                    1248.96,
                    995.976
                ],
                [
                    1198.08,
                    996.948
                ],
                [
                    1194.048,
                    998.028
                ],
                [
                    1185.024,
                    1006.992
                ],
                [
                    1180.0320000000002,
                    1019.952
                ],
                [
                    1171.008,
                    1029.024
                ],
                [
                    1167.936,
                    1034.964
                ],
                [
                    1147.968,
                    1055.052
                ],
                [
                    1131.072,
                    1065.96
                ],
                [
                    1116.096,
                    1080
                ],
                [
                    1023.936,
                    1080
                ]
            ]
        },
        {
            "ID": "3",
            "CLASS": "페트병",
            "DETAILS": "무색단일",
            "DAMAGE": "찌그러짐",
            "DIRTINESS": "오염없음",
            "COVER": "겹침",
            "TRANSPARENCY": "투명",
            "SHAPE": "물통형",
            "SHAPE_TYPE": "POLYGON",
            "POINTS": [
                [
                    1494.9119999999998,
                    1080
                ],
                [
                    1488.96,
                    1056.996
                ],
                [
                    1478.9759999999999,
                    1045.008
                ],
                [
                    1476.096,
                    1026.972
                ],
                [
                    1486.08,
                    1006.992
                ],
                [
                    1482.048,
                    1002.996
                ],
                [
                    1482.048,
                    995.004
                ],
                [
                    1486.08,
                    991.0079999999999
                ],
                [
                    1488.96,
                    983.016
                ],
                [
                    1499.904,
                    972
                ],
                [
                    1511.04,
                    951.048
                ],
                [
                    1508.928,
                    945.972
                ],
                [
                    1492.032,
                    933.0120000000001
                ],
                [
                    1473.024,
                    928.044
                ],
                [
                    1455.936,
                    893.052
                ],
                [
                    1436.9279999999999,
                    875.0160000000001
                ],
                [
                    1411.968,
                    860.976
                ],
                [
                    1397.952,
                    848.988
                ],
                [
                    1398.912,
                    834.948
                ],
                [
                    1406.976,
                    806.976
                ],
                [
                    1406.976,
                    798.0120000000001
                ],
                [
                    1411.968,
                    785.052
                ],
                [
                    1412.9279999999999,
                    766.0440000000001
                ],
                [
                    1411.968,
                    740.988
                ],
                [
                    1405.056,
                    726.948
                ],
                [
                    1403.904,
                    713.988
                ],
                [
                    1391.04,
                    690.984
                ],
                [
                    1344,
                    645.948
                ],
                [
                    1333.056,
                    640.98
                ],
                [
                    1314.048,
                    640.008
                ],
                [
                    1308.096,
                    637.956
                ],
                [
                    1305.024,
                    635.04
                ],
                [
                    1297.92,
                    624.024
                ],
                [
                    1296.96,
                    609.012
                ],
                [
                    1291.008,
                    602.964
                ],
                [
                    1286.976,
                    594.972
                ],
                [
                    1286.976,
                    570.024
                ],
                [
                    1297.92,
                    551.016
                ],
                [
                    1344,
                    536.976
                ],
                [
                    1361.088,
                    536.976
                ],
                [
                    1364.9279999999999,
                    537.948
                ],
                [
                    1372.032,
                    547.992
                ],
                [
                    1382.976,
                    577.044
                ],
                [
                    1390.08,
                    585.036
                ],
                [
                    1396.032,
                    598.968
                ],
                [
                    1415.04,
                    620.028
                ],
                [
                    1440,
                    632.0160000000001
                ],
                [
                    1459.008,
                    651.024
                ],
                [
                    1474.944,
                    674.028
                ],
                [
                    1483.968,
                    695.952
                ],
                [
                    1483.968,
                    705.996
                ],
                [
                    1487.04,
                    712.044
                ],
                [
                    1492.992,
                    718.9559999999999
                ],
                [
                    1497.984,
                    720.036
                ],
                [
                    1499.904,
                    721.98
                ],
                [
                    1520.0639999999999,
                    760.968
                ],
                [
                    1544.064,
                    785.052
                ],
                [
                    1563.0720000000001,
                    809.028
                ],
                [
                    1578.048,
                    843.048
                ],
                [
                    1593.9840000000002,
                    867.024
                ],
                [
                    1613.952,
                    911.952
                ],
                [
                    1627.008,
                    934.956
                ],
                [
                    1632,
                    956.016
                ],
                [
                    1632,
                    1018.98
                ],
                [
                    1627.008,
                    1026.972
                ],
                [
                    1622.016,
                    1045.008
                ],
                [
                    1608,
                    1068.984
                ],
                [
                    1607.04,
                    1080
                ],
                [
                    1494.9119999999998,
                    1080
                ]
            ]
        },
        {
            "ID": "4",
            "CLASS": "페트병",
            "DETAILS": "무색단일",
            "DAMAGE": "원형",
            "DIRTINESS": "이물질(외부)",
            "COVER": "겹침",
            "TRANSPARENCY": "투명",
            "SHAPE": "물통형",
            "SHAPE_TYPE": "POLYGON",
            "POINTS": [
                [
                    353.088,
                    767.9879999999999
                ],
                [
                    346.944,
                    766.0440000000001
                ],
                [
                    340.03200000000004,
                    756.972
                ],
                [
                    327.93600000000004,
                    689.04
                ],
                [
                    321.984,
                    672.948
                ],
                [
                    315.072,
                    621
                ],
                [
                    311.04,
                    613.98
                ],
                [
                    310.08,
                    590.004
                ],
                [
                    307.008,
                    582.9839999999999
                ],
                [
                    306.048,
                    567.972
                ],
                [
                    289.92,
                    501.984
                ],
                [
                    288.96,
                    482.976
                ],
                [
                    283.008,
                    470.01599999999996
                ],
                [
                    270.91200000000003,
                    420.984
                ],
                [
                    262.08000000000004,
                    398.952
                ],
                [
                    260.928,
                    388.044
                ],
                [
                    248.06400000000002,
                    354.996
                ],
                [
                    238.07999999999998,
                    312.012
                ],
                [
                    238.07999999999998,
                    285.012
                ],
                [
                    240,
                    278.964
                ],
                [
                    249.984,
                    258.98400000000004
                ],
                [
                    264,
                    239.004
                ],
                [
                    264.96000000000004,
                    232.95600000000002
                ],
                [
                    262.08000000000004,
                    222.048
                ],
                [
                    260.928,
                    196.99200000000002
                ],
                [
                    257.08799999999997,
                    174.96
                ],
                [
                    258.048,
                    154.008
                ],
                [
                    265.92,
                    146.988
                ],
                [
                    284.928,
                    142.02
                ],
                [
                    296.064,
                    142.02
                ],
                [
                    310.08,
                    146.988
                ],
                [
                    321.024,
                    154.008
                ],
                [
                    346.944,
                    165.024
                ],
                [
                    355.968,
                    181.98000000000002
                ],
                [
                    355.968,
                    188.028
                ],
                [
                    364.032,
                    208.00799999999998
                ],
                [
                    365.952,
                    208.00799999999998
                ],
                [
                    368.064,
                    211.03199999999998
                ],
                [
                    365.952,
                    215.028
                ],
                [
                    366.912,
                    220.96800000000002
                ],
                [
                    374.016,
                    227.988
                ],
                [
                    378.048,
                    227.988
                ],
                [
                    387.072,
                    235.00799999999998
                ],
                [
                    393.984,
                    236.95200000000003
                ],
                [
                    398.016,
                    243
                ],
                [
                    403.008,
                    243.97199999999998
                ],
                [
                    418.944,
                    261.036
                ],
                [
                    422.976,
                    267.948
                ],
                [
                    426.048,
                    276.048
                ],
                [
                    432.96000000000004,
                    323.02799999999996
                ],
                [
                    435.072,
                    440.964
                ],
                [
                    437.952,
                    444.96
                ],
                [
                    451.008,
                    451.97999999999996
                ],
                [
                    456,
                    458.02799999999996
                ],
                [
                    461.952,
                    474.012
                ],
                [
                    483.072,
                    547.992
                ],
                [
                    485.952,
                    551.016
                ],
                [
                    486.912,
                    559.0079999999999
                ],
                [
                    493.0559999999999,
                    567.972
                ],
                [
                    497.088,
                    581.0400000000001
                ],
                [
                    502.08000000000004,
                    608.04
                ],
                [
                    514.944,
                    644.976
                ],
                [
                    523.0079999999999,
                    679.9680000000001
                ],
                [
                    532.032,
                    704.052
                ],
                [
                    532.032,
                    714.96
                ],
                [
                    524.928,
                    728.028
                ],
                [
                    522.048,
                    729.972
                ],
                [
                    508.032,
                    732.996
                ],
                [
                    499.968,
                    739.044
                ],
                [
                    489.984,
                    740.988
                ],
                [
                    479.04,
                    740.988
                ],
                [
                    460.992,
                    745.956
                ],
                [
                    441.024,
                    755.028
                ],
                [
                    421.056,
                    760.968
                ],
                [
                    406.08,
                    760.968
                ],
                [
                    374.976,
                    767.9879999999999
                ],
                [
                    353.088,
                    767.9879999999999
                ]
            ]
        },
        {
            "ID": "5",
            "CLASS": "페트병",
            "DETAILS": "무색단일",
            "DAMAGE": "완전압착",
            "DIRTINESS": "오염없음",
            "COVER": "없음",
            "TRANSPARENCY": "투명",
            "SHAPE": "물통형",
            "SHAPE_TYPE": "POLYGON",
            "POINTS": [
                [
                    1134.9119999999998,
                    844.992
                ],
                [
                    1128.96,
                    843.048
                ],
                [
                    1121.088,
                    836.028
                ],
                [
                    1110.912,
                    830.952
                ],
                [
                    1097.088,
                    818.9639999999999
                ],
                [
                    1089.0240000000001,
                    806.0039999999999
                ],
                [
                    1086.912,
                    779.976
                ],
                [
                    1083.0720000000001,
                    768.9599999999999
                ],
                [
                    1079.0400000000002,
                    745.956
                ],
                [
                    1075.0079999999998,
                    736.02
                ],
                [
                    1074.048,
                    721.98
                ],
                [
                    1070.016,
                    709.02
                ],
                [
                    1069.056,
                    693.0360000000001
                ],
                [
                    1068.096,
                    658.044
                ],
                [
                    1071.9360000000001,
                    643.032
                ],
                [
                    1075.0079999999998,
                    609.9839999999999
                ],
                [
                    1078.08,
                    600.048
                ],
                [
                    1078.08,
                    578.988
                ],
                [
                    1073.088,
                    571.968
                ],
                [
                    1074.048,
                    559.9799999999999
                ],
                [
                    1071.9360000000001,
                    547.992
                ],
                [
                    1071.9360000000001,
                    528.984
                ],
                [
                    1074.048,
                    524.9879999999999
                ],
                [
                    1081.92,
                    517.9680000000001
                ],
                [
                    1089.0240000000001,
                    516.024
                ],
                [
                    1093.056,
                    516.024
                ],
                [
                    1109.952,
                    509.004
                ],
                [
                    1121.088,
                    506.952
                ],
                [
                    1138.944,
                    506.952
                ],
                [
                    1142.016,
                    508.032
                ],
                [
                    1147.008,
                    513.972
                ],
                [
                    1156.032,
                    527.04
                ],
                [
                    1160.0639999999999,
                    537.948
                ],
                [
                    1163.904,
                    543.9960000000001
                ],
                [
                    1167.936,
                    546.048
                ],
                [
                    1167.936,
                    555.0120000000001
                ],
                [
                    1162.944,
                    558.0360000000001
                ],
                [
                    1163.904,
                    559.9799999999999
                ],
                [
                    1172.9279999999999,
                    566.028
                ],
                [
                    1175.04,
                    569.052
                ],
                [
                    1184.064,
                    573.048
                ],
                [
                    1186.944,
                    578.016
                ],
                [
                    1194.048,
                    582.0120000000001
                ],
                [
                    1204.032,
                    591.948
                ],
                [
                    1213.056,
                    609.9839999999999
                ],
                [
                    1224,
                    624.996
                ],
                [
                    1230.912,
                    658.044
                ],
                [
                    1230.912,
                    690.0120000000001
                ],
                [
                    1251.072,
                    709.992
                ],
                [
                    1262.016,
                    713.988
                ],
                [
                    1267.968,
                    720.036
                ],
                [
                    1272,
                    732.996
                ],
                [
                    1272,
                    741.96
                ],
                [
                    1265.0880000000002,
                    770.04
                ],
                [
                    1251.072,
                    794.016
                ],
                [
                    1237.056,
                    807.948
                ],
                [
                    1220.928,
                    816.048
                ],
                [
                    1213.056,
                    824.04
                ],
                [
                    1201.92,
                    829.9799999999999
                ],
                [
                    1190.9759999999999,
                    832.0319999999999
                ],
                [
                    1185.9840000000002,
                    834.948
                ],
                [
                    1176.96,
                    836.028
                ],
                [
                    1165.056,
                    840.996
                ],
                [
                    1155.0720000000001,
                    840.996
                ],
                [
                    1138.944,
                    844.992
                ],
                [
                    1134.9119999999998,
                    844.992
                ]
            ]
        }
    ]
}