{
    "IMAGE_INFO": {
        "FILE_NAME": "1000212@0_03001_220913_P1_T3__2055.jpg",
        "DATE": "2022-11-01 04:20:30",
        "RESOLUTION": "1920 x 1080",
        "IMAGE_PHOTOGRAPHER": "김보배",
        "FOCUS_DISTANCE": "7.1",
        "EXPOSURE_TIME": "1/400",
        "SENSITIVITY_ISO": "5000",
        "PLACE": "삼오자원",
        "REGION_NAME": null,
        "Direction": "0",
        "HEIGHT": "100",
        "DAY/NIGHT": "주간",
        "WEATHER": "맑음",
        "IMAGE_HEIGHT": 1080,
        "IMAGE_WIDTH": 1920,
        "IMAGE_SIZE": "642.8 KB"
    },
    "ANNOTATION_INFO": [
        {
            "ID": "1",
            "CLASS": "페트병",
            "DETAILS": "무색단일",
            "DAMAGE": "찌그러짐",
            "DIRTINESS": "이물질(외부)",
            "COVER": "없음",
            "TRANSPARENCY": "투명",
            "SHAPE": "일반용기형",
            "SHAPE_TYPE": "POLYGON",
            "POINTS": [
                [
                    1756.992,
                    501.012
                ],
                [
                    1732.992,
                    490.968
                ],
                [
                    1646.976,
                    443.016
                ],
                [
                    1621.056,
                    431.028
                ],
                [
                    1593.9840000000002,
                    416.01599999999996
                ],
                [
                    1585.9199999999998,
                    413.964
                ],
                [
                    1560,
                    401.004
                ],
                [
                    1554.048,
                    400.032
                ],
                [
                    1546.944,
                    394.956
                ],
                [
                    1512.96,
                    381.99600000000004
                ],
                [
                    1507.008,
                    381.024
                ],
                [
                    1489.92,
                    371.952
                ],
                [
                    1486.08,
                    371.952
                ],
                [
                    1468.032,
                    362.016
                ],
                [
                    1444.032,
                    354.996
                ],
                [
                    1434.048,
                    354.024
                ],
                [
                    1425.024,
                    348.948
                ],
                [
                    1401.0240000000001,
                    342.036
                ],
                [
                    1395.0720000000001,
                    338.04
                ],
                [
                    1387.008,
                    336.96
                ],
                [
                    1381.056,
                    332.964
                ],
                [
                    1366.08,
                    328.96799999999996
                ],
                [
                    1356.096,
                    327.99600000000004
                ],
                [
                    1349.952,
                    324
                ],
                [
                    1344,
                    323.02799999999996
                ],
                [
                    1339.9679999999998,
                    319.032
                ],
                [
                    1335.936,
                    319.032
                ],
                [
                    1321.92,
                    312.012
                ],
                [
                    1320,
                    309.96
                ],
                [
                    1320,
                    281.01599999999996
                ],
                [
                    1324.032,
                    270.97200000000004
                ],
                [
                    1324.032,
                    262.98
                ],
                [
                    1319.0400000000002,
                    257.03999999999996
                ],
                [
                    1319.0400000000002,
                    254.016
                ],
                [
                    1313.088,
                    253.044
                ],
                [
                    1292.9279999999999,
                    236.95200000000003
                ],
                [
                    1296.96,
                    223.992
                ],
                [
                    1299.072,
                    196.01999999999998
                ],
                [
                    1305.024,
                    181.008
                ],
                [
                    1309.056,
                    174.96
                ],
                [
                    1316.9279999999999,
                    169.02
                ],
                [
                    1325.952,
                    169.02
                ],
                [
                    1348.032,
                    180.03599999999997
                ],
                [
                    1362.048,
                    185.00400000000002
                ],
                [
                    1366.08,
                    185.00400000000002
                ],
                [
                    1373.952,
                    178.956
                ],
                [
                    1377.024,
                    173.01600000000002
                ],
                [
                    1388.928,
                    162
                ],
                [
                    1402.944,
                    153.036
                ],
                [
                    1409.088,
                    153.036
                ],
                [
                    1433.088,
                    165.996
                ],
                [
                    1451.904,
                    181.008
                ],
                [
                    1462.08,
                    192.024
                ],
                [
                    1483.968,
                    207.036
                ],
                [
                    1497.024,
                    219.99599999999998
                ],
                [
                    1522.944,
                    238.032
                ],
                [
                    1539.072,
                    246.024
                ],
                [
                    1558.08,
                    263.952
                ],
                [
                    1568.0639999999999,
                    277.992
                ],
                [
                    1579.9679999999998,
                    284.04
                ],
                [
                    1599.9360000000001,
                    286.956
                ],
                [
                    1608.96,
                    290.952
                ],
                [
                    1635.0720000000001,
                    296.028
                ],
                [
                    1671.9360000000001,
                    300.024
                ],
                [
                    1685.952,
                    304.02
                ],
                [
                    1699.9679999999998,
                    304.99199999999996
                ],
                [
                    1727.04,
                    311.03999999999996
                ],
                [
                    1748.928,
                    312.984
                ],
                [
                    1758.912,
                    316.97999999999996
                ],
                [
                    1772.9279999999999,
                    317.952
                ],
                [
                    1801.92,
                    324
                ],
                [
                    1822.08,
                    335.01599999999996
                ],
                [
                    1833.9840000000002,
                    335.01599999999996
                ],
                [
                    1838.9759999999999,
                    338.04
                ],
                [
                    1843.008,
                    348.948
                ],
                [
                    1843.008,
                    374.004
                ],
                [
                    1838.9759999999999,
                    393.98400000000004
                ],
                [
                    1829.952,
                    417.96000000000004
                ],
                [
                    1819.9679999999998,
                    435.024
                ],
                [
                    1818.048,
                    443.988
                ],
                [
                    1801.92,
                    470.01599999999996
                ],
                [
                    1785.9840000000002,
                    489.024
                ],
                [
                    1771.008,
                    500.04
                ],
                [
                    1756.992,
                    501.012
                ]
            ]
        }
    ]
}