{
    "IMAGE_INFO": {
        "FILE_NAME": "1000383@0_03001_220913_P1_T3__0437.jpg",
        "DATE": "2022-11-01 04:20:35",
        "RESOLUTION": "1920 x 1080",
        "IMAGE_PHOTOGRAPHER": "김보배",
        "FOCUS_DISTANCE": "7.1",
        "EXPOSURE_TIME": "1/400",
        "SENSITIVITY_ISO": "5000",
        "PLACE": "삼오자원",
        "REGION_NAME": null,
        "Direction": "0",
        "HEIGHT": "100",
        "DAY/NIGHT": "주간",
        "WEATHER": "맑음",
        "IMAGE_HEIGHT": 1080,
        "IMAGE_WIDTH": 1920,
        "IMAGE_SIZE": "603.0 KB"
    },
    "ANNOTATION_INFO": [
        {
            "ID": "1",
            "CLASS": "페트병",
            "DETAILS": "무색단일",
            "DAMAGE": "찌그러짐",
            "DIRTINESS": "이물질(외부)",
            "COVER": "없음",
            "TRANSPARENCY": "투명",
            "SHAPE": "물통형",
            "SHAPE_TYPE": "POLYGON",
            "POINTS": [
                [
                    1611.072,
                    929.016
                ],
                [
                    1603.008,
                    926.9639999999999
                ],
                [
                    1596.096,
                    922.9680000000001
                ],
                [
                    1584.96,
                    914.004
                ],
                [
                    1575.936,
                    902.9879999999999
                ],
                [
                    1555.968,
                    872.964
                ],
                [
                    1550.016,
                    856.0079999999999
                ],
                [
                    1549.056,
                    839.052
                ],
                [
                    1545.9840000000002,
                    828.0360000000001
                ],
                [
                    1532.9279999999999,
                    806.976
                ],
                [
                    1530.048,
                    795.96
                ],
                [
                    1529.088,
                    776.952
                ],
                [
                    1521.0240000000001,
                    755.028
                ],
                [
                    1517.952,
                    701.028
                ],
                [
                    1515.0720000000001,
                    682.02
                ],
                [
                    1515.0720000000001,
                    655.9920000000001
                ],
                [
                    1517.952,
                    632.9879999999999
                ],
                [
                    1526.0159999999998,
                    609.012
                ],
                [
                    1526.0159999999998,
                    597.996
                ],
                [
                    1521.0240000000001,
                    585.036
                ],
                [
                    1522.944,
                    558.0360000000001
                ],
                [
                    1517.952,
                    533.952
                ],
                [
                    1517.952,
                    479.952
                ],
                [
                    1531.968,
                    447.984
                ],
                [
                    1544.064,
                    431.028
                ],
                [
                    1559.0400000000002,
                    420.012
                ],
                [
                    1573.056,
                    398.952
                ],
                [
                    1564.9920000000002,
                    385.992
                ],
                [
                    1561.92,
                    370.98
                ],
                [
                    1561.92,
                    344.952
                ],
                [
                    1568.0639999999999,
                    301.968
                ],
                [
                    1590.912,
                    231.012
                ],
                [
                    1597.056,
                    219.99599999999998
                ],
                [
                    1612.992,
                    203.04
                ],
                [
                    1618.944,
                    192.996
                ],
                [
                    1618.944,
                    185.976
                ],
                [
                    1611.072,
                    162.972
                ],
                [
                    1609.92,
                    141.048
                ],
                [
                    1598.9759999999999,
                    123.984
                ],
                [
                    1599.9360000000001,
                    112.968
                ],
                [
                    1612.992,
                    101.952
                ],
                [
                    1622.976,
                    101.952
                ],
                [
                    1685.952,
                    104.976
                ],
                [
                    1702.08,
                    112.968
                ],
                [
                    1713.024,
                    131.976
                ],
                [
                    1709.952,
                    174.96
                ],
                [
                    1713.024,
                    181.98000000000002
                ],
                [
                    1718.9759999999999,
                    185.976
                ],
                [
                    1722.048,
                    185.976
                ],
                [
                    1738.944,
                    196.99200000000002
                ],
                [
                    1785.024,
                    231.012
                ],
                [
                    1798.08,
                    246.024
                ],
                [
                    1828.992,
                    293.00399999999996
                ],
                [
                    1834.944,
                    319.032
                ],
                [
                    1836.096,
                    369.036
                ],
                [
                    1843.968,
                    397.008
                ],
                [
                    1848,
                    482.00399999999996
                ],
                [
                    1852.992,
                    504.036
                ],
                [
                    1854.9119999999998,
                    524.9879999999999
                ],
                [
                    1856.064,
                    590.004
                ],
                [
                    1861.056,
                    597.996
                ],
                [
                    1862.016,
                    605.0160000000001
                ],
                [
                    1858.944,
                    654.048
                ],
                [
                    1870.08,
                    672.948
                ],
                [
                    1873.92,
                    690.984
                ],
                [
                    1873.92,
                    701.028
                ],
                [
                    1880.0639999999999,
                    722.952
                ],
                [
                    1878.912,
                    741.96
                ],
                [
                    1871.04,
                    756.972
                ],
                [
                    1867.968,
                    767.9879999999999
                ],
                [
                    1867.008,
                    789.048
                ],
                [
                    1856.064,
                    817.02
                ],
                [
                    1856.064,
                    883.98
                ],
                [
                    1848,
                    902.9879999999999
                ],
                [
                    1842.048,
                    910.008
                ],
                [
                    1832.064,
                    910.008
                ],
                [
                    1818.048,
                    901.0440000000001
                ],
                [
                    1803.0720000000001,
                    887.976
                ],
                [
                    1782.912,
                    887.976
                ],
                [
                    1771.968,
                    891.972
                ],
                [
                    1756.032,
                    894.996
                ],
                [
                    1742.016,
                    894.996
                ],
                [
                    1724.9279999999999,
                    897.048
                ],
                [
                    1680,
                    905.04
                ],
                [
                    1666.944,
                    915.948
                ],
                [
                    1655.04,
                    922.9680000000001
                ],
                [
                    1649.088,
                    922.9680000000001
                ],
                [
                    1642.944,
                    926.9639999999999
                ],
                [
                    1635.0720000000001,
                    929.016
                ],
                [
                    1611.072,
                    929.016
                ]
            ]
        },
        {
            "ID": "2",
            "CLASS": "페트병",
            "DETAILS": "무색단일",
            "DAMAGE": "찌그러짐",
            "DIRTINESS": "이물질(외부)",
            "COVER": "겹침",
            "TRANSPARENCY": "투명",
            "SHAPE": "물통형",
            "SHAPE_TYPE": "POLYGON",
            "POINTS": [
                [
                    864.96,
                    581.0400000000001
                ],
                [
                    860.928,
                    578.988
                ],
                [
                    853.0559999999999,
                    570.996
                ],
                [
                    851.904,
                    567
                ],
                [
                    838.08,
                    554.04
                ],
                [
                    830.0160000000001,
                    550.044
                ],
                [
                    815.04,
                    547.02
                ],
                [
                    810.048,
                    543.9960000000001
                ],
                [
                    806.976,
                    543.024
                ],
                [
                    801.984,
                    543.024
                ],
                [
                    796.032,
                    540
                ],
                [
                    795.072,
                    536.976
                ],
                [
                    792,
                    536.004
                ],
                [
                    786.048,
                    529.956
                ],
                [
                    782.976,
                    520.992
                ],
                [
                    778.944,
                    516.024
                ],
                [
                    774.912,
                    497.016
                ],
                [
                    768.96,
                    483.948
                ],
                [
                    768,
                    471.96
                ],
                [
                    764.928,
                    462.99600000000004
                ],
                [
                    762.048,
                    440.964
                ],
                [
                    762.048,
                    420.012
                ],
                [
                    758.976,
                    405.97200000000004
                ],
                [
                    758.976,
                    398.952
                ],
                [
                    762.048,
                    397.008
                ],
                [
                    764.928,
                    397.008
                ],
                [
                    767.0400000000001,
                    396.036
                ],
                [
                    769.9200000000001,
                    393.012
                ],
                [
                    772.032,
                    378.972
                ],
                [
                    776.064,
                    367.956
                ],
                [
                    777.024,
                    357.048
                ],
                [
                    782.016,
                    350.028
                ],
                [
                    782.976,
                    350.028
                ],
                [
                    790.0799999999999,
                    344.952
                ],
                [
                    796.9920000000001,
                    344.952
                ],
                [
                    800.0640000000001,
                    346.03200000000004
                ],
                [
                    809.088,
                    355.968
                ],
                [
                    811.968,
                    362.988
                ],
                [
                    816.96,
                    367.956
                ],
                [
                    825.984,
                    385.02
                ],
                [
                    836.928,
                    401.004
                ],
                [
                    838.08,
                    405
                ],
                [
                    844.992,
                    417.96000000000004
                ],
                [
                    846.912,
                    427.032
                ],
                [
                    849.9839999999999,
                    431.028
                ],
                [
                    857.0880000000001,
                    451.97999999999996
                ],
                [
                    857.0880000000001,
                    455.976
                ],
                [
                    859.9680000000001,
                    466.992
                ],
                [
                    862.08,
                    469.04400000000004
                ],
                [
                    864,
                    478.008
                ],
                [
                    869.952,
                    493.02000000000004
                ],
                [
                    869.952,
                    501.984
                ],
                [
                    873.984,
                    519.048
                ],
                [
                    874.944,
                    573.048
                ],
                [
                    873.984,
                    577.044
                ],
                [
                    873.024,
                    577.044
                ],
                [
                    868.032,
                    581.0400000000001
                ],
                [
                    864.96,
                    581.0400000000001
                ]
            ]
        }
    ]
}