{
    "IMAGE_INFO": {
        "FILE_NAME": "1000183@0_03001_220913_P1_T3__1985.jpg",
        "DATE": "2022-11-01 04:20:27",
        "RESOLUTION": "1920 x 1080",
        "IMAGE_PHOTOGRAPHER": "김보배",
        "FOCUS_DISTANCE": "7.1",
        "EXPOSURE_TIME": "1/400",
        "SENSITIVITY_ISO": "5000",
        "PLACE": "삼오자원",
        "REGION_NAME": null,
        "Direction": "0",
        "HEIGHT": "100",
        "DAY/NIGHT": "주간",
        "WEATHER": "맑음",
        "IMAGE_HEIGHT": 1080,
        "IMAGE_WIDTH": 1920,
        "IMAGE_SIZE": "610.5 KB"
    },
    "ANNOTATION_INFO": [
        {
            "ID": "1",
            "CLASS": "페트병",
            "DETAILS": "무색단일",
            "DAMAGE": "찌그러짐",
            "DIRTINESS": "오염없음",
            "COVER": "없음",
            "TRANSPARENCY": "투명",
            "SHAPE": "물통형",
            "SHAPE_TYPE": "POLYGON",
            "POINTS": [
                [
                    1107.0720000000001,
                    486
                ],
                [
                    1089.0240000000001,
                    483.948
                ],
                [
                    1041.0240000000001,
                    469.04400000000004
                ],
                [
                    1030.08,
                    462.99600000000004
                ],
                [
                    1027.968,
                    459
                ],
                [
                    1026.048,
                    424.008
                ],
                [
                    1031.04,
                    419.04
                ],
                [
                    1071.9360000000001,
                    392.03999999999996
                ],
                [
                    1081.92,
                    388.044
                ],
                [
                    1107.0720000000001,
                    371.952
                ],
                [
                    1123.008,
                    366.012
                ],
                [
                    1132.992,
                    359.964
                ],
                [
                    1147.968,
                    324
                ],
                [
                    1151.04,
                    300.024
                ],
                [
                    1157.952,
                    294.94800000000004
                ],
                [
                    1180.992,
                    267.948
                ],
                [
                    1190.9759999999999,
                    261.036
                ],
                [
                    1194.048,
                    255.95999999999998
                ],
                [
                    1205.952,
                    246.024
                ],
                [
                    1206.912,
                    240.94799999999998
                ],
                [
                    1214.0159999999998,
                    232.95600000000002
                ],
                [
                    1227.0720000000001,
                    207.036
                ],
                [
                    1249.92,
                    174.96
                ],
                [
                    1259.904,
                    165.996
                ],
                [
                    1277.952,
                    154.98
                ],
                [
                    1296,
                    147.96
                ],
                [
                    1308.096,
                    139.968
                ],
                [
                    1315.968,
                    138.024
                ],
                [
                    1320.9599999999998,
                    135
                ],
                [
                    1326.912,
                    130.03199999999998
                ],
                [
                    1344.96,
                    104.976
                ],
                [
                    1362.048,
                    93.96
                ],
                [
                    1372.992,
                    93.96
                ],
                [
                    1385.0880000000002,
                    97.956
                ],
                [
                    1412.9279999999999,
                    119.016
                ],
                [
                    1425.9840000000002,
                    134.028
                ],
                [
                    1428.096,
                    143.964
                ],
                [
                    1420.992,
                    162.972
                ],
                [
                    1420.992,
                    169.99200000000002
                ],
                [
                    1409.088,
                    185.00400000000002
                ],
                [
                    1401.0240000000001,
                    197.964
                ],
                [
                    1400.0639999999999,
                    204.984
                ],
                [
                    1392.96,
                    212.976
                ],
                [
                    1380.096,
                    250.992
                ],
                [
                    1372.992,
                    261.036
                ],
                [
                    1367.04,
                    282.96000000000004
                ],
                [
                    1352.064,
                    305.964
                ],
                [
                    1339.9679999999998,
                    319.032
                ],
                [
                    1334.0159999999998,
                    335.988
                ],
                [
                    1314.048,
                    350.028
                ],
                [
                    1309.056,
                    351
                ],
                [
                    1304.064,
                    354.996
                ],
                [
                    1265.0880000000002,
                    365.04
                ],
                [
                    1257.984,
                    365.04
                ],
                [
                    1233.9840000000002,
                    370.00800000000004
                ],
                [
                    1214.976,
                    370.98
                ],
                [
                    1201.92,
                    377.028
                ],
                [
                    1165.056,
                    404.02799999999996
                ],
                [
                    1157.952,
                    413.964
                ],
                [
                    1157.952,
                    417.96000000000004
                ],
                [
                    1152.96,
                    424.008
                ],
                [
                    1152.96,
                    428.976
                ],
                [
                    1146.048,
                    443.988
                ],
                [
                    1134.9119999999998,
                    462.024
                ],
                [
                    1118.9759999999999,
                    478.98
                ],
                [
                    1107.0720000000001,
                    486
                ]
            ]
        }
    ]
}