{
    "IMAGE_INFO": {
        "FILE_NAME": "1000121@0_03001_220913_P1_T3__1996.jpg",
        "DATE": "2022-11-01 04:20:28",
        "RESOLUTION": "1920 x 1080",
        "IMAGE_PHOTOGRAPHER": "김보배",
        "FOCUS_DISTANCE": "7.1",
        "EXPOSURE_TIME": "1/400",
        "SENSITIVITY_ISO": "5000",
        "PLACE": "삼오자원",
        "REGION_NAME": null,
        "Direction": "0",
        "HEIGHT": "100",
        "DAY/NIGHT": "주간",
        "WEATHER": "맑음",
        "IMAGE_HEIGHT": 1080,
        "IMAGE_WIDTH": 1920,
        "IMAGE_SIZE": "579.2 KB"
    },
    "ANNOTATION_INFO": [
        {
            "ID": "1",
            "CLASS": "페트병",
            "DETAILS": "무색단일",
            "DAMAGE": "원형",
            "DIRTINESS": "오염없음",
            "COVER": "없음",
            "TRANSPARENCY": "투명",
            "SHAPE": "물통형",
            "SHAPE_TYPE": "POLYGON",
            "POINTS": [
                [
                    1588.032,
                    951.048
                ],
                [
                    1573.056,
                    949.9680000000001
                ],
                [
                    1555.0079999999998,
                    944.028
                ],
                [
                    1539.072,
                    932.04
                ],
                [
                    1534.0800000000002,
                    930.96
                ],
                [
                    1523.904,
                    924.048
                ],
                [
                    1521.0240000000001,
                    918
                ],
                [
                    1517.952,
                    915.948
                ],
                [
                    1482.048,
                    911.952
                ],
                [
                    1454.976,
                    910.98
                ],
                [
                    1448.0639999999999,
                    910.008
                ],
                [
                    1430.016,
                    903.9599999999999
                ],
                [
                    1421.952,
                    898.9920000000001
                ],
                [
                    1415.04,
                    890.028
                ],
                [
                    1393.92,
                    872.964
                ],
                [
                    1382.016,
                    867.024
                ],
                [
                    1368,
                    864.972
                ],
                [
                    1356.096,
                    860.976
                ],
                [
                    1340.928,
                    852.9839999999999
                ],
                [
                    1272.96,
                    809.028
                ],
                [
                    1265.0880000000002,
                    799.956
                ],
                [
                    1262.016,
                    794.016
                ],
                [
                    1261.056,
                    783.972
                ],
                [
                    1262.016,
                    759.024
                ],
                [
                    1267.968,
                    740.0160000000001
                ],
                [
                    1281.984,
                    713.016
                ],
                [
                    1289.088,
                    701.028
                ],
                [
                    1297.92,
                    691.956
                ],
                [
                    1304.064,
                    681.048
                ],
                [
                    1309.056,
                    675.972
                ],
                [
                    1319.0400000000002,
                    670.0319999999999
                ],
                [
                    1326.912,
                    663.0120000000001
                ],
                [
                    1344,
                    654.048
                ],
                [
                    1348.992,
                    652.9680000000001
                ],
                [
                    1358.016,
                    652.9680000000001
                ],
                [
                    1367.04,
                    655.0200000000001
                ],
                [
                    1382.976,
                    663.0120000000001
                ],
                [
                    1451.904,
                    705.996
                ],
                [
                    1460.928,
                    713.988
                ],
                [
                    1473.9840000000002,
                    731.0519999999999
                ],
                [
                    1527.936,
                    764.964
                ],
                [
                    1545.024,
                    783.972
                ],
                [
                    1574.0159999999998,
                    822.96
                ],
                [
                    1577.088,
                    825.0120000000001
                ],
                [
                    1583.04,
                    825.984
                ],
                [
                    1630.08,
                    857.952
                ],
                [
                    1636.032,
                    867.996
                ],
                [
                    1636.992,
                    893.052
                ],
                [
                    1630.08,
                    918
                ],
                [
                    1623.936,
                    926.9639999999999
                ],
                [
                    1618.944,
                    929.9879999999999
                ],
                [
                    1612.032,
                    938.952
                ],
                [
                    1594.944,
                    948.9960000000001
                ],
                [
                    1588.032,
                    951.048
                ]
            ]
        }
    ]
}