{
    "IMAGE_INFO": {
        "FILE_NAME": "1000970@0_03001_220913_P1_T3__0649.jpg",
        "DATE": "2022-11-01 04:20:42",
        "RESOLUTION": "1920 x 1080",
        "IMAGE_PHOTOGRAPHER": "김보배",
        "FOCUS_DISTANCE": "7.1",
        "EXPOSURE_TIME": "1/400",
        "SENSITIVITY_ISO": "5000",
        "PLACE": "삼오자원",
        "REGION_NAME": null,
        "Direction": "0",
        "HEIGHT": "100",
        "DAY/NIGHT": "주간",
        "WEATHER": "맑음",
        "IMAGE_HEIGHT": 1080,
        "IMAGE_WIDTH": 1920,
        "IMAGE_SIZE": "581.1 KB"
    },
    "ANNOTATION_INFO": [
        {
            "ID": "1",
            "CLASS": "페트병",
            "DETAILS": "무색단일",
            "DAMAGE": "찌그러짐",
            "DIRTINESS": "오염없음",
            "COVER": "없음",
            "TRANSPARENCY": "투명",
            "SHAPE": "기타 형태",
            "SHAPE_TYPE": "POLYGON",
            "POINTS": [
                [
                    249.984,
                    1080
                ],
                [
                    249.984,
                    1064.0159999999998
                ],
                [
                    245.952,
                    1056.996
                ],
                [
                    240.96,
                    1053
                ],
                [
                    239.04,
                    1052.028
                ],
                [
                    226.944,
                    1049.9759999999999
                ],
                [
                    214.08,
                    1049.0040000000001
                ],
                [
                    207.93599999999998,
                    1049.9759999999999
                ],
                [
                    203.904,
                    1045.98
                ],
                [
                    201.984,
                    1041.984
                ],
                [
                    200.064,
                    1019.952
                ],
                [
                    201.984,
                    1007.964
                ],
                [
                    210.048,
                    990.036
                ],
                [
                    211.968,
                    976.968
                ],
                [
                    220.03199999999998,
                    953.9639999999999
                ],
                [
                    225.984,
                    944.028
                ],
                [
                    226.944,
                    937.98
                ],
                [
                    234.048,
                    925.9920000000001
                ],
                [
                    241.92000000000002,
                    920.052
                ],
                [
                    244.03199999999998,
                    914.976
                ],
                [
                    245.952,
                    887.004
                ],
                [
                    248.06400000000002,
                    878.04
                ],
                [
                    254.016,
                    864
                ],
                [
                    259.96799999999996,
                    852.9839999999999
                ],
                [
                    263.04,
                    851.0400000000001
                ],
                [
                    268.032,
                    839.052
                ],
                [
                    274.94399999999996,
                    826.956
                ],
                [
                    281.088,
                    818.9639999999999
                ],
                [
                    297.024,
                    802.008
                ],
                [
                    311.04,
                    790.0200000000001
                ],
                [
                    322.94399999999996,
                    783.972
                ],
                [
                    325.05600000000004,
                    783.972
                ],
                [
                    331.008,
                    786.024
                ],
                [
                    340.992,
                    794.016
                ],
                [
                    364.032,
                    802.98
                ],
                [
                    370.944,
                    812.052
                ],
                [
                    373.056,
                    820.044
                ],
                [
                    374.016,
                    834.948
                ],
                [
                    377.08799999999997,
                    840.996
                ],
                [
                    378.048,
                    852.0120000000001
                ],
                [
                    384,
                    872.964
                ],
                [
                    398.016,
                    907.956
                ],
                [
                    403.008,
                    914.976
                ],
                [
                    414.912,
                    938.952
                ],
                [
                    420.096,
                    957.96
                ],
                [
                    423.936,
                    963.0360000000001
                ],
                [
                    426.048,
                    974.052
                ],
                [
                    428.928,
                    976.968
                ],
                [
                    430.08,
                    983.988
                ],
                [
                    435.072,
                    992.952
                ],
                [
                    437.952,
                    1002.996
                ],
                [
                    440.06399999999996,
                    1023.9480000000001
                ],
                [
                    436.992,
                    1045.98
                ],
                [
                    432.96000000000004,
                    1060.02
                ],
                [
                    432,
                    1080
                ],
                [
                    249.984,
                    1080
                ]
            ]
        }
    ]
}