{
    "IMAGE_INFO": {
        "FILE_NAME": "1000376@0_03001_220913_P1_T3__2107.jpg",
        "DATE": "2022-11-01 04:20:32",
        "RESOLUTION": "1920 x 1080",
        "IMAGE_PHOTOGRAPHER": "김보배",
        "FOCUS_DISTANCE": "7.1",
        "EXPOSURE_TIME": "1/400",
        "SENSITIVITY_ISO": "5000",
        "PLACE": "삼오자원",
        "REGION_NAME": null,
        "Direction": "0",
        "HEIGHT": "100",
        "DAY/NIGHT": "주간",
        "WEATHER": "맑음",
        "IMAGE_HEIGHT": 1080,
        "IMAGE_WIDTH": 1920,
        "IMAGE_SIZE": "667.6 KB"
    },
    "ANNOTATION_INFO": [
        {
            "ID": "1",
            "CLASS": "페트병",
            "DETAILS": "무색단일",
            "DAMAGE": "찌그러짐",
            "DIRTINESS": "이물질(외부)",
            "COVER": "없음",
            "TRANSPARENCY": "투명",
            "SHAPE": "물통형",
            "SHAPE_TYPE": "POLYGON",
            "POINTS": [
                [
                    1481.088,
                    898.02
                ],
                [
                    1464,
                    895.968
                ],
                [
                    1455.936,
                    893.052
                ],
                [
                    1428.096,
                    863.028
                ],
                [
                    1416,
                    853.9559999999999
                ],
                [
                    1412.9279999999999,
                    832.0319999999999
                ],
                [
                    1414.0800000000002,
                    758.052
                ],
                [
                    1411.968,
                    729.972
                ],
                [
                    1402.944,
                    682.02
                ],
                [
                    1401.0240000000001,
                    651.996
                ],
                [
                    1395.0720000000001,
                    625.968
                ],
                [
                    1391.04,
                    589.032
                ],
                [
                    1377.984,
                    544.9680000000001
                ],
                [
                    1377.984,
                    508.032
                ],
                [
                    1376.064,
                    498.96000000000004
                ],
                [
                    1377.024,
                    369.036
                ],
                [
                    1382.976,
                    354.024
                ],
                [
                    1382.976,
                    344.952
                ],
                [
                    1387.008,
                    338.04
                ],
                [
                    1385.0880000000002,
                    324.972
                ],
                [
                    1388.928,
                    308.016
                ],
                [
                    1402.944,
                    293.00399999999996
                ],
                [
                    1412.9279999999999,
                    288.036
                ],
                [
                    1416.96,
                    284.04
                ],
                [
                    1430.9759999999999,
                    265.032
                ],
                [
                    1440.9599999999998,
                    263.952
                ],
                [
                    1444.9920000000002,
                    259.956
                ],
                [
                    1454.976,
                    258.012
                ],
                [
                    1462.08,
                    246.99599999999998
                ],
                [
                    1473.9840000000002,
                    238.032
                ],
                [
                    1483.968,
                    238.032
                ],
                [
                    1493.952,
                    240.94799999999998
                ],
                [
                    1499.904,
                    270.97200000000004
                ],
                [
                    1505.0880000000002,
                    277.992
                ],
                [
                    1507.008,
                    285.984
                ],
                [
                    1507.008,
                    300.996
                ],
                [
                    1516.992,
                    312.012
                ],
                [
                    1531.008,
                    319.032
                ],
                [
                    1548.096,
                    335.988
                ],
                [
                    1559.0400000000002,
                    351.97200000000004
                ],
                [
                    1565.952,
                    369.036
                ],
                [
                    1579.9679999999998,
                    444.96
                ],
                [
                    1579.9679999999998,
                    466.992
                ],
                [
                    1574.976,
                    494.964
                ],
                [
                    1584.96,
                    513
                ],
                [
                    1590.912,
                    544.9680000000001
                ],
                [
                    1590.912,
                    636.984
                ],
                [
                    1593.024,
                    658.044
                ],
                [
                    1604.9279999999999,
                    694.9799999999999
                ],
                [
                    1607.04,
                    721.0079999999999
                ],
                [
                    1617.024,
                    770.04
                ],
                [
                    1633.92,
                    814.9680000000001
                ],
                [
                    1633.92,
                    856.0079999999999
                ],
                [
                    1631.04,
                    867.024
                ],
                [
                    1622.976,
                    879.9839999999999
                ],
                [
                    1604.9279999999999,
                    893.052
                ],
                [
                    1584,
                    895.968
                ],
                [
                    1549.056,
                    898.02
                ],
                [
                    1481.088,
                    898.02
                ]
            ]
        },
        {
            "ID": "2",
            "CLASS": "페트병",
            "DETAILS": "무색단일",
            "DAMAGE": "찌그러짐",
            "DIRTINESS": "이물질(내부)",
            "COVER": "없음",
            "TRANSPARENCY": "투명",
            "SHAPE": "기타 형태",
            "SHAPE_TYPE": "POLYGON",
            "POINTS": [
                [
                    1402.944,
                    289.008
                ],
                [
                    1378.944,
                    286.956
                ],
                [
                    1368,
                    281.988
                ],
                [
                    1348.992,
                    266.976
                ],
                [
                    1326.912,
                    246.024
                ],
                [
                    1305.9840000000002,
                    234.036
                ],
                [
                    1285.056,
                    204.984
                ],
                [
                    1280.0639999999999,
                    201.96
                ],
                [
                    1281.0240000000001,
                    197.964
                ],
                [
                    1276.992,
                    196.99200000000002
                ],
                [
                    1270.08,
                    189.972
                ],
                [
                    1266.048,
                    189
                ],
                [
                    1257.984,
                    182.952
                ],
                [
                    1247.04,
                    177.984
                ],
                [
                    1218.048,
                    142.02
                ],
                [
                    1200,
                    130.03199999999998
                ],
                [
                    1190.016,
                    120.96000000000001
                ],
                [
                    1188.096,
                    80.028
                ],
                [
                    1190.016,
                    76.03200000000001
                ],
                [
                    1190.016,
                    65.01599999999999
                ],
                [
                    1195.0079999999998,
                    61.992
                ],
                [
                    1196.9279999999999,
                    57.995999999999995
                ],
                [
                    1209.984,
                    50.004
                ],
                [
                    1220.928,
                    35.964000000000006
                ],
                [
                    1228.032,
                    24.948
                ],
                [
                    1229.952,
                    15.011999999999999
                ],
                [
                    1238.9759999999999,
                    0.972
                ],
                [
                    1339.008,
                    0
                ],
                [
                    1348.032,
                    7.992
                ],
                [
                    1382.976,
                    33.048
                ],
                [
                    1387.008,
                    34.992
                ],
                [
                    1390.08,
                    34.992
                ],
                [
                    1396.992,
                    38.988
                ],
                [
                    1402.944,
                    39.96
                ],
                [
                    1407.936,
                    43.956
                ],
                [
                    1417.92,
                    47.952000000000005
                ],
                [
                    1443.0720000000001,
                    61.992
                ],
                [
                    1473.9840000000002,
                    76.03200000000001
                ],
                [
                    1484.9279999999999,
                    84.02399999999999
                ],
                [
                    1491.072,
                    92.01599999999999
                ],
                [
                    1494.9119999999998,
                    104.00399999999999
                ],
                [
                    1499.904,
                    108
                ],
                [
                    1502.016,
                    119.988
                ],
                [
                    1494.9119999999998,
                    142.992
                ],
                [
                    1483.008,
                    169.02
                ],
                [
                    1467.0720000000001,
                    189.972
                ],
                [
                    1464.96,
                    200.016
                ],
                [
                    1454.976,
                    218.052
                ],
                [
                    1454.0159999999998,
                    224.96400000000003
                ],
                [
                    1444.9920000000002,
                    236.95200000000003
                ],
                [
                    1435.968,
                    257.03999999999996
                ],
                [
                    1425.024,
                    273.996
                ],
                [
                    1417.92,
                    281.988
                ],
                [
                    1411.008,
                    286.956
                ],
                [
                    1402.944,
                    289.008
                ]
            ]
        },
        {
            "ID": "3",
            "CLASS": "페트병",
            "DETAILS": "무색단일",
            "DAMAGE": "찌그러짐",
            "DIRTINESS": "이물질(내부)",
            "COVER": "없음",
            "TRANSPARENCY": "투명",
            "SHAPE": "물통형",
            "SHAPE_TYPE": "POLYGON",
            "POINTS": [
                [
                    783.936,
                    1044.036
                ],
                [
                    767.0400000000001,
                    1040.04
                ],
                [
                    739.9680000000001,
                    1026
                ],
                [
                    724.992,
                    1014.9839999999999
                ],
                [
                    721.92,
                    1007.964
                ],
                [
                    692.928,
                    979.02
                ],
                [
                    681.024,
                    956.016
                ],
                [
                    671.04,
                    945
                ],
                [
                    658.944,
                    920.052
                ],
                [
                    641.088,
                    899.964
                ],
                [
                    624,
                    871.02
                ],
                [
                    611.904,
                    860.004
                ],
                [
                    601.92,
                    839.052
                ],
                [
                    581.952,
                    812.052
                ],
                [
                    565.056,
                    783
                ],
                [
                    562.9440000000001,
                    774.0360000000001
                ],
                [
                    557.952,
                    770.04
                ],
                [
                    551.04,
                    752.004
                ],
                [
                    551.04,
                    741.96
                ],
                [
                    532.9920000000001,
                    726.948
                ],
                [
                    513.984,
                    717.9839999999999
                ],
                [
                    494.01599999999996,
                    698.004
                ],
                [
                    494.01599999999996,
                    693.0360000000001
                ],
                [
                    486.912,
                    683.9639999999999
                ],
                [
                    476.928,
                    659.016
                ],
                [
                    466.944,
                    650.052
                ],
                [
                    446.976,
                    613.98
                ],
                [
                    445.05600000000004,
                    597.996
                ],
                [
                    430.08,
                    559.9799999999999
                ],
                [
                    425.088,
                    536.004
                ],
                [
                    422.976,
                    461.052
                ],
                [
                    398.016,
                    407.052
                ],
                [
                    393.024,
                    381.99600000000004
                ],
                [
                    395.904,
                    338.04
                ],
                [
                    393.024,
                    335.01599999999996
                ],
                [
                    393.024,
                    316.97999999999996
                ],
                [
                    395.904,
                    315.036
                ],
                [
                    395.904,
                    305.964
                ],
                [
                    385.92,
                    284.04
                ],
                [
                    364.032,
                    251.964
                ],
                [
                    364.032,
                    238.032
                ],
                [
                    380.928,
                    223.01999999999998
                ],
                [
                    417.98400000000004,
                    200.016
                ],
                [
                    427.96799999999996,
                    196.01999999999998
                ],
                [
                    446.976,
                    196.01999999999998
                ],
                [
                    455.03999999999996,
                    201.96
                ],
                [
                    466.944,
                    223.01999999999998
                ],
                [
                    476.928,
                    231.98399999999998
                ],
                [
                    486.912,
                    251.964
                ],
                [
                    521.088,
                    254.016
                ],
                [
                    572.928,
                    251.964
                ],
                [
                    580.0319999999999,
                    254.016
                ],
                [
                    617.0880000000001,
                    284.04
                ],
                [
                    686.016,
                    316.97999999999996
                ],
                [
                    697.92,
                    327.99600000000004
                ],
                [
                    718.08,
                    353.052
                ],
                [
                    729.9839999999999,
                    363.96000000000004
                ],
                [
                    744.96,
                    386.964
                ],
                [
                    757.0559999999999,
                    400.032
                ],
                [
                    781.056,
                    447.984
                ],
                [
                    798.912,
                    467.964
                ],
                [
                    817.92,
                    500.04
                ],
                [
                    835.008,
                    513
                ],
                [
                    843.072,
                    515.052
                ],
                [
                    853.0559999999999,
                    515.052
                ],
                [
                    858.048,
                    517.9680000000001
                ],
                [
                    844.992,
                    520.02
                ],
                [
                    840,
                    524.0160000000001
                ],
                [
                    843.072,
                    532.98
                ],
                [
                    867.072,
                    567
                ],
                [
                    893.952,
                    596.0519999999999
                ],
                [
                    924.096,
                    636.984
                ],
                [
                    929.088,
                    648
                ],
                [
                    944.0640000000001,
                    666.0360000000001
                ],
                [
                    960.9599999999999,
                    694.9799999999999
                ],
                [
                    984.96,
                    744.9839999999999
                ],
                [
                    998.0160000000001,
                    756
                ],
                [
                    1007.04,
                    759.996
                ],
                [
                    1007.04,
                    771.984
                ],
                [
                    1022.016,
                    795.96
                ],
                [
                    1022.016,
                    813.9960000000001
                ],
                [
                    1027.008,
                    834.948
                ],
                [
                    1038.912,
                    864
                ],
                [
                    1041.984,
                    879.9839999999999
                ],
                [
                    1041.984,
                    915.948
                ],
                [
                    1032,
                    942.948
                ],
                [
                    1025.0880000000002,
                    949.9680000000001
                ],
                [
                    1012.032,
                    956.016
                ],
                [
                    1002.048,
                    956.016
                ],
                [
                    994.944,
                    957.96
                ],
                [
                    960.9599999999999,
                    972
                ],
                [
                    953.088,
                    974.052
                ],
                [
                    944.0640000000001,
                    974.052
                ],
                [
                    931.008,
                    980.9639999999999
                ],
                [
                    892.032,
                    991.98
                ],
                [
                    859.9680000000001,
                    1007.964
                ],
                [
                    853.0559999999999,
                    1014.9839999999999
                ],
                [
                    833.088,
                    1023.9480000000001
                ],
                [
                    817.92,
                    1034.964
                ],
                [
                    804.096,
                    1041.984
                ],
                [
                    796.032,
                    1044.036
                ],
                [
                    783.936,
                    1044.036
                ]
            ]
        }
    ]
}