{
    "IMAGE_INFO": {
        "FILE_NAME": "1000097@0_03001_220913_P1_T3__1943.jpg",
        "DATE": "2022-11-01 04:20:26",
        "RESOLUTION": "1920 x 1080",
        "IMAGE_PHOTOGRAPHER": "김보배",
        "FOCUS_DISTANCE": "7.1",
        "EXPOSURE_TIME": "1/400",
        "SENSITIVITY_ISO": "5000",
        "PLACE": "삼오자원",
        "REGION_NAME": null,
        "Direction": "0",
        "HEIGHT": "100",
        "DAY/NIGHT": "주간",
        "WEATHER": "맑음",
        "IMAGE_HEIGHT": 1080,
        "IMAGE_WIDTH": 1920,
        "IMAGE_SIZE": "663.1 KB"
    },
    "ANNOTATION_INFO": [
        {
            "ID": "1",
            "CLASS": "페트병",
            "DETAILS": "무색단일",
            "DAMAGE": "찌그러짐",
            "DIRTINESS": "이물질(외부)",
            "COVER": "겹침",
            "TRANSPARENCY": "투명",
            "SHAPE": "물통형",
            "SHAPE_TYPE": "POLYGON",
            "POINTS": [
                [
                    571.968,
                    1080
                ],
                [
                    569.088,
                    1064.0159999999998
                ],
                [
                    561.984,
                    1049.0040000000001
                ],
                [
                    542.976,
                    987.0120000000001
                ],
                [
                    528.96,
                    960.984
                ],
                [
                    524.928,
                    945.972
                ],
                [
                    509.952,
                    914.976
                ],
                [
                    488.06399999999996,
                    882.036
                ],
                [
                    475.00800000000004,
                    852.9839999999999
                ],
                [
                    474.048,
                    841.968
                ],
                [
                    465.024,
                    820.044
                ],
                [
                    456.96,
                    783
                ],
                [
                    456.96,
                    744.9839999999999
                ],
                [
                    460.992,
                    725.004
                ],
                [
                    456,
                    716.0400000000001
                ],
                [
                    449.08799999999997,
                    712.044
                ],
                [
                    444.096,
                    712.044
                ],
                [
                    441.024,
                    708.048
                ],
                [
                    441.024,
                    691.956
                ],
                [
                    446.016,
                    672.948
                ],
                [
                    438.912,
                    663.984
                ],
                [
                    437.952,
                    656.9639999999999
                ],
                [
                    446.016,
                    644.004
                ],
                [
                    446.016,
                    640.008
                ],
                [
                    461.952,
                    620.028
                ],
                [
                    479.04,
                    617.004
                ],
                [
                    484.99199999999996,
                    610.956
                ],
                [
                    497.088,
                    608.04
                ],
                [
                    502.08000000000004,
                    600.048
                ],
                [
                    515.904,
                    586.0079999999999
                ],
                [
                    524.928,
                    573.048
                ],
                [
                    528.96,
                    562.0319999999999
                ],
                [
                    528.96,
                    547.02
                ],
                [
                    533.952,
                    536.004
                ],
                [
                    551.04,
                    516.024
                ],
                [
                    566.976,
                    502.956
                ],
                [
                    585.024,
                    492.048
                ],
                [
                    604.992,
                    482.976
                ],
                [
                    638.976,
                    456.948
                ],
                [
                    657.024,
                    447.984
                ],
                [
                    662.016,
                    447.984
                ],
                [
                    671.04,
                    443.016
                ],
                [
                    678.912,
                    440.964
                ],
                [
                    686.976,
                    435.024
                ],
                [
                    705.024,
                    432
                ],
                [
                    730.944,
                    432
                ],
                [
                    739.008,
                    435.024
                ],
                [
                    748.032,
                    435.024
                ],
                [
                    762.048,
                    444.96
                ],
                [
                    772.032,
                    455.976
                ],
                [
                    782.016,
                    478.98
                ],
                [
                    790.0799999999999,
                    509.976
                ],
                [
                    796.9920000000001,
                    520.992
                ],
                [
                    816.96,
                    600.048
                ],
                [
                    815.04,
                    618.9480000000001
                ],
                [
                    806.976,
                    639.0360000000001
                ],
                [
                    772.032,
                    677.052
                ],
                [
                    761.088,
                    691.956
                ],
                [
                    750.912,
                    709.992
                ],
                [
                    744,
                    729.972
                ],
                [
                    744,
                    782.028
                ],
                [
                    750.912,
                    806.976
                ],
                [
                    762.048,
                    829.0079999999999
                ],
                [
                    761.088,
                    845.9639999999999
                ],
                [
                    750.912,
                    868.968
                ],
                [
                    748.992,
                    897.048
                ],
                [
                    748.992,
                    948.024
                ],
                [
                    758.016,
                    1032.048
                ],
                [
                    758.016,
                    1057.968
                ],
                [
                    753.984,
                    1080
                ],
                [
                    571.968,
                    1080
                ]
            ]
        },
        {
            "ID": "2",
            "CLASS": "페트병",
            "DETAILS": "무색단일",
            "DAMAGE": "찌그러짐",
            "DIRTINESS": "이물질(외부)",
            "COVER": "없음",
            "TRANSPARENCY": "투명",
            "SHAPE": "물통형",
            "SHAPE_TYPE": "POLYGON",
            "POINTS": [
                [
                    0,
                    1080
                ],
                [
                    0,
                    709.992
                ],
                [
                    15.936,
                    686.9879999999999
                ],
                [
                    38.976,
                    667.98
                ],
                [
                    42.048,
                    663.0120000000001
                ],
                [
                    43.968,
                    655.9920000000001
                ],
                [
                    39.936,
                    644.976
                ],
                [
                    39.936,
                    614.952
                ],
                [
                    46.08,
                    596.0519999999999
                ],
                [
                    46.08,
                    590.004
                ],
                [
                    59.903999999999996,
                    554.04
                ],
                [
                    76.03200000000001,
                    524.0160000000001
                ],
                [
                    81.024,
                    519.048
                ],
                [
                    81.98400000000001,
                    513.972
                ],
                [
                    121.92,
                    471.96
                ],
                [
                    142.07999999999998,
                    458.02799999999996
                ],
                [
                    159.936,
                    450.036
                ],
                [
                    166.07999999999998,
                    450.036
                ],
                [
                    183.93599999999998,
                    439.99199999999996
                ],
                [
                    183.93599999999998,
                    438.048
                ],
                [
                    188.928,
                    434.05199999999996
                ],
                [
                    188.928,
                    428.976
                ],
                [
                    200.064,
                    416.01599999999996
                ],
                [
                    206.01600000000002,
                    404.02799999999996
                ],
                [
                    207.93599999999998,
                    392.03999999999996
                ],
                [
                    212.928,
                    384.048
                ],
                [
                    214.08,
                    375.94800000000004
                ],
                [
                    221.952,
                    366.012
                ],
                [
                    227.904,
                    363.96000000000004
                ],
                [
                    249.02400000000003,
                    363.96000000000004
                ],
                [
                    260.928,
                    369.036
                ],
                [
                    273.024,
                    370.00800000000004
                ],
                [
                    278.976,
                    374.976
                ],
                [
                    286.08,
                    375.94800000000004
                ],
                [
                    297.98400000000004,
                    381.99600000000004
                ],
                [
                    302.01599999999996,
                    386.964
                ],
                [
                    302.01599999999996,
                    398.952
                ],
                [
                    297.98400000000004,
                    409.968
                ],
                [
                    296.064,
                    446.03999999999996
                ],
                [
                    292.03200000000004,
                    450.036
                ],
                [
                    291.072,
                    454.032
                ],
                [
                    286.08,
                    455.976
                ],
                [
                    283.968,
                    459
                ],
                [
                    292.03200000000004,
                    475.95599999999996
                ],
                [
                    307.96799999999996,
                    489.996
                ],
                [
                    320.06399999999996,
                    506.952
                ],
                [
                    321.024,
                    513.972
                ],
                [
                    326.016,
                    521.964
                ],
                [
                    331.968,
                    550.044
                ],
                [
                    331.968,
                    602.964
                ],
                [
                    326.016,
                    644.976
                ],
                [
                    321.024,
                    656.9639999999999
                ],
                [
                    320.06399999999996,
                    668.952
                ],
                [
                    313.92,
                    687.96
                ],
                [
                    308.928,
                    698.004
                ],
                [
                    293.952,
                    712.044
                ],
                [
                    288,
                    721.98
                ],
                [
                    291.072,
                    732.024
                ],
                [
                    296.064,
                    736.02
                ],
                [
                    302.01599999999996,
                    752.976
                ],
                [
                    297.024,
                    779.976
                ],
                [
                    297.024,
                    794.016
                ],
                [
                    292.03200000000004,
                    803.952
                ],
                [
                    289.92,
                    825.984
                ],
                [
                    284.928,
                    840.024
                ],
                [
                    273.984,
                    856.0079999999999
                ],
                [
                    272.06399999999996,
                    872.964
                ],
                [
                    268.032,
                    879.012
                ],
                [
                    265.92,
                    910.008
                ],
                [
                    262.08000000000004,
                    921.996
                ],
                [
                    259.96799999999996,
                    957.96
                ],
                [
                    249.984,
                    998.028
                ],
                [
                    249.02400000000003,
                    1014.012
                ],
                [
                    244.03199999999998,
                    1029.024
                ],
                [
                    241.92000000000002,
                    1049.9759999999999
                ],
                [
                    238.07999999999998,
                    1053.972
                ],
                [
                    235.968,
                    1069.9560000000001
                ],
                [
                    231.936,
                    1080
                ],
                [
                    0,
                    1080
                ]
            ]
        },
        {
            "ID": "3",
            "CLASS": "페트병",
            "DETAILS": "무색단일",
            "DAMAGE": "원형",
            "DIRTINESS": "이물질(외부)",
            "COVER": "없음",
            "TRANSPARENCY": "투명",
            "SHAPE": "물통형",
            "SHAPE_TYPE": "POLYGON",
            "POINTS": [
                [
                    1920,
                    732.024
                ],
                [
                    1896.96,
                    725.004
                ],
                [
                    1836.096,
                    679.9680000000001
                ],
                [
                    1796.9279999999999,
                    660.96
                ],
                [
                    1784.064,
                    648.972
                ],
                [
                    1771.968,
                    645.948
                ],
                [
                    1753.92,
                    633.9599999999999
                ],
                [
                    1741.056,
                    629.964
                ],
                [
                    1728,
                    621
                ],
                [
                    1709.952,
                    614.952
                ],
                [
                    1681.92,
                    594.972
                ],
                [
                    1674.048,
                    593.028
                ],
                [
                    1656,
                    578.988
                ],
                [
                    1631.04,
                    563.976
                ],
                [
                    1609.92,
                    556.956
                ],
                [
                    1598.016,
                    548.9639999999999
                ],
                [
                    1587.0720000000001,
                    547.02
                ],
                [
                    1569.0240000000001,
                    536.004
                ],
                [
                    1556.9279999999999,
                    532.0079999999999
                ],
                [
                    1540.992,
                    520.992
                ],
                [
                    1512.96,
                    509.976
                ],
                [
                    1484.9279999999999,
                    489.024
                ],
                [
                    1477.056,
                    489.024
                ],
                [
                    1451.904,
                    478.008
                ],
                [
                    1425.9840000000002,
                    461.052
                ],
                [
                    1412.9279999999999,
                    456.948
                ],
                [
                    1397.952,
                    447.012
                ],
                [
                    1382.976,
                    442.044
                ],
                [
                    1372.032,
                    435.996
                ],
                [
                    1348.992,
                    423.036
                ],
                [
                    1313.088,
                    393.98400000000004
                ],
                [
                    1302.912,
                    371.952
                ],
                [
                    1302.912,
                    354.996
                ],
                [
                    1308.096,
                    338.04
                ],
                [
                    1329.0240000000001,
                    304.02
                ],
                [
                    1342.08,
                    293.00399999999996
                ],
                [
                    1348.992,
                    267.948
                ],
                [
                    1353.9840000000002,
                    262.00800000000004
                ],
                [
                    1357.056,
                    250.992
                ],
                [
                    1372.032,
                    227.988
                ],
                [
                    1385.0880000000002,
                    215.028
                ],
                [
                    1390.08,
                    192.996
                ],
                [
                    1407.936,
                    165.996
                ],
                [
                    1422.912,
                    154.98
                ],
                [
                    1446.912,
                    154.98
                ],
                [
                    1479.9360000000001,
                    162
                ],
                [
                    1492.992,
                    168.04799999999997
                ],
                [
                    1502.976,
                    176.04000000000002
                ],
                [
                    1517.952,
                    178.956
                ],
                [
                    1534.0800000000002,
                    189
                ],
                [
                    1556.9279999999999,
                    197.964
                ],
                [
                    1569.0240000000001,
                    208.00799999999998
                ],
                [
                    1592.064,
                    216.972
                ],
                [
                    1617.984,
                    230.04
                ],
                [
                    1641.0240000000001,
                    245.052
                ],
                [
                    1651.008,
                    246.99599999999998
                ],
                [
                    1684.9920000000002,
                    263.952
                ],
                [
                    1702.08,
                    277.02
                ],
                [
                    1718.016,
                    282.96000000000004
                ],
                [
                    1736.064,
                    293.00399999999996
                ],
                [
                    1753.92,
                    304.02
                ],
                [
                    1771.968,
                    320.976
                ],
                [
                    1795.0079999999998,
                    330.048
                ],
                [
                    1829.952,
                    353.052
                ],
                [
                    1868.928,
                    371.952
                ],
                [
                    1883.904,
                    385.02
                ],
                [
                    1891.968,
                    389.016
                ],
                [
                    1920,
                    396.036
                ],
                [
                    1920,
                    732.024
                ]
            ]
        },
        {
            "ID": "4",
            "CLASS": "페트병",
            "DETAILS": "무색단일",
            "DAMAGE": "원형",
            "DIRTINESS": "이물질(외부)",
            "COVER": "겹침",
            "TRANSPARENCY": "투명",
            "SHAPE": "물통형",
            "SHAPE_TYPE": "POLYGON",
            "POINTS": [
                [
                    792,
                    508.032
                ],
                [
                    787.968,
                    505.98
                ],
                [
                    782.976,
                    486.97200000000004
                ],
                [
                    778.944,
                    483.948
                ],
                [
                    777.024,
                    474.98400000000004
                ],
                [
                    763.0079999999999,
                    451.00800000000004
                ],
                [
                    745.9200000000001,
                    435.996
                ],
                [
                    745.9200000000001,
                    424.008
                ],
                [
                    754.944,
                    415.044
                ],
                [
                    752.064,
                    401.004
                ],
                [
                    734.976,
                    388.044
                ],
                [
                    710.976,
                    354.996
                ],
                [
                    701.952,
                    335.01599999999996
                ],
                [
                    695.04,
                    304.02
                ],
                [
                    692.928,
                    227.988
                ],
                [
                    695.04,
                    199.04399999999998
                ],
                [
                    701.952,
                    165.024
                ],
                [
                    719.04,
                    142.02
                ],
                [
                    719.04,
                    135.972
                ],
                [
                    710.976,
                    122.04
                ],
                [
                    710.976,
                    92.988
                ],
                [
                    719.04,
                    77.004
                ],
                [
                    720,
                    61.992
                ],
                [
                    725.952,
                    41.04
                ],
                [
                    728.064,
                    0
                ],
                [
                    1009.9200000000001,
                    0
                ],
                [
                    998.976,
                    46.007999999999996
                ],
                [
                    997.0559999999999,
                    72.036
                ],
                [
                    989.9519999999999,
                    100.008
                ],
                [
                    989.9519999999999,
                    112.968
                ],
                [
                    985.92,
                    123.984
                ],
                [
                    980.928,
                    159.948
                ],
                [
                    968.064,
                    184.03199999999998
                ],
                [
                    964.0319999999999,
                    196.99200000000002
                ],
                [
                    964.0319999999999,
                    238.032
                ],
                [
                    959.04,
                    270.97200000000004
                ],
                [
                    944.0640000000001,
                    307.044
                ],
                [
                    941.952,
                    319.032
                ],
                [
                    926.016,
                    353.052
                ],
                [
                    911.04,
                    374.004
                ],
                [
                    892.9920000000001,
                    390.96
                ],
                [
                    875.904,
                    402.948
                ],
                [
                    849.9839999999999,
                    416.988
                ],
                [
                    843.072,
                    419.04
                ],
                [
                    831.936,
                    428.976
                ],
                [
                    838.08,
                    440.964
                ],
                [
                    838.08,
                    447.984
                ],
                [
                    830.0160000000001,
                    462.99600000000004
                ],
                [
                    825.024,
                    489.024
                ],
                [
                    817.92,
                    502.956
                ],
                [
                    806.976,
                    508.032
                ],
                [
                    792,
                    508.032
                ]
            ]
        }
    ]
}