{
    "IMAGE_INFO": {
        "FILE_NAME": "1000444@0_03001_220913_P1_T3__0361.jpg",
        "DATE": "2022-11-01 04:20:32",
        "RESOLUTION": "1920 x 1080",
        "IMAGE_PHOTOGRAPHER": "김보배",
        "FOCUS_DISTANCE": "7.1",
        "EXPOSURE_TIME": "1/400",
        "SENSITIVITY_ISO": "5000",
        "PLACE": "삼오자원",
        "REGION_NAME": null,
        "Direction": "0",
        "HEIGHT": "100",
        "DAY/NIGHT": "주간",
        "WEATHER": "맑음",
        "IMAGE_HEIGHT": 1080,
        "IMAGE_WIDTH": 1920,
        "IMAGE_SIZE": "604.5 KB"
    },
    "ANNOTATION_INFO": [
        {
            "ID": "1",
            "CLASS": "페트병",
            "DETAILS": "무색단일",
            "DAMAGE": "찌그러짐",
            "DIRTINESS": "오염없음",
            "COVER": "없음",
            "TRANSPARENCY": "투명",
            "SHAPE": "물통형",
            "SHAPE_TYPE": "POLYGON",
            "POINTS": [
                [
                    1892.9279999999999,
                    573.048
                ],
                [
                    1881.0240000000001,
                    571.968
                ],
                [
                    1863.936,
                    564.948
                ],
                [
                    1849.92,
                    555.0120000000001
                ],
                [
                    1832.064,
                    547.02
                ],
                [
                    1765.056,
                    502.956
                ],
                [
                    1737.984,
                    478.008
                ],
                [
                    1732.032,
                    458.02799999999996
                ],
                [
                    1739.904,
                    439.99199999999996
                ],
                [
                    1753.92,
                    421.956
                ],
                [
                    1806.912,
                    370.98
                ],
                [
                    1814.976,
                    366.984
                ],
                [
                    1830.912,
                    353.052
                ],
                [
                    1872.96,
                    284.04
                ],
                [
                    1890.048,
                    263.952
                ],
                [
                    1909.056,
                    235.00799999999998
                ],
                [
                    1920,
                    228.95999999999998
                ],
                [
                    1920,
                    558.0360000000001
                ],
                [
                    1900.0320000000002,
                    571.968
                ],
                [
                    1892.9279999999999,
                    573.048
                ]
            ]
        },
        {
            "ID": "2",
            "CLASS": "페트병",
            "DETAILS": "무색단일",
            "DAMAGE": "찌그러짐",
            "DIRTINESS": "오염없음",
            "COVER": "겹침",
            "TRANSPARENCY": "투명",
            "SHAPE": "물통형",
            "SHAPE_TYPE": "POLYGON",
            "POINTS": [
                [
                    840.96,
                    674.028
                ],
                [
                    835.9680000000001,
                    660.96
                ],
                [
                    835.008,
                    636.012
                ],
                [
                    825.984,
                    581.0400000000001
                ],
                [
                    821.952,
                    570.996
                ],
                [
                    812.928,
                    508.032
                ],
                [
                    816.96,
                    421.956
                ],
                [
                    820.992,
                    385.992
                ],
                [
                    828.096,
                    357.048
                ],
                [
                    833.088,
                    293.00399999999996
                ],
                [
                    835.9680000000001,
                    277.992
                ],
                [
                    836.928,
                    243.97199999999998
                ],
                [
                    840.96,
                    239.976
                ],
                [
                    854.976,
                    236.95200000000003
                ],
                [
                    864,
                    232.95600000000002
                ],
                [
                    878.016,
                    232.95600000000002
                ],
                [
                    883.0079999999999,
                    231.98399999999998
                ],
                [
                    887.0400000000001,
                    228.95999999999998
                ],
                [
                    889.9200000000001,
                    228.95999999999998
                ],
                [
                    910.0799999999999,
                    240.94799999999998
                ],
                [
                    932.928,
                    259.956
                ],
                [
                    940.992,
                    262.00800000000004
                ],
                [
                    946.9440000000001,
                    266.00399999999996
                ],
                [
                    956.928,
                    269.02799999999996
                ],
                [
                    964.0319999999999,
                    273.024
                ],
                [
                    969.0240000000001,
                    281.01599999999996
                ],
                [
                    970.9440000000001,
                    293.976
                ],
                [
                    969.9839999999999,
                    300.024
                ],
                [
                    955.9680000000001,
                    301.968
                ],
                [
                    950.976,
                    304.99199999999996
                ],
                [
                    932.928,
                    324
                ],
                [
                    921.024,
                    327.99600000000004
                ],
                [
                    905.088,
                    321.948
                ],
                [
                    897.984,
                    317.952
                ],
                [
                    887.0400000000001,
                    316.97999999999996
                ],
                [
                    883.0079999999999,
                    317.952
                ],
                [
                    865.9200000000001,
                    342.036
                ],
                [
                    857.0880000000001,
                    370.98
                ],
                [
                    857.0880000000001,
                    381.99600000000004
                ],
                [
                    862.08,
                    389.016
                ],
                [
                    883.0079999999999,
                    397.98
                ],
                [
                    888,
                    401.976
                ],
                [
                    891.072,
                    416.988
                ],
                [
                    889.9200000000001,
                    429.94800000000004
                ],
                [
                    892.032,
                    443.988
                ],
                [
                    897.984,
                    454.032
                ],
                [
                    901.056,
                    455.004
                ],
                [
                    910.0799999999999,
                    455.004
                ],
                [
                    917.952,
                    466.02
                ],
                [
                    926.976,
                    467.964
                ],
                [
                    935.04,
                    471.96
                ],
                [
                    944.0640000000001,
                    482.00399999999996
                ],
                [
                    954.048,
                    482.976
                ],
                [
                    973.056,
                    490.968
                ],
                [
                    977.0880000000001,
                    493.99199999999996
                ],
                [
                    979.008,
                    506.952
                ],
                [
                    985.92,
                    523.044
                ],
                [
                    1002.048,
                    540.972
                ],
                [
                    1006.08,
                    564.948
                ],
                [
                    1006.08,
                    578.988
                ],
                [
                    1008.9599999999999,
                    589.032
                ],
                [
                    1017.0239999999999,
                    597.024
                ],
                [
                    1017.984,
                    613.98
                ],
                [
                    1012.032,
                    636.984
                ],
                [
                    969.9839999999999,
                    636.012
                ],
                [
                    969.0240000000001,
                    636.984
                ],
                [
                    958.08,
                    636.984
                ],
                [
                    942.9119999999999,
                    644.004
                ],
                [
                    939.072,
                    644.976
                ],
                [
                    922.9440000000001,
                    644.976
                ],
                [
                    915.072,
                    648.972
                ],
                [
                    907.0079999999999,
                    650.052
                ],
                [
                    892.032,
                    655.9920000000001
                ],
                [
                    887.0400000000001,
                    659.9879999999999
                ],
                [
                    873.984,
                    662.04
                ],
                [
                    863.04,
                    666.0360000000001
                ],
                [
                    854.016,
                    671.976
                ],
                [
                    846.912,
                    674.028
                ],
                [
                    840.96,
                    674.028
                ]
            ]
        },
        {
            "ID": "3",
            "CLASS": "페트병",
            "DETAILS": "무색단일",
            "DAMAGE": "찌그러짐",
            "DIRTINESS": "오염없음",
            "COVER": "없음",
            "TRANSPARENCY": "투명",
            "SHAPE": "물통형",
            "SHAPE_TYPE": "POLYGON",
            "POINTS": [
                [
                    916.032,
                    1080
                ],
                [
                    916.032,
                    1072.008
                ],
                [
                    912.9599999999999,
                    1065.96
                ],
                [
                    910.0799999999999,
                    1064.988
                ],
                [
                    901.056,
                    1056.0240000000001
                ],
                [
                    892.032,
                    1042.956
                ],
                [
                    889.9200000000001,
                    1036.044
                ],
                [
                    884.928,
                    1029.996
                ],
                [
                    883.968,
                    1022.976
                ],
                [
                    878.976,
                    1017.036
                ],
                [
                    878.016,
                    1007.964
                ],
                [
                    875.904,
                    1003.968
                ],
                [
                    873.024,
                    1002.024
                ],
                [
                    867.072,
                    987.9839999999999
                ],
                [
                    859.9680000000001,
                    963.0360000000001
                ],
                [
                    843.072,
                    926.9639999999999
                ],
                [
                    840,
                    915.948
                ],
                [
                    839.04,
                    899.964
                ],
                [
                    835.9680000000001,
                    891
                ],
                [
                    825.024,
                    875.988
                ],
                [
                    819.072,
                    857.952
                ],
                [
                    817.92,
                    834.948
                ],
                [
                    811.968,
                    810
                ],
                [
                    806.976,
                    801.0360000000001
                ],
                [
                    806.016,
                    785.052
                ],
                [
                    801.024,
                    768.9599999999999
                ],
                [
                    801.024,
                    748.98
                ],
                [
                    804.096,
                    728.028
                ],
                [
                    810.048,
                    710.9639999999999
                ],
                [
                    824.0640000000001,
                    693.0360000000001
                ],
                [
                    840,
                    678.9960000000001
                ],
                [
                    868.992,
                    663.984
                ],
                [
                    875.904,
                    663.0120000000001
                ],
                [
                    892.9920000000001,
                    655.9920000000001
                ],
                [
                    897.984,
                    651.996
                ],
                [
                    905.088,
                    651.024
                ],
                [
                    911.04,
                    647.028
                ],
                [
                    921.984,
                    643.032
                ],
                [
                    935.04,
                    639.0360000000001
                ],
                [
                    955.008,
                    637.956
                ],
                [
                    964.9920000000001,
                    636.012
                ],
                [
                    988.0319999999999,
                    636.012
                ],
                [
                    1014.9119999999999,
                    639.0360000000001
                ],
                [
                    1032.96,
                    647.028
                ],
                [
                    1038.912,
                    651.996
                ],
                [
                    1060.0320000000002,
                    682.02
                ],
                [
                    1066.944,
                    705.024
                ],
                [
                    1071.9360000000001,
                    713.016
                ],
                [
                    1073.088,
                    720.036
                ],
                [
                    1086.912,
                    747.036
                ],
                [
                    1090.944,
                    768.9599999999999
                ],
                [
                    1099.008,
                    783
                ],
                [
                    1099.9679999999998,
                    790.9920000000001
                ],
                [
                    1117.056,
                    828.0360000000001
                ],
                [
                    1132.032,
                    876.96
                ],
                [
                    1137.024,
                    884.952
                ],
                [
                    1142.976,
                    902.9879999999999
                ],
                [
                    1143.936,
                    913.032
                ],
                [
                    1148.928,
                    922.9680000000001
                ],
                [
                    1150.08,
                    938.952
                ],
                [
                    1155.0720000000001,
                    952.992
                ],
                [
                    1156.032,
                    965.952
                ],
                [
                    1166.976,
                    975.996
                ],
                [
                    1172.9279999999999,
                    988.9559999999999
                ],
                [
                    1179.072,
                    1006.02
                ],
                [
                    1180.0320000000002,
                    1014.012
                ],
                [
                    1195.0079999999998,
                    1049.0040000000001
                ],
                [
                    1198.08,
                    1063.0439999999999
                ],
                [
                    1203.0720000000001,
                    1069.9560000000001
                ],
                [
                    1204.032,
                    1080
                ],
                [
                    916.032,
                    1080
                ]
            ]
        },
        {
            "ID": "4",
            "CLASS": "페트병",
            "DETAILS": "무색단일",
            "DAMAGE": "찌그러짐",
            "DIRTINESS": "이물질(외부)",
            "COVER": "없음",
            "TRANSPARENCY": "투명",
            "SHAPE": "물통형",
            "SHAPE_TYPE": "POLYGON",
            "POINTS": [
                [
                    657.024,
                    791.9639999999999
                ],
                [
                    625.9200000000001,
                    790.0200000000001
                ],
                [
                    614.016,
                    787.9680000000001
                ],
                [
                    589.056,
                    780.948
                ],
                [
                    567.936,
                    772.956
                ],
                [
                    557.952,
                    772.956
                ],
                [
                    552.9599999999999,
                    771.012
                ],
                [
                    534.912,
                    758.052
                ],
                [
                    526.08,
                    729
                ],
                [
                    524.928,
                    717.9839999999999
                ],
                [
                    526.08,
                    666.0360000000001
                ],
                [
                    531.072,
                    637.956
                ],
                [
                    537.984,
                    532.98
                ],
                [
                    542.976,
                    508.032
                ],
                [
                    543.936,
                    466.02
                ],
                [
                    550.0799999999999,
                    394.956
                ],
                [
                    555.072,
                    374.004
                ],
                [
                    556.032,
                    311.03999999999996
                ],
                [
                    561.024,
                    281.01599999999996
                ],
                [
                    561.984,
                    205.95600000000002
                ],
                [
                    566.976,
                    173.988
                ],
                [
                    565.056,
                    127.97999999999999
                ],
                [
                    575.04,
                    81.972
                ],
                [
                    580.0319999999999,
                    73.98
                ],
                [
                    593.088,
                    54.972
                ],
                [
                    617.0880000000001,
                    27
                ],
                [
                    623.04,
                    20.952
                ],
                [
                    628.032,
                    19.008000000000003
                ],
                [
                    635.904,
                    7.992
                ],
                [
                    644.928,
                    0
                ],
                [
                    791.04,
                    0
                ],
                [
                    809.088,
                    23.003999999999998
                ],
                [
                    811.968,
                    31.968
                ],
                [
                    824.0640000000001,
                    47.952000000000005
                ],
                [
                    840,
                    80.028
                ],
                [
                    845.952,
                    88.02000000000001
                ],
                [
                    854.016,
                    107.02799999999999
                ],
                [
                    854.016,
                    126.036
                ],
                [
                    849.024,
                    142.992
                ],
                [
                    844.992,
                    185.00400000000002
                ],
                [
                    840,
                    208.00799999999998
                ],
                [
                    835.9680000000001,
                    281.01599999999996
                ],
                [
                    830.976,
                    301.968
                ],
                [
                    830.0160000000001,
                    335.988
                ],
                [
                    819.072,
                    401.004
                ],
                [
                    812.928,
                    496.044
                ],
                [
                    811.968,
                    574.992
                ],
                [
                    793.92,
                    721.98
                ],
                [
                    783.936,
                    758.052
                ],
                [
                    777.984,
                    771.012
                ],
                [
                    769.9200000000001,
                    779.004
                ],
                [
                    766.08,
                    780.948
                ],
                [
                    754.944,
                    783
                ],
                [
                    744,
                    783
                ],
                [
                    734.976,
                    787.9680000000001
                ],
                [
                    724.0319999999999,
                    790.0200000000001
                ],
                [
                    702.9119999999999,
                    791.9639999999999
                ],
                [
                    657.024,
                    791.9639999999999
                ]
            ]
        },
        {
            "ID": "5",
            "CLASS": "페트병",
            "DETAILS": "무색단일",
            "DAMAGE": "찌그러짐",
            "DIRTINESS": "이물질(외부)",
            "COVER": "겹침",
            "TRANSPARENCY": "투명",
            "SHAPE": "물통형",
            "SHAPE_TYPE": "POLYGON",
            "POINTS": [
                [
                    1051.008,
                    339.012
                ],
                [
                    1040.0639999999999,
                    335.01599999999996
                ],
                [
                    1028.928,
                    334.04400000000004
                ],
                [
                    1023.936,
                    331.992
                ],
                [
                    1012.992,
                    321.948
                ],
                [
                    999.936,
                    319.032
                ],
                [
                    998.0160000000001,
                    315.036
                ],
                [
                    988.992,
                    311.03999999999996
                ],
                [
                    975.9359999999999,
                    300.996
                ],
                [
                    969.0240000000001,
                    286.956
                ],
                [
                    969.0240000000001,
                    278.964
                ],
                [
                    954.048,
                    258.98400000000004
                ],
                [
                    946.9440000000001,
                    242.028
                ],
                [
                    954.048,
                    222.048
                ],
                [
                    960,
                    216.972
                ],
                [
                    961.92,
                    212.004
                ],
                [
                    978.0479999999999,
                    193.96800000000002
                ],
                [
                    984.96,
                    188.028
                ],
                [
                    993.024,
                    185.00400000000002
                ],
                [
                    1002.048,
                    176.04000000000002
                ],
                [
                    1004.928,
                    169.02
                ],
                [
                    1031.04,
                    150.012
                ],
                [
                    1041.984,
                    138.024
                ],
                [
                    1046.976,
                    135.972
                ],
                [
                    1056,
                    135
                ],
                [
                    1081.92,
                    124.956
                ],
                [
                    1094.976,
                    107.02799999999999
                ],
                [
                    1099.9679999999998,
                    92.988
                ],
                [
                    1108.992,
                    78.948
                ],
                [
                    1147.968,
                    49.032000000000004
                ],
                [
                    1151.04,
                    43.956
                ],
                [
                    1171.008,
                    35.964000000000006
                ],
                [
                    1180.0320000000002,
                    29.052
                ],
                [
                    1209.984,
                    18.035999999999998
                ],
                [
                    1222.08,
                    16.956
                ],
                [
                    1228.032,
                    15.011999999999999
                ],
                [
                    1242.048,
                    7.992
                ],
                [
                    1248,
                    7.02
                ],
                [
                    1258.944,
                    0
                ],
                [
                    1304.064,
                    0
                ],
                [
                    1308.096,
                    4.968
                ],
                [
                    1316.9279999999999,
                    7.992
                ],
                [
                    1345.9199999999998,
                    24.948
                ],
                [
                    1390.08,
                    38.988
                ],
                [
                    1403.904,
                    41.04
                ],
                [
                    1454.0159999999998,
                    41.04
                ],
                [
                    1445.952,
                    50.004
                ],
                [
                    1430.016,
                    60.047999999999995
                ],
                [
                    1425.024,
                    68.04
                ],
                [
                    1416.96,
                    70.95599999999999
                ],
                [
                    1403.904,
                    81
                ],
                [
                    1383.936,
                    110.052
                ],
                [
                    1382.976,
                    118.044
                ],
                [
                    1373.952,
                    127.008
                ],
                [
                    1366.08,
                    127.97999999999999
                ],
                [
                    1354.944,
                    124.956
                ],
                [
                    1348.032,
                    124.956
                ],
                [
                    1339.008,
                    127.008
                ],
                [
                    1329.984,
                    127.008
                ],
                [
                    1300.992,
                    143.964
                ],
                [
                    1271.04,
                    172.04399999999998
                ],
                [
                    1263.936,
                    185.00400000000002
                ],
                [
                    1258.944,
                    189
                ],
                [
                    1257.024,
                    195.048
                ],
                [
                    1233.024,
                    185.00400000000002
                ],
                [
                    1230.912,
                    215.028
                ],
                [
                    1199.0400000000002,
                    235.98
                ],
                [
                    1181.952,
                    239.004
                ],
                [
                    1175.04,
                    243.97199999999998
                ],
                [
                    1169.088,
                    245.052
                ],
                [
                    1163.904,
                    247.968
                ],
                [
                    1163.904,
                    250.02
                ],
                [
                    1156.992,
                    254.016
                ],
                [
                    1143.936,
                    269.02799999999996
                ],
                [
                    1132.992,
                    277.992
                ],
                [
                    1113.024,
                    289.008
                ],
                [
                    1108.992,
                    293.00399999999996
                ],
                [
                    1104,
                    308.988
                ],
                [
                    1090.944,
                    323.02799999999996
                ],
                [
                    1069.056,
                    336.96
                ],
                [
                    1061.952,
                    339.012
                ]
            ]
        },
        {
            "ID": "6",
            "CLASS": "페트병",
            "DETAILS": "무색단일",
            "DAMAGE": "찌그러짐",
            "DIRTINESS": "오염없음",
            "COVER": "없음",
            "TRANSPARENCY": "투명",
            "SHAPE": "물통형",
            "SHAPE_TYPE": "POLYGON",
            "POINTS": [
                [
                    351.936,
                    1080
                ],
                [
                    345.024,
                    1065.96
                ],
                [
                    340.03200000000004,
                    1064.0159999999998
                ],
                [
                    339.072,
                    1059.048
                ],
                [
                    326.016,
                    1057.968
                ],
                [
                    303.936,
                    1033.992
                ],
                [
                    302.01599999999996,
                    1026
                ],
                [
                    293.952,
                    1018.008
                ],
                [
                    288,
                    1017.036
                ],
                [
                    283.968,
                    1014.012
                ],
                [
                    258.048,
                    990.036
                ],
                [
                    240,
                    965.952
                ],
                [
                    238.07999999999998,
                    952.02
                ],
                [
                    252.096,
                    928.044
                ],
                [
                    289.92,
                    884.952
                ],
                [
                    369.98400000000004,
                    802.008
                ],
                [
                    374.976,
                    799.956
                ],
                [
                    408,
                    767.9879999999999
                ],
                [
                    416.064,
                    763.9920000000001
                ],
                [
                    427.96799999999996,
                    763.9920000000001
                ],
                [
                    454.08,
                    778.032
                ],
                [
                    467.904,
                    789.048
                ],
                [
                    481.92,
                    801.0360000000001
                ],
                [
                    483.072,
                    806.976
                ],
                [
                    489.984,
                    813.9960000000001
                ],
                [
                    507.072,
                    820.044
                ],
                [
                    524.928,
                    837
                ],
                [
                    533.952,
                    849.96
                ],
                [
                    537.024,
                    852.0120000000001
                ],
                [
                    542.016,
                    852.0120000000001
                ],
                [
                    567.936,
                    875.988
                ],
                [
                    570.048,
                    883.98
                ],
                [
                    574.0799999999999,
                    887.976
                ],
                [
                    579.072,
                    887.976
                ],
                [
                    590.0160000000001,
                    894.024
                ],
                [
                    608.064,
                    907.956
                ],
                [
                    620.928,
                    921.996
                ],
                [
                    643.968,
                    938.952
                ],
                [
                    646.08,
                    944.028
                ],
                [
                    651.072,
                    945.972
                ],
                [
                    653.952,
                    952.02
                ],
                [
                    686.016,
                    982.044
                ],
                [
                    690.048,
                    991.98
                ],
                [
                    721.92,
                    1019.952
                ],
                [
                    724.0319999999999,
                    1026
                ],
                [
                    753.024,
                    1061.964
                ],
                [
                    782.016,
                    1072.008
                ],
                [
                    786.048,
                    1080
                ],
                [
                    351.936,
                    1080
                ]
            ]
        }
    ]
}