{
    "IMAGE_INFO": {
        "FILE_NAME": "1000111@0_03001_220913_P1_T3__2056.jpg",
        "DATE": "2022-11-01 04:20:30",
        "RESOLUTION": "1920 x 1080",
        "IMAGE_PHOTOGRAPHER": "김보배",
        "FOCUS_DISTANCE": "7.1",
        "EXPOSURE_TIME": "1/400",
        "SENSITIVITY_ISO": "5000",
        "PLACE": "삼오자원",
        "REGION_NAME": null,
        "Direction": "0",
        "HEIGHT": "100",
        "DAY/NIGHT": "주간",
        "WEATHER": "맑음",
        "IMAGE_HEIGHT": 1080,
        "IMAGE_WIDTH": 1920,
        "IMAGE_SIZE": "623.1 KB"
    },
    "ANNOTATION_INFO": [
        {
            "ID": "1",
            "CLASS": "페트병",
            "DETAILS": "무색단일",
            "DAMAGE": "찌그러짐",
            "DIRTINESS": "오염없음",
            "COVER": "겹침",
            "TRANSPARENCY": "투명",
            "SHAPE": "기타 형태",
            "SHAPE_TYPE": "POLYGON",
            "POINTS": [
                [
                    902.976,
                    560.952
                ],
                [
                    884.928,
                    550.044
                ],
                [
                    878.016,
                    551.016
                ],
                [
                    868.992,
                    547.02
                ],
                [
                    864.96,
                    543.024
                ],
                [
                    860.928,
                    542.052
                ],
                [
                    851.904,
                    535.032
                ],
                [
                    835.9680000000001,
                    527.04
                ],
                [
                    828.096,
                    520.02
                ],
                [
                    821.952,
                    517.9680000000001
                ],
                [
                    817.92,
                    515.052
                ],
                [
                    795.072,
                    508.032
                ],
                [
                    786.048,
                    501.984
                ],
                [
                    768,
                    497.988
                ],
                [
                    759.9359999999999,
                    497.988
                ],
                [
                    745.9200000000001,
                    493.02000000000004
                ],
                [
                    735.9359999999999,
                    492.048
                ],
                [
                    730.944,
                    489.996
                ],
                [
                    720,
                    488.052
                ],
                [
                    715.9680000000001,
                    489.024
                ],
                [
                    710.976,
                    486.97200000000004
                ],
                [
                    699.072,
                    488.052
                ],
                [
                    691.008,
                    485.028
                ],
                [
                    677.952,
                    474.98400000000004
                ],
                [
                    665.088,
                    470.988
                ],
                [
                    658.944,
                    470.988
                ],
                [
                    657.024,
                    470.01599999999996
                ],
                [
                    654.912,
                    465.048
                ],
                [
                    665.088,
                    447.012
                ],
                [
                    667.0079999999999,
                    438.048
                ],
                [
                    687.936,
                    405.97200000000004
                ],
                [
                    724.992,
                    371.952
                ],
                [
                    749.952,
                    355.968
                ],
                [
                    761.088,
                    351
                ],
                [
                    781.056,
                    347.00399999999996
                ],
                [
                    793.92,
                    344.952
                ],
                [
                    811.968,
                    343.98
                ],
                [
                    826.9440000000001,
                    340.95599999999996
                ],
                [
                    846.912,
                    339.98400000000004
                ],
                [
                    850.944,
                    338.04
                ],
                [
                    868.032,
                    336.96
                ],
                [
                    881.088,
                    339.98400000000004
                ],
                [
                    892.032,
                    338.04
                ],
                [
                    917.952,
                    335.988
                ],
                [
                    922.9440000000001,
                    335.988
                ],
                [
                    945.984,
                    351
                ],
                [
                    955.008,
                    361.044
                ],
                [
                    955.9680000000001,
                    365.04
                ],
                [
                    964.0319999999999,
                    374.004
                ],
                [
                    964.9920000000001,
                    380.05199999999996
                ],
                [
                    970.9440000000001,
                    385.992
                ],
                [
                    970.9440000000001,
                    389.016
                ],
                [
                    974.9760000000001,
                    393.98400000000004
                ],
                [
                    977.0880000000001,
                    407.052
                ],
                [
                    979.968,
                    409.968
                ],
                [
                    983.04,
                    423.036
                ],
                [
                    983.04,
                    465.048
                ],
                [
                    975.9359999999999,
                    486.97200000000004
                ],
                [
                    970.9440000000001,
                    497.016
                ],
                [
                    964.9920000000001,
                    504.036
                ],
                [
                    963.0720000000001,
                    509.976
                ],
                [
                    945.984,
                    533.952
                ],
                [
                    913.92,
                    559.9799999999999
                ],
                [
                    911.04,
                    560.952
                ],
                [
                    902.976,
                    560.952
                ]
            ]
        },
        {
            "ID": "2",
            "CLASS": "페트병",
            "DETAILS": "무색단일",
            "DAMAGE": "찌그러짐",
            "DIRTINESS": "이물질(외부)",
            "COVER": "없음",
            "TRANSPARENCY": "투명",
            "SHAPE": "일반용기형",
            "SHAPE_TYPE": "POLYGON",
            "POINTS": [
                [
                    1760.0639999999999,
                    392.03999999999996
                ],
                [
                    1713.9840000000002,
                    369.036
                ],
                [
                    1698.048,
                    358.99199999999996
                ],
                [
                    1671.9360000000001,
                    347.976
                ],
                [
                    1626.048,
                    324.972
                ],
                [
                    1614.9119999999998,
                    317.952
                ],
                [
                    1574.0159999999998,
                    300.024
                ],
                [
                    1558.08,
                    290.952
                ],
                [
                    1521.984,
                    277.02
                ],
                [
                    1516.032,
                    276.048
                ],
                [
                    1483.968,
                    258.98400000000004
                ],
                [
                    1482.048,
                    255.95999999999998
                ],
                [
                    1468.032,
                    250.02
                ],
                [
                    1444.9920000000002,
                    246.024
                ],
                [
                    1429.056,
                    239.976
                ],
                [
                    1420.992,
                    239.004
                ],
                [
                    1397.952,
                    230.04
                ],
                [
                    1371.072,
                    222.048
                ],
                [
                    1340.928,
                    208.00799999999998
                ],
                [
                    1331.904,
                    205.95600000000002
                ],
                [
                    1324.032,
                    201.96
                ],
                [
                    1323.0720000000001,
                    168.04799999999997
                ],
                [
                    1328.0639999999999,
                    162
                ],
                [
                    1328.0639999999999,
                    150.012
                ],
                [
                    1319.0400000000002,
                    150.012
                ],
                [
                    1320.9599999999998,
                    146.988
                ],
                [
                    1314.048,
                    142.02
                ],
                [
                    1311.9360000000001,
                    138.024
                ],
                [
                    1306.944,
                    137.05200000000002
                ],
                [
                    1297.92,
                    130.03199999999998
                ],
                [
                    1300.992,
                    104.00399999999999
                ],
                [
                    1302.912,
                    93.96
                ],
                [
                    1306.944,
                    88.992
                ],
                [
                    1308.096,
                    77.004
                ],
                [
                    1315.968,
                    62.964
                ],
                [
                    1325.952,
                    57.024
                ],
                [
                    1333.056,
                    57.995999999999995
                ],
                [
                    1345.9199999999998,
                    62.964
                ],
                [
                    1353.024,
                    68.04
                ],
                [
                    1358.9759999999999,
                    69.012
                ],
                [
                    1359.9360000000001,
                    72.036
                ],
                [
                    1368.96,
                    73.008
                ],
                [
                    1372.992,
                    72.036
                ],
                [
                    1372.992,
                    69.012
                ],
                [
                    1385.0880000000002,
                    61.02
                ],
                [
                    1400.0639999999999,
                    46.007999999999996
                ],
                [
                    1409.088,
                    42.01199999999999
                ],
                [
                    1417.92,
                    42.01199999999999
                ],
                [
                    1436.9279999999999,
                    54
                ],
                [
                    1439.0400000000002,
                    57.024
                ],
                [
                    1454.0159999999998,
                    65.01599999999999
                ],
                [
                    1468.032,
                    78.948
                ],
                [
                    1489.92,
                    93.96
                ],
                [
                    1499.904,
                    104.976
                ],
                [
                    1520.0639999999999,
                    115.99199999999999
                ],
                [
                    1532.9279999999999,
                    127.008
                ],
                [
                    1545.024,
                    132.948
                ],
                [
                    1558.08,
                    146.016
                ],
                [
                    1569.984,
                    153.036
                ],
                [
                    1577.088,
                    161.02800000000002
                ],
                [
                    1589.952,
                    168.04799999999997
                ],
                [
                    1631.04,
                    178.956
                ],
                [
                    1655.04,
                    181.98000000000002
                ],
                [
                    1662.912,
                    185.00400000000002
                ],
                [
                    1743.936,
                    199.04399999999998
                ],
                [
                    1767.936,
                    204.984
                ],
                [
                    1780.0320000000002,
                    205.95600000000002
                ],
                [
                    1801.92,
                    212.004
                ],
                [
                    1837.056,
                    219.024
                ],
                [
                    1843.008,
                    222.048
                ],
                [
                    1849.92,
                    230.04
                ],
                [
                    1852.032,
                    235.98
                ],
                [
                    1852.032,
                    259.956
                ],
                [
                    1848,
                    277.992
                ],
                [
                    1843.008,
                    288.036
                ],
                [
                    1843.008,
                    293.976
                ],
                [
                    1841.088,
                    297.972
                ],
                [
                    1837.056,
                    300.024
                ],
                [
                    1836.096,
                    309.96
                ],
                [
                    1833.9840000000002,
                    313.956
                ],
                [
                    1829.952,
                    316.00800000000004
                ],
                [
                    1827.0720000000001,
                    327.024
                ],
                [
                    1820.928,
                    331.992
                ],
                [
                    1819.9679999999998,
                    339.98400000000004
                ],
                [
                    1814.0159999999998,
                    346.03200000000004
                ],
                [
                    1804.9920000000002,
                    362.988
                ],
                [
                    1800,
                    366.984
                ],
                [
                    1800,
                    370.00800000000004
                ],
                [
                    1784.064,
                    385.992
                ],
                [
                    1772.9279999999999,
                    392.03999999999996
                ],
                [
                    1760.0639999999999,
                    392.03999999999996
                ]
            ]
        }
    ]
}