{
    "IMAGE_INFO": {
        "FILE_NAME": "1000354@0_03001_220913_P1_T3__0430.jpg",
        "DATE": "2022-11-01 04:20:35",
        "RESOLUTION": "1920 x 1080",
        "IMAGE_PHOTOGRAPHER": "김보배",
        "FOCUS_DISTANCE": "7.1",
        "EXPOSURE_TIME": "1/400",
        "SENSITIVITY_ISO": "5000",
        "PLACE": "삼오자원",
        "REGION_NAME": null,
        "Direction": "0",
        "HEIGHT": "100",
        "DAY/NIGHT": "주간",
        "WEATHER": "맑음",
        "IMAGE_HEIGHT": 1080,
        "IMAGE_WIDTH": 1920,
        "IMAGE_SIZE": "607.0 KB"
    },
    "ANNOTATION_INFO": [
        {
            "ID": "1",
            "CLASS": "페트병",
            "DETAILS": "무색단일",
            "DAMAGE": "찌그러짐",
            "DIRTINESS": "오염없음",
            "COVER": "없음",
            "TRANSPARENCY": "투명",
            "SHAPE": "물통형",
            "SHAPE_TYPE": "POLYGON",
            "POINTS": [
                [
                    215.04,
                    351.97200000000004
                ],
                [
                    191.04000000000002,
                    346.03200000000004
                ],
                [
                    174.912,
                    339.012
                ],
                [
                    157.05599999999998,
                    339.98400000000004
                ],
                [
                    153.024,
                    338.04
                ],
                [
                    138.048,
                    335.01599999999996
                ],
                [
                    118.08,
                    326.052
                ],
                [
                    110.01599999999999,
                    320.004
                ],
                [
                    94.08,
                    304.99199999999996
                ],
                [
                    78.91199999999999,
                    285.012
                ],
                [
                    77.952,
                    278.964
                ],
                [
                    73.92,
                    273.996
                ],
                [
                    66.048,
                    270
                ],
                [
                    47.04,
                    240.94799999999998
                ],
                [
                    46.08,
                    236.95200000000003
                ],
                [
                    46.08,
                    189.972
                ],
                [
                    48.959999999999994,
                    122.04
                ],
                [
                    43.968,
                    57.024
                ],
                [
                    47.04,
                    45.036
                ],
                [
                    47.04,
                    38.016000000000005
                ],
                [
                    43.968,
                    23.003999999999998
                ],
                [
                    43.968,
                    0
                ],
                [
                    422.01599999999996,
                    0
                ],
                [
                    422.01599999999996,
                    6.048
                ],
                [
                    417.98400000000004,
                    12.96
                ],
                [
                    417.024,
                    18.035999999999998
                ],
                [
                    417.024,
                    42.01199999999999
                ],
                [
                    413.952,
                    64.044
                ],
                [
                    413.952,
                    103.032
                ],
                [
                    417.024,
                    138.996
                ],
                [
                    417.024,
                    169.02
                ],
                [
                    413.952,
                    180.03599999999997
                ],
                [
                    413.952,
                    227.016
                ],
                [
                    411.072,
                    246.024
                ],
                [
                    402.048,
                    266.00399999999996
                ],
                [
                    402.048,
                    278.964
                ],
                [
                    398.976,
                    293.976
                ],
                [
                    387.072,
                    308.016
                ],
                [
                    383.04,
                    319.032
                ],
                [
                    378.048,
                    326.052
                ],
                [
                    374.016,
                    327.99600000000004
                ],
                [
                    364.032,
                    327.99600000000004
                ],
                [
                    359.04,
                    328.96799999999996
                ],
                [
                    345.984,
                    335.01599999999996
                ],
                [
                    332.928,
                    339.012
                ],
                [
                    312,
                    339.98400000000004
                ],
                [
                    291.072,
                    346.03200000000004
                ],
                [
                    279.93600000000004,
                    347.00399999999996
                ],
                [
                    249.02400000000003,
                    346.03200000000004
                ],
                [
                    240.96,
                    347.00399999999996
                ],
                [
                    230.976,
                    351.97200000000004
                ],
                [
                    215.04,
                    351.97200000000004
                ]
            ]
        },
        {
            "ID": "2",
            "CLASS": "페트병",
            "DETAILS": "무색단일",
            "DAMAGE": "찌그러짐",
            "DIRTINESS": "이물질(외부)",
            "COVER": "없음",
            "TRANSPARENCY": "투명",
            "SHAPE": "물통형",
            "SHAPE_TYPE": "POLYGON",
            "POINTS": [
                [
                    1468.032,
                    1080
                ],
                [
                    1468.032,
                    1033.992
                ],
                [
                    1469.952,
                    1026
                ],
                [
                    1469.952,
                    1010.0160000000001
                ],
                [
                    1472.064,
                    1007.964
                ],
                [
                    1476.096,
                    995.004
                ],
                [
                    1477.056,
                    986.0400000000001
                ],
                [
                    1482.048,
                    972.972
                ],
                [
                    1510.08,
                    932.04
                ],
                [
                    1510.08,
                    925.9920000000001
                ],
                [
                    1507.008,
                    921.996
                ],
                [
                    1503.936,
                    920.052
                ],
                [
                    1502.016,
                    915.948
                ],
                [
                    1502.976,
                    906.012
                ],
                [
                    1498.944,
                    901.0440000000001
                ],
                [
                    1494.9119999999998,
                    883.008
                ],
                [
                    1493.952,
                    880.956
                ],
                [
                    1488.96,
                    879.012
                ],
                [
                    1484.9279999999999,
                    874.044
                ],
                [
                    1482.048,
                    871.992
                ],
                [
                    1481.088,
                    868.968
                ],
                [
                    1481.088,
                    863.028
                ],
                [
                    1482.048,
                    860.004
                ],
                [
                    1487.04,
                    856.98
                ],
                [
                    1501.056,
                    856.0079999999999
                ],
                [
                    1521.984,
                    847.044
                ],
                [
                    1525.056,
                    847.044
                ],
                [
                    1541.952,
                    843.048
                ],
                [
                    1573.056,
                    843.048
                ],
                [
                    1578.048,
                    840.996
                ],
                [
                    1582.08,
                    844.02
                ],
                [
                    1583.04,
                    847.044
                ],
                [
                    1587.0720000000001,
                    848.988
                ],
                [
                    1588.032,
                    852.0120000000001
                ],
                [
                    1593.024,
                    856.0079999999999
                ],
                [
                    1596.096,
                    860.976
                ],
                [
                    1596.096,
                    864.972
                ],
                [
                    1589.952,
                    875.0160000000001
                ],
                [
                    1588.992,
                    879.012
                ],
                [
                    1588.992,
                    884.952
                ],
                [
                    1593.024,
                    898.02
                ],
                [
                    1590.912,
                    906.012
                ],
                [
                    1592.064,
                    913.032
                ],
                [
                    1597.056,
                    918.972
                ],
                [
                    1609.92,
                    926.9639999999999
                ],
                [
                    1617.984,
                    929.9879999999999
                ],
                [
                    1625.0880000000002,
                    933.984
                ],
                [
                    1632.96,
                    938.952
                ],
                [
                    1649.088,
                    951.048
                ],
                [
                    1661.952,
                    963.0360000000001
                ],
                [
                    1673.088,
                    972
                ],
                [
                    1693.056,
                    992.952
                ],
                [
                    1695.936,
                    999.972
                ],
                [
                    1702.08,
                    1006.02
                ],
                [
                    1703.04,
                    1010.0160000000001
                ],
                [
                    1708.992,
                    1015.956
                ],
                [
                    1713.024,
                    1022.976
                ],
                [
                    1717.056,
                    1028.052
                ],
                [
                    1724.9279999999999,
                    1044.036
                ],
                [
                    1727.04,
                    1052.028
                ],
                [
                    1727.04,
                    1056.996
                ],
                [
                    1728.96,
                    1060.992
                ],
                [
                    1729.92,
                    1065.96
                ],
                [
                    1729.92,
                    1080
                ],
                [
                    1468.032,
                    1080
                ]
            ]
        },
        {
            "ID": "3",
            "CLASS": "페트병",
            "DETAILS": "무색단일",
            "DAMAGE": "찌그러짐",
            "DIRTINESS": "이물질(외부)",
            "COVER": "없음",
            "TRANSPARENCY": "투명",
            "SHAPE": "물통형",
            "SHAPE_TYPE": "POLYGON",
            "POINTS": [
                [
                    1630.08,
                    683.9639999999999
                ],
                [
                    1623.936,
                    681.048
                ],
                [
                    1613.952,
                    663.984
                ],
                [
                    1608,
                    645.948
                ],
                [
                    1603.968,
                    643.032
                ],
                [
                    1602.048,
                    627.048
                ],
                [
                    1596.096,
                    621.972
                ],
                [
                    1580.928,
                    617.004
                ],
                [
                    1560.9599999999998,
                    605.988
                ],
                [
                    1540.992,
                    586.0079999999999
                ],
                [
                    1527.936,
                    567.972
                ],
                [
                    1521.984,
                    555.0120000000001
                ],
                [
                    1507.008,
                    532.0079999999999
                ],
                [
                    1496.064,
                    505.98
                ],
                [
                    1491.072,
                    498.96000000000004
                ],
                [
                    1484.9279999999999,
                    481.03200000000004
                ],
                [
                    1462.08,
                    434.05199999999996
                ],
                [
                    1454.976,
                    408.996
                ],
                [
                    1446.912,
                    389.988
                ],
                [
                    1430.9759999999999,
                    366.984
                ],
                [
                    1424.064,
                    347.00399999999996
                ],
                [
                    1398.912,
                    297.972
                ],
                [
                    1398.912,
                    293.00399999999996
                ],
                [
                    1392,
                    277.02
                ],
                [
                    1381.056,
                    257.03999999999996
                ],
                [
                    1376.064,
                    253.044
                ],
                [
                    1363.968,
                    223.01999999999998
                ],
                [
                    1358.9759999999999,
                    199.04399999999998
                ],
                [
                    1358.9759999999999,
                    178.956
                ],
                [
                    1362.048,
                    169.02
                ],
                [
                    1369.92,
                    161.02800000000002
                ],
                [
                    1392,
                    155.952
                ],
                [
                    1401.984,
                    150.012
                ],
                [
                    1417.92,
                    145.044
                ],
                [
                    1438.08,
                    132.948
                ],
                [
                    1446.912,
                    131.976
                ],
                [
                    1470.912,
                    119.988
                ],
                [
                    1484.9279999999999,
                    119.988
                ],
                [
                    1487.04,
                    119.016
                ],
                [
                    1498.944,
                    119.016
                ],
                [
                    1511.04,
                    119.988
                ],
                [
                    1516.032,
                    122.04
                ],
                [
                    1523.904,
                    130.03199999999998
                ],
                [
                    1526.976,
                    135.972
                ],
                [
                    1527.936,
                    154.008
                ],
                [
                    1534.0800000000002,
                    170.964
                ],
                [
                    1541.952,
                    186.948
                ],
                [
                    1560.9599999999998,
                    209.952
                ],
                [
                    1568.0639999999999,
                    238.032
                ],
                [
                    1578.048,
                    254.016
                ],
                [
                    1588.032,
                    277.02
                ],
                [
                    1601.088,
                    311.03999999999996
                ],
                [
                    1602.048,
                    324
                ],
                [
                    1608,
                    338.04
                ],
                [
                    1622.016,
                    351.97200000000004
                ],
                [
                    1627.008,
                    359.964
                ],
                [
                    1641.984,
                    397.98
                ],
                [
                    1657.92,
                    427.032
                ],
                [
                    1665.024,
                    447.012
                ],
                [
                    1684.032,
                    482.976
                ],
                [
                    1693.056,
                    506.952
                ],
                [
                    1695.936,
                    520.992
                ],
                [
                    1695.936,
                    550.044
                ],
                [
                    1686.912,
                    586.0079999999999
                ],
                [
                    1688.0639999999999,
                    596.0519999999999
                ],
                [
                    1693.056,
                    598.968
                ],
                [
                    1694.0159999999998,
                    609.012
                ],
                [
                    1700.928,
                    618.9480000000001
                ],
                [
                    1707.0720000000001,
                    632.9879999999999
                ],
                [
                    1709.952,
                    651.024
                ],
                [
                    1699.008,
                    663.984
                ],
                [
                    1680.9599999999998,
                    675.972
                ],
                [
                    1666.944,
                    681.048
                ],
                [
                    1652.9279999999999,
                    683.9639999999999
                ],
                [
                    1630.08,
                    683.9639999999999
                ]
            ]
        },
        {
            "ID": "4",
            "CLASS": "페트병",
            "DETAILS": "무색단일",
            "DAMAGE": "찌그러짐",
            "DIRTINESS": "이물질(외부)",
            "COVER": "겹침",
            "TRANSPARENCY": "투명",
            "SHAPE": "물통형",
            "SHAPE_TYPE": "POLYGON",
            "POINTS": [
                [
                    877.0559999999999,
                    466.02
                ],
                [
                    868.032,
                    461.052
                ],
                [
                    850.944,
                    447.984
                ],
                [
                    840.96,
                    443.988
                ],
                [
                    825.984,
                    434.05199999999996
                ],
                [
                    820.992,
                    428.976
                ],
                [
                    806.976,
                    417.96000000000004
                ],
                [
                    801.984,
                    416.01599999999996
                ],
                [
                    792,
                    409.968
                ],
                [
                    781.056,
                    401.004
                ],
                [
                    774.912,
                    394.956
                ],
                [
                    772.9920000000001,
                    393.98400000000004
                ],
                [
                    767.0400000000001,
                    393.012
                ],
                [
                    759.9359999999999,
                    389.016
                ],
                [
                    753.024,
                    381.99600000000004
                ],
                [
                    748.032,
                    380.05199999999996
                ],
                [
                    743.04,
                    374.004
                ],
                [
                    737.0880000000001,
                    370.00800000000004
                ],
                [
                    729.024,
                    362.988
                ],
                [
                    720.96,
                    358.02000000000004
                ],
                [
                    705.984,
                    344.952
                ],
                [
                    705.024,
                    340.95599999999996
                ],
                [
                    702.9119999999999,
                    339.012
                ],
                [
                    702.9119999999999,
                    335.01599999999996
                ],
                [
                    704.0640000000001,
                    332.964
                ],
                [
                    714.048,
                    316.97999999999996
                ],
                [
                    719.04,
                    311.03999999999996
                ],
                [
                    723.072,
                    301.968
                ],
                [
                    725.952,
                    297
                ],
                [
                    731.904,
                    289.98
                ],
                [
                    744,
                    269.02799999999996
                ],
                [
                    754.944,
                    246.99599999999998
                ],
                [
                    755.904,
                    242.028
                ],
                [
                    759.9359999999999,
                    235.98
                ],
                [
                    762.048,
                    230.04
                ],
                [
                    771.072,
                    220.96800000000002
                ],
                [
                    772.9920000000001,
                    216.972
                ],
                [
                    779.904,
                    208.98000000000002
                ],
                [
                    791.04,
                    197.964
                ],
                [
                    797.952,
                    193.96800000000002
                ],
                [
                    801.984,
                    192.996
                ],
                [
                    811.008,
                    192.996
                ],
                [
                    815.04,
                    191.052
                ],
                [
                    821.952,
                    191.052
                ],
                [
                    825.024,
                    192.996
                ],
                [
                    834.048,
                    193.96800000000002
                ],
                [
                    840,
                    196.01999999999998
                ],
                [
                    843.072,
                    197.964
                ],
                [
                    851.904,
                    224.96400000000003
                ],
                [
                    854.976,
                    246.024
                ],
                [
                    858.048,
                    254.016
                ],
                [
                    859.008,
                    259.956
                ],
                [
                    859.9680000000001,
                    288.036
                ],
                [
                    864,
                    304.99199999999996
                ],
                [
                    864,
                    324.972
                ],
                [
                    865.9200000000001,
                    336.96
                ],
                [
                    865.9200000000001,
                    351.97200000000004
                ],
                [
                    869.952,
                    375.94800000000004
                ],
                [
                    872.064,
                    416.01599999999996
                ],
                [
                    873.024,
                    423.036
                ],
                [
                    879.9359999999999,
                    450.036
                ],
                [
                    881.088,
                    455.976
                ],
                [
                    881.088,
                    466.02
                ],
                [
                    877.0559999999999,
                    466.02
                ]
            ]
        }
    ]
}