{
    "IMAGE_INFO": {
        "FILE_NAME": "1000203@0_03001_220913_P1_T3__2081.jpg",
        "DATE": "2022-11-01 04:20:31",
        "RESOLUTION": "1920 x 1080",
        "IMAGE_PHOTOGRAPHER": "김보배",
        "FOCUS_DISTANCE": "7.1",
        "EXPOSURE_TIME": "1/400",
        "SENSITIVITY_ISO": "5000",
        "PLACE": "삼오자원",
        "REGION_NAME": null,
        "Direction": "0",
        "HEIGHT": "100",
        "DAY/NIGHT": "주간",
        "WEATHER": "맑음",
        "IMAGE_HEIGHT": 1080,
        "IMAGE_WIDTH": 1920,
        "IMAGE_SIZE": "614.6 KB"
    },
    "ANNOTATION_INFO": [
        {
            "ID": "1",
            "CLASS": "페트병",
            "DETAILS": "무색단일",
            "DAMAGE": "찌그러짐",
            "DIRTINESS": "오염없음",
            "COVER": "겹침",
            "TRANSPARENCY": "투명",
            "SHAPE": "물통형",
            "SHAPE_TYPE": "POLYGON",
            "POINTS": [
                [
                    968.064,
                    983.988
                ],
                [
                    960,
                    980.9639999999999
                ],
                [
                    950.976,
                    979.992
                ],
                [
                    927.936,
                    969.948
                ],
                [
                    891.072,
                    948.024
                ],
                [
                    883.0079999999999,
                    938.952
                ],
                [
                    854.016,
                    921.024
                ],
                [
                    849.024,
                    913.032
                ],
                [
                    836.928,
                    906.012
                ],
                [
                    829.056,
                    902.9879999999999
                ],
                [
                    806.016,
                    903.9599999999999
                ],
                [
                    792,
                    902.0160000000001
                ],
                [
                    777.024,
                    897.048
                ],
                [
                    759.9359999999999,
                    894.996
                ],
                [
                    752.064,
                    890.028
                ],
                [
                    743.04,
                    852.0120000000001
                ],
                [
                    743.04,
                    798.984
                ],
                [
                    779.904,
                    782.028
                ],
                [
                    796.9920000000001,
                    779.004
                ],
                [
                    825.984,
                    778.032
                ],
                [
                    863.04,
                    771.012
                ],
                [
                    877.0559999999999,
                    766.0440000000001
                ],
                [
                    913.92,
                    758.052
                ],
                [
                    940.0319999999999,
                    748.98
                ],
                [
                    988.0319999999999,
                    743.04
                ],
                [
                    1013.952,
                    736.992
                ],
                [
                    1036.992,
                    735.048
                ],
                [
                    1059.072,
                    729.972
                ],
                [
                    1099.008,
                    717.0120000000001
                ],
                [
                    1118.9759999999999,
                    713.988
                ],
                [
                    1147.968,
                    713.988
                ],
                [
                    1193.088,
                    709.02
                ],
                [
                    1209.984,
                    709.02
                ],
                [
                    1344,
                    697.0319999999999
                ],
                [
                    1512.96,
                    690.984
                ],
                [
                    1532.9279999999999,
                    690.984
                ],
                [
                    1569.984,
                    694.0079999999999
                ],
                [
                    1592.064,
                    704.052
                ],
                [
                    1603.968,
                    716.0400000000001
                ],
                [
                    1617.984,
                    760.968
                ],
                [
                    1617.984,
                    856.98
                ],
                [
                    1609.92,
                    870.048
                ],
                [
                    1574.976,
                    868.968
                ],
                [
                    1551.9360000000001,
                    879.012
                ],
                [
                    1532.9279999999999,
                    895.968
                ],
                [
                    1521.0240000000001,
                    902.0160000000001
                ],
                [
                    1503.936,
                    906.012
                ],
                [
                    1481.088,
                    915.948
                ],
                [
                    1363.968,
                    934.956
                ],
                [
                    1278.912,
                    933.984
                ],
                [
                    1238.9759999999999,
                    936.0360000000001
                ],
                [
                    1224.96,
                    933.984
                ],
                [
                    1167.936,
                    933.984
                ],
                [
                    1156.032,
                    934.956
                ],
                [
                    1142.016,
                    938.952
                ],
                [
                    1131.072,
                    937.98
                ],
                [
                    1118.9759999999999,
                    933.984
                ],
                [
                    1108.032,
                    933.984
                ],
                [
                    1095.936,
                    938.952
                ],
                [
                    1088.0639999999999,
                    952.02
                ],
                [
                    1068.096,
                    972.972
                ],
                [
                    1045.056,
                    982.044
                ],
                [
                    1027.968,
                    983.988
                ],
                [
                    968.064,
                    983.988
                ]
            ]
        },
        {
            "ID": "2",
            "CLASS": "페트병",
            "DETAILS": "무색단일",
            "DAMAGE": "찌그러짐",
            "DIRTINESS": "이물질(외부)",
            "COVER": "겹침",
            "TRANSPARENCY": "투명",
            "SHAPE": "물통형",
            "SHAPE_TYPE": "POLYGON",
            "POINTS": [
                [
                    734.016,
                    1080
                ],
                [
                    724.0319999999999,
                    1072.008
                ],
                [
                    689.088,
                    1053.972
                ],
                [
                    678.912,
                    1045.008
                ],
                [
                    676.9920000000001,
                    1041.012
                ],
                [
                    667.0079999999999,
                    1033.992
                ],
                [
                    662.976,
                    1025.028
                ],
                [
                    643.968,
                    1003.968
                ],
                [
                    632.064,
                    982.044
                ],
                [
                    628.032,
                    968.004
                ],
                [
                    611.904,
                    959.04
                ],
                [
                    604.0319999999999,
                    960.984
                ],
                [
                    595.9680000000001,
                    960.984
                ],
                [
                    585.024,
                    957.96
                ],
                [
                    572.928,
                    952.992
                ],
                [
                    565.056,
                    945
                ],
                [
                    565.056,
                    925.9920000000001
                ],
                [
                    571.008,
                    898.9920000000001
                ],
                [
                    579.072,
                    888.9480000000001
                ],
                [
                    582.9119999999999,
                    878.04
                ],
                [
                    590.976,
                    867.996
                ],
                [
                    595.9680000000001,
                    866.0519999999999
                ],
                [
                    609.9839999999999,
                    866.0519999999999
                ],
                [
                    658.944,
                    886.032
                ],
                [
                    686.976,
                    875.0160000000001
                ],
                [
                    699.072,
                    871.992
                ],
                [
                    739.9680000000001,
                    871.992
                ],
                [
                    744,
                    872.964
                ],
                [
                    748.032,
                    878.04
                ],
                [
                    752.064,
                    888.9480000000001
                ],
                [
                    763.968,
                    894.996
                ],
                [
                    768,
                    901.0440000000001
                ],
                [
                    771.072,
                    909.0360000000001
                ],
                [
                    771.072,
                    917.028
                ],
                [
                    777.024,
                    928.044
                ],
                [
                    782.976,
                    933.984
                ],
                [
                    795.072,
                    957.96
                ],
                [
                    811.008,
                    975.996
                ],
                [
                    815.04,
                    976.968
                ],
                [
                    849.9839999999999,
                    975.996
                ],
                [
                    878.016,
                    976.968
                ],
                [
                    902.976,
                    969.948
                ],
                [
                    912.9599999999999,
                    968.976
                ],
                [
                    950.0160000000001,
                    979.992
                ],
                [
                    961.92,
                    980.9639999999999
                ],
                [
                    974.016,
                    983.988
                ],
                [
                    1028.928,
                    984.96
                ],
                [
                    1035.0720000000001,
                    986.0400000000001
                ],
                [
                    1051.008,
                    994.032
                ],
                [
                    1060.992,
                    1001.0519999999999
                ],
                [
                    1068.096,
                    1007.964
                ],
                [
                    1085.952,
                    1019.952
                ],
                [
                    1112.064,
                    1044.036
                ],
                [
                    1119.9360000000001,
                    1061.964
                ],
                [
                    1119.9360000000001,
                    1080
                ],
                [
                    734.016,
                    1080
                ]
            ]
        },
        {
            "ID": "3",
            "CLASS": "페트병",
            "DETAILS": "무색단일",
            "DAMAGE": "원형",
            "DIRTINESS": "이물질(외부)",
            "COVER": "없음",
            "TRANSPARENCY": "투명",
            "SHAPE": "물통형",
            "SHAPE_TYPE": "POLYGON",
            "POINTS": [
                [
                    788.928,
                    693.0360000000001
                ],
                [
                    787.0079999999999,
                    690.984
                ],
                [
                    777.024,
                    687.96
                ],
                [
                    773.952,
                    685.044
                ],
                [
                    771.072,
                    683.9639999999999
                ],
                [
                    758.016,
                    671.0039999999999
                ],
                [
                    753.024,
                    655.9920000000001
                ],
                [
                    753.024,
                    647.028
                ],
                [
                    761.088,
                    623.052
                ],
                [
                    763.0079999999999,
                    609.9839999999999
                ],
                [
                    767.0400000000001,
                    605.988
                ],
                [
                    768.96,
                    601.02
                ],
                [
                    766.08,
                    590.004
                ],
                [
                    763.0079999999999,
                    587.952
                ],
                [
                    762.048,
                    583.9559999999999
                ],
                [
                    758.976,
                    554.04
                ],
                [
                    762.048,
                    539.028
                ],
                [
                    762.048,
                    528.984
                ],
                [
                    768.96,
                    501.984
                ],
                [
                    785.088,
                    462.024
                ],
                [
                    792.9599999999999,
                    447.012
                ],
                [
                    793.92,
                    440.964
                ],
                [
                    797.952,
                    436.968
                ],
                [
                    798.912,
                    431.028
                ],
                [
                    801.024,
                    428.976
                ],
                [
                    806.976,
                    411.048
                ],
                [
                    811.008,
                    405.97200000000004
                ],
                [
                    815.04,
                    393.98400000000004
                ],
                [
                    824.0640000000001,
                    377.028
                ],
                [
                    828.096,
                    362.016
                ],
                [
                    833.088,
                    354.996
                ],
                [
                    841.92,
                    334.04400000000004
                ],
                [
                    843.072,
                    327.99600000000004
                ],
                [
                    845.952,
                    324
                ],
                [
                    846.912,
                    317.952
                ],
                [
                    849.9839999999999,
                    313.956
                ],
                [
                    859.9680000000001,
                    290.952
                ],
                [
                    869.952,
                    274.968
                ],
                [
                    879.9359999999999,
                    265.032
                ],
                [
                    894.912,
                    258.012
                ],
                [
                    912,
                    255.95999999999998
                ],
                [
                    926.976,
                    255.95999999999998
                ],
                [
                    939.072,
                    258.012
                ],
                [
                    942.9119999999999,
                    261.036
                ],
                [
                    949.056,
                    261.036
                ],
                [
                    960.9599999999999,
                    265.032
                ],
                [
                    966.912,
                    270
                ],
                [
                    973.056,
                    270.97200000000004
                ],
                [
                    988.992,
                    280.044
                ],
                [
                    996.0960000000001,
                    281.988
                ],
                [
                    1003.0079999999999,
                    285.984
                ],
                [
                    1014.9119999999999,
                    297.972
                ],
                [
                    1032.96,
                    330.048
                ],
                [
                    1032.96,
                    351.97200000000004
                ],
                [
                    1026.048,
                    370.00800000000004
                ],
                [
                    1019.904,
                    381.024
                ],
                [
                    1017.0239999999999,
                    393.012
                ],
                [
                    1008,
                    409.968
                ],
                [
                    1003.0079999999999,
                    427.032
                ],
                [
                    988.992,
                    454.032
                ],
                [
                    974.016,
                    489.996
                ],
                [
                    966.912,
                    501.012
                ],
                [
                    965.952,
                    505.98
                ],
                [
                    953.088,
                    531.0360000000001
                ],
                [
                    953.088,
                    533.952
                ],
                [
                    948.096,
                    543.9960000000001
                ],
                [
                    940.992,
                    551.9879999999999
                ],
                [
                    940.0319999999999,
                    559.0079999999999
                ],
                [
                    926.976,
                    586.0079999999999
                ],
                [
                    902.976,
                    609.9839999999999
                ],
                [
                    889.9200000000001,
                    618.9480000000001
                ],
                [
                    864,
                    632.9879999999999
                ],
                [
                    854.976,
                    641.952
                ],
                [
                    840.96,
                    651.996
                ],
                [
                    795.072,
                    693.0360000000001
                ],
                [
                    788.928,
                    693.0360000000001
                ]
            ]
        }
    ]
}