{
    "IMAGE_INFO": {
        "FILE_NAME": "1000041@0_03001_220913_P1_T3__1867.jpg",
        "DATE": "2022-11-01 04:20:23",
        "RESOLUTION": "1920 x 1080",
        "IMAGE_PHOTOGRAPHER": "김보배",
        "FOCUS_DISTANCE": "7.1",
        "EXPOSURE_TIME": "1/400",
        "SENSITIVITY_ISO": "5000",
        "PLACE": "삼오자원",
        "REGION_NAME": null,
        "Direction": "0",
        "HEIGHT": "100",
        "DAY/NIGHT": "주간",
        "WEATHER": "맑음",
        "IMAGE_HEIGHT": 1080,
        "IMAGE_WIDTH": 1920,
        "IMAGE_SIZE": "626.8 KB"
    },
    "ANNOTATION_INFO": [
        {
            "ID": "1",
            "CLASS": "페트병",
            "DETAILS": "무색단일",
            "DAMAGE": "찌그러짐",
            "DIRTINESS": "이물질(내부)",
            "COVER": "겹침",
            "TRANSPARENCY": "투명",
            "SHAPE": "물통형",
            "SHAPE_TYPE": "POLYGON",
            "POINTS": [
                [
                    86.016,
                    1018.98
                ],
                [
                    65.088,
                    1011.96
                ],
                [
                    54.912,
                    1006.992
                ],
                [
                    52.992,
                    1002.996
                ],
                [
                    47.04,
                    999.972
                ],
                [
                    43.968,
                    994.032
                ],
                [
                    48,
                    952.02
                ],
                [
                    54.912,
                    937.008
                ],
                [
                    54.912,
                    915.948
                ],
                [
                    49.919999999999995,
                    893.052
                ],
                [
                    38.016000000000005,
                    860.004
                ],
                [
                    27.072,
                    820.044
                ],
                [
                    28.032,
                    787.9680000000001
                ],
                [
                    62.016000000000005,
                    647.028
                ],
                [
                    77.952,
                    613.98
                ],
                [
                    94.08,
                    593.028
                ],
                [
                    100.992,
                    579.96
                ],
                [
                    104.064,
                    578.988
                ],
                [
                    120,
                    536.976
                ],
                [
                    126.912,
                    512.028
                ],
                [
                    133.056,
                    452.952
                ],
                [
                    140.92800000000003,
                    429.94800000000004
                ],
                [
                    163.96800000000002,
                    400.032
                ],
                [
                    177.984,
                    393.012
                ],
                [
                    198.912,
                    393.012
                ],
                [
                    216.96,
                    394.956
                ],
                [
                    229.056,
                    400.032
                ],
                [
                    241.92000000000002,
                    412.992
                ],
                [
                    252.096,
                    413.964
                ],
                [
                    260.928,
                    420.984
                ],
                [
                    281.088,
                    420.984
                ],
                [
                    288,
                    423.036
                ],
                [
                    316.992,
                    436.968
                ],
                [
                    321.984,
                    446.03999999999996
                ],
                [
                    325.05600000000004,
                    462.99600000000004
                ],
                [
                    322.94399999999996,
                    488.052
                ],
                [
                    316.992,
                    509.004
                ],
                [
                    306.048,
                    529.956
                ],
                [
                    289.92,
                    548.9639999999999
                ],
                [
                    268.992,
                    578.988
                ],
                [
                    260.928,
                    594
                ],
                [
                    259.008,
                    671.0039999999999
                ],
                [
                    255.936,
                    691.956
                ],
                [
                    240.96,
                    743.04
                ],
                [
                    236.928,
                    771.012
                ],
                [
                    227.904,
                    809.028
                ],
                [
                    214.08,
                    852.9839999999999
                ],
                [
                    196.992,
                    876.96
                ],
                [
                    158.976,
                    910.98
                ],
                [
                    140.92800000000003,
                    937.008
                ],
                [
                    140.92800000000003,
                    945
                ],
                [
                    144.96,
                    957.96
                ],
                [
                    143.04,
                    995.976
                ],
                [
                    137.08800000000002,
                    1002.996
                ],
                [
                    120.96000000000001,
                    1011.96
                ],
                [
                    115.968,
                    1014.012
                ],
                [
                    110.01599999999999,
                    1014.012
                ],
                [
                    97.91999999999999,
                    1018.98
                ]
            ]
        },
        {
            "ID": "2",
            "CLASS": "페트병",
            "DETAILS": "무색단일",
            "DAMAGE": "찌그러짐",
            "DIRTINESS": "오염없음",
            "COVER": "겹침",
            "TRANSPARENCY": "투명",
            "SHAPE": "물통형",
            "SHAPE_TYPE": "POLYGON",
            "POINTS": [
                [
                    1784.064,
                    867.024
                ],
                [
                    1756.032,
                    855.036
                ],
                [
                    1743.936,
                    853.9559999999999
                ],
                [
                    1734.9119999999998,
                    848.016
                ],
                [
                    1705.9199999999998,
                    840.024
                ],
                [
                    1678.08,
                    828.0360000000001
                ],
                [
                    1645.056,
                    818.9639999999999
                ],
                [
                    1617.024,
                    809.028
                ],
                [
                    1612.992,
                    805.0319999999999
                ],
                [
                    1584,
                    797.04
                ],
                [
                    1554.048,
                    783
                ],
                [
                    1549.056,
                    783
                ],
                [
                    1540.0320000000002,
                    778.032
                ],
                [
                    1530.048,
                    775.98
                ],
                [
                    1491.072,
                    759.024
                ],
                [
                    1417.92,
                    735.048
                ],
                [
                    1380.096,
                    718.9559999999999
                ],
                [
                    1361.088,
                    713.988
                ],
                [
                    1347.0720000000001,
                    706.968
                ],
                [
                    1339.9679999999998,
                    706.968
                ],
                [
                    1330.944,
                    702
                ],
                [
                    1300.0320000000002,
                    694.0079999999999
                ],
                [
                    1291.008,
                    689.04
                ],
                [
                    1281.984,
                    686.9879999999999
                ],
                [
                    1272,
                    682.02
                ],
                [
                    1267.968,
                    682.02
                ],
                [
                    1251.072,
                    671.0039999999999
                ],
                [
                    1243.968,
                    659.016
                ],
                [
                    1238.9759999999999,
                    639.0360000000001
                ],
                [
                    1224.96,
                    624.996
                ],
                [
                    1223.04,
                    616.032
                ],
                [
                    1215.936,
                    609.012
                ],
                [
                    1206.912,
                    589.032
                ],
                [
                    1196.9279999999999,
                    578.988
                ],
                [
                    1171.008,
                    536.976
                ],
                [
                    1171.008,
                    532.0079999999999
                ],
                [
                    1177.92,
                    520.02
                ],
                [
                    1177.92,
                    512.028
                ],
                [
                    1188.096,
                    493.02000000000004
                ],
                [
                    1190.016,
                    478.98
                ],
                [
                    1196.9279999999999,
                    469.04400000000004
                ],
                [
                    1200,
                    456.948
                ],
                [
                    1220.928,
                    428.976
                ],
                [
                    1224.96,
                    415.044
                ],
                [
                    1237.056,
                    400.032
                ],
                [
                    1246.08,
                    389.016
                ],
                [
                    1267.968,
                    371.952
                ],
                [
                    1310.016,
                    358.99199999999996
                ],
                [
                    1321.92,
                    357.048
                ],
                [
                    1344.96,
                    344.952
                ],
                [
                    1401.0240000000001,
                    321.948
                ],
                [
                    1425.024,
                    316.97999999999996
                ],
                [
                    1473.9840000000002,
                    316.97999999999996
                ],
                [
                    1492.992,
                    324
                ],
                [
                    1512,
                    340.95599999999996
                ],
                [
                    1518.912,
                    351.97200000000004
                ],
                [
                    1540.0320000000002,
                    366.984
                ],
                [
                    1545.024,
                    374.004
                ],
                [
                    1551.9360000000001,
                    396.036
                ],
                [
                    1559.0400000000002,
                    407.052
                ],
                [
                    1565.952,
                    435.996
                ],
                [
                    1579.9679999999998,
                    462.99600000000004
                ],
                [
                    1593.9840000000002,
                    520.02
                ],
                [
                    1598.016,
                    555.984
                ],
                [
                    1612.992,
                    586.98
                ],
                [
                    1614.9119999999998,
                    608.04
                ],
                [
                    1627.008,
                    616.032
                ],
                [
                    1647.936,
                    639.0360000000001
                ],
                [
                    1691.904,
                    672.948
                ],
                [
                    1718.016,
                    713.988
                ],
                [
                    1728,
                    721.0079999999999
                ],
                [
                    1732.032,
                    729.972
                ],
                [
                    1756.032,
                    753.9480000000001
                ],
                [
                    1770.048,
                    774.0360000000001
                ],
                [
                    1779.072,
                    802.008
                ],
                [
                    1795.968,
                    833.004
                ],
                [
                    1800,
                    848.016
                ],
                [
                    1800,
                    866.0519999999999
                ],
                [
                    1784.064,
                    867.024
                ]
            ]
        },
        {
            "ID": "3",
            "CLASS": "페트병",
            "DETAILS": "무색단일",
            "DAMAGE": "원형",
            "DIRTINESS": "이물질(내부)",
            "COVER": "없음",
            "TRANSPARENCY": "투명",
            "SHAPE": "물통형",
            "SHAPE_TYPE": "POLYGON",
            "POINTS": [
                [
                    397.05600000000004,
                    1080
                ],
                [
                    394.94399999999996,
                    1048.0320000000002
                ],
                [
                    409.92,
                    1010.0160000000001
                ],
                [
                    409.92,
                    1002.024
                ],
                [
                    407.03999999999996,
                    991.0079999999999
                ],
                [
                    397.05600000000004,
                    976.968
                ],
                [
                    394.94399999999996,
                    968.004
                ],
                [
                    389.952,
                    960.0120000000001
                ],
                [
                    385.92,
                    941.0039999999999
                ],
                [
                    385.92,
                    913.032
                ],
                [
                    393.024,
                    883.98
                ],
                [
                    413.952,
                    837
                ],
                [
                    422.01599999999996,
                    807.948
                ],
                [
                    432.96000000000004,
                    783
                ],
                [
                    445.05600000000004,
                    763.9920000000001
                ],
                [
                    454.08,
                    737.964
                ],
                [
                    460.03200000000004,
                    729.972
                ],
                [
                    461.952,
                    721.0079999999999
                ],
                [
                    483.072,
                    681.048
                ],
                [
                    486.912,
                    667.008
                ],
                [
                    508.032,
                    620.028
                ],
                [
                    514.944,
                    594.972
                ],
                [
                    527.0400000000001,
                    571.968
                ],
                [
                    539.904,
                    528.984
                ],
                [
                    561.024,
                    485.028
                ],
                [
                    585.984,
                    424.008
                ],
                [
                    615.9359999999999,
                    370.98
                ],
                [
                    632.064,
                    350.028
                ],
                [
                    641.088,
                    331.02
                ],
                [
                    656.064,
                    320.976
                ],
                [
                    663.936,
                    312.012
                ],
                [
                    675.072,
                    304.02
                ],
                [
                    686.976,
                    304.02
                ],
                [
                    689.088,
                    305.964
                ],
                [
                    704.0640000000001,
                    308.016
                ],
                [
                    724.992,
                    308.016
                ],
                [
                    733.0559999999999,
                    309.96
                ],
                [
                    787.968,
                    338.04
                ],
                [
                    811.008,
                    351.97200000000004
                ],
                [
                    821.952,
                    355.968
                ],
                [
                    846.912,
                    373.032
                ],
                [
                    862.08,
                    392.03999999999996
                ],
                [
                    868.032,
                    407.052
                ],
                [
                    865.9200000000001,
                    448.956
                ],
                [
                    857.0880000000001,
                    482.976
                ],
                [
                    828.096,
                    542.052
                ],
                [
                    820.0319999999999,
                    552.96
                ],
                [
                    796.032,
                    616.032
                ],
                [
                    774.912,
                    650.052
                ],
                [
                    772.9920000000001,
                    658.044
                ],
                [
                    767.0400000000001,
                    663.984
                ],
                [
                    764.928,
                    672.948
                ],
                [
                    757.0559999999999,
                    682.992
                ],
                [
                    752.064,
                    698.004
                ],
                [
                    720.96,
                    751.032
                ],
                [
                    705.984,
                    783
                ],
                [
                    700.0319999999999,
                    789.048
                ],
                [
                    695.04,
                    806.0039999999999
                ],
                [
                    682.9440000000001,
                    826.956
                ],
                [
                    675.072,
                    848.016
                ],
                [
                    647.0400000000001,
                    895.968
                ],
                [
                    641.088,
                    910.98
                ],
                [
                    614.016,
                    952.992
                ],
                [
                    610.944,
                    968.004
                ],
                [
                    595.008,
                    995.976
                ],
                [
                    574.0799999999999,
                    1018.98
                ],
                [
                    558.912,
                    1026.972
                ],
                [
                    521.088,
                    1037.988
                ],
                [
                    509.952,
                    1037.988
                ],
                [
                    494.01599999999996,
                    1041.984
                ],
                [
                    490.94399999999996,
                    1055.052
                ],
                [
                    476.928,
                    1073.952
                ],
                [
                    476.928,
                    1080
                ]
            ]
        },
        {
            "ID": "4",
            "CLASS": "페트병",
            "DETAILS": "무색단일",
            "DAMAGE": "원형",
            "DIRTINESS": "이물질(내부)",
            "COVER": "겹침",
            "TRANSPARENCY": "투명",
            "SHAPE": "물통형",
            "SHAPE_TYPE": "POLYGON",
            "POINTS": [
                [
                    278.976,
                    1007.964
                ],
                [
                    265.92,
                    1006.02
                ],
                [
                    249.02400000000003,
                    999
                ],
                [
                    244.03199999999998,
                    999
                ],
                [
                    239.04,
                    996.948
                ],
                [
                    224.064,
                    990.036
                ],
                [
                    220.03199999999998,
                    984.96
                ],
                [
                    214.08,
                    983.988
                ],
                [
                    203.904,
                    976.968
                ],
                [
                    193.92000000000002,
                    960.984
                ],
                [
                    191.04000000000002,
                    947.052
                ],
                [
                    191.04000000000002,
                    918
                ],
                [
                    203.904,
                    883.98
                ],
                [
                    216.96,
                    837
                ],
                [
                    229.056,
                    807.948
                ],
                [
                    236.928,
                    767.0160000000001
                ],
                [
                    245.952,
                    743.04
                ],
                [
                    249.02400000000003,
                    726.948
                ],
                [
                    268.992,
                    678.9960000000001
                ],
                [
                    275.904,
                    645.948
                ],
                [
                    302.976,
                    562.0319999999999
                ],
                [
                    308.928,
                    550.044
                ],
                [
                    321.984,
                    533.952
                ],
                [
                    340.992,
                    515.052
                ],
                [
                    361.92,
                    500.04
                ],
                [
                    382.08000000000004,
                    475.95599999999996
                ],
                [
                    384.96000000000004,
                    455.004
                ],
                [
                    389.952,
                    446.03999999999996
                ],
                [
                    392.06399999999996,
                    432.972
                ],
                [
                    399.93600000000004,
                    415.044
                ],
                [
                    404.928,
                    409.968
                ],
                [
                    411.072,
                    409.968
                ],
                [
                    460.03200000000004,
                    424.008
                ],
                [
                    479.04,
                    432.972
                ],
                [
                    489.02399999999994,
                    440.964
                ],
                [
                    489.02399999999994,
                    447.984
                ],
                [
                    484.032,
                    458.02799999999996
                ],
                [
                    484.032,
                    463.96799999999996
                ],
                [
                    479.04,
                    474.012
                ],
                [
                    475.968,
                    488.052
                ],
                [
                    466.944,
                    496.044
                ],
                [
                    465.984,
                    506.952
                ],
                [
                    466.944,
                    525.96
                ],
                [
                    471.936,
                    533.952
                ],
                [
                    479.04,
                    559.9799999999999
                ],
                [
                    479.04,
                    569.052
                ],
                [
                    481.92,
                    574.02
                ],
                [
                    481.92,
                    612.036
                ],
                [
                    471.936,
                    643.032
                ],
                [
                    466.944,
                    648
                ],
                [
                    465.984,
                    667.008
                ],
                [
                    450.048,
                    721.98
                ],
                [
                    450.048,
                    736.02
                ],
                [
                    444.096,
                    745.956
                ],
                [
                    444.096,
                    755.028
                ],
                [
                    437.952,
                    764.964
                ],
                [
                    433.92,
                    786.024
                ],
                [
                    402.048,
                    860.004
                ],
                [
                    382.08000000000004,
                    913.032
                ],
                [
                    380.928,
                    952.992
                ],
                [
                    370.944,
                    976.968
                ],
                [
                    354.048,
                    995.976
                ],
                [
                    334.08,
                    1003.968
                ],
                [
                    316.032,
                    1007.964
                ]
            ]
        }
    ]
}