{
    "IMAGE_INFO": {
        "FILE_NAME": "1000147@0_03001_220913_P1_T3__1981.jpg",
        "DATE": "2022-11-01 04:20:27",
        "RESOLUTION": "1920 x 1080",
        "IMAGE_PHOTOGRAPHER": "김보배",
        "FOCUS_DISTANCE": "7.1",
        "EXPOSURE_TIME": "1/400",
        "SENSITIVITY_ISO": "5000",
        "PLACE": "삼오자원",
        "REGION_NAME": null,
        "Direction": "0",
        "HEIGHT": "100",
        "DAY/NIGHT": "주간",
        "WEATHER": "맑음",
        "IMAGE_HEIGHT": 1080,
        "IMAGE_WIDTH": 1920,
        "IMAGE_SIZE": "597.3 KB"
    },
    "ANNOTATION_INFO": [
        {
            "ID": "1",
            "CLASS": "페트병",
            "DETAILS": "무색단일",
            "DAMAGE": "원형",
            "DIRTINESS": "이물질(외부)",
            "COVER": "없음",
            "TRANSPARENCY": "투명",
            "SHAPE": "물통형",
            "SHAPE_TYPE": "POLYGON",
            "POINTS": [
                [
                    637.0559999999999,
                    455.004
                ],
                [
                    627.072,
                    454.032
                ],
                [
                    619.008,
                    450.036
                ],
                [
                    610.944,
                    443.016
                ],
                [
                    598.08,
                    424.98
                ],
                [
                    593.088,
                    424.008
                ],
                [
                    589.056,
                    420.984
                ],
                [
                    589.056,
                    419.04
                ],
                [
                    579.072,
                    409.968
                ],
                [
                    564.096,
                    385.992
                ],
                [
                    557.952,
                    370.98
                ],
                [
                    539.904,
                    355.968
                ],
                [
                    529.9200000000001,
                    342.036
                ],
                [
                    513.024,
                    326.052
                ],
                [
                    484.99199999999996,
                    293.976
                ],
                [
                    471.936,
                    276.048
                ],
                [
                    460.03200000000004,
                    266.976
                ],
                [
                    442.94399999999996,
                    243
                ],
                [
                    420.096,
                    219.99599999999998
                ],
                [
                    402.048,
                    195.048
                ],
                [
                    392.06399999999996,
                    189.972
                ],
                [
                    351.936,
                    146.016
                ],
                [
                    346.944,
                    131.976
                ],
                [
                    349.056,
                    77.976
                ],
                [
                    340.992,
                    73.98
                ],
                [
                    331.968,
                    65.988
                ],
                [
                    331.968,
                    50.976
                ],
                [
                    341.952,
                    31.968
                ],
                [
                    355.968,
                    15.011999999999999
                ],
                [
                    359.04,
                    11.988000000000001
                ],
                [
                    370.944,
                    6.048
                ],
                [
                    375.936,
                    0
                ],
                [
                    399.93600000000004,
                    0
                ],
                [
                    408.96,
                    6.048
                ],
                [
                    413.952,
                    15.984
                ],
                [
                    422.01599999999996,
                    23.003999999999998
                ],
                [
                    427.008,
                    24.948
                ],
                [
                    456.96,
                    24.948
                ],
                [
                    466.944,
                    22.032
                ],
                [
                    471.936,
                    23.003999999999998
                ],
                [
                    490.94399999999996,
                    37.044
                ],
                [
                    519.9359999999999,
                    69.984
                ],
                [
                    531.072,
                    88.02000000000001
                ],
                [
                    564.096,
                    120.96000000000001
                ],
                [
                    633.984,
                    197.964
                ],
                [
                    653.952,
                    216.972
                ],
                [
                    657.024,
                    223.01999999999998
                ],
                [
                    663.936,
                    227.988
                ],
                [
                    676.9920000000001,
                    243
                ],
                [
                    678.912,
                    247.968
                ],
                [
                    718.08,
                    280.044
                ],
                [
                    724.992,
                    286.956
                ],
                [
                    737.0880000000001,
                    304.99199999999996
                ],
                [
                    754.944,
                    323.02799999999996
                ],
                [
                    758.016,
                    330.048
                ],
                [
                    758.016,
                    354.996
                ],
                [
                    742.08,
                    384.048
                ],
                [
                    734.976,
                    392.03999999999996
                ],
                [
                    696.96,
                    424.98
                ],
                [
                    681.984,
                    435.996
                ],
                [
                    657.024,
                    450.036
                ],
                [
                    637.0559999999999,
                    455.004
                ]
            ]
        },
        {
            "ID": "2",
            "CLASS": "페트병",
            "DETAILS": "무색단일",
            "DAMAGE": "원형",
            "DIRTINESS": "오염없음",
            "COVER": "없음",
            "TRANSPARENCY": "투명",
            "SHAPE": "물통형",
            "SHAPE_TYPE": "POLYGON",
            "POINTS": [
                [
                    637.0559999999999,
                    712.044
                ],
                [
                    634.944,
                    709.992
                ],
                [
                    624.96,
                    709.02
                ],
                [
                    591.936,
                    693.0360000000001
                ],
                [
                    569.088,
                    678.9960000000001
                ],
                [
                    537.984,
                    655.0200000000001
                ],
                [
                    521.088,
                    644.976
                ],
                [
                    503.04,
                    628.9920000000001
                ],
                [
                    499.968,
                    621.972
                ],
                [
                    499.968,
                    608.04
                ],
                [
                    507.072,
                    593.028
                ],
                [
                    518.976,
                    578.016
                ],
                [
                    521.088,
                    571.968
                ],
                [
                    526.08,
                    569.052
                ],
                [
                    534.912,
                    552.96
                ],
                [
                    547.0079999999999,
                    539.028
                ],
                [
                    555.072,
                    520.992
                ],
                [
                    561.024,
                    515.052
                ],
                [
                    561.984,
                    509.976
                ],
                [
                    567.936,
                    505.00800000000004
                ],
                [
                    569.088,
                    500.04
                ],
                [
                    588.096,
                    478.008
                ],
                [
                    600.96,
                    467.964
                ],
                [
                    601.92,
                    462.024
                ],
                [
                    610.944,
                    451.97999999999996
                ],
                [
                    614.016,
                    450.036
                ],
                [
                    620.928,
                    450.036
                ],
                [
                    629.952,
                    452.952
                ],
                [
                    643.968,
                    451.97999999999996
                ],
                [
                    662.976,
                    446.03999999999996
                ],
                [
                    666.048,
                    443.016
                ],
                [
                    670.0799999999999,
                    443.016
                ],
                [
                    705.024,
                    417.96000000000004
                ],
                [
                    734.016,
                    389.988
                ],
                [
                    748.032,
                    370.00800000000004
                ],
                [
                    754.944,
                    355.968
                ],
                [
                    758.016,
                    332.964
                ],
                [
                    754.944,
                    324
                ],
                [
                    735.9359999999999,
                    304.99199999999996
                ],
                [
                    724.0319999999999,
                    286.956
                ],
                [
                    724.992,
                    281.988
                ],
                [
                    769.9200000000001,
                    227.016
                ],
                [
                    777.024,
                    224.96400000000003
                ],
                [
                    786.048,
                    218.052
                ],
                [
                    790.0799999999999,
                    218.052
                ],
                [
                    814.0799999999999,
                    200.016
                ],
                [
                    822.9119999999999,
                    196.99200000000002
                ],
                [
                    857.0880000000001,
                    150.012
                ],
                [
                    864,
                    142.992
                ],
                [
                    868.032,
                    142.02
                ],
                [
                    870.912,
                    142.02
                ],
                [
                    875.904,
                    142.992
                ],
                [
                    893.952,
                    151.956
                ],
                [
                    916.032,
                    168.04799999999997
                ],
                [
                    927.936,
                    178.956
                ],
                [
                    930.048,
                    184.03199999999998
                ],
                [
                    926.976,
                    195.048
                ],
                [
                    906.048,
                    216
                ],
                [
                    897.024,
                    220.96800000000002
                ],
                [
                    888,
                    230.04
                ],
                [
                    884.928,
                    235.98
                ],
                [
                    884.928,
                    250.992
                ],
                [
                    894.912,
                    280.044
                ],
                [
                    893.952,
                    313.956
                ],
                [
                    888,
                    326.052
                ],
                [
                    887.0400000000001,
                    336.96
                ],
                [
                    878.016,
                    355.968
                ],
                [
                    865.9200000000001,
                    374.004
                ],
                [
                    859.008,
                    378.972
                ],
                [
                    846.912,
                    393.012
                ],
                [
                    833.088,
                    416.01599999999996
                ],
                [
                    819.072,
                    432
                ],
                [
                    800.0640000000001,
                    463.96799999999996
                ],
                [
                    795.072,
                    469.04400000000004
                ],
                [
                    792.9599999999999,
                    469.04400000000004
                ],
                [
                    786.048,
                    478.008
                ],
                [
                    754.944,
                    529.956
                ],
                [
                    724.992,
                    590.004
                ],
                [
                    662.976,
                    690.984
                ],
                [
                    646.08,
                    709.992
                ],
                [
                    637.0559999999999,
                    712.044
                ]
            ]
        }
    ]
}