{
    "IMAGE_INFO": {
        "FILE_NAME": "1000965@0_03001_220913_P1_T3__0691.jpg",
        "DATE": "2022-11-01 04:20:44",
        "RESOLUTION": "1920 x 1080",
        "IMAGE_PHOTOGRAPHER": "김보배",
        "FOCUS_DISTANCE": "7.1",
        "EXPOSURE_TIME": "1/400",
        "SENSITIVITY_ISO": "5000",
        "PLACE": "삼오자원",
        "REGION_NAME": null,
        "Direction": "0",
        "HEIGHT": "100",
        "DAY/NIGHT": "주간",
        "WEATHER": "맑음",
        "IMAGE_HEIGHT": 1080,
        "IMAGE_WIDTH": 1920,
        "IMAGE_SIZE": "623.2 KB"
    },
    "ANNOTATION_INFO": [
        {
            "ID": "1",
            "CLASS": "페트병",
            "DETAILS": "무색단일",
            "DAMAGE": "찌그러짐",
            "DIRTINESS": "오염없음",
            "COVER": "겹침",
            "TRANSPARENCY": "투명",
            "SHAPE": "기타 형태",
            "SHAPE_TYPE": "POLYGON",
            "POINTS": [
                [
                    999.936,
                    1080
                ],
                [
                    987.072,
                    1057.968
                ],
                [
                    969.9839999999999,
                    1037.016
                ],
                [
                    969.0240000000001,
                    1032.048
                ],
                [
                    953.088,
                    1010.988
                ],
                [
                    944.0640000000001,
                    991.98
                ],
                [
                    939.072,
                    987.0120000000001
                ],
                [
                    937.92,
                    979.992
                ],
                [
                    931.008,
                    972.972
                ],
                [
                    930.048,
                    967.0319999999999
                ],
                [
                    925.056,
                    961.956
                ],
                [
                    924.096,
                    953.9639999999999
                ],
                [
                    911.04,
                    926.9639999999999
                ],
                [
                    907.968,
                    924.048
                ],
                [
                    905.088,
                    914.004
                ],
                [
                    900.096,
                    906.984
                ],
                [
                    898.944,
                    901.0440000000001
                ],
                [
                    892.9920000000001,
                    893.052
                ],
                [
                    884.928,
                    874.044
                ],
                [
                    886.08,
                    836.028
                ],
                [
                    884.928,
                    822.96
                ],
                [
                    878.976,
                    810
                ],
                [
                    878.976,
                    793.044
                ],
                [
                    882.048,
                    786.996
                ],
                [
                    883.0079999999999,
                    771.984
                ],
                [
                    886.08,
                    763.02
                ],
                [
                    935.04,
                    748.98
                ],
                [
                    955.008,
                    740.988
                ],
                [
                    966.912,
                    737.964
                ],
                [
                    974.9760000000001,
                    733.968
                ],
                [
                    983.9999999999999,
                    732.996
                ],
                [
                    992.0640000000001,
                    729
                ],
                [
                    999.936,
                    728.028
                ],
                [
                    1012.032,
                    722.952
                ],
                [
                    1025.0880000000002,
                    713.016
                ],
                [
                    1054.0800000000002,
                    678.9960000000001
                ],
                [
                    1064.064,
                    675
                ],
                [
                    1084.032,
                    671.0039999999999
                ],
                [
                    1123.968,
                    671.0039999999999
                ],
                [
                    1151.04,
                    675
                ],
                [
                    1165.056,
                    678.9960000000001
                ],
                [
                    1171.008,
                    682.02
                ],
                [
                    1184.064,
                    691.956
                ],
                [
                    1194.048,
                    709.02
                ],
                [
                    1195.968,
                    717.0120000000001
                ],
                [
                    1201.92,
                    725.976
                ],
                [
                    1211.904,
                    736.02
                ],
                [
                    1211.904,
                    748.98
                ],
                [
                    1215.936,
                    762.048
                ],
                [
                    1215.936,
                    771.984
                ],
                [
                    1219.008,
                    779.004
                ],
                [
                    1220.928,
                    813.024
                ],
                [
                    1219.008,
                    874.044
                ],
                [
                    1214.976,
                    915.948
                ],
                [
                    1220.928,
                    940.0319999999999
                ],
                [
                    1220.928,
                    963.0360000000001
                ],
                [
                    1222.08,
                    975.024
                ],
                [
                    1225.9199999999998,
                    987.0120000000001
                ],
                [
                    1227.0720000000001,
                    1022.004
                ],
                [
                    1229.952,
                    1029.996
                ],
                [
                    1229.952,
                    1045.008
                ],
                [
                    1234.944,
                    1055.052
                ],
                [
                    1236.096,
                    1080
                ],
                [
                    999.936,
                    1080
                ]
            ]
        }
    ]
}