{
    "IMAGE_INFO": {
        "FILE_NAME": "1000232@0_03001_220913_P1_T3__2053.jpg",
        "DATE": "2022-11-01 04:20:30",
        "RESOLUTION": "1920 x 1080",
        "IMAGE_PHOTOGRAPHER": "김보배",
        "FOCUS_DISTANCE": "7.1",
        "EXPOSURE_TIME": "1/400",
        "SENSITIVITY_ISO": "5000",
        "PLACE": "삼오자원",
        "REGION_NAME": null,
        "Direction": "0",
        "HEIGHT": "100",
        "DAY/NIGHT": "주간",
        "WEATHER": "맑음",
        "IMAGE_HEIGHT": 1080,
        "IMAGE_WIDTH": 1920,
        "IMAGE_SIZE": "607.1 KB"
    },
    "ANNOTATION_INFO": [
        {
            "ID": "1",
            "CLASS": "페트병",
            "DETAILS": "무색단일",
            "DAMAGE": "찌그러짐",
            "DIRTINESS": "오염없음",
            "COVER": "없음",
            "TRANSPARENCY": "투명",
            "SHAPE": "물통형",
            "SHAPE_TYPE": "POLYGON",
            "POINTS": [
                [
                    1809.0240000000001,
                    504.036
                ],
                [
                    1804.032,
                    501.012
                ],
                [
                    1791.9360000000001,
                    486.97200000000004
                ],
                [
                    1790.016,
                    481.03200000000004
                ],
                [
                    1785.9840000000002,
                    479.952
                ],
                [
                    1772.9279999999999,
                    466.992
                ],
                [
                    1772.9279999999999,
                    451.97999999999996
                ],
                [
                    1770.048,
                    443.988
                ],
                [
                    1763.904,
                    438.048
                ],
                [
                    1748.928,
                    431.028
                ],
                [
                    1737.984,
                    429.94800000000004
                ],
                [
                    1733.952,
                    427.032
                ],
                [
                    1729.92,
                    427.032
                ],
                [
                    1723.968,
                    421.956
                ],
                [
                    1716.096,
                    419.04
                ],
                [
                    1708.032,
                    417.96000000000004
                ],
                [
                    1698.048,
                    412.02
                ],
                [
                    1688.0639999999999,
                    408.996
                ],
                [
                    1675.968,
                    397.98
                ],
                [
                    1670.9759999999999,
                    389.988
                ],
                [
                    1673.088,
                    378.972
                ],
                [
                    1660.992,
                    344.952
                ],
                [
                    1654.0800000000002,
                    282.96000000000004
                ],
                [
                    1646.0159999999998,
                    263.952
                ],
                [
                    1645.056,
                    255.95999999999998
                ],
                [
                    1641.0240000000001,
                    250.02
                ],
                [
                    1640.0639999999999,
                    238.032
                ],
                [
                    1636.032,
                    227.016
                ],
                [
                    1637.952,
                    212.976
                ],
                [
                    1641.984,
                    207.036
                ],
                [
                    1660.0320000000002,
                    192.996
                ],
                [
                    1664.064,
                    185.00400000000002
                ],
                [
                    1664.064,
                    176.04000000000002
                ],
                [
                    1656.96,
                    159.948
                ],
                [
                    1656,
                    0
                ],
                [
                    1809.984,
                    0
                ],
                [
                    1814.976,
                    18.035999999999998
                ],
                [
                    1814.976,
                    30.996
                ],
                [
                    1818.048,
                    39.96
                ],
                [
                    1819.008,
                    73.98
                ],
                [
                    1823.04,
                    95.03999999999999
                ],
                [
                    1822.08,
                    110.052
                ],
                [
                    1813.056,
                    130.03199999999998
                ],
                [
                    1813.056,
                    142.02
                ],
                [
                    1818.048,
                    157.032
                ],
                [
                    1819.008,
                    173.01600000000002
                ],
                [
                    1824,
                    191.052
                ],
                [
                    1824,
                    246.99599999999998
                ],
                [
                    1820.928,
                    294.94800000000004
                ],
                [
                    1843.968,
                    354.024
                ],
                [
                    1842.048,
                    397.008
                ],
                [
                    1851.072,
                    409.968
                ],
                [
                    1862.976,
                    409.968
                ],
                [
                    1865.0880000000002,
                    419.04
                ],
                [
                    1867.968,
                    421.956
                ],
                [
                    1870.08,
                    436.968
                ],
                [
                    1878.912,
                    448.956
                ],
                [
                    1882.944,
                    459
                ],
                [
                    1880.0639999999999,
                    465.048
                ],
                [
                    1875.0720000000001,
                    467.964
                ],
                [
                    1870.08,
                    474.012
                ],
                [
                    1866.048,
                    474.98400000000004
                ],
                [
                    1862.976,
                    479.952
                ],
                [
                    1856.064,
                    481.03200000000004
                ],
                [
                    1853.952,
                    483.948
                ],
                [
                    1844.9279999999999,
                    486.97200000000004
                ],
                [
                    1839.9360000000001,
                    492.048
                ],
                [
                    1833.024,
                    493.02000000000004
                ],
                [
                    1814.0159999999998,
                    504.036
                ],
                [
                    1809.0240000000001,
                    504.036
                ]
            ]
        },
        {
            "ID": "2",
            "CLASS": "페트병",
            "DETAILS": "무색단일",
            "DAMAGE": "찌그러짐",
            "DIRTINESS": "오염없음",
            "COVER": "겹침",
            "TRANSPARENCY": "투명",
            "SHAPE": "기타 형태",
            "SHAPE_TYPE": "POLYGON",
            "POINTS": [
                [
                    879.9359999999999,
                    906.984
                ],
                [
                    873.984,
                    902.9879999999999
                ],
                [
                    865.9200000000001,
                    893.052
                ],
                [
                    840,
                    867.996
                ],
                [
                    825.984,
                    860.976
                ],
                [
                    821.952,
                    856.0079999999999
                ],
                [
                    817.92,
                    856.0079999999999
                ],
                [
                    817.92,
                    853.9559999999999
                ],
                [
                    811.968,
                    849.96
                ],
                [
                    801.984,
                    849.96
                ],
                [
                    779.904,
                    844.992
                ],
                [
                    758.016,
                    844.992
                ],
                [
                    748.032,
                    847.044
                ],
                [
                    734.016,
                    847.044
                ],
                [
                    725.952,
                    848.016
                ],
                [
                    720.96,
                    849.96
                ],
                [
                    714.048,
                    849.96
                ],
                [
                    704.0640000000001,
                    852.0120000000001
                ],
                [
                    691.968,
                    859.032
                ],
                [
                    685.056,
                    859.032
                ],
                [
                    668.928,
                    851.0400000000001
                ],
                [
                    646.08,
                    844.992
                ],
                [
                    643.968,
                    841.968
                ],
                [
                    644.928,
                    821.9879999999999
                ],
                [
                    652.032,
                    798.0120000000001
                ],
                [
                    666.048,
                    771.012
                ],
                [
                    680.0640000000001,
                    752.004
                ],
                [
                    715.9680000000001,
                    718.9559999999999
                ],
                [
                    734.016,
                    691.956
                ],
                [
                    758.016,
                    667.008
                ],
                [
                    772.032,
                    658.044
                ],
                [
                    806.016,
                    648.972
                ],
                [
                    817.92,
                    648
                ],
                [
                    845.952,
                    648.972
                ],
                [
                    862.08,
                    651.996
                ],
                [
                    879.9359999999999,
                    651.996
                ],
                [
                    913.92,
                    668.952
                ],
                [
                    936.96,
                    686.9879999999999
                ],
                [
                    937.92,
                    690.984
                ],
                [
                    954.048,
                    709.02
                ],
                [
                    955.008,
                    714.96
                ],
                [
                    959.04,
                    718.9559999999999
                ],
                [
                    965.952,
                    739.044
                ],
                [
                    970.9440000000001,
                    745.956
                ],
                [
                    973.056,
                    766.0440000000001
                ],
                [
                    973.056,
                    806.976
                ],
                [
                    970.9440000000001,
                    817.02
                ],
                [
                    964.0319999999999,
                    833.004
                ],
                [
                    945.024,
                    860.004
                ],
                [
                    926.976,
                    879.012
                ],
                [
                    886.08,
                    906.984
                ],
                [
                    879.9359999999999,
                    906.984
                ]
            ]
        },
        {
            "ID": "3",
            "CLASS": "페트병",
            "DETAILS": "무색단일",
            "DAMAGE": "찌그러짐",
            "DIRTINESS": "이물질(외부)",
            "COVER": "겹침",
            "TRANSPARENCY": "투명",
            "SHAPE": "일반용기형",
            "SHAPE_TYPE": "POLYGON",
            "POINTS": [
                [
                    1757.952,
                    718.9559999999999
                ],
                [
                    1752,
                    717.9839999999999
                ],
                [
                    1728.96,
                    706.968
                ],
                [
                    1676.9279999999999,
                    675.972
                ],
                [
                    1665.9840000000002,
                    670.0319999999999
                ],
                [
                    1656,
                    667.008
                ],
                [
                    1637.952,
                    656.9639999999999
                ],
                [
                    1633.92,
                    652.9680000000001
                ],
                [
                    1613.952,
                    644.004
                ],
                [
                    1593.024,
                    629.964
                ],
                [
                    1560.9599999999998,
                    613.98
                ],
                [
                    1536.96,
                    604.044
                ],
                [
                    1502.016,
                    594
                ],
                [
                    1496.064,
                    590.004
                ],
                [
                    1489.92,
                    589.032
                ],
                [
                    1473.9840000000002,
                    581.0400000000001
                ],
                [
                    1446.912,
                    574.02
                ],
                [
                    1440.9599999999998,
                    570.024
                ],
                [
                    1409.088,
                    560.952
                ],
                [
                    1382.016,
                    550.044
                ],
                [
                    1376.064,
                    546.048
                ],
                [
                    1358.016,
                    540
                ],
                [
                    1349.952,
                    539.028
                ],
                [
                    1331.904,
                    531.0360000000001
                ],
                [
                    1323.0720000000001,
                    528.984
                ],
                [
                    1315.0079999999998,
                    523.044
                ],
                [
                    1315.0079999999998,
                    508.032
                ],
                [
                    1320.9599999999998,
                    496.044
                ],
                [
                    1323.0720000000001,
                    478.008
                ],
                [
                    1319.0400000000002,
                    473.04
                ],
                [
                    1291.008,
                    455.976
                ],
                [
                    1289.088,
                    452.952
                ],
                [
                    1291.008,
                    429.94800000000004
                ],
                [
                    1295.04,
                    424.008
                ],
                [
                    1300.992,
                    394.956
                ],
                [
                    1313.088,
                    385.992
                ],
                [
                    1316.9279999999999,
                    385.992
                ],
                [
                    1353.9840000000002,
                    402.948
                ],
                [
                    1362.048,
                    401.976
                ],
                [
                    1372.032,
                    396.036
                ],
                [
                    1387.968,
                    378.972
                ],
                [
                    1395.0720000000001,
                    374.004
                ],
                [
                    1401.0240000000001,
                    373.032
                ],
                [
                    1405.056,
                    374.004
                ],
                [
                    1422.912,
                    385.02
                ],
                [
                    1444.9920000000002,
                    401.976
                ],
                [
                    1464,
                    419.04
                ],
                [
                    1465.9199999999998,
                    423.036
                ],
                [
                    1520.0639999999999,
                    466.02
                ],
                [
                    1546.944,
                    482.976
                ],
                [
                    1556.9279999999999,
                    493.99199999999996
                ],
                [
                    1573.056,
                    505.98
                ],
                [
                    1583.04,
                    510.94800000000004
                ],
                [
                    1601.088,
                    516.024
                ],
                [
                    1623.936,
                    520.02
                ],
                [
                    1699.008,
                    531.0360000000001
                ],
                [
                    1710.912,
                    531.0360000000001
                ],
                [
                    1745.0880000000002,
                    536.976
                ],
                [
                    1760.0639999999999,
                    540.972
                ],
                [
                    1776,
                    552.96
                ],
                [
                    1791.9360000000001,
                    574.02
                ],
                [
                    1800,
                    594
                ],
                [
                    1805.952,
                    621.972
                ],
                [
                    1809.984,
                    628.02
                ],
                [
                    1811.904,
                    654.048
                ],
                [
                    1804.032,
                    678.024
                ],
                [
                    1795.968,
                    690.984
                ],
                [
                    1784.064,
                    705.996
                ],
                [
                    1766.0159999999998,
                    717.9839999999999
                ],
                [
                    1757.952,
                    718.9559999999999
                ]
            ]
        }
    ]
}