{
    "IMAGE_INFO": {
        "FILE_NAME": "1000992@0_03001_220913_P1_T3__0558.jpg",
        "DATE": "2022-11-01 04:20:39",
        "RESOLUTION": "1920 x 1080",
        "IMAGE_PHOTOGRAPHER": "김보배",
        "FOCUS_DISTANCE": "7.1",
        "EXPOSURE_TIME": "1/400",
        "SENSITIVITY_ISO": "5000",
        "PLACE": "삼오자원",
        "REGION_NAME": null,
        "Direction": "0",
        "HEIGHT": "100",
        "DAY/NIGHT": "주간",
        "WEATHER": "맑음",
        "IMAGE_HEIGHT": 1080,
        "IMAGE_WIDTH": 1920,
        "IMAGE_SIZE": "600.1 KB"
    },
    "ANNOTATION_INFO": [
        {
            "ID": "1",
            "CLASS": "페트병",
            "DETAILS": "무색단일",
            "DAMAGE": "찌그러짐",
            "DIRTINESS": "오염없음",
            "COVER": "겹침",
            "TRANSPARENCY": "투명",
            "SHAPE": "물통형",
            "SHAPE_TYPE": "POLYGON",
            "POINTS": [
                [
                    1579.008,
                    925.0200000000001
                ],
                [
                    1551.9360000000001,
                    921.024
                ],
                [
                    1531.008,
                    914.004
                ],
                [
                    1517.952,
                    913.032
                ],
                [
                    1507.968,
                    898.02
                ],
                [
                    1508.928,
                    871.992
                ],
                [
                    1512.96,
                    864.972
                ],
                [
                    1515.0720000000001,
                    851.0400000000001
                ],
                [
                    1501.056,
                    829.0079999999999
                ],
                [
                    1484.9279999999999,
                    813.9960000000001
                ],
                [
                    1483.008,
                    809.028
                ],
                [
                    1472.064,
                    802.008
                ],
                [
                    1449.0240000000001,
                    767.0160000000001
                ],
                [
                    1441.92,
                    747.036
                ],
                [
                    1398.912,
                    710.9639999999999
                ],
                [
                    1396.032,
                    705.024
                ],
                [
                    1382.976,
                    693.0360000000001
                ],
                [
                    1367.04,
                    681.048
                ],
                [
                    1362.048,
                    663.984
                ],
                [
                    1358.016,
                    660.96
                ],
                [
                    1353.024,
                    660.96
                ],
                [
                    1320.9599999999998,
                    645.948
                ],
                [
                    1302.912,
                    633.9599999999999
                ],
                [
                    1296,
                    624.996
                ],
                [
                    1286.976,
                    617.976
                ],
                [
                    1271.04,
                    587.952
                ],
                [
                    1263.936,
                    562.0319999999999
                ],
                [
                    1262.016,
                    540.972
                ],
                [
                    1258.944,
                    537.948
                ],
                [
                    1246.08,
                    532.0079999999999
                ],
                [
                    1214.0159999999998,
                    490.968
                ],
                [
                    1214.0159999999998,
                    483.948
                ],
                [
                    1228.032,
                    461.052
                ],
                [
                    1241.088,
                    448.956
                ],
                [
                    1258.944,
                    439.99199999999996
                ],
                [
                    1259.904,
                    436.968
                ],
                [
                    1267.968,
                    432
                ],
                [
                    1275.0720000000001,
                    432
                ],
                [
                    1285.056,
                    436.968
                ],
                [
                    1296,
                    447.984
                ],
                [
                    1309.056,
                    454.032
                ],
                [
                    1323.0720000000001,
                    463.96799999999996
                ],
                [
                    1325.952,
                    473.04
                ],
                [
                    1331.904,
                    478.008
                ],
                [
                    1353.024,
                    482.00399999999996
                ],
                [
                    1377.984,
                    490.968
                ],
                [
                    1388.928,
                    497.016
                ],
                [
                    1415.04,
                    517.9680000000001
                ],
                [
                    1438.08,
                    544.9680000000001
                ],
                [
                    1446.912,
                    560.952
                ],
                [
                    1453.056,
                    564.948
                ],
                [
                    1483.008,
                    614.952
                ],
                [
                    1503.936,
                    643.032
                ],
                [
                    1531.008,
                    693.0360000000001
                ],
                [
                    1540.0320000000002,
                    705.024
                ],
                [
                    1540.992,
                    710.9639999999999
                ],
                [
                    1556.9279999999999,
                    736.992
                ],
                [
                    1568.0639999999999,
                    749.952
                ],
                [
                    1594.944,
                    794.016
                ],
                [
                    1604.9279999999999,
                    814.9680000000001
                ],
                [
                    1622.976,
                    840.996
                ],
                [
                    1632,
                    847.044
                ],
                [
                    1636.992,
                    848.016
                ],
                [
                    1646.0159999999998,
                    844.992
                ],
                [
                    1652.9279999999999,
                    844.992
                ],
                [
                    1655.04,
                    861.948
                ],
                [
                    1652.9279999999999,
                    868.968
                ],
                [
                    1647.936,
                    883.008
                ],
                [
                    1636.992,
                    901.0440000000001
                ],
                [
                    1621.056,
                    913.032
                ],
                [
                    1604.9279999999999,
                    921.024
                ],
                [
                    1594.944,
                    924.048
                ],
                [
                    1579.008,
                    925.0200000000001
                ]
            ]
        },
        {
            "ID": "2",
            "CLASS": "페트병",
            "DETAILS": "무색단일",
            "DAMAGE": "찌그러짐",
            "DIRTINESS": "오염없음",
            "COVER": "겹침",
            "TRANSPARENCY": "투명",
            "SHAPE": "물통형",
            "SHAPE_TYPE": "POLYGON",
            "POINTS": [
                [
                    1161.0240000000001,
                    816.048
                ],
                [
                    1152.96,
                    813.9960000000001
                ],
                [
                    1140.096,
                    806.0039999999999
                ],
                [
                    1129.92,
                    794.9879999999999
                ],
                [
                    1118.9759999999999,
                    789.048
                ],
                [
                    1117.056,
                    783
                ],
                [
                    1108.992,
                    780.948
                ],
                [
                    1104,
                    776.952
                ],
                [
                    1085.952,
                    779.004
                ],
                [
                    1068.096,
                    776.952
                ],
                [
                    1041.984,
                    768.9599999999999
                ],
                [
                    996.0960000000001,
                    732.024
                ],
                [
                    949.056,
                    705.996
                ],
                [
                    902.976,
                    675
                ],
                [
                    894.912,
                    672.948
                ],
                [
                    877.0559999999999,
                    659.016
                ],
                [
                    845.952,
                    643.032
                ],
                [
                    830.976,
                    631.0440000000001
                ],
                [
                    812.928,
                    623.052
                ],
                [
                    792,
                    604.044
                ],
                [
                    782.016,
                    590.004
                ],
                [
                    779.904,
                    575.9639999999999
                ],
                [
                    782.016,
                    555.0120000000001
                ],
                [
                    790.0799999999999,
                    540.972
                ],
                [
                    792,
                    520.992
                ],
                [
                    797.952,
                    515.052
                ],
                [
                    800.0640000000001,
                    506.952
                ],
                [
                    800.0640000000001,
                    492.048
                ],
                [
                    810.048,
                    459.972
                ],
                [
                    810.048,
                    432.972
                ],
                [
                    797.952,
                    320.976
                ],
                [
                    787.0079999999999,
                    307.044
                ],
                [
                    773.952,
                    297
                ],
                [
                    768.96,
                    297
                ],
                [
                    763.968,
                    293.00399999999996
                ],
                [
                    750.912,
                    290.952
                ],
                [
                    730.944,
                    290.952
                ],
                [
                    695.04,
                    297
                ],
                [
                    614.976,
                    300.996
                ],
                [
                    604.0319999999999,
                    290.952
                ],
                [
                    604.0319999999999,
                    250.02
                ],
                [
                    611.904,
                    234.036
                ],
                [
                    622.08,
                    219.99599999999998
                ],
                [
                    629.952,
                    213.948
                ],
                [
                    634.944,
                    203.04
                ],
                [
                    668.928,
                    177.012
                ],
                [
                    686.976,
                    166.968
                ],
                [
                    713.088,
                    146.016
                ],
                [
                    723.072,
                    135.972
                ],
                [
                    724.992,
                    127.97999999999999
                ],
                [
                    735.9359999999999,
                    123.984
                ],
                [
                    743.04,
                    115.99199999999999
                ],
                [
                    750.912,
                    115.99199999999999
                ],
                [
                    761.088,
                    110.052
                ],
                [
                    772.032,
                    110.052
                ],
                [
                    785.088,
                    101.952
                ],
                [
                    795.072,
                    89.964
                ],
                [
                    797.952,
                    81
                ],
                [
                    802.9440000000001,
                    77.004
                ],
                [
                    816,
                    70.95599999999999
                ],
                [
                    834.048,
                    69.012
                ],
                [
                    864,
                    69.012
                ],
                [
                    879.9359999999999,
                    54.972
                ],
                [
                    897.984,
                    54.972
                ],
                [
                    911.04,
                    61.02
                ],
                [
                    931.008,
                    97.956
                ],
                [
                    949.056,
                    110.052
                ],
                [
                    956.928,
                    111.996
                ],
                [
                    961.92,
                    123.984
                ],
                [
                    969.9839999999999,
                    134.028
                ],
                [
                    979.968,
                    185.00400000000002
                ],
                [
                    990.912,
                    203.04
                ],
                [
                    993.024,
                    230.04
                ],
                [
                    1003.9680000000001,
                    259.956
                ],
                [
                    1006.08,
                    289.008
                ],
                [
                    1018.944,
                    350.028
                ],
                [
                    1027.008,
                    370.00800000000004
                ],
                [
                    1028.928,
                    397.008
                ],
                [
                    1033.92,
                    407.052
                ],
                [
                    1046.976,
                    420.984
                ],
                [
                    1070.016,
                    431.028
                ],
                [
                    1099.008,
                    428.976
                ],
                [
                    1108.992,
                    424.98
                ],
                [
                    1124.9279999999999,
                    423.036
                ],
                [
                    1147.968,
                    423.036
                ],
                [
                    1155.0720000000001,
                    424.98
                ],
                [
                    1157.952,
                    432.972
                ],
                [
                    1167.936,
                    446.03999999999996
                ],
                [
                    1176,
                    467.964
                ],
                [
                    1179.072,
                    488.052
                ],
                [
                    1189.056,
                    509.004
                ],
                [
                    1191.9360000000001,
                    527.04
                ],
                [
                    1196.9279999999999,
                    535.032
                ],
                [
                    1199.0400000000002,
                    552.96
                ],
                [
                    1209.984,
                    575.9639999999999
                ],
                [
                    1211.904,
                    591.948
                ],
                [
                    1217.088,
                    597.996
                ],
                [
                    1219.9679999999998,
                    612.036
                ],
                [
                    1234.944,
                    647.028
                ],
                [
                    1233.024,
                    682.02
                ],
                [
                    1228.032,
                    690.0120000000001
                ],
                [
                    1211.904,
                    704.052
                ],
                [
                    1201.92,
                    720.036
                ],
                [
                    1194.048,
                    728.028
                ],
                [
                    1201.92,
                    732.024
                ],
                [
                    1209.984,
                    740.988
                ],
                [
                    1219.9679999999998,
                    760.968
                ],
                [
                    1219.9679999999998,
                    776.952
                ],
                [
                    1214.976,
                    790.9920000000001
                ],
                [
                    1204.032,
                    803.952
                ],
                [
                    1194.048,
                    812.052
                ],
                [
                    1180.992,
                    816.048
                ],
                [
                    1161.0240000000001,
                    816.048
                ]
            ]
        }
    ]
}