{
    "IMAGE_INFO": {
        "FILE_NAME": "1000372@0_03001_220913_P1_T3__0511.jpg",
        "DATE": "2022-11-01 04:20:37",
        "RESOLUTION": "1920 x 1080",
        "IMAGE_PHOTOGRAPHER": "김보배",
        "FOCUS_DISTANCE": "7.1",
        "EXPOSURE_TIME": "1/400",
        "SENSITIVITY_ISO": "5000",
        "PLACE": "삼오자원",
        "REGION_NAME": null,
        "Direction": "0",
        "HEIGHT": "100",
        "DAY/NIGHT": "주간",
        "WEATHER": "맑음",
        "IMAGE_HEIGHT": 1080,
        "IMAGE_WIDTH": 1920,
        "IMAGE_SIZE": "685.1 KB"
    },
    "ANNOTATION_INFO": [
        {
            "ID": "1",
            "CLASS": "페트병",
            "DETAILS": "무색단일",
            "DAMAGE": "원형",
            "DIRTINESS": "이물질(외부)",
            "COVER": "없음",
            "TRANSPARENCY": "투명",
            "SHAPE": "물통형",
            "SHAPE_TYPE": "POLYGON",
            "POINTS": [
                [
                    802.9440000000001,
                    697.0319999999999
                ],
                [
                    788.928,
                    694.0079999999999
                ],
                [
                    774.912,
                    687.96
                ],
                [
                    766.08,
                    678.9960000000001
                ],
                [
                    759.9359999999999,
                    666.0360000000001
                ],
                [
                    758.976,
                    652.9680000000001
                ],
                [
                    763.968,
                    629.964
                ],
                [
                    748.992,
                    604.044
                ],
                [
                    738.048,
                    573.048
                ],
                [
                    737.0880000000001,
                    559.0079999999999
                ],
                [
                    742.08,
                    528.984
                ],
                [
                    752.064,
                    497.016
                ],
                [
                    758.976,
                    482.00399999999996
                ],
                [
                    759.9359999999999,
                    473.04
                ],
                [
                    776.064,
                    420.984
                ],
                [
                    778.944,
                    417.96000000000004
                ],
                [
                    779.904,
                    412.02
                ],
                [
                    798.912,
                    384.048
                ],
                [
                    798.912,
                    374.004
                ],
                [
                    805.056,
                    358.02000000000004
                ],
                [
                    802.9440000000001,
                    343.98
                ],
                [
                    805.056,
                    343.008
                ],
                [
                    807.936,
                    328.96799999999996
                ],
                [
                    810.048,
                    297
                ],
                [
                    812.928,
                    289.98
                ],
                [
                    814.0799999999999,
                    276.048
                ],
                [
                    820.992,
                    262.98
                ],
                [
                    825.024,
                    235.00799999999998
                ],
                [
                    829.056,
                    226.044
                ],
                [
                    845.952,
                    196.01999999999998
                ],
                [
                    858.048,
                    184.03199999999998
                ],
                [
                    867.072,
                    178.956
                ],
                [
                    886.08,
                    173.01600000000002
                ],
                [
                    907.968,
                    174.96
                ],
                [
                    916.032,
                    172.04399999999998
                ],
                [
                    922.9440000000001,
                    172.04399999999998
                ],
                [
                    934.0799999999999,
                    173.01600000000002
                ],
                [
                    942.9119999999999,
                    181.008
                ],
                [
                    950.0160000000001,
                    184.03199999999998
                ],
                [
                    961.92,
                    185.00400000000002
                ],
                [
                    975.9359999999999,
                    192.996
                ],
                [
                    983.9999999999999,
                    201.96
                ],
                [
                    996.0960000000001,
                    208.00799999999998
                ],
                [
                    1007.04,
                    211.03199999999998
                ],
                [
                    1025.0880000000002,
                    234.036
                ],
                [
                    1028.928,
                    243.97199999999998
                ],
                [
                    1028.928,
                    273.024
                ],
                [
                    1026.048,
                    277.992
                ],
                [
                    1026.048,
                    293.00399999999996
                ],
                [
                    1003.9680000000001,
                    351.97200000000004
                ],
                [
                    980.928,
                    401.976
                ],
                [
                    978.0479999999999,
                    405
                ],
                [
                    969.9839999999999,
                    432.972
                ],
                [
                    969.0240000000001,
                    451.97999999999996
                ],
                [
                    960.9599999999999,
                    493.99199999999996
                ],
                [
                    950.0160000000001,
                    509.004
                ],
                [
                    931.968,
                    567.972
                ],
                [
                    921.024,
                    589.032
                ],
                [
                    911.04,
                    614.952
                ],
                [
                    897.024,
                    628.9920000000001
                ],
                [
                    883.968,
                    636.012
                ],
                [
                    877.0559999999999,
                    641.952
                ],
                [
                    851.904,
                    654.048
                ],
                [
                    844.0319999999999,
                    667.98
                ],
                [
                    843.072,
                    674.028
                ],
                [
                    831.936,
                    689.04
                ],
                [
                    824.0640000000001,
                    694.0079999999999
                ],
                [
                    814.0799999999999,
                    697.0319999999999
                ],
                [
                    802.9440000000001,
                    697.0319999999999
                ]
            ]
        },
        {
            "ID": "2",
            "CLASS": "페트병",
            "DETAILS": "무색단일",
            "DAMAGE": "원형",
            "DIRTINESS": "이물질(외부)",
            "COVER": "없음",
            "TRANSPARENCY": "투명",
            "SHAPE": "물통형",
            "SHAPE_TYPE": "POLYGON",
            "POINTS": [
                [
                    644.928,
                    651.024
                ],
                [
                    581.952,
                    640.008
                ],
                [
                    569.088,
                    633.9599999999999
                ],
                [
                    556.032,
                    632.0160000000001
                ],
                [
                    534.912,
                    624.996
                ],
                [
                    504,
                    609.9839999999999
                ],
                [
                    475.00800000000004,
                    586.98
                ],
                [
                    457.91999999999996,
                    555.0120000000001
                ],
                [
                    457.91999999999996,
                    544.9680000000001
                ],
                [
                    465.984,
                    516.996
                ],
                [
                    483.072,
                    493.02000000000004
                ],
                [
                    483.072,
                    482.976
                ],
                [
                    498.04800000000006,
                    420.984
                ],
                [
                    543.936,
                    259.956
                ],
                [
                    561.024,
                    211.03199999999998
                ],
                [
                    576.96,
                    176.04000000000002
                ],
                [
                    576.96,
                    169.99200000000002
                ],
                [
                    590.0160000000001,
                    131.976
                ],
                [
                    603.072,
                    108.97200000000001
                ],
                [
                    604.992,
                    81
                ],
                [
                    610.944,
                    73.98
                ],
                [
                    613.0559999999999,
                    65.988
                ],
                [
                    620.928,
                    58.968
                ],
                [
                    628.032,
                    45.036
                ],
                [
                    628.032,
                    7.992
                ],
                [
                    632.064,
                    0
                ],
                [
                    917.952,
                    0
                ],
                [
                    912.9599999999999,
                    23.003999999999998
                ],
                [
                    892.032,
                    78.948
                ],
                [
                    882.048,
                    97.956
                ],
                [
                    867.072,
                    115.02
                ],
                [
                    860.928,
                    127.97999999999999
                ],
                [
                    863.04,
                    168.04799999999997
                ],
                [
                    838.08,
                    211.03199999999998
                ],
                [
                    822.9119999999999,
                    246.99599999999998
                ],
                [
                    822.9119999999999,
                    258.98400000000004
                ],
                [
                    816.96,
                    270
                ],
                [
                    811.008,
                    296.028
                ],
                [
                    801.984,
                    367.956
                ],
                [
                    796.032,
                    385.02
                ],
                [
                    781.056,
                    411.048
                ],
                [
                    771.072,
                    438.048
                ],
                [
                    759.9359999999999,
                    481.03200000000004
                ],
                [
                    749.952,
                    505.98
                ],
                [
                    740.928,
                    543.9960000000001
                ],
                [
                    729.024,
                    570.024
                ],
                [
                    726.912,
                    590.976
                ],
                [
                    720,
                    608.04
                ],
                [
                    720,
                    614.952
                ],
                [
                    714.048,
                    624.996
                ],
                [
                    699.072,
                    640.008
                ],
                [
                    684.096,
                    647.028
                ],
                [
                    661.056,
                    651.024
                ],
                [
                    644.928,
                    651.024
                ]
            ]
        },
        {
            "ID": "4",
            "CLASS": "페트병",
            "DETAILS": "무색단일",
            "DAMAGE": "원형",
            "DIRTINESS": "오염없음",
            "COVER": "겹침",
            "TRANSPARENCY": "투명",
            "SHAPE": "물통형",
            "SHAPE_TYPE": "POLYGON",
            "POINTS": [
                [
                    1116.096,
                    837.972
                ],
                [
                    1103.04,
                    834.948
                ],
                [
                    1095.936,
                    830.952
                ],
                [
                    1075.0079999999998,
                    790.9920000000001
                ],
                [
                    1057.92,
                    744.9839999999999
                ],
                [
                    1056,
                    729
                ],
                [
                    1051.008,
                    721.0079999999999
                ],
                [
                    1051.008,
                    716.0400000000001
                ],
                [
                    997.0559999999999,
                    570.996
                ],
                [
                    983.9999999999999,
                    525.96
                ],
                [
                    971.904,
                    470.988
                ],
                [
                    969.0240000000001,
                    459.972
                ],
                [
                    966.912,
                    459
                ],
                [
                    969.0240000000001,
                    444.96
                ],
                [
                    966.912,
                    428.00399999999996
                ],
                [
                    969.9839999999999,
                    419.04
                ],
                [
                    997.0559999999999,
                    365.04
                ],
                [
                    1008.9599999999999,
                    332.964
                ],
                [
                    1017.984,
                    316.97999999999996
                ],
                [
                    1018.944,
                    308.016
                ],
                [
                    1022.016,
                    304.99199999999996
                ],
                [
                    1026.048,
                    269.02799999999996
                ],
                [
                    1025.0880000000002,
                    231.012
                ],
                [
                    1030.08,
                    227.016
                ],
                [
                    1041.984,
                    227.016
                ],
                [
                    1062.912,
                    272.052
                ],
                [
                    1065.024,
                    282.96000000000004
                ],
                [
                    1062.912,
                    296.028
                ],
                [
                    1065.024,
                    303.048
                ],
                [
                    1076.9279999999999,
                    309.96
                ],
                [
                    1084.9920000000002,
                    320.976
                ],
                [
                    1099.008,
                    328.96799999999996
                ],
                [
                    1118.9759999999999,
                    344.952
                ],
                [
                    1140.096,
                    371.952
                ],
                [
                    1143.936,
                    381.024
                ],
                [
                    1165.056,
                    459.972
                ],
                [
                    1179.072,
                    497.988
                ],
                [
                    1180.0320000000002,
                    506.952
                ],
                [
                    1194.048,
                    544.9680000000001
                ],
                [
                    1208.0639999999999,
                    593.028
                ],
                [
                    1230.912,
                    651.996
                ],
                [
                    1243.008,
                    699.948
                ],
                [
                    1256.064,
                    735.048
                ],
                [
                    1253.952,
                    756.972
                ],
                [
                    1258.944,
                    763.9920000000001
                ],
                [
                    1258.944,
                    778.032
                ],
                [
                    1246.08,
                    798.0120000000001
                ],
                [
                    1233.024,
                    805.0319999999999
                ],
                [
                    1224,
                    813.9960000000001
                ],
                [
                    1190.016,
                    833.004
                ],
                [
                    1184.064,
                    834.948
                ],
                [
                    1157.952,
                    834.948
                ],
                [
                    1145.0880000000002,
                    837.972
                ],
                [
                    1116.096,
                    837.972
                ]
            ]
        },
        {
            "ID": "5",
            "CLASS": "페트병",
            "DETAILS": "무색단일",
            "DAMAGE": "찌그러짐",
            "DIRTINESS": "오염없음",
            "COVER": "겹침",
            "TRANSPARENCY": "투명",
            "SHAPE": "물통형",
            "SHAPE_TYPE": "POLYGON",
            "POINTS": [
                [
                    1177.92,
                    1010.988
                ],
                [
                    1155.0720000000001,
                    1006.992
                ],
                [
                    1131.072,
                    988.9559999999999
                ],
                [
                    1116.096,
                    979.992
                ],
                [
                    1113.024,
                    979.992
                ],
                [
                    1094.976,
                    965.952
                ],
                [
                    1068.096,
                    949.9680000000001
                ],
                [
                    1060.992,
                    941.976
                ],
                [
                    1026.048,
                    911.952
                ],
                [
                    1021.056,
                    905.04
                ],
                [
                    1011.0719999999999,
                    897.048
                ],
                [
                    983.9999999999999,
                    880.956
                ],
                [
                    912.9599999999999,
                    817.02
                ],
                [
                    878.976,
                    791.9639999999999
                ],
                [
                    865.9200000000001,
                    778.032
                ],
                [
                    841.92,
                    756.972
                ],
                [
                    821.952,
                    732.024
                ],
                [
                    819.072,
                    724.032
                ],
                [
                    820.992,
                    710.9639999999999
                ],
                [
                    830.0160000000001,
                    695.952
                ],
                [
                    839.04,
                    686.9879999999999
                ],
                [
                    849.9839999999999,
                    670.0319999999999
                ],
                [
                    854.976,
                    666.0360000000001
                ],
                [
                    855.9359999999999,
                    662.04
                ],
                [
                    868.032,
                    651.996
                ],
                [
                    868.992,
                    648
                ],
                [
                    875.904,
                    641.952
                ],
                [
                    907.968,
                    620.028
                ],
                [
                    921.024,
                    620.028
                ],
                [
                    948.096,
                    628.9920000000001
                ],
                [
                    969.0240000000001,
                    645.948
                ],
                [
                    977.0880000000001,
                    655.0200000000001
                ],
                [
                    1011.0719999999999,
                    679.9680000000001
                ],
                [
                    1049.088,
                    717.9839999999999
                ],
                [
                    1060.0320000000002,
                    743.04
                ],
                [
                    1060.992,
                    752.976
                ],
                [
                    1081.92,
                    806.0039999999999
                ],
                [
                    1094.976,
                    828.0360000000001
                ],
                [
                    1104.96,
                    833.976
                ],
                [
                    1121.088,
                    837.972
                ],
                [
                    1147.008,
                    837.972
                ],
                [
                    1162.944,
                    833.976
                ],
                [
                    1171.008,
                    833.976
                ],
                [
                    1180.992,
                    836.028
                ],
                [
                    1189.056,
                    840.024
                ],
                [
                    1184.064,
                    844.02
                ],
                [
                    1179.072,
                    852.9839999999999
                ],
                [
                    1176,
                    864.972
                ],
                [
                    1176,
                    880.956
                ],
                [
                    1184.064,
                    910.98
                ],
                [
                    1190.9759999999999,
                    915.948
                ],
                [
                    1195.968,
                    922.9680000000001
                ],
                [
                    1196.9279999999999,
                    932.04
                ],
                [
                    1201.92,
                    940.0319999999999
                ],
                [
                    1204.032,
                    957.96
                ],
                [
                    1196.9279999999999,
                    990.036
                ],
                [
                    1195.968,
                    1007.964
                ],
                [
                    1189.056,
                    1010.988
                ],
                [
                    1177.92,
                    1010.988
                ]
            ]
        }
    ]
}