{
    "IMAGE_INFO": {
        "FILE_NAME": "1000011@0_03001_220913_P1_T3__1873.jpg",
        "DATE": "2022-11-01 04:20:23",
        "RESOLUTION": "1920 x 1080",
        "IMAGE_PHOTOGRAPHER": "김보배",
        "FOCUS_DISTANCE": "7.1",
        "EXPOSURE_TIME": "1/400",
        "SENSITIVITY_ISO": "5000",
        "PLACE": "삼오자원",
        "REGION_NAME": null,
        "Direction": "0",
        "HEIGHT": "100",
        "DAY/NIGHT": "주간",
        "WEATHER": "맑음",
        "IMAGE_HEIGHT": 1080,
        "IMAGE_WIDTH": 1920,
        "IMAGE_SIZE": "549.4 KB"
    },
    "ANNOTATION_INFO": [
        {
            "ID": "1",
            "CLASS": "페트병",
            "DETAILS": "무색단일",
            "DAMAGE": "원형",
            "DIRTINESS": "이물질(외부)",
            "COVER": "겹침",
            "TRANSPARENCY": "투명",
            "SHAPE": "물통형",
            "SHAPE_TYPE": "POLYGON",
            "POINTS": [
                [
                    522.048,
                    875.988
                ],
                [
                    512.064,
                    871.992
                ],
                [
                    504.96000000000004,
                    860.004
                ],
                [
                    504,
                    817.02
                ],
                [
                    500.92800000000005,
                    802.98
                ],
                [
                    499.968,
                    772.956
                ],
                [
                    495.9359999999999,
                    755.028
                ],
                [
                    495.9359999999999,
                    670.0319999999999
                ],
                [
                    494.01599999999996,
                    636.984
                ],
                [
                    494.97599999999994,
                    613.98
                ],
                [
                    499.968,
                    601.992
                ],
                [
                    503.04,
                    563.004
                ],
                [
                    499.968,
                    556.956
                ],
                [
                    498.04800000000006,
                    533.952
                ],
                [
                    494.97599999999994,
                    529.956
                ],
                [
                    494.01599999999996,
                    520.992
                ],
                [
                    489.984,
                    512.028
                ],
                [
                    489.984,
                    466.02
                ],
                [
                    493.0559999999999,
                    444.96
                ],
                [
                    499.968,
                    428.00399999999996
                ],
                [
                    509.952,
                    417.96000000000004
                ],
                [
                    517.0559999999999,
                    407.052
                ],
                [
                    523.0079999999999,
                    405
                ],
                [
                    528,
                    400.032
                ],
                [
                    551.04,
                    398.952
                ],
                [
                    576,
                    412.02
                ],
                [
                    590.976,
                    412.02
                ],
                [
                    600.96,
                    405.97200000000004
                ],
                [
                    606.912,
                    400.032
                ],
                [
                    614.016,
                    397.008
                ],
                [
                    620.928,
                    396.036
                ],
                [
                    633.984,
                    396.036
                ],
                [
                    643.968,
                    400.032
                ],
                [
                    652.9920000000001,
                    409.968
                ],
                [
                    658.944,
                    412.02
                ],
                [
                    668.928,
                    412.992
                ],
                [
                    682.9440000000001,
                    419.04
                ],
                [
                    689.088,
                    432
                ],
                [
                    691.968,
                    469.04400000000004
                ],
                [
                    691.008,
                    506.952
                ],
                [
                    685.056,
                    521.964
                ],
                [
                    680.0640000000001,
                    543.9960000000001
                ],
                [
                    680.0640000000001,
                    574.02
                ],
                [
                    682.9440000000001,
                    605.988
                ],
                [
                    680.0640000000001,
                    640.008
                ],
                [
                    686.016,
                    672.948
                ],
                [
                    690.048,
                    682.02
                ],
                [
                    691.008,
                    702
                ],
                [
                    694.0799999999999,
                    708.048
                ],
                [
                    694.0799999999999,
                    732.024
                ],
                [
                    691.008,
                    758.052
                ],
                [
                    694.0799999999999,
                    763.9920000000001
                ],
                [
                    695.04,
                    793.044
                ],
                [
                    697.92,
                    799.956
                ],
                [
                    696.96,
                    829.9799999999999
                ],
                [
                    694.0799999999999,
                    837
                ],
                [
                    685.056,
                    841.968
                ],
                [
                    667.968,
                    844.02
                ],
                [
                    656.064,
                    848.988
                ],
                [
                    643.0079999999999,
                    849.96
                ],
                [
                    633.024,
                    855.036
                ],
                [
                    608.064,
                    860.004
                ],
                [
                    599.04,
                    860.004
                ],
                [
                    566.976,
                    868.968
                ],
                [
                    561.984,
                    871.992
                ],
                [
                    543.936,
                    875.988
                ]
            ]
        },
        {
            "ID": "2",
            "CLASS": "페트병",
            "DETAILS": "무색단일",
            "DAMAGE": "찌그러짐",
            "DIRTINESS": "오염없음",
            "COVER": "없음",
            "TRANSPARENCY": "투명",
            "SHAPE": "물통형",
            "SHAPE_TYPE": "POLYGON",
            "POINTS": [
                [
                    221.952,
                    663.0120000000001
                ],
                [
                    219.07199999999997,
                    659.9879999999999
                ],
                [
                    219.07199999999997,
                    647.028
                ],
                [
                    215.04,
                    636.984
                ],
                [
                    172.992,
                    589.032
                ],
                [
                    172.032,
                    585.036
                ],
                [
                    153.024,
                    567.972
                ],
                [
                    152.06400000000002,
                    563.976
                ],
                [
                    139.008,
                    550.044
                ],
                [
                    120.96000000000001,
                    516.024
                ],
                [
                    115.00800000000001,
                    482.00399999999996
                ],
                [
                    109.05600000000001,
                    469.04400000000004
                ],
                [
                    99.072,
                    421.956
                ],
                [
                    89.088,
                    390.96
                ],
                [
                    86.976,
                    354.024
                ],
                [
                    83.90400000000001,
                    343.98
                ],
                [
                    83.90400000000001,
                    293.976
                ],
                [
                    81.024,
                    270.97200000000004
                ],
                [
                    68.928,
                    242.028
                ],
                [
                    67.968,
                    228.95999999999998
                ],
                [
                    57.024,
                    208.00799999999998
                ],
                [
                    54.912,
                    192.996
                ],
                [
                    43.008,
                    169.99200000000002
                ],
                [
                    37.056000000000004,
                    149.04000000000002
                ],
                [
                    37.056000000000004,
                    107.02799999999999
                ],
                [
                    43.008,
                    92.01599999999999
                ],
                [
                    48,
                    88.02000000000001
                ],
                [
                    57.024,
                    84.02399999999999
                ],
                [
                    81.024,
                    83.05199999999999
                ],
                [
                    89.088,
                    77.976
                ],
                [
                    102.912,
                    74.952
                ],
                [
                    130.944,
                    76.03200000000001
                ],
                [
                    139.008,
                    73.008
                ],
                [
                    167.04,
                    70.95599999999999
                ],
                [
                    177.024,
                    70.95599999999999
                ],
                [
                    198.912,
                    78.948
                ],
                [
                    203.904,
                    84.02399999999999
                ],
                [
                    219.07199999999997,
                    110.052
                ],
                [
                    225.984,
                    135.972
                ],
                [
                    225.984,
                    151.956
                ],
                [
                    220.03199999999998,
                    165.024
                ],
                [
                    217.92000000000002,
                    177.012
                ],
                [
                    207.93599999999998,
                    192.996
                ],
                [
                    206.976,
                    220.96800000000002
                ],
                [
                    209.088,
                    236.95200000000003
                ],
                [
                    222.91199999999998,
                    270.97200000000004
                ],
                [
                    246.91199999999998,
                    311.03999999999996
                ],
                [
                    254.016,
                    328.96799999999996
                ],
                [
                    268.032,
                    390.96
                ],
                [
                    282.048,
                    432.972
                ],
                [
                    288,
                    465.048
                ],
                [
                    302.01599999999996,
                    489.996
                ],
                [
                    306.048,
                    513
                ],
                [
                    306.048,
                    544.9680000000001
                ],
                [
                    298.944,
                    582.0120000000001
                ],
                [
                    297.98400000000004,
                    605.0160000000001
                ],
                [
                    299.904,
                    620.028
                ],
                [
                    310.08,
                    625.968
                ],
                [
                    310.08,
                    636.012
                ],
                [
                    294.912,
                    651.996
                ],
                [
                    287.03999999999996,
                    651.996
                ],
                [
                    262.08000000000004,
                    662.04
                ],
                [
                    245.952,
                    663.0120000000001
                ]
            ]
        }
    ]
}