{
    "IMAGE_INFO": {
        "FILE_NAME": "1000959@0_03001_220913_P1_T3__0606.jpg",
        "DATE": "2022-11-01 04:20:41",
        "RESOLUTION": "1920 x 1080",
        "IMAGE_PHOTOGRAPHER": "김보배",
        "FOCUS_DISTANCE": "7.1",
        "EXPOSURE_TIME": "1/400",
        "SENSITIVITY_ISO": "5000",
        "PLACE": "삼오자원",
        "REGION_NAME": null,
        "Direction": "0",
        "HEIGHT": "100",
        "DAY/NIGHT": "주간",
        "WEATHER": "맑음",
        "IMAGE_HEIGHT": 1080,
        "IMAGE_WIDTH": 1920,
        "IMAGE_SIZE": "568.5 KB"
    },
    "ANNOTATION_INFO": [
        {
            "ID": "1",
            "CLASS": "페트병",
            "DETAILS": "무색단일",
            "DAMAGE": "원형",
            "DIRTINESS": "이물질(외부)",
            "COVER": "겹침",
            "TRANSPARENCY": "투명",
            "SHAPE": "물통형",
            "SHAPE_TYPE": "POLYGON",
            "POINTS": [
                [
                    689.088,
                    1080
                ],
                [
                    691.968,
                    1015.956
                ],
                [
                    690.048,
                    979.02
                ],
                [
                    691.968,
                    926.9639999999999
                ],
                [
                    696.96,
                    887.976
                ],
                [
                    700.0319999999999,
                    883.98
                ],
                [
                    696.96,
                    871.992
                ],
                [
                    696.96,
                    855.036
                ],
                [
                    702.9119999999999,
                    834.948
                ],
                [
                    702.9119999999999,
                    789.048
                ],
                [
                    700.0319999999999,
                    775.008
                ],
                [
                    699.072,
                    637.956
                ],
                [
                    696,
                    625.968
                ],
                [
                    694.0799999999999,
                    593.028
                ],
                [
                    694.0799999999999,
                    492.048
                ],
                [
                    691.968,
                    483.948
                ],
                [
                    682.9440000000001,
                    470.988
                ],
                [
                    685.056,
                    444.96
                ],
                [
                    681.984,
                    438.048
                ],
                [
                    681.024,
                    412.02
                ],
                [
                    685.056,
                    398.952
                ],
                [
                    700.0319999999999,
                    375.94800000000004
                ],
                [
                    715.008,
                    367.956
                ],
                [
                    753.984,
                    359.964
                ],
                [
                    763.0079999999999,
                    359.964
                ],
                [
                    779.904,
                    363.96000000000004
                ],
                [
                    801.984,
                    362.016
                ],
                [
                    814.0799999999999,
                    363.96000000000004
                ],
                [
                    822.9119999999999,
                    362.016
                ],
                [
                    858.048,
                    363.96000000000004
                ],
                [
                    873.984,
                    359.964
                ],
                [
                    878.976,
                    359.964
                ],
                [
                    916.032,
                    363.96000000000004
                ],
                [
                    931.968,
                    367.956
                ],
                [
                    936,
                    371.952
                ],
                [
                    940.0319999999999,
                    371.952
                ],
                [
                    942.9119999999999,
                    374.004
                ],
                [
                    958.08,
                    390.96
                ],
                [
                    960,
                    398.952
                ],
                [
                    961.92,
                    416.01599999999996
                ],
                [
                    955.9680000000001,
                    452.952
                ],
                [
                    950.976,
                    461.052
                ],
                [
                    946.9440000000001,
                    461.052
                ],
                [
                    926.976,
                    475.95599999999996
                ],
                [
                    900.096,
                    509.004
                ],
                [
                    883.0079999999999,
                    554.04
                ],
                [
                    882.048,
                    585.036
                ],
                [
                    886.08,
                    608.04
                ],
                [
                    888.96,
                    671.976
                ],
                [
                    892.9920000000001,
                    682.02
                ],
                [
                    902.976,
                    694.0079999999999
                ],
                [
                    911.04,
                    709.02
                ],
                [
                    912,
                    717.0120000000001
                ],
                [
                    908.928,
                    726.948
                ],
                [
                    908.928,
                    741.96
                ],
                [
                    911.04,
                    759.996
                ],
                [
                    915.072,
                    770.04
                ],
                [
                    917.952,
                    772.956
                ],
                [
                    922.9440000000001,
                    772.956
                ],
                [
                    916.032,
                    780.948
                ],
                [
                    916.032,
                    801.0360000000001
                ],
                [
                    921.984,
                    817.992
                ],
                [
                    920.0640000000001,
                    855.036
                ],
                [
                    922.9440000000001,
                    887.976
                ],
                [
                    920.0640000000001,
                    921.024
                ],
                [
                    911.04,
                    975.024
                ],
                [
                    912,
                    1022.004
                ],
                [
                    907.0079999999999,
                    1046.952
                ],
                [
                    907.0079999999999,
                    1080
                ],
                [
                    689.088,
                    1080
                ]
            ]
        },
        {
            "ID": "2",
            "CLASS": "페트병",
            "DETAILS": "무색단일",
            "DAMAGE": "찌그러짐",
            "DIRTINESS": "오염없음",
            "COVER": "겹침",
            "TRANSPARENCY": "투명",
            "SHAPE": "기타 형태",
            "SHAPE_TYPE": "POLYGON",
            "POINTS": [
                [
                    1018.944,
                    795.96
                ],
                [
                    1016.064,
                    794.9879999999999
                ],
                [
                    1006.08,
                    786.024
                ],
                [
                    1002.048,
                    779.004
                ],
                [
                    993.024,
                    771.984
                ],
                [
                    983.9999999999999,
                    770.04
                ],
                [
                    977.0880000000001,
                    766.0440000000001
                ],
                [
                    973.056,
                    764.964
                ],
                [
                    966.912,
                    766.0440000000001
                ],
                [
                    950.976,
                    760.968
                ],
                [
                    940.0319999999999,
                    751.032
                ],
                [
                    925.056,
                    732.024
                ],
                [
                    916.9920000000001,
                    725.004
                ],
                [
                    912.9599999999999,
                    724.032
                ],
                [
                    907.968,
                    714.96
                ],
                [
                    894.912,
                    704.052
                ],
                [
                    888.96,
                    694.0079999999999
                ],
                [
                    888,
                    689.04
                ],
                [
                    884.928,
                    625.968
                ],
                [
                    878.976,
                    594.972
                ],
                [
                    879.9359999999999,
                    550.044
                ],
                [
                    892.032,
                    517.9680000000001
                ],
                [
                    905.088,
                    497.016
                ],
                [
                    921.984,
                    478.008
                ],
                [
                    935.04,
                    466.992
                ],
                [
                    945.984,
                    459.972
                ],
                [
                    955.9680000000001,
                    456.948
                ],
                [
                    960.9599999999999,
                    452.952
                ],
                [
                    977.0880000000001,
                    447.012
                ],
                [
                    990.912,
                    443.988
                ],
                [
                    1013.952,
                    443.016
                ],
                [
                    1014.9119999999999,
                    442.044
                ],
                [
                    1027.968,
                    442.044
                ],
                [
                    1038.912,
                    443.988
                ],
                [
                    1052.9279999999999,
                    443.988
                ],
                [
                    1070.9759999999999,
                    448.956
                ],
                [
                    1084.032,
                    450.036
                ],
                [
                    1090.944,
                    452.952
                ],
                [
                    1103.04,
                    455.004
                ],
                [
                    1124.9279999999999,
                    463.96799999999996
                ],
                [
                    1151.04,
                    481.03200000000004
                ],
                [
                    1171.968,
                    505.98
                ],
                [
                    1175.04,
                    513
                ],
                [
                    1175.04,
                    531.0360000000001
                ],
                [
                    1162.944,
                    574.992
                ],
                [
                    1141.056,
                    620.028
                ],
                [
                    1141.056,
                    625.968
                ],
                [
                    1146.048,
                    636.012
                ],
                [
                    1147.008,
                    644.004
                ],
                [
                    1150.08,
                    647.028
                ],
                [
                    1155.0720000000001,
                    664.956
                ],
                [
                    1156.032,
                    702.972
                ],
                [
                    1148.928,
                    748.008
                ],
                [
                    1137.984,
                    778.032
                ],
                [
                    1132.992,
                    786.024
                ],
                [
                    1128.96,
                    787.9680000000001
                ],
                [
                    1124.9279999999999,
                    786.024
                ],
                [
                    1121.088,
                    779.976
                ],
                [
                    1112.064,
                    772.956
                ],
                [
                    1085.952,
                    771.012
                ],
                [
                    1079.0400000000002,
                    774.0360000000001
                ],
                [
                    1060.992,
                    790.9920000000001
                ],
                [
                    1054.0800000000002,
                    793.044
                ],
                [
                    1036.992,
                    791.9639999999999
                ],
                [
                    1032.96,
                    793.044
                ],
                [
                    1028.928,
                    795.96
                ],
                [
                    1018.944,
                    795.96
                ]
            ]
        }
    ]
}