{
    "IMAGE_INFO": {
        "FILE_NAME": "1000331@0_03001_220913_P1_T3__0360.jpg",
        "DATE": "2022-11-01 04:20:32",
        "RESOLUTION": "1920 x 1080",
        "IMAGE_PHOTOGRAPHER": "김보배",
        "FOCUS_DISTANCE": "7.1",
        "EXPOSURE_TIME": "1/400",
        "SENSITIVITY_ISO": "5000",
        "PLACE": "삼오자원",
        "REGION_NAME": null,
        "Direction": "0",
        "HEIGHT": "100",
        "DAY/NIGHT": "주간",
        "WEATHER": "맑음",
        "IMAGE_HEIGHT": 1080,
        "IMAGE_WIDTH": 1920,
        "IMAGE_SIZE": "613.3 KB"
    },
    "ANNOTATION_INFO": [
        {
            "ID": "1",
            "CLASS": "페트병",
            "DETAILS": "무색단일",
            "DAMAGE": "찌그러짐",
            "DIRTINESS": "오염없음",
            "COVER": "겹침",
            "TRANSPARENCY": "투명",
            "SHAPE": "물통형",
            "SHAPE_TYPE": "POLYGON",
            "POINTS": [
                [
                    1059.072,
                    461.052
                ],
                [
                    1043.904,
                    459.972
                ],
                [
                    1041.984,
                    455.976
                ],
                [
                    1028.928,
                    447.984
                ],
                [
                    1021.056,
                    447.984
                ],
                [
                    1009.9200000000001,
                    439.99199999999996
                ],
                [
                    997.0559999999999,
                    435.996
                ],
                [
                    988.992,
                    423.036
                ],
                [
                    984.96,
                    420.984
                ],
                [
                    971.904,
                    401.976
                ],
                [
                    964.0319999999999,
                    385.02
                ],
                [
                    956.928,
                    380.05199999999996
                ],
                [
                    946.9440000000001,
                    362.988
                ],
                [
                    946.9440000000001,
                    347.00399999999996
                ],
                [
                    950.976,
                    335.988
                ],
                [
                    968.064,
                    313.956
                ],
                [
                    974.016,
                    308.016
                ],
                [
                    994.944,
                    293.976
                ],
                [
                    999.936,
                    284.04
                ],
                [
                    1006.08,
                    278.964
                ],
                [
                    1047.936,
                    255.95999999999998
                ],
                [
                    1055.04,
                    254.988
                ],
                [
                    1070.016,
                    249.048
                ],
                [
                    1081.92,
                    240.94799999999998
                ],
                [
                    1100.928,
                    213.948
                ],
                [
                    1104,
                    196.01999999999998
                ],
                [
                    1124.9279999999999,
                    176.04000000000002
                ],
                [
                    1146.048,
                    161.02800000000002
                ],
                [
                    1174.0800000000002,
                    143.964
                ],
                [
                    1204.9920000000002,
                    131.976
                ],
                [
                    1227.0720000000001,
                    127.008
                ],
                [
                    1249.92,
                    127.008
                ],
                [
                    1256.064,
                    124.956
                ],
                [
                    1276.032,
                    124.956
                ],
                [
                    1306.944,
                    131.976
                ],
                [
                    1311.9360000000001,
                    135.972
                ],
                [
                    1318.08,
                    137.05200000000002
                ],
                [
                    1325.952,
                    142.992
                ],
                [
                    1333.056,
                    145.044
                ],
                [
                    1348.032,
                    146.016
                ],
                [
                    1377.024,
                    154.98
                ],
                [
                    1398.912,
                    159.948
                ],
                [
                    1435.0079999999998,
                    162
                ],
                [
                    1436.9279999999999,
                    164.05200000000002
                ],
                [
                    1436.9279999999999,
                    173.988
                ],
                [
                    1421.952,
                    189.972
                ],
                [
                    1421.952,
                    197.964
                ],
                [
                    1396.992,
                    219.024
                ],
                [
                    1392,
                    231.012
                ],
                [
                    1382.016,
                    243
                ],
                [
                    1371.072,
                    250.992
                ],
                [
                    1363.008,
                    250.02
                ],
                [
                    1348.032,
                    245.052
                ],
                [
                    1326.912,
                    246.99599999999998
                ],
                [
                    1310.016,
                    251.964
                ],
                [
                    1292.9279999999999,
                    262.00800000000004
                ],
                [
                    1276.032,
                    273.996
                ],
                [
                    1261.056,
                    289.008
                ],
                [
                    1241.088,
                    315.036
                ],
                [
                    1224,
                    327.024
                ],
                [
                    1204.9920000000002,
                    343.98
                ],
                [
                    1181.952,
                    358.02000000000004
                ],
                [
                    1171.968,
                    366.984
                ],
                [
                    1161.0240000000001,
                    381.99600000000004
                ],
                [
                    1146.048,
                    393.012
                ],
                [
                    1137.984,
                    402.948
                ],
                [
                    1137.024,
                    408.996
                ],
                [
                    1121.088,
                    423.036
                ],
                [
                    1090.944,
                    446.03999999999996
                ],
                [
                    1068.096,
                    459
                ],
                [
                    1059.072,
                    461.052
                ]
            ]
        },
        {
            "ID": "2",
            "CLASS": "페트병",
            "DETAILS": "무색단일",
            "DAMAGE": "원형",
            "DIRTINESS": "이물질(외부)",
            "COVER": "없음",
            "TRANSPARENCY": "투명",
            "SHAPE": "물통형",
            "SHAPE_TYPE": "POLYGON",
            "POINTS": [
                [
                    634.944,
                    910.98
                ],
                [
                    604.992,
                    906.984
                ],
                [
                    576.96,
                    898.02
                ],
                [
                    571.968,
                    893.052
                ],
                [
                    550.0799999999999,
                    888.9480000000001
                ],
                [
                    545.088,
                    883.98
                ],
                [
                    533.952,
                    882.036
                ],
                [
                    531.072,
                    879.9839999999999
                ],
                [
                    526.08,
                    866.0519999999999
                ],
                [
                    523.0079999999999,
                    845.9639999999999
                ],
                [
                    522.048,
                    801.0360000000001
                ],
                [
                    532.9920000000001,
                    713.016
                ],
                [
                    536.064,
                    656.9639999999999
                ],
                [
                    541.056,
                    629.964
                ],
                [
                    545.088,
                    542.052
                ],
                [
                    555.072,
                    467.964
                ],
                [
                    555.072,
                    420.984
                ],
                [
                    560.0640000000001,
                    381.99600000000004
                ],
                [
                    561.024,
                    324
                ],
                [
                    564.096,
                    305.964
                ],
                [
                    564.096,
                    254.016
                ],
                [
                    566.976,
                    231.98399999999998
                ],
                [
                    577.92,
                    193.96800000000002
                ],
                [
                    596.928,
                    169.02
                ],
                [
                    608.064,
                    159.948
                ],
                [
                    623.04,
                    142.02
                ],
                [
                    627.072,
                    139.968
                ],
                [
                    662.016,
                    104.00399999999999
                ],
                [
                    681.024,
                    81
                ],
                [
                    686.016,
                    72.036
                ],
                [
                    684.096,
                    61.02
                ],
                [
                    681.024,
                    57.995999999999995
                ],
                [
                    681.024,
                    42.984
                ],
                [
                    686.016,
                    34.02
                ],
                [
                    689.088,
                    0
                ],
                [
                    778.944,
                    0
                ],
                [
                    778.944,
                    51.94799999999999
                ],
                [
                    783.936,
                    62.964
                ],
                [
                    779.904,
                    68.04
                ],
                [
                    773.952,
                    69.984
                ],
                [
                    768.96,
                    76.03200000000001
                ],
                [
                    768.96,
                    85.968
                ],
                [
                    797.952,
                    135
                ],
                [
                    833.088,
                    184.03199999999998
                ],
                [
                    840,
                    201.96
                ],
                [
                    849.9839999999999,
                    218.052
                ],
                [
                    853.0559999999999,
                    231.98399999999998
                ],
                [
                    848.064,
                    308.016
                ],
                [
                    841.92,
                    316.97999999999996
                ],
                [
                    836.928,
                    335.01599999999996
                ],
                [
                    833.088,
                    397.98
                ],
                [
                    829.056,
                    409.968
                ],
                [
                    825.984,
                    463.96799999999996
                ],
                [
                    815.04,
                    528.984
                ],
                [
                    811.968,
                    574.02
                ],
                [
                    811.968,
                    670.0319999999999
                ],
                [
                    797.952,
                    795.96
                ],
                [
                    787.0079999999999,
                    856.98
                ],
                [
                    778.944,
                    878.04
                ],
                [
                    771.072,
                    891
                ],
                [
                    758.016,
                    898.02
                ],
                [
                    743.04,
                    902.0160000000001
                ],
                [
                    731.904,
                    902.0160000000001
                ],
                [
                    721.92,
                    906.984
                ],
                [
                    709.056,
                    909.0360000000001
                ],
                [
                    691.968,
                    910.98
                ],
                [
                    634.944,
                    910.98
                ]
            ]
        }
    ]
}