{
    "IMAGE_INFO": {
        "FILE_NAME": "1000961@0_03001_220913_P1_T3__0683.jpg",
        "DATE": "2022-11-01 04:20:43",
        "RESOLUTION": "1920 x 1080",
        "IMAGE_PHOTOGRAPHER": "김보배",
        "FOCUS_DISTANCE": "7.1",
        "EXPOSURE_TIME": "1/400",
        "SENSITIVITY_ISO": "5000",
        "PLACE": "삼오자원",
        "REGION_NAME": null,
        "Direction": "0",
        "HEIGHT": "100",
        "DAY/NIGHT": "주간",
        "WEATHER": "맑음",
        "IMAGE_HEIGHT": 1080,
        "IMAGE_WIDTH": 1920,
        "IMAGE_SIZE": "633.1 KB"
    },
    "ANNOTATION_INFO": [
        {
            "ID": "1",
            "CLASS": "페트병",
            "DETAILS": "무색단일",
            "DAMAGE": "찌그러짐",
            "DIRTINESS": "이물질(외부)",
            "COVER": "겹침",
            "TRANSPARENCY": "투명",
            "SHAPE": "일반용기형",
            "SHAPE_TYPE": "POLYGON",
            "POINTS": [
                [
                    1171.008,
                    906.984
                ],
                [
                    1160.0639999999999,
                    902.9879999999999
                ],
                [
                    1137.984,
                    887.976
                ],
                [
                    1133.952,
                    882.036
                ],
                [
                    1123.968,
                    876.96
                ],
                [
                    1123.968,
                    861.948
                ],
                [
                    1137.024,
                    851.0400000000001
                ],
                [
                    1137.984,
                    843.048
                ],
                [
                    1145.0880000000002,
                    837
                ],
                [
                    1147.968,
                    829.9799999999999
                ],
                [
                    1142.976,
                    818.9639999999999
                ],
                [
                    1137.984,
                    813.9960000000001
                ],
                [
                    1134.9119999999998,
                    803.952
                ],
                [
                    1132.032,
                    801.0360000000001
                ],
                [
                    1119.9360000000001,
                    794.9879999999999
                ],
                [
                    1109.952,
                    783.972
                ],
                [
                    1100.928,
                    763.02
                ],
                [
                    1095.936,
                    740.988
                ],
                [
                    1094.976,
                    714.96
                ],
                [
                    1100.928,
                    679.9680000000001
                ],
                [
                    1107.0720000000001,
                    662.04
                ],
                [
                    1105.9199999999998,
                    655.9920000000001
                ],
                [
                    1095.936,
                    640.008
                ],
                [
                    1094.976,
                    628.02
                ],
                [
                    1080.9599999999998,
                    600.048
                ],
                [
                    1075.968,
                    594.972
                ],
                [
                    1068.096,
                    567
                ],
                [
                    1080.9599999999998,
                    517.9680000000001
                ],
                [
                    1081.92,
                    489.024
                ],
                [
                    1086.912,
                    474.012
                ],
                [
                    1091.904,
                    470.01599999999996
                ],
                [
                    1098.048,
                    466.992
                ],
                [
                    1134.9119999999998,
                    469.04400000000004
                ],
                [
                    1160.0639999999999,
                    465.048
                ],
                [
                    1180.992,
                    459
                ],
                [
                    1204.032,
                    458.02799999999996
                ],
                [
                    1214.976,
                    451.97999999999996
                ],
                [
                    1227.0720000000001,
                    454.032
                ],
                [
                    1239.9360000000001,
                    455.004
                ],
                [
                    1259.904,
                    462.024
                ],
                [
                    1271.04,
                    471.96
                ],
                [
                    1282.944,
                    478.008
                ],
                [
                    1301.952,
                    493.02000000000004
                ],
                [
                    1310.9759999999999,
                    497.988
                ],
                [
                    1328.0639999999999,
                    500.04
                ],
                [
                    1348.992,
                    506.952
                ],
                [
                    1358.9759999999999,
                    520.992
                ],
                [
                    1363.968,
                    524.9879999999999
                ],
                [
                    1368.96,
                    525.96
                ],
                [
                    1372.992,
                    528.984
                ],
                [
                    1395.0720000000001,
                    550.044
                ],
                [
                    1448.0639999999999,
                    574.02
                ],
                [
                    1453.056,
                    578.016
                ],
                [
                    1454.0159999999998,
                    582.0120000000001
                ],
                [
                    1454.0159999999998,
                    617.976
                ],
                [
                    1446.912,
                    644.976
                ],
                [
                    1441.92,
                    655.0200000000001
                ],
                [
                    1430.9759999999999,
                    672.948
                ],
                [
                    1425.9840000000002,
                    677.052
                ],
                [
                    1419.072,
                    690.984
                ],
                [
                    1414.0800000000002,
                    694.9799999999999
                ],
                [
                    1405.056,
                    710.9639999999999
                ],
                [
                    1393.92,
                    722.952
                ],
                [
                    1368.96,
                    767.0160000000001
                ],
                [
                    1348.992,
                    793.044
                ],
                [
                    1329.984,
                    806.0039999999999
                ],
                [
                    1326.912,
                    806.0039999999999
                ],
                [
                    1321.92,
                    810
                ],
                [
                    1314.048,
                    812.052
                ],
                [
                    1302.912,
                    818.9639999999999
                ],
                [
                    1273.92,
                    843.048
                ],
                [
                    1248.96,
                    852.9839999999999
                ],
                [
                    1227.0720000000001,
                    866.0519999999999
                ],
                [
                    1214.976,
                    870.048
                ],
                [
                    1201.92,
                    876.96
                ],
                [
                    1171.008,
                    906.984
                ]
            ]
        },
        {
            "ID": "2",
            "CLASS": "페트병",
            "DETAILS": "무색단일",
            "DAMAGE": "찌그러짐",
            "DIRTINESS": "이물질(외부)",
            "COVER": "겹침",
            "TRANSPARENCY": "투명",
            "SHAPE": "물통형",
            "SHAPE_TYPE": "POLYGON",
            "POINTS": [
                [
                    999.936,
                    1072.008
                ],
                [
                    994.944,
                    1069.9560000000001
                ],
                [
                    988.0319999999999,
                    1064.0159999999998
                ],
                [
                    985.92,
                    1056.996
                ],
                [
                    965.952,
                    1042.956
                ],
                [
                    965.952,
                    1037.016
                ],
                [
                    956.928,
                    1029.024
                ],
                [
                    941.952,
                    1026
                ],
                [
                    911.04,
                    1023.9480000000001
                ],
                [
                    884.928,
                    1023.9480000000001
                ],
                [
                    850.944,
                    1019.952
                ],
                [
                    830.976,
                    1014.012
                ],
                [
                    805.056,
                    1010.0160000000001
                ],
                [
                    786.048,
                    999.972
                ],
                [
                    773.952,
                    988.9559999999999
                ],
                [
                    768.96,
                    980.9639999999999
                ],
                [
                    757.0559999999999,
                    972.972
                ],
                [
                    744.96,
                    956.016
                ],
                [
                    733.0559999999999,
                    944.028
                ],
                [
                    667.968,
                    887.976
                ],
                [
                    660.096,
                    879.9839999999999
                ],
                [
                    656.064,
                    871.992
                ],
                [
                    600,
                    826.956
                ],
                [
                    593.088,
                    813.9960000000001
                ],
                [
                    588.096,
                    795.96
                ],
                [
                    571.008,
                    780.948
                ],
                [
                    542.016,
                    768.9599999999999
                ],
                [
                    532.9920000000001,
                    760.968
                ],
                [
                    523.0079999999999,
                    751.032
                ],
                [
                    521.088,
                    744.012
                ],
                [
                    504,
                    732.024
                ],
                [
                    480,
                    705.024
                ],
                [
                    447.93600000000004,
                    678.024
                ],
                [
                    432,
                    658.044
                ],
                [
                    403.008,
                    635.04
                ],
                [
                    393.024,
                    621
                ],
                [
                    365.952,
                    596.0519999999999
                ],
                [
                    354.048,
                    574.992
                ],
                [
                    311.04,
                    537.948
                ],
                [
                    306.048,
                    524.0160000000001
                ],
                [
                    298.944,
                    513.972
                ],
                [
                    297.024,
                    505.00800000000004
                ],
                [
                    297.024,
                    486.97200000000004
                ],
                [
                    301.056,
                    477.036
                ],
                [
                    308.928,
                    467.964
                ],
                [
                    308.928,
                    463.96799999999996
                ],
                [
                    317.952,
                    454.032
                ],
                [
                    332.928,
                    443.988
                ],
                [
                    346.944,
                    427.032
                ],
                [
                    365.952,
                    408.996
                ],
                [
                    385.92,
                    393.98400000000004
                ],
                [
                    394.94399999999996,
                    381.99600000000004
                ],
                [
                    436.032,
                    340.95599999999996
                ],
                [
                    457.91999999999996,
                    321.948
                ],
                [
                    471.936,
                    316.00800000000004
                ],
                [
                    481.92,
                    316.00800000000004
                ],
                [
                    499.00800000000004,
                    317.952
                ],
                [
                    515.904,
                    321.948
                ],
                [
                    534.912,
                    331.992
                ],
                [
                    556.9920000000001,
                    351
                ],
                [
                    561.984,
                    358.99199999999996
                ],
                [
                    582.9119999999999,
                    375.94800000000004
                ],
                [
                    593.088,
                    388.044
                ],
                [
                    611.904,
                    401.976
                ],
                [
                    622.08,
                    415.044
                ],
                [
                    633.984,
                    424.98
                ],
                [
                    635.904,
                    431.028
                ],
                [
                    652.9920000000001,
                    450.036
                ],
                [
                    657.984,
                    451.97999999999996
                ],
                [
                    685.056,
                    481.03200000000004
                ],
                [
                    691.968,
                    497.016
                ],
                [
                    718.08,
                    517.9680000000001
                ],
                [
                    723.072,
                    528.0120000000001
                ],
                [
                    734.976,
                    536.004
                ],
                [
                    753.984,
                    555.0120000000001
                ],
                [
                    758.976,
                    567
                ],
                [
                    758.976,
                    574.992
                ],
                [
                    777.984,
                    614.952
                ],
                [
                    787.968,
                    623.052
                ],
                [
                    811.968,
                    632.9879999999999
                ],
                [
                    835.9680000000001,
                    654.048
                ],
                [
                    840.96,
                    662.04
                ],
                [
                    859.9680000000001,
                    678.024
                ],
                [
                    874.944,
                    686.9879999999999
                ],
                [
                    897.024,
                    706.968
                ],
                [
                    898.944,
                    717.9839999999999
                ],
                [
                    922.9440000000001,
                    736.02
                ],
                [
                    922.9440000000001,
                    737.964
                ],
                [
                    940.0319999999999,
                    752.976
                ],
                [
                    961.92,
                    776.952
                ],
                [
                    980.928,
                    803.952
                ],
                [
                    983.04,
                    813.9960000000001
                ],
                [
                    990.912,
                    825.0120000000001
                ],
                [
                    993.024,
                    837
                ],
                [
                    998.0160000000001,
                    843.048
                ],
                [
                    1003.0079999999999,
                    857.952
                ],
                [
                    1003.0079999999999,
                    875.988
                ],
                [
                    998.0160000000001,
                    883.98
                ],
                [
                    998.0160000000001,
                    897.048
                ],
                [
                    1003.0079999999999,
                    922.9680000000001
                ],
                [
                    1004.928,
                    932.04
                ],
                [
                    1014.9119999999999,
                    948.024
                ],
                [
                    1014.9119999999999,
                    967.0319999999999
                ],
                [
                    1023.936,
                    980.9639999999999
                ],
                [
                    1033.92,
                    1007.964
                ],
                [
                    1036.032,
                    1046.952
                ],
                [
                    1033.92,
                    1059.048
                ],
                [
                    1031.04,
                    1064.0159999999998
                ],
                [
                    1018.944,
                    1072.008
                ],
                [
                    999.936,
                    1072.008
                ]
            ]
        },
        {
            "ID": "3",
            "CLASS": "페트병",
            "DETAILS": "무색단일",
            "DAMAGE": "찌그러짐",
            "DIRTINESS": "이물질(외부)",
            "COVER": "겹침",
            "TRANSPARENCY": "투명",
            "SHAPE": "물통형",
            "SHAPE_TYPE": "POLYGON",
            "POINTS": [
                [
                    828.096,
                    405.97200000000004
                ],
                [
                    820.992,
                    404.02799999999996
                ],
                [
                    814.0799999999999,
                    398.952
                ],
                [
                    809.088,
                    393.012
                ],
                [
                    801.984,
                    380.05199999999996
                ],
                [
                    801.984,
                    374.004
                ],
                [
                    796.032,
                    359.964
                ],
                [
                    795.072,
                    307.044
                ],
                [
                    796.032,
                    293.00399999999996
                ],
                [
                    801.024,
                    282.96000000000004
                ],
                [
                    801.984,
                    266.976
                ],
                [
                    806.976,
                    257.03999999999996
                ],
                [
                    809.088,
                    245.052
                ],
                [
                    815.04,
                    238.032
                ],
                [
                    826.9440000000001,
                    230.04
                ],
                [
                    850.944,
                    230.04
                ],
                [
                    868.992,
                    231.98399999999998
                ],
                [
                    973.056,
                    232.95600000000002
                ],
                [
                    993.9840000000002,
                    235.00799999999998
                ],
                [
                    1030.08,
                    235.00799999999998
                ],
                [
                    1042.944,
                    239.004
                ],
                [
                    1069.056,
                    250.992
                ],
                [
                    1084.032,
                    265.032
                ],
                [
                    1084.9920000000002,
                    267.948
                ],
                [
                    1089.984,
                    272.052
                ],
                [
                    1090.944,
                    276.048
                ],
                [
                    1098.048,
                    282.96000000000004
                ],
                [
                    1102.08,
                    282.96000000000004
                ],
                [
                    1110.912,
                    277.02
                ],
                [
                    1123.008,
                    277.992
                ],
                [
                    1129.92,
                    281.01599999999996
                ],
                [
                    1131.072,
                    285.012
                ],
                [
                    1152.96,
                    305.964
                ],
                [
                    1165.056,
                    312.984
                ],
                [
                    1169.088,
                    319.032
                ],
                [
                    1180.0320000000002,
                    343.98
                ],
                [
                    1179.072,
                    351.97200000000004
                ],
                [
                    1176,
                    354.996
                ],
                [
                    1169.088,
                    359.964
                ],
                [
                    1131.072,
                    370.98
                ],
                [
                    1123.008,
                    370.98
                ],
                [
                    1117.056,
                    369.036
                ],
                [
                    1110.912,
                    370.98
                ],
                [
                    1107.0720000000001,
                    370.98
                ],
                [
                    1105.9199999999998,
                    369.036
                ],
                [
                    1104,
                    366.984
                ],
                [
                    1100.928,
                    355.968
                ],
                [
                    1094.0159999999998,
                    363.96000000000004
                ],
                [
                    1086.912,
                    374.004
                ],
                [
                    1055.04,
                    396.036
                ],
                [
                    1035.0720000000001,
                    401.976
                ],
                [
                    980.928,
                    401.976
                ],
                [
                    958.08,
                    404.02799999999996
                ],
                [
                    948.096,
                    402.948
                ],
                [
                    922.9440000000001,
                    402.948
                ],
                [
                    857.0880000000001,
                    404.02799999999996
                ],
                [
                    845.952,
                    405.97200000000004
                ]
            ]
        },
        {
            "ID": "4",
            "CLASS": "페트병",
            "DETAILS": "무색단일",
            "DAMAGE": "찌그러짐",
            "DIRTINESS": "이물질(외부)",
            "COVER": "겹침",
            "TRANSPARENCY": "투명",
            "SHAPE": "물통형",
            "SHAPE_TYPE": "POLYGON",
            "POINTS": [
                [
                    1520.0639999999999,
                    1080
                ],
                [
                    1513.92,
                    1068.012
                ],
                [
                    1499.904,
                    1056.0240000000001
                ],
                [
                    1497.984,
                    1050.9479999999999
                ],
                [
                    1473.9840000000002,
                    1033.02
                ],
                [
                    1459.008,
                    1025.028
                ],
                [
                    1446.912,
                    1014.9839999999999
                ],
                [
                    1433.088,
                    1007.964
                ],
                [
                    1429.056,
                    1002.996
                ],
                [
                    1428.096,
                    968.976
                ],
                [
                    1429.056,
                    960.984
                ],
                [
                    1434.048,
                    951.048
                ],
                [
                    1434.048,
                    945
                ],
                [
                    1431.9360000000001,
                    937.98
                ],
                [
                    1424.064,
                    925.9920000000001
                ],
                [
                    1421.952,
                    918
                ],
                [
                    1417.92,
                    913.032
                ],
                [
                    1417.92,
                    899.964
                ],
                [
                    1415.04,
                    887.976
                ],
                [
                    1406.0159999999998,
                    871.02
                ],
                [
                    1400.0639999999999,
                    864.972
                ],
                [
                    1392.96,
                    864.972
                ],
                [
                    1387.968,
                    861.948
                ],
                [
                    1385.0880000000002,
                    853.9559999999999
                ],
                [
                    1369.92,
                    840.996
                ],
                [
                    1358.9759999999999,
                    824.04
                ],
                [
                    1359.9360000000001,
                    816.048
                ],
                [
                    1377.024,
                    793.044
                ],
                [
                    1397.952,
                    776.952
                ],
                [
                    1412.9279999999999,
                    770.04
                ],
                [
                    1421.952,
                    770.04
                ],
                [
                    1440.9599999999998,
                    785.052
                ],
                [
                    1449.0240000000001,
                    798.0120000000001
                ],
                [
                    1457.088,
                    806.0039999999999
                ],
                [
                    1459.008,
                    814.9680000000001
                ],
                [
                    1464.96,
                    821.9879999999999
                ],
                [
                    1478.9759999999999,
                    829.9799999999999
                ],
                [
                    1499.904,
                    849.96
                ],
                [
                    1508.928,
                    860.976
                ],
                [
                    1516.032,
                    863.028
                ],
                [
                    1529.088,
                    874.044
                ],
                [
                    1531.968,
                    883.98
                ],
                [
                    1536,
                    888.9480000000001
                ],
                [
                    1550.016,
                    899.964
                ],
                [
                    1574.976,
                    934.956
                ],
                [
                    1582.08,
                    951.048
                ],
                [
                    1579.9679999999998,
                    998.028
                ],
                [
                    1583.04,
                    1022.976
                ],
                [
                    1585.9199999999998,
                    1029.024
                ],
                [
                    1585.9199999999998,
                    1037.016
                ],
                [
                    1601.088,
                    1064.988
                ],
                [
                    1603.968,
                    1080
                ],
                [
                    1520.0639999999999,
                    1080
                ]
            ]
        }
    ]
}