{
    "IMAGE_INFO": {
        "FILE_NAME": "1000332@0_03001_220913_P1_T3__0424.jpg",
        "DATE": "2022-11-01 04:20:34",
        "RESOLUTION": "1920 x 1080",
        "IMAGE_PHOTOGRAPHER": "김보배",
        "FOCUS_DISTANCE": "7.1",
        "EXPOSURE_TIME": "1/400",
        "SENSITIVITY_ISO": "5000",
        "PLACE": "삼오자원",
        "REGION_NAME": null,
        "Direction": "0",
        "HEIGHT": "100",
        "DAY/NIGHT": "주간",
        "WEATHER": "맑음",
        "IMAGE_HEIGHT": 1080,
        "IMAGE_WIDTH": 1920,
        "IMAGE_SIZE": "661.9 KB"
    },
    "ANNOTATION_INFO": [
        {
            "ID": "1",
            "CLASS": "페트병",
            "DETAILS": "무색단일",
            "DAMAGE": "찌그러짐",
            "DIRTINESS": "이물질(외부)",
            "COVER": "겹침",
            "TRANSPARENCY": "투명",
            "SHAPE": "물통형",
            "SHAPE_TYPE": "POLYGON",
            "POINTS": [
                [
                    1205.952,
                    355.968
                ],
                [
                    1196.9279999999999,
                    354.996
                ],
                [
                    1188.096,
                    343.98
                ],
                [
                    1170.048,
                    327.024
                ],
                [
                    1151.04,
                    312.012
                ],
                [
                    1131.072,
                    300.996
                ],
                [
                    1127.04,
                    297
                ],
                [
                    1105.9199999999998,
                    289.008
                ],
                [
                    1098.048,
                    288.036
                ],
                [
                    1094.976,
                    285.984
                ],
                [
                    1083.0720000000001,
                    282.96000000000004
                ],
                [
                    1075.968,
                    280.044
                ],
                [
                    1065.024,
                    278.964
                ],
                [
                    1057.92,
                    276.048
                ],
                [
                    1056.96,
                    273.024
                ],
                [
                    1060.0320000000002,
                    257.03999999999996
                ],
                [
                    1060.0320000000002,
                    238.032
                ],
                [
                    1056.96,
                    220.96800000000002
                ],
                [
                    1056.96,
                    197.964
                ],
                [
                    1054.0800000000002,
                    182.952
                ],
                [
                    1054.0800000000002,
                    142.02
                ],
                [
                    1060.992,
                    119.016
                ],
                [
                    1065.9840000000002,
                    110.052
                ],
                [
                    1066.944,
                    101.952
                ],
                [
                    1070.016,
                    99.036
                ],
                [
                    1071.9360000000001,
                    76.03200000000001
                ],
                [
                    1081.92,
                    60.047999999999995
                ],
                [
                    1084.9920000000002,
                    46.98
                ],
                [
                    1089.0240000000001,
                    42.01199999999999
                ],
                [
                    1094.0159999999998,
                    30.023999999999997
                ],
                [
                    1104,
                    0.972
                ],
                [
                    1347.0720000000001,
                    0
                ],
                [
                    1344,
                    24.948
                ],
                [
                    1339.008,
                    46.007999999999996
                ],
                [
                    1334.976,
                    53.028
                ],
                [
                    1334.976,
                    61.992
                ],
                [
                    1330.944,
                    68.04
                ],
                [
                    1324.9920000000002,
                    104.00399999999999
                ],
                [
                    1310.9759999999999,
                    142.02
                ],
                [
                    1309.056,
                    162.972
                ],
                [
                    1310.9759999999999,
                    169.99200000000002
                ],
                [
                    1310.9759999999999,
                    180.03599999999997
                ],
                [
                    1301.952,
                    200.016
                ],
                [
                    1300.992,
                    223.01999999999998
                ],
                [
                    1296.96,
                    231.012
                ],
                [
                    1294.0800000000002,
                    247.968
                ],
                [
                    1289.088,
                    258.98400000000004
                ],
                [
                    1287.936,
                    286.956
                ],
                [
                    1282.944,
                    304.02
                ],
                [
                    1281.0240000000001,
                    317.952
                ],
                [
                    1262.976,
                    335.988
                ],
                [
                    1251.072,
                    342.036
                ],
                [
                    1244.9279999999999,
                    347.00399999999996
                ],
                [
                    1242.048,
                    347.976
                ],
                [
                    1236.096,
                    347.976
                ],
                [
                    1224.96,
                    354.024
                ],
                [
                    1205.952,
                    355.968
                ]
            ]
        },
        {
            "ID": "2",
            "CLASS": "페트병",
            "DETAILS": "무색단일",
            "DAMAGE": "찌그러짐",
            "DIRTINESS": "이물질(외부)",
            "COVER": "없음",
            "TRANSPARENCY": "투명",
            "SHAPE": "물통형",
            "SHAPE_TYPE": "POLYGON",
            "POINTS": [
                [
                    120.96000000000001,
                    999
                ],
                [
                    109.05600000000001,
                    996.948
                ],
                [
                    86.976,
                    990.036
                ],
                [
                    76.03200000000001,
                    983.016
                ],
                [
                    58.944,
                    983.016
                ],
                [
                    44.928000000000004,
                    979.02
                ],
                [
                    32.064,
                    969.948
                ],
                [
                    8.064,
                    945
                ],
                [
                    0,
                    940.0319999999999
                ],
                [
                    0,
                    470.01599999999996
                ],
                [
                    4.992,
                    451.97999999999996
                ],
                [
                    8.064,
                    416.01599999999996
                ],
                [
                    13.056,
                    393.98400000000004
                ],
                [
                    17.088,
                    386.964
                ],
                [
                    18.048000000000002,
                    370.98
                ],
                [
                    24.959999999999997,
                    346.03200000000004
                ],
                [
                    33.984,
                    326.052
                ],
                [
                    54.912,
                    289.98
                ],
                [
                    91.96799999999999,
                    238.032
                ],
                [
                    110.976,
                    219.99599999999998
                ],
                [
                    120.96000000000001,
                    207.036
                ],
                [
                    133.056,
                    197.964
                ],
                [
                    145.92,
                    193.96800000000002
                ],
                [
                    153.98399999999998,
                    186.948
                ],
                [
                    172.992,
                    177.984
                ],
                [
                    181.05599999999998,
                    176.04000000000002
                ],
                [
                    190.08,
                    176.04000000000002
                ],
                [
                    210.048,
                    165.996
                ],
                [
                    217.92000000000002,
                    159.948
                ],
                [
                    221.952,
                    154.98
                ],
                [
                    215.04,
                    143.964
                ],
                [
                    212.928,
                    135
                ],
                [
                    220.03199999999998,
                    116.964
                ],
                [
                    230.01600000000002,
                    110.052
                ],
                [
                    243.07199999999997,
                    110.052
                ],
                [
                    246.91199999999998,
                    105.94800000000001
                ],
                [
                    252.096,
                    92.01599999999999
                ],
                [
                    263.04,
                    83.05199999999999
                ],
                [
                    273.984,
                    83.05199999999999
                ],
                [
                    302.01599999999996,
                    89.964
                ],
                [
                    324.096,
                    99.036
                ],
                [
                    326.976,
                    110.052
                ],
                [
                    326.976,
                    130.03199999999998
                ],
                [
                    324.096,
                    137.05200000000002
                ],
                [
                    324.096,
                    158.00400000000002
                ],
                [
                    329.08799999999997,
                    186.948
                ],
                [
                    344.064,
                    207.036
                ],
                [
                    354.048,
                    212.004
                ],
                [
                    364.032,
                    212.004
                ],
                [
                    370.944,
                    213.948
                ],
                [
                    375.936,
                    218.052
                ],
                [
                    383.04,
                    224.96400000000003
                ],
                [
                    388.032,
                    235.98
                ],
                [
                    388.992,
                    266.00399999999996
                ],
                [
                    380.928,
                    327.99600000000004
                ],
                [
                    374.016,
                    358.02000000000004
                ],
                [
                    373.056,
                    380.05199999999996
                ],
                [
                    359.04,
                    424.98
                ],
                [
                    359.04,
                    435.996
                ],
                [
                    374.016,
                    477.036
                ],
                [
                    380.928,
                    508.032
                ],
                [
                    374.016,
                    571.968
                ],
                [
                    373.056,
                    616.032
                ],
                [
                    361.92,
                    656.9639999999999
                ],
                [
                    340.992,
                    794.016
                ],
                [
                    334.08,
                    817.02
                ],
                [
                    326.016,
                    871.02
                ],
                [
                    312,
                    902.0160000000001
                ],
                [
                    299.904,
                    921.996
                ],
                [
                    284.928,
                    942.948
                ],
                [
                    264.96000000000004,
                    960.984
                ],
                [
                    248.06400000000002,
                    972
                ],
                [
                    233.088,
                    979.02
                ],
                [
                    221.952,
                    980.9639999999999
                ],
                [
                    205.056,
                    990.036
                ],
                [
                    182.976,
                    994.032
                ],
                [
                    140.92800000000003,
                    994.032
                ],
                [
                    130.944,
                    999
                ],
                [
                    120.96000000000001,
                    999
                ]
            ]
        },
        {
            "ID": "3",
            "CLASS": "페트병",
            "DETAILS": "무색단일",
            "DAMAGE": "찌그러짐",
            "DIRTINESS": "오염없음",
            "COVER": "없음",
            "TRANSPARENCY": "투명",
            "SHAPE": "물통형",
            "SHAPE_TYPE": "POLYGON",
            "POINTS": [
                [
                    1920,
                    478.008
                ],
                [
                    1901.952,
                    473.04
                ],
                [
                    1892.9279999999999,
                    469.04400000000004
                ],
                [
                    1882.944,
                    467.964
                ],
                [
                    1872,
                    465.048
                ],
                [
                    1867.008,
                    462.024
                ],
                [
                    1857.984,
                    459.972
                ],
                [
                    1856.064,
                    458.02799999999996
                ],
                [
                    1849.92,
                    456.948
                ],
                [
                    1819.9679999999998,
                    444.96
                ],
                [
                    1804.032,
                    438.048
                ],
                [
                    1800,
                    435.024
                ],
                [
                    1775.04,
                    427.032
                ],
                [
                    1767.936,
                    423.036
                ],
                [
                    1739.904,
                    412.02
                ],
                [
                    1736.064,
                    408.996
                ],
                [
                    1732.992,
                    408.996
                ],
                [
                    1714.944,
                    397.008
                ],
                [
                    1710.912,
                    389.016
                ],
                [
                    1713.024,
                    359.964
                ],
                [
                    1708.032,
                    343.98
                ],
                [
                    1709.952,
                    330.048
                ],
                [
                    1702.08,
                    332.964
                ],
                [
                    1693.056,
                    339.012
                ],
                [
                    1685.952,
                    342.036
                ],
                [
                    1676.9279999999999,
                    340.95599999999996
                ],
                [
                    1660.0320000000002,
                    344.952
                ],
                [
                    1641.984,
                    343.98
                ],
                [
                    1636.992,
                    336.96
                ],
                [
                    1630.08,
                    317.952
                ],
                [
                    1628.928,
                    308.016
                ],
                [
                    1626.048,
                    304.02
                ],
                [
                    1623.936,
                    285.012
                ],
                [
                    1626.048,
                    273.024
                ],
                [
                    1642.944,
                    262.98
                ],
                [
                    1647.936,
                    262.98
                ],
                [
                    1656,
                    254.988
                ],
                [
                    1664.064,
                    253.044
                ],
                [
                    1670.016,
                    247.968
                ],
                [
                    1675.0079999999998,
                    247.968
                ],
                [
                    1680.9599999999998,
                    251.964
                ],
                [
                    1693.056,
                    246.99599999999998
                ],
                [
                    1702.08,
                    240.94799999999998
                ],
                [
                    1714.944,
                    235.98
                ],
                [
                    1747.008,
                    203.04
                ],
                [
                    1753.92,
                    201.96
                ],
                [
                    1762.944,
                    203.04
                ],
                [
                    1800,
                    219.99599999999998
                ],
                [
                    1806.912,
                    222.048
                ],
                [
                    1829.952,
                    236.95200000000003
                ],
                [
                    1865.0880000000002,
                    254.016
                ],
                [
                    1883.904,
                    266.00399999999996
                ],
                [
                    1890.048,
                    266.976
                ],
                [
                    1906.944,
                    273.024
                ],
                [
                    1920,
                    273.996
                ]
            ]
        },
        {
            "ID": "4",
            "CLASS": "페트병",
            "DETAILS": "무색단일",
            "DAMAGE": "찌그러짐",
            "DIRTINESS": "이물질(외부)",
            "COVER": "없음",
            "TRANSPARENCY": "투명",
            "SHAPE": "물통형",
            "SHAPE_TYPE": "POLYGON",
            "POINTS": [
                [
                    1468.032,
                    1080
                ],
                [
                    1458.048,
                    1049.9759999999999
                ],
                [
                    1454.976,
                    1023.9480000000001
                ],
                [
                    1450.944,
                    1021.032
                ],
                [
                    1443.0720000000001,
                    1005.048
                ],
                [
                    1443.0720000000001,
                    998.028
                ],
                [
                    1436.9279999999999,
                    987.9839999999999
                ],
                [
                    1428.096,
                    959.04
                ],
                [
                    1420.0320000000002,
                    945.972
                ],
                [
                    1417.92,
                    933.984
                ],
                [
                    1411.968,
                    925.9920000000001
                ],
                [
                    1406.976,
                    895.968
                ],
                [
                    1392.96,
                    864
                ],
                [
                    1386.048,
                    812.052
                ],
                [
                    1388.928,
                    798.984
                ],
                [
                    1395.0720000000001,
                    790.0200000000001
                ],
                [
                    1416,
                    775.008
                ],
                [
                    1428.096,
                    770.04
                ],
                [
                    1446.912,
                    768.9599999999999
                ],
                [
                    1469.952,
                    763.02
                ],
                [
                    1477.056,
                    763.02
                ],
                [
                    1488.96,
                    759.024
                ],
                [
                    1513.92,
                    759.024
                ],
                [
                    1535.04,
                    771.984
                ],
                [
                    1558.08,
                    802.98
                ],
                [
                    1569.0240000000001,
                    848.016
                ],
                [
                    1573.056,
                    852.0120000000001
                ],
                [
                    1577.088,
                    867.996
                ],
                [
                    1596.096,
                    906.984
                ],
                [
                    1603.968,
                    952.02
                ],
                [
                    1612.032,
                    971.028
                ],
                [
                    1617.024,
                    995.976
                ],
                [
                    1635.0720000000001,
                    1032.048
                ],
                [
                    1636.032,
                    1045.008
                ],
                [
                    1640.0639999999999,
                    1050.9479999999999
                ],
                [
                    1647.936,
                    1080
                ],
                [
                    1468.032,
                    1080
                ]
            ]
        }
    ]
}