{
    "IMAGE_INFO": {
        "FILE_NAME": "1000239@0_03001_220913_P1_T3__2079.jpg",
        "DATE": "2022-11-01 04:20:31",
        "RESOLUTION": "1920 x 1080",
        "IMAGE_PHOTOGRAPHER": "김보배",
        "FOCUS_DISTANCE": "7.1",
        "EXPOSURE_TIME": "1/400",
        "SENSITIVITY_ISO": "5000",
        "PLACE": "삼오자원",
        "REGION_NAME": null,
        "Direction": "0",
        "HEIGHT": "100",
        "DAY/NIGHT": "주간",
        "WEATHER": "맑음",
        "IMAGE_HEIGHT": 1080,
        "IMAGE_WIDTH": 1920,
        "IMAGE_SIZE": "647.5 KB"
    },
    "ANNOTATION_INFO": [
        {
            "ID": "1",
            "CLASS": "페트병",
            "DETAILS": "무색단일",
            "DAMAGE": "찌그러짐",
            "DIRTINESS": "오염없음",
            "COVER": "없음",
            "TRANSPARENCY": "투명",
            "SHAPE": "물통형",
            "SHAPE_TYPE": "POLYGON",
            "POINTS": [
                [
                    994.944,
                    394.956
                ],
                [
                    980.928,
                    390.96
                ],
                [
                    971.904,
                    382.968
                ],
                [
                    954.048,
                    346.03200000000004
                ],
                [
                    945.984,
                    323.02799999999996
                ],
                [
                    940.0319999999999,
                    315.036
                ],
                [
                    939.072,
                    305.964
                ],
                [
                    911.04,
                    253.044
                ],
                [
                    902.016,
                    223.992
                ],
                [
                    888,
                    200.016
                ],
                [
                    886.08,
                    188.028
                ],
                [
                    879.9359999999999,
                    178.956
                ],
                [
                    878.016,
                    162
                ],
                [
                    872.064,
                    151.956
                ],
                [
                    868.992,
                    135.972
                ],
                [
                    860.928,
                    118.044
                ],
                [
                    840.96,
                    0
                ],
                [
                    1049.088,
                    0.972
                ],
                [
                    1075.0079999999998,
                    46.007999999999996
                ],
                [
                    1091.904,
                    84.99600000000001
                ],
                [
                    1109.952,
                    115.99199999999999
                ],
                [
                    1113.024,
                    131.00400000000002
                ],
                [
                    1123.008,
                    149.04000000000002
                ],
                [
                    1153.92,
                    185.976
                ],
                [
                    1167.936,
                    215.028
                ],
                [
                    1193.088,
                    234.036
                ],
                [
                    1204.9920000000002,
                    246.99599999999998
                ],
                [
                    1210.944,
                    263.952
                ],
                [
                    1206.912,
                    278.964
                ],
                [
                    1200.9599999999998,
                    288.036
                ],
                [
                    1186.944,
                    300.996
                ],
                [
                    1182.912,
                    317.952
                ],
                [
                    1171.968,
                    336.96
                ],
                [
                    1160.0639999999999,
                    343.98
                ],
                [
                    1153.92,
                    358.02000000000004
                ],
                [
                    1124.9279999999999,
                    378.972
                ],
                [
                    1104,
                    388.044
                ],
                [
                    1088.0639999999999,
                    392.03999999999996
                ],
                [
                    1042.944,
                    394.956
                ],
                [
                    994.944,
                    394.956
                ]
            ]
        },
        {
            "ID": "2",
            "CLASS": "페트병",
            "DETAILS": "무색단일",
            "DAMAGE": "찌그러짐",
            "DIRTINESS": "오염없음",
            "COVER": "겹침",
            "TRANSPARENCY": "투명",
            "SHAPE": "물통형",
            "SHAPE_TYPE": "POLYGON",
            "POINTS": [
                [
                    1592.064,
                    875.0160000000001
                ],
                [
                    1577.088,
                    874.044
                ],
                [
                    1561.92,
                    867.996
                ],
                [
                    1546.944,
                    867.024
                ],
                [
                    1541.952,
                    864
                ],
                [
                    1531.968,
                    863.028
                ],
                [
                    1522.944,
                    859.032
                ],
                [
                    1516.992,
                    859.032
                ],
                [
                    1512,
                    856.0079999999999
                ],
                [
                    1507.008,
                    856.0079999999999
                ],
                [
                    1502.976,
                    853.9559999999999
                ],
                [
                    1496.064,
                    840.024
                ],
                [
                    1492.992,
                    828.0360000000001
                ],
                [
                    1488.96,
                    795.96
                ],
                [
                    1479.9360000000001,
                    760.968
                ],
                [
                    1479.9360000000001,
                    755.028
                ],
                [
                    1483.008,
                    744.012
                ],
                [
                    1487.04,
                    736.992
                ],
                [
                    1489.92,
                    716.0400000000001
                ],
                [
                    1492.992,
                    708.048
                ],
                [
                    1496.064,
                    702.972
                ],
                [
                    1521.0240000000001,
                    675.972
                ],
                [
                    1525.056,
                    668.952
                ],
                [
                    1540.992,
                    650.052
                ],
                [
                    1550.016,
                    632.0160000000001
                ],
                [
                    1559.0400000000002,
                    621
                ],
                [
                    1564.032,
                    612.036
                ],
                [
                    1565.952,
                    604.044
                ],
                [
                    1574.0159999999998,
                    591.948
                ],
                [
                    1584,
                    566.028
                ],
                [
                    1590.912,
                    533.952
                ],
                [
                    1592.064,
                    483.948
                ],
                [
                    1589.952,
                    455.004
                ],
                [
                    1585.9199999999998,
                    446.03999999999996
                ],
                [
                    1584,
                    423.036
                ],
                [
                    1580.928,
                    419.04
                ],
                [
                    1582.08,
                    409.968
                ],
                [
                    1584.96,
                    412.02
                ],
                [
                    1607.04,
                    421.956
                ],
                [
                    1617.984,
                    424.008
                ],
                [
                    1620.096,
                    427.032
                ],
                [
                    1628.928,
                    429.94800000000004
                ],
                [
                    1636.032,
                    429.94800000000004
                ],
                [
                    1645.056,
                    434.05199999999996
                ],
                [
                    1650.048,
                    434.05199999999996
                ],
                [
                    1659.072,
                    438.048
                ],
                [
                    1661.952,
                    435.996
                ],
                [
                    1662.912,
                    432
                ],
                [
                    1666.944,
                    428.00399999999996
                ],
                [
                    1673.088,
                    427.032
                ],
                [
                    1676.9279999999999,
                    428.00399999999996
                ],
                [
                    1683.0720000000001,
                    434.05199999999996
                ],
                [
                    1699.008,
                    443.016
                ],
                [
                    1704,
                    443.988
                ],
                [
                    1722.048,
                    455.004
                ],
                [
                    1742.016,
                    470.988
                ],
                [
                    1747.968,
                    489.996
                ],
                [
                    1747.968,
                    509.976
                ],
                [
                    1756.032,
                    523.044
                ],
                [
                    1758.912,
                    536.976
                ],
                [
                    1756.032,
                    609.012
                ],
                [
                    1756.032,
                    667.98
                ],
                [
                    1752,
                    689.04
                ],
                [
                    1751.04,
                    708.048
                ],
                [
                    1742.016,
                    739.044
                ],
                [
                    1732.992,
                    759.024
                ],
                [
                    1726.08,
                    783.972
                ],
                [
                    1718.9759999999999,
                    798.984
                ],
                [
                    1718.016,
                    806.0039999999999
                ],
                [
                    1709.952,
                    818.9639999999999
                ],
                [
                    1704,
                    834.948
                ],
                [
                    1697.088,
                    843.048
                ],
                [
                    1684.032,
                    853.9559999999999
                ],
                [
                    1670.016,
                    863.028
                ],
                [
                    1659.072,
                    864
                ],
                [
                    1645.056,
                    870.048
                ],
                [
                    1623.936,
                    875.0160000000001
                ],
                [
                    1592.064,
                    875.0160000000001
                ]
            ]
        },
        {
            "ID": "3",
            "CLASS": "페트병",
            "DETAILS": "무색단일",
            "DAMAGE": "찌그러짐",
            "DIRTINESS": "이물질(외부)",
            "COVER": "없음",
            "TRANSPARENCY": "투명",
            "SHAPE": "일반용기형",
            "SHAPE_TYPE": "POLYGON",
            "POINTS": [
                [
                    211.00799999999998,
                    512.028
                ],
                [
                    190.08,
                    505.00800000000004
                ],
                [
                    177.984,
                    494.964
                ],
                [
                    177.984,
                    493.02000000000004
                ],
                [
                    171.072,
                    486
                ],
                [
                    164.928,
                    482.976
                ],
                [
                    158.016,
                    482.976
                ],
                [
                    123.072,
                    470.01599999999996
                ],
                [
                    108.096,
                    459
                ],
                [
                    85.056,
                    448.956
                ],
                [
                    77.952,
                    439.02
                ],
                [
                    76.99199999999999,
                    434.05199999999996
                ],
                [
                    77.952,
                    411.048
                ],
                [
                    90.048,
                    378
                ],
                [
                    105.984,
                    346.03200000000004
                ],
                [
                    133.056,
                    303.048
                ],
                [
                    139.96800000000002,
                    288.036
                ],
                [
                    159.936,
                    261.036
                ],
                [
                    163.96800000000002,
                    250.02
                ],
                [
                    174.912,
                    231.012
                ],
                [
                    182.016,
                    223.992
                ],
                [
                    190.08,
                    208.98000000000002
                ],
                [
                    195.072,
                    204.984
                ],
                [
                    196.992,
                    196.99200000000002
                ],
                [
                    212.928,
                    177.012
                ],
                [
                    217.92000000000002,
                    162.972
                ],
                [
                    224.064,
                    154.98
                ],
                [
                    225.024,
                    149.04000000000002
                ],
                [
                    230.01600000000002,
                    142.992
                ],
                [
                    230.976,
                    137.05200000000002
                ],
                [
                    244.03199999999998,
                    120.96000000000001
                ],
                [
                    252.096,
                    103.032
                ],
                [
                    259.008,
                    93.96
                ],
                [
                    265.92,
                    77.976
                ],
                [
                    283.008,
                    50.004
                ],
                [
                    297.024,
                    22.032
                ],
                [
                    311.04,
                    6.048
                ],
                [
                    321.024,
                    0
                ],
                [
                    476.928,
                    0
                ],
                [
                    475.00800000000004,
                    11.988000000000001
                ],
                [
                    465.024,
                    29.052
                ],
                [
                    461.952,
                    31.968
                ],
                [
                    451.008,
                    34.992
                ],
                [
                    447.93600000000004,
                    39.96
                ],
                [
                    449.08799999999997,
                    49.032000000000004
                ],
                [
                    457.91999999999996,
                    61.992
                ],
                [
                    462.91200000000003,
                    77.004
                ],
                [
                    467.904,
                    81.972
                ],
                [
                    471.936,
                    112.968
                ],
                [
                    467.904,
                    137.05200000000002
                ],
                [
                    461.952,
                    141.048
                ],
                [
                    449.08799999999997,
                    157.032
                ],
                [
                    447.93600000000004,
                    162
                ],
                [
                    437.952,
                    174.96
                ],
                [
                    418.944,
                    208.98000000000002
                ],
                [
                    413.952,
                    212.976
                ],
                [
                    412.992,
                    218.052
                ],
                [
                    402.048,
                    231.012
                ],
                [
                    388.992,
                    258.012
                ],
                [
                    368.064,
                    293.00399999999996
                ],
                [
                    358.08,
                    304.99199999999996
                ],
                [
                    353.088,
                    315.036
                ],
                [
                    344.064,
                    324.972
                ],
                [
                    327.93600000000004,
                    358.02000000000004
                ],
                [
                    322.94399999999996,
                    362.016
                ],
                [
                    307.008,
                    392.03999999999996
                ],
                [
                    294.912,
                    405.97200000000004
                ],
                [
                    283.008,
                    439.99199999999996
                ],
                [
                    273.024,
                    458.02799999999996
                ],
                [
                    244.03199999999998,
                    496.044
                ],
                [
                    222.91199999999998,
                    510.94800000000004
                ]
            ]
        },
        {
            "ID": "4",
            "CLASS": "페트병",
            "DETAILS": "무색단일",
            "DAMAGE": "찌그러짐",
            "DIRTINESS": "이물질(외부)",
            "COVER": "겹침",
            "TRANSPARENCY": "투명",
            "SHAPE": "물통형",
            "SHAPE_TYPE": "POLYGON",
            "POINTS": [
                [
                    744.96,
                    1080
                ],
                [
                    744.96,
                    1068.012
                ],
                [
                    742.08,
                    1067.04
                ],
                [
                    742.08,
                    1025.028
                ],
                [
                    744.96,
                    1022.004
                ],
                [
                    778.944,
                    1010.988
                ],
                [
                    828.096,
                    1007.964
                ],
                [
                    950.976,
                    969.948
                ],
                [
                    989.9519999999999,
                    964.0079999999999
                ],
                [
                    1009.9200000000001,
                    956.9879999999999
                ],
                [
                    1047.936,
                    955.044
                ],
                [
                    1068.096,
                    951.048
                ],
                [
                    1089.984,
                    952.992
                ],
                [
                    1099.008,
                    949.9680000000001
                ],
                [
                    1116.096,
                    940.0319999999999
                ],
                [
                    1165.056,
                    932.04
                ],
                [
                    1193.088,
                    930.96
                ],
                [
                    1244.9279999999999,
                    924.048
                ],
                [
                    1258.944,
                    924.048
                ],
                [
                    1276.032,
                    921.024
                ],
                [
                    1315.968,
                    918
                ],
                [
                    1368,
                    917.028
                ],
                [
                    1392.96,
                    914.004
                ],
                [
                    1441.92,
                    911.952
                ],
                [
                    1518.912,
                    911.952
                ],
                [
                    1539.072,
                    914.976
                ],
                [
                    1561.92,
                    914.976
                ],
                [
                    1575.936,
                    918.972
                ],
                [
                    1589.952,
                    928.044
                ],
                [
                    1598.9759999999999,
                    941.0039999999999
                ],
                [
                    1598.9759999999999,
                    952.992
                ],
                [
                    1607.04,
                    965.952
                ],
                [
                    1616.064,
                    1010.988
                ],
                [
                    1616.064,
                    1080
                ],
                [
                    744.96,
                    1080
                ]
            ]
        },
        {
            "ID": "5",
            "CLASS": "페트병",
            "DETAILS": "무색단일",
            "DAMAGE": "찌그러짐",
            "DIRTINESS": "이물질(외부)",
            "COVER": "겹침",
            "TRANSPARENCY": "투명",
            "SHAPE": "물통형",
            "SHAPE_TYPE": "POLYGON",
            "POINTS": [
                [
                    782.976,
                    915.948
                ],
                [
                    772.032,
                    910.98
                ],
                [
                    764.928,
                    906.012
                ],
                [
                    750.912,
                    891
                ],
                [
                    748.992,
                    883.008
                ],
                [
                    749.952,
                    860.976
                ],
                [
                    759.9359999999999,
                    837.972
                ],
                [
                    762.048,
                    829.0079999999999
                ],
                [
                    759.9359999999999,
                    814.9680000000001
                ],
                [
                    755.904,
                    807.948
                ],
                [
                    755.904,
                    770.04
                ],
                [
                    761.088,
                    752.004
                ],
                [
                    761.088,
                    744.9839999999999
                ],
                [
                    764.928,
                    739.044
                ],
                [
                    768,
                    721.0079999999999
                ],
                [
                    777.984,
                    702
                ],
                [
                    793.92,
                    663.0120000000001
                ],
                [
                    797.952,
                    658.044
                ],
                [
                    804.096,
                    641.952
                ],
                [
                    812.928,
                    627.048
                ],
                [
                    849.9839999999999,
                    546.048
                ],
                [
                    859.008,
                    531.0360000000001
                ],
                [
                    860.928,
                    523.044
                ],
                [
                    864,
                    517.9680000000001
                ],
                [
                    874.944,
                    508.032
                ],
                [
                    892.032,
                    501.012
                ],
                [
                    903.936,
                    498.96000000000004
                ],
                [
                    931.008,
                    498.96000000000004
                ],
                [
                    950.0160000000001,
                    501.984
                ],
                [
                    968.064,
                    508.032
                ],
                [
                    978.0479999999999,
                    516.024
                ],
                [
                    985.92,
                    520.992
                ],
                [
                    992.0640000000001,
                    523.044
                ],
                [
                    998.976,
                    528.0120000000001
                ],
                [
                    1012.032,
                    542.052
                ],
                [
                    1017.0239999999999,
                    548.9639999999999
                ],
                [
                    1027.968,
                    578.988
                ],
                [
                    1027.968,
                    593.028
                ],
                [
                    1022.9760000000001,
                    609.9839999999999
                ],
                [
                    1012.992,
                    635.04
                ],
                [
                    1003.9680000000001,
                    648
                ],
                [
                    983.9999999999999,
                    689.04
                ],
                [
                    978.0479999999999,
                    705.024
                ],
                [
                    974.016,
                    709.992
                ],
                [
                    966.912,
                    729
                ],
                [
                    945.984,
                    770.04
                ],
                [
                    932.928,
                    787.9680000000001
                ],
                [
                    926.016,
                    806.976
                ],
                [
                    916.9920000000001,
                    821.9879999999999
                ],
                [
                    902.016,
                    836.028
                ],
                [
                    884.928,
                    848.988
                ],
                [
                    875.904,
                    853.9559999999999
                ],
                [
                    869.952,
                    855.036
                ],
                [
                    854.976,
                    861.948
                ],
                [
                    839.04,
                    876.96
                ],
                [
                    829.056,
                    883.008
                ],
                [
                    797.952,
                    913.032
                ],
                [
                    792.9599999999999,
                    915.948
                ],
                [
                    782.976,
                    915.948
                ]
            ]
        }
    ]
}