{
    "IMAGE_INFO": {
        "FILE_NAME": "1000395@0_03001_220913_P1_T3__0498.jpg",
        "DATE": "2022-11-01 04:20:37",
        "RESOLUTION": "1920 x 1080",
        "IMAGE_PHOTOGRAPHER": "김보배",
        "FOCUS_DISTANCE": "7.1",
        "EXPOSURE_TIME": "1/400",
        "SENSITIVITY_ISO": "5000",
        "PLACE": "삼오자원",
        "REGION_NAME": null,
        "Direction": "0",
        "HEIGHT": "100",
        "DAY/NIGHT": "주간",
        "WEATHER": "맑음",
        "IMAGE_HEIGHT": 1080,
        "IMAGE_WIDTH": 1920,
        "IMAGE_SIZE": "645.9 KB"
    },
    "ANNOTATION_INFO": [
        {
            "ID": "1",
            "CLASS": "페트병",
            "DETAILS": "무색단일",
            "DAMAGE": "찌그러짐",
            "DIRTINESS": "이물질(내부)",
            "COVER": "겹침",
            "TRANSPARENCY": "투명",
            "SHAPE": "물통형",
            "SHAPE_TYPE": "POLYGON",
            "POINTS": [
                [
                    646.08,
                    828.0360000000001
                ],
                [
                    638.976,
                    825.984
                ],
                [
                    637.0559999999999,
                    801.0360000000001
                ],
                [
                    643.0079999999999,
                    774.0360000000001
                ],
                [
                    646.08,
                    717.9839999999999
                ],
                [
                    654.912,
                    705.996
                ],
                [
                    654.912,
                    690.984
                ],
                [
                    643.0079999999999,
                    650.052
                ],
                [
                    628.032,
                    621
                ],
                [
                    624.96,
                    605.0160000000001
                ],
                [
                    609.024,
                    574.02
                ],
                [
                    605.952,
                    554.04
                ],
                [
                    606.912,
                    483.948
                ],
                [
                    610.944,
                    470.01599999999996
                ],
                [
                    614.016,
                    467.964
                ],
                [
                    618.048,
                    467.964
                ],
                [
                    627.072,
                    456.948
                ],
                [
                    637.0559999999999,
                    432
                ],
                [
                    635.904,
                    417.96000000000004
                ],
                [
                    609.024,
                    400.032
                ],
                [
                    604.0319999999999,
                    400.032
                ],
                [
                    590.0160000000001,
                    392.03999999999996
                ],
                [
                    582.9119999999999,
                    392.03999999999996
                ],
                [
                    570.048,
                    385.02
                ],
                [
                    562.9440000000001,
                    385.02
                ],
                [
                    547.0079999999999,
                    402.948
                ],
                [
                    542.016,
                    412.02
                ],
                [
                    537.024,
                    424.98
                ],
                [
                    534.912,
                    440.964
                ],
                [
                    526.08,
                    454.032
                ],
                [
                    490.94399999999996,
                    483.948
                ],
                [
                    467.904,
                    500.04
                ],
                [
                    456.96,
                    504.036
                ],
                [
                    452.928,
                    504.036
                ],
                [
                    450.048,
                    501.984
                ],
                [
                    447.93600000000004,
                    497.016
                ],
                [
                    445.05600000000004,
                    467.964
                ],
                [
                    438.912,
                    454.032
                ],
                [
                    436.032,
                    420.984
                ],
                [
                    436.032,
                    358.02000000000004
                ],
                [
                    430.08,
                    327.99600000000004
                ],
                [
                    428.928,
                    304.02
                ],
                [
                    430.08,
                    216
                ],
                [
                    436.032,
                    201.96
                ],
                [
                    450.048,
                    135
                ],
                [
                    452.928,
                    108
                ],
                [
                    456.96,
                    100.98
                ],
                [
                    460.03200000000004,
                    83.05199999999999
                ],
                [
                    469.056,
                    65.01599999999999
                ],
                [
                    483.072,
                    50.004
                ],
                [
                    499.00800000000004,
                    35.964000000000006
                ],
                [
                    505.92,
                    31.968
                ],
                [
                    517.0559999999999,
                    29.052
                ],
                [
                    526.08,
                    19.98
                ],
                [
                    528.96,
                    0
                ],
                [
                    663.936,
                    2.052
                ],
                [
                    667.0079999999999,
                    11.016
                ],
                [
                    680.0640000000001,
                    18.035999999999998
                ],
                [
                    686.976,
                    27
                ],
                [
                    705.984,
                    68.04
                ],
                [
                    719.04,
                    81
                ],
                [
                    728.064,
                    93.96
                ],
                [
                    735.9359999999999,
                    111.996
                ],
                [
                    758.016,
                    146.016
                ],
                [
                    796.9920000000001,
                    193.96800000000002
                ],
                [
                    806.976,
                    219.99599999999998
                ],
                [
                    816,
                    278.964
                ],
                [
                    826.9440000000001,
                    326.052
                ],
                [
                    831.936,
                    366.984
                ],
                [
                    831.936,
                    405
                ],
                [
                    828.096,
                    423.036
                ],
                [
                    828.096,
                    482.00399999999996
                ],
                [
                    825.024,
                    528.984
                ],
                [
                    820.992,
                    551.016
                ],
                [
                    820.992,
                    571.968
                ],
                [
                    830.0160000000001,
                    613.98
                ],
                [
                    830.0160000000001,
                    628.02
                ],
                [
                    826.9440000000001,
                    644.004
                ],
                [
                    820.992,
                    651.996
                ],
                [
                    825.024,
                    663.984
                ],
                [
                    825.024,
                    682.02
                ],
                [
                    817.92,
                    716.0400000000001
                ],
                [
                    809.088,
                    724.032
                ],
                [
                    768,
                    731.0519999999999
                ],
                [
                    758.016,
                    737.964
                ],
                [
                    743.04,
                    758.052
                ],
                [
                    738.048,
                    778.032
                ],
                [
                    733.0559999999999,
                    785.052
                ],
                [
                    721.92,
                    790.0200000000001
                ],
                [
                    710.0160000000001,
                    798.984
                ],
                [
                    705.024,
                    806.0039999999999
                ],
                [
                    685.056,
                    818.9639999999999
                ],
                [
                    662.016,
                    828.0360000000001
                ],
                [
                    646.08,
                    828.0360000000001
                ]
            ]
        },
        {
            "ID": "2",
            "CLASS": "페트병",
            "DETAILS": "무색단일",
            "DAMAGE": "찌그러짐",
            "DIRTINESS": "오염없음",
            "COVER": "없음",
            "TRANSPARENCY": "투명",
            "SHAPE": "물통형",
            "SHAPE_TYPE": "POLYGON",
            "POINTS": [
                [
                    192,
                    1080
                ],
                [
                    178.94400000000002,
                    1017.036
                ],
                [
                    178.94400000000002,
                    972
                ],
                [
                    187.008,
                    933.0120000000001
                ],
                [
                    187.008,
                    914.976
                ],
                [
                    192,
                    883.98
                ],
                [
                    202.94400000000002,
                    840.996
                ],
                [
                    206.976,
                    834.948
                ],
                [
                    216,
                    803.952
                ],
                [
                    222.91199999999998,
                    763.02
                ],
                [
                    236.928,
                    717.9839999999999
                ],
                [
                    273.984,
                    635.04
                ],
                [
                    297.024,
                    594
                ],
                [
                    310.08,
                    575.9639999999999
                ],
                [
                    335.03999999999996,
                    552.96
                ],
                [
                    374.976,
                    532.98
                ],
                [
                    389.952,
                    527.04
                ],
                [
                    403.968,
                    524.0160000000001
                ],
                [
                    418.944,
                    516.024
                ],
                [
                    447.93600000000004,
                    505.98
                ],
                [
                    456.96,
                    500.04
                ],
                [
                    465.984,
                    497.988
                ],
                [
                    513.024,
                    465.048
                ],
                [
                    531.072,
                    447.012
                ],
                [
                    537.024,
                    436.968
                ],
                [
                    537.024,
                    424.008
                ],
                [
                    551.04,
                    393.98400000000004
                ],
                [
                    557.952,
                    385.992
                ],
                [
                    564.096,
                    384.048
                ],
                [
                    584.0640000000001,
                    389.988
                ],
                [
                    615.9359999999999,
                    405.97200000000004
                ],
                [
                    633.024,
                    416.01599999999996
                ],
                [
                    638.016,
                    424.008
                ],
                [
                    624.96,
                    452.952
                ],
                [
                    624,
                    465.048
                ],
                [
                    618.048,
                    469.04400000000004
                ],
                [
                    614.016,
                    469.04400000000004
                ],
                [
                    604.992,
                    489.996
                ],
                [
                    606.912,
                    564.948
                ],
                [
                    615.9359999999999,
                    591.948
                ],
                [
                    624,
                    604.044
                ],
                [
                    628.992,
                    623.052
                ],
                [
                    644.928,
                    659.016
                ],
                [
                    651.072,
                    682.02
                ],
                [
                    651.072,
                    698.004
                ],
                [
                    644.928,
                    721.0079999999999
                ],
                [
                    638.016,
                    812.052
                ],
                [
                    628.992,
                    840.996
                ],
                [
                    624,
                    870.048
                ],
                [
                    609.024,
                    902.0160000000001
                ],
                [
                    571.008,
                    964.0079999999999
                ],
                [
                    546.048,
                    1018.98
                ],
                [
                    534.912,
                    1061.964
                ],
                [
                    523.968,
                    1080
                ],
                [
                    192,
                    1080
                ]
            ]
        }
    ]
}