{
    "IMAGE_INFO": {
        "FILE_NAME": "1000236@0_03001_220913_P1_T3__2019.jpg",
        "DATE": "2022-11-01 04:20:28",
        "RESOLUTION": "1920 x 1080",
        "IMAGE_PHOTOGRAPHER": "김보배",
        "FOCUS_DISTANCE": "7.1",
        "EXPOSURE_TIME": "1/400",
        "SENSITIVITY_ISO": "5000",
        "PLACE": "삼오자원",
        "REGION_NAME": null,
        "Direction": "0",
        "HEIGHT": "100",
        "DAY/NIGHT": "주간",
        "WEATHER": "맑음",
        "IMAGE_HEIGHT": 1080,
        "IMAGE_WIDTH": 1920,
        "IMAGE_SIZE": "644.3 KB"
    },
    "ANNOTATION_INFO": [
        {
            "ID": "1",
            "CLASS": "페트병",
            "DETAILS": "무색단일",
            "DAMAGE": "찌그러짐",
            "DIRTINESS": "이물질(외부)",
            "COVER": "겹침",
            "TRANSPARENCY": "투명",
            "SHAPE": "물통형",
            "SHAPE_TYPE": "POLYGON",
            "POINTS": [
                [
                    1526.976,
                    559.0079999999999
                ],
                [
                    1525.056,
                    555.984
                ],
                [
                    1526.0159999999998,
                    551.9879999999999
                ],
                [
                    1534.0800000000002,
                    532.98
                ],
                [
                    1537.92,
                    517.9680000000001
                ],
                [
                    1540.0320000000002,
                    479.952
                ],
                [
                    1536.96,
                    471.96
                ],
                [
                    1521.984,
                    452.952
                ],
                [
                    1502.976,
                    447.984
                ],
                [
                    1497.024,
                    447.984
                ],
                [
                    1488,
                    443.988
                ],
                [
                    1483.008,
                    443.988
                ],
                [
                    1478.016,
                    440.964
                ],
                [
                    1470.912,
                    424.98
                ],
                [
                    1463.04,
                    416.988
                ],
                [
                    1458.048,
                    415.044
                ],
                [
                    1454.0159999999998,
                    411.048
                ],
                [
                    1445.952,
                    407.052
                ],
                [
                    1436.9279999999999,
                    405
                ],
                [
                    1417.92,
                    407.052
                ],
                [
                    1417.92,
                    378
                ],
                [
                    1415.04,
                    348.948
                ],
                [
                    1406.976,
                    319.032
                ],
                [
                    1400.0639999999999,
                    304.02
                ],
                [
                    1395.0720000000001,
                    272.052
                ],
                [
                    1391.04,
                    262.98
                ],
                [
                    1387.008,
                    238.032
                ],
                [
                    1386.048,
                    196.01999999999998
                ],
                [
                    1387.968,
                    169.99200000000002
                ],
                [
                    1387.008,
                    158.00400000000002
                ],
                [
                    1382.976,
                    149.04000000000002
                ],
                [
                    1382.016,
                    134.028
                ],
                [
                    1383.936,
                    104.00399999999999
                ],
                [
                    1387.008,
                    100.98
                ],
                [
                    1403.904,
                    92.01599999999999
                ],
                [
                    1415.04,
                    88.992
                ],
                [
                    1422.912,
                    84.99600000000001
                ],
                [
                    1431.9360000000001,
                    84.02399999999999
                ],
                [
                    1443.0720000000001,
                    80.028
                ],
                [
                    1453.056,
                    73.98
                ],
                [
                    1464,
                    69.984
                ],
                [
                    1468.992,
                    69.984
                ],
                [
                    1476.096,
                    68.04
                ],
                [
                    1481.088,
                    64.044
                ],
                [
                    1484.9279999999999,
                    64.044
                ],
                [
                    1488.96,
                    65.988
                ],
                [
                    1492.032,
                    69.984
                ],
                [
                    1497.024,
                    84.02399999999999
                ],
                [
                    1498.944,
                    96.012
                ],
                [
                    1506.048,
                    108
                ],
                [
                    1507.968,
                    119.988
                ],
                [
                    1511.04,
                    123.984
                ],
                [
                    1516.992,
                    142.02
                ],
                [
                    1521.0240000000001,
                    162
                ],
                [
                    1525.056,
                    168.04799999999997
                ],
                [
                    1527.936,
                    180.03599999999997
                ],
                [
                    1539.072,
                    242.028
                ],
                [
                    1542.912,
                    250.02
                ],
                [
                    1542.912,
                    258.012
                ],
                [
                    1574.0159999999998,
                    332.964
                ],
                [
                    1575.936,
                    366.984
                ],
                [
                    1584.96,
                    405
                ],
                [
                    1584.96,
                    435.996
                ],
                [
                    1580.928,
                    451.97999999999996
                ],
                [
                    1585.9199999999998,
                    459.972
                ],
                [
                    1589.952,
                    461.052
                ],
                [
                    1592.064,
                    463.96799999999996
                ],
                [
                    1594.944,
                    478.98
                ],
                [
                    1607.04,
                    501.012
                ],
                [
                    1608,
                    509.976
                ],
                [
                    1607.04,
                    520.02
                ],
                [
                    1599.9360000000001,
                    528.984
                ],
                [
                    1569.984,
                    544.9680000000001
                ],
                [
                    1540.992,
                    555.984
                ],
                [
                    1526.976,
                    559.0079999999999
                ]
            ]
        },
        {
            "ID": "2",
            "CLASS": "페트병",
            "DETAILS": "무색단일",
            "DAMAGE": "원형",
            "DIRTINESS": "이물질(외부)",
            "COVER": "없음",
            "TRANSPARENCY": "투명",
            "SHAPE": "일반용기형",
            "SHAPE_TYPE": "POLYGON",
            "POINTS": [
                [
                    422.01599999999996,
                    1080
                ],
                [
                    421.056,
                    1060.992
                ],
                [
                    427.96799999999996,
                    1044.036
                ],
                [
                    430.08,
                    1022.976
                ],
                [
                    430.08,
                    972
                ],
                [
                    432.96000000000004,
                    936.0360000000001
                ],
                [
                    444.096,
                    903.9599999999999
                ],
                [
                    454.08,
                    836.028
                ],
                [
                    459.072,
                    776.952
                ],
                [
                    465.024,
                    752.976
                ],
                [
                    474.048,
                    691.956
                ],
                [
                    473.088,
                    663.984
                ],
                [
                    478.08,
                    647.028
                ],
                [
                    484.032,
                    636.012
                ],
                [
                    494.01599999999996,
                    559.9799999999999
                ],
                [
                    497.088,
                    548.9639999999999
                ],
                [
                    504,
                    536.976
                ],
                [
                    522.048,
                    525.96
                ],
                [
                    531.072,
                    524.0160000000001
                ],
                [
                    545.088,
                    516.996
                ],
                [
                    552,
                    506.952
                ],
                [
                    548.928,
                    500.04
                ],
                [
                    548.928,
                    473.04
                ],
                [
                    556.9920000000001,
                    416.01599999999996
                ],
                [
                    561.024,
                    401.004
                ],
                [
                    565.056,
                    397.008
                ],
                [
                    589.056,
                    397.008
                ],
                [
                    601.92,
                    401.004
                ],
                [
                    633.024,
                    401.004
                ],
                [
                    643.0079999999999,
                    402.948
                ],
                [
                    653.952,
                    407.052
                ],
                [
                    657.984,
                    411.048
                ],
                [
                    657.024,
                    454.032
                ],
                [
                    651.072,
                    469.04400000000004
                ],
                [
                    648,
                    509.004
                ],
                [
                    642.048,
                    520.02
                ],
                [
                    646.08,
                    528.0120000000001
                ],
                [
                    651.072,
                    529.956
                ],
                [
                    665.088,
                    543.024
                ],
                [
                    667.968,
                    543.024
                ],
                [
                    670.0799999999999,
                    544.9680000000001
                ],
                [
                    672.9599999999999,
                    552.96
                ],
                [
                    673.92,
                    578.988
                ],
                [
                    676.9920000000001,
                    587.952
                ],
                [
                    676.9920000000001,
                    618.9480000000001
                ],
                [
                    672.9599999999999,
                    633.9599999999999
                ],
                [
                    667.968,
                    686.9879999999999
                ],
                [
                    662.976,
                    705.996
                ],
                [
                    661.056,
                    737.964
                ],
                [
                    649.9200000000001,
                    795.96
                ],
                [
                    649.9200000000001,
                    818.9639999999999
                ],
                [
                    647.0400000000001,
                    832.0319999999999
                ],
                [
                    646.08,
                    866.0519999999999
                ],
                [
                    638.016,
                    940.0319999999999
                ],
                [
                    630.912,
                    975.996
                ],
                [
                    620.928,
                    1002.024
                ],
                [
                    614.016,
                    1045.98
                ],
                [
                    611.904,
                    1080
                ],
                [
                    422.01599999999996,
                    1080
                ]
            ]
        },
        {
            "ID": "3",
            "CLASS": "페트병",
            "DETAILS": "무색단일",
            "DAMAGE": "원형",
            "DIRTINESS": "이물질(외부)",
            "COVER": "없음",
            "TRANSPARENCY": "투명",
            "SHAPE": "물통형",
            "SHAPE_TYPE": "POLYGON",
            "POINTS": [
                [
                    1027.968,
                    1080
                ],
                [
                    1018.944,
                    1068.984
                ],
                [
                    1017.0239999999999,
                    1063.0439999999999
                ],
                [
                    1011.0719999999999,
                    1056.996
                ],
                [
                    993.9840000000002,
                    1018.008
                ],
                [
                    988.992,
                    983.988
                ],
                [
                    993.9840000000002,
                    961.956
                ],
                [
                    1011.0719999999999,
                    929.9879999999999
                ],
                [
                    1036.992,
                    902.9879999999999
                ],
                [
                    1065.024,
                    879.012
                ],
                [
                    1085.952,
                    856.98
                ],
                [
                    1093.056,
                    843.048
                ],
                [
                    1100.928,
                    818.9639999999999
                ],
                [
                    1105.9199999999998,
                    748.008
                ],
                [
                    1121.088,
                    701.028
                ],
                [
                    1166.0159999999998,
                    624.024
                ],
                [
                    1170.048,
                    612.036
                ],
                [
                    1195.968,
                    567
                ],
                [
                    1200.9599999999998,
                    551.9879999999999
                ],
                [
                    1214.0159999999998,
                    525.96
                ],
                [
                    1230.912,
                    500.04
                ],
                [
                    1263.936,
                    432
                ],
                [
                    1296,
                    393.98400000000004
                ],
                [
                    1310.9759999999999,
                    381.024
                ],
                [
                    1328.0639999999999,
                    371.952
                ],
                [
                    1334.976,
                    370.00800000000004
                ],
                [
                    1363.008,
                    370.00800000000004
                ],
                [
                    1373.952,
                    375.94800000000004
                ],
                [
                    1407.936,
                    408.024
                ],
                [
                    1415.04,
                    409.968
                ],
                [
                    1419.072,
                    408.024
                ],
                [
                    1430.016,
                    405.97200000000004
                ],
                [
                    1431.9360000000001,
                    404.02799999999996
                ],
                [
                    1446.912,
                    405.97200000000004
                ],
                [
                    1458.048,
                    411.048
                ],
                [
                    1468.032,
                    419.04
                ],
                [
                    1474.944,
                    428.00399999999996
                ],
                [
                    1474.944,
                    432
                ],
                [
                    1478.9759999999999,
                    438.048
                ],
                [
                    1481.088,
                    438.048
                ],
                [
                    1488,
                    443.016
                ],
                [
                    1520.0639999999999,
                    452.952
                ],
                [
                    1529.088,
                    459.972
                ],
                [
                    1531.008,
                    466.02
                ],
                [
                    1537.92,
                    473.04
                ],
                [
                    1540.0320000000002,
                    497.988
                ],
                [
                    1535.04,
                    532.0079999999999
                ],
                [
                    1525.056,
                    551.9879999999999
                ],
                [
                    1522.944,
                    563.976
                ],
                [
                    1512,
                    586.0079999999999
                ],
                [
                    1494.9119999999998,
                    609.9839999999999
                ],
                [
                    1468.992,
                    655.9920000000001
                ],
                [
                    1464,
                    671.0039999999999
                ],
                [
                    1443.0720000000001,
                    702
                ],
                [
                    1391.04,
                    803.952
                ],
                [
                    1383.936,
                    822.96
                ],
                [
                    1376.064,
                    836.028
                ],
                [
                    1361.088,
                    856.98
                ],
                [
                    1334.976,
                    883.008
                ],
                [
                    1324.032,
                    891.972
                ],
                [
                    1305.024,
                    902.9879999999999
                ],
                [
                    1297.92,
                    909.0360000000001
                ],
                [
                    1276.032,
                    932.04
                ],
                [
                    1263.936,
                    949.9680000000001
                ],
                [
                    1254.9119999999998,
                    986.0400000000001
                ],
                [
                    1252.992,
                    1029.024
                ],
                [
                    1246.08,
                    1060.992
                ],
                [
                    1234.944,
                    1080
                ],
                [
                    1027.968,
                    1080
                ]
            ]
        },
        {
            "ID": "4",
            "CLASS": "페트병",
            "DETAILS": "무색단일",
            "DAMAGE": "원형",
            "DIRTINESS": "이물질(외부)",
            "COVER": "없음",
            "TRANSPARENCY": "투명",
            "SHAPE": "물통형",
            "SHAPE_TYPE": "POLYGON",
            "POINTS": [
                [
                    1616.064,
                    324
                ],
                [
                    1608.96,
                    312.984
                ],
                [
                    1606.08,
                    294.94800000000004
                ],
                [
                    1603.968,
                    290.952
                ],
                [
                    1598.016,
                    285.984
                ],
                [
                    1593.9840000000002,
                    273.996
                ],
                [
                    1593.024,
                    265.032
                ],
                [
                    1601.088,
                    258.98400000000004
                ],
                [
                    1599.9360000000001,
                    249.048
                ],
                [
                    1593.9840000000002,
                    243
                ],
                [
                    1584,
                    239.004
                ],
                [
                    1574.976,
                    231.012
                ],
                [
                    1558.08,
                    220.96800000000002
                ],
                [
                    1534.0800000000002,
                    196.01999999999998
                ],
                [
                    1531.008,
                    189.972
                ],
                [
                    1530.048,
                    180.03599999999997
                ],
                [
                    1525.056,
                    168.04799999999997
                ],
                [
                    1521.0240000000001,
                    164.05200000000002
                ],
                [
                    1520.0639999999999,
                    154.98
                ],
                [
                    1512.96,
                    132.948
                ],
                [
                    1512,
                    115.99199999999999
                ],
                [
                    1507.968,
                    104.976
                ],
                [
                    1505.0880000000002,
                    77.976
                ],
                [
                    1502.016,
                    73.98
                ],
                [
                    1501.056,
                    62.964
                ],
                [
                    1496.064,
                    49.032000000000004
                ],
                [
                    1494.9119999999998,
                    38.016000000000005
                ],
                [
                    1488,
                    15.011999999999999
                ],
                [
                    1486.08,
                    0
                ],
                [
                    1695.936,
                    0
                ],
                [
                    1697.088,
                    15.011999999999999
                ],
                [
                    1700.928,
                    27.971999999999998
                ],
                [
                    1704,
                    53.028
                ],
                [
                    1710.912,
                    83.05199999999999
                ],
                [
                    1716.096,
                    93.96
                ],
                [
                    1714.944,
                    111.996
                ],
                [
                    1719.9360000000001,
                    123.012
                ],
                [
                    1721.088,
                    128.952
                ],
                [
                    1713.9840000000002,
                    162.972
                ],
                [
                    1703.04,
                    189.972
                ],
                [
                    1678.08,
                    231.012
                ],
                [
                    1680,
                    238.032
                ],
                [
                    1681.92,
                    238.032
                ],
                [
                    1689.984,
                    243.97199999999998
                ],
                [
                    1690.944,
                    266.00399999999996
                ],
                [
                    1689.0240000000001,
                    274.968
                ],
                [
                    1689.0240000000001,
                    288.036
                ],
                [
                    1690.944,
                    293.00399999999996
                ],
                [
                    1690.944,
                    300.996
                ],
                [
                    1688.0639999999999,
                    308.988
                ],
                [
                    1684.9920000000002,
                    312.012
                ],
                [
                    1680,
                    312.012
                ],
                [
                    1676.9279999999999,
                    313.956
                ],
                [
                    1673.088,
                    315.036
                ],
                [
                    1665.9840000000002,
                    315.036
                ],
                [
                    1660.0320000000002,
                    316.00800000000004
                ],
                [
                    1655.04,
                    319.032
                ],
                [
                    1651.008,
                    320.004
                ],
                [
                    1643.904,
                    320.004
                ],
                [
                    1637.952,
                    320.976
                ],
                [
                    1632.96,
                    323.02799999999996
                ],
                [
                    1626.048,
                    324
                ],
                [
                    1616.064,
                    324
                ]
            ]
        },
        {
            "ID": "5",
            "CLASS": "페트병",
            "DETAILS": "무색단일",
            "DAMAGE": "원형",
            "DIRTINESS": "이물질(외부)",
            "COVER": "겹침",
            "TRANSPARENCY": "투명",
            "SHAPE": "물통형",
            "SHAPE_TYPE": "POLYGON",
            "POINTS": [
                [
                    849.024,
                    400.032
                ],
                [
                    841.92,
                    396.036
                ],
                [
                    825.984,
                    381.99600000000004
                ],
                [
                    820.992,
                    366.984
                ],
                [
                    820.992,
                    362.016
                ],
                [
                    829.056,
                    357.048
                ],
                [
                    831.936,
                    351.97200000000004
                ],
                [
                    830.976,
                    288.036
                ],
                [
                    820.0319999999999,
                    278.964
                ],
                [
                    810.048,
                    277.992
                ],
                [
                    805.056,
                    276.048
                ],
                [
                    788.928,
                    273.024
                ],
                [
                    771.072,
                    273.024
                ],
                [
                    767.0400000000001,
                    272.052
                ],
                [
                    763.0079999999999,
                    270
                ],
                [
                    762.048,
                    262.00800000000004
                ],
                [
                    764.928,
                    246.99599999999998
                ],
                [
                    776.064,
                    227.988
                ],
                [
                    782.976,
                    208.98000000000002
                ],
                [
                    791.04,
                    196.01999999999998
                ],
                [
                    792.9599999999999,
                    186.948
                ],
                [
                    796.9920000000001,
                    181.98000000000002
                ],
                [
                    801.024,
                    161.02800000000002
                ],
                [
                    806.016,
                    153.036
                ],
                [
                    816,
                    145.044
                ],
                [
                    824.0640000000001,
                    135
                ],
                [
                    830.0160000000001,
                    122.04
                ],
                [
                    835.008,
                    108
                ],
                [
                    836.928,
                    87.048
                ],
                [
                    844.992,
                    73.008
                ],
                [
                    845.952,
                    65.01599999999999
                ],
                [
                    854.976,
                    49.032000000000004
                ],
                [
                    872.064,
                    0
                ],
                [
                    1008.9599999999999,
                    0
                ],
                [
                    1012.032,
                    0.972
                ],
                [
                    1026.048,
                    14.04
                ],
                [
                    1031.04,
                    24.948
                ],
                [
                    1026.048,
                    42.984
                ],
                [
                    1019.904,
                    51.94799999999999
                ],
                [
                    1017.984,
                    69.012
                ],
                [
                    999.936,
                    96.012
                ],
                [
                    985.92,
                    111.996
                ],
                [
                    964.9920000000001,
                    162.972
                ],
                [
                    954.048,
                    182.952
                ],
                [
                    946.9440000000001,
                    191.052
                ],
                [
                    945.984,
                    196.01999999999998
                ],
                [
                    936,
                    213.948
                ],
                [
                    935.04,
                    219.99599999999998
                ],
                [
                    922.9440000000001,
                    243
                ],
                [
                    918.912,
                    246.99599999999998
                ],
                [
                    901.056,
                    284.04
                ],
                [
                    893.952,
                    304.02
                ],
                [
                    889.9200000000001,
                    309.96
                ],
                [
                    888.96,
                    317.952
                ],
                [
                    879.9359999999999,
                    330.048
                ],
                [
                    878.016,
                    347.00399999999996
                ],
                [
                    872.064,
                    366.012
                ],
                [
                    860.928,
                    384.048
                ],
                [
                    859.008,
                    392.03999999999996
                ],
                [
                    854.976,
                    394.956
                ],
                [
                    854.016,
                    398.952
                ],
                [
                    849.024,
                    400.032
                ]
            ]
        },
        {
            "ID": "6",
            "CLASS": "페트병",
            "DETAILS": "무색단일",
            "DAMAGE": "원형",
            "DIRTINESS": "이물질(외부)",
            "COVER": "없음",
            "TRANSPARENCY": "투명",
            "SHAPE": "물통형",
            "SHAPE_TYPE": "POLYGON",
            "POINTS": [
                [
                    745.9200000000001,
                    920.052
                ],
                [
                    725.952,
                    918
                ],
                [
                    710.976,
                    914.004
                ],
                [
                    704.0640000000001,
                    914.004
                ],
                [
                    681.024,
                    906.012
                ],
                [
                    668.928,
                    899.964
                ],
                [
                    652.032,
                    882.036
                ],
                [
                    646.08,
                    871.992
                ],
                [
                    648,
                    825.0120000000001
                ],
                [
                    653.952,
                    798.0120000000001
                ],
                [
                    653.952,
                    778.032
                ],
                [
                    663.936,
                    699.948
                ],
                [
                    670.0799999999999,
                    671.976
                ],
                [
                    672,
                    641.952
                ],
                [
                    680.0640000000001,
                    614.952
                ],
                [
                    670.0799999999999,
                    531.0360000000001
                ],
                [
                    670.0799999999999,
                    489.024
                ],
                [
                    675.072,
                    455.976
                ],
                [
                    676.032,
                    425.952
                ],
                [
                    691.968,
                    405.97200000000004
                ],
                [
                    716.928,
                    388.044
                ],
                [
                    744,
                    362.016
                ],
                [
                    745.9200000000001,
                    357.048
                ],
                [
                    744,
                    351.97200000000004
                ],
                [
                    735.9359999999999,
                    347.976
                ],
                [
                    734.016,
                    343.98
                ],
                [
                    738.048,
                    335.988
                ],
                [
                    744,
                    284.04
                ],
                [
                    753.984,
                    273.996
                ],
                [
                    764.928,
                    273.024
                ],
                [
                    801.024,
                    273.996
                ],
                [
                    821.952,
                    280.044
                ],
                [
                    830.0160000000001,
                    285.012
                ],
                [
                    831.936,
                    351
                ],
                [
                    830.976,
                    355.968
                ],
                [
                    825.024,
                    357.048
                ],
                [
                    819.072,
                    362.988
                ],
                [
                    819.072,
                    367.956
                ],
                [
                    825.024,
                    380.05199999999996
                ],
                [
                    865.9200000000001,
                    421.956
                ],
                [
                    875.904,
                    440.964
                ],
                [
                    875.904,
                    451.97999999999996
                ],
                [
                    872.064,
                    462.024
                ],
                [
                    873.984,
                    489.024
                ],
                [
                    868.032,
                    524.9879999999999
                ],
                [
                    868.032,
                    551.9879999999999
                ],
                [
                    849.024,
                    659.9879999999999
                ],
                [
                    848.064,
                    740.0160000000001
                ],
                [
                    844.0319999999999,
                    752.976
                ],
                [
                    844.0319999999999,
                    818.9639999999999
                ],
                [
                    840,
                    875.988
                ],
                [
                    835.9680000000001,
                    887.976
                ],
                [
                    824.0640000000001,
                    899.964
                ],
                [
                    801.984,
                    911.952
                ],
                [
                    768,
                    920.052
                ],
                [
                    745.9200000000001,
                    920.052
                ]
            ]
        },
        {
            "ID": "7",
            "CLASS": "페트병",
            "DETAILS": "무색단일",
            "DAMAGE": "찌그러짐",
            "DIRTINESS": "이물질(외부)",
            "COVER": "겹침",
            "TRANSPARENCY": "투명",
            "SHAPE": "물통형",
            "SHAPE_TYPE": "POLYGON",
            "POINTS": [
                [
                    552,
                    412.992
                ],
                [
                    546.048,
                    408.024
                ],
                [
                    538.944,
                    397.008
                ],
                [
                    537.984,
                    385.992
                ],
                [
                    542.976,
                    366.984
                ],
                [
                    548.928,
                    355.968
                ],
                [
                    552,
                    339.012
                ],
                [
                    556.032,
                    331.992
                ],
                [
                    561.024,
                    330.048
                ],
                [
                    566.016,
                    324.972
                ],
                [
                    566.016,
                    320.004
                ],
                [
                    548.928,
                    294.94800000000004
                ],
                [
                    542.976,
                    289.008
                ],
                [
                    532.9920000000001,
                    261.036
                ],
                [
                    529.9200000000001,
                    239.976
                ],
                [
                    529.9200000000001,
                    181.008
                ],
                [
                    532.9920000000001,
                    158.976
                ],
                [
                    537.984,
                    149.04000000000002
                ],
                [
                    542.976,
                    122.04
                ],
                [
                    552,
                    96.98400000000001
                ],
                [
                    566.016,
                    72.036
                ],
                [
                    579.072,
                    62.964
                ],
                [
                    585.984,
                    56.052
                ],
                [
                    584.0640000000001,
                    0
                ],
                [
                    869.952,
                    0
                ],
                [
                    869.952,
                    6.048
                ],
                [
                    859.9680000000001,
                    30.023999999999997
                ],
                [
                    859.9680000000001,
                    37.044
                ],
                [
                    854.976,
                    49.032000000000004
                ],
                [
                    854.976,
                    54
                ],
                [
                    845.952,
                    69.984
                ],
                [
                    844.992,
                    76.03200000000001
                ],
                [
                    836.928,
                    87.048
                ],
                [
                    835.9680000000001,
                    108.97200000000001
                ],
                [
                    831.936,
                    122.04
                ],
                [
                    821.952,
                    138.996
                ],
                [
                    802.9440000000001,
                    158.00400000000002
                ],
                [
                    801.984,
                    168.04799999999997
                ],
                [
                    796.032,
                    185.976
                ],
                [
                    786.048,
                    204.984
                ],
                [
                    778.944,
                    223.992
                ],
                [
                    771.072,
                    235.00799999999998
                ],
                [
                    769.9200000000001,
                    243
                ],
                [
                    763.968,
                    253.044
                ],
                [
                    759.9359999999999,
                    267.948
                ],
                [
                    753.024,
                    273.024
                ],
                [
                    745.9200000000001,
                    281.01599999999996
                ],
                [
                    737.0880000000001,
                    297
                ],
                [
                    728.064,
                    308.016
                ],
                [
                    713.088,
                    319.032
                ],
                [
                    705.024,
                    320.976
                ],
                [
                    690.048,
                    332.964
                ],
                [
                    671.04,
                    342.036
                ],
                [
                    660.096,
                    343.98
                ],
                [
                    644.928,
                    348.948
                ],
                [
                    639.9359999999999,
                    355.968
                ],
                [
                    639.9359999999999,
                    374.976
                ],
                [
                    627.072,
                    398.952
                ],
                [
                    622.08,
                    401.976
                ],
                [
                    619.008,
                    401.976
                ],
                [
                    588.096,
                    397.008
                ],
                [
                    569.088,
                    397.008
                ],
                [
                    561.984,
                    401.004
                ],
                [
                    558.912,
                    411.048
                ],
                [
                    552,
                    412.992
                ]
            ]
        }
    ]
}