{
    "IMAGE_INFO": {
        "FILE_NAME": "1000336@0_03001_220913_P1_T3__0432.jpg",
        "DATE": "2022-11-01 04:20:35",
        "RESOLUTION": "1920 x 1080",
        "IMAGE_PHOTOGRAPHER": "김보배",
        "FOCUS_DISTANCE": "7.1",
        "EXPOSURE_TIME": "1/400",
        "SENSITIVITY_ISO": "5000",
        "PLACE": "삼오자원",
        "REGION_NAME": null,
        "Direction": "0",
        "HEIGHT": "100",
        "DAY/NIGHT": "주간",
        "WEATHER": "맑음",
        "IMAGE_HEIGHT": 1080,
        "IMAGE_WIDTH": 1920,
        "IMAGE_SIZE": "597.7 KB"
    },
    "ANNOTATION_INFO": [
        {
            "ID": "1",
            "CLASS": "페트병",
            "DETAILS": "무색단일",
            "DAMAGE": "원형",
            "DIRTINESS": "이물질(외부)",
            "COVER": "없음",
            "TRANSPARENCY": "투명",
            "SHAPE": "물통형",
            "SHAPE_TYPE": "POLYGON",
            "POINTS": [
                [
                    1651.008,
                    481.03200000000004
                ],
                [
                    1636.032,
                    479.952
                ],
                [
                    1627.968,
                    474.012
                ],
                [
                    1616.064,
                    447.012
                ],
                [
                    1614.9119999999998,
                    439.02
                ],
                [
                    1609.92,
                    435.024
                ],
                [
                    1608,
                    416.01599999999996
                ],
                [
                    1597.056,
                    415.044
                ],
                [
                    1589.952,
                    412.02
                ],
                [
                    1587.0720000000001,
                    408.996
                ],
                [
                    1579.008,
                    408.024
                ],
                [
                    1574.976,
                    402.948
                ],
                [
                    1569.984,
                    401.976
                ],
                [
                    1564.032,
                    397.98
                ],
                [
                    1545.024,
                    378.972
                ],
                [
                    1531.968,
                    358.99199999999996
                ],
                [
                    1522.944,
                    339.012
                ],
                [
                    1517.952,
                    332.964
                ],
                [
                    1516.992,
                    326.052
                ],
                [
                    1512,
                    320.004
                ],
                [
                    1512,
                    315.036
                ],
                [
                    1507.968,
                    309.96
                ],
                [
                    1498.944,
                    286.956
                ],
                [
                    1493.952,
                    281.01599999999996
                ],
                [
                    1488.96,
                    265.032
                ],
                [
                    1483.968,
                    258.98400000000004
                ],
                [
                    1483.008,
                    251.964
                ],
                [
                    1470.912,
                    228.95999999999998
                ],
                [
                    1457.088,
                    189.972
                ],
                [
                    1453.056,
                    181.98000000000002
                ],
                [
                    1440.9599999999998,
                    166.968
                ],
                [
                    1431.9360000000001,
                    150.012
                ],
                [
                    1425.9840000000002,
                    143.964
                ],
                [
                    1416,
                    108.97200000000001
                ],
                [
                    1407.936,
                    95.03999999999999
                ],
                [
                    1406.976,
                    76.03200000000001
                ],
                [
                    1386.048,
                    51.94799999999999
                ],
                [
                    1377.024,
                    19.98
                ],
                [
                    1372.032,
                    12.96
                ],
                [
                    1367.04,
                    0
                ],
                [
                    1569.0240000000001,
                    0
                ],
                [
                    1569.984,
                    6.048
                ],
                [
                    1584,
                    26.028
                ],
                [
                    1598.9759999999999,
                    65.01599999999999
                ],
                [
                    1608,
                    81.972
                ],
                [
                    1616.064,
                    118.044
                ],
                [
                    1632.96,
                    138.024
                ],
                [
                    1649.088,
                    170.964
                ],
                [
                    1655.04,
                    189
                ],
                [
                    1662.912,
                    201.96
                ],
                [
                    1670.9759999999999,
                    226.044
                ],
                [
                    1680,
                    242.028
                ],
                [
                    1685.952,
                    258.012
                ],
                [
                    1694.976,
                    272.052
                ],
                [
                    1705.9199999999998,
                    309.96
                ],
                [
                    1703.04,
                    351.97200000000004
                ],
                [
                    1694.0159999999998,
                    377.028
                ],
                [
                    1694.0159999999998,
                    388.044
                ],
                [
                    1703.04,
                    394.956
                ],
                [
                    1704,
                    405
                ],
                [
                    1709.952,
                    412.992
                ],
                [
                    1718.016,
                    431.028
                ],
                [
                    1718.9759999999999,
                    444.96
                ],
                [
                    1716.096,
                    451.00800000000004
                ],
                [
                    1707.0720000000001,
                    458.02799999999996
                ],
                [
                    1707.0720000000001,
                    459.972
                ],
                [
                    1699.9679999999998,
                    462.024
                ],
                [
                    1698.048,
                    465.048
                ],
                [
                    1691.904,
                    467.964
                ],
                [
                    1688.0639999999999,
                    467.964
                ],
                [
                    1681.92,
                    473.04
                ],
                [
                    1673.088,
                    474.012
                ],
                [
                    1666.944,
                    478.008
                ],
                [
                    1651.008,
                    481.03200000000004
                ]
            ]
        },
        {
            "ID": "2",
            "CLASS": "페트병",
            "DETAILS": "무색단일",
            "DAMAGE": "찌그러짐",
            "DIRTINESS": "오염없음",
            "COVER": "없음",
            "TRANSPARENCY": "투명",
            "SHAPE": "기타 형태",
            "SHAPE_TYPE": "POLYGON",
            "POINTS": [
                [
                    1224,
                    794.9879999999999
                ],
                [
                    1215.936,
                    794.016
                ],
                [
                    1191.9360000000001,
                    786.024
                ],
                [
                    1185.9840000000002,
                    782.028
                ],
                [
                    1180.992,
                    771.984
                ],
                [
                    1174.0800000000002,
                    745.956
                ],
                [
                    1161.984,
                    724.032
                ],
                [
                    1152,
                    698.004
                ],
                [
                    1141.056,
                    681.048
                ],
                [
                    1132.032,
                    672.948
                ],
                [
                    1119.9360000000001,
                    651.024
                ],
                [
                    1104.96,
                    640.98
                ],
                [
                    1084.9920000000002,
                    606.96
                ],
                [
                    1071.9360000000001,
                    600.048
                ],
                [
                    1066.944,
                    585.036
                ],
                [
                    1049.088,
                    567
                ],
                [
                    1046.976,
                    563.004
                ],
                [
                    1003.0079999999999,
                    531.0360000000001
                ],
                [
                    993.024,
                    509.976
                ],
                [
                    989.9519999999999,
                    500.04
                ],
                [
                    989.9519999999999,
                    483.948
                ],
                [
                    998.0160000000001,
                    461.052
                ],
                [
                    1014.9119999999999,
                    435.024
                ],
                [
                    1027.008,
                    420.984
                ],
                [
                    1045.056,
                    405.97200000000004
                ],
                [
                    1070.016,
                    389.988
                ],
                [
                    1081.92,
                    385.02
                ],
                [
                    1089.0240000000001,
                    384.048
                ],
                [
                    1108.992,
                    384.048
                ],
                [
                    1128.96,
                    393.98400000000004
                ],
                [
                    1148.928,
                    411.048
                ],
                [
                    1186.944,
                    439.02
                ],
                [
                    1248,
                    490.968
                ],
                [
                    1258.944,
                    505.00800000000004
                ],
                [
                    1282.944,
                    521.964
                ],
                [
                    1294.0800000000002,
                    533.952
                ],
                [
                    1305.9840000000002,
                    540.972
                ],
                [
                    1324.032,
                    556.956
                ],
                [
                    1335.936,
                    563.004
                ],
                [
                    1354.944,
                    578.016
                ],
                [
                    1363.008,
                    578.988
                ],
                [
                    1380.096,
                    585.036
                ],
                [
                    1395.0720000000001,
                    594
                ],
                [
                    1400.0639999999999,
                    601.992
                ],
                [
                    1405.056,
                    605.988
                ],
                [
                    1412.9279999999999,
                    624.024
                ],
                [
                    1415.04,
                    652.9680000000001
                ],
                [
                    1407.936,
                    672.948
                ],
                [
                    1407.936,
                    678.9960000000001
                ],
                [
                    1405.056,
                    687.96
                ],
                [
                    1390.08,
                    712.044
                ],
                [
                    1381.056,
                    721.0079999999999
                ],
                [
                    1380.096,
                    725.004
                ],
                [
                    1359.9360000000001,
                    744.9839999999999
                ],
                [
                    1334.976,
                    763.02
                ],
                [
                    1283.904,
                    785.052
                ],
                [
                    1271.04,
                    789.048
                ],
                [
                    1243.968,
                    794.016
                ],
                [
                    1224,
                    794.9879999999999
                ]
            ]
        }
    ]
}