{
    "IMAGE_INFO": {
        "FILE_NAME": "1000156@0_03001_220913_P1_T3__1906.jpg",
        "DATE": "2022-11-01 04:20:24",
        "RESOLUTION": "1920 x 1080",
        "IMAGE_PHOTOGRAPHER": "김보배",
        "FOCUS_DISTANCE": "7.1",
        "EXPOSURE_TIME": "1/400",
        "SENSITIVITY_ISO": "5000",
        "PLACE": "삼오자원",
        "REGION_NAME": null,
        "Direction": "0",
        "HEIGHT": "100",
        "DAY/NIGHT": "주간",
        "WEATHER": "맑음",
        "IMAGE_HEIGHT": 1080,
        "IMAGE_WIDTH": 1920,
        "IMAGE_SIZE": "637.2 KB"
    },
    "ANNOTATION_INFO": [
        {
            "ID": "1",
            "CLASS": "페트병",
            "DETAILS": "무색단일",
            "DAMAGE": "찌그러짐",
            "DIRTINESS": "오염없음",
            "COVER": "없음",
            "TRANSPARENCY": "투명",
            "SHAPE": "물통형",
            "SHAPE_TYPE": "POLYGON",
            "POINTS": [
                [
                    1214.0159999999998,
                    875.988
                ],
                [
                    1200,
                    875.0160000000001
                ],
                [
                    1170.048,
                    864.972
                ],
                [
                    1161.984,
                    860.976
                ],
                [
                    1151.04,
                    851.0400000000001
                ],
                [
                    1127.04,
                    824.04
                ],
                [
                    1123.968,
                    813.024
                ],
                [
                    1123.968,
                    786.024
                ],
                [
                    1116.096,
                    772.956
                ],
                [
                    1113.9840000000002,
                    747.036
                ],
                [
                    1097.088,
                    705.996
                ],
                [
                    1094.976,
                    686.016
                ],
                [
                    1097.088,
                    677.052
                ],
                [
                    1103.04,
                    670.0319999999999
                ],
                [
                    1156.992,
                    640.98
                ],
                [
                    1184.064,
                    631.0440000000001
                ],
                [
                    1200,
                    621
                ],
                [
                    1243.008,
                    601.02
                ],
                [
                    1278.912,
                    587.952
                ],
                [
                    1357.056,
                    547.992
                ],
                [
                    1387.008,
                    536.976
                ],
                [
                    1414.0800000000002,
                    523.044
                ],
                [
                    1430.016,
                    516.996
                ],
                [
                    1449.0240000000001,
                    505.98
                ],
                [
                    1478.9759999999999,
                    496.044
                ],
                [
                    1537.92,
                    469.04400000000004
                ],
                [
                    1564.9920000000002,
                    462.99600000000004
                ],
                [
                    1579.008,
                    462.99600000000004
                ],
                [
                    1598.016,
                    459.972
                ],
                [
                    1622.016,
                    454.032
                ],
                [
                    1655.04,
                    452.952
                ],
                [
                    1698.048,
                    446.03999999999996
                ],
                [
                    1771.008,
                    446.03999999999996
                ],
                [
                    1811.904,
                    452.952
                ],
                [
                    1824.96,
                    452.952
                ],
                [
                    1852.032,
                    456.948
                ],
                [
                    1862.976,
                    455.976
                ],
                [
                    1871.04,
                    459
                ],
                [
                    1896,
                    459.972
                ],
                [
                    1920,
                    474.012
                ],
                [
                    1920,
                    699.948
                ],
                [
                    1892.9279999999999,
                    714.96
                ],
                [
                    1885.056,
                    722.952
                ],
                [
                    1847.04,
                    743.04
                ],
                [
                    1833.024,
                    745.956
                ],
                [
                    1728,
                    744.012
                ],
                [
                    1700.928,
                    740.988
                ],
                [
                    1660.0320000000002,
                    740.988
                ],
                [
                    1649.088,
                    744.012
                ],
                [
                    1593.024,
                    744.012
                ],
                [
                    1568.0639999999999,
                    745.956
                ],
                [
                    1544.064,
                    756
                ],
                [
                    1537.92,
                    756
                ],
                [
                    1530.048,
                    759.024
                ],
                [
                    1516.992,
                    768.9599999999999
                ],
                [
                    1487.04,
                    780.948
                ],
                [
                    1478.9759999999999,
                    782.028
                ],
                [
                    1451.904,
                    798.0120000000001
                ],
                [
                    1426.944,
                    806.976
                ],
                [
                    1392,
                    824.04
                ],
                [
                    1372.992,
                    829.9799999999999
                ],
                [
                    1368,
                    829.9799999999999
                ],
                [
                    1345.9199999999998,
                    839.052
                ],
                [
                    1305.9840000000002,
                    849.96
                ],
                [
                    1276.032,
                    861.948
                ],
                [
                    1262.016,
                    864.972
                ],
                [
                    1253.952,
                    864.972
                ],
                [
                    1224,
                    875.0160000000001
                ],
                [
                    1214.0159999999998,
                    875.988
                ]
            ]
        }
    ]
}