{
    "IMAGE_INFO": {
        "FILE_NAME": "1000344@0_03001_220913_P1_T3__0379.jpg",
        "DATE": "2022-11-01 04:20:33",
        "RESOLUTION": "1920 x 1080",
        "IMAGE_PHOTOGRAPHER": "김보배",
        "FOCUS_DISTANCE": "7.1",
        "EXPOSURE_TIME": "1/400",
        "SENSITIVITY_ISO": "5000",
        "PLACE": "삼오자원",
        "REGION_NAME": null,
        "Direction": "0",
        "HEIGHT": "100",
        "DAY/NIGHT": "주간",
        "WEATHER": "맑음",
        "IMAGE_HEIGHT": 1080,
        "IMAGE_WIDTH": 1920,
        "IMAGE_SIZE": "622.6 KB"
    },
    "ANNOTATION_INFO": [
        {
            "ID": "1",
            "CLASS": "페트병",
            "DETAILS": "무색단일",
            "DAMAGE": "원형",
            "DIRTINESS": "이물질(외부)",
            "COVER": "없음",
            "TRANSPARENCY": "투명",
            "SHAPE": "물통형",
            "SHAPE_TYPE": "POLYGON",
            "POINTS": [
                [
                    1267.008,
                    991.0079999999999
                ],
                [
                    1248,
                    987.0120000000001
                ],
                [
                    1224.96,
                    975.996
                ],
                [
                    1213.056,
                    967.0319999999999
                ],
                [
                    1191.9360000000001,
                    945
                ],
                [
                    1181.952,
                    938.952
                ],
                [
                    1176,
                    937.98
                ],
                [
                    1166.0159999999998,
                    941.976
                ],
                [
                    1155.0720000000001,
                    941.976
                ],
                [
                    1118.016,
                    938.952
                ],
                [
                    1108.032,
                    937.008
                ],
                [
                    1099.9679999999998,
                    926.9639999999999
                ],
                [
                    1095.936,
                    910.98
                ],
                [
                    1095.936,
                    868.968
                ],
                [
                    1102.08,
                    856.98
                ],
                [
                    1151.04,
                    851.0400000000001
                ],
                [
                    1161.0240000000001,
                    851.0400000000001
                ],
                [
                    1167.936,
                    855.036
                ],
                [
                    1176,
                    856.0079999999999
                ],
                [
                    1191.9360000000001,
                    843.048
                ],
                [
                    1195.968,
                    833.976
                ],
                [
                    1213.056,
                    816.048
                ],
                [
                    1227.0720000000001,
                    806.0039999999999
                ],
                [
                    1252.032,
                    795.96
                ],
                [
                    1276.992,
                    790.9920000000001
                ],
                [
                    1314.048,
                    787.9680000000001
                ],
                [
                    1357.056,
                    779.976
                ],
                [
                    1412.9279999999999,
                    779.004
                ],
                [
                    1425.024,
                    779.004
                ],
                [
                    1426.944,
                    779.976
                ],
                [
                    1444.032,
                    779.004
                ],
                [
                    1462.08,
                    779.976
                ],
                [
                    1487.04,
                    783
                ],
                [
                    1556.9279999999999,
                    782.028
                ],
                [
                    1574.976,
                    779.976
                ],
                [
                    1584,
                    785.052
                ],
                [
                    1596.096,
                    814.9680000000001
                ],
                [
                    1598.016,
                    855.036
                ],
                [
                    1602.048,
                    871.02
                ],
                [
                    1602.048,
                    891.972
                ],
                [
                    1608,
                    902.9879999999999
                ],
                [
                    1606.08,
                    906.984
                ],
                [
                    1608,
                    937.008
                ],
                [
                    1612.032,
                    951.048
                ],
                [
                    1612.032,
                    960.984
                ],
                [
                    1606.08,
                    975.996
                ],
                [
                    1589.952,
                    980.9639999999999
                ],
                [
                    1550.9759999999999,
                    987.0120000000001
                ],
                [
                    1541.952,
                    987.0120000000001
                ],
                [
                    1526.0159999999998,
                    983.988
                ],
                [
                    1430.9759999999999,
                    983.988
                ],
                [
                    1372.032,
                    987.9839999999999
                ],
                [
                    1350.912,
                    987.9839999999999
                ],
                [
                    1335.936,
                    990.036
                ],
                [
                    1267.008,
                    991.0079999999999
                ]
            ]
        },
        {
            "ID": "2",
            "CLASS": "페트병",
            "DETAILS": "무색단일",
            "DAMAGE": "찌그러짐",
            "DIRTINESS": "오염없음",
            "COVER": "없음",
            "TRANSPARENCY": "투명",
            "SHAPE": "물통형",
            "SHAPE_TYPE": "POLYGON",
            "POINTS": [
                [
                    665.088,
                    907.956
                ],
                [
                    648,
                    901.0440000000001
                ],
                [
                    624,
                    875.988
                ],
                [
                    624,
                    855.036
                ],
                [
                    628.992,
                    844.02
                ],
                [
                    646.08,
                    825.0120000000001
                ],
                [
                    657.984,
                    806.0039999999999
                ],
                [
                    657.984,
                    797.04
                ],
                [
                    652.9920000000001,
                    782.028
                ],
                [
                    648,
                    775.98
                ],
                [
                    646.08,
                    764.964
                ],
                [
                    646.08,
                    736.02
                ],
                [
                    657.984,
                    693.0360000000001
                ],
                [
                    676.9920000000001,
                    656.9639999999999
                ],
                [
                    691.968,
                    640.008
                ],
                [
                    700.992,
                    623.052
                ],
                [
                    720.96,
                    600.048
                ],
                [
                    734.976,
                    586.98
                ],
                [
                    742.08,
                    585.036
                ],
                [
                    748.992,
                    578.988
                ],
                [
                    753.984,
                    567.972
                ],
                [
                    753.984,
                    556.956
                ],
                [
                    773.952,
                    529.956
                ],
                [
                    810.048,
                    486.97200000000004
                ],
                [
                    854.976,
                    447.012
                ],
                [
                    883.968,
                    412.992
                ],
                [
                    925.056,
                    355.968
                ],
                [
                    946.9440000000001,
                    332.964
                ],
                [
                    999.936,
                    262.98
                ],
                [
                    1007.04,
                    247.968
                ],
                [
                    1013.952,
                    213.948
                ],
                [
                    1026.048,
                    195.048
                ],
                [
                    1037.952,
                    184.03199999999998
                ],
                [
                    1065.024,
                    169.02
                ],
                [
                    1081.92,
                    165.024
                ],
                [
                    1103.04,
                    165.024
                ],
                [
                    1122.048,
                    169.02
                ],
                [
                    1151.04,
                    185.976
                ],
                [
                    1249.92,
                    266.976
                ],
                [
                    1268.928,
                    292.032
                ],
                [
                    1287.936,
                    326.052
                ],
                [
                    1286.0159999999998,
                    350.028
                ],
                [
                    1278.912,
                    362.016
                ],
                [
                    1244.9279999999999,
                    407.052
                ],
                [
                    1220.928,
                    429.94800000000004
                ],
                [
                    1206.912,
                    448.956
                ],
                [
                    1191.9360000000001,
                    462.024
                ],
                [
                    1153.92,
                    510.94800000000004
                ],
                [
                    1138.944,
                    524.0160000000001
                ],
                [
                    1118.016,
                    551.016
                ],
                [
                    1085.952,
                    585.036
                ],
                [
                    1070.016,
                    597.996
                ],
                [
                    1056.96,
                    601.992
                ],
                [
                    1042.944,
                    604.044
                ],
                [
                    1037.952,
                    608.04
                ],
                [
                    1032.96,
                    621
                ],
                [
                    1032.96,
                    636.012
                ],
                [
                    1028.928,
                    652.9680000000001
                ],
                [
                    1018.944,
                    670.0319999999999
                ],
                [
                    979.968,
                    709.992
                ],
                [
                    975.9359999999999,
                    718.9559999999999
                ],
                [
                    968.064,
                    726.948
                ],
                [
                    949.056,
                    737.964
                ],
                [
                    935.04,
                    740.0160000000001
                ],
                [
                    925.056,
                    745.956
                ],
                [
                    911.04,
                    785.052
                ],
                [
                    902.976,
                    794.9879999999999
                ],
                [
                    869.952,
                    825.0120000000001
                ],
                [
                    835.9680000000001,
                    845.9639999999999
                ],
                [
                    797.952,
                    863.028
                ],
                [
                    773.952,
                    867.024
                ],
                [
                    748.992,
                    864.972
                ],
                [
                    737.0880000000001,
                    860.976
                ],
                [
                    729.9839999999999,
                    860.976
                ],
                [
                    724.992,
                    863.028
                ],
                [
                    686.976,
                    901.0440000000001
                ],
                [
                    675.072,
                    907.956
                ],
                [
                    665.088,
                    907.956
                ]
            ]
        },
        {
            "ID": "3",
            "CLASS": "페트병",
            "DETAILS": "무색단일",
            "DAMAGE": "찌그러짐",
            "DIRTINESS": "이물질(외부)",
            "COVER": "없음",
            "TRANSPARENCY": "투명",
            "SHAPE": "물통형",
            "SHAPE_TYPE": "POLYGON",
            "POINTS": [
                [
                    1531.968,
                    782.028
                ],
                [
                    1492.992,
                    780.948
                ],
                [
                    1464,
                    776.952
                ],
                [
                    1406.0159999999998,
                    776.952
                ],
                [
                    1328.0639999999999,
                    774.0360000000001
                ],
                [
                    1310.016,
                    771.984
                ],
                [
                    1305.9840000000002,
                    771.012
                ],
                [
                    1301.952,
                    766.0440000000001
                ],
                [
                    1247.04,
                    740.988
                ],
                [
                    1217.088,
                    721.0079999999999
                ],
                [
                    1186.944,
                    705.996
                ],
                [
                    1113.024,
                    685.044
                ],
                [
                    1104,
                    682.992
                ],
                [
                    1091.904,
                    683.9639999999999
                ],
                [
                    1083.0720000000001,
                    682.02
                ],
                [
                    1033.92,
                    659.016
                ],
                [
                    1030.08,
                    654.048
                ],
                [
                    1030.08,
                    628.02
                ],
                [
                    1033.92,
                    617.976
                ],
                [
                    1033.92,
                    608.04
                ],
                [
                    1041.0240000000001,
                    601.992
                ],
                [
                    1061.952,
                    598.968
                ],
                [
                    1076.9279999999999,
                    598.968
                ],
                [
                    1084.9920000000002,
                    601.02
                ],
                [
                    1097.088,
                    602.964
                ],
                [
                    1112.064,
                    608.04
                ],
                [
                    1167.936,
                    614.952
                ],
                [
                    1209.984,
                    623.052
                ],
                [
                    1217.088,
                    602.964
                ],
                [
                    1229.952,
                    587.952
                ],
                [
                    1252.992,
                    577.044
                ],
                [
                    1273.92,
                    577.044
                ],
                [
                    1320.9599999999998,
                    582.0120000000001
                ],
                [
                    1338.048,
                    586.0079999999999
                ],
                [
                    1391.04,
                    593.028
                ],
                [
                    1401.984,
                    596.0519999999999
                ],
                [
                    1454.976,
                    601.02
                ],
                [
                    1468.032,
                    604.044
                ],
                [
                    1513.92,
                    601.02
                ],
                [
                    1536,
                    602.964
                ],
                [
                    1553.088,
                    600.048
                ],
                [
                    1574.0159999999998,
                    600.048
                ],
                [
                    1590.912,
                    602.964
                ],
                [
                    1609.92,
                    609.9839999999999
                ],
                [
                    1618.944,
                    624.024
                ],
                [
                    1622.976,
                    640.98
                ],
                [
                    1625.0880000000002,
                    710.9639999999999
                ],
                [
                    1618.944,
                    735.048
                ],
                [
                    1618.944,
                    747.036
                ],
                [
                    1608,
                    768.9599999999999
                ],
                [
                    1602.048,
                    771.984
                ],
                [
                    1575.936,
                    775.008
                ],
                [
                    1553.088,
                    780.948
                ]
            ]
        }
    ]
}