{
    "IMAGE_INFO": {
        "FILE_NAME": "1000384@0_03001_220913_P1_T3__2111.jpg",
        "DATE": "2022-11-01 04:20:32",
        "RESOLUTION": "1920 x 1080",
        "IMAGE_PHOTOGRAPHER": "김보배",
        "FOCUS_DISTANCE": "7.1",
        "EXPOSURE_TIME": "1/400",
        "SENSITIVITY_ISO": "5000",
        "PLACE": "삼오자원",
        "REGION_NAME": null,
        "Direction": "0",
        "HEIGHT": "100",
        "DAY/NIGHT": "주간",
        "WEATHER": "맑음",
        "IMAGE_HEIGHT": 1080,
        "IMAGE_WIDTH": 1920,
        "IMAGE_SIZE": "642.7 KB"
    },
    "ANNOTATION_INFO": [
        {
            "ID": "1",
            "CLASS": "페트병",
            "DETAILS": "무색단일",
            "DAMAGE": "원형",
            "DIRTINESS": "이물질(외부)",
            "COVER": "겹침",
            "TRANSPARENCY": "투명",
            "SHAPE": "물통형",
            "SHAPE_TYPE": "POLYGON",
            "POINTS": [
                [
                    372.096,
                    990.036
                ],
                [
                    360.96,
                    988.9559999999999
                ],
                [
                    340.992,
                    978.048
                ],
                [
                    337.91999999999996,
                    975.024
                ],
                [
                    335.03999999999996,
                    965.952
                ],
                [
                    326.016,
                    910.98
                ],
                [
                    316.032,
                    875.0160000000001
                ],
                [
                    307.008,
                    806.0039999999999
                ],
                [
                    288.96,
                    725.976
                ],
                [
                    286.08,
                    702
                ],
                [
                    265.92,
                    629.964
                ],
                [
                    244.992,
                    570.996
                ],
                [
                    240,
                    536.976
                ],
                [
                    234.048,
                    516.024
                ],
                [
                    234.048,
                    506.952
                ],
                [
                    240.96,
                    488.052
                ],
                [
                    273.984,
                    447.012
                ],
                [
                    274.94399999999996,
                    439.99199999999996
                ],
                [
                    269.952,
                    431.028
                ],
                [
                    263.04,
                    429.94800000000004
                ],
                [
                    259.96799999999996,
                    425.952
                ],
                [
                    254.976,
                    386.964
                ],
                [
                    254.976,
                    375.94800000000004
                ],
                [
                    259.96799999999996,
                    369.036
                ],
                [
                    268.032,
                    366.012
                ],
                [
                    284.928,
                    366.012
                ],
                [
                    303.936,
                    370.98
                ],
                [
                    308.928,
                    374.004
                ],
                [
                    315.072,
                    374.004
                ],
                [
                    335.03999999999996,
                    382.968
                ],
                [
                    340.992,
                    382.968
                ],
                [
                    345.984,
                    386.964
                ],
                [
                    355.968,
                    416.01599999999996
                ],
                [
                    356.928,
                    432.972
                ],
                [
                    364.032,
                    442.044
                ],
                [
                    370.944,
                    443.016
                ],
                [
                    374.976,
                    444.96
                ],
                [
                    378.048,
                    448.956
                ],
                [
                    385.92,
                    450.036
                ],
                [
                    401.088,
                    462.024
                ],
                [
                    420.096,
                    488.052
                ],
                [
                    422.976,
                    497.016
                ],
                [
                    430.08,
                    554.04
                ],
                [
                    431.04,
                    632.9879999999999
                ],
                [
                    433.92,
                    656.9639999999999
                ],
                [
                    436.032,
                    660.96
                ],
                [
                    456.96,
                    660.96
                ],
                [
                    455.03999999999996,
                    672.948
                ],
                [
                    464.064,
                    697.0319999999999
                ],
                [
                    469.056,
                    725.004
                ],
                [
                    475.00800000000004,
                    737.964
                ],
                [
                    480.96,
                    766.0440000000001
                ],
                [
                    485.952,
                    771.012
                ],
                [
                    486.912,
                    779.976
                ],
                [
                    491.904,
                    787.9680000000001
                ],
                [
                    502.08000000000004,
                    837
                ],
                [
                    508.992,
                    852.0120000000001
                ],
                [
                    513.984,
                    875.0160000000001
                ],
                [
                    517.0559999999999,
                    878.04
                ],
                [
                    528,
                    920.052
                ],
                [
                    528,
                    933.0120000000001
                ],
                [
                    521.088,
                    941.976
                ],
                [
                    513.024,
                    945
                ],
                [
                    507.072,
                    951.048
                ],
                [
                    500.92800000000005,
                    952.02
                ],
                [
                    499.00800000000004,
                    956.016
                ],
                [
                    491.904,
                    959.04
                ],
                [
                    486.912,
                    959.04
                ],
                [
                    484.032,
                    963.0360000000001
                ],
                [
                    470.976,
                    964.0079999999999
                ],
                [
                    464.064,
                    965.952
                ],
                [
                    456.96,
                    971.028
                ],
                [
                    450.048,
                    971.028
                ],
                [
                    442.94399999999996,
                    972.972
                ],
                [
                    435.072,
                    978.048
                ],
                [
                    425.088,
                    978.048
                ],
                [
                    416.064,
                    979.992
                ],
                [
                    409.92,
                    984.96
                ],
                [
                    388.992,
                    984.96
                ],
                [
                    379.008,
                    987.0120000000001
                ],
                [
                    372.096,
                    990.036
                ]
            ]
        },
        {
            "ID": "2",
            "CLASS": "페트병",
            "DETAILS": "무색단일",
            "DAMAGE": "완전압착",
            "DIRTINESS": "오염없음",
            "COVER": "없음",
            "TRANSPARENCY": "투명",
            "SHAPE": "물통형",
            "SHAPE_TYPE": "POLYGON",
            "POINTS": [
                [
                    1124.9279999999999,
                    1060.992
                ],
                [
                    1112.064,
                    1053
                ],
                [
                    1099.008,
                    1041.984
                ],
                [
                    1084.9920000000002,
                    1026
                ],
                [
                    1080.9599999999998,
                    975.996
                ],
                [
                    1066.944,
                    924.048
                ],
                [
                    1062.912,
                    898.9920000000001
                ],
                [
                    1061.952,
                    878.04
                ],
                [
                    1062.912,
                    852.9839999999999
                ],
                [
                    1070.9759999999999,
                    797.04
                ],
                [
                    1070.9759999999999,
                    786.024
                ],
                [
                    1065.024,
                    749.952
                ],
                [
                    1065.024,
                    732.996
                ],
                [
                    1069.056,
                    728.028
                ],
                [
                    1075.0079999999998,
                    724.032
                ],
                [
                    1086.912,
                    721.98
                ],
                [
                    1094.0159999999998,
                    717.9839999999999
                ],
                [
                    1104.96,
                    717.0120000000001
                ],
                [
                    1108.992,
                    714.96
                ],
                [
                    1124.9279999999999,
                    713.016
                ],
                [
                    1129.92,
                    713.016
                ],
                [
                    1133.952,
                    713.988
                ],
                [
                    1142.016,
                    721.98
                ],
                [
                    1151.04,
                    736.992
                ],
                [
                    1161.0240000000001,
                    747.036
                ],
                [
                    1171.968,
                    768.9599999999999
                ],
                [
                    1176.96,
                    775.008
                ],
                [
                    1176.96,
                    779.976
                ],
                [
                    1180.0320000000002,
                    785.052
                ],
                [
                    1190.016,
                    790.9920000000001
                ],
                [
                    1195.968,
                    797.04
                ],
                [
                    1201.92,
                    806.976
                ],
                [
                    1204.032,
                    817.992
                ],
                [
                    1213.056,
                    830.952
                ],
                [
                    1219.008,
                    845.9639999999999
                ],
                [
                    1224.96,
                    882.036
                ],
                [
                    1224.96,
                    899.964
                ],
                [
                    1232.064,
                    903.9599999999999
                ],
                [
                    1243.008,
                    918.972
                ],
                [
                    1248,
                    924.048
                ],
                [
                    1252.032,
                    925.0200000000001
                ],
                [
                    1261.056,
                    933.984
                ],
                [
                    1262.976,
                    938.952
                ],
                [
                    1262.976,
                    964.9799999999999
                ],
                [
                    1257.024,
                    988.9559999999999
                ],
                [
                    1248,
                    1005.048
                ],
                [
                    1238.016,
                    1015.956
                ],
                [
                    1229.952,
                    1022.976
                ],
                [
                    1224,
                    1026
                ],
                [
                    1210.944,
                    1038.96
                ],
                [
                    1206.912,
                    1041.012
                ],
                [
                    1204.032,
                    1041.012
                ],
                [
                    1199.0400000000002,
                    1045.008
                ],
                [
                    1182.912,
                    1045.98
                ],
                [
                    1180.0320000000002,
                    1048.0320000000002
                ],
                [
                    1175.04,
                    1049.0040000000001
                ],
                [
                    1152.96,
                    1049.9759999999999
                ],
                [
                    1138.944,
                    1056.996
                ],
                [
                    1128.96,
                    1059.048
                ],
                [
                    1127.04,
                    1060.992
                ],
                [
                    1124.9279999999999,
                    1060.992
                ]
            ]
        }
    ]
}