{
    "IMAGE_INFO": {
        "FILE_NAME": "1000984@0_03001_220913_P1_T3__0533.jpg",
        "DATE": "2022-11-01 04:20:38",
        "RESOLUTION": "1920 x 1080",
        "IMAGE_PHOTOGRAPHER": "김보배",
        "FOCUS_DISTANCE": "7.1",
        "EXPOSURE_TIME": "1/400",
        "SENSITIVITY_ISO": "5000",
        "PLACE": "삼오자원",
        "REGION_NAME": null,
        "Direction": "0",
        "HEIGHT": "100",
        "DAY/NIGHT": "주간",
        "WEATHER": "맑음",
        "IMAGE_HEIGHT": 1080,
        "IMAGE_WIDTH": 1920,
        "IMAGE_SIZE": "673.0 KB"
    },
    "ANNOTATION_INFO": [
        {
            "ID": "1",
            "CLASS": "페트병",
            "DETAILS": "무색단일",
            "DAMAGE": "완전압착",
            "DIRTINESS": "오염없음",
            "COVER": "겹침",
            "TRANSPARENCY": "투명",
            "SHAPE": "물통형",
            "SHAPE_TYPE": "POLYGON",
            "POINTS": [
                [
                    1497.984,
                    629.964
                ],
                [
                    1483.008,
                    627.048
                ],
                [
                    1457.088,
                    627.048
                ],
                [
                    1449.984,
                    625.968
                ],
                [
                    1444.032,
                    623.052
                ],
                [
                    1420.992,
                    623.052
                ],
                [
                    1407.936,
                    620.028
                ],
                [
                    1383.936,
                    608.04
                ],
                [
                    1376.064,
                    597.996
                ],
                [
                    1374.9119999999998,
                    587.952
                ],
                [
                    1372.032,
                    582.0120000000001
                ],
                [
                    1361.088,
                    575.9639999999999
                ],
                [
                    1347.0720000000001,
                    559.0079999999999
                ],
                [
                    1343.04,
                    550.044
                ],
                [
                    1347.0720000000001,
                    497.988
                ],
                [
                    1352.064,
                    470.01599999999996
                ],
                [
                    1354.944,
                    405.97200000000004
                ],
                [
                    1361.088,
                    366.984
                ],
                [
                    1364.9279999999999,
                    358.02000000000004
                ],
                [
                    1364.9279999999999,
                    344.952
                ],
                [
                    1372.992,
                    292.032
                ],
                [
                    1374.9119999999998,
                    263.952
                ],
                [
                    1381.056,
                    245.052
                ],
                [
                    1381.056,
                    224.96400000000003
                ],
                [
                    1372.992,
                    196.99200000000002
                ],
                [
                    1364.9279999999999,
                    181.008
                ],
                [
                    1353.024,
                    165.024
                ],
                [
                    1348.992,
                    162
                ],
                [
                    1345.9199999999998,
                    155.952
                ],
                [
                    1349.952,
                    151.956
                ],
                [
                    1361.088,
                    149.04000000000002
                ],
                [
                    1372.032,
                    147.96
                ],
                [
                    1376.064,
                    145.044
                ],
                [
                    1381.056,
                    145.044
                ],
                [
                    1392.96,
                    137.05200000000002
                ],
                [
                    1396.032,
                    132.948
                ],
                [
                    1401.984,
                    132.948
                ],
                [
                    1419.072,
                    142.02
                ],
                [
                    1428.096,
                    168.04799999999997
                ],
                [
                    1441.92,
                    192.996
                ],
                [
                    1441.92,
                    200.988
                ],
                [
                    1439.0400000000002,
                    209.952
                ],
                [
                    1448.0639999999999,
                    219.024
                ],
                [
                    1454.976,
                    219.99599999999998
                ],
                [
                    1460.928,
                    227.988
                ],
                [
                    1473.9840000000002,
                    262.00800000000004
                ],
                [
                    1474.944,
                    280.044
                ],
                [
                    1482.048,
                    289.008
                ],
                [
                    1494.9119999999998,
                    297
                ],
                [
                    1502.976,
                    308.988
                ],
                [
                    1507.968,
                    327.99600000000004
                ],
                [
                    1520.0639999999999,
                    344.952
                ],
                [
                    1536,
                    380.05199999999996
                ],
                [
                    1540.992,
                    386.964
                ],
                [
                    1548.096,
                    405.97200000000004
                ],
                [
                    1553.088,
                    432
                ],
                [
                    1554.048,
                    454.032
                ],
                [
                    1556.9279999999999,
                    463.96799999999996
                ],
                [
                    1558.08,
                    486
                ],
                [
                    1561.92,
                    506.952
                ],
                [
                    1564.9920000000002,
                    547.02
                ],
                [
                    1564.032,
                    608.04
                ],
                [
                    1563.0720000000001,
                    613.008
                ],
                [
                    1555.0079999999998,
                    623.052
                ],
                [
                    1549.056,
                    625.968
                ],
                [
                    1527.936,
                    628.9920000000001
                ],
                [
                    1520.0639999999999,
                    625.968
                ],
                [
                    1516.992,
                    625.968
                ],
                [
                    1507.008,
                    629.964
                ],
                [
                    1497.984,
                    629.964
                ]
            ]
        },
        {
            "ID": "2",
            "CLASS": "페트병",
            "DETAILS": "무색단일",
            "DAMAGE": "찌그러짐",
            "DIRTINESS": "오염없음",
            "COVER": "겹침",
            "TRANSPARENCY": "투명",
            "SHAPE": "물통형",
            "SHAPE_TYPE": "POLYGON",
            "POINTS": [
                [
                    1214.0159999999998,
                    731.0519999999999
                ],
                [
                    1185.9840000000002,
                    729.972
                ],
                [
                    1174.0800000000002,
                    728.028
                ],
                [
                    1150.08,
                    721.0079999999999
                ],
                [
                    1128,
                    702.972
                ],
                [
                    1099.9679999999998,
                    690.0120000000001
                ],
                [
                    1080,
                    685.044
                ],
                [
                    1070.9759999999999,
                    678.024
                ],
                [
                    1070.016,
                    671.976
                ],
                [
                    1065.024,
                    664.956
                ],
                [
                    1065.9840000000002,
                    652.9680000000001
                ],
                [
                    1070.9759999999999,
                    647.028
                ],
                [
                    1071.9360000000001,
                    640.008
                ],
                [
                    1075.968,
                    637.956
                ],
                [
                    1078.08,
                    624.996
                ],
                [
                    1083.0720000000001,
                    617.976
                ],
                [
                    1084.032,
                    602.964
                ],
                [
                    1089.0240000000001,
                    593.028
                ],
                [
                    1088.0639999999999,
                    582.9839999999999
                ],
                [
                    1084.032,
                    578.016
                ],
                [
                    1084.032,
                    571.968
                ],
                [
                    1080,
                    562.0319999999999
                ],
                [
                    1081.92,
                    556.956
                ],
                [
                    1076.9279999999999,
                    550.044
                ],
                [
                    1075.968,
                    525.96
                ],
                [
                    1059.072,
                    500.04
                ],
                [
                    1041.0240000000001,
                    486.97200000000004
                ],
                [
                    1026.048,
                    479.952
                ],
                [
                    1012.032,
                    478.98
                ],
                [
                    980.928,
                    470.01599999999996
                ],
                [
                    969.9839999999999,
                    462.99600000000004
                ],
                [
                    969.9839999999999,
                    454.032
                ],
                [
                    974.016,
                    447.984
                ],
                [
                    980.928,
                    421.956
                ],
                [
                    985.92,
                    415.044
                ],
                [
                    988.0319999999999,
                    401.976
                ],
                [
                    993.9840000000002,
                    386.964
                ],
                [
                    999.936,
                    380.05199999999996
                ],
                [
                    1019.904,
                    381.024
                ],
                [
                    1030.08,
                    384.048
                ],
                [
                    1036.032,
                    389.016
                ],
                [
                    1047.936,
                    389.016
                ],
                [
                    1050.048,
                    390.96
                ],
                [
                    1050.048,
                    396.036
                ],
                [
                    1054.0800000000002,
                    398.952
                ],
                [
                    1060.0320000000002,
                    401.976
                ],
                [
                    1070.9759999999999,
                    401.976
                ],
                [
                    1100.928,
                    393.98400000000004
                ],
                [
                    1105.9199999999998,
                    389.988
                ],
                [
                    1109.952,
                    389.016
                ],
                [
                    1113.9840000000002,
                    385.02
                ],
                [
                    1131.072,
                    381.024
                ],
                [
                    1142.016,
                    380.05199999999996
                ],
                [
                    1156.032,
                    370.98
                ],
                [
                    1166.0159999999998,
                    370.00800000000004
                ],
                [
                    1167.936,
                    367.956
                ],
                [
                    1177.92,
                    367.956
                ],
                [
                    1194.048,
                    374.976
                ],
                [
                    1196.9279999999999,
                    377.028
                ],
                [
                    1198.08,
                    381.024
                ],
                [
                    1195.968,
                    434.05199999999996
                ],
                [
                    1190.016,
                    467.964
                ],
                [
                    1190.016,
                    485.028
                ],
                [
                    1194.048,
                    492.048
                ],
                [
                    1204.032,
                    500.04
                ],
                [
                    1219.9679999999998,
                    505.98
                ],
                [
                    1246.08,
                    509.976
                ],
                [
                    1266.048,
                    509.976
                ],
                [
                    1290.048,
                    505.98
                ],
                [
                    1294.0800000000002,
                    502.956
                ],
                [
                    1301.952,
                    501.984
                ],
                [
                    1301.952,
                    513
                ],
                [
                    1334.0159999999998,
                    547.992
                ],
                [
                    1339.9679999999998,
                    577.044
                ],
                [
                    1339.9679999999998,
                    594.972
                ],
                [
                    1335.936,
                    598.968
                ],
                [
                    1334.976,
                    623.052
                ],
                [
                    1328.0639999999999,
                    645.948
                ],
                [
                    1305.024,
                    678.9960000000001
                ],
                [
                    1300.0320000000002,
                    681.048
                ],
                [
                    1299.072,
                    685.044
                ],
                [
                    1294.0800000000002,
                    687.96
                ],
                [
                    1291.968,
                    694.0079999999999
                ],
                [
                    1286.976,
                    697.0319999999999
                ],
                [
                    1286.0159999999998,
                    701.028
                ],
                [
                    1281.0240000000001,
                    705.996
                ],
                [
                    1263.936,
                    717.9839999999999
                ],
                [
                    1242.048,
                    726.948
                ],
                [
                    1214.0159999999998,
                    731.0519999999999
                ]
            ]
        },
        {
            "ID": "3",
            "CLASS": "페트병",
            "DETAILS": "무색단일",
            "DAMAGE": "원형",
            "DIRTINESS": "이물질(외부)",
            "COVER": "없음",
            "TRANSPARENCY": "투명",
            "SHAPE": "물통형",
            "SHAPE_TYPE": "POLYGON",
            "POINTS": [
                [
                    543.936,
                    894.996
                ],
                [
                    513.984,
                    894.024
                ],
                [
                    491.904,
                    888.9480000000001
                ],
                [
                    481.92,
                    879.012
                ],
                [
                    480,
                    871.02
                ],
                [
                    460.03200000000004,
                    856.0079999999999
                ],
                [
                    447.93600000000004,
                    840.996
                ],
                [
                    446.016,
                    833.004
                ],
                [
                    438.912,
                    825.0120000000001
                ],
                [
                    432.96000000000004,
                    809.028
                ],
                [
                    431.04,
                    789.048
                ],
                [
                    435.072,
                    766.0440000000001
                ],
                [
                    436.992,
                    759.996
                ],
                [
                    446.016,
                    752.004
                ],
                [
                    470.976,
                    739.044
                ],
                [
                    499.00800000000004,
                    713.988
                ],
                [
                    503.04,
                    713.016
                ],
                [
                    523.968,
                    698.004
                ],
                [
                    537.024,
                    693.0360000000001
                ],
                [
                    569.088,
                    672.948
                ],
                [
                    577.92,
                    670.0319999999999
                ],
                [
                    600.96,
                    655.9920000000001
                ],
                [
                    628.992,
                    643.032
                ],
                [
                    642.048,
                    632.9879999999999
                ],
                [
                    653.952,
                    628.02
                ],
                [
                    680.0640000000001,
                    610.956
                ],
                [
                    684.096,
                    609.9839999999999
                ],
                [
                    686.016,
                    602.964
                ],
                [
                    699.072,
                    596.0519999999999
                ],
                [
                    705.984,
                    594
                ],
                [
                    718.08,
                    594
                ],
                [
                    726.912,
                    590.976
                ],
                [
                    742.08,
                    582.0120000000001
                ],
                [
                    757.0559999999999,
                    577.044
                ],
                [
                    788.928,
                    555.0120000000001
                ],
                [
                    801.024,
                    548.9639999999999
                ],
                [
                    810.048,
                    544.9680000000001
                ],
                [
                    819.072,
                    543.9960000000001
                ],
                [
                    822.9119999999999,
                    540.972
                ],
                [
                    833.088,
                    537.948
                ],
                [
                    936,
                    536.976
                ],
                [
                    944.0640000000001,
                    529.956
                ],
                [
                    944.0640000000001,
                    524.0160000000001
                ],
                [
                    953.088,
                    516.996
                ],
                [
                    959.04,
                    515.052
                ],
                [
                    978.0479999999999,
                    502.956
                ],
                [
                    993.024,
                    504.036
                ],
                [
                    1008,
                    520.02
                ],
                [
                    1018.944,
                    536.004
                ],
                [
                    1027.008,
                    552.96
                ],
                [
                    1027.008,
                    562.0319999999999
                ],
                [
                    1017.0239999999999,
                    573.048
                ],
                [
                    1017.0239999999999,
                    586.0079999999999
                ],
                [
                    1014.9119999999999,
                    590.004
                ],
                [
                    1008,
                    594.972
                ],
                [
                    1002.048,
                    596.0519999999999
                ],
                [
                    988.992,
                    605.988
                ],
                [
                    978.0479999999999,
                    606.96
                ],
                [
                    971.904,
                    609.9839999999999
                ],
                [
                    959.04,
                    620.028
                ],
                [
                    949.056,
                    640.98
                ],
                [
                    949.056,
                    651.996
                ],
                [
                    944.0640000000001,
                    659.016
                ],
                [
                    936,
                    664.956
                ],
                [
                    916.9920000000001,
                    690.0120000000001
                ],
                [
                    902.016,
                    704.052
                ],
                [
                    864.96,
                    729
                ],
                [
                    841.92,
                    739.044
                ],
                [
                    761.088,
                    782.028
                ],
                [
                    734.976,
                    798.984
                ],
                [
                    723.072,
                    803.952
                ],
                [
                    680.0640000000001,
                    829.0079999999999
                ],
                [
                    658.944,
                    844.992
                ],
                [
                    634.944,
                    856.0079999999999
                ],
                [
                    624.96,
                    857.952
                ],
                [
                    614.016,
                    863.028
                ],
                [
                    596.928,
                    875.0160000000001
                ],
                [
                    565.056,
                    893.052
                ],
                [
                    543.936,
                    894.996
                ]
            ]
        },
        {
            "ID": "4",
            "CLASS": "페트병",
            "DETAILS": "무색단일",
            "DAMAGE": "찌그러짐",
            "DIRTINESS": "오염없음",
            "COVER": "없음",
            "TRANSPARENCY": "투명",
            "SHAPE": "물통형",
            "SHAPE_TYPE": "POLYGON",
            "POINTS": [
                [
                    351.936,
                    1080
                ],
                [
                    355.00800000000004,
                    1023.9480000000001
                ],
                [
                    365.952,
                    988.9559999999999
                ],
                [
                    374.016,
                    983.988
                ],
                [
                    388.032,
                    969.948
                ],
                [
                    407.03999999999996,
                    960.0120000000001
                ],
                [
                    421.056,
                    948.9960000000001
                ],
                [
                    441.024,
                    940.0319999999999
                ],
                [
                    456.96,
                    925.9920000000001
                ],
                [
                    518.016,
                    898.02
                ],
                [
                    546.048,
                    894.996
                ],
                [
                    585.024,
                    895.968
                ],
                [
                    600.96,
                    891.972
                ],
                [
                    620.928,
                    882.036
                ],
                [
                    623.04,
                    871.02
                ],
                [
                    637.0559999999999,
                    864
                ],
                [
                    657.024,
                    860.004
                ],
                [
                    678.912,
                    851.0400000000001
                ],
                [
                    684.096,
                    844.992
                ],
                [
                    706.9440000000001,
                    832.0319999999999
                ],
                [
                    729.024,
                    825.0120000000001
                ],
                [
                    748.032,
                    816.048
                ],
                [
                    781.056,
                    809.028
                ],
                [
                    839.04,
                    805.0319999999999
                ],
                [
                    873.024,
                    798.0120000000001
                ],
                [
                    902.976,
                    795.96
                ],
                [
                    941.952,
                    795.96
                ],
                [
                    966.912,
                    799.956
                ],
                [
                    993.9840000000002,
                    801.0360000000001
                ],
                [
                    1008,
                    812.052
                ],
                [
                    1038.912,
                    822.96
                ],
                [
                    1064.064,
                    844.02
                ],
                [
                    1078.08,
                    848.988
                ],
                [
                    1099.9679999999998,
                    861.948
                ],
                [
                    1102.08,
                    866.0519999999999
                ],
                [
                    1110.912,
                    868.968
                ],
                [
                    1116.096,
                    875.0160000000001
                ],
                [
                    1127.04,
                    879.012
                ],
                [
                    1136.064,
                    876.96
                ],
                [
                    1137.984,
                    871.992
                ],
                [
                    1155.0720000000001,
                    871.992
                ],
                [
                    1182.912,
                    868.968
                ],
                [
                    1194.048,
                    871.992
                ],
                [
                    1199.0400000000002,
                    879.9839999999999
                ],
                [
                    1204.9920000000002,
                    922.9680000000001
                ],
                [
                    1204.9920000000002,
                    941.976
                ],
                [
                    1199.0400000000002,
                    960.0120000000001
                ],
                [
                    1185.9840000000002,
                    964.0079999999999
                ],
                [
                    1162.944,
                    964.9799999999999
                ],
                [
                    1137.984,
                    963.0360000000001
                ],
                [
                    1127.04,
                    968.004
                ],
                [
                    1122.048,
                    976.968
                ],
                [
                    1102.08,
                    992.952
                ],
                [
                    1089.0240000000001,
                    1014.9839999999999
                ],
                [
                    1078.08,
                    1023.9480000000001
                ],
                [
                    1075.0079999999998,
                    1030.968
                ],
                [
                    1060.992,
                    1046.952
                ],
                [
                    1041.984,
                    1063.0439999999999
                ],
                [
                    1022.016,
                    1073.952
                ],
                [
                    1018.944,
                    1080
                ],
                [
                    351.936,
                    1080
                ]
            ]
        },
        {
            "ID": "5",
            "CLASS": "페트병",
            "DETAILS": "무색단일",
            "DAMAGE": "원형",
            "DIRTINESS": "오염없음",
            "COVER": "없음",
            "TRANSPARENCY": "투명",
            "SHAPE": "물통형",
            "SHAPE_TYPE": "POLYGON",
            "POINTS": [
                [
                    782.976,
                    316.00800000000004
                ],
                [
                    771.072,
                    312.012
                ],
                [
                    750.912,
                    281.01599999999996
                ],
                [
                    739.008,
                    250.992
                ],
                [
                    739.008,
                    239.004
                ],
                [
                    766.08,
                    220.96800000000002
                ],
                [
                    768.96,
                    216.972
                ],
                [
                    768.96,
                    205.95600000000002
                ],
                [
                    788.928,
                    204.984
                ],
                [
                    804.096,
                    197.964
                ],
                [
                    806.976,
                    192.024
                ],
                [
                    806.976,
                    178.956
                ],
                [
                    811.968,
                    168.04799999999997
                ],
                [
                    811.968,
                    146.016
                ],
                [
                    820.992,
                    132.948
                ],
                [
                    820.992,
                    119.988
                ],
                [
                    833.088,
                    96.98400000000001
                ],
                [
                    855.9359999999999,
                    72.036
                ],
                [
                    859.008,
                    65.01599999999999
                ],
                [
                    868.032,
                    58.968
                ],
                [
                    870.912,
                    53.028
                ],
                [
                    877.0559999999999,
                    50.004
                ],
                [
                    879.9359999999999,
                    43.956
                ],
                [
                    915.072,
                    16.956
                ],
                [
                    921.024,
                    0.972
                ],
                [
                    1657.92,
                    0
                ],
                [
                    1633.92,
                    11.016
                ],
                [
                    1617.024,
                    24.948
                ],
                [
                    1589.952,
                    34.02
                ],
                [
                    1582.08,
                    42.01199999999999
                ],
                [
                    1560.9599999999998,
                    51.94799999999999
                ],
                [
                    1544.064,
                    64.044
                ],
                [
                    1499.904,
                    81.972
                ],
                [
                    1482.048,
                    92.988
                ],
                [
                    1446.912,
                    108.97200000000001
                ],
                [
                    1440.9599999999998,
                    115.02
                ],
                [
                    1400.0639999999999,
                    131.00400000000002
                ],
                [
                    1373.952,
                    149.04000000000002
                ],
                [
                    1353.9840000000002,
                    151.956
                ],
                [
                    1339.008,
                    159.948
                ],
                [
                    1300.992,
                    170.964
                ],
                [
                    1276.992,
                    173.988
                ],
                [
                    1266.048,
                    177.012
                ],
                [
                    1259.904,
                    181.98000000000002
                ],
                [
                    1257.024,
                    189
                ],
                [
                    1244.9279999999999,
                    196.01999999999998
                ],
                [
                    1238.9759999999999,
                    204.984
                ],
                [
                    1209.984,
                    227.988
                ],
                [
                    1198.08,
                    231.98399999999998
                ],
                [
                    1133.952,
                    267.948
                ],
                [
                    1117.056,
                    273.996
                ],
                [
                    1089.984,
                    289.008
                ],
                [
                    1060.992,
                    301.968
                ],
                [
                    1037.952,
                    301.968
                ],
                [
                    1019.904,
                    308.016
                ],
                [
                    1004.928,
                    308.988
                ],
                [
                    990.912,
                    312.984
                ],
                [
                    926.016,
                    312.984
                ],
                [
                    917.952,
                    312.012
                ],
                [
                    891.072,
                    303.048
                ],
                [
                    853.0559999999999,
                    285.984
                ],
                [
                    839.04,
                    284.04
                ],
                [
                    833.088,
                    285.984
                ],
                [
                    833.088,
                    290.952
                ],
                [
                    830.0160000000001,
                    293.976
                ],
                [
                    817.92,
                    297.972
                ],
                [
                    809.088,
                    305.964
                ],
                [
                    782.976,
                    316.00800000000004
                ]
            ]
        }
    ]
}