{
    "IMAGE_INFO": {
        "FILE_NAME": "1000989@0_03001_220913_P1_T3__0655.jpg",
        "DATE": "2022-11-01 04:20:42",
        "RESOLUTION": "1920 x 1080",
        "IMAGE_PHOTOGRAPHER": "김보배",
        "FOCUS_DISTANCE": "7.1",
        "EXPOSURE_TIME": "1/400",
        "SENSITIVITY_ISO": "5000",
        "PLACE": "삼오자원",
        "REGION_NAME": null,
        "Direction": "0",
        "HEIGHT": "100",
        "DAY/NIGHT": "주간",
        "WEATHER": "맑음",
        "IMAGE_HEIGHT": 1080,
        "IMAGE_WIDTH": 1920,
        "IMAGE_SIZE": "583.3 KB"
    },
    "ANNOTATION_INFO": [
        {
            "ID": "1",
            "CLASS": "페트병",
            "DETAILS": "무색단일",
            "DAMAGE": "찌그러짐",
            "DIRTINESS": "오염없음",
            "COVER": "없음",
            "TRANSPARENCY": "투명",
            "SHAPE": "물통형",
            "SHAPE_TYPE": "POLYGON",
            "POINTS": [
                [
                    207.93599999999998,
                    1080
                ],
                [
                    181.05599999999998,
                    1068.012
                ],
                [
                    171.072,
                    1050.9479999999999
                ],
                [
                    176.06400000000002,
                    1006.02
                ],
                [
                    181.05599999999998,
                    988.9559999999999
                ],
                [
                    185.088,
                    986.0400000000001
                ],
                [
                    185.088,
                    979.992
                ],
                [
                    159.936,
                    925.0200000000001
                ],
                [
                    153.98399999999998,
                    893.052
                ],
                [
                    150.912,
                    887.976
                ],
                [
                    148.99200000000002,
                    853.9559999999999
                ],
                [
                    145.92,
                    847.044
                ],
                [
                    144,
                    814.9680000000001
                ],
                [
                    140.92800000000003,
                    803.952
                ],
                [
                    139.008,
                    763.9920000000001
                ],
                [
                    144,
                    755.028
                ],
                [
                    147.072,
                    732.024
                ],
                [
                    154.944,
                    717.9839999999999
                ],
                [
                    161.088,
                    695.952
                ],
                [
                    171.072,
                    675
                ],
                [
                    181.05599999999998,
                    643.032
                ],
                [
                    185.088,
                    636.984
                ],
                [
                    203.904,
                    582.9839999999999
                ],
                [
                    220.03199999999998,
                    556.956
                ],
                [
                    226.944,
                    551.9879999999999
                ],
                [
                    231.936,
                    551.016
                ],
                [
                    243.07199999999997,
                    551.016
                ],
                [
                    253.056,
                    555.0120000000001
                ],
                [
                    262.08000000000004,
                    555.0120000000001
                ],
                [
                    267.072,
                    551.9879999999999
                ],
                [
                    286.08,
                    551.9879999999999
                ],
                [
                    302.01599999999996,
                    556.956
                ],
                [
                    321.984,
                    559.9799999999999
                ],
                [
                    350.01599999999996,
                    560.952
                ],
                [
                    374.976,
                    563.976
                ],
                [
                    384.96000000000004,
                    569.052
                ],
                [
                    398.016,
                    582.9839999999999
                ],
                [
                    406.08,
                    600.048
                ],
                [
                    408.96,
                    623.052
                ],
                [
                    417.024,
                    648.972
                ],
                [
                    417.98400000000004,
                    732.024
                ],
                [
                    418.944,
                    748.98
                ],
                [
                    422.01599999999996,
                    756
                ],
                [
                    422.01599999999996,
                    810
                ],
                [
                    417.024,
                    826.956
                ],
                [
                    387.072,
                    860.976
                ],
                [
                    325.05600000000004,
                    914.004
                ],
                [
                    320.06399999999996,
                    928.044
                ],
                [
                    311.04,
                    940.0319999999999
                ],
                [
                    305.088,
                    952.992
                ],
                [
                    283.008,
                    979.02
                ],
                [
                    273.024,
                    994.032
                ],
                [
                    270.91200000000003,
                    1018.98
                ],
                [
                    254.016,
                    1061.964
                ],
                [
                    248.06400000000002,
                    1068.984
                ],
                [
                    234.048,
                    1080
                ],
                [
                    207.93599999999998,
                    1080
                ]
            ]
        }
    ]
}