{
    "IMAGE_INFO": {
        "FILE_NAME": "1000636@0_03001_220906_P1_T3__0469.jpg",
        "DATE": "2022-10-21 15:28:26",
        "RESOLUTION": "1920 x 1080",
        "IMAGE_PHOTOGRAPHER": "이지은",
        "FOCUS_DISTANCE": "5.6",
        "EXPOSURE_TIME": "1/400",
        "SENSITIVITY_ISO": "12800",
        "PLACE": "삼오자원",
        "REGION_NAME": null,
        "Direction": "0",
        "HEIGHT": "100",
        "DAY/NIGHT": "주간",
        "WEATHER": "맑음",
        "IMAGE_HEIGHT": 1080,
        "IMAGE_WIDTH": 1920,
        "IMAGE_SIZE": "557.0 KB"
    },
    "ANNOTATION_INFO": [
        {
            "ID": "1",
            "CLASS": "페트병",
            "DETAILS": "무색단일",
            "DAMAGE": "원형",
            "DIRTINESS": "오염없음",
            "COVER": "없음",
            "TRANSPARENCY": "투명",
            "SHAPE": "물통형",
            "SHAPE_TYPE": "POLYGON",
            "POINTS": [
                [
                    252.096,
                    1080
                ],
                [
                    249.02400000000003,
                    1067.04
                ],
                [
                    248.06400000000002,
                    1041.984
                ],
                [
                    241.92000000000002,
                    1021.032
                ],
                [
                    230.01600000000002,
                    1001.0519999999999
                ],
                [
                    220.992,
                    990.036
                ],
                [
                    216.96,
                    980.9639999999999
                ],
                [
                    202.94400000000002,
                    964.0079999999999
                ],
                [
                    197.952,
                    953.9639999999999
                ],
                [
                    181.05599999999998,
                    934.956
                ],
                [
                    174.912,
                    922.9680000000001
                ],
                [
                    171.072,
                    907.956
                ],
                [
                    161.088,
                    891
                ],
                [
                    154.944,
                    875.988
                ],
                [
                    144,
                    825.984
                ],
                [
                    139.008,
                    759.024
                ],
                [
                    135.936,
                    752.976
                ],
                [
                    134.016,
                    736.02
                ],
                [
                    123.072,
                    705.024
                ],
                [
                    120.96000000000001,
                    693.0360000000001
                ],
                [
                    116.92800000000001,
                    685.044
                ],
                [
                    110.976,
                    658.044
                ],
                [
                    100.992,
                    645.948
                ],
                [
                    96,
                    644.976
                ],
                [
                    91.96799999999999,
                    640.98
                ],
                [
                    85.056,
                    627.048
                ],
                [
                    81.98400000000001,
                    616.032
                ],
                [
                    71.03999999999999,
                    596.0519999999999
                ],
                [
                    72.96,
                    582.0120000000001
                ],
                [
                    82.944,
                    571.968
                ],
                [
                    96.96000000000001,
                    563.976
                ],
                [
                    118.08,
                    555.0120000000001
                ],
                [
                    139.96800000000002,
                    551.016
                ],
                [
                    145.92,
                    551.016
                ],
                [
                    153.024,
                    554.04
                ],
                [
                    158.976,
                    560.952
                ],
                [
                    168,
                    574.992
                ],
                [
                    172.992,
                    586.98
                ],
                [
                    182.016,
                    598.968
                ],
                [
                    181.05599999999998,
                    614.952
                ],
                [
                    185.088,
                    623.052
                ],
                [
                    197.952,
                    640.008
                ],
                [
                    206.01600000000002,
                    654.048
                ],
                [
                    206.976,
                    659.9879999999999
                ],
                [
                    219.07199999999997,
                    677.052
                ],
                [
                    220.03199999999998,
                    681.048
                ],
                [
                    262.08000000000004,
                    728.028
                ],
                [
                    288,
                    748.008
                ],
                [
                    306.048,
                    767.9879999999999
                ],
                [
                    321.024,
                    787.9680000000001
                ],
                [
                    332.928,
                    812.052
                ],
                [
                    345.024,
                    825.984
                ],
                [
                    351.936,
                    840.996
                ],
                [
                    360.96,
                    871.02
                ],
                [
                    364.032,
                    875.0160000000001
                ],
                [
                    366.912,
                    894.024
                ],
                [
                    369.98400000000004,
                    895.968
                ],
                [
                    379.96799999999996,
                    928.044
                ],
                [
                    383.04,
                    930.96
                ],
                [
                    388.032,
                    945.972
                ],
                [
                    404.928,
                    968.004
                ],
                [
                    417.024,
                    975.996
                ],
                [
                    422.976,
                    982.044
                ],
                [
                    431.04,
                    998.028
                ],
                [
                    441.984,
                    1028.052
                ],
                [
                    446.976,
                    1052.028
                ],
                [
                    446.976,
                    1080
                ],
                [
                    252.096,
                    1080
                ]
            ]
        }
    ]
}