{
    "IMAGE_INFO": {
        "FILE_NAME": "1000302@0_03001_220913_P1_T3__0525.jpg",
        "DATE": "2022-11-01 04:20:38",
        "RESOLUTION": "1920 x 1080",
        "IMAGE_PHOTOGRAPHER": "김보배",
        "FOCUS_DISTANCE": "7.1",
        "EXPOSURE_TIME": "1/400",
        "SENSITIVITY_ISO": "5000",
        "PLACE": "삼오자원",
        "REGION_NAME": null,
        "Direction": "0",
        "HEIGHT": "100",
        "DAY/NIGHT": "주간",
        "WEATHER": "맑음",
        "IMAGE_HEIGHT": 1080,
        "IMAGE_WIDTH": 1920,
        "IMAGE_SIZE": "635.0 KB"
    },
    "ANNOTATION_INFO": [
        {
            "ID": "1",
            "CLASS": "페트병",
            "DETAILS": "무색단일",
            "DAMAGE": "원형",
            "DIRTINESS": "오염없음",
            "COVER": "없음",
            "TRANSPARENCY": "투명",
            "SHAPE": "물통형",
            "SHAPE_TYPE": "POLYGON",
            "POINTS": [
                [
                    867.072,
                    1080
                ],
                [
                    872.064,
                    1067.04
                ],
                [
                    953.088,
                    1018.98
                ],
                [
                    999.936,
                    987.0120000000001
                ],
                [
                    1032.96,
                    972.972
                ],
                [
                    1056,
                    965.952
                ],
                [
                    1080.9599999999998,
                    963.0360000000001
                ],
                [
                    1097.088,
                    953.9639999999999
                ],
                [
                    1105.9199999999998,
                    944.028
                ],
                [
                    1110.912,
                    932.04
                ],
                [
                    1136.064,
                    906.012
                ],
                [
                    1163.904,
                    891.972
                ],
                [
                    1166.976,
                    886.032
                ],
                [
                    1180.992,
                    872.964
                ],
                [
                    1205.952,
                    863.028
                ],
                [
                    1230.912,
                    840.996
                ],
                [
                    1258.944,
                    826.956
                ],
                [
                    1267.008,
                    817.992
                ],
                [
                    1277.952,
                    810.972
                ],
                [
                    1309.056,
                    795.96
                ],
                [
                    1314.048,
                    789.048
                ],
                [
                    1330.944,
                    778.032
                ],
                [
                    1356.096,
                    766.0440000000001
                ],
                [
                    1358.9759999999999,
                    763.02
                ],
                [
                    1358.9759999999999,
                    756.972
                ],
                [
                    1363.968,
                    752.976
                ],
                [
                    1401.0240000000001,
                    736.02
                ],
                [
                    1411.968,
                    725.976
                ],
                [
                    1428.096,
                    717.0120000000001
                ],
                [
                    1428.096,
                    714.96
                ],
                [
                    1441.92,
                    708.048
                ],
                [
                    1450.944,
                    705.024
                ],
                [
                    1464.96,
                    704.052
                ],
                [
                    1469.952,
                    702
                ],
                [
                    1481.088,
                    705.024
                ],
                [
                    1512,
                    724.032
                ],
                [
                    1522.944,
                    736.992
                ],
                [
                    1540.0320000000002,
                    764.964
                ],
                [
                    1584,
                    807.948
                ],
                [
                    1612.032,
                    851.0400000000001
                ],
                [
                    1614.9119999999998,
                    864
                ],
                [
                    1622.976,
                    875.988
                ],
                [
                    1628.928,
                    891.972
                ],
                [
                    1628.928,
                    905.04
                ],
                [
                    1608.96,
                    940.0319999999999
                ],
                [
                    1575.936,
                    971.028
                ],
                [
                    1564.9920000000002,
                    979.992
                ],
                [
                    1553.088,
                    986.0400000000001
                ],
                [
                    1522.944,
                    1010.988
                ],
                [
                    1506.048,
                    1021.032
                ],
                [
                    1489.92,
                    1033.992
                ],
                [
                    1430.9759999999999,
                    1068.012
                ],
                [
                    1420.0320000000002,
                    1080
                ],
                [
                    867.072,
                    1080
                ]
            ]
        },
        {
            "ID": "2",
            "CLASS": "페트병",
            "DETAILS": "무색단일",
            "DAMAGE": "찌그러짐",
            "DIRTINESS": "오염없음",
            "COVER": "겹침",
            "TRANSPARENCY": "투명",
            "SHAPE": "물통형",
            "SHAPE_TYPE": "POLYGON",
            "POINTS": [
                [
                    1829.952,
                    948.024
                ],
                [
                    1819.008,
                    944.028
                ],
                [
                    1801.92,
                    929.016
                ],
                [
                    1793.088,
                    925.9920000000001
                ],
                [
                    1765.056,
                    907.956
                ],
                [
                    1753.92,
                    902.9879999999999
                ],
                [
                    1750.08,
                    898.9920000000001
                ],
                [
                    1742.016,
                    895.968
                ],
                [
                    1718.016,
                    879.012
                ],
                [
                    1712.064,
                    874.044
                ],
                [
                    1708.032,
                    867.996
                ],
                [
                    1703.04,
                    856.98
                ],
                [
                    1698.048,
                    851.0400000000001
                ],
                [
                    1697.088,
                    840.024
                ],
                [
                    1694.0159999999998,
                    833.976
                ],
                [
                    1690.944,
                    833.004
                ],
                [
                    1689.0240000000001,
                    826.956
                ],
                [
                    1680.9599999999998,
                    817.02
                ],
                [
                    1675.968,
                    812.052
                ],
                [
                    1660.992,
                    805.0319999999999
                ],
                [
                    1650.048,
                    794.016
                ],
                [
                    1628.928,
                    780.948
                ],
                [
                    1625.0880000000002,
                    775.98
                ],
                [
                    1641.984,
                    759.996
                ],
                [
                    1651.968,
                    748.008
                ],
                [
                    1689.0240000000001,
                    717.0120000000001
                ],
                [
                    1698.048,
                    705.996
                ],
                [
                    1710.912,
                    694.9799999999999
                ],
                [
                    1721.088,
                    683.9639999999999
                ],
                [
                    1750.08,
                    662.04
                ],
                [
                    1767.936,
                    651.024
                ],
                [
                    1776,
                    644.004
                ],
                [
                    1774.0800000000002,
                    629.964
                ],
                [
                    1765.056,
                    609.012
                ],
                [
                    1750.08,
                    590.976
                ],
                [
                    1743.936,
                    578.988
                ],
                [
                    1732.992,
                    563.976
                ],
                [
                    1732.992,
                    558.0360000000001
                ],
                [
                    1739.904,
                    552.96
                ],
                [
                    1748.928,
                    552.96
                ],
                [
                    1756.992,
                    555.984
                ],
                [
                    1775.04,
                    555.984
                ],
                [
                    1795.0079999999998,
                    559.0079999999999
                ],
                [
                    1804.9920000000002,
                    559.0079999999999
                ],
                [
                    1818.048,
                    563.976
                ],
                [
                    1825.9199999999998,
                    564.948
                ],
                [
                    1851.072,
                    575.9639999999999
                ],
                [
                    1862.976,
                    582.0120000000001
                ],
                [
                    1889.088,
                    600.048
                ],
                [
                    1897.92,
                    610.956
                ],
                [
                    1908.096,
                    629.964
                ],
                [
                    1920,
                    633.9599999999999
                ],
                [
                    1920,
                    712.044
                ],
                [
                    1910.016,
                    726.948
                ],
                [
                    1905.9840000000002,
                    748.98
                ],
                [
                    1899.072,
                    775.98
                ],
                [
                    1896,
                    780.948
                ],
                [
                    1894.0800000000002,
                    798.0120000000001
                ],
                [
                    1891.008,
                    802.008
                ],
                [
                    1885.056,
                    833.004
                ],
                [
                    1873.92,
                    863.028
                ],
                [
                    1872,
                    875.988
                ],
                [
                    1858.944,
                    914.976
                ],
                [
                    1838.9759999999999,
                    945.972
                ],
                [
                    1834.944,
                    945.972
                ],
                [
                    1833.9840000000002,
                    948.024
                ],
                [
                    1829.952,
                    948.024
                ]
            ]
        }
    ]
}