{
    "IMAGE_INFO": {
        "FILE_NAME": "1000171@0_03001_220913_P1_T3__1957.jpg",
        "DATE": "2022-11-01 04:20:26",
        "RESOLUTION": "1920 x 1080",
        "IMAGE_PHOTOGRAPHER": "김보배",
        "FOCUS_DISTANCE": "7.1",
        "EXPOSURE_TIME": "1/400",
        "SENSITIVITY_ISO": "5000",
        "PLACE": "삼오자원",
        "REGION_NAME": null,
        "Direction": "0",
        "HEIGHT": "100",
        "DAY/NIGHT": "주간",
        "WEATHER": "맑음",
        "IMAGE_HEIGHT": 1080,
        "IMAGE_WIDTH": 1920,
        "IMAGE_SIZE": "543.4 KB"
    },
    "ANNOTATION_INFO": [
        {
            "ID": "1",
            "CLASS": "페트병",
            "DETAILS": "무색단일",
            "DAMAGE": "원형",
            "DIRTINESS": "오염없음",
            "COVER": "없음",
            "TRANSPARENCY": "투명",
            "SHAPE": "물통형",
            "SHAPE_TYPE": "POLYGON",
            "POINTS": [
                [
                    833.088,
                    547.992
                ],
                [
                    796.9920000000001,
                    536.004
                ],
                [
                    783.936,
                    529.956
                ],
                [
                    772.032,
                    520.02
                ],
                [
                    769.9200000000001,
                    513.972
                ],
                [
                    776.064,
                    513.972
                ],
                [
                    783.936,
                    505.98
                ],
                [
                    786.048,
                    490.968
                ],
                [
                    778.944,
                    478.008
                ],
                [
                    772.032,
                    471.96
                ],
                [
                    767.0400000000001,
                    463.96799999999996
                ],
                [
                    753.984,
                    439.02
                ],
                [
                    747.072,
                    432.972
                ],
                [
                    739.9680000000001,
                    429.94800000000004
                ],
                [
                    737.0880000000001,
                    424.98
                ],
                [
                    723.072,
                    385.992
                ],
                [
                    723.072,
                    351
                ],
                [
                    728.064,
                    334.04400000000004
                ],
                [
                    731.904,
                    330.048
                ],
                [
                    734.976,
                    315.036
                ],
                [
                    744.96,
                    300.996
                ],
                [
                    744.96,
                    282.96000000000004
                ],
                [
                    748.032,
                    270.97200000000004
                ],
                [
                    762.048,
                    239.004
                ],
                [
                    781.056,
                    204.984
                ],
                [
                    791.04,
                    191.052
                ],
                [
                    806.016,
                    176.04000000000002
                ],
                [
                    804.096,
                    150.012
                ],
                [
                    822.9119999999999,
                    104.976
                ],
                [
                    830.976,
                    70.95599999999999
                ],
                [
                    835.9680000000001,
                    62.964
                ],
                [
                    844.992,
                    34.02
                ],
                [
                    850.944,
                    26.028
                ],
                [
                    854.976,
                    27
                ],
                [
                    858.048,
                    34.02
                ],
                [
                    862.08,
                    30.996
                ],
                [
                    863.04,
                    27
                ],
                [
                    872.064,
                    23.976000000000003
                ],
                [
                    873.024,
                    19.008000000000003
                ],
                [
                    882.048,
                    10.043999999999999
                ],
                [
                    883.968,
                    0
                ],
                [
                    1124.9279999999999,
                    0
                ],
                [
                    1123.008,
                    7.992
                ],
                [
                    1116.096,
                    15.984
                ],
                [
                    1108.032,
                    37.044
                ],
                [
                    1108.032,
                    50.004
                ],
                [
                    1103.04,
                    61.02
                ],
                [
                    1095.936,
                    103.032
                ],
                [
                    1078.08,
                    150.012
                ],
                [
                    1075.968,
                    162
                ],
                [
                    1056.96,
                    204.012
                ],
                [
                    1056,
                    227.988
                ],
                [
                    1051.008,
                    234.036
                ],
                [
                    1046.0159999999998,
                    235.98
                ],
                [
                    1035.0720000000001,
                    246.024
                ],
                [
                    1032,
                    251.964
                ],
                [
                    1032,
                    262.00800000000004
                ],
                [
                    1036.992,
                    276.048
                ],
                [
                    1036.992,
                    293.976
                ],
                [
                    1030.08,
                    320.004
                ],
                [
                    1028.928,
                    338.04
                ],
                [
                    1012.992,
                    378
                ],
                [
                    1007.04,
                    381.024
                ],
                [
                    1003.0079999999999,
                    385.992
                ],
                [
                    1002.048,
                    405.97200000000004
                ],
                [
                    983.04,
                    431.028
                ],
                [
                    958.08,
                    456.948
                ],
                [
                    950.976,
                    469.04400000000004
                ],
                [
                    926.976,
                    493.02000000000004
                ],
                [
                    907.0079999999999,
                    505.98
                ],
                [
                    882.048,
                    512.028
                ],
                [
                    878.016,
                    515.052
                ],
                [
                    873.024,
                    515.052
                ],
                [
                    864.96,
                    519.048
                ],
                [
                    854.976,
                    532.98
                ],
                [
                    859.9680000000001,
                    546.048
                ],
                [
                    833.088,
                    547.992
                ]
            ]
        },
        {
            "ID": "2",
            "CLASS": "페트병",
            "DETAILS": "무색단일",
            "DAMAGE": "완전압착",
            "DIRTINESS": "이물질(외부)",
            "COVER": "없음",
            "TRANSPARENCY": "투명",
            "SHAPE": "물통형",
            "SHAPE_TYPE": "POLYGON",
            "POINTS": [
                [
                    233.088,
                    197.964
                ],
                [
                    224.064,
                    192.024
                ],
                [
                    220.992,
                    184.03199999999998
                ],
                [
                    211.968,
                    173.988
                ],
                [
                    203.904,
                    169.02
                ],
                [
                    195.072,
                    166.968
                ],
                [
                    191.04000000000002,
                    165.024
                ],
                [
                    190.08,
                    162.972
                ],
                [
                    177.024,
                    151.956
                ],
                [
                    168,
                    146.016
                ],
                [
                    164.928,
                    145.044
                ],
                [
                    163.008,
                    145.044
                ],
                [
                    159.936,
                    146.988
                ],
                [
                    153.98399999999998,
                    146.988
                ],
                [
                    142.07999999999998,
                    135.972
                ],
                [
                    139.008,
                    131.00400000000002
                ],
                [
                    124.03200000000001,
                    119.016
                ],
                [
                    118.08,
                    116.964
                ],
                [
                    109.05600000000001,
                    111.024
                ],
                [
                    100.992,
                    107.02799999999999
                ],
                [
                    85.056,
                    100.98
                ],
                [
                    73.92,
                    97.956
                ],
                [
                    62.976000000000006,
                    97.956
                ],
                [
                    57.984,
                    96.012
                ],
                [
                    56.064,
                    93.96
                ],
                [
                    56.064,
                    57.995999999999995
                ],
                [
                    57.984,
                    38.988
                ],
                [
                    65.088,
                    27
                ],
                [
                    67.968,
                    19.98
                ],
                [
                    72.96,
                    15.011999999999999
                ],
                [
                    76.03200000000001,
                    10.043999999999999
                ],
                [
                    77.952,
                    8.964
                ],
                [
                    77.952,
                    7.992
                ],
                [
                    78.91199999999999,
                    7.02
                ],
                [
                    81.98400000000001,
                    6.048
                ],
                [
                    87.936,
                    0
                ],
                [
                    287.03999999999996,
                    0
                ],
                [
                    292.03200000000004,
                    11.016
                ],
                [
                    292.992,
                    18.035999999999998
                ],
                [
                    301.056,
                    31.968
                ],
                [
                    303.936,
                    47.952000000000005
                ],
                [
                    303.936,
                    72.036
                ],
                [
                    299.904,
                    78.948
                ],
                [
                    291.072,
                    88.02000000000001
                ],
                [
                    288.96,
                    92.988
                ],
                [
                    288.96,
                    104.976
                ],
                [
                    292.992,
                    115.02
                ],
                [
                    301.056,
                    127.008
                ],
                [
                    301.056,
                    131.00400000000002
                ],
                [
                    288,
                    149.04000000000002
                ],
                [
                    278.976,
                    159.948
                ],
                [
                    260.928,
                    177.012
                ],
                [
                    257.08799999999997,
                    181.98000000000002
                ],
                [
                    253.056,
                    185.00400000000002
                ],
                [
                    252.096,
                    188.028
                ],
                [
                    240,
                    196.99200000000002
                ],
                [
                    238.07999999999998,
                    197.964
                ],
                [
                    233.088,
                    197.964
                ]
            ]
        },
        {
            "ID": "3",
            "CLASS": "페트병",
            "DETAILS": "무색단일",
            "DAMAGE": "원형",
            "DIRTINESS": "이물질(외부)",
            "COVER": "없음",
            "TRANSPARENCY": "투명",
            "SHAPE": "물통형",
            "SHAPE_TYPE": "POLYGON",
            "POINTS": [
                [
                    1415.04,
                    824.04
                ],
                [
                    1387.968,
                    821.9879999999999
                ],
                [
                    1369.92,
                    818.9639999999999
                ],
                [
                    1361.088,
                    810
                ],
                [
                    1358.016,
                    772.956
                ],
                [
                    1362.048,
                    762.048
                ],
                [
                    1367.04,
                    759.024
                ],
                [
                    1369.92,
                    752.976
                ],
                [
                    1369.92,
                    726.948
                ],
                [
                    1361.088,
                    699.948
                ],
                [
                    1347.0720000000001,
                    678.9960000000001
                ],
                [
                    1339.9679999999998,
                    658.044
                ],
                [
                    1338.048,
                    614.952
                ],
                [
                    1357.056,
                    529.956
                ],
                [
                    1364.9279999999999,
                    474.012
                ],
                [
                    1372.032,
                    454.032
                ],
                [
                    1383.936,
                    431.028
                ],
                [
                    1385.0880000000002,
                    424.008
                ],
                [
                    1390.08,
                    416.988
                ],
                [
                    1395.0720000000001,
                    396.036
                ],
                [
                    1400.0639999999999,
                    362.016
                ],
                [
                    1401.984,
                    285.012
                ],
                [
                    1425.024,
                    231.012
                ],
                [
                    1440.9599999999998,
                    212.004
                ],
                [
                    1454.976,
                    204.984
                ],
                [
                    1467.0720000000001,
                    204.984
                ],
                [
                    1497.984,
                    220.96800000000002
                ],
                [
                    1501.056,
                    220.96800000000002
                ],
                [
                    1521.984,
                    204.984
                ],
                [
                    1531.968,
                    204.984
                ],
                [
                    1550.016,
                    209.952
                ],
                [
                    1556.9279999999999,
                    216.972
                ],
                [
                    1561.92,
                    227.988
                ],
                [
                    1574.976,
                    227.988
                ],
                [
                    1590.912,
                    231.012
                ],
                [
                    1597.056,
                    235.00799999999998
                ],
                [
                    1607.04,
                    249.048
                ],
                [
                    1611.072,
                    269.02799999999996
                ],
                [
                    1611.072,
                    293.00399999999996
                ],
                [
                    1607.04,
                    323.02799999999996
                ],
                [
                    1601.088,
                    340.95599999999996
                ],
                [
                    1574.976,
                    389.016
                ],
                [
                    1564.032,
                    416.988
                ],
                [
                    1558.08,
                    443.988
                ],
                [
                    1560,
                    498.96000000000004
                ],
                [
                    1558.08,
                    513
                ],
                [
                    1555.0079999999998,
                    520.02
                ],
                [
                    1554.048,
                    533.952
                ],
                [
                    1545.024,
                    551.9879999999999
                ],
                [
                    1544.064,
                    573.048
                ],
                [
                    1535.04,
                    613.98
                ],
                [
                    1535.04,
                    624.024
                ],
                [
                    1527.936,
                    640.008
                ],
                [
                    1523.904,
                    659.9879999999999
                ],
                [
                    1502.016,
                    697.0319999999999
                ],
                [
                    1451.904,
                    744.012
                ],
                [
                    1446.912,
                    756.972
                ],
                [
                    1446.912,
                    785.052
                ],
                [
                    1440.9599999999998,
                    807.948
                ],
                [
                    1430.016,
                    821.9879999999999
                ],
                [
                    1421.952,
                    821.9879999999999
                ],
                [
                    1420.992,
                    824.04
                ],
                [
                    1415.04,
                    824.04
                ]
            ]
        },
        {
            "ID": "4",
            "CLASS": "페트병",
            "DETAILS": "무색단일",
            "DAMAGE": "완전압착",
            "DIRTINESS": "오염없음",
            "COVER": "없음",
            "TRANSPARENCY": "투명",
            "SHAPE": "물통형",
            "SHAPE_TYPE": "POLYGON",
            "POINTS": [
                [
                    1299.072,
                    359.964
                ],
                [
                    1294.0800000000002,
                    358.99199999999996
                ],
                [
                    1290.048,
                    355.968
                ],
                [
                    1275.0720000000001,
                    353.052
                ],
                [
                    1248,
                    336.96
                ],
                [
                    1224.96,
                    327.99600000000004
                ],
                [
                    1214.976,
                    316.97999999999996
                ],
                [
                    1199.0400000000002,
                    293.00399999999996
                ],
                [
                    1198.08,
                    289.008
                ],
                [
                    1186.944,
                    277.992
                ],
                [
                    1181.952,
                    269.02799999999996
                ],
                [
                    1181.952,
                    265.032
                ],
                [
                    1167.936,
                    243.97199999999998
                ],
                [
                    1162.944,
                    231.012
                ],
                [
                    1162.944,
                    209.952
                ],
                [
                    1176,
                    177.984
                ],
                [
                    1176,
                    169.02
                ],
                [
                    1169.088,
                    143.964
                ],
                [
                    1167.936,
                    115.02
                ],
                [
                    1158.912,
                    101.952
                ],
                [
                    1153.92,
                    88.992
                ],
                [
                    1153.92,
                    77.976
                ],
                [
                    1157.952,
                    68.04
                ],
                [
                    1156.992,
                    49.032000000000004
                ],
                [
                    1161.0240000000001,
                    45.036
                ],
                [
                    1161.984,
                    41.04
                ],
                [
                    1166.976,
                    0
                ],
                [
                    1403.904,
                    0
                ],
                [
                    1403.904,
                    8.964
                ],
                [
                    1400.0639999999999,
                    14.04
                ],
                [
                    1398.912,
                    29.052
                ],
                [
                    1391.04,
                    34.02
                ],
                [
                    1391.04,
                    54
                ],
                [
                    1395.0720000000001,
                    56.052
                ],
                [
                    1396.032,
                    58.968
                ],
                [
                    1393.92,
                    145.044
                ],
                [
                    1396.032,
                    164.05200000000002
                ],
                [
                    1396.032,
                    204.984
                ],
                [
                    1403.904,
                    219.99599999999998
                ],
                [
                    1406.976,
                    231.012
                ],
                [
                    1406.976,
                    265.032
                ],
                [
                    1403.904,
                    281.01599999999996
                ],
                [
                    1396.992,
                    293.976
                ],
                [
                    1381.056,
                    308.988
                ],
                [
                    1377.984,
                    309.96
                ],
                [
                    1368.96,
                    308.016
                ],
                [
                    1359.9360000000001,
                    308.988
                ],
                [
                    1350.912,
                    313.956
                ],
                [
                    1339.9679999999998,
                    324
                ],
                [
                    1329.0240000000001,
                    330.048
                ],
                [
                    1309.056,
                    355.968
                ],
                [
                    1304.064,
                    358.99199999999996
                ],
                [
                    1299.072,
                    359.964
                ]
            ]
        },
        {
            "ID": "5",
            "CLASS": "페트병",
            "DETAILS": "무색단일",
            "DAMAGE": "원형",
            "DIRTINESS": "오염없음",
            "COVER": "겹침",
            "TRANSPARENCY": "투명",
            "SHAPE": "물통형",
            "SHAPE_TYPE": "POLYGON",
            "POINTS": [
                [
                    126.912,
                    1080
                ],
                [
                    121.92,
                    1064.988
                ],
                [
                    123.072,
                    1048.0320000000002
                ],
                [
                    120.96000000000001,
                    1041.984
                ],
                [
                    113.08800000000001,
                    1037.016
                ],
                [
                    104.064,
                    1036.044
                ],
                [
                    99.072,
                    1044.036
                ],
                [
                    92.928,
                    1041.984
                ],
                [
                    91.96799999999999,
                    1023.9480000000001
                ],
                [
                    85.056,
                    999.972
                ],
                [
                    82.944,
                    975.996
                ],
                [
                    70.08,
                    921.024
                ],
                [
                    70.08,
                    898.9920000000001
                ],
                [
                    75.072,
                    859.032
                ],
                [
                    72,
                    845.9639999999999
                ],
                [
                    72,
                    817.02
                ],
                [
                    68.928,
                    798.0120000000001
                ],
                [
                    67.008,
                    685.044
                ],
                [
                    63.93600000000001,
                    675
                ],
                [
                    57.024,
                    605.0160000000001
                ],
                [
                    52.032,
                    583.9559999999999
                ],
                [
                    46.08,
                    570.996
                ],
                [
                    41.088,
                    531.0360000000001
                ],
                [
                    46.08,
                    513.972
                ],
                [
                    54.912,
                    504.036
                ],
                [
                    67.008,
                    497.016
                ],
                [
                    75.072,
                    494.964
                ],
                [
                    83.90400000000001,
                    489.996
                ],
                [
                    128.064,
                    482.976
                ],
                [
                    144,
                    482.00399999999996
                ],
                [
                    206.976,
                    482.00399999999996
                ],
                [
                    224.064,
                    482.976
                ],
                [
                    246.91199999999998,
                    489.996
                ],
                [
                    263.04,
                    504.036
                ],
                [
                    269.952,
                    520.992
                ],
                [
                    269.952,
                    555.0120000000001
                ],
                [
                    263.04,
                    589.032
                ],
                [
                    265.92,
                    691.956
                ],
                [
                    273.984,
                    759.996
                ],
                [
                    279.93600000000004,
                    771.012
                ],
                [
                    284.928,
                    771.984
                ],
                [
                    289.92,
                    783
                ],
                [
                    291.072,
                    802.98
                ],
                [
                    284.928,
                    812.052
                ],
                [
                    281.088,
                    813.024
                ],
                [
                    278.016,
                    817.992
                ],
                [
                    259.008,
                    832.0319999999999
                ],
                [
                    235.968,
                    853.9559999999999
                ],
                [
                    195.072,
                    911.952
                ],
                [
                    172.992,
                    960.0120000000001
                ],
                [
                    163.008,
                    995.004
                ],
                [
                    156.096,
                    1045.98
                ],
                [
                    156.096,
                    1080
                ],
                [
                    126.912,
                    1080
                ]
            ]
        }
    ]
}