{
    "IMAGE_INFO": {
        "FILE_NAME": "1000379@0_03001_220913_P1_T3__0390.jpg",
        "DATE": "2022-11-01 04:20:33",
        "RESOLUTION": "1920 x 1080",
        "IMAGE_PHOTOGRAPHER": "김보배",
        "FOCUS_DISTANCE": "7.1",
        "EXPOSURE_TIME": "1/400",
        "SENSITIVITY_ISO": "5000",
        "PLACE": "삼오자원",
        "REGION_NAME": null,
        "Direction": "0",
        "HEIGHT": "100",
        "DAY/NIGHT": "주간",
        "WEATHER": "맑음",
        "IMAGE_HEIGHT": 1080,
        "IMAGE_WIDTH": 1920,
        "IMAGE_SIZE": "614.1 KB"
    },
    "ANNOTATION_INFO": [
        {
            "ID": "1",
            "CLASS": "페트병",
            "DETAILS": "무색단일",
            "DAMAGE": "찌그러짐",
            "DIRTINESS": "오염없음",
            "COVER": "없음",
            "TRANSPARENCY": "투명",
            "SHAPE": "기타 형태",
            "SHAPE_TYPE": "POLYGON",
            "POINTS": [
                [
                    168.95999999999998,
                    708.048
                ],
                [
                    156.096,
                    705.996
                ],
                [
                    148.032,
                    699.948
                ],
                [
                    143.04,
                    698.004
                ],
                [
                    139.008,
                    698.004
                ],
                [
                    133.056,
                    694.9799999999999
                ],
                [
                    121.92,
                    685.044
                ],
                [
                    100.992,
                    660.96
                ],
                [
                    95.04,
                    648
                ],
                [
                    95.04,
                    636.012
                ],
                [
                    91.008,
                    625.968
                ],
                [
                    89.088,
                    605.0160000000001
                ],
                [
                    91.008,
                    583.9559999999999
                ],
                [
                    86.016,
                    551.9879999999999
                ],
                [
                    81.98400000000001,
                    540.972
                ],
                [
                    80.06400000000001,
                    479.952
                ],
                [
                    73.92,
                    438.048
                ],
                [
                    73.92,
                    358.02000000000004
                ],
                [
                    80.06400000000001,
                    330.048
                ],
                [
                    81.98400000000001,
                    294.94800000000004
                ],
                [
                    86.016,
                    270
                ],
                [
                    95.04,
                    262.00800000000004
                ],
                [
                    102.912,
                    259.956
                ],
                [
                    110.01599999999999,
                    259.956
                ],
                [
                    126.912,
                    262.00800000000004
                ],
                [
                    139.008,
                    266.00399999999996
                ],
                [
                    152.06400000000002,
                    267.948
                ],
                [
                    168.95999999999998,
                    267.948
                ],
                [
                    200.064,
                    276.048
                ],
                [
                    244.992,
                    281.988
                ],
                [
                    299.904,
                    281.988
                ],
                [
                    313.92,
                    284.04
                ],
                [
                    318.912,
                    285.984
                ],
                [
                    321.024,
                    289.98
                ],
                [
                    326.976,
                    312.984
                ],
                [
                    335.03999999999996,
                    327.024
                ],
                [
                    344.064,
                    338.04
                ],
                [
                    369.024,
                    362.016
                ],
                [
                    379.96799999999996,
                    365.04
                ],
                [
                    382.08000000000004,
                    370.98
                ],
                [
                    374.976,
                    397.008
                ],
                [
                    378.048,
                    401.976
                ],
                [
                    355.968,
                    435.996
                ],
                [
                    355.968,
                    456.948
                ],
                [
                    369.024,
                    497.988
                ],
                [
                    373.056,
                    504.036
                ],
                [
                    374.976,
                    515.052
                ],
                [
                    392.06399999999996,
                    544.9680000000001
                ],
                [
                    392.06399999999996,
                    566.028
                ],
                [
                    388.032,
                    575.9639999999999
                ],
                [
                    388.032,
                    585.036
                ],
                [
                    364.99199999999996,
                    641.952
                ],
                [
                    355.968,
                    654.048
                ],
                [
                    347.904,
                    659.016
                ],
                [
                    340.03200000000004,
                    658.044
                ],
                [
                    331.008,
                    660.96
                ],
                [
                    326.976,
                    668.952
                ],
                [
                    310.08,
                    685.044
                ],
                [
                    297.024,
                    694.9799999999999
                ],
                [
                    278.016,
                    704.052
                ],
                [
                    253.056,
                    704.052
                ],
                [
                    234.048,
                    708.048
                ],
                [
                    168.95999999999998,
                    708.048
                ]
            ]
        },
        {
            "ID": "2",
            "CLASS": "페트병",
            "DETAILS": "무색단일",
            "DAMAGE": "찌그러짐",
            "DIRTINESS": "오염없음",
            "COVER": "겹침",
            "TRANSPARENCY": "투명",
            "SHAPE": "일반용기형",
            "SHAPE_TYPE": "POLYGON",
            "POINTS": [
                [
                    662.976,
                    992.952
                ],
                [
                    639.9359999999999,
                    953.9639999999999
                ],
                [
                    627.072,
                    922.9680000000001
                ],
                [
                    619.9680000000001,
                    914.004
                ],
                [
                    606.912,
                    905.04
                ],
                [
                    603.072,
                    898.9920000000001
                ],
                [
                    595.9680000000001,
                    864
                ],
                [
                    582.9119999999999,
                    752.976
                ],
                [
                    585.024,
                    706.968
                ],
                [
                    590.0160000000001,
                    679.9680000000001
                ],
                [
                    590.976,
                    658.044
                ],
                [
                    590.976,
                    632.0160000000001
                ],
                [
                    585.024,
                    602.964
                ],
                [
                    585.024,
                    543.024
                ],
                [
                    586.9440000000001,
                    532.0079999999999
                ],
                [
                    604.0319999999999,
                    502.956
                ],
                [
                    611.904,
                    497.988
                ],
                [
                    623.04,
                    497.016
                ],
                [
                    635.904,
                    492.048
                ],
                [
                    638.976,
                    489.024
                ],
                [
                    648.96,
                    486
                ],
                [
                    657.984,
                    485.028
                ],
                [
                    667.968,
                    485.028
                ],
                [
                    672,
                    488.052
                ],
                [
                    680.0640000000001,
                    489.024
                ],
                [
                    690.048,
                    489.024
                ],
                [
                    692.928,
                    486
                ],
                [
                    697.92,
                    486
                ],
                [
                    700.0319999999999,
                    502.956
                ],
                [
                    709.056,
                    532.0079999999999
                ],
                [
                    711.936,
                    569.052
                ],
                [
                    715.9680000000001,
                    582.9839999999999
                ],
                [
                    719.04,
                    606.96
                ],
                [
                    723.072,
                    621
                ],
                [
                    733.0559999999999,
                    640.98
                ],
                [
                    735.9359999999999,
                    643.032
                ],
                [
                    754.944,
                    644.004
                ],
                [
                    758.976,
                    648.972
                ],
                [
                    791.04,
                    648.972
                ],
                [
                    795.072,
                    650.052
                ],
                [
                    801.024,
                    686.9879999999999
                ],
                [
                    801.984,
                    747.036
                ],
                [
                    797.952,
                    787.9680000000001
                ],
                [
                    793.92,
                    890.028
                ],
                [
                    787.0079999999999,
                    913.032
                ],
                [
                    753.984,
                    968.004
                ],
                [
                    744,
                    975.996
                ],
                [
                    733.0559999999999,
                    982.044
                ],
                [
                    724.0319999999999,
                    984.96
                ],
                [
                    691.968,
                    984.96
                ],
                [
                    682.9440000000001,
                    986.0400000000001
                ],
                [
                    676.032,
                    987.9839999999999
                ],
                [
                    667.968,
                    992.952
                ],
                [
                    662.976,
                    992.952
                ]
            ]
        }
    ]
}