{
    "IMAGE_INFO": {
        "FILE_NAME": "1000209@0_03001_220913_P1_T3__1970.jpg",
        "DATE": "2022-11-01 04:20:27",
        "RESOLUTION": "1920 x 1080",
        "IMAGE_PHOTOGRAPHER": "김보배",
        "FOCUS_DISTANCE": "7.1",
        "EXPOSURE_TIME": "1/400",
        "SENSITIVITY_ISO": "5000",
        "PLACE": "삼오자원",
        "REGION_NAME": null,
        "Direction": "0",
        "HEIGHT": "100",
        "DAY/NIGHT": "주간",
        "WEATHER": "맑음",
        "IMAGE_HEIGHT": 1080,
        "IMAGE_WIDTH": 1920,
        "IMAGE_SIZE": "641.0 KB"
    },
    "ANNOTATION_INFO": [
        {
            "ID": "1",
            "CLASS": "페트병",
            "DETAILS": "무색단일",
            "DAMAGE": "찌그러짐",
            "DIRTINESS": "오염없음",
            "COVER": "겹침",
            "TRANSPARENCY": "투명",
            "SHAPE": "일반용기형",
            "SHAPE_TYPE": "POLYGON",
            "POINTS": [
                [
                    898.944,
                    933.984
                ],
                [
                    867.072,
                    929.016
                ],
                [
                    858.048,
                    925.0200000000001
                ],
                [
                    846.912,
                    925.0200000000001
                ],
                [
                    836.928,
                    922.9680000000001
                ],
                [
                    801.024,
                    910.008
                ],
                [
                    777.024,
                    894.024
                ],
                [
                    761.088,
                    876.96
                ],
                [
                    758.016,
                    867.996
                ],
                [
                    759.9359999999999,
                    863.028
                ],
                [
                    768,
                    859.032
                ],
                [
                    776.064,
                    856.98
                ],
                [
                    798.912,
                    856.98
                ],
                [
                    806.016,
                    855.036
                ],
                [
                    825.024,
                    833.004
                ],
                [
                    829.056,
                    813.024
                ],
                [
                    828.096,
                    775.008
                ],
                [
                    817.92,
                    759.996
                ],
                [
                    810.048,
                    733.968
                ],
                [
                    798.912,
                    717.9839999999999
                ],
                [
                    792.9599999999999,
                    713.988
                ],
                [
                    777.024,
                    709.992
                ],
                [
                    763.0079999999999,
                    698.976
                ],
                [
                    759.9359999999999,
                    682.992
                ],
                [
                    761.088,
                    656.9639999999999
                ],
                [
                    768,
                    645.948
                ],
                [
                    777.024,
                    621.972
                ],
                [
                    785.088,
                    617.004
                ],
                [
                    796.032,
                    614.952
                ],
                [
                    806.016,
                    610.956
                ],
                [
                    820.992,
                    600.048
                ],
                [
                    828.096,
                    593.028
                ],
                [
                    830.976,
                    582.0120000000001
                ],
                [
                    828.096,
                    555.984
                ],
                [
                    811.968,
                    532.0079999999999
                ],
                [
                    806.016,
                    524.9879999999999
                ],
                [
                    795.072,
                    517.9680000000001
                ],
                [
                    778.944,
                    513.972
                ],
                [
                    778.944,
                    477.036
                ],
                [
                    785.088,
                    459
                ],
                [
                    785.088,
                    425.952
                ],
                [
                    791.04,
                    397.98
                ],
                [
                    791.04,
                    386.964
                ],
                [
                    796.032,
                    373.032
                ],
                [
                    801.984,
                    338.04
                ],
                [
                    811.968,
                    313.956
                ],
                [
                    812.928,
                    303.048
                ],
                [
                    829.056,
                    254.988
                ],
                [
                    849.9839999999999,
                    222.048
                ],
                [
                    859.008,
                    200.016
                ],
                [
                    867.072,
                    196.01999999999998
                ],
                [
                    872.064,
                    185.00400000000002
                ],
                [
                    873.024,
                    149.04000000000002
                ],
                [
                    878.016,
                    134.028
                ],
                [
                    891.072,
                    115.99199999999999
                ],
                [
                    907.0079999999999,
                    110.052
                ],
                [
                    912.9599999999999,
                    110.052
                ],
                [
                    913.92,
                    111.996
                ],
                [
                    921.984,
                    111.996
                ],
                [
                    929.088,
                    114.048
                ],
                [
                    944.0640000000001,
                    124.956
                ],
                [
                    961.92,
                    145.044
                ],
                [
                    969.9839999999999,
                    170.964
                ],
                [
                    970.9440000000001,
                    197.964
                ],
                [
                    983.9999999999999,
                    208.98000000000002
                ],
                [
                    992.0640000000001,
                    219.99599999999998
                ],
                [
                    1017.0239999999999,
                    285.984
                ],
                [
                    1019.904,
                    327.024
                ],
                [
                    1011.0719999999999,
                    378
                ],
                [
                    1003.9680000000001,
                    400.032
                ],
                [
                    999.936,
                    477.036
                ],
                [
                    1008,
                    513.972
                ],
                [
                    1014.9119999999999,
                    578.016
                ],
                [
                    1030.08,
                    605.988
                ],
                [
                    1041.0240000000001,
                    632.9879999999999
                ],
                [
                    1060.0320000000002,
                    706.968
                ],
                [
                    1071.9360000000001,
                    737.964
                ],
                [
                    1074.048,
                    753.9480000000001
                ],
                [
                    1070.9759999999999,
                    789.048
                ],
                [
                    1062.912,
                    824.04
                ],
                [
                    1049.088,
                    859.032
                ],
                [
                    1033.92,
                    879.012
                ],
                [
                    1008,
                    901.0440000000001
                ],
                [
                    985.92,
                    914.004
                ],
                [
                    940.992,
                    929.016
                ],
                [
                    930.048,
                    930.96
                ],
                [
                    913.92,
                    930.96
                ],
                [
                    912.9599999999999,
                    933.984
                ],
                [
                    898.944,
                    933.984
                ]
            ]
        },
        {
            "ID": "2",
            "CLASS": "페트병",
            "DETAILS": "무색단일",
            "DAMAGE": "찌그러짐",
            "DIRTINESS": "오염없음",
            "COVER": "없음",
            "TRANSPARENCY": "투명",
            "SHAPE": "물통형",
            "SHAPE_TYPE": "POLYGON",
            "POINTS": [
                [
                    1252.992,
                    882.036
                ],
                [
                    1237.056,
                    878.04
                ],
                [
                    1210.944,
                    839.052
                ],
                [
                    1185.9840000000002,
                    794.016
                ],
                [
                    1176,
                    783
                ],
                [
                    1160.0639999999999,
                    733.968
                ],
                [
                    1153.92,
                    698.004
                ],
                [
                    1143.936,
                    670.0319999999999
                ],
                [
                    1143.936,
                    640.98
                ],
                [
                    1137.984,
                    625.968
                ],
                [
                    1136.064,
                    597.996
                ],
                [
                    1129.92,
                    585.036
                ],
                [
                    1128,
                    562.0319999999999
                ],
                [
                    1122.048,
                    547.02
                ],
                [
                    1119.9360000000001,
                    525.96
                ],
                [
                    1116.096,
                    517.9680000000001
                ],
                [
                    1116.096,
                    500.04
                ],
                [
                    1119.9360000000001,
                    478.98
                ],
                [
                    1109.952,
                    467.964
                ],
                [
                    1102.08,
                    466.02
                ],
                [
                    1093.056,
                    456.948
                ],
                [
                    1073.088,
                    429.94800000000004
                ],
                [
                    1066.944,
                    416.01599999999996
                ],
                [
                    1042.944,
                    378
                ],
                [
                    1041.0240000000001,
                    369.036
                ],
                [
                    1031.04,
                    351
                ],
                [
                    1031.04,
                    346.03200000000004
                ],
                [
                    1021.056,
                    327.99600000000004
                ],
                [
                    1018.944,
                    297
                ],
                [
                    1007.04,
                    250.02
                ],
                [
                    1007.04,
                    223.01999999999998
                ],
                [
                    1014.9119999999999,
                    170.964
                ],
                [
                    1021.056,
                    162
                ],
                [
                    1027.008,
                    139.968
                ],
                [
                    1042.944,
                    116.964
                ],
                [
                    1025.0880000000002,
                    83.05199999999999
                ],
                [
                    1008.9599999999999,
                    62.964
                ],
                [
                    1008.9599999999999,
                    54
                ],
                [
                    1014.9119999999999,
                    45.036
                ],
                [
                    1062.912,
                    19.98
                ],
                [
                    1075.0079999999998,
                    11.016
                ],
                [
                    1084.9920000000002,
                    7.02
                ],
                [
                    1089.0240000000001,
                    7.02
                ],
                [
                    1099.9679999999998,
                    18.035999999999998
                ],
                [
                    1112.064,
                    39.96
                ],
                [
                    1116.096,
                    61.02
                ],
                [
                    1122.048,
                    69.984
                ],
                [
                    1126.08,
                    72.036
                ],
                [
                    1142.016,
                    73.98
                ],
                [
                    1177.92,
                    73.98
                ],
                [
                    1191.9360000000001,
                    76.03200000000001
                ],
                [
                    1198.08,
                    78.948
                ],
                [
                    1248.96,
                    115.02
                ],
                [
                    1268.928,
                    132.948
                ],
                [
                    1286.976,
                    158.00400000000002
                ],
                [
                    1302.912,
                    169.02
                ],
                [
                    1310.016,
                    170.964
                ],
                [
                    1331.904,
                    196.01999999999998
                ],
                [
                    1344,
                    216
                ],
                [
                    1362.048,
                    238.032
                ],
                [
                    1410.048,
                    338.04
                ],
                [
                    1412.9279999999999,
                    375.94800000000004
                ],
                [
                    1419.072,
                    385.02
                ],
                [
                    1425.024,
                    389.016
                ],
                [
                    1430.9759999999999,
                    420.984
                ],
                [
                    1444.9920000000002,
                    446.03999999999996
                ],
                [
                    1463.04,
                    508.032
                ],
                [
                    1463.04,
                    548.9639999999999
                ],
                [
                    1467.0720000000001,
                    569.052
                ],
                [
                    1474.944,
                    590.004
                ],
                [
                    1477.056,
                    662.04
                ],
                [
                    1483.008,
                    686.016
                ],
                [
                    1484.9279999999999,
                    726.948
                ],
                [
                    1491.072,
                    759.996
                ],
                [
                    1491.072,
                    783
                ],
                [
                    1494.9119999999998,
                    795.96
                ],
                [
                    1494.9119999999998,
                    806.0039999999999
                ],
                [
                    1488.96,
                    824.04
                ],
                [
                    1481.088,
                    834.948
                ],
                [
                    1470.912,
                    841.968
                ],
                [
                    1460.928,
                    845.9639999999999
                ],
                [
                    1440.9599999999998,
                    848.016
                ],
                [
                    1430.9759999999999,
                    855.036
                ],
                [
                    1422.912,
                    856.98
                ],
                [
                    1397.952,
                    856.98
                ],
                [
                    1386.048,
                    861.948
                ],
                [
                    1366.08,
                    861.948
                ],
                [
                    1329.984,
                    866.0519999999999
                ],
                [
                    1324.032,
                    867.996
                ],
                [
                    1318.08,
                    872.964
                ],
                [
                    1304.064,
                    878.04
                ],
                [
                    1292.9279999999999,
                    878.04
                ],
                [
                    1282.944,
                    882.036
                ],
                [
                    1252.992,
                    882.036
                ]
            ]
        }
    ]
}