{
    "IMAGE_INFO": {
        "FILE_NAME": "1001130@0_03001_220913_P1_T3__0713.jpg",
        "DATE": "2022-11-01 04:20:44",
        "RESOLUTION": "1920 x 1080",
        "IMAGE_PHOTOGRAPHER": "김보배",
        "FOCUS_DISTANCE": "7.1",
        "EXPOSURE_TIME": "1/400",
        "SENSITIVITY_ISO": "5000",
        "PLACE": "삼오자원",
        "REGION_NAME": null,
        "Direction": "0",
        "HEIGHT": "100",
        "DAY/NIGHT": "주간",
        "WEATHER": "맑음",
        "IMAGE_HEIGHT": 1080,
        "IMAGE_WIDTH": 1920,
        "IMAGE_SIZE": "554.0 KB"
    },
    "ANNOTATION_INFO": [
        {
            "ID": "1",
            "CLASS": "페트병",
            "DETAILS": "무색단일",
            "DAMAGE": "찌그러짐",
            "DIRTINESS": "이물질(외부)",
            "COVER": "겹침",
            "TRANSPARENCY": "투명",
            "SHAPE": "물통형",
            "SHAPE_TYPE": "POLYGON",
            "POINTS": [
                [
                    1166.0159999999998,
                    600.048
                ],
                [
                    1145.0880000000002,
                    598.968
                ],
                [
                    1143.936,
                    594.972
                ],
                [
                    1133.952,
                    586.0079999999999
                ],
                [
                    1133.952,
                    582.9839999999999
                ],
                [
                    1121.088,
                    571.968
                ],
                [
                    1114.944,
                    558.0360000000001
                ],
                [
                    1114.944,
                    551.016
                ],
                [
                    1109.952,
                    546.048
                ],
                [
                    1100.928,
                    546.048
                ],
                [
                    1093.056,
                    550.044
                ],
                [
                    1076.9279999999999,
                    550.044
                ],
                [
                    1050.048,
                    544.9680000000001
                ],
                [
                    1023.936,
                    535.032
                ],
                [
                    1017.984,
                    531.0360000000001
                ],
                [
                    1012.032,
                    529.956
                ],
                [
                    1004.928,
                    527.04
                ],
                [
                    993.9840000000002,
                    520.02
                ],
                [
                    966.912,
                    497.016
                ],
                [
                    953.088,
                    478.98
                ],
                [
                    940.0319999999999,
                    467.964
                ],
                [
                    931.968,
                    455.976
                ],
                [
                    921.024,
                    443.988
                ],
                [
                    902.016,
                    409.968
                ],
                [
                    892.9920000000001,
                    398.952
                ],
                [
                    884.928,
                    393.012
                ],
                [
                    865.9200000000001,
                    385.02
                ],
                [
                    844.992,
                    358.02000000000004
                ],
                [
                    839.04,
                    351
                ],
                [
                    831.936,
                    346.03200000000004
                ],
                [
                    812.928,
                    323.02799999999996
                ],
                [
                    805.056,
                    303.048
                ],
                [
                    793.92,
                    286.956
                ],
                [
                    786.048,
                    262.98
                ],
                [
                    782.976,
                    228.95999999999998
                ],
                [
                    786.048,
                    218.052
                ],
                [
                    806.976,
                    200.016
                ],
                [
                    831.936,
                    174.96
                ],
                [
                    877.0559999999999,
                    143.964
                ],
                [
                    892.9920000000001,
                    137.05200000000002
                ],
                [
                    920.0640000000001,
                    135
                ],
                [
                    936.96,
                    135
                ],
                [
                    955.9680000000001,
                    137.05200000000002
                ],
                [
                    993.024,
                    150.012
                ],
                [
                    1001.088,
                    158.00400000000002
                ],
                [
                    1004.928,
                    166.968
                ],
                [
                    1012.992,
                    177.012
                ],
                [
                    1047.936,
                    213.948
                ],
                [
                    1074.048,
                    235.00799999999998
                ],
                [
                    1084.9920000000002,
                    247.968
                ],
                [
                    1094.0159999999998,
                    263.952
                ],
                [
                    1107.0720000000001,
                    280.044
                ],
                [
                    1128.96,
                    316.97999999999996
                ],
                [
                    1132.032,
                    327.024
                ],
                [
                    1143.936,
                    339.98400000000004
                ],
                [
                    1161.0240000000001,
                    375.94800000000004
                ],
                [
                    1174.0800000000002,
                    397.008
                ],
                [
                    1182.912,
                    419.04
                ],
                [
                    1188.096,
                    442.044
                ],
                [
                    1188.096,
                    470.01599999999996
                ],
                [
                    1185.024,
                    478.008
                ],
                [
                    1182.912,
                    505.00800000000004
                ],
                [
                    1185.9840000000002,
                    512.028
                ],
                [
                    1194.048,
                    519.048
                ],
                [
                    1201.92,
                    533.952
                ],
                [
                    1201.92,
                    542.052
                ],
                [
                    1209.0240000000001,
                    551.016
                ],
                [
                    1209.984,
                    567.972
                ],
                [
                    1204.032,
                    581.0400000000001
                ],
                [
                    1198.08,
                    586.98
                ],
                [
                    1193.088,
                    587.952
                ],
                [
                    1188.096,
                    591.948
                ],
                [
                    1185.024,
                    591.948
                ],
                [
                    1180.0320000000002,
                    596.0519999999999
                ],
                [
                    1166.0159999999998,
                    600.048
                ]
            ]
        },
        {
            "ID": "2",
            "CLASS": "페트병",
            "DETAILS": "무색단일",
            "DAMAGE": "원형",
            "DIRTINESS": "오염없음",
            "COVER": "겹침",
            "TRANSPARENCY": "투명",
            "SHAPE": "물통형",
            "SHAPE_TYPE": "POLYGON",
            "POINTS": [
                [
                    384,
                    637.956
                ],
                [
                    384,
                    632.9879999999999
                ],
                [
                    375.936,
                    620.028
                ],
                [
                    369.98400000000004,
                    601.992
                ],
                [
                    364.032,
                    573.048
                ],
                [
                    363.072,
                    459.972
                ],
                [
                    358.08,
                    423.036
                ],
                [
                    358.08,
                    297
                ],
                [
                    360,
                    281.988
                ],
                [
                    365.952,
                    267.948
                ],
                [
                    382.08000000000004,
                    262.00800000000004
                ],
                [
                    393.984,
                    261.036
                ],
                [
                    491.904,
                    261.036
                ],
                [
                    518.976,
                    262.00800000000004
                ],
                [
                    529.9200000000001,
                    263.952
                ],
                [
                    533.952,
                    266.976
                ],
                [
                    543.936,
                    267.948
                ],
                [
                    555.072,
                    276.048
                ],
                [
                    557.952,
                    285.012
                ],
                [
                    577.92,
                    393.012
                ],
                [
                    577.92,
                    409.968
                ],
                [
                    560.0640000000001,
                    416.988
                ],
                [
                    550.0799999999999,
                    429.94800000000004
                ],
                [
                    552,
                    488.052
                ],
                [
                    561.024,
                    500.04
                ],
                [
                    561.024,
                    505.98
                ],
                [
                    532.032,
                    542.052
                ],
                [
                    518.976,
                    567
                ],
                [
                    513.024,
                    586.0079999999999
                ],
                [
                    513.024,
                    609.012
                ],
                [
                    499.968,
                    614.952
                ],
                [
                    483.072,
                    616.032
                ],
                [
                    470.976,
                    621
                ],
                [
                    457.91999999999996,
                    621.972
                ],
                [
                    446.016,
                    627.048
                ],
                [
                    430.08,
                    628.02
                ],
                [
                    417.98400000000004,
                    632.9879999999999
                ],
                [
                    402.048,
                    633.9599999999999
                ],
                [
                    393.984,
                    637.956
                ],
                [
                    384,
                    637.956
                ]
            ]
        },
        {
            "ID": "3",
            "CLASS": "페트병",
            "DETAILS": "무색단일",
            "DAMAGE": "원형",
            "DIRTINESS": "이물질(내부)",
            "COVER": "겹침",
            "TRANSPARENCY": "투명",
            "SHAPE": "일반용기형",
            "SHAPE_TYPE": "POLYGON",
            "POINTS": [
                [
                    785.088,
                    616.032
                ],
                [
                    766.08,
                    613.98
                ],
                [
                    754.944,
                    610.956
                ],
                [
                    742.08,
                    610.956
                ],
                [
                    729.024,
                    608.04
                ],
                [
                    720,
                    608.04
                ],
                [
                    715.008,
                    606.96
                ],
                [
                    711.936,
                    605.988
                ],
                [
                    710.976,
                    602.964
                ],
                [
                    710.0160000000001,
                    578.016
                ],
                [
                    705.984,
                    570.024
                ],
                [
                    687.936,
                    543.9960000000001
                ],
                [
                    684.096,
                    536.004
                ],
                [
                    680.0640000000001,
                    532.98
                ],
                [
                    678.912,
                    528.984
                ],
                [
                    675.072,
                    523.044
                ],
                [
                    667.0079999999999,
                    515.052
                ],
                [
                    667.0079999999999,
                    512.028
                ],
                [
                    677.952,
                    492.048
                ],
                [
                    681.024,
                    488.052
                ],
                [
                    696,
                    478.98
                ],
                [
                    705.984,
                    475.95599999999996
                ],
                [
                    725.952,
                    473.04
                ],
                [
                    743.04,
                    466.02
                ],
                [
                    754.944,
                    459
                ],
                [
                    757.0559999999999,
                    455.976
                ],
                [
                    759.9359999999999,
                    454.032
                ],
                [
                    769.9200000000001,
                    438.048
                ],
                [
                    785.088,
                    425.952
                ],
                [
                    820.0319999999999,
                    408.024
                ],
                [
                    830.0160000000001,
                    404.02799999999996
                ],
                [
                    846.912,
                    393.98400000000004
                ],
                [
                    868.032,
                    385.02
                ],
                [
                    873.024,
                    385.02
                ],
                [
                    889.9200000000001,
                    396.036
                ],
                [
                    900.096,
                    408.024
                ],
                [
                    903.936,
                    409.968
                ],
                [
                    915.072,
                    429.94800000000004
                ],
                [
                    940.0319999999999,
                    465.048
                ],
                [
                    949.056,
                    486
                ],
                [
                    950.976,
                    497.988
                ],
                [
                    958.08,
                    512.028
                ],
                [
                    960,
                    521.964
                ],
                [
                    960,
                    532.98
                ],
                [
                    958.08,
                    540
                ],
                [
                    951.936,
                    544.9680000000001
                ],
                [
                    940.0319999999999,
                    551.9879999999999
                ],
                [
                    934.0799999999999,
                    554.04
                ],
                [
                    882.048,
                    579.96
                ],
                [
                    864,
                    590.976
                ],
                [
                    854.976,
                    593.028
                ],
                [
                    839.04,
                    593.028
                ],
                [
                    830.0160000000001,
                    594.972
                ],
                [
                    806.976,
                    609.012
                ],
                [
                    801.024,
                    616.032
                ],
                [
                    785.088,
                    616.032
                ]
            ]
        },
        {
            "ID": "4",
            "CLASS": "페트병",
            "DETAILS": "무색단일",
            "DAMAGE": "원형",
            "DIRTINESS": "이물질(외부)",
            "COVER": "겹침",
            "TRANSPARENCY": "투명",
            "SHAPE": "일반용기형",
            "SHAPE_TYPE": "POLYGON",
            "POINTS": [
                [
                    686.976,
                    328.96799999999996
                ],
                [
                    635.904,
                    327.024
                ],
                [
                    608.064,
                    321.948
                ],
                [
                    589.056,
                    312.984
                ],
                [
                    586.9440000000001,
                    308.988
                ],
                [
                    580.992,
                    304.99199999999996
                ],
                [
                    579.072,
                    300.024
                ],
                [
                    571.968,
                    294.94800000000004
                ],
                [
                    564.096,
                    278.964
                ],
                [
                    561.984,
                    246.024
                ],
                [
                    556.032,
                    236.95200000000003
                ],
                [
                    547.0079999999999,
                    235.98
                ],
                [
                    529.9200000000001,
                    240.94799999999998
                ],
                [
                    438.912,
                    236.95200000000003
                ],
                [
                    428.928,
                    235.98
                ],
                [
                    422.01599999999996,
                    232.95600000000002
                ],
                [
                    416.064,
                    226.044
                ],
                [
                    412.03200000000004,
                    215.028
                ],
                [
                    407.03999999999996,
                    180.03599999999997
                ],
                [
                    409.92,
                    149.04000000000002
                ],
                [
                    413.952,
                    137.05200000000002
                ],
                [
                    420.096,
                    130.03199999999998
                ],
                [
                    426.048,
                    127.008
                ],
                [
                    523.968,
                    126.036
                ],
                [
                    528,
                    127.97999999999999
                ],
                [
                    528,
                    131.00400000000002
                ],
                [
                    532.032,
                    134.028
                ],
                [
                    547.0079999999999,
                    138.024
                ],
                [
                    557.952,
                    132.948
                ],
                [
                    561.984,
                    126.036
                ],
                [
                    561.984,
                    119.988
                ],
                [
                    567.936,
                    108.97200000000001
                ],
                [
                    571.968,
                    77.976
                ],
                [
                    576.96,
                    74.952
                ],
                [
                    580.992,
                    62.964
                ],
                [
                    598.08,
                    50.004
                ],
                [
                    610.944,
                    45.036
                ],
                [
                    627.072,
                    42.01199999999999
                ],
                [
                    643.968,
                    42.01199999999999
                ],
                [
                    673.92,
                    42.984
                ],
                [
                    681.984,
                    45.036
                ],
                [
                    718.08,
                    47.952000000000005
                ],
                [
                    776.064,
                    50.976
                ],
                [
                    792,
                    54
                ],
                [
                    801.024,
                    54
                ],
                [
                    824.0640000000001,
                    57.995999999999995
                ],
                [
                    839.04,
                    58.968
                ],
                [
                    851.904,
                    61.992
                ],
                [
                    892.032,
                    66.96
                ],
                [
                    897.984,
                    69.012
                ],
                [
                    930.048,
                    69.012
                ],
                [
                    945.024,
                    70.95599999999999
                ],
                [
                    958.08,
                    73.98
                ],
                [
                    984.96,
                    85.968
                ],
                [
                    993.024,
                    89.964
                ],
                [
                    1002.048,
                    99.036
                ],
                [
                    999.936,
                    132.948
                ],
                [
                    998.0160000000001,
                    141.048
                ],
                [
                    993.024,
                    146.016
                ],
                [
                    988.992,
                    147.96
                ],
                [
                    980.928,
                    147.96
                ],
                [
                    965.952,
                    139.968
                ],
                [
                    936,
                    135
                ],
                [
                    905.088,
                    135
                ],
                [
                    889.9200000000001,
                    138.024
                ],
                [
                    873.024,
                    146.988
                ],
                [
                    846.912,
                    165.024
                ],
                [
                    798.912,
                    204.984
                ],
                [
                    796.9920000000001,
                    208.98000000000002
                ],
                [
                    790.0799999999999,
                    212.976
                ],
                [
                    783.936,
                    222.048
                ],
                [
                    783.936,
                    240.94799999999998
                ],
                [
                    787.968,
                    267.948
                ],
                [
                    792,
                    282.96000000000004
                ],
                [
                    806.976,
                    308.988
                ],
                [
                    809.088,
                    316.97999999999996
                ],
                [
                    811.968,
                    317.952
                ],
                [
                    811.968,
                    320.004
                ],
                [
                    806.976,
                    323.02799999999996
                ],
                [
                    783.936,
                    324
                ],
                [
                    763.0079999999999,
                    327.024
                ],
                [
                    686.976,
                    328.96799999999996
                ]
            ]
        },
        {
            "ID": "5",
            "CLASS": "페트병",
            "DETAILS": "무색단일",
            "DAMAGE": "원형",
            "DIRTINESS": "이물질(외부)",
            "COVER": "겹침",
            "TRANSPARENCY": "투명",
            "SHAPE": "물통형",
            "SHAPE_TYPE": "POLYGON",
            "POINTS": [
                [
                    513.024,
                    609.9839999999999
                ],
                [
                    510.91200000000003,
                    601.992
                ],
                [
                    510.91200000000003,
                    589.032
                ],
                [
                    513.984,
                    575.9639999999999
                ],
                [
                    522.048,
                    555.984
                ],
                [
                    524.928,
                    550.044
                ],
                [
                    536.064,
                    535.032
                ],
                [
                    547.968,
                    520.02
                ],
                [
                    557.952,
                    510.94800000000004
                ],
                [
                    562.9440000000001,
                    501.984
                ],
                [
                    561.024,
                    497.988
                ],
                [
                    552,
                    489.996
                ],
                [
                    551.04,
                    486.97200000000004
                ],
                [
                    550.0799999999999,
                    429.94800000000004
                ],
                [
                    551.04,
                    425.952
                ],
                [
                    555.072,
                    420.012
                ],
                [
                    561.984,
                    415.044
                ],
                [
                    567.936,
                    412.02
                ],
                [
                    571.008,
                    412.02
                ],
                [
                    574.0799999999999,
                    411.048
                ],
                [
                    591.936,
                    408.024
                ],
                [
                    619.008,
                    408.024
                ],
                [
                    624,
                    408.996
                ],
                [
                    627.072,
                    408.996
                ],
                [
                    634.944,
                    412.02
                ],
                [
                    641.088,
                    416.01599999999996
                ],
                [
                    643.968,
                    421.956
                ],
                [
                    646.08,
                    429.94800000000004
                ],
                [
                    646.08,
                    438.048
                ],
                [
                    648,
                    444.96
                ],
                [
                    648,
                    451.97999999999996
                ],
                [
                    649.9200000000001,
                    465.048
                ],
                [
                    652.9920000000001,
                    474.012
                ],
                [
                    652.9920000000001,
                    483.948
                ],
                [
                    649.9200000000001,
                    488.052
                ],
                [
                    643.968,
                    493.02000000000004
                ],
                [
                    643.968,
                    494.964
                ],
                [
                    657.024,
                    505.00800000000004
                ],
                [
                    662.976,
                    510.94800000000004
                ],
                [
                    672.9599999999999,
                    519.048
                ],
                [
                    686.016,
                    536.004
                ],
                [
                    689.088,
                    540.972
                ],
                [
                    691.008,
                    547.02
                ],
                [
                    702.9119999999999,
                    562.0319999999999
                ],
                [
                    708.096,
                    570.996
                ],
                [
                    710.976,
                    578.988
                ],
                [
                    713.088,
                    594.972
                ],
                [
                    713.088,
                    604.044
                ],
                [
                    711.936,
                    605.0160000000001
                ],
                [
                    696,
                    605.0160000000001
                ],
                [
                    677.952,
                    604.044
                ],
                [
                    667.968,
                    605.0160000000001
                ],
                [
                    634.944,
                    604.044
                ],
                [
                    619.9680000000001,
                    601.992
                ],
                [
                    564.096,
                    602.964
                ],
                [
                    551.04,
                    605.0160000000001
                ],
                [
                    543.936,
                    605.0160000000001
                ],
                [
                    518.016,
                    609.9839999999999
                ],
                [
                    513.024,
                    609.9839999999999
                ]
            ]
        },
        {
            "ID": "6",
            "CLASS": "페트병",
            "DETAILS": "무색단일",
            "DAMAGE": "찌그러짐",
            "DIRTINESS": "이물질(외부)",
            "COVER": "겹침",
            "TRANSPARENCY": "투명",
            "SHAPE": "물통형",
            "SHAPE_TYPE": "POLYGON",
            "POINTS": [
                [
                    1478.016,
                    660.96
                ],
                [
                    1463.04,
                    651.024
                ],
                [
                    1460.928,
                    645.948
                ],
                [
                    1454.976,
                    641.952
                ],
                [
                    1454.976,
                    639.0360000000001
                ],
                [
                    1444.9920000000002,
                    629.964
                ],
                [
                    1438.08,
                    628.9920000000001
                ],
                [
                    1431.9360000000001,
                    625.968
                ],
                [
                    1428.096,
                    621
                ],
                [
                    1420.0320000000002,
                    617.004
                ],
                [
                    1416,
                    617.004
                ],
                [
                    1401.0240000000001,
                    606.96
                ],
                [
                    1398.912,
                    601.992
                ],
                [
                    1382.016,
                    586.0079999999999
                ],
                [
                    1376.064,
                    582.9839999999999
                ],
                [
                    1353.024,
                    559.9799999999999
                ],
                [
                    1329.984,
                    540.972
                ],
                [
                    1328.0639999999999,
                    536.004
                ],
                [
                    1299.072,
                    513
                ],
                [
                    1290.048,
                    500.04
                ],
                [
                    1229.952,
                    450.036
                ],
                [
                    1225.9199999999998,
                    443.988
                ],
                [
                    1204.9920000000002,
                    424.98
                ],
                [
                    1203.0720000000001,
                    420.012
                ],
                [
                    1184.064,
                    402.948
                ],
                [
                    1181.952,
                    397.98
                ],
                [
                    1176,
                    393.98400000000004
                ],
                [
                    1152.96,
                    358.99199999999996
                ],
                [
                    1133.952,
                    305.964
                ],
                [
                    1126.08,
                    293.976
                ],
                [
                    1107.0720000000001,
                    281.988
                ],
                [
                    1088.0639999999999,
                    255.95999999999998
                ],
                [
                    1088.0639999999999,
                    236.95200000000003
                ],
                [
                    1117.056,
                    200.988
                ],
                [
                    1126.08,
                    195.048
                ],
                [
                    1132.032,
                    195.048
                ],
                [
                    1143.936,
                    204.012
                ],
                [
                    1148.928,
                    215.028
                ],
                [
                    1171.968,
                    238.032
                ],
                [
                    1184.064,
                    245.052
                ],
                [
                    1196.9279999999999,
                    258.98400000000004
                ],
                [
                    1214.976,
                    272.052
                ],
                [
                    1232.064,
                    289.008
                ],
                [
                    1232.064,
                    292.032
                ],
                [
                    1242.048,
                    303.048
                ],
                [
                    1258.944,
                    316.97999999999996
                ],
                [
                    1270.08,
                    331.02
                ],
                [
                    1300.992,
                    355.968
                ],
                [
                    1316.9279999999999,
                    371.952
                ],
                [
                    1347.0720000000001,
                    394.956
                ],
                [
                    1366.08,
                    413.964
                ],
                [
                    1409.088,
                    447.012
                ],
                [
                    1424.064,
                    462.99600000000004
                ],
                [
                    1449.0240000000001,
                    482.976
                ],
                [
                    1465.9199999999998,
                    506.952
                ],
                [
                    1486.08,
                    521.964
                ],
                [
                    1508.928,
                    528.984
                ],
                [
                    1530.048,
                    516.996
                ],
                [
                    1536,
                    509.976
                ],
                [
                    1539.072,
                    501.012
                ],
                [
                    1546.944,
                    494.964
                ],
                [
                    1555.0079999999998,
                    494.964
                ],
                [
                    1556.9279999999999,
                    501.012
                ],
                [
                    1578.048,
                    529.956
                ],
                [
                    1582.08,
                    547.992
                ],
                [
                    1585.9199999999998,
                    555.0120000000001
                ],
                [
                    1584,
                    570.024
                ],
                [
                    1578.048,
                    578.988
                ],
                [
                    1578.048,
                    587.952
                ],
                [
                    1559.0400000000002,
                    610.956
                ],
                [
                    1527.936,
                    636.012
                ],
                [
                    1523.904,
                    641.952
                ],
                [
                    1507.008,
                    655.0200000000001
                ],
                [
                    1489.92,
                    660.96
                ],
                [
                    1478.016,
                    660.96
                ]
            ]
        }
    ]
}