{
    "IMAGE_INFO": {
        "FILE_NAME": "1001029@0_03001_220913_P1_T3__0650.jpg",
        "DATE": "2022-11-01 04:20:42",
        "RESOLUTION": "1920 x 1080",
        "IMAGE_PHOTOGRAPHER": "김보배",
        "FOCUS_DISTANCE": "7.1",
        "EXPOSURE_TIME": "1/400",
        "SENSITIVITY_ISO": "5000",
        "PLACE": "삼오자원",
        "REGION_NAME": null,
        "Direction": "0",
        "HEIGHT": "100",
        "DAY/NIGHT": "주간",
        "WEATHER": "맑음",
        "IMAGE_HEIGHT": 1080,
        "IMAGE_WIDTH": 1920,
        "IMAGE_SIZE": "588.6 KB"
    },
    "ANNOTATION_INFO": [
        {
            "ID": "1",
            "CLASS": "페트병",
            "DETAILS": "무색단일",
            "DAMAGE": "완전압착",
            "DIRTINESS": "오염없음",
            "COVER": "없음",
            "TRANSPARENCY": "투명",
            "SHAPE": "기타 형태",
            "SHAPE_TYPE": "POLYGON",
            "POINTS": [
                [
                    334.08,
                    1080
                ],
                [
                    332.928,
                    1072.008
                ],
                [
                    324.096,
                    1060.02
                ],
                [
                    307.008,
                    1015.956
                ],
                [
                    297.98400000000004,
                    1002.024
                ],
                [
                    282.048,
                    961.956
                ],
                [
                    279.93600000000004,
                    960.0120000000001
                ],
                [
                    273.024,
                    959.04
                ],
                [
                    264.96000000000004,
                    961.956
                ],
                [
                    254.976,
                    961.956
                ],
                [
                    253.056,
                    960.0120000000001
                ],
                [
                    252.096,
                    949.9680000000001
                ],
                [
                    245.952,
                    941.976
                ],
                [
                    235.00799999999998,
                    937.98
                ],
                [
                    210.048,
                    937.008
                ],
                [
                    206.01600000000002,
                    933.0120000000001
                ],
                [
                    203.904,
                    925.0200000000001
                ],
                [
                    203.904,
                    895.968
                ],
                [
                    206.976,
                    883.98
                ],
                [
                    211.00799999999998,
                    876.96
                ],
                [
                    216.96,
                    853.9559999999999
                ],
                [
                    227.904,
                    825.984
                ],
                [
                    238.07999999999998,
                    809.028
                ],
                [
                    240,
                    809.028
                ],
                [
                    244.992,
                    803.952
                ],
                [
                    248.06400000000002,
                    768.9599999999999
                ],
                [
                    253.056,
                    755.028
                ],
                [
                    279.93600000000004,
                    709.02
                ],
                [
                    297.98400000000004,
                    686.016
                ],
                [
                    316.032,
                    671.976
                ],
                [
                    329.08799999999997,
                    667.008
                ],
                [
                    334.08,
                    670.0319999999999
                ],
                [
                    341.952,
                    675.972
                ],
                [
                    368.064,
                    686.016
                ],
                [
                    372.096,
                    690.0120000000001
                ],
                [
                    375.936,
                    698.004
                ],
                [
                    380.928,
                    729.972
                ],
                [
                    398.016,
                    780.948
                ],
                [
                    417.024,
                    817.02
                ],
                [
                    428.928,
                    853.9559999999999
                ],
                [
                    432.96000000000004,
                    860.004
                ],
                [
                    442.94399999999996,
                    887.004
                ],
                [
                    444.096,
                    906.984
                ],
                [
                    438.912,
                    929.016
                ],
                [
                    436.992,
                    960.984
                ],
                [
                    433.92,
                    965.952
                ],
                [
                    432.96000000000004,
                    978.048
                ],
                [
                    423.936,
                    1007.964
                ],
                [
                    422.976,
                    1018.98
                ],
                [
                    407.03999999999996,
                    1053
                ],
                [
                    385.92,
                    1080
                ],
                [
                    334.08,
                    1080
                ]
            ]
        },
        {
            "ID": "2",
            "CLASS": "페트병",
            "DETAILS": "무색단일",
            "DAMAGE": "찌그러짐",
            "DIRTINESS": "오염없음",
            "COVER": "없음",
            "TRANSPARENCY": "투명",
            "SHAPE": "물통형",
            "SHAPE_TYPE": "POLYGON",
            "POINTS": [
                [
                    601.92,
                    536.004
                ],
                [
                    595.008,
                    535.032
                ],
                [
                    591.936,
                    532.0079999999999
                ],
                [
                    590.976,
                    527.04
                ],
                [
                    588.096,
                    486.97200000000004
                ],
                [
                    591.936,
                    477.036
                ],
                [
                    590.976,
                    465.048
                ],
                [
                    580.992,
                    454.032
                ],
                [
                    567.936,
                    446.03999999999996
                ],
                [
                    547.0079999999999,
                    428.976
                ],
                [
                    519.9359999999999,
                    401.004
                ],
                [
                    518.016,
                    393.012
                ],
                [
                    514.944,
                    388.044
                ],
                [
                    499.00800000000004,
                    370.00800000000004
                ],
                [
                    491.904,
                    354.024
                ],
                [
                    484.99199999999996,
                    305.964
                ],
                [
                    484.99199999999996,
                    257.03999999999996
                ],
                [
                    484.032,
                    250.992
                ],
                [
                    479.04,
                    239.976
                ],
                [
                    478.08,
                    231.012
                ],
                [
                    475.00800000000004,
                    181.008
                ],
                [
                    474.048,
                    95.03999999999999
                ],
                [
                    470.01599999999996,
                    45.036
                ],
                [
                    470.976,
                    8.964
                ],
                [
                    466.944,
                    0
                ],
                [
                    738.048,
                    0
                ],
                [
                    748.032,
                    45.036
                ],
                [
                    750.912,
                    93.96
                ],
                [
                    748.992,
                    108
                ],
                [
                    752.064,
                    131.00400000000002
                ],
                [
                    752.064,
                    158.976
                ],
                [
                    754.944,
                    173.01600000000002
                ],
                [
                    755.904,
                    226.044
                ],
                [
                    762.048,
                    267.948
                ],
                [
                    762.048,
                    309.96
                ],
                [
                    759.9359999999999,
                    336.96
                ],
                [
                    753.024,
                    358.99199999999996
                ],
                [
                    744,
                    378.972
                ],
                [
                    726.912,
                    407.052
                ],
                [
                    694.0799999999999,
                    443.016
                ],
                [
                    682.9440000000001,
                    451.97999999999996
                ],
                [
                    678.912,
                    458.02799999999996
                ],
                [
                    678.912,
                    470.988
                ],
                [
                    682.9440000000001,
                    477.036
                ],
                [
                    682.9440000000001,
                    497.016
                ],
                [
                    686.016,
                    510.94800000000004
                ],
                [
                    686.016,
                    521.964
                ],
                [
                    682.9440000000001,
                    528.984
                ],
                [
                    672.9599999999999,
                    532.0079999999999
                ],
                [
                    647.0400000000001,
                    535.032
                ],
                [
                    601.92,
                    536.004
                ]
            ]
        }
    ]
}