{
    "IMAGE_INFO": {
        "FILE_NAME": "1001385@0_03001_220906_P1_T3__1856.jpg",
        "DATE": "2022-10-21 15:38:38",
        "RESOLUTION": "1920 x 1080",
        "IMAGE_PHOTOGRAPHER": "이지은",
        "FOCUS_DISTANCE": "5.6",
        "EXPOSURE_TIME": "1/400",
        "SENSITIVITY_ISO": "12800",
        "PLACE": "삼오자원",
        "REGION_NAME": null,
        "Direction": "0",
        "HEIGHT": "100",
        "DAY/NIGHT": "주간",
        "WEATHER": "맑음",
        "IMAGE_HEIGHT": 1080,
        "IMAGE_WIDTH": 1920,
        "IMAGE_SIZE": "561.8 KB"
    },
    "ANNOTATION_INFO": [
        {
            "ID": "1",
            "CLASS": "페트병",
            "DETAILS": "무색단일",
            "DAMAGE": "원형",
            "DIRTINESS": "이물질(외부)",
            "COVER": "없음",
            "TRANSPARENCY": "투명",
            "SHAPE": "물통형",
            "SHAPE_TYPE": "POLYGON",
            "POINTS": [
                [
                    239.04,
                    782.028
                ],
                [
                    231.936,
                    774.0360000000001
                ],
                [
                    230.01600000000002,
                    767.0160000000001
                ],
                [
                    226.944,
                    764.964
                ],
                [
                    225.984,
                    756.972
                ],
                [
                    216.96,
                    748.98
                ],
                [
                    211.968,
                    736.992
                ],
                [
                    211.968,
                    732.996
                ],
                [
                    216,
                    729
                ],
                [
                    210.048,
                    709.992
                ],
                [
                    191.04000000000002,
                    694.0079999999999
                ],
                [
                    168,
                    667.008
                ],
                [
                    145.92,
                    627.048
                ],
                [
                    133.056,
                    585.036
                ],
                [
                    126.912,
                    574.02
                ],
                [
                    113.08800000000001,
                    532.0079999999999
                ],
                [
                    96,
                    493.02000000000004
                ],
                [
                    85.056,
                    481.03200000000004
                ],
                [
                    80.06400000000001,
                    456.948
                ],
                [
                    81.024,
                    443.988
                ],
                [
                    86.976,
                    436.968
                ],
                [
                    95.04,
                    432
                ],
                [
                    124.992,
                    416.988
                ],
                [
                    147.072,
                    408.996
                ],
                [
                    178.94400000000002,
                    400.032
                ],
                [
                    197.952,
                    400.032
                ],
                [
                    202.94400000000002,
                    401.976
                ],
                [
                    206.976,
                    405.97200000000004
                ],
                [
                    209.088,
                    413.964
                ],
                [
                    215.04,
                    421.956
                ],
                [
                    224.064,
                    448.956
                ],
                [
                    230.01600000000002,
                    458.02799999999996
                ],
                [
                    263.04,
                    543.9960000000001
                ],
                [
                    283.008,
                    589.032
                ],
                [
                    294.912,
                    639.0360000000001
                ],
                [
                    296.064,
                    687.96
                ],
                [
                    297.98400000000004,
                    694.0079999999999
                ],
                [
                    301.056,
                    697.0319999999999
                ],
                [
                    306.048,
                    698.004
                ],
                [
                    310.08,
                    702.972
                ],
                [
                    312,
                    713.988
                ],
                [
                    311.04,
                    729.972
                ],
                [
                    316.992,
                    747.036
                ],
                [
                    316.992,
                    752.976
                ],
                [
                    307.96799999999996,
                    759.996
                ],
                [
                    298.944,
                    760.968
                ],
                [
                    292.03200000000004,
                    764.964
                ],
                [
                    283.968,
                    766.0440000000001
                ],
                [
                    279.93600000000004,
                    770.04
                ],
                [
                    273.024,
                    771.012
                ],
                [
                    241.92000000000002,
                    782.028
                ],
                [
                    239.04,
                    782.028
                ]
            ]
        },
        {
            "ID": "2",
            "CLASS": "페트병",
            "DETAILS": "무색단일",
            "DAMAGE": "찌그러짐",
            "DIRTINESS": "오염없음",
            "COVER": "겹침",
            "TRANSPARENCY": "투명",
            "SHAPE": "기타 형태",
            "SHAPE_TYPE": "POLYGON",
            "POINTS": [
                [
                    557.952,
                    964.0079999999999
                ],
                [
                    555.072,
                    898.9920000000001
                ],
                [
                    552,
                    790.9920000000001
                ],
                [
                    561.024,
                    725.004
                ],
                [
                    593.088,
                    651.024
                ],
                [
                    639.9359999999999,
                    629.964
                ],
                [
                    705.024,
                    617.004
                ],
                [
                    731.904,
                    624.024
                ],
                [
                    752.064,
                    641.952
                ],
                [
                    774.912,
                    678.9960000000001
                ],
                [
                    851.904,
                    782.028
                ],
                [
                    878.976,
                    817.992
                ],
                [
                    878.016,
                    897.048
                ],
                [
                    882.048,
                    898.9920000000001
                ],
                [
                    883.968,
                    903.9599999999999
                ],
                [
                    868.992,
                    910.008
                ],
                [
                    825.024,
                    928.044
                ],
                [
                    705.024,
                    960.984
                ],
                [
                    610.944,
                    976.968
                ],
                [
                    576,
                    974.052
                ]
            ]
        }
    ]
}