{
    "IMAGE_INFO": {
        "FILE_NAME": "1001051@0_03001_220913_P1_T3__0631.jpg",
        "DATE": "2022-11-01 04:20:41",
        "RESOLUTION": "1920 x 1080",
        "IMAGE_PHOTOGRAPHER": "김보배",
        "FOCUS_DISTANCE": "7.1",
        "EXPOSURE_TIME": "1/400",
        "SENSITIVITY_ISO": "5000",
        "PLACE": "삼오자원",
        "REGION_NAME": null,
        "Direction": "0",
        "HEIGHT": "100",
        "DAY/NIGHT": "주간",
        "WEATHER": "맑음",
        "IMAGE_HEIGHT": 1080,
        "IMAGE_WIDTH": 1920,
        "IMAGE_SIZE": "654.6 KB"
    },
    "ANNOTATION_INFO": [
        {
            "ID": "1",
            "CLASS": "페트병",
            "DETAILS": "무색단일",
            "DAMAGE": "원형",
            "DIRTINESS": "이물질(전체)",
            "COVER": "없음",
            "TRANSPARENCY": "투명",
            "SHAPE": "물통형",
            "SHAPE_TYPE": "POLYGON",
            "POINTS": [
                [
                    619.9680000000001,
                    829.0079999999999
                ],
                [
                    609.024,
                    825.984
                ],
                [
                    601.92,
                    822.96
                ],
                [
                    576.96,
                    803.952
                ],
                [
                    562.9440000000001,
                    790.0200000000001
                ],
                [
                    537.984,
                    755.028
                ],
                [
                    528.96,
                    745.956
                ],
                [
                    513.024,
                    705.996
                ],
                [
                    513.024,
                    686.9879999999999
                ],
                [
                    514.944,
                    679.9680000000001
                ],
                [
                    528.96,
                    659.9879999999999
                ],
                [
                    552,
                    637.956
                ],
                [
                    652.032,
                    564.948
                ],
                [
                    672.9599999999999,
                    543.024
                ],
                [
                    729.9839999999999,
                    501.012
                ],
                [
                    737.0880000000001,
                    492.048
                ],
                [
                    762.048,
                    471.96
                ],
                [
                    772.9920000000001,
                    458.02799999999996
                ],
                [
                    816.96,
                    419.04
                ],
                [
                    849.024,
                    404.02799999999996
                ],
                [
                    858.048,
                    402.948
                ],
                [
                    867.072,
                    397.008
                ],
                [
                    875.904,
                    396.036
                ],
                [
                    879.9359999999999,
                    392.03999999999996
                ],
                [
                    896.064,
                    389.016
                ],
                [
                    902.976,
                    384.048
                ],
                [
                    910.0799999999999,
                    381.99600000000004
                ],
                [
                    931.008,
                    378.972
                ],
                [
                    937.92,
                    374.976
                ],
                [
                    960,
                    371.952
                ],
                [
                    994.944,
                    357.048
                ],
                [
                    1019.904,
                    342.036
                ],
                [
                    1036.032,
                    326.052
                ],
                [
                    1036.032,
                    317.952
                ],
                [
                    1045.056,
                    311.03999999999996
                ],
                [
                    1051.968,
                    308.988
                ],
                [
                    1060.992,
                    299.05199999999996
                ],
                [
                    1084.032,
                    281.988
                ],
                [
                    1088.0639999999999,
                    281.01599999999996
                ],
                [
                    1093.056,
                    281.988
                ],
                [
                    1104,
                    297.972
                ],
                [
                    1137.984,
                    332.964
                ],
                [
                    1142.976,
                    339.98400000000004
                ],
                [
                    1142.976,
                    347.00399999999996
                ],
                [
                    1133.952,
                    354.996
                ],
                [
                    1128.96,
                    363.96000000000004
                ],
                [
                    1104,
                    384.048
                ],
                [
                    1097.088,
                    389.016
                ],
                [
                    1088.0639999999999,
                    390.96
                ],
                [
                    1076.9279999999999,
                    398.952
                ],
                [
                    1049.088,
                    431.028
                ],
                [
                    1031.04,
                    459.972
                ],
                [
                    1019.904,
                    490.968
                ],
                [
                    1012.992,
                    501.012
                ],
                [
                    997.0559999999999,
                    540.972
                ],
                [
                    989.9519999999999,
                    551.9879999999999
                ],
                [
                    975.9359999999999,
                    564.948
                ],
                [
                    963.0720000000001,
                    583.9559999999999
                ],
                [
                    949.056,
                    596.0519999999999
                ],
                [
                    944.0640000000001,
                    597.024
                ],
                [
                    918.912,
                    621
                ],
                [
                    893.952,
                    635.04
                ],
                [
                    836.928,
                    675
                ],
                [
                    819.072,
                    695.952
                ],
                [
                    754.944,
                    749.952
                ],
                [
                    715.9680000000001,
                    776.952
                ],
                [
                    706.9440000000001,
                    789.048
                ],
                [
                    680.0640000000001,
                    806.976
                ],
                [
                    641.088,
                    828.0360000000001
                ],
                [
                    619.9680000000001,
                    829.0079999999999
                ]
            ]
        },
        {
            "ID": "2",
            "CLASS": "페트병",
            "DETAILS": "무색단일",
            "DAMAGE": "원형",
            "DIRTINESS": "이물질(외부)",
            "COVER": "없음",
            "TRANSPARENCY": "투명",
            "SHAPE": "물통형",
            "SHAPE_TYPE": "POLYGON",
            "POINTS": [
                [
                    1620.096,
                    837.972
                ],
                [
                    1608,
                    836.028
                ],
                [
                    1582.08,
                    828.0360000000001
                ],
                [
                    1570.944,
                    826.956
                ],
                [
                    1559.0400000000002,
                    821.016
                ],
                [
                    1559.0400000000002,
                    816.048
                ],
                [
                    1544.064,
                    816.048
                ],
                [
                    1532.9279999999999,
                    824.04
                ],
                [
                    1512.96,
                    833.004
                ],
                [
                    1501.056,
                    836.028
                ],
                [
                    1465.9199999999998,
                    837
                ],
                [
                    1449.984,
                    834.948
                ],
                [
                    1402.944,
                    822.96
                ],
                [
                    1378.944,
                    813.9960000000001
                ],
                [
                    1372.032,
                    813.024
                ],
                [
                    1353.9840000000002,
                    803.952
                ],
                [
                    1334.0159999999998,
                    799.956
                ],
                [
                    1316.9279999999999,
                    794.016
                ],
                [
                    1294.0800000000002,
                    783
                ],
                [
                    1278.912,
                    768.9599999999999
                ],
                [
                    1270.08,
                    767.9879999999999
                ],
                [
                    1261.056,
                    770.04
                ],
                [
                    1252.032,
                    768.9599999999999
                ],
                [
                    1224.96,
                    756.972
                ],
                [
                    1211.904,
                    755.028
                ],
                [
                    1194.048,
                    748.008
                ],
                [
                    1166.976,
                    740.988
                ],
                [
                    1123.008,
                    724.032
                ],
                [
                    1083.0720000000001,
                    713.988
                ],
                [
                    1065.024,
                    705.024
                ],
                [
                    1054.0800000000002,
                    702.972
                ],
                [
                    1045.056,
                    698.004
                ],
                [
                    1036.032,
                    689.04
                ],
                [
                    1036.032,
                    678.024
                ],
                [
                    1045.056,
                    639.0360000000001
                ],
                [
                    1045.056,
                    617.976
                ],
                [
                    1049.088,
                    609.012
                ],
                [
                    1049.088,
                    598.968
                ],
                [
                    1062.912,
                    575.9639999999999
                ],
                [
                    1069.056,
                    537.948
                ],
                [
                    1080,
                    528.984
                ],
                [
                    1091.904,
                    524.9879999999999
                ],
                [
                    1113.9840000000002,
                    525.96
                ],
                [
                    1118.016,
                    529.956
                ],
                [
                    1142.976,
                    533.952
                ],
                [
                    1162.944,
                    540
                ],
                [
                    1190.016,
                    551.016
                ],
                [
                    1214.0159999999998,
                    558.0360000000001
                ],
                [
                    1223.04,
                    559.0079999999999
                ],
                [
                    1261.056,
                    574.992
                ],
                [
                    1314.048,
                    589.032
                ],
                [
                    1320.9599999999998,
                    591.948
                ],
                [
                    1323.0720000000001,
                    596.0519999999999
                ],
                [
                    1331.904,
                    601.992
                ],
                [
                    1353.9840000000002,
                    601.992
                ],
                [
                    1373.952,
                    605.988
                ],
                [
                    1415.04,
                    621.972
                ],
                [
                    1430.016,
                    624.996
                ],
                [
                    1454.976,
                    632.9879999999999
                ],
                [
                    1488,
                    648
                ],
                [
                    1503.936,
                    651.996
                ],
                [
                    1521.984,
                    659.016
                ],
                [
                    1544.064,
                    675
                ],
                [
                    1555.0079999999998,
                    686.016
                ],
                [
                    1570.944,
                    716.0400000000001
                ],
                [
                    1574.976,
                    729.972
                ],
                [
                    1584,
                    735.048
                ],
                [
                    1590.912,
                    732.024
                ],
                [
                    1602.048,
                    733.968
                ],
                [
                    1622.016,
                    743.04
                ],
                [
                    1649.088,
                    752.004
                ],
                [
                    1660.0320000000002,
                    759.996
                ],
                [
                    1660.0320000000002,
                    771.984
                ],
                [
                    1651.008,
                    807.948
                ],
                [
                    1632.96,
                    837
                ],
                [
                    1620.096,
                    837.972
                ]
            ]
        }
    ]
}