{
    "IMAGE_INFO": {
        "FILE_NAME": "1001091@0_03001_220913_P1_T3__0550.jpg",
        "DATE": "2022-11-01 04:20:39",
        "RESOLUTION": "1920 x 1080",
        "IMAGE_PHOTOGRAPHER": "김보배",
        "FOCUS_DISTANCE": "7.1",
        "EXPOSURE_TIME": "1/400",
        "SENSITIVITY_ISO": "5000",
        "PLACE": "삼오자원",
        "REGION_NAME": null,
        "Direction": "0",
        "HEIGHT": "100",
        "DAY/NIGHT": "주간",
        "WEATHER": "맑음",
        "IMAGE_HEIGHT": 1080,
        "IMAGE_WIDTH": 1920,
        "IMAGE_SIZE": "590.3 KB"
    },
    "ANNOTATION_INFO": [
        {
            "ID": "1",
            "CLASS": "페트병",
            "DETAILS": "무색단일",
            "DAMAGE": "찌그러짐",
            "DIRTINESS": "오염없음",
            "COVER": "없음",
            "TRANSPARENCY": "투명",
            "SHAPE": "물통형",
            "SHAPE_TYPE": "POLYGON",
            "POINTS": [
                [
                    1685.952,
                    589.032
                ],
                [
                    1656.96,
                    582.9839999999999
                ],
                [
                    1643.904,
                    574.992
                ],
                [
                    1626.048,
                    547.992
                ],
                [
                    1625.0880000000002,
                    540
                ],
                [
                    1617.024,
                    528.984
                ],
                [
                    1613.952,
                    512.028
                ],
                [
                    1617.024,
                    474.012
                ],
                [
                    1625.0880000000002,
                    459
                ],
                [
                    1636.992,
                    443.988
                ],
                [
                    1654.0800000000002,
                    434.05199999999996
                ],
                [
                    1675.0079999999998,
                    428.00399999999996
                ],
                [
                    1693.056,
                    420.012
                ],
                [
                    1723.968,
                    413.964
                ],
                [
                    1756.992,
                    412.992
                ],
                [
                    1799.0400000000002,
                    394.956
                ],
                [
                    1824,
                    390.96
                ],
                [
                    1846.08,
                    384.048
                ],
                [
                    1863.936,
                    381.99600000000004
                ],
                [
                    1880.0639999999999,
                    375.94800000000004
                ],
                [
                    1920,
                    371.952
                ],
                [
                    1920,
                    540.972
                ],
                [
                    1891.008,
                    542.052
                ],
                [
                    1862.016,
                    556.956
                ],
                [
                    1819.008,
                    567
                ],
                [
                    1808.0639999999999,
                    573.048
                ],
                [
                    1761.984,
                    586.98
                ],
                [
                    1743.936,
                    589.032
                ]
            ]
        },
        {
            "ID": "2",
            "CLASS": "페트병",
            "DETAILS": "무색단일",
            "DAMAGE": "찌그러짐",
            "DIRTINESS": "이물질(외부)",
            "COVER": "없음",
            "TRANSPARENCY": "투명",
            "SHAPE": "물통형",
            "SHAPE_TYPE": "POLYGON",
            "POINTS": [
                [
                    495.9359999999999,
                    350.028
                ],
                [
                    480.96,
                    347.976
                ],
                [
                    459.072,
                    338.04
                ],
                [
                    418.944,
                    315.036
                ],
                [
                    412.03200000000004,
                    313.956
                ],
                [
                    401.088,
                    313.956
                ],
                [
                    397.05600000000004,
                    316.00800000000004
                ],
                [
                    394.94399999999996,
                    324
                ],
                [
                    388.992,
                    328.96799999999996
                ],
                [
                    370.944,
                    334.04400000000004
                ],
                [
                    359.04,
                    335.01599999999996
                ],
                [
                    351.936,
                    338.04
                ],
                [
                    341.952,
                    338.04
                ],
                [
                    331.008,
                    334.04400000000004
                ],
                [
                    312,
                    308.988
                ],
                [
                    305.088,
                    293.976
                ],
                [
                    305.088,
                    277.992
                ],
                [
                    308.928,
                    270
                ],
                [
                    317.952,
                    265.032
                ],
                [
                    324.096,
                    255.95999999999998
                ],
                [
                    336.96,
                    249.048
                ],
                [
                    339.072,
                    245.052
                ],
                [
                    347.904,
                    240.94799999999998
                ],
                [
                    350.01599999999996,
                    231.98399999999998
                ],
                [
                    354.048,
                    228.95999999999998
                ],
                [
                    351.936,
                    204.012
                ],
                [
                    355.968,
                    155.952
                ],
                [
                    364.99199999999996,
                    142.02
                ],
                [
                    369.024,
                    139.968
                ],
                [
                    385.92,
                    118.044
                ],
                [
                    408,
                    96.012
                ],
                [
                    413.952,
                    91.044
                ],
                [
                    444.096,
                    74.952
                ],
                [
                    452.928,
                    73.98
                ],
                [
                    470.01599999999996,
                    65.01599999999999
                ],
                [
                    486.912,
                    50.976
                ],
                [
                    502.08000000000004,
                    42.984
                ],
                [
                    536.064,
                    14.04
                ],
                [
                    542.976,
                    4.968
                ],
                [
                    542.976,
                    0
                ],
                [
                    826.9440000000001,
                    0
                ],
                [
                    841.92,
                    14.04
                ],
                [
                    869.952,
                    51.94799999999999
                ],
                [
                    872.064,
                    74.952
                ],
                [
                    889.9200000000001,
                    110.052
                ],
                [
                    881.088,
                    173.988
                ],
                [
                    875.904,
                    196.99200000000002
                ],
                [
                    873.024,
                    216.972
                ],
                [
                    877.0559999999999,
                    228.95999999999998
                ],
                [
                    865.9200000000001,
                    240.94799999999998
                ],
                [
                    865.9200000000001,
                    245.052
                ],
                [
                    857.0880000000001,
                    250.02
                ],
                [
                    822.9119999999999,
                    247.968
                ],
                [
                    782.016,
                    231.98399999999998
                ],
                [
                    773.952,
                    231.98399999999998
                ],
                [
                    738.048,
                    249.048
                ],
                [
                    715.9680000000001,
                    255.95999999999998
                ],
                [
                    686.016,
                    273.024
                ],
                [
                    677.952,
                    274.968
                ],
                [
                    667.968,
                    274.968
                ],
                [
                    657.984,
                    277.992
                ],
                [
                    643.0079999999999,
                    281.01599999999996
                ],
                [
                    625.9200000000001,
                    286.956
                ],
                [
                    608.064,
                    293.976
                ],
                [
                    594.048,
                    296.028
                ],
                [
                    580.992,
                    320.976
                ],
                [
                    557.952,
                    339.98400000000004
                ],
                [
                    537.984,
                    348.948
                ]
            ]
        },
        {
            "ID": "3",
            "CLASS": "페트병",
            "DETAILS": "무색단일",
            "DAMAGE": "찌그러짐",
            "DIRTINESS": "오염없음",
            "COVER": "겹침",
            "TRANSPARENCY": "투명",
            "SHAPE": "물통형",
            "SHAPE_TYPE": "POLYGON",
            "POINTS": [
                [
                    1008.9599999999999,
                    413.964
                ],
                [
                    1002.048,
                    412.02
                ],
                [
                    997.0559999999999,
                    401.004
                ],
                [
                    997.0559999999999,
                    393.98400000000004
                ],
                [
                    992.0640000000001,
                    377.028
                ],
                [
                    992.0640000000001,
                    354.024
                ],
                [
                    988.992,
                    351.97200000000004
                ],
                [
                    985.92,
                    343.98
                ],
                [
                    974.016,
                    331.992
                ],
                [
                    955.9680000000001,
                    326.052
                ],
                [
                    942.9119999999999,
                    315.036
                ],
                [
                    931.008,
                    311.03999999999996
                ],
                [
                    901.056,
                    289.008
                ],
                [
                    896.064,
                    282.96000000000004
                ],
                [
                    881.088,
                    254.016
                ],
                [
                    879.9359999999999,
                    240.94799999999998
                ],
                [
                    874.944,
                    231.012
                ],
                [
                    877.0559999999999,
                    222.048
                ],
                [
                    873.024,
                    209.952
                ],
                [
                    884.928,
                    150.012
                ],
                [
                    888,
                    104.00399999999999
                ],
                [
                    878.016,
                    83.05199999999999
                ],
                [
                    878.016,
                    77.976
                ],
                [
                    869.952,
                    56.052
                ],
                [
                    863.04,
                    42.01199999999999
                ],
                [
                    864.96,
                    26.028
                ],
                [
                    869.952,
                    16.956
                ],
                [
                    869.952,
                    3.996
                ],
                [
                    872.064,
                    0
                ],
                [
                    1281.984,
                    0
                ],
                [
                    1276.992,
                    16.956
                ],
                [
                    1259.904,
                    50.004
                ],
                [
                    1257.024,
                    96.012
                ],
                [
                    1252.992,
                    104.00399999999999
                ],
                [
                    1252.032,
                    124.956
                ],
                [
                    1248,
                    131.976
                ],
                [
                    1243.968,
                    162
                ],
                [
                    1239.9360000000001,
                    166.968
                ],
                [
                    1238.9759999999999,
                    177.012
                ],
                [
                    1233.9840000000002,
                    188.028
                ],
                [
                    1217.088,
                    216
                ],
                [
                    1195.968,
                    245.052
                ],
                [
                    1176.96,
                    261.036
                ],
                [
                    1126.08,
                    312.984
                ],
                [
                    1123.008,
                    321.948
                ],
                [
                    1119.9360000000001,
                    347.976
                ],
                [
                    1114.944,
                    357.048
                ],
                [
                    1109.952,
                    378
                ],
                [
                    1103.04,
                    386.964
                ],
                [
                    1080,
                    400.032
                ],
                [
                    1065.024,
                    404.02799999999996
                ],
                [
                    1046.976,
                    405
                ],
                [
                    1025.0880000000002,
                    412.992
                ],
                [
                    1008.9599999999999,
                    413.964
                ]
            ]
        },
        {
            "ID": "4",
            "CLASS": "페트병",
            "DETAILS": "무색단일",
            "DAMAGE": "찌그러짐",
            "DIRTINESS": "오염없음",
            "COVER": "없음",
            "TRANSPARENCY": "투명",
            "SHAPE": "물통형",
            "SHAPE_TYPE": "POLYGON",
            "POINTS": [
                [
                    176.06400000000002,
                    1080
                ],
                [
                    169.92,
                    1036.044
                ],
                [
                    172.032,
                    1026
                ],
                [
                    182.016,
                    1011.96
                ],
                [
                    183.93599999999998,
                    999.972
                ],
                [
                    215.04,
                    937.008
                ],
                [
                    267.072,
                    836.028
                ],
                [
                    321.984,
                    720.036
                ],
                [
                    337.91999999999996,
                    698.004
                ],
                [
                    340.03200000000004,
                    683.9639999999999
                ],
                [
                    351.936,
                    666.0360000000001
                ],
                [
                    361.92,
                    656.9639999999999
                ],
                [
                    378.048,
                    650.052
                ],
                [
                    398.976,
                    650.052
                ],
                [
                    411.072,
                    651.996
                ],
                [
                    437.952,
                    662.04
                ],
                [
                    498.04800000000006,
                    693.0360000000001
                ],
                [
                    518.016,
                    710.9639999999999
                ],
                [
                    522.048,
                    725.976
                ],
                [
                    507.072,
                    759.996
                ],
                [
                    500.92800000000005,
                    782.028
                ],
                [
                    491.904,
                    798.0120000000001
                ],
                [
                    422.976,
                    961.956
                ],
                [
                    398.016,
                    999
                ],
                [
                    393.984,
                    1006.02
                ],
                [
                    389.952,
                    1010.0160000000001
                ],
                [
                    364.032,
                    1046.952
                ],
                [
                    355.968,
                    1061.964
                ],
                [
                    351.936,
                    1068.012
                ],
                [
                    340.992,
                    1080
                ]
            ]
        }
    ]
}