{
    "IMAGE_INFO": {
        "FILE_NAME": "1001139@0_03001_220913_P1_T3__0664.jpg",
        "DATE": "2022-11-01 04:20:43",
        "RESOLUTION": "1920 x 1080",
        "IMAGE_PHOTOGRAPHER": "김보배",
        "FOCUS_DISTANCE": "7.1",
        "EXPOSURE_TIME": "1/400",
        "SENSITIVITY_ISO": "5000",
        "PLACE": "삼오자원",
        "REGION_NAME": null,
        "Direction": "0",
        "HEIGHT": "100",
        "DAY/NIGHT": "주간",
        "WEATHER": "맑음",
        "IMAGE_HEIGHT": 1080,
        "IMAGE_WIDTH": 1920,
        "IMAGE_SIZE": "689.4 KB"
    },
    "ANNOTATION_INFO": [
        {
            "ID": "1",
            "CLASS": "페트병",
            "DETAILS": "무색단일",
            "DAMAGE": "찌그러짐",
            "DIRTINESS": "오염없음",
            "COVER": "겹침",
            "TRANSPARENCY": "투명",
            "SHAPE": "물통형",
            "SHAPE_TYPE": "POLYGON",
            "POINTS": [
                [
                    48.959999999999994,
                    1080
                ],
                [
                    58.944,
                    1069.9560000000001
                ],
                [
                    66.048,
                    1056.0240000000001
                ],
                [
                    73.92,
                    1052.028
                ],
                [
                    73.92,
                    1029.996
                ],
                [
                    81.024,
                    1019.952
                ],
                [
                    81.024,
                    992.952
                ],
                [
                    87.936,
                    960.984
                ],
                [
                    96,
                    941.0039999999999
                ],
                [
                    97.91999999999999,
                    921.024
                ],
                [
                    108.096,
                    891
                ],
                [
                    128.064,
                    860.976
                ],
                [
                    152.06400000000002,
                    833.976
                ],
                [
                    172.032,
                    817.992
                ],
                [
                    250.94400000000002,
                    737.964
                ],
                [
                    282.048,
                    709.992
                ],
                [
                    312,
                    690.0120000000001
                ],
                [
                    318.912,
                    679.9680000000001
                ],
                [
                    318.912,
                    672.948
                ],
                [
                    326.976,
                    659.016
                ],
                [
                    350.976,
                    624.996
                ],
                [
                    380.928,
                    597.024
                ],
                [
                    383.04,
                    590.976
                ],
                [
                    414.912,
                    559.0079999999999
                ],
                [
                    432,
                    552.96
                ],
                [
                    445.05600000000004,
                    544.9680000000001
                ],
                [
                    454.08,
                    523.044
                ],
                [
                    464.064,
                    513.972
                ],
                [
                    480.96,
                    505.98
                ],
                [
                    523.0079999999999,
                    470.01599999999996
                ],
                [
                    537.984,
                    462.024
                ],
                [
                    542.976,
                    450.036
                ],
                [
                    560.0640000000001,
                    435.996
                ],
                [
                    566.976,
                    425.952
                ],
                [
                    591.936,
                    409.968
                ],
                [
                    601.92,
                    408.024
                ],
                [
                    606.912,
                    404.02799999999996
                ],
                [
                    625.9200000000001,
                    400.032
                ],
                [
                    643.968,
                    400.032
                ],
                [
                    661.056,
                    405.97200000000004
                ],
                [
                    700.0319999999999,
                    442.044
                ],
                [
                    715.008,
                    458.02799999999996
                ],
                [
                    716.928,
                    463.96799999999996
                ],
                [
                    757.0559999999999,
                    493.99199999999996
                ],
                [
                    758.976,
                    504.036
                ],
                [
                    763.968,
                    509.976
                ],
                [
                    763.968,
                    516.996
                ],
                [
                    757.0559999999999,
                    527.04
                ],
                [
                    758.976,
                    552.96
                ],
                [
                    757.0559999999999,
                    559.0079999999999
                ],
                [
                    737.0880000000001,
                    586.98
                ],
                [
                    731.904,
                    598.968
                ],
                [
                    700.0319999999999,
                    636.984
                ],
                [
                    687.936,
                    656.9639999999999
                ],
                [
                    667.968,
                    695.952
                ],
                [
                    666.048,
                    717.9839999999999
                ],
                [
                    661.056,
                    721.98
                ],
                [
                    656.064,
                    737.964
                ],
                [
                    641.088,
                    763.9920000000001
                ],
                [
                    633.984,
                    774.0360000000001
                ],
                [
                    625.9200000000001,
                    779.976
                ],
                [
                    624,
                    786.024
                ],
                [
                    576.96,
                    825.984
                ],
                [
                    550.0799999999999,
                    844.992
                ],
                [
                    513.024,
                    860.976
                ],
                [
                    485.952,
                    880.956
                ],
                [
                    474.048,
                    901.0440000000001
                ],
                [
                    471.936,
                    910.98
                ],
                [
                    451.968,
                    938.952
                ],
                [
                    449.08799999999997,
                    947.052
                ],
                [
                    420.096,
                    980.9639999999999
                ],
                [
                    412.992,
                    992.952
                ],
                [
                    399.93600000000004,
                    1003.968
                ],
                [
                    380.928,
                    1028.052
                ],
                [
                    373.056,
                    1033.992
                ],
                [
                    359.04,
                    1037.988
                ],
                [
                    349.056,
                    1045.98
                ],
                [
                    344.064,
                    1053.972
                ],
                [
                    331.968,
                    1057.968
                ],
                [
                    321.984,
                    1064.0159999999998
                ],
                [
                    316.992,
                    1069.9560000000001
                ],
                [
                    307.008,
                    1072.008
                ],
                [
                    299.904,
                    1080
                ],
                [
                    48.959999999999994,
                    1080
                ]
            ]
        },
        {
            "ID": "2",
            "CLASS": "페트병",
            "DETAILS": "무색단일",
            "DAMAGE": "원형",
            "DIRTINESS": "오염없음",
            "COVER": "없음",
            "TRANSPARENCY": "투명",
            "SHAPE": "물통형",
            "SHAPE_TYPE": "POLYGON",
            "POINTS": [
                [
                    677.952,
                    370.00800000000004
                ],
                [
                    662.976,
                    366.984
                ],
                [
                    654.912,
                    361.044
                ],
                [
                    643.0079999999999,
                    346.03200000000004
                ],
                [
                    624.96,
                    330.048
                ],
                [
                    580.0319999999999,
                    284.04
                ],
                [
                    579.072,
                    280.044
                ],
                [
                    545.088,
                    250.992
                ],
                [
                    517.0559999999999,
                    220.96800000000002
                ],
                [
                    512.064,
                    219.024
                ],
                [
                    507.072,
                    212.004
                ],
                [
                    497.088,
                    204.984
                ],
                [
                    489.02399999999994,
                    193.96800000000002
                ],
                [
                    479.04,
                    185.00400000000002
                ],
                [
                    459.072,
                    154.008
                ],
                [
                    454.08,
                    138.996
                ],
                [
                    441.024,
                    114.048
                ],
                [
                    438.912,
                    81.972
                ],
                [
                    428.928,
                    73.98
                ],
                [
                    428.928,
                    69.984
                ],
                [
                    423.936,
                    65.988
                ],
                [
                    416.064,
                    49.032000000000004
                ],
                [
                    393.984,
                    24.948
                ],
                [
                    393.984,
                    10.043999999999999
                ],
                [
                    398.976,
                    0
                ],
                [
                    491.904,
                    0
                ],
                [
                    507.072,
                    15.984
                ],
                [
                    538.944,
                    16.956
                ],
                [
                    556.9920000000001,
                    24.948
                ],
                [
                    579.072,
                    41.04
                ],
                [
                    604.992,
                    49.032000000000004
                ],
                [
                    627.072,
                    68.04
                ],
                [
                    634.944,
                    80.028
                ],
                [
                    654.912,
                    100.98
                ],
                [
                    657.024,
                    100.98
                ],
                [
                    701.952,
                    139.968
                ],
                [
                    715.008,
                    154.98
                ],
                [
                    739.9680000000001,
                    173.988
                ],
                [
                    753.024,
                    189
                ],
                [
                    782.976,
                    209.952
                ],
                [
                    790.0799999999999,
                    219.024
                ],
                [
                    800.0640000000001,
                    246.99599999999998
                ],
                [
                    801.024,
                    258.012
                ],
                [
                    790.0799999999999,
                    285.012
                ],
                [
                    774.912,
                    304.99199999999996
                ],
                [
                    768,
                    308.988
                ],
                [
                    761.088,
                    319.032
                ],
                [
                    750.912,
                    327.99600000000004
                ],
                [
                    748.032,
                    334.04400000000004
                ],
                [
                    739.9680000000001,
                    340.95599999999996
                ],
                [
                    733.0559999999999,
                    354.024
                ],
                [
                    726.912,
                    359.964
                ],
                [
                    715.008,
                    362.016
                ],
                [
                    696.96,
                    370.00800000000004
                ],
                [
                    677.952,
                    370.00800000000004
                ]
            ]
        }
    ]
}