{
    "IMAGE_INFO": {
        "FILE_NAME": "1001391@0_03001_220906_P1_T3__1542.jpg",
        "DATE": "2022-10-21 15:37:48",
        "RESOLUTION": "1920 x 1080",
        "IMAGE_PHOTOGRAPHER": "이지은",
        "FOCUS_DISTANCE": "5.6",
        "EXPOSURE_TIME": "1/400",
        "SENSITIVITY_ISO": "12800",
        "PLACE": "삼오자원",
        "REGION_NAME": null,
        "Direction": "0",
        "HEIGHT": "100",
        "DAY/NIGHT": "주간",
        "WEATHER": "맑음",
        "IMAGE_HEIGHT": 1080,
        "IMAGE_WIDTH": 1920,
        "IMAGE_SIZE": "619.1 KB"
    },
    "ANNOTATION_INFO": [
        {
            "ID": "1",
            "CLASS": "페트병",
            "DETAILS": "무색단일",
            "DAMAGE": "찌그러짐",
            "DIRTINESS": "오염없음",
            "COVER": "겹침",
            "TRANSPARENCY": "투명",
            "SHAPE": "기타 형태",
            "SHAPE_TYPE": "POLYGON",
            "POINTS": [
                [
                    273.984,
                    875.988
                ],
                [
                    260.928,
                    871.992
                ],
                [
                    254.976,
                    867.996
                ],
                [
                    254.016,
                    857.952
                ],
                [
                    235.968,
                    822.96
                ],
                [
                    224.064,
                    805.0319999999999
                ],
                [
                    224.064,
                    801.0360000000001
                ],
                [
                    214.08,
                    786.024
                ],
                [
                    212.928,
                    779.976
                ],
                [
                    207.93599999999998,
                    774.0360000000001
                ],
                [
                    206.976,
                    766.0440000000001
                ],
                [
                    201.024,
                    756
                ],
                [
                    192,
                    729
                ],
                [
                    192,
                    721.0079999999999
                ],
                [
                    195.072,
                    712.044
                ],
                [
                    249.02400000000003,
                    667.98
                ],
                [
                    264.96000000000004,
                    650.052
                ],
                [
                    283.968,
                    635.04
                ],
                [
                    302.976,
                    616.032
                ],
                [
                    330.048,
                    596.0519999999999
                ],
                [
                    336.96,
                    586.98
                ],
                [
                    350.01599999999996,
                    575.9639999999999
                ],
                [
                    358.08,
                    574.02
                ],
                [
                    374.016,
                    574.02
                ],
                [
                    393.984,
                    570.024
                ],
                [
                    409.92,
                    569.052
                ],
                [
                    417.024,
                    566.028
                ],
                [
                    431.04,
                    564.948
                ],
                [
                    450.048,
                    556.956
                ],
                [
                    460.03200000000004,
                    547.992
                ],
                [
                    469.056,
                    543.9960000000001
                ],
                [
                    479.04,
                    543.9960000000001
                ],
                [
                    484.99199999999996,
                    547.02
                ],
                [
                    509.952,
                    586.0079999999999
                ],
                [
                    510.91200000000003,
                    594
                ],
                [
                    514.944,
                    598.968
                ],
                [
                    518.016,
                    608.04
                ],
                [
                    523.0079999999999,
                    613.008
                ],
                [
                    523.968,
                    620.028
                ],
                [
                    528.96,
                    625.968
                ],
                [
                    529.9200000000001,
                    632.9879999999999
                ],
                [
                    538.944,
                    648.972
                ],
                [
                    542.016,
                    662.04
                ],
                [
                    545.088,
                    664.956
                ],
                [
                    547.968,
                    674.028
                ],
                [
                    547.968,
                    686.9879999999999
                ],
                [
                    480,
                    735.048
                ],
                [
                    475.968,
                    739.044
                ],
                [
                    475.00800000000004,
                    744.9839999999999
                ],
                [
                    483.072,
                    763.9920000000001
                ],
                [
                    488.06399999999996,
                    771.012
                ],
                [
                    494.01599999999996,
                    775.008
                ],
                [
                    495.9359999999999,
                    779.976
                ],
                [
                    508.032,
                    789.048
                ],
                [
                    513.984,
                    790.9920000000001
                ],
                [
                    528.96,
                    801.0360000000001
                ],
                [
                    539.904,
                    813.024
                ],
                [
                    538.944,
                    814.9680000000001
                ],
                [
                    537.024,
                    817.992
                ],
                [
                    529.9200000000001,
                    818.9639999999999
                ],
                [
                    514.944,
                    825.0120000000001
                ],
                [
                    504,
                    834.948
                ],
                [
                    500.92800000000005,
                    836.028
                ],
                [
                    483.072,
                    837.972
                ],
                [
                    435.072,
                    848.988
                ],
                [
                    422.976,
                    849.96
                ],
                [
                    403.968,
                    855.036
                ],
                [
                    390.91200000000003,
                    856.0079999999999
                ],
                [
                    384.96000000000004,
                    857.952
                ],
                [
                    372.096,
                    859.032
                ],
                [
                    349.056,
                    863.028
                ],
                [
                    339.072,
                    867.024
                ],
                [
                    321.024,
                    868.968
                ],
                [
                    308.928,
                    871.992
                ],
                [
                    302.976,
                    871.992
                ],
                [
                    287.03999999999996,
                    875.988
                ],
                [
                    273.984,
                    875.988
                ]
            ]
        }
    ]
}