{
    "IMAGE_INFO": {
        "FILE_NAME": "1001006@0_03001_220913_P1_T3__0661.jpg",
        "DATE": "2022-11-01 04:20:43",
        "RESOLUTION": "1920 x 1080",
        "IMAGE_PHOTOGRAPHER": "김보배",
        "FOCUS_DISTANCE": "7.1",
        "EXPOSURE_TIME": "1/400",
        "SENSITIVITY_ISO": "5000",
        "PLACE": "삼오자원",
        "REGION_NAME": null,
        "Direction": "0",
        "HEIGHT": "100",
        "DAY/NIGHT": "주간",
        "WEATHER": "맑음",
        "IMAGE_HEIGHT": 1080,
        "IMAGE_WIDTH": 1920,
        "IMAGE_SIZE": "618.2 KB"
    },
    "ANNOTATION_INFO": [
        {
            "ID": "1",
            "CLASS": "페트병",
            "DETAILS": "무색단일",
            "DAMAGE": "원형",
            "DIRTINESS": "오염없음",
            "COVER": "없음",
            "TRANSPARENCY": "투명",
            "SHAPE": "물통형",
            "SHAPE_TYPE": "POLYGON",
            "POINTS": [
                [
                    665.088,
                    732.024
                ],
                [
                    649.9200000000001,
                    726.948
                ],
                [
                    638.016,
                    716.0400000000001
                ],
                [
                    635.904,
                    712.044
                ],
                [
                    622.08,
                    701.028
                ],
                [
                    609.024,
                    683.9639999999999
                ],
                [
                    576,
                    651.996
                ],
                [
                    575.04,
                    648
                ],
                [
                    556.032,
                    631.0440000000001
                ],
                [
                    553.92,
                    627.048
                ],
                [
                    512.064,
                    583.9559999999999
                ],
                [
                    508.032,
                    582.9839999999999
                ],
                [
                    499.968,
                    574.992
                ],
                [
                    483.072,
                    555.0120000000001
                ],
                [
                    479.04,
                    554.04
                ],
                [
                    478.08,
                    550.044
                ],
                [
                    466.944,
                    540
                ],
                [
                    461.952,
                    527.04
                ],
                [
                    449.08799999999997,
                    512.028
                ],
                [
                    445.05600000000004,
                    496.044
                ],
                [
                    437.952,
                    482.976
                ],
                [
                    435.072,
                    466.02
                ],
                [
                    436.992,
                    432.972
                ],
                [
                    425.088,
                    429.94800000000004
                ],
                [
                    417.98400000000004,
                    420.984
                ],
                [
                    416.064,
                    413.964
                ],
                [
                    398.976,
                    394.956
                ],
                [
                    398.016,
                    390.96
                ],
                [
                    392.06399999999996,
                    386.964
                ],
                [
                    387.072,
                    378.972
                ],
                [
                    387.072,
                    374.004
                ],
                [
                    392.06399999999996,
                    362.016
                ],
                [
                    403.968,
                    347.00399999999996
                ],
                [
                    427.96799999999996,
                    330.048
                ],
                [
                    440.06399999999996,
                    326.052
                ],
                [
                    446.976,
                    326.052
                ],
                [
                    461.952,
                    335.01599999999996
                ],
                [
                    461.952,
                    336.96
                ],
                [
                    470.976,
                    343.008
                ],
                [
                    474.048,
                    348.948
                ],
                [
                    493.0559999999999,
                    362.988
                ],
                [
                    495.9359999999999,
                    366.984
                ],
                [
                    495.9359999999999,
                    377.028
                ],
                [
                    499.968,
                    378.972
                ],
                [
                    513.024,
                    377.028
                ],
                [
                    538.944,
                    377.028
                ],
                [
                    551.04,
                    378.972
                ],
                [
                    570.048,
                    386.964
                ],
                [
                    586.9440000000001,
                    401.004
                ],
                [
                    590.0160000000001,
                    405.97200000000004
                ],
                [
                    595.008,
                    408.996
                ],
                [
                    600,
                    409.968
                ],
                [
                    609.9839999999999,
                    417.96000000000004
                ],
                [
                    633.984,
                    450.036
                ],
                [
                    657.984,
                    470.988
                ],
                [
                    660.096,
                    470.988
                ],
                [
                    670.0799999999999,
                    478.98
                ],
                [
                    689.088,
                    501.984
                ],
                [
                    700.992,
                    510.94800000000004
                ],
                [
                    710.976,
                    523.044
                ],
                [
                    723.072,
                    532.0079999999999
                ],
                [
                    742.08,
                    551.016
                ],
                [
                    749.952,
                    562.0319999999999
                ],
                [
                    763.968,
                    571.968
                ],
                [
                    778.944,
                    587.952
                ],
                [
                    783.936,
                    596.0519999999999
                ],
                [
                    787.968,
                    606.96
                ],
                [
                    787.968,
                    620.028
                ],
                [
                    783.936,
                    633.9599999999999
                ],
                [
                    781.056,
                    637.956
                ],
                [
                    781.056,
                    643.032
                ],
                [
                    776.064,
                    651.996
                ],
                [
                    771.072,
                    655.9920000000001
                ],
                [
                    767.0400000000001,
                    663.0120000000001
                ],
                [
                    767.0400000000001,
                    667.008
                ],
                [
                    762.048,
                    671.976
                ],
                [
                    757.0559999999999,
                    672.948
                ],
                [
                    742.08,
                    685.044
                ],
                [
                    733.0559999999999,
                    695.952
                ],
                [
                    709.056,
                    714.96
                ],
                [
                    696,
                    721.0079999999999
                ],
                [
                    689.088,
                    726.948
                ],
                [
                    676.9920000000001,
                    732.024
                ],
                [
                    665.088,
                    732.024
                ]
            ]
        }
    ]
}