{
    "IMAGE_INFO": {
        "FILE_NAME": "1001035@0_03001_220913_P1_T3__0629.jpg",
        "DATE": "2022-11-01 04:20:41",
        "RESOLUTION": "1920 x 1080",
        "IMAGE_PHOTOGRAPHER": "김보배",
        "FOCUS_DISTANCE": "7.1",
        "EXPOSURE_TIME": "1/400",
        "SENSITIVITY_ISO": "5000",
        "PLACE": "삼오자원",
        "REGION_NAME": null,
        "Direction": "0",
        "HEIGHT": "100",
        "DAY/NIGHT": "주간",
        "WEATHER": "맑음",
        "IMAGE_HEIGHT": 1080,
        "IMAGE_WIDTH": 1920,
        "IMAGE_SIZE": "611.2 KB"
    },
    "ANNOTATION_INFO": [
        {
            "ID": "1",
            "CLASS": "페트병",
            "DETAILS": "무색단일",
            "DAMAGE": "원형",
            "DIRTINESS": "이물질(전체)",
            "COVER": "없음",
            "TRANSPARENCY": "투명",
            "SHAPE": "물통형",
            "SHAPE_TYPE": "POLYGON",
            "POINTS": [
                [
                    611.904,
                    1069.9560000000001
                ],
                [
                    600,
                    1067.04
                ],
                [
                    575.04,
                    1053.972
                ],
                [
                    556.032,
                    1037.016
                ],
                [
                    547.0079999999999,
                    1023.9480000000001
                ],
                [
                    539.904,
                    1018.98
                ],
                [
                    517.0559999999999,
                    983.988
                ],
                [
                    508.032,
                    959.04
                ],
                [
                    505.92,
                    933.0120000000001
                ],
                [
                    509.952,
                    915.948
                ],
                [
                    522.048,
                    901.0440000000001
                ],
                [
                    547.0079999999999,
                    875.988
                ],
                [
                    657.984,
                    798.0120000000001
                ],
                [
                    676.032,
                    779.976
                ],
                [
                    715.008,
                    753.9480000000001
                ],
                [
                    724.0319999999999,
                    744.012
                ],
                [
                    749.952,
                    725.976
                ],
                [
                    761.088,
                    712.044
                ],
                [
                    783.936,
                    690.984
                ],
                [
                    810.048,
                    671.0039999999999
                ],
                [
                    872.064,
                    644.004
                ],
                [
                    883.0079999999999,
                    643.032
                ],
                [
                    921.984,
                    628.02
                ],
                [
                    950.0160000000001,
                    623.052
                ],
                [
                    959.04,
                    617.976
                ],
                [
                    969.0240000000001,
                    616.032
                ],
                [
                    982.0799999999999,
                    609.9839999999999
                ],
                [
                    1009.9200000000001,
                    594.972
                ],
                [
                    1027.968,
                    581.0400000000001
                ],
                [
                    1031.04,
                    578.016
                ],
                [
                    1031.04,
                    570.024
                ],
                [
                    1049.088,
                    559.9799999999999
                ],
                [
                    1057.92,
                    547.992
                ],
                [
                    1079.0400000000002,
                    532.98
                ],
                [
                    1085.952,
                    535.032
                ],
                [
                    1090.944,
                    537.948
                ],
                [
                    1102.08,
                    555.0120000000001
                ],
                [
                    1113.9840000000002,
                    564.948
                ],
                [
                    1121.088,
                    577.044
                ],
                [
                    1129.92,
                    585.036
                ],
                [
                    1133.952,
                    590.976
                ],
                [
                    1132.032,
                    597.996
                ],
                [
                    1104,
                    621
                ],
                [
                    1098.048,
                    631.0440000000001
                ],
                [
                    1068.096,
                    648.972
                ],
                [
                    1049.088,
                    671.0039999999999
                ],
                [
                    1031.04,
                    697.0319999999999
                ],
                [
                    1012.032,
                    731.0519999999999
                ],
                [
                    1009.9200000000001,
                    741.96
                ],
                [
                    1003.0079999999999,
                    752.004
                ],
                [
                    1001.088,
                    774.0360000000001
                ],
                [
                    988.992,
                    791.9639999999999
                ],
                [
                    951.936,
                    837
                ],
                [
                    950.0160000000001,
                    843.048
                ],
                [
                    940.992,
                    849.96
                ],
                [
                    940.992,
                    852.9839999999999
                ],
                [
                    916.032,
                    870.048
                ],
                [
                    886.08,
                    883.008
                ],
                [
                    864.96,
                    895.968
                ],
                [
                    828.096,
                    922.9680000000001
                ],
                [
                    802.9440000000001,
                    945.972
                ],
                [
                    761.088,
                    974.052
                ],
                [
                    749.952,
                    986.0400000000001
                ],
                [
                    667.0079999999999,
                    1049.9759999999999
                ],
                [
                    651.072,
                    1060.02
                ],
                [
                    624.96,
                    1069.9560000000001
                ],
                [
                    611.904,
                    1069.9560000000001
                ]
            ]
        },
        {
            "ID": "2",
            "CLASS": "페트병",
            "DETAILS": "무색단일",
            "DAMAGE": "원형",
            "DIRTINESS": "이물질(외부)",
            "COVER": "없음",
            "TRANSPARENCY": "투명",
            "SHAPE": "물통형",
            "SHAPE_TYPE": "POLYGON",
            "POINTS": [
                [
                    1430.9759999999999,
                    1080
                ],
                [
                    1411.968,
                    1069.9560000000001
                ],
                [
                    1406.976,
                    1069.9560000000001
                ],
                [
                    1396.032,
                    1064.988
                ],
                [
                    1385.0880000000002,
                    1063.0439999999999
                ],
                [
                    1349.952,
                    1049.9759999999999
                ],
                [
                    1339.008,
                    1041.984
                ],
                [
                    1324.032,
                    1040.04
                ],
                [
                    1292.9279999999999,
                    1029.024
                ],
                [
                    1281.984,
                    1023.9480000000001
                ],
                [
                    1280.0639999999999,
                    1019.952
                ],
                [
                    1273.92,
                    1015.956
                ],
                [
                    1271.04,
                    1009.044
                ],
                [
                    1267.008,
                    1006.992
                ],
                [
                    1241.088,
                    1006.02
                ],
                [
                    1204.032,
                    984.96
                ],
                [
                    1179.072,
                    978.048
                ],
                [
                    1157.952,
                    967.0319999999999
                ],
                [
                    1148.928,
                    964.9799999999999
                ],
                [
                    1124.9279999999999,
                    952.02
                ],
                [
                    1108.992,
                    945.972
                ],
                [
                    1065.024,
                    933.0120000000001
                ],
                [
                    1050.048,
                    922.9680000000001
                ],
                [
                    1030.08,
                    913.032
                ],
                [
                    1026.048,
                    906.984
                ],
                [
                    1026.048,
                    894.024
                ],
                [
                    1032.96,
                    882.036
                ],
                [
                    1035.0720000000001,
                    861.948
                ],
                [
                    1043.904,
                    844.992
                ],
                [
                    1043.904,
                    839.052
                ],
                [
                    1050.048,
                    829.9799999999999
                ],
                [
                    1051.968,
                    818.9639999999999
                ],
                [
                    1056.96,
                    814.9680000000001
                ],
                [
                    1060.992,
                    803.952
                ],
                [
                    1065.024,
                    774.0360000000001
                ],
                [
                    1074.048,
                    755.028
                ],
                [
                    1080.9599999999998,
                    745.956
                ],
                [
                    1089.984,
                    741.96
                ],
                [
                    1103.04,
                    741.96
                ],
                [
                    1110.912,
                    744.012
                ],
                [
                    1122.048,
                    752.976
                ],
                [
                    1140.096,
                    755.028
                ],
                [
                    1190.016,
                    779.004
                ],
                [
                    1219.008,
                    787.9680000000001
                ],
                [
                    1273.92,
                    813.024
                ],
                [
                    1289.088,
                    816.048
                ],
                [
                    1305.9840000000002,
                    821.9879999999999
                ],
                [
                    1316.9279999999999,
                    828.0360000000001
                ],
                [
                    1324.032,
                    839.052
                ],
                [
                    1337.088,
                    841.968
                ],
                [
                    1344,
                    839.052
                ],
                [
                    1381.056,
                    849.96
                ],
                [
                    1409.088,
                    864.972
                ],
                [
                    1434.048,
                    871.992
                ],
                [
                    1516.992,
                    910.98
                ],
                [
                    1539.072,
                    925.9920000000001
                ],
                [
                    1554.048,
                    947.052
                ],
                [
                    1558.08,
                    957.96
                ],
                [
                    1558.08,
                    979.992
                ],
                [
                    1560.9599999999998,
                    983.016
                ],
                [
                    1564.9920000000002,
                    984.96
                ],
                [
                    1582.08,
                    987.9839999999999
                ],
                [
                    1598.016,
                    995.004
                ],
                [
                    1635.0720000000001,
                    1013.04
                ],
                [
                    1638.912,
                    1018.008
                ],
                [
                    1641.984,
                    1029.996
                ],
                [
                    1638.912,
                    1048.0320000000002
                ],
                [
                    1632.96,
                    1068.012
                ],
                [
                    1627.968,
                    1072.98
                ],
                [
                    1627.968,
                    1080
                ],
                [
                    1540.992,
                    1080
                ],
                [
                    1539.072,
                    1069.9560000000001
                ],
                [
                    1530.048,
                    1064.988
                ],
                [
                    1503.936,
                    1080
                ],
                [
                    1430.9759999999999,
                    1080
                ]
            ]
        }
    ]
}