{
    "IMAGE_INFO": {
        "FILE_NAME": "1001402@0_03001_220906_P1_T3__1541.jpg",
        "DATE": "2022-10-21 15:37:48",
        "RESOLUTION": "1920 x 1080",
        "IMAGE_PHOTOGRAPHER": "이지은",
        "FOCUS_DISTANCE": "5.6",
        "EXPOSURE_TIME": "1/400",
        "SENSITIVITY_ISO": "12800",
        "PLACE": "삼오자원",
        "REGION_NAME": null,
        "Direction": "0",
        "HEIGHT": "100",
        "DAY/NIGHT": "주간",
        "WEATHER": "맑음",
        "IMAGE_HEIGHT": 1080,
        "IMAGE_WIDTH": 1920,
        "IMAGE_SIZE": "614.7 KB"
    },
    "ANNOTATION_INFO": [
        {
            "ID": "1",
            "CLASS": "페트병",
            "DETAILS": "무색단일",
            "DAMAGE": "찌그러짐",
            "DIRTINESS": "이물질(외부)",
            "COVER": "겹침",
            "TRANSPARENCY": "투명",
            "SHAPE": "물통형",
            "SHAPE_TYPE": "POLYGON",
            "POINTS": [
                [
                    1091.904,
                    276.048
                ],
                [
                    1086.912,
                    274.968
                ],
                [
                    1083.0720000000001,
                    267.948
                ],
                [
                    1071.9360000000001,
                    263.952
                ],
                [
                    1065.024,
                    258.98400000000004
                ],
                [
                    1047.936,
                    250.992
                ],
                [
                    1025.0880000000002,
                    243
                ],
                [
                    1021.056,
                    243
                ],
                [
                    1014.9119999999999,
                    246.024
                ],
                [
                    1011.0719999999999,
                    249.048
                ],
                [
                    1008,
                    255.95999999999998
                ],
                [
                    1003.9680000000001,
                    255.95999999999998
                ],
                [
                    988.0319999999999,
                    235.00799999999998
                ],
                [
                    980.928,
                    220.96800000000002
                ],
                [
                    974.016,
                    216
                ],
                [
                    973.056,
                    212.004
                ],
                [
                    965.952,
                    205.95600000000002
                ],
                [
                    965.952,
                    203.04
                ],
                [
                    959.04,
                    197.964
                ],
                [
                    954.048,
                    186.948
                ],
                [
                    949.056,
                    181.008
                ],
                [
                    949.056,
                    177.012
                ],
                [
                    940.992,
                    165.996
                ],
                [
                    936,
                    162
                ],
                [
                    929.088,
                    146.988
                ],
                [
                    921.024,
                    135.972
                ],
                [
                    921.024,
                    132.948
                ],
                [
                    929.088,
                    128.952
                ],
                [
                    949.056,
                    123.012
                ],
                [
                    1009.9200000000001,
                    108.97200000000001
                ],
                [
                    1050.048,
                    103.032
                ],
                [
                    1118.9759999999999,
                    100.008
                ],
                [
                    1124.9279999999999,
                    100.008
                ],
                [
                    1137.024,
                    100.98
                ],
                [
                    1181.952,
                    100.008
                ],
                [
                    1201.92,
                    104.00399999999999
                ],
                [
                    1230.912,
                    107.02799999999999
                ],
                [
                    1257.984,
                    107.02799999999999
                ],
                [
                    1287.936,
                    108.97200000000001
                ],
                [
                    1305.024,
                    111.996
                ],
                [
                    1326.912,
                    112.968
                ],
                [
                    1328.0639999999999,
                    115.02
                ],
                [
                    1339.9679999999998,
                    115.02
                ],
                [
                    1347.0720000000001,
                    118.044
                ],
                [
                    1353.9840000000002,
                    118.044
                ],
                [
                    1358.9759999999999,
                    122.04
                ],
                [
                    1367.04,
                    146.988
                ],
                [
                    1367.04,
                    177.012
                ],
                [
                    1363.968,
                    186.948
                ],
                [
                    1363.968,
                    201.96
                ],
                [
                    1357.056,
                    211.03199999999998
                ],
                [
                    1343.04,
                    223.01999999999998
                ],
                [
                    1320,
                    232.95600000000002
                ],
                [
                    1308.096,
                    235.98
                ],
                [
                    1302.912,
                    235.00799999999998
                ],
                [
                    1287.936,
                    227.016
                ],
                [
                    1275.0720000000001,
                    227.988
                ],
                [
                    1210.944,
                    251.964
                ],
                [
                    1161.984,
                    263.952
                ],
                [
                    1153.92,
                    263.952
                ],
                [
                    1150.08,
                    266.00399999999996
                ],
                [
                    1107.0720000000001,
                    274.968
                ],
                [
                    1091.904,
                    276.048
                ]
            ]
        },
        {
            "ID": "2",
            "CLASS": "페트병",
            "DETAILS": "무색단일",
            "DAMAGE": "찌그러짐",
            "DIRTINESS": "오염없음",
            "COVER": "겹침",
            "TRANSPARENCY": "투명",
            "SHAPE": "기타 형태",
            "SHAPE_TYPE": "POLYGON",
            "POINTS": [
                [
                    268.992,
                    999.972
                ],
                [
                    263.04,
                    999
                ],
                [
                    254.016,
                    995.004
                ],
                [
                    248.06400000000002,
                    994.032
                ],
                [
                    240,
                    983.016
                ],
                [
                    235.968,
                    968.004
                ],
                [
                    230.976,
                    961.956
                ],
                [
                    230.01600000000002,
                    956.9879999999999
                ],
                [
                    226.944,
                    955.044
                ],
                [
                    217.92000000000002,
                    932.04
                ],
                [
                    195.072,
                    887.004
                ],
                [
                    185.088,
                    853.9559999999999
                ],
                [
                    186.048,
                    836.028
                ],
                [
                    195.072,
                    822.96
                ],
                [
                    224.064,
                    794.9879999999999
                ],
                [
                    227.904,
                    786.996
                ],
                [
                    235.968,
                    782.028
                ],
                [
                    243.07199999999997,
                    772.956
                ],
                [
                    254.976,
                    764.964
                ],
                [
                    286.08,
                    735.048
                ],
                [
                    287.03999999999996,
                    731.0519999999999
                ],
                [
                    316.032,
                    708.048
                ],
                [
                    321.984,
                    698.004
                ],
                [
                    337.91999999999996,
                    683.9639999999999
                ],
                [
                    350.01599999999996,
                    679.9680000000001
                ],
                [
                    360.96,
                    678.9960000000001
                ],
                [
                    366.912,
                    675.972
                ],
                [
                    397.05600000000004,
                    672.948
                ],
                [
                    412.992,
                    670.0319999999999
                ],
                [
                    427.008,
                    664.956
                ],
                [
                    440.06399999999996,
                    655.9920000000001
                ],
                [
                    451.968,
                    652.9680000000001
                ],
                [
                    462.91200000000003,
                    652.9680000000001
                ],
                [
                    473.088,
                    658.044
                ],
                [
                    484.032,
                    671.0039999999999
                ],
                [
                    508.032,
                    712.044
                ],
                [
                    519.9359999999999,
                    740.0160000000001
                ],
                [
                    524.928,
                    744.9839999999999
                ],
                [
                    526.08,
                    752.976
                ],
                [
                    531.072,
                    759.996
                ],
                [
                    532.032,
                    767.9879999999999
                ],
                [
                    537.024,
                    775.008
                ],
                [
                    537.984,
                    783.972
                ],
                [
                    542.976,
                    793.044
                ],
                [
                    543.936,
                    801.0360000000001
                ],
                [
                    555.072,
                    828.0360000000001
                ],
                [
                    556.032,
                    841.968
                ],
                [
                    552,
                    852.9839999999999
                ],
                [
                    522.048,
                    874.044
                ],
                [
                    503.04,
                    890.028
                ],
                [
                    499.968,
                    894.996
                ],
                [
                    499.968,
                    905.04
                ],
                [
                    508.032,
                    918
                ],
                [
                    510.91200000000003,
                    929.9879999999999
                ],
                [
                    497.088,
                    945.972
                ],
                [
                    488.06399999999996,
                    952.992
                ],
                [
                    449.08799999999997,
                    960.0120000000001
                ],
                [
                    436.032,
                    964.9799999999999
                ],
                [
                    431.04,
                    964.9799999999999
                ],
                [
                    417.98400000000004,
                    968.976
                ],
                [
                    388.032,
                    974.052
                ],
                [
                    377.08799999999997,
                    978.048
                ],
                [
                    361.92,
                    979.992
                ],
                [
                    358.08,
                    982.044
                ],
                [
                    316.992,
                    990.036
                ],
                [
                    305.088,
                    991.0079999999999
                ],
                [
                    279.93600000000004,
                    999
                ],
                [
                    268.992,
                    999.972
                ]
            ]
        }
    ]
}