{
    "IMAGE_INFO": {
        "FILE_NAME": "1002204@0_03001_220907_P1_T3__1887.jpg",
        "DATE": "2022-10-24 16:25:46",
        "RESOLUTION": "1920 x 1080",
        "IMAGE_PHOTOGRAPHER": "이지은",
        "FOCUS_DISTANCE": "5.6",
        "EXPOSURE_TIME": "1/400",
        "SENSITIVITY_ISO": "4000",
        "PLACE": "용인시재활용센터",
        "REGION_NAME": null,
        "Direction": "0",
        "HEIGHT": "100",
        "DAY/NIGHT": "주간",
        "WEATHER": "맑음",
        "IMAGE_HEIGHT": 1080,
        "IMAGE_WIDTH": 1920,
        "IMAGE_SIZE": "676.9 KB"
    },
    "ANNOTATION_INFO": [
        {
            "ID": "1",
            "CLASS": "페트병",
            "DETAILS": "무색단일",
            "DAMAGE": "원형",
            "DIRTINESS": "이물질(외부)",
            "COVER": "없음",
            "TRANSPARENCY": "투명",
            "SHAPE": "물통형",
            "SHAPE_TYPE": "POLYGON",
            "POINTS": [
                [
                    579.072,
                    450.036
                ],
                [
                    570.048,
                    447.012
                ],
                [
                    561.024,
                    447.984
                ],
                [
                    532.032,
                    436.968
                ],
                [
                    521.088,
                    435.996
                ],
                [
                    502.08000000000004,
                    424.98
                ],
                [
                    491.904,
                    424.008
                ],
                [
                    486.912,
                    420.984
                ],
                [
                    478.08,
                    420.012
                ],
                [
                    471.936,
                    416.01599999999996
                ],
                [
                    440.06399999999996,
                    404.02799999999996
                ],
                [
                    425.088,
                    393.98400000000004
                ],
                [
                    417.024,
                    392.03999999999996
                ],
                [
                    407.03999999999996,
                    382.968
                ],
                [
                    401.088,
                    381.024
                ],
                [
                    394.94399999999996,
                    374.004
                ],
                [
                    393.984,
                    370.00800000000004
                ],
                [
                    394.94399999999996,
                    347.00399999999996
                ],
                [
                    401.088,
                    328.96799999999996
                ],
                [
                    406.08,
                    320.976
                ],
                [
                    412.03200000000004,
                    316.00800000000004
                ],
                [
                    412.992,
                    301.968
                ],
                [
                    418.944,
                    289.008
                ],
                [
                    428.928,
                    277.02
                ],
                [
                    428.928,
                    266.00399999999996
                ],
                [
                    435.072,
                    251.964
                ],
                [
                    442.94399999999996,
                    242.028
                ],
                [
                    444.096,
                    230.04
                ],
                [
                    450.048,
                    216
                ],
                [
                    456,
                    211.03199999999998
                ],
                [
                    459.072,
                    204.984
                ],
                [
                    460.03200000000004,
                    189
                ],
                [
                    470.976,
                    169.99200000000002
                ],
                [
                    471.936,
                    161.02800000000002
                ],
                [
                    484.032,
                    135.972
                ],
                [
                    489.984,
                    115.99199999999999
                ],
                [
                    494.01599999999996,
                    108
                ],
                [
                    508.032,
                    99.036
                ],
                [
                    519.9359999999999,
                    84.99600000000001
                ],
                [
                    519.9359999999999,
                    50.004
                ],
                [
                    526.08,
                    26.028
                ],
                [
                    532.032,
                    15.984
                ],
                [
                    537.024,
                    0
                ],
                [
                    752.064,
                    0
                ],
                [
                    748.992,
                    14.04
                ],
                [
                    748.032,
                    45.036
                ],
                [
                    705.024,
                    153.036
                ],
                [
                    699.072,
                    162.972
                ],
                [
                    684.096,
                    173.01600000000002
                ],
                [
                    682.9440000000001,
                    216
                ],
                [
                    680.0640000000001,
                    224.96400000000003
                ],
                [
                    675.072,
                    231.98399999999998
                ],
                [
                    673.92,
                    246.024
                ],
                [
                    668.928,
                    250.992
                ],
                [
                    667.968,
                    255.95999999999998
                ],
                [
                    660.096,
                    266.00399999999996
                ],
                [
                    660.096,
                    273.024
                ],
                [
                    656.064,
                    285.012
                ],
                [
                    647.0400000000001,
                    297.972
                ],
                [
                    646.08,
                    312.012
                ],
                [
                    634.944,
                    331.992
                ],
                [
                    630.912,
                    350.028
                ],
                [
                    622.08,
                    362.988
                ],
                [
                    622.08,
                    381.024
                ],
                [
                    615.9359999999999,
                    408.024
                ],
                [
                    609.9839999999999,
                    413.964
                ],
                [
                    606.912,
                    424.008
                ],
                [
                    590.976,
                    446.03999999999996
                ],
                [
                    581.952,
                    450.036
                ],
                [
                    579.072,
                    450.036
                ]
            ]
        },
        {
            "ID": "2",
            "CLASS": "페트병",
            "DETAILS": "무색단일",
            "DAMAGE": "원형",
            "DIRTINESS": "오염없음",
            "COVER": "없음",
            "TRANSPARENCY": "투명",
            "SHAPE": "물통형",
            "SHAPE_TYPE": "POLYGON",
            "POINTS": [
                [
                    1051.968,
                    660.96
                ],
                [
                    1049.088,
                    655.9920000000001
                ],
                [
                    1043.904,
                    640.008
                ],
                [
                    1041.984,
                    616.032
                ],
                [
                    1036.992,
                    608.04
                ],
                [
                    1025.0880000000002,
                    597.024
                ],
                [
                    999.936,
                    581.0400000000001
                ],
                [
                    998.0160000000001,
                    578.016
                ],
                [
                    989.9519999999999,
                    574.992
                ],
                [
                    984.96,
                    570.024
                ],
                [
                    961.92,
                    555.984
                ],
                [
                    951.936,
                    543.024
                ],
                [
                    946.9440000000001,
                    531.0360000000001
                ],
                [
                    941.952,
                    498.96000000000004
                ],
                [
                    937.92,
                    489.996
                ],
                [
                    932.928,
                    450.036
                ],
                [
                    929.088,
                    439.02
                ],
                [
                    924.096,
                    390.96
                ],
                [
                    920.0640000000001,
                    381.99600000000004
                ],
                [
                    916.032,
                    354.996
                ],
                [
                    891.072,
                    259.956
                ],
                [
                    888,
                    257.03999999999996
                ],
                [
                    872.064,
                    196.01999999999998
                ],
                [
                    855.9359999999999,
                    146.988
                ],
                [
                    854.016,
                    127.008
                ],
                [
                    848.064,
                    108
                ],
                [
                    848.064,
                    95.03999999999999
                ],
                [
                    851.904,
                    73.008
                ],
                [
                    854.976,
                    62.964
                ],
                [
                    860.928,
                    54.972
                ],
                [
                    865.9200000000001,
                    54
                ],
                [
                    874.944,
                    43.956
                ],
                [
                    886.08,
                    35.964000000000006
                ],
                [
                    900.096,
                    30.023999999999997
                ],
                [
                    911.04,
                    29.052
                ],
                [
                    926.016,
                    22.032
                ],
                [
                    959.04,
                    15.984
                ],
                [
                    968.064,
                    11.016
                ],
                [
                    992.0640000000001,
                    11.016
                ],
                [
                    1003.0079999999999,
                    15.984
                ],
                [
                    1016.064,
                    16.956
                ],
                [
                    1023.936,
                    22.032
                ],
                [
                    1040.0639999999999,
                    43.956
                ],
                [
                    1047.936,
                    65.01599999999999
                ],
                [
                    1061.952,
                    135
                ],
                [
                    1068.096,
                    154.98
                ],
                [
                    1070.9759999999999,
                    184.03199999999998
                ],
                [
                    1084.032,
                    257.03999999999996
                ],
                [
                    1110.912,
                    366.012
                ],
                [
                    1118.016,
                    380.05199999999996
                ],
                [
                    1128.96,
                    417.96000000000004
                ],
                [
                    1133.952,
                    428.00399999999996
                ],
                [
                    1143.936,
                    479.952
                ],
                [
                    1143.936,
                    505.00800000000004
                ],
                [
                    1138.944,
                    528.0120000000001
                ],
                [
                    1118.9759999999999,
                    559.0079999999999
                ],
                [
                    1102.08,
                    590.976
                ],
                [
                    1102.08,
                    598.968
                ],
                [
                    1105.9199999999998,
                    605.0160000000001
                ],
                [
                    1113.9840000000002,
                    643.032
                ],
                [
                    1108.992,
                    650.052
                ],
                [
                    1099.008,
                    652.9680000000001
                ],
                [
                    1079.0400000000002,
                    655.9920000000001
                ],
                [
                    1066.944,
                    660.96
                ],
                [
                    1051.968,
                    660.96
                ]
            ]
        },
        {
            "ID": "3",
            "CLASS": "페트병",
            "DETAILS": "무색단일",
            "DAMAGE": "원형",
            "DIRTINESS": "이물질(외부)",
            "COVER": "없음",
            "TRANSPARENCY": "투명",
            "SHAPE": "물통형",
            "SHAPE_TYPE": "POLYGON",
            "POINTS": [
                [
                    1488.96,
                    1080
                ],
                [
                    1478.016,
                    1075.032
                ],
                [
                    1469.952,
                    1072.98
                ],
                [
                    1453.056,
                    1064.0159999999998
                ],
                [
                    1440.9599999999998,
                    1053.972
                ],
                [
                    1430.9759999999999,
                    1036.044
                ],
                [
                    1422.912,
                    1011.96
                ],
                [
                    1425.024,
                    948.024
                ],
                [
                    1422.912,
                    947.052
                ],
                [
                    1422.912,
                    936.0360000000001
                ],
                [
                    1430.016,
                    901.0440000000001
                ],
                [
                    1425.9840000000002,
                    834.948
                ],
                [
                    1421.952,
                    813.024
                ],
                [
                    1420.0320000000002,
                    782.028
                ],
                [
                    1421.952,
                    725.004
                ],
                [
                    1417.92,
                    695.952
                ],
                [
                    1417.92,
                    556.956
                ],
                [
                    1422.912,
                    536.976
                ],
                [
                    1433.088,
                    515.052
                ],
                [
                    1451.904,
                    490.968
                ],
                [
                    1464.96,
                    478.98
                ],
                [
                    1469.952,
                    470.988
                ],
                [
                    1487.04,
                    456.948
                ],
                [
                    1491.072,
                    451.00800000000004
                ],
                [
                    1488.96,
                    421.956
                ],
                [
                    1491.072,
                    412.992
                ],
                [
                    1498.944,
                    407.052
                ],
                [
                    1515.0720000000001,
                    405
                ],
                [
                    1541.952,
                    405
                ],
                [
                    1550.9759999999999,
                    407.052
                ],
                [
                    1554.048,
                    408.996
                ],
                [
                    1558.08,
                    416.01599999999996
                ],
                [
                    1558.08,
                    438.048
                ],
                [
                    1555.0079999999998,
                    447.012
                ],
                [
                    1560,
                    455.004
                ],
                [
                    1566.912,
                    462.024
                ],
                [
                    1574.0159999999998,
                    466.02
                ],
                [
                    1607.04,
                    500.04
                ],
                [
                    1622.976,
                    521.964
                ],
                [
                    1630.08,
                    535.032
                ],
                [
                    1636.032,
                    554.04
                ],
                [
                    1637.952,
                    709.02
                ],
                [
                    1633.92,
                    717.9839999999999
                ],
                [
                    1633.92,
                    733.968
                ],
                [
                    1637.952,
                    751.032
                ],
                [
                    1637.952,
                    790.9920000000001
                ],
                [
                    1636.032,
                    793.044
                ],
                [
                    1633.92,
                    852.9839999999999
                ],
                [
                    1637.952,
                    903.9599999999999
                ],
                [
                    1636.032,
                    914.976
                ],
                [
                    1645.056,
                    957.96
                ],
                [
                    1646.0159999999998,
                    1011.96
                ],
                [
                    1649.088,
                    1022.004
                ],
                [
                    1647.936,
                    1045.008
                ],
                [
                    1642.944,
                    1053
                ],
                [
                    1633.92,
                    1056.0240000000001
                ],
                [
                    1622.016,
                    1056.0240000000001
                ],
                [
                    1570.944,
                    1064.988
                ],
                [
                    1560.9599999999998,
                    1068.984
                ],
                [
                    1550.016,
                    1080
                ],
                [
                    1488.96,
                    1080
                ]
            ]
        }
    ]
}