{
    "IMAGE_INFO": {
        "FILE_NAME": "1002383@0_03001_220907_P1_T3__2137.jpg",
        "DATE": "2022-10-24 16:35:12",
        "RESOLUTION": "1920 x 1080",
        "IMAGE_PHOTOGRAPHER": "이지은",
        "FOCUS_DISTANCE": "5.6",
        "EXPOSURE_TIME": "1/400",
        "SENSITIVITY_ISO": "4000",
        "PLACE": "용인시재활용센터",
        "REGION_NAME": null,
        "Direction": "0",
        "HEIGHT": "100",
        "DAY/NIGHT": "주간",
        "WEATHER": "맑음",
        "IMAGE_HEIGHT": 1080,
        "IMAGE_WIDTH": 1920,
        "IMAGE_SIZE": "605.8 KB"
    },
    "ANNOTATION_INFO": [
        {
            "ID": "1",
            "CLASS": "페트병",
            "DETAILS": "무색단일",
            "DAMAGE": "원형",
            "DIRTINESS": "오염없음",
            "COVER": "없음",
            "TRANSPARENCY": "투명",
            "SHAPE": "기타 형태",
            "SHAPE_TYPE": "POLYGON",
            "POINTS": [
                [
                    873.024,
                    933.984
                ],
                [
                    869.952,
                    932.04
                ],
                [
                    868.992,
                    929.016
                ],
                [
                    863.04,
                    925.9920000000001
                ],
                [
                    851.904,
                    921.996
                ],
                [
                    844.992,
                    921.996
                ],
                [
                    840.96,
                    921.024
                ],
                [
                    838.08,
                    918.972
                ],
                [
                    834.048,
                    918
                ],
                [
                    825.984,
                    918
                ],
                [
                    805.056,
                    911.952
                ],
                [
                    779.904,
                    907.956
                ],
                [
                    774.912,
                    906.012
                ],
                [
                    761.088,
                    905.04
                ],
                [
                    740.928,
                    899.964
                ],
                [
                    711.936,
                    894.996
                ],
                [
                    691.008,
                    890.028
                ],
                [
                    677.952,
                    888.9480000000001
                ],
                [
                    657.984,
                    884.952
                ],
                [
                    627.072,
                    876.96
                ],
                [
                    606.912,
                    872.964
                ],
                [
                    599.04,
                    870.048
                ],
                [
                    593.088,
                    868.968
                ],
                [
                    576.96,
                    860.976
                ],
                [
                    574.0799999999999,
                    855.036
                ],
                [
                    572.928,
                    849.96
                ],
                [
                    574.0799999999999,
                    806.0039999999999
                ],
                [
                    579.072,
                    795.96
                ],
                [
                    580.0319999999999,
                    786.024
                ],
                [
                    586.9440000000001,
                    778.032
                ],
                [
                    586.9440000000001,
                    770.04
                ],
                [
                    590.976,
                    759.024
                ],
                [
                    595.9680000000001,
                    753.9480000000001
                ],
                [
                    614.016,
                    749.952
                ],
                [
                    729.9839999999999,
                    749.952
                ],
                [
                    790.0799999999999,
                    752.004
                ],
                [
                    811.008,
                    753.9480000000001
                ],
                [
                    886.08,
                    753.9480000000001
                ],
                [
                    889.9200000000001,
                    751.032
                ],
                [
                    892.9920000000001,
                    747.036
                ],
                [
                    897.024,
                    748.008
                ],
                [
                    900.096,
                    749.952
                ],
                [
                    901.056,
                    759.024
                ],
                [
                    901.056,
                    806.0039999999999
                ],
                [
                    900.096,
                    817.02
                ],
                [
                    897.024,
                    825.0120000000001
                ],
                [
                    897.024,
                    851.0400000000001
                ],
                [
                    893.952,
                    860.004
                ],
                [
                    892.9920000000001,
                    884.952
                ],
                [
                    888.96,
                    906.012
                ],
                [
                    882.048,
                    929.016
                ],
                [
                    878.976,
                    933.0120000000001
                ],
                [
                    875.904,
                    933.984
                ],
                [
                    873.024,
                    933.984
                ]
            ]
        }
    ]
}