{
    "IMAGE_INFO": {
        "FILE_NAME": "1002421@0_03001_220907_P1_T3__2126.jpg",
        "DATE": "2022-10-24 16:35:10",
        "RESOLUTION": "1920 x 1080",
        "IMAGE_PHOTOGRAPHER": "이지은",
        "FOCUS_DISTANCE": "5.6",
        "EXPOSURE_TIME": "1/400",
        "SENSITIVITY_ISO": "4000",
        "PLACE": "용인시재활용센터",
        "REGION_NAME": null,
        "Direction": "0",
        "HEIGHT": "100",
        "DAY/NIGHT": "주간",
        "WEATHER": "맑음",
        "IMAGE_HEIGHT": 1080,
        "IMAGE_WIDTH": 1920,
        "IMAGE_SIZE": "618.4 KB"
    },
    "ANNOTATION_INFO": [
        {
            "ID": "1",
            "CLASS": "페트병",
            "DETAILS": "무색단일",
            "DAMAGE": "찌그러짐",
            "DIRTINESS": "이물질(외부)",
            "COVER": "없음",
            "TRANSPARENCY": "투명",
            "SHAPE": "물통형",
            "SHAPE_TYPE": "POLYGON",
            "POINTS": [
                [
                    466.944,
                    1080
                ],
                [
                    464.064,
                    1053.972
                ],
                [
                    465.984,
                    1005.048
                ],
                [
                    470.01599999999996,
                    990.036
                ],
                [
                    470.976,
                    974.052
                ],
                [
                    475.968,
                    963.0360000000001
                ],
                [
                    476.928,
                    952.02
                ],
                [
                    483.072,
                    937.98
                ],
                [
                    483.072,
                    928.044
                ],
                [
                    486.912,
                    918.972
                ],
                [
                    488.06399999999996,
                    909.0360000000001
                ],
                [
                    504.96000000000004,
                    884.952
                ],
                [
                    507.072,
                    878.04
                ],
                [
                    534.912,
                    834.948
                ],
                [
                    539.904,
                    833.004
                ],
                [
                    547.0079999999999,
                    822.96
                ],
                [
                    593.088,
                    774.0360000000001
                ],
                [
                    600.96,
                    748.008
                ],
                [
                    603.072,
                    714.96
                ],
                [
                    613.0559999999999,
                    693.0360000000001
                ],
                [
                    618.048,
                    687.96
                ],
                [
                    619.008,
                    682.02
                ],
                [
                    623.04,
                    678.024
                ],
                [
                    623.04,
                    674.028
                ],
                [
                    628.992,
                    668.952
                ],
                [
                    628.992,
                    666.0360000000001
                ],
                [
                    642.048,
                    647.028
                ],
                [
                    658.944,
                    633.9599999999999
                ],
                [
                    666.048,
                    625.968
                ],
                [
                    672.9599999999999,
                    623.052
                ],
                [
                    680.0640000000001,
                    624.024
                ],
                [
                    696,
                    628.02
                ],
                [
                    710.0160000000001,
                    636.984
                ],
                [
                    724.0319999999999,
                    639.0360000000001
                ],
                [
                    729.9839999999999,
                    643.032
                ],
                [
                    737.0880000000001,
                    644.976
                ],
                [
                    744,
                    650.052
                ],
                [
                    752.064,
                    659.016
                ],
                [
                    754.944,
                    659.016
                ],
                [
                    758.976,
                    663.0120000000001
                ],
                [
                    764.928,
                    664.956
                ],
                [
                    786.048,
                    667.008
                ],
                [
                    805.056,
                    678.024
                ],
                [
                    807.936,
                    685.044
                ],
                [
                    807.936,
                    702
                ],
                [
                    795.072,
                    774.0360000000001
                ],
                [
                    776.064,
                    821.9879999999999
                ],
                [
                    768.96,
                    834.948
                ],
                [
                    753.984,
                    878.04
                ],
                [
                    744,
                    899.964
                ],
                [
                    737.0880000000001,
                    922.9680000000001
                ],
                [
                    726.912,
                    948.024
                ],
                [
                    720.96,
                    957.96
                ],
                [
                    720,
                    964.0079999999999
                ],
                [
                    715.008,
                    969.948
                ],
                [
                    714.048,
                    975.024
                ],
                [
                    706.9440000000001,
                    986.0400000000001
                ],
                [
                    697.92,
                    995.004
                ],
                [
                    696,
                    1006.992
                ],
                [
                    686.016,
                    1023.9480000000001
                ],
                [
                    680.0640000000001,
                    1029.024
                ],
                [
                    678.912,
                    1036.044
                ],
                [
                    673.92,
                    1040.04
                ],
                [
                    668.928,
                    1053.972
                ],
                [
                    662.976,
                    1063.0439999999999
                ],
                [
                    656.064,
                    1068.012
                ],
                [
                    656.064,
                    1080
                ],
                [
                    466.944,
                    1080
                ]
            ]
        },
        {
            "ID": "2",
            "CLASS": "페트병",
            "DETAILS": "무색단일",
            "DAMAGE": "원형",
            "DIRTINESS": "오염없음",
            "COVER": "없음",
            "TRANSPARENCY": "투명",
            "SHAPE": "기타 형태",
            "SHAPE_TYPE": "POLYGON",
            "POINTS": [
                [
                    1012.992,
                    509.976
                ],
                [
                    999.936,
                    506.952
                ],
                [
                    988.0319999999999,
                    505.98
                ],
                [
                    969.9839999999999,
                    497.988
                ],
                [
                    966.912,
                    497.988
                ],
                [
                    963.0720000000001,
                    494.964
                ],
                [
                    955.008,
                    493.99199999999996
                ],
                [
                    944.0640000000001,
                    489.996
                ],
                [
                    911.04,
                    474.98400000000004
                ],
                [
                    892.9920000000001,
                    462.99600000000004
                ],
                [
                    878.016,
                    451.00800000000004
                ],
                [
                    867.072,
                    439.02
                ],
                [
                    864.96,
                    434.05199999999996
                ],
                [
                    864.96,
                    424.98
                ],
                [
                    869.952,
                    420.012
                ],
                [
                    873.024,
                    412.02
                ],
                [
                    877.0559999999999,
                    408.024
                ],
                [
                    884.928,
                    405.97200000000004
                ],
                [
                    907.0079999999999,
                    378.972
                ],
                [
                    913.92,
                    363.96000000000004
                ],
                [
                    916.9920000000001,
                    362.016
                ],
                [
                    921.984,
                    351
                ],
                [
                    945.984,
                    312.984
                ],
                [
                    946.9440000000001,
                    308.988
                ],
                [
                    950.976,
                    305.964
                ],
                [
                    964.0319999999999,
                    281.01599999999996
                ],
                [
                    974.016,
                    269.02799999999996
                ],
                [
                    979.008,
                    259.956
                ],
                [
                    985.92,
                    254.016
                ],
                [
                    988.0319999999999,
                    249.048
                ],
                [
                    994.944,
                    245.052
                ],
                [
                    1014.9119999999999,
                    245.052
                ],
                [
                    1027.968,
                    247.968
                ],
                [
                    1047.936,
                    255.95999999999998
                ],
                [
                    1065.024,
                    266.976
                ],
                [
                    1081.92,
                    281.01599999999996
                ],
                [
                    1089.0240000000001,
                    294.94800000000004
                ],
                [
                    1084.9920000000002,
                    311.03999999999996
                ],
                [
                    1084.9920000000002,
                    317.952
                ],
                [
                    1081.92,
                    323.02799999999996
                ],
                [
                    1080,
                    332.964
                ],
                [
                    1070.9759999999999,
                    354.996
                ],
                [
                    1065.024,
                    375.94800000000004
                ],
                [
                    1060.0320000000002,
                    385.02
                ],
                [
                    1049.088,
                    424.008
                ],
                [
                    1045.056,
                    429.94800000000004
                ],
                [
                    1041.0240000000001,
                    443.016
                ],
                [
                    1033.92,
                    475.95599999999996
                ],
                [
                    1036.992,
                    483.948
                ],
                [
                    1036.992,
                    490.968
                ],
                [
                    1032,
                    497.016
                ],
                [
                    1031.04,
                    504.036
                ],
                [
                    1023.936,
                    509.004
                ],
                [
                    1018.944,
                    509.004
                ],
                [
                    1017.984,
                    509.976
                ],
                [
                    1012.992,
                    509.976
                ]
            ]
        },
        {
            "ID": "3",
            "CLASS": "페트병",
            "DETAILS": "무색단일",
            "DAMAGE": "찌그러짐",
            "DIRTINESS": "오염없음",
            "COVER": "없음",
            "TRANSPARENCY": "투명",
            "SHAPE": "기타 형태",
            "SHAPE_TYPE": "POLYGON",
            "POINTS": [
                [
                    987.072,
                    759.996
                ],
                [
                    959.04,
                    759.024
                ],
                [
                    950.976,
                    756.972
                ],
                [
                    932.928,
                    753.9480000000001
                ],
                [
                    924.096,
                    751.032
                ],
                [
                    913.92,
                    749.952
                ],
                [
                    907.0079999999999,
                    747.036
                ],
                [
                    902.016,
                    745.956
                ],
                [
                    894.912,
                    745.956
                ],
                [
                    886.08,
                    743.04
                ],
                [
                    873.984,
                    741.96
                ],
                [
                    860.928,
                    737.964
                ],
                [
                    836.928,
                    732.024
                ],
                [
                    829.056,
                    728.028
                ],
                [
                    824.0640000000001,
                    721.98
                ],
                [
                    825.024,
                    713.988
                ],
                [
                    830.0160000000001,
                    705.996
                ],
                [
                    829.056,
                    664.956
                ],
                [
                    830.0160000000001,
                    610.956
                ],
                [
                    835.008,
                    601.02
                ],
                [
                    839.04,
                    586.98
                ],
                [
                    839.04,
                    583.9559999999999
                ],
                [
                    845.952,
                    563.976
                ],
                [
                    849.024,
                    556.956
                ],
                [
                    898.944,
                    500.04
                ],
                [
                    898.944,
                    498.96000000000004
                ],
                [
                    907.968,
                    489.024
                ],
                [
                    907.968,
                    488.052
                ],
                [
                    912.9599999999999,
                    483.948
                ],
                [
                    915.072,
                    483.948
                ],
                [
                    924.096,
                    486
                ],
                [
                    930.048,
                    489.024
                ],
                [
                    932.928,
                    489.024
                ],
                [
                    945.024,
                    494.964
                ],
                [
                    950.0160000000001,
                    497.016
                ],
                [
                    958.08,
                    498.96000000000004
                ],
                [
                    964.9920000000001,
                    498.96000000000004
                ],
                [
                    969.9839999999999,
                    500.04
                ],
                [
                    977.0880000000001,
                    502.956
                ],
                [
                    983.04,
                    502.956
                ],
                [
                    992.0640000000001,
                    505.98
                ],
                [
                    1001.088,
                    505.98
                ],
                [
                    1012.032,
                    508.032
                ],
                [
                    1016.064,
                    513
                ],
                [
                    1016.064,
                    517.9680000000001
                ],
                [
                    1019.904,
                    528.984
                ],
                [
                    1021.056,
                    544.9680000000001
                ],
                [
                    1030.08,
                    590.004
                ],
                [
                    1030.08,
                    600.048
                ],
                [
                    1032,
                    606.96
                ],
                [
                    1032.96,
                    617.004
                ],
                [
                    1032,
                    628.02
                ],
                [
                    1030.08,
                    635.04
                ],
                [
                    1030.08,
                    640.98
                ],
                [
                    1025.0880000000002,
                    655.0200000000001
                ],
                [
                    1022.9760000000001,
                    667.008
                ],
                [
                    1019.904,
                    675
                ],
                [
                    1019.904,
                    678.9960000000001
                ],
                [
                    1016.064,
                    687.96
                ],
                [
                    1014.9119999999999,
                    695.952
                ],
                [
                    1008.9599999999999,
                    712.044
                ],
                [
                    1008.9599999999999,
                    717.0120000000001
                ],
                [
                    1006.08,
                    728.028
                ],
                [
                    1008,
                    737.964
                ],
                [
                    1007.04,
                    748.008
                ],
                [
                    1004.928,
                    752.004
                ],
                [
                    1002.048,
                    755.028
                ],
                [
                    997.0559999999999,
                    756.972
                ],
                [
                    993.9840000000002,
                    759.024
                ],
                [
                    988.0319999999999,
                    759.024
                ],
                [
                    987.072,
                    759.996
                ]
            ]
        },
        {
            "ID": "4",
            "CLASS": "페트병",
            "DETAILS": "무색단일",
            "DAMAGE": "찌그러짐",
            "DIRTINESS": "오염없음",
            "COVER": "겹침",
            "TRANSPARENCY": "투명",
            "SHAPE": "물통형",
            "SHAPE_TYPE": "POLYGON",
            "POINTS": [
                [
                    783.936,
                    509.976
                ],
                [
                    781.056,
                    478.98
                ],
                [
                    774.912,
                    448.956
                ],
                [
                    769.9200000000001,
                    439.99199999999996
                ],
                [
                    768.96,
                    432
                ],
                [
                    763.968,
                    420.984
                ],
                [
                    748.992,
                    393.012
                ],
                [
                    739.9680000000001,
                    382.968
                ],
                [
                    739.008,
                    378
                ],
                [
                    705.984,
                    347.00399999999996
                ],
                [
                    671.04,
                    324.972
                ],
                [
                    656.064,
                    319.032
                ],
                [
                    630.912,
                    312.984
                ],
                [
                    609.9839999999999,
                    309.96
                ],
                [
                    589.056,
                    309.96
                ],
                [
                    582.9119999999999,
                    308.988
                ],
                [
                    582.9119999999999,
                    301.968
                ],
                [
                    577.92,
                    293.00399999999996
                ],
                [
                    576.96,
                    235.00799999999998
                ],
                [
                    571.968,
                    208.00799999999998
                ],
                [
                    564.096,
                    188.028
                ],
                [
                    562.9440000000001,
                    178.956
                ],
                [
                    548.928,
                    151.956
                ],
                [
                    538.944,
                    138.996
                ],
                [
                    523.968,
                    126.036
                ],
                [
                    512.064,
                    118.044
                ],
                [
                    513.024,
                    108.97200000000001
                ],
                [
                    509.952,
                    96.012
                ],
                [
                    507.072,
                    53.028
                ],
                [
                    508.992,
                    41.04
                ],
                [
                    513.024,
                    34.992
                ],
                [
                    518.016,
                    33.048
                ],
                [
                    533.952,
                    15.011999999999999
                ],
                [
                    546.048,
                    7.02
                ],
                [
                    547.968,
                    7.02
                ],
                [
                    548.928,
                    0.972
                ],
                [
                    715.008,
                    0
                ],
                [
                    718.08,
                    3.024
                ],
                [
                    719.04,
                    10.043999999999999
                ],
                [
                    724.0319999999999,
                    18.035999999999998
                ],
                [
                    724.992,
                    34.992
                ],
                [
                    730.944,
                    57.995999999999995
                ],
                [
                    763.0079999999999,
                    111.996
                ],
                [
                    782.016,
                    165.996
                ],
                [
                    787.968,
                    170.964
                ],
                [
                    836.928,
                    246.99599999999998
                ],
                [
                    840,
                    255.95999999999998
                ],
                [
                    849.024,
                    269.02799999999996
                ],
                [
                    859.008,
                    297
                ],
                [
                    873.024,
                    319.032
                ],
                [
                    873.984,
                    324.972
                ],
                [
                    873.024,
                    346.03200000000004
                ],
                [
                    860.928,
                    374.004
                ],
                [
                    840.96,
                    411.048
                ],
                [
                    820.0319999999999,
                    439.99199999999996
                ],
                [
                    820.0319999999999,
                    448.956
                ],
                [
                    828.096,
                    458.02799999999996
                ],
                [
                    835.008,
                    475.95599999999996
                ],
                [
                    834.048,
                    489.024
                ],
                [
                    828.096,
                    494.964
                ],
                [
                    822.9119999999999,
                    497.988
                ],
                [
                    820.0319999999999,
                    497.988
                ],
                [
                    814.0799999999999,
                    502.956
                ],
                [
                    801.984,
                    504.036
                ],
                [
                    783.936,
                    509.976
                ]
            ]
        }
    ]
}