{
    "IMAGE_INFO": {
        "FILE_NAME": "1002128@0_03001_220907_P1_T3__1946.jpg",
        "DATE": "2022-10-24 16:25:54",
        "RESOLUTION": "1920 x 1080",
        "IMAGE_PHOTOGRAPHER": "이지은",
        "FOCUS_DISTANCE": "5.6",
        "EXPOSURE_TIME": "1/400",
        "SENSITIVITY_ISO": "4000",
        "PLACE": "용인시재활용센터",
        "REGION_NAME": null,
        "Direction": "0",
        "HEIGHT": "100",
        "DAY/NIGHT": "주간",
        "WEATHER": "맑음",
        "IMAGE_HEIGHT": 1080,
        "IMAGE_WIDTH": 1920,
        "IMAGE_SIZE": "627.7 KB"
    },
    "ANNOTATION_INFO": [
        {
            "ID": "1",
            "CLASS": "페트병",
            "DETAILS": "무색단일",
            "DAMAGE": "원형",
            "DIRTINESS": "이물질(외부)",
            "COVER": "없음",
            "TRANSPARENCY": "투명",
            "SHAPE": "물통형",
            "SHAPE_TYPE": "POLYGON",
            "POINTS": [
                [
                    798.912,
                    898.02
                ],
                [
                    782.016,
                    895.968
                ],
                [
                    774.912,
                    894.024
                ],
                [
                    766.08,
                    888.9480000000001
                ],
                [
                    759.9359999999999,
                    879.012
                ],
                [
                    750.912,
                    845.9639999999999
                ],
                [
                    753.984,
                    841.968
                ],
                [
                    748.992,
                    829.9799999999999
                ],
                [
                    747.072,
                    802.98
                ],
                [
                    748.992,
                    759.996
                ],
                [
                    747.072,
                    736.02
                ],
                [
                    758.016,
                    716.0400000000001
                ],
                [
                    778.944,
                    706.968
                ],
                [
                    795.072,
                    702.972
                ],
                [
                    822.9119999999999,
                    702
                ],
                [
                    830.976,
                    699.948
                ],
                [
                    844.0319999999999,
                    699.948
                ],
                [
                    873.984,
                    697.0319999999999
                ],
                [
                    897.984,
                    697.0319999999999
                ],
                [
                    926.016,
                    694.0079999999999
                ],
                [
                    936.96,
                    690.984
                ],
                [
                    951.936,
                    690.0120000000001
                ],
                [
                    966.912,
                    686.9879999999999
                ],
                [
                    988.992,
                    686.016
                ],
                [
                    1003.9680000000001,
                    682.992
                ],
                [
                    1041.984,
                    679.9680000000001
                ],
                [
                    1075.0079999999998,
                    681.048
                ],
                [
                    1083.0720000000001,
                    678.024
                ],
                [
                    1113.9840000000002,
                    671.976
                ],
                [
                    1134.9119999999998,
                    671.976
                ],
                [
                    1176,
                    667.98
                ],
                [
                    1185.024,
                    666.0360000000001
                ],
                [
                    1209.0240000000001,
                    663.984
                ],
                [
                    1220.928,
                    660.96
                ],
                [
                    1244.9279999999999,
                    659.016
                ],
                [
                    1265.0880000000002,
                    659.016
                ],
                [
                    1290.048,
                    668.952
                ],
                [
                    1305.9840000000002,
                    678.024
                ],
                [
                    1315.968,
                    683.9639999999999
                ],
                [
                    1324.9920000000002,
                    691.956
                ],
                [
                    1342.08,
                    702
                ],
                [
                    1347.0720000000001,
                    706.968
                ],
                [
                    1387.968,
                    709.02
                ],
                [
                    1396.032,
                    712.044
                ],
                [
                    1402.944,
                    725.004
                ],
                [
                    1405.056,
                    736.02
                ],
                [
                    1406.976,
                    759.024
                ],
                [
                    1402.944,
                    770.04
                ],
                [
                    1397.952,
                    772.956
                ],
                [
                    1390.08,
                    775.008
                ],
                [
                    1363.968,
                    778.032
                ],
                [
                    1358.9759999999999,
                    780.948
                ],
                [
                    1344,
                    794.9879999999999
                ],
                [
                    1334.0159999999998,
                    810
                ],
                [
                    1326.912,
                    813.9960000000001
                ],
                [
                    1323.0720000000001,
                    821.9879999999999
                ],
                [
                    1318.08,
                    824.04
                ],
                [
                    1318.08,
                    825.984
                ],
                [
                    1299.072,
                    841.968
                ],
                [
                    1287.936,
                    848.016
                ],
                [
                    1277.952,
                    852.0120000000001
                ],
                [
                    1257.984,
                    856.0079999999999
                ],
                [
                    1228.032,
                    856.98
                ],
                [
                    1210.944,
                    860.976
                ],
                [
                    1200,
                    860.976
                ],
                [
                    1176,
                    864
                ],
                [
                    1158.912,
                    863.028
                ],
                [
                    1118.016,
                    868.968
                ],
                [
                    1094.0159999999998,
                    867.996
                ],
                [
                    1075.0079999999998,
                    872.964
                ],
                [
                    1052.9279999999999,
                    874.044
                ],
                [
                    1045.056,
                    875.988
                ],
                [
                    1025.0880000000002,
                    875.988
                ],
                [
                    1002.048,
                    879.012
                ],
                [
                    969.0240000000001,
                    879.012
                ],
                [
                    911.04,
                    883.008
                ],
                [
                    884.928,
                    887.976
                ],
                [
                    872.064,
                    893.052
                ],
                [
                    864,
                    891.972
                ],
                [
                    848.064,
                    895.968
                ],
                [
                    825.024,
                    898.02
                ],
                [
                    798.912,
                    898.02
                ]
            ]
        },
        {
            "ID": "2",
            "CLASS": "페트병",
            "DETAILS": "무색단일",
            "DAMAGE": "찌그러짐",
            "DIRTINESS": "이물질(외부)",
            "COVER": "없음",
            "TRANSPARENCY": "투명",
            "SHAPE": "물통형",
            "SHAPE_TYPE": "POLYGON",
            "POINTS": [
                [
                    571.968,
                    458.02799999999996
                ],
                [
                    557.952,
                    455.004
                ],
                [
                    509.952,
                    434.05199999999996
                ],
                [
                    504,
                    434.05199999999996
                ],
                [
                    490.94399999999996,
                    423.036
                ],
                [
                    476.928,
                    417.96000000000004
                ],
                [
                    473.088,
                    417.96000000000004
                ],
                [
                    462.91200000000003,
                    412.02
                ],
                [
                    456,
                    411.048
                ],
                [
                    417.024,
                    389.988
                ],
                [
                    398.016,
                    374.976
                ],
                [
                    397.05600000000004,
                    371.952
                ],
                [
                    397.05600000000004,
                    359.964
                ],
                [
                    403.008,
                    338.04
                ],
                [
                    408.96,
                    324.972
                ],
                [
                    416.064,
                    317.952
                ],
                [
                    417.024,
                    311.03999999999996
                ],
                [
                    427.96799999999996,
                    289.008
                ],
                [
                    433.92,
                    282.96000000000004
                ],
                [
                    440.06399999999996,
                    262.98
                ],
                [
                    452.928,
                    243.97199999999998
                ],
                [
                    452.928,
                    238.032
                ],
                [
                    460.03200000000004,
                    223.01999999999998
                ],
                [
                    470.01599999999996,
                    211.03199999999998
                ],
                [
                    470.976,
                    197.964
                ],
                [
                    484.032,
                    176.04000000000002
                ],
                [
                    488.06399999999996,
                    162.972
                ],
                [
                    500.92800000000005,
                    142.992
                ],
                [
                    509.952,
                    120.96000000000001
                ],
                [
                    513.984,
                    115.99199999999999
                ],
                [
                    524.928,
                    108.97200000000001
                ],
                [
                    536.064,
                    99.036
                ],
                [
                    537.984,
                    95.03999999999999
                ],
                [
                    542.016,
                    61.02
                ],
                [
                    547.0079999999999,
                    38.988
                ],
                [
                    569.088,
                    0
                ],
                [
                    781.056,
                    0
                ],
                [
                    776.064,
                    24.948
                ],
                [
                    771.072,
                    37.044
                ],
                [
                    769.9200000000001,
                    57.024
                ],
                [
                    767.0400000000001,
                    65.988
                ],
                [
                    744.96,
                    104.976
                ],
                [
                    734.016,
                    134.028
                ],
                [
                    728.064,
                    142.992
                ],
                [
                    715.9680000000001,
                    172.04399999999998
                ],
                [
                    705.024,
                    182.952
                ],
                [
                    696.96,
                    185.976
                ],
                [
                    691.968,
                    192.024
                ],
                [
                    691.008,
                    222.048
                ],
                [
                    685.056,
                    238.032
                ],
                [
                    680.0640000000001,
                    243.97199999999998
                ],
                [
                    676.9920000000001,
                    259.956
                ],
                [
                    672,
                    270
                ],
                [
                    665.088,
                    277.992
                ],
                [
                    657.024,
                    304.99199999999996
                ],
                [
                    648.96,
                    312.984
                ],
                [
                    648,
                    324.972
                ],
                [
                    643.0079999999999,
                    335.01599999999996
                ],
                [
                    634.944,
                    344.952
                ],
                [
                    634.944,
                    353.052
                ],
                [
                    630.912,
                    363.96000000000004
                ],
                [
                    620.928,
                    374.976
                ],
                [
                    619.9680000000001,
                    385.992
                ],
                [
                    614.976,
                    397.008
                ],
                [
                    606.912,
                    408.024
                ],
                [
                    605.952,
                    417.96000000000004
                ],
                [
                    600.96,
                    428.976
                ],
                [
                    591.936,
                    444.96
                ],
                [
                    582.9119999999999,
                    455.004
                ],
                [
                    571.968,
                    458.02799999999996
                ]
            ]
        }
    ]
}