{
    "IMAGE_INFO": {
        "FILE_NAME": "1002243@0_03001_220907_P1_T3__2190.jpg",
        "DATE": "2022-10-24 16:26:28",
        "RESOLUTION": "1920 x 1080",
        "IMAGE_PHOTOGRAPHER": "이지은",
        "FOCUS_DISTANCE": "5.6",
        "EXPOSURE_TIME": "1/400",
        "SENSITIVITY_ISO": "4000",
        "PLACE": "용인시재활용센터",
        "REGION_NAME": null,
        "Direction": "0",
        "HEIGHT": "100",
        "DAY/NIGHT": "주간",
        "WEATHER": "맑음",
        "IMAGE_HEIGHT": 1080,
        "IMAGE_WIDTH": 1920,
        "IMAGE_SIZE": "629.1 KB"
    },
    "ANNOTATION_INFO": [
        {
            "ID": "1",
            "CLASS": "페트병",
            "DETAILS": "무색단일",
            "DAMAGE": "원형",
            "DIRTINESS": "이물질(외부)",
            "COVER": "겹침",
            "TRANSPARENCY": "투명",
            "SHAPE": "물통형",
            "SHAPE_TYPE": "POLYGON",
            "POINTS": [
                [
                    1171.008,
                    524.9879999999999
                ],
                [
                    1155.0720000000001,
                    517.9680000000001
                ],
                [
                    1136.064,
                    497.988
                ],
                [
                    1126.08,
                    477.036
                ],
                [
                    1126.08,
                    459.972
                ],
                [
                    1123.008,
                    451.00800000000004
                ],
                [
                    1114.944,
                    442.044
                ],
                [
                    1105.9199999999998,
                    427.032
                ],
                [
                    1102.08,
                    409.968
                ],
                [
                    1095.936,
                    401.976
                ],
                [
                    1089.984,
                    385.992
                ],
                [
                    1093.056,
                    367.956
                ],
                [
                    1084.9920000000002,
                    358.02000000000004
                ],
                [
                    1079.0400000000002,
                    354.996
                ],
                [
                    1075.0079999999998,
                    348.948
                ],
                [
                    1070.016,
                    331.02
                ],
                [
                    1056,
                    301.968
                ],
                [
                    1051.968,
                    254.016
                ],
                [
                    1042.944,
                    236.95200000000003
                ],
                [
                    1041.984,
                    228.95999999999998
                ],
                [
                    1033.92,
                    219.024
                ],
                [
                    1032,
                    208.00799999999998
                ],
                [
                    1017.0239999999999,
                    185.00400000000002
                ],
                [
                    1016.064,
                    146.016
                ],
                [
                    1012.992,
                    137.05200000000002
                ],
                [
                    1012.992,
                    123.012
                ],
                [
                    1009.9200000000001,
                    115.02
                ],
                [
                    1012.032,
                    76.03200000000001
                ],
                [
                    1009.9200000000001,
                    73.98
                ],
                [
                    1012.032,
                    56.052
                ],
                [
                    1008.9599999999999,
                    50.004
                ],
                [
                    1009.9200000000001,
                    18.035999999999998
                ],
                [
                    1008.9599999999999,
                    6.048
                ],
                [
                    1006.08,
                    0
                ],
                [
                    1157.952,
                    0
                ],
                [
                    1161.984,
                    6.048
                ],
                [
                    1161.0240000000001,
                    18.035999999999998
                ],
                [
                    1171.968,
                    33.048
                ],
                [
                    1191.9360000000001,
                    84.02399999999999
                ],
                [
                    1200.9599999999998,
                    99.036
                ],
                [
                    1214.976,
                    134.028
                ],
                [
                    1230.912,
                    165.996
                ],
                [
                    1232.064,
                    185.00400000000002
                ],
                [
                    1234.944,
                    193.96800000000002
                ],
                [
                    1248,
                    207.036
                ],
                [
                    1253.952,
                    216
                ],
                [
                    1263.936,
                    245.052
                ],
                [
                    1272.96,
                    262.98
                ],
                [
                    1275.0720000000001,
                    281.988
                ],
                [
                    1286.976,
                    296.028
                ],
                [
                    1292.9279999999999,
                    307.044
                ],
                [
                    1297.92,
                    324.972
                ],
                [
                    1310.016,
                    348.948
                ],
                [
                    1314.048,
                    374.004
                ],
                [
                    1329.0240000000001,
                    392.03999999999996
                ],
                [
                    1335.936,
                    417.96000000000004
                ],
                [
                    1335.936,
                    443.016
                ],
                [
                    1333.056,
                    456.948
                ],
                [
                    1315.968,
                    470.988
                ],
                [
                    1302.912,
                    471.96
                ],
                [
                    1292.9279999999999,
                    474.98400000000004
                ],
                [
                    1271.04,
                    486
                ],
                [
                    1265.0880000000002,
                    490.968
                ],
                [
                    1243.968,
                    497.988
                ],
                [
                    1219.9679999999998,
                    509.976
                ],
                [
                    1199.0400000000002,
                    516.024
                ],
                [
                    1194.048,
                    520.992
                ],
                [
                    1184.064,
                    524.9879999999999
                ],
                [
                    1171.008,
                    524.9879999999999
                ]
            ]
        },
        {
            "ID": "2",
            "CLASS": "페트병",
            "DETAILS": "무색단일",
            "DAMAGE": "찌그러짐",
            "DIRTINESS": "이물질(외부)",
            "COVER": "없음",
            "TRANSPARENCY": "투명",
            "SHAPE": "물통형",
            "SHAPE_TYPE": "POLYGON",
            "POINTS": [
                [
                    940.992,
                    528.0120000000001
                ],
                [
                    931.008,
                    525.96
                ],
                [
                    929.088,
                    523.044
                ],
                [
                    926.976,
                    523.044
                ],
                [
                    922.9440000000001,
                    513
                ],
                [
                    921.984,
                    479.952
                ],
                [
                    918.912,
                    477.036
                ],
                [
                    897.024,
                    467.964
                ],
                [
                    878.016,
                    454.032
                ],
                [
                    855.9359999999999,
                    424.98
                ],
                [
                    835.9680000000001,
                    382.968
                ],
                [
                    824.0640000000001,
                    350.028
                ],
                [
                    807.936,
                    250.02
                ],
                [
                    811.008,
                    215.028
                ],
                [
                    802.9440000000001,
                    188.028
                ],
                [
                    801.984,
                    177.984
                ],
                [
                    802.9440000000001,
                    153.036
                ],
                [
                    800.0640000000001,
                    145.044
                ],
                [
                    800.0640000000001,
                    116.964
                ],
                [
                    796.9920000000001,
                    96.98400000000001
                ],
                [
                    798.912,
                    77.004
                ],
                [
                    796.9920000000001,
                    68.04
                ],
                [
                    798.912,
                    0
                ],
                [
                    1022.9760000000001,
                    0
                ],
                [
                    1022.9760000000001,
                    11.988000000000001
                ],
                [
                    1018.944,
                    24.948
                ],
                [
                    1018.944,
                    42.984
                ],
                [
                    1016.064,
                    49.032000000000004
                ],
                [
                    1016.064,
                    60.047999999999995
                ],
                [
                    1012.992,
                    65.988
                ],
                [
                    1012.992,
                    80.028
                ],
                [
                    1008.9599999999999,
                    103.032
                ],
                [
                    1011.0719999999999,
                    173.988
                ],
                [
                    1012.992,
                    188.028
                ],
                [
                    1019.904,
                    204.012
                ],
                [
                    1027.968,
                    211.03199999999998
                ],
                [
                    1037.952,
                    223.992
                ],
                [
                    1051.968,
                    249.048
                ],
                [
                    1049.088,
                    297.972
                ],
                [
                    1049.088,
                    358.02000000000004
                ],
                [
                    1047.936,
                    362.988
                ],
                [
                    1041.984,
                    371.952
                ],
                [
                    1036.032,
                    400.032
                ],
                [
                    1022.9760000000001,
                    431.028
                ],
                [
                    1012.992,
                    444.96
                ],
                [
                    1003.0079999999999,
                    455.004
                ],
                [
                    988.0319999999999,
                    466.02
                ],
                [
                    983.9999999999999,
                    471.96
                ],
                [
                    987.072,
                    474.98400000000004
                ],
                [
                    987.072,
                    489.024
                ],
                [
                    989.9519999999999,
                    497.016
                ],
                [
                    989.9519999999999,
                    513
                ],
                [
                    982.0799999999999,
                    521.964
                ],
                [
                    974.016,
                    524.9879999999999
                ],
                [
                    940.992,
                    528.0120000000001
                ]
            ]
        },
        {
            "ID": "3",
            "CLASS": "페트병",
            "DETAILS": "무색단일",
            "DAMAGE": "원형",
            "DIRTINESS": "이물질(외부)",
            "COVER": "없음",
            "TRANSPARENCY": "투명",
            "SHAPE": "물통형",
            "SHAPE_TYPE": "POLYGON",
            "POINTS": [
                [
                    427.96799999999996,
                    448.956
                ],
                [
                    418.944,
                    444.96
                ],
                [
                    414.912,
                    439.99199999999996
                ],
                [
                    397.05600000000004,
                    428.976
                ],
                [
                    389.952,
                    421.956
                ],
                [
                    364.032,
                    404.02799999999996
                ],
                [
                    287.03999999999996,
                    339.012
                ],
                [
                    268.992,
                    316.97999999999996
                ],
                [
                    267.072,
                    309.96
                ],
                [
                    268.992,
                    299.05199999999996
                ],
                [
                    279.93600000000004,
                    277.02
                ],
                [
                    302.01599999999996,
                    259.956
                ],
                [
                    315.072,
                    254.016
                ],
                [
                    326.976,
                    243
                ],
                [
                    326.976,
                    239.976
                ],
                [
                    332.928,
                    234.036
                ],
                [
                    335.03999999999996,
                    223.01999999999998
                ],
                [
                    340.03200000000004,
                    215.028
                ],
                [
                    360,
                    200.016
                ],
                [
                    360,
                    193.96800000000002
                ],
                [
                    368.064,
                    185.00400000000002
                ],
                [
                    374.976,
                    177.984
                ],
                [
                    393.024,
                    166.968
                ],
                [
                    394.94399999999996,
                    162.972
                ],
                [
                    406.08,
                    154.008
                ],
                [
                    426.048,
                    142.992
                ],
                [
                    436.992,
                    127.008
                ],
                [
                    438.912,
                    115.99199999999999
                ],
                [
                    459.072,
                    101.952
                ],
                [
                    465.984,
                    95.03999999999999
                ],
                [
                    465.984,
                    89.964
                ],
                [
                    474.048,
                    83.05199999999999
                ],
                [
                    488.06399999999996,
                    78.948
                ],
                [
                    491.904,
                    65.01599999999999
                ],
                [
                    500.92800000000005,
                    54.972
                ],
                [
                    503.04,
                    46.98
                ],
                [
                    512.064,
                    37.044
                ],
                [
                    515.904,
                    23.003999999999998
                ],
                [
                    527.0400000000001,
                    15.011999999999999
                ],
                [
                    537.984,
                    0
                ],
                [
                    781.056,
                    0
                ],
                [
                    778.944,
                    31.968
                ],
                [
                    763.0079999999999,
                    61.02
                ],
                [
                    757.0559999999999,
                    101.952
                ],
                [
                    748.032,
                    112.968
                ],
                [
                    729.9839999999999,
                    127.97999999999999
                ],
                [
                    725.952,
                    135.972
                ],
                [
                    708.096,
                    153.036
                ],
                [
                    705.984,
                    158.00400000000002
                ],
                [
                    671.04,
                    197.964
                ],
                [
                    660.096,
                    204.984
                ],
                [
                    654.912,
                    207.036
                ],
                [
                    646.08,
                    208.00799999999998
                ],
                [
                    639.9359999999999,
                    212.004
                ],
                [
                    634.944,
                    219.99599999999998
                ],
                [
                    634.944,
                    228.95999999999998
                ],
                [
                    628.992,
                    245.052
                ],
                [
                    619.9680000000001,
                    255.95999999999998
                ],
                [
                    610.944,
                    262.98
                ],
                [
                    595.9680000000001,
                    285.012
                ],
                [
                    581.952,
                    296.028
                ],
                [
                    574.0799999999999,
                    311.03999999999996
                ],
                [
                    557.952,
                    324
                ],
                [
                    556.032,
                    331.02
                ],
                [
                    545.088,
                    344.952
                ],
                [
                    536.064,
                    350.028
                ],
                [
                    532.032,
                    359.964
                ],
                [
                    504.96000000000004,
                    384.048
                ],
                [
                    504.96000000000004,
                    389.016
                ],
                [
                    484.99199999999996,
                    411.048
                ],
                [
                    480.96,
                    421.956
                ],
                [
                    459.072,
                    439.99199999999996
                ],
                [
                    446.016,
                    447.012
                ],
                [
                    438.912,
                    448.956
                ],
                [
                    427.96799999999996,
                    448.956
                ]
            ]
        }
    ]
}