{
    "IMAGE_INFO": {
        "FILE_NAME": "1002451@0_03001_220907_P1_T3__2054.jpg",
        "DATE": "2022-10-24 16:35:00",
        "RESOLUTION": "1920 x 1080",
        "IMAGE_PHOTOGRAPHER": "이지은",
        "FOCUS_DISTANCE": "5.6",
        "EXPOSURE_TIME": "1/400",
        "SENSITIVITY_ISO": "4000",
        "PLACE": "용인시재활용센터",
        "REGION_NAME": null,
        "Direction": "0",
        "HEIGHT": "100",
        "DAY/NIGHT": "주간",
        "WEATHER": "맑음",
        "IMAGE_HEIGHT": 1080,
        "IMAGE_WIDTH": 1920,
        "IMAGE_SIZE": "620.4 KB"
    },
    "ANNOTATION_INFO": [
        {
            "ID": "1",
            "CLASS": "페트병",
            "DETAILS": "무색단일",
            "DAMAGE": "원형",
            "DIRTINESS": "이물질(외부)",
            "COVER": "없음",
            "TRANSPARENCY": "투명",
            "SHAPE": "물통형",
            "SHAPE_TYPE": "POLYGON",
            "POINTS": [
                [
                    809.088,
                    721.0079999999999
                ],
                [
                    796.9920000000001,
                    718.9559999999999
                ],
                [
                    792,
                    716.0400000000001
                ],
                [
                    782.016,
                    699.948
                ],
                [
                    771.072,
                    659.9879999999999
                ],
                [
                    766.08,
                    629.964
                ],
                [
                    763.0079999999999,
                    577.044
                ],
                [
                    758.976,
                    559.0079999999999
                ],
                [
                    755.904,
                    510.94800000000004
                ],
                [
                    753.024,
                    501.012
                ],
                [
                    750.912,
                    467.964
                ],
                [
                    747.072,
                    451.00800000000004
                ],
                [
                    742.08,
                    382.968
                ],
                [
                    739.9680000000001,
                    304.02
                ],
                [
                    745.9200000000001,
                    243.97199999999998
                ],
                [
                    753.024,
                    220.96800000000002
                ],
                [
                    759.9359999999999,
                    208.00799999999998
                ],
                [
                    777.024,
                    188.028
                ],
                [
                    787.968,
                    177.984
                ],
                [
                    792,
                    168.04799999999997
                ],
                [
                    783.936,
                    150.984
                ],
                [
                    783.936,
                    119.988
                ],
                [
                    788.928,
                    115.02
                ],
                [
                    819.072,
                    115.02
                ],
                [
                    829.056,
                    119.988
                ],
                [
                    839.04,
                    120.96000000000001
                ],
                [
                    843.072,
                    123.012
                ],
                [
                    848.064,
                    130.03199999999998
                ],
                [
                    853.0559999999999,
                    147.96
                ],
                [
                    851.904,
                    153.036
                ],
                [
                    846.912,
                    158.00400000000002
                ],
                [
                    848.064,
                    165.024
                ],
                [
                    854.976,
                    173.988
                ],
                [
                    858.048,
                    173.988
                ],
                [
                    859.9680000000001,
                    177.984
                ],
                [
                    881.088,
                    189
                ],
                [
                    883.0079999999999,
                    192.996
                ],
                [
                    887.0400000000001,
                    193.96800000000002
                ],
                [
                    892.032,
                    200.988
                ],
                [
                    906.048,
                    227.016
                ],
                [
                    912,
                    254.016
                ],
                [
                    916.032,
                    262.00800000000004
                ],
                [
                    921.984,
                    289.008
                ],
                [
                    924.096,
                    324
                ],
                [
                    929.088,
                    335.01599999999996
                ],
                [
                    931.968,
                    429.94800000000004
                ],
                [
                    935.04,
                    443.016
                ],
                [
                    936.96,
                    493.99199999999996
                ],
                [
                    940.0319999999999,
                    506.952
                ],
                [
                    942.9119999999999,
                    556.956
                ],
                [
                    949.056,
                    579.96
                ],
                [
                    956.928,
                    635.04
                ],
                [
                    956.928,
                    672.948
                ],
                [
                    953.088,
                    690.984
                ],
                [
                    946.9440000000001,
                    702.972
                ],
                [
                    940.0319999999999,
                    708.048
                ],
                [
                    936,
                    709.02
                ],
                [
                    917.952,
                    709.02
                ],
                [
                    907.968,
                    705.996
                ],
                [
                    892.032,
                    717.9839999999999
                ],
                [
                    859.9680000000001,
                    718.9559999999999
                ],
                [
                    853.0559999999999,
                    713.988
                ],
                [
                    844.992,
                    713.016
                ],
                [
                    839.04,
                    713.988
                ],
                [
                    834.048,
                    717.9839999999999
                ],
                [
                    821.952,
                    721.0079999999999
                ],
                [
                    809.088,
                    721.0079999999999
                ]
            ]
        },
        {
            "ID": "2",
            "CLASS": "페트병",
            "DETAILS": "무색단일",
            "DAMAGE": "찌그러짐",
            "DIRTINESS": "오염없음",
            "COVER": "없음",
            "TRANSPARENCY": "투명",
            "SHAPE": "물통형",
            "SHAPE_TYPE": "POLYGON",
            "POINTS": [
                [
                    566.976,
                    1080
                ],
                [
                    569.088,
                    1073.952
                ],
                [
                    569.088,
                    1037.016
                ],
                [
                    571.008,
                    1028.052
                ],
                [
                    571.008,
                    1009.044
                ],
                [
                    574.0799999999999,
                    999
                ],
                [
                    574.0799999999999,
                    988.9559999999999
                ],
                [
                    576,
                    972
                ],
                [
                    581.952,
                    960.0120000000001
                ],
                [
                    584.0640000000001,
                    959.04
                ],
                [
                    584.0640000000001,
                    956.9879999999999
                ],
                [
                    586.9440000000001,
                    955.044
                ],
                [
                    600.96,
                    938.952
                ],
                [
                    604.992,
                    932.04
                ],
                [
                    610.944,
                    925.9920000000001
                ],
                [
                    617.0880000000001,
                    917.028
                ],
                [
                    618.048,
                    914.004
                ],
                [
                    618.048,
                    910.98
                ],
                [
                    614.016,
                    905.04
                ],
                [
                    613.0559999999999,
                    898.9920000000001
                ],
                [
                    610.944,
                    882.036
                ],
                [
                    610.944,
                    876.96
                ],
                [
                    611.904,
                    874.044
                ],
                [
                    615.9359999999999,
                    871.992
                ],
                [
                    629.952,
                    868.968
                ],
                [
                    638.976,
                    864.972
                ],
                [
                    644.928,
                    863.028
                ],
                [
                    649.9200000000001,
                    861.948
                ],
                [
                    668.928,
                    861.948
                ],
                [
                    671.04,
                    863.028
                ],
                [
                    672.9599999999999,
                    866.0519999999999
                ],
                [
                    677.952,
                    882.036
                ],
                [
                    678.912,
                    891.972
                ],
                [
                    677.952,
                    902.0160000000001
                ],
                [
                    678.912,
                    903.9599999999999
                ],
                [
                    686.016,
                    911.952
                ],
                [
                    700.0319999999999,
                    921.996
                ],
                [
                    714.048,
                    929.9879999999999
                ],
                [
                    715.9680000000001,
                    929.9879999999999
                ],
                [
                    724.0319999999999,
                    933.984
                ],
                [
                    729.9839999999999,
                    945
                ],
                [
                    730.944,
                    951.048
                ],
                [
                    734.976,
                    959.04
                ],
                [
                    738.048,
                    968.976
                ],
                [
                    737.0880000000001,
                    976.968
                ],
                [
                    739.008,
                    990.036
                ],
                [
                    738.048,
                    995.976
                ],
                [
                    740.928,
                    1001.0519999999999
                ],
                [
                    743.04,
                    1019.952
                ],
                [
                    743.04,
                    1030.968
                ],
                [
                    744.96,
                    1037.988
                ],
                [
                    745.9200000000001,
                    1045.98
                ],
                [
                    745.9200000000001,
                    1060.992
                ],
                [
                    748.032,
                    1080
                ],
                [
                    566.976,
                    1080
                ]
            ]
        },
        {
            "ID": "3",
            "CLASS": "페트병",
            "DETAILS": "무색단일",
            "DAMAGE": "찌그러짐",
            "DIRTINESS": "이물질(외부)",
            "COVER": "없음",
            "TRANSPARENCY": "투명",
            "SHAPE": "물통형",
            "SHAPE_TYPE": "POLYGON",
            "POINTS": [
                [
                    835.008,
                    1080
                ],
                [
                    834.048,
                    1073.952
                ],
                [
                    828.096,
                    1069.9560000000001
                ],
                [
                    825.024,
                    1064.0159999999998
                ],
                [
                    824.0640000000001,
                    1055.052
                ],
                [
                    811.968,
                    1041.984
                ],
                [
                    809.088,
                    1032.048
                ],
                [
                    802.9440000000001,
                    1028.052
                ],
                [
                    796.032,
                    1010.988
                ],
                [
                    787.0079999999999,
                    998.028
                ],
                [
                    776.064,
                    987.0120000000001
                ],
                [
                    764.928,
                    963.0360000000001
                ],
                [
                    744.96,
                    934.956
                ],
                [
                    738.048,
                    918.972
                ],
                [
                    729.024,
                    909.0360000000001
                ],
                [
                    702.9119999999999,
                    863.028
                ],
                [
                    694.0799999999999,
                    852.0120000000001
                ],
                [
                    681.984,
                    828.0360000000001
                ],
                [
                    681.984,
                    790.0200000000001
                ],
                [
                    691.008,
                    751.032
                ],
                [
                    691.008,
                    736.02
                ],
                [
                    678.912,
                    729
                ],
                [
                    670.0799999999999,
                    717.0120000000001
                ],
                [
                    666.048,
                    708.048
                ],
                [
                    667.0079999999999,
                    697.0319999999999
                ],
                [
                    691.968,
                    678.9960000000001
                ],
                [
                    696.96,
                    678.024
                ],
                [
                    700.992,
                    674.028
                ],
                [
                    709.056,
                    672.948
                ],
                [
                    711.936,
                    670.0319999999999
                ],
                [
                    719.04,
                    670.0319999999999
                ],
                [
                    728.064,
                    678.024
                ],
                [
                    734.016,
                    686.9879999999999
                ],
                [
                    739.9680000000001,
                    698.976
                ],
                [
                    740.928,
                    708.048
                ],
                [
                    747.072,
                    713.016
                ],
                [
                    785.088,
                    721.98
                ],
                [
                    796.032,
                    725.976
                ],
                [
                    812.928,
                    733.968
                ],
                [
                    824.0640000000001,
                    744.9839999999999
                ],
                [
                    830.0160000000001,
                    753.9480000000001
                ],
                [
                    835.008,
                    768.9599999999999
                ],
                [
                    874.944,
                    833.976
                ],
                [
                    888.96,
                    849.96
                ],
                [
                    897.024,
                    868.968
                ],
                [
                    916.9920000000001,
                    897.048
                ],
                [
                    918.912,
                    905.04
                ],
                [
                    927.936,
                    920.052
                ],
                [
                    942.9119999999999,
                    941.0039999999999
                ],
                [
                    951.936,
                    948.9960000000001
                ],
                [
                    975.9359999999999,
                    987.0120000000001
                ],
                [
                    988.992,
                    1010.0160000000001
                ],
                [
                    993.024,
                    1022.004
                ],
                [
                    993.024,
                    1040.04
                ],
                [
                    988.992,
                    1049.9759999999999
                ],
                [
                    964.0319999999999,
                    1080
                ],
                [
                    835.008,
                    1080
                ]
            ]
        }
    ]
}