{
    "IMAGE_INFO": {
        "FILE_NAME": "1002190@0_03001_220907_P1_T3__1884.jpg",
        "DATE": "2022-10-24 16:25:46",
        "RESOLUTION": "1920 x 1080",
        "IMAGE_PHOTOGRAPHER": "이지은",
        "FOCUS_DISTANCE": "5.6",
        "EXPOSURE_TIME": "1/400",
        "SENSITIVITY_ISO": "4000",
        "PLACE": "용인시재활용센터",
        "REGION_NAME": null,
        "Direction": "0",
        "HEIGHT": "100",
        "DAY/NIGHT": "주간",
        "WEATHER": "맑음",
        "IMAGE_HEIGHT": 1080,
        "IMAGE_WIDTH": 1920,
        "IMAGE_SIZE": "669.9 KB"
    },
    "ANNOTATION_INFO": [
        {
            "ID": "1",
            "CLASS": "페트병",
            "DETAILS": "무색단일",
            "DAMAGE": "원형",
            "DIRTINESS": "이물질(외부)",
            "COVER": "없음",
            "TRANSPARENCY": "투명",
            "SHAPE": "물통형",
            "SHAPE_TYPE": "POLYGON",
            "POINTS": [
                [
                    585.984,
                    451.97999999999996
                ],
                [
                    548.928,
                    442.044
                ],
                [
                    534.912,
                    435.996
                ],
                [
                    518.016,
                    434.05199999999996
                ],
                [
                    508.992,
                    431.028
                ],
                [
                    499.968,
                    424.98
                ],
                [
                    494.97599999999994,
                    424.98
                ],
                [
                    488.06399999999996,
                    420.984
                ],
                [
                    483.072,
                    420.984
                ],
                [
                    471.936,
                    415.044
                ],
                [
                    465.024,
                    413.964
                ],
                [
                    456.96,
                    409.968
                ],
                [
                    433.92,
                    402.948
                ],
                [
                    408,
                    389.988
                ],
                [
                    406.08,
                    385.992
                ],
                [
                    406.08,
                    354.996
                ],
                [
                    408.96,
                    344.952
                ],
                [
                    418.944,
                    327.99600000000004
                ],
                [
                    420.096,
                    316.00800000000004
                ],
                [
                    426.048,
                    299.05199999999996
                ],
                [
                    431.04,
                    292.032
                ],
                [
                    432,
                    278.964
                ],
                [
                    441.984,
                    261.036
                ],
                [
                    445.05600000000004,
                    243.97199999999998
                ],
                [
                    456.96,
                    216.972
                ],
                [
                    461.952,
                    196.01999999999998
                ],
                [
                    470.976,
                    181.008
                ],
                [
                    474.048,
                    157.032
                ],
                [
                    483.072,
                    146.988
                ],
                [
                    483.072,
                    138.024
                ],
                [
                    491.904,
                    115.02
                ],
                [
                    508.032,
                    100.008
                ],
                [
                    510.91200000000003,
                    89.964
                ],
                [
                    512.064,
                    57.995999999999995
                ],
                [
                    517.0559999999999,
                    46.007999999999996
                ],
                [
                    518.016,
                    34.02
                ],
                [
                    528,
                    14.04
                ],
                [
                    531.072,
                    0
                ],
                [
                    748.992,
                    0
                ],
                [
                    748.992,
                    27.971999999999998
                ],
                [
                    733.0559999999999,
                    69.012
                ],
                [
                    729.024,
                    85.968
                ],
                [
                    719.04,
                    107.02799999999999
                ],
                [
                    711.936,
                    135
                ],
                [
                    704.0640000000001,
                    149.04000000000002
                ],
                [
                    686.016,
                    164.05200000000002
                ],
                [
                    681.024,
                    170.964
                ],
                [
                    682.9440000000001,
                    195.048
                ],
                [
                    681.024,
                    196.01999999999998
                ],
                [
                    681.024,
                    208.98000000000002
                ],
                [
                    672.9599999999999,
                    223.01999999999998
                ],
                [
                    672,
                    240.94799999999998
                ],
                [
                    668.928,
                    254.016
                ],
                [
                    663.936,
                    259.956
                ],
                [
                    662.976,
                    276.048
                ],
                [
                    641.088,
                    332.964
                ],
                [
                    643.0079999999999,
                    339.98400000000004
                ],
                [
                    641.088,
                    340.95599999999996
                ],
                [
                    639.9359999999999,
                    348.948
                ],
                [
                    628.992,
                    366.012
                ],
                [
                    628.992,
                    378.972
                ],
                [
                    620.928,
                    397.008
                ],
                [
                    619.9680000000001,
                    412.992
                ],
                [
                    614.016,
                    428.976
                ],
                [
                    600.96,
                    447.984
                ],
                [
                    595.008,
                    451.97999999999996
                ],
                [
                    585.984,
                    451.97999999999996
                ]
            ]
        },
        {
            "ID": "2",
            "CLASS": "페트병",
            "DETAILS": "무색단일",
            "DAMAGE": "원형",
            "DIRTINESS": "이물질(외부)",
            "COVER": "없음",
            "TRANSPARENCY": "투명",
            "SHAPE": "물통형",
            "SHAPE_TYPE": "POLYGON",
            "POINTS": [
                [
                    1550.9759999999999,
                    618.9480000000001
                ],
                [
                    1491.072,
                    617.976
                ],
                [
                    1448.0639999999999,
                    614.952
                ],
                [
                    1436.9279999999999,
                    612.036
                ],
                [
                    1430.9759999999999,
                    609.012
                ],
                [
                    1425.024,
                    601.02
                ],
                [
                    1417.92,
                    575.9639999999999
                ],
                [
                    1420.0320000000002,
                    505.00800000000004
                ],
                [
                    1425.024,
                    483.948
                ],
                [
                    1424.064,
                    405
                ],
                [
                    1420.0320000000002,
                    385.02
                ],
                [
                    1419.072,
                    361.044
                ],
                [
                    1419.072,
                    316.00800000000004
                ],
                [
                    1420.992,
                    309.96
                ],
                [
                    1419.072,
                    262.98
                ],
                [
                    1421.952,
                    173.988
                ],
                [
                    1420.992,
                    146.016
                ],
                [
                    1428.096,
                    114.048
                ],
                [
                    1438.08,
                    92.01599999999999
                ],
                [
                    1440,
                    88.992
                ],
                [
                    1443.0720000000001,
                    88.02000000000001
                ],
                [
                    1458.048,
                    65.988
                ],
                [
                    1473.024,
                    49.032000000000004
                ],
                [
                    1488,
                    38.988
                ],
                [
                    1492.032,
                    34.02
                ],
                [
                    1492.992,
                    2.052
                ],
                [
                    1558.08,
                    0
                ],
                [
                    1558.08,
                    24.948
                ],
                [
                    1571.904,
                    38.988
                ],
                [
                    1579.9679999999998,
                    42.984
                ],
                [
                    1604.9279999999999,
                    68.04
                ],
                [
                    1627.968,
                    100.008
                ],
                [
                    1633.92,
                    119.016
                ],
                [
                    1631.04,
                    201.96
                ],
                [
                    1632,
                    262.98
                ],
                [
                    1627.968,
                    273.024
                ],
                [
                    1627.968,
                    286.956
                ],
                [
                    1631.04,
                    297
                ],
                [
                    1631.04,
                    339.98400000000004
                ],
                [
                    1627.968,
                    354.024
                ],
                [
                    1627.968,
                    386.964
                ],
                [
                    1625.0880000000002,
                    397.008
                ],
                [
                    1625.0880000000002,
                    420.984
                ],
                [
                    1626.048,
                    467.964
                ],
                [
                    1633.92,
                    501.012
                ],
                [
                    1632,
                    517.9680000000001
                ],
                [
                    1635.0720000000001,
                    524.0160000000001
                ],
                [
                    1633.92,
                    578.988
                ],
                [
                    1627.968,
                    598.968
                ],
                [
                    1622.016,
                    609.012
                ],
                [
                    1617.024,
                    612.036
                ],
                [
                    1598.9759999999999,
                    617.976
                ],
                [
                    1571.904,
                    618.9480000000001
                ],
                [
                    1561.92,
                    617.976
                ],
                [
                    1550.9759999999999,
                    618.9480000000001
                ]
            ]
        }
    ]
}