{
    "IMAGE_INFO": {
        "FILE_NAME": "1002167@0_03001_220907_P1_T3__2163.jpg",
        "DATE": "2022-10-24 16:26:26",
        "RESOLUTION": "1920 x 1080",
        "IMAGE_PHOTOGRAPHER": "이지은",
        "FOCUS_DISTANCE": "5.6",
        "EXPOSURE_TIME": "1/400",
        "SENSITIVITY_ISO": "4000",
        "PLACE": "용인시재활용센터",
        "REGION_NAME": null,
        "Direction": "0",
        "HEIGHT": "100",
        "DAY/NIGHT": "주간",
        "WEATHER": "맑음",
        "IMAGE_HEIGHT": 1080,
        "IMAGE_WIDTH": 1920,
        "IMAGE_SIZE": "677.8 KB"
    },
    "ANNOTATION_INFO": [
        {
            "ID": "1",
            "CLASS": "페트병",
            "DETAILS": "무색단일",
            "DAMAGE": "찌그러짐",
            "DIRTINESS": "이물질(외부)",
            "COVER": "겹침",
            "TRANSPARENCY": "투명",
            "SHAPE": "물통형",
            "SHAPE_TYPE": "POLYGON",
            "POINTS": [
                [
                    864.96,
                    1080
                ],
                [
                    859.9680000000001,
                    1067.04
                ],
                [
                    859.008,
                    1061.964
                ],
                [
                    854.976,
                    1057.968
                ],
                [
                    853.0559999999999,
                    1053.972
                ],
                [
                    848.064,
                    1033.02
                ],
                [
                    843.072,
                    1003.968
                ],
                [
                    841.92,
                    995.004
                ],
                [
                    841.92,
                    979.992
                ],
                [
                    840,
                    975.024
                ],
                [
                    839.04,
                    968.004
                ],
                [
                    838.08,
                    957.96
                ],
                [
                    838.08,
                    941.976
                ],
                [
                    836.928,
                    925.9920000000001
                ],
                [
                    834.048,
                    901.0440000000001
                ],
                [
                    825.024,
                    868.968
                ],
                [
                    820.0319999999999,
                    855.036
                ],
                [
                    816,
                    845.9639999999999
                ],
                [
                    811.008,
                    828.0360000000001
                ],
                [
                    810.048,
                    813.024
                ],
                [
                    810.048,
                    786.024
                ],
                [
                    811.968,
                    783
                ],
                [
                    811.968,
                    778.032
                ],
                [
                    814.0799999999999,
                    771.984
                ],
                [
                    816,
                    770.04
                ],
                [
                    821.952,
                    767.0160000000001
                ],
                [
                    828.096,
                    764.964
                ],
                [
                    843.072,
                    766.0440000000001
                ],
                [
                    854.976,
                    766.0440000000001
                ],
                [
                    859.9680000000001,
                    763.02
                ],
                [
                    865.9200000000001,
                    756
                ],
                [
                    877.0559999999999,
                    751.032
                ],
                [
                    881.088,
                    749.952
                ],
                [
                    887.0400000000001,
                    749.952
                ],
                [
                    892.032,
                    752.004
                ],
                [
                    897.984,
                    752.004
                ],
                [
                    898.944,
                    751.032
                ],
                [
                    906.048,
                    752.004
                ],
                [
                    907.0079999999999,
                    755.028
                ],
                [
                    907.0079999999999,
                    756.972
                ],
                [
                    911.04,
                    763.02
                ],
                [
                    912,
                    767.0160000000001
                ],
                [
                    917.952,
                    776.952
                ],
                [
                    931.968,
                    790.0200000000001
                ],
                [
                    940.0319999999999,
                    802.008
                ],
                [
                    941.952,
                    807.948
                ],
                [
                    942.9119999999999,
                    816.048
                ],
                [
                    942.9119999999999,
                    821.9879999999999
                ],
                [
                    946.9440000000001,
                    847.044
                ],
                [
                    960,
                    894.996
                ],
                [
                    974.016,
                    936.0360000000001
                ],
                [
                    975.9359999999999,
                    945
                ],
                [
                    975.9359999999999,
                    952.02
                ],
                [
                    978.0479999999999,
                    957.96
                ],
                [
                    979.968,
                    976.968
                ],
                [
                    982.0799999999999,
                    988.9559999999999
                ],
                [
                    988.0319999999999,
                    1010.0160000000001
                ],
                [
                    989.9519999999999,
                    1022.976
                ],
                [
                    992.0640000000001,
                    1044.036
                ],
                [
                    992.0640000000001,
                    1067.04
                ],
                [
                    990.912,
                    1080
                ],
                [
                    864.96,
                    1080
                ]
            ]
        },
        {
            "ID": "2",
            "CLASS": "페트병",
            "DETAILS": "무색단일",
            "DAMAGE": "찌그러짐",
            "DIRTINESS": "이물질(외부)",
            "COVER": "없음",
            "TRANSPARENCY": "투명",
            "SHAPE": "물통형",
            "SHAPE_TYPE": "POLYGON",
            "POINTS": [
                [
                    541.056,
                    466.992
                ],
                [
                    536.064,
                    466.02
                ],
                [
                    504,
                    448.956
                ],
                [
                    489.02399999999994,
                    438.048
                ],
                [
                    479.04,
                    432
                ],
                [
                    474.048,
                    431.028
                ],
                [
                    436.032,
                    404.02799999999996
                ],
                [
                    422.01599999999996,
                    397.008
                ],
                [
                    408.96,
                    386.964
                ],
                [
                    388.992,
                    375.94800000000004
                ],
                [
                    377.08799999999997,
                    362.988
                ],
                [
                    377.08799999999997,
                    351.97200000000004
                ],
                [
                    387.072,
                    324
                ],
                [
                    401.088,
                    309.96
                ],
                [
                    402.048,
                    304.02
                ],
                [
                    406.08,
                    301.968
                ],
                [
                    407.03999999999996,
                    296.028
                ],
                [
                    416.064,
                    282.96000000000004
                ],
                [
                    423.936,
                    276.048
                ],
                [
                    426.048,
                    269.02799999999996
                ],
                [
                    441.984,
                    247.968
                ],
                [
                    456,
                    223.992
                ],
                [
                    465.984,
                    215.028
                ],
                [
                    470.976,
                    201.96
                ],
                [
                    489.02399999999994,
                    174.96
                ],
                [
                    508.992,
                    153.036
                ],
                [
                    523.968,
                    127.97999999999999
                ],
                [
                    528.96,
                    123.012
                ],
                [
                    543.936,
                    115.99199999999999
                ],
                [
                    551.04,
                    108.97200000000001
                ],
                [
                    557.952,
                    81
                ],
                [
                    590.0160000000001,
                    27.971999999999998
                ],
                [
                    603.072,
                    0.972
                ],
                [
                    814.0799999999999,
                    0
                ],
                [
                    814.0799999999999,
                    23.976000000000003
                ],
                [
                    810.048,
                    29.052
                ],
                [
                    809.088,
                    46.007999999999996
                ],
                [
                    804.096,
                    58.968
                ],
                [
                    801.984,
                    73.008
                ],
                [
                    795.072,
                    93.96
                ],
                [
                    777.024,
                    127.97999999999999
                ],
                [
                    772.032,
                    131.976
                ],
                [
                    758.016,
                    151.956
                ],
                [
                    724.992,
                    204.984
                ],
                [
                    706.9440000000001,
                    215.028
                ],
                [
                    697.92,
                    222.048
                ],
                [
                    696.96,
                    239.976
                ],
                [
                    692.928,
                    253.044
                ],
                [
                    685.056,
                    266.976
                ],
                [
                    677.952,
                    272.052
                ],
                [
                    676.032,
                    281.988
                ],
                [
                    670.0799999999999,
                    293.00399999999996
                ],
                [
                    656.064,
                    307.044
                ],
                [
                    656.064,
                    311.03999999999996
                ],
                [
                    648,
                    326.052
                ],
                [
                    641.088,
                    331.02
                ],
                [
                    634.944,
                    347.00399999999996
                ],
                [
                    630.912,
                    348.948
                ],
                [
                    628.032,
                    355.968
                ],
                [
                    620.928,
                    361.044
                ],
                [
                    609.9839999999999,
                    385.992
                ],
                [
                    603.072,
                    390.96
                ],
                [
                    595.008,
                    409.968
                ],
                [
                    588.096,
                    420.012
                ],
                [
                    582.9119999999999,
                    424.008
                ],
                [
                    572.928,
                    444.96
                ],
                [
                    561.024,
                    459
                ],
                [
                    551.04,
                    466.02
                ],
                [
                    541.056,
                    466.992
                ]
            ]
        },
        {
            "ID": "3",
            "CLASS": "페트병",
            "DETAILS": "무색단일",
            "DAMAGE": "원형",
            "DIRTINESS": "이물질(외부)",
            "COVER": "없음",
            "TRANSPARENCY": "투명",
            "SHAPE": "물통형",
            "SHAPE_TYPE": "POLYGON",
            "POINTS": [
                [
                    1185.9840000000002,
                    1080
                ],
                [
                    1177.92,
                    1068.012
                ],
                [
                    1163.904,
                    1056.0240000000001
                ],
                [
                    1148.928,
                    1036.044
                ],
                [
                    1129.92,
                    1017.036
                ],
                [
                    1117.056,
                    999.972
                ],
                [
                    1108.032,
                    990.036
                ],
                [
                    1095.936,
                    979.992
                ],
                [
                    1088.0639999999999,
                    968.004
                ],
                [
                    1075.968,
                    944.028
                ],
                [
                    1060.0320000000002,
                    921.024
                ],
                [
                    1027.968,
                    890.028
                ],
                [
                    1013.952,
                    872.964
                ],
                [
                    1013.952,
                    870.048
                ],
                [
                    1006.08,
                    859.032
                ],
                [
                    987.072,
                    841.968
                ],
                [
                    960,
                    822.96
                ],
                [
                    939.072,
                    802.98
                ],
                [
                    920.0640000000001,
                    782.028
                ],
                [
                    907.968,
                    762.048
                ],
                [
                    907.0079999999999,
                    744.012
                ],
                [
                    910.0799999999999,
                    739.044
                ],
                [
                    931.008,
                    722.952
                ],
                [
                    944.0640000000001,
                    710.9639999999999
                ],
                [
                    948.096,
                    706.968
                ],
                [
                    949.056,
                    702.972
                ],
                [
                    958.08,
                    693.0360000000001
                ],
                [
                    979.968,
                    678.9960000000001
                ],
                [
                    983.04,
                    672.948
                ],
                [
                    989.9519999999999,
                    667.98
                ],
                [
                    1003.9680000000001,
                    652.9680000000001
                ],
                [
                    1007.04,
                    647.028
                ],
                [
                    1013.952,
                    643.032
                ],
                [
                    1017.984,
                    643.032
                ],
                [
                    1026.048,
                    644.976
                ],
                [
                    1031.04,
                    648
                ],
                [
                    1056.96,
                    668.952
                ],
                [
                    1085.952,
                    701.028
                ],
                [
                    1095.936,
                    721.98
                ],
                [
                    1105.9199999999998,
                    733.968
                ],
                [
                    1108.032,
                    740.0160000000001
                ],
                [
                    1114.944,
                    751.032
                ],
                [
                    1122.048,
                    756
                ],
                [
                    1128,
                    766.0440000000001
                ],
                [
                    1142.016,
                    775.98
                ],
                [
                    1177.92,
                    821.016
                ],
                [
                    1217.088,
                    849.96
                ],
                [
                    1249.92,
                    884.952
                ],
                [
                    1259.904,
                    898.02
                ],
                [
                    1281.984,
                    921.996
                ],
                [
                    1302.912,
                    941.976
                ],
                [
                    1323.0720000000001,
                    968.004
                ],
                [
                    1347.0720000000001,
                    990.036
                ],
                [
                    1361.088,
                    1026.972
                ],
                [
                    1362.048,
                    1046.952
                ],
                [
                    1366.08,
                    1056.996
                ],
                [
                    1366.08,
                    1080
                ],
                [
                    1185.9840000000002,
                    1080
                ]
            ]
        },
        {
            "ID": "4",
            "CLASS": "페트병",
            "DETAILS": "무색단일",
            "DAMAGE": "찌그러짐",
            "DIRTINESS": "오염없음",
            "COVER": "겹침",
            "TRANSPARENCY": "투명",
            "SHAPE": "물통형",
            "SHAPE_TYPE": "POLYGON",
            "POINTS": [
                [
                    888,
                    451.97999999999996
                ],
                [
                    878.016,
                    448.956
                ],
                [
                    865.9200000000001,
                    439.99199999999996
                ],
                [
                    849.024,
                    432
                ],
                [
                    845.952,
                    428.976
                ],
                [
                    841.92,
                    428.00399999999996
                ],
                [
                    836.928,
                    424.008
                ],
                [
                    831.936,
                    423.036
                ],
                [
                    825.984,
                    417.96000000000004
                ],
                [
                    812.928,
                    400.032
                ],
                [
                    806.976,
                    386.964
                ],
                [
                    801.984,
                    363.96000000000004
                ],
                [
                    798.912,
                    359.964
                ],
                [
                    792.9599999999999,
                    330.048
                ],
                [
                    788.928,
                    265.032
                ],
                [
                    785.088,
                    251.964
                ],
                [
                    783.936,
                    238.032
                ],
                [
                    783.936,
                    127.97999999999999
                ],
                [
                    786.048,
                    107.02799999999999
                ],
                [
                    791.04,
                    96.98400000000001
                ],
                [
                    792.9599999999999,
                    85.968
                ],
                [
                    809.088,
                    50.004
                ],
                [
                    811.968,
                    26.028
                ],
                [
                    815.04,
                    18.035999999999998
                ],
                [
                    816,
                    0
                ],
                [
                    1028.928,
                    0
                ],
                [
                    1035.0720000000001,
                    19.98
                ],
                [
                    1037.952,
                    46.007999999999996
                ],
                [
                    1042.944,
                    65.988
                ],
                [
                    1043.904,
                    81
                ],
                [
                    1046.976,
                    85.968
                ],
                [
                    1049.088,
                    104.976
                ],
                [
                    1055.04,
                    132.948
                ],
                [
                    1056.96,
                    169.02
                ],
                [
                    1057.92,
                    277.02
                ],
                [
                    1060.992,
                    299.05199999999996
                ],
                [
                    1060.0320000000002,
                    336.96
                ],
                [
                    1051.008,
                    354.996
                ],
                [
                    1046.976,
                    370.98
                ],
                [
                    1035.0720000000001,
                    389.988
                ],
                [
                    1016.064,
                    412.02
                ],
                [
                    1008.9599999999999,
                    415.044
                ],
                [
                    1004.928,
                    419.04
                ],
                [
                    996.0960000000001,
                    424.008
                ],
                [
                    980.928,
                    431.028
                ],
                [
                    971.904,
                    432.972
                ],
                [
                    968.064,
                    435.024
                ],
                [
                    958.08,
                    435.996
                ],
                [
                    950.0160000000001,
                    439.99199999999996
                ],
                [
                    935.04,
                    443.988
                ],
                [
                    921.984,
                    444.96
                ],
                [
                    910.0799999999999,
                    448.956
                ],
                [
                    888,
                    451.97999999999996
                ]
            ]
        }
    ]
}