{
    "IMAGE_INFO": {
        "FILE_NAME": "1002370@0_03001_220907_P1_T3__2105.jpg",
        "DATE": "2022-10-24 16:35:08",
        "RESOLUTION": "1920 x 1080",
        "IMAGE_PHOTOGRAPHER": "이지은",
        "FOCUS_DISTANCE": "5.6",
        "EXPOSURE_TIME": "1/400",
        "SENSITIVITY_ISO": "4000",
        "PLACE": "용인시재활용센터",
        "REGION_NAME": null,
        "Direction": "0",
        "HEIGHT": "100",
        "DAY/NIGHT": "주간",
        "WEATHER": "맑음",
        "IMAGE_HEIGHT": 1080,
        "IMAGE_WIDTH": 1920,
        "IMAGE_SIZE": "655.3 KB"
    },
    "ANNOTATION_INFO": [
        {
            "ID": "1",
            "CLASS": "페트병",
            "DETAILS": "무색단일",
            "DAMAGE": "원형",
            "DIRTINESS": "이물질(전체)",
            "COVER": "없음",
            "TRANSPARENCY": "투명",
            "SHAPE": "기타 형태",
            "SHAPE_TYPE": "POLYGON",
            "POINTS": [
                [
                    953.088,
                    107.02799999999999
                ],
                [
                    945.024,
                    103.032
                ],
                [
                    940.0319999999999,
                    97.956
                ],
                [
                    940.0319999999999,
                    95.03999999999999
                ],
                [
                    939.072,
                    92.988
                ],
                [
                    921.024,
                    85.968
                ],
                [
                    916.9920000000001,
                    84.99600000000001
                ],
                [
                    912,
                    83.05199999999999
                ],
                [
                    907.0079999999999,
                    83.05199999999999
                ],
                [
                    902.976,
                    81
                ],
                [
                    896.064,
                    80.028
                ],
                [
                    889.9200000000001,
                    80.028
                ],
                [
                    867.072,
                    73.98
                ],
                [
                    864,
                    73.98
                ],
                [
                    854.976,
                    73.008
                ],
                [
                    851.904,
                    73.008
                ],
                [
                    846.912,
                    70.95599999999999
                ],
                [
                    843.072,
                    70.95599999999999
                ],
                [
                    838.08,
                    69.984
                ],
                [
                    834.048,
                    69.012
                ],
                [
                    831.936,
                    68.04
                ],
                [
                    830.0160000000001,
                    68.04
                ],
                [
                    807.936,
                    65.01599999999999
                ],
                [
                    797.952,
                    61.02
                ],
                [
                    787.968,
                    60.047999999999995
                ],
                [
                    782.976,
                    57.995999999999995
                ],
                [
                    776.064,
                    57.024
                ],
                [
                    774.912,
                    56.052
                ],
                [
                    771.072,
                    54
                ],
                [
                    767.0400000000001,
                    50.004
                ],
                [
                    763.0079999999999,
                    42.01199999999999
                ],
                [
                    761.088,
                    33.048
                ],
                [
                    758.976,
                    27
                ],
                [
                    757.0559999999999,
                    11.016
                ],
                [
                    757.0559999999999,
                    0
                ],
                [
                    970.9440000000001,
                    0
                ],
                [
                    970.9440000000001,
                    3.024
                ],
                [
                    969.0240000000001,
                    7.02
                ],
                [
                    969.0240000000001,
                    18.035999999999998
                ],
                [
                    969.9839999999999,
                    19.98
                ],
                [
                    971.904,
                    22.032
                ],
                [
                    977.0880000000001,
                    23.976000000000003
                ],
                [
                    983.04,
                    23.976000000000003
                ],
                [
                    988.992,
                    24.948
                ],
                [
                    990.912,
                    24.948
                ],
                [
                    993.024,
                    27.971999999999998
                ],
                [
                    992.0640000000001,
                    45.036
                ],
                [
                    989.9519999999999,
                    50.976
                ],
                [
                    989.9519999999999,
                    57.995999999999995
                ],
                [
                    987.072,
                    64.044
                ],
                [
                    987.072,
                    70.95599999999999
                ],
                [
                    984.96,
                    74.952
                ],
                [
                    984.96,
                    81
                ],
                [
                    980.928,
                    92.01599999999999
                ],
                [
                    974.9760000000001,
                    103.032
                ],
                [
                    973.056,
                    104.976
                ],
                [
                    970.9440000000001,
                    105.94800000000001
                ],
                [
                    964.9920000000001,
                    107.02799999999999
                ],
                [
                    953.088,
                    107.02799999999999
                ]
            ]
        },
        {
            "ID": "2",
            "CLASS": "페트병",
            "DETAILS": "무색단일",
            "DAMAGE": "원형",
            "DIRTINESS": "오염없음",
            "COVER": "없음",
            "TRANSPARENCY": "투명",
            "SHAPE": "물통형",
            "SHAPE_TYPE": "POLYGON",
            "POINTS": [
                [
                    735.9359999999999,
                    1080
                ],
                [
                    725.952,
                    1068.984
                ],
                [
                    714.048,
                    1060.992
                ],
                [
                    706.9440000000001,
                    1050.9479999999999
                ],
                [
                    705.024,
                    1042.956
                ],
                [
                    700.992,
                    1040.04
                ],
                [
                    696.96,
                    1032.048
                ],
                [
                    696.96,
                    1013.04
                ],
                [
                    705.024,
                    999.972
                ],
                [
                    705.024,
                    992.952
                ],
                [
                    714.048,
                    980.9639999999999
                ],
                [
                    714.048,
                    978.048
                ],
                [
                    729.9839999999999,
                    960.984
                ],
                [
                    734.016,
                    952.992
                ],
                [
                    745.9200000000001,
                    941.976
                ],
                [
                    757.0559999999999,
                    925.0200000000001
                ],
                [
                    781.056,
                    902.0160000000001
                ],
                [
                    792,
                    884.952
                ],
                [
                    806.016,
                    872.964
                ],
                [
                    816.96,
                    856.0079999999999
                ],
                [
                    830.976,
                    844.992
                ],
                [
                    846.912,
                    822.96
                ],
                [
                    854.016,
                    818.9639999999999
                ],
                [
                    862.08,
                    809.028
                ],
                [
                    882.048,
                    794.9879999999999
                ],
                [
                    905.088,
                    786.024
                ],
                [
                    911.04,
                    780.948
                ],
                [
                    915.072,
                    763.02
                ],
                [
                    924.096,
                    744.012
                ],
                [
                    955.9680000000001,
                    709.02
                ],
                [
                    956.928,
                    704.052
                ],
                [
                    964.9920000000001,
                    694.9799999999999
                ],
                [
                    974.9760000000001,
                    683.9639999999999
                ],
                [
                    987.072,
                    675
                ],
                [
                    996.0960000000001,
                    662.04
                ],
                [
                    1009.9200000000001,
                    648
                ],
                [
                    1027.008,
                    633.9599999999999
                ],
                [
                    1052.9279999999999,
                    617.004
                ],
                [
                    1075.968,
                    608.04
                ],
                [
                    1094.976,
                    604.044
                ],
                [
                    1117.056,
                    604.044
                ],
                [
                    1132.032,
                    606.96
                ],
                [
                    1140.096,
                    601.992
                ],
                [
                    1142.016,
                    596.0519999999999
                ],
                [
                    1165.056,
                    570.996
                ],
                [
                    1172.9279999999999,
                    570.996
                ],
                [
                    1193.088,
                    585.036
                ],
                [
                    1209.984,
                    601.992
                ],
                [
                    1215.936,
                    610.956
                ],
                [
                    1211.904,
                    621
                ],
                [
                    1185.024,
                    650.052
                ],
                [
                    1185.024,
                    659.016
                ],
                [
                    1189.056,
                    671.976
                ],
                [
                    1189.056,
                    706.968
                ],
                [
                    1182.912,
                    732.024
                ],
                [
                    1175.04,
                    751.032
                ],
                [
                    1150.08,
                    787.9680000000001
                ],
                [
                    1128,
                    809.028
                ],
                [
                    1103.04,
                    837
                ],
                [
                    1071.9360000000001,
                    875.988
                ],
                [
                    1049.088,
                    890.028
                ],
                [
                    1031.04,
                    894.024
                ],
                [
                    1027.008,
                    897.048
                ],
                [
                    1019.904,
                    918
                ],
                [
                    1009.9200000000001,
                    934.956
                ],
                [
                    996.0960000000001,
                    949.9680000000001
                ],
                [
                    979.008,
                    975.024
                ],
                [
                    969.0240000000001,
                    983.016
                ],
                [
                    954.048,
                    1003.968
                ],
                [
                    945.984,
                    1010.0160000000001
                ],
                [
                    907.0079999999999,
                    1056.996
                ],
                [
                    891.072,
                    1072.008
                ],
                [
                    887.0400000000001,
                    1080
                ],
                [
                    735.9359999999999,
                    1080
                ]
            ]
        },
        {
            "ID": "3",
            "CLASS": "페트병",
            "DETAILS": "무색단일",
            "DAMAGE": "찌그러짐",
            "DIRTINESS": "이물질(전체)",
            "COVER": "없음",
            "TRANSPARENCY": "투명",
            "SHAPE": "물통형",
            "SHAPE_TYPE": "POLYGON",
            "POINTS": [
                [
                    1055.04,
                    614.952
                ],
                [
                    1033.92,
                    594.972
                ],
                [
                    1022.016,
                    578.988
                ],
                [
                    1022.016,
                    574.02
                ],
                [
                    1046.0159999999998,
                    547.992
                ],
                [
                    1051.008,
                    543.9960000000001
                ],
                [
                    1056.96,
                    543.024
                ],
                [
                    1074.048,
                    527.04
                ],
                [
                    1088.0639999999999,
                    504.036
                ],
                [
                    1094.0159999999998,
                    489.996
                ],
                [
                    1105.9199999999998,
                    447.984
                ],
                [
                    1124.9279999999999,
                    415.044
                ],
                [
                    1165.056,
                    370.00800000000004
                ],
                [
                    1174.0800000000002,
                    363.96000000000004
                ],
                [
                    1175.04,
                    359.964
                ],
                [
                    1181.952,
                    351.97200000000004
                ],
                [
                    1199.0400000000002,
                    336.96
                ],
                [
                    1205.952,
                    327.99600000000004
                ],
                [
                    1275.0720000000001,
                    272.052
                ],
                [
                    1290.048,
                    250.02
                ],
                [
                    1304.064,
                    236.95200000000003
                ],
                [
                    1325.952,
                    222.048
                ],
                [
                    1337.088,
                    218.052
                ],
                [
                    1344.96,
                    218.052
                ],
                [
                    1363.968,
                    223.992
                ],
                [
                    1377.984,
                    231.98399999999998
                ],
                [
                    1403.904,
                    253.044
                ],
                [
                    1422.912,
                    273.996
                ],
                [
                    1435.0079999999998,
                    297
                ],
                [
                    1435.0079999999998,
                    312.012
                ],
                [
                    1430.016,
                    323.02799999999996
                ],
                [
                    1411.968,
                    344.952
                ],
                [
                    1325.952,
                    424.008
                ],
                [
                    1315.968,
                    436.968
                ],
                [
                    1296.96,
                    454.032
                ],
                [
                    1286.976,
                    467.964
                ],
                [
                    1276.992,
                    478.008
                ],
                [
                    1227.0720000000001,
                    521.964
                ],
                [
                    1209.984,
                    532.0079999999999
                ],
                [
                    1184.064,
                    543.024
                ],
                [
                    1171.968,
                    543.9960000000001
                ],
                [
                    1162.944,
                    547.992
                ],
                [
                    1155.0720000000001,
                    548.9639999999999
                ],
                [
                    1138.944,
                    554.04
                ],
                [
                    1123.968,
                    563.976
                ],
                [
                    1117.056,
                    566.028
                ],
                [
                    1117.056,
                    567.972
                ],
                [
                    1095.936,
                    582.0120000000001
                ],
                [
                    1095.936,
                    586.0079999999999
                ],
                [
                    1090.944,
                    593.028
                ],
                [
                    1085.952,
                    594.972
                ],
                [
                    1075.968,
                    602.964
                ],
                [
                    1070.016,
                    609.9839999999999
                ],
                [
                    1061.952,
                    613.98
                ],
                [
                    1055.04,
                    614.952
                ]
            ]
        },
        {
            "ID": "4",
            "CLASS": "페트병",
            "DETAILS": "무색단일",
            "DAMAGE": "원형",
            "DIRTINESS": "이물질(외부)",
            "COVER": "없음",
            "TRANSPARENCY": "투명",
            "SHAPE": "물통형",
            "SHAPE_TYPE": "POLYGON",
            "POINTS": [
                [
                    1472.064,
                    1080
                ],
                [
                    1470.912,
                    1037.988
                ],
                [
                    1468.992,
                    1029.996
                ],
                [
                    1468.032,
                    1015.956
                ],
                [
                    1468.032,
                    987.9839999999999
                ],
                [
                    1464,
                    944.028
                ],
                [
                    1464,
                    925.9920000000001
                ],
                [
                    1459.008,
                    875.988
                ],
                [
                    1459.9679999999998,
                    857.952
                ],
                [
                    1470.912,
                    813.9960000000001
                ],
                [
                    1488.96,
                    774.0360000000001
                ],
                [
                    1496.064,
                    748.008
                ],
                [
                    1498.944,
                    710.9639999999999
                ],
                [
                    1497.024,
                    708.048
                ],
                [
                    1493.952,
                    706.968
                ],
                [
                    1492.992,
                    698.004
                ],
                [
                    1496.064,
                    687.96
                ],
                [
                    1497.984,
                    663.0120000000001
                ],
                [
                    1502.016,
                    660.96
                ],
                [
                    1513.92,
                    659.016
                ],
                [
                    1548.096,
                    659.016
                ],
                [
                    1550.9759999999999,
                    663.0120000000001
                ],
                [
                    1554.048,
                    671.976
                ],
                [
                    1555.0079999999998,
                    682.02
                ],
                [
                    1560.9599999999998,
                    691.956
                ],
                [
                    1561.92,
                    697.0319999999999
                ],
                [
                    1560.9599999999998,
                    705.024
                ],
                [
                    1558.08,
                    708.048
                ],
                [
                    1556.9279999999999,
                    714.96
                ],
                [
                    1560,
                    725.004
                ],
                [
                    1560.9599999999998,
                    735.048
                ],
                [
                    1568.0639999999999,
                    759.024
                ],
                [
                    1573.056,
                    770.04
                ],
                [
                    1602.048,
                    817.992
                ],
                [
                    1614.9119999999998,
                    852.9839999999999
                ],
                [
                    1617.984,
                    866.0519999999999
                ],
                [
                    1622.016,
                    886.032
                ],
                [
                    1623.936,
                    906.012
                ],
                [
                    1627.008,
                    963.0360000000001
                ],
                [
                    1632,
                    1009.044
                ],
                [
                    1632.96,
                    1041.984
                ],
                [
                    1632,
                    1045.98
                ],
                [
                    1628.928,
                    1049.9759999999999
                ],
                [
                    1625.0880000000002,
                    1050.9479999999999
                ],
                [
                    1617.024,
                    1050.9479999999999
                ],
                [
                    1612.032,
                    1053.972
                ],
                [
                    1602.048,
                    1053.972
                ],
                [
                    1590.912,
                    1056.996
                ],
                [
                    1584.96,
                    1056.996
                ],
                [
                    1579.008,
                    1064.0159999999998
                ],
                [
                    1570.944,
                    1065.96
                ],
                [
                    1560,
                    1080
                ],
                [
                    1472.064,
                    1080
                ]
            ]
        },
        {
            "ID": "5",
            "CLASS": "페트병",
            "DETAILS": "무색단일",
            "DAMAGE": "찌그러짐",
            "DIRTINESS": "오염없음",
            "COVER": "없음",
            "TRANSPARENCY": "투명",
            "SHAPE": "물통형",
            "SHAPE_TYPE": "POLYGON",
            "POINTS": [
                [
                    1459.9679999999998,
                    550.044
                ],
                [
                    1451.904,
                    548.9639999999999
                ],
                [
                    1443.0720000000001,
                    544.9680000000001
                ],
                [
                    1439.0400000000002,
                    542.052
                ],
                [
                    1435.0079999999998,
                    532.0079999999999
                ],
                [
                    1433.088,
                    509.004
                ],
                [
                    1429.056,
                    490.968
                ],
                [
                    1428.096,
                    451.00800000000004
                ],
                [
                    1429.056,
                    417.96000000000004
                ],
                [
                    1430.9759999999999,
                    382.968
                ],
                [
                    1435.0079999999998,
                    350.028
                ],
                [
                    1435.0079999999998,
                    297.972
                ],
                [
                    1431.9360000000001,
                    277.992
                ],
                [
                    1426.944,
                    269.02799999999996
                ],
                [
                    1421.952,
                    243
                ],
                [
                    1416.96,
                    234.036
                ],
                [
                    1415.04,
                    227.016
                ],
                [
                    1414.0800000000002,
                    189
                ],
                [
                    1411.968,
                    184.03199999999998
                ],
                [
                    1410.048,
                    149.04000000000002
                ],
                [
                    1406.976,
                    128.952
                ],
                [
                    1406.976,
                    114.048
                ],
                [
                    1402.944,
                    89.964
                ],
                [
                    1407.936,
                    57.024
                ],
                [
                    1411.968,
                    46.98
                ],
                [
                    1425.024,
                    19.98
                ],
                [
                    1440.9599999999998,
                    0
                ],
                [
                    1594.944,
                    0
                ],
                [
                    1597.056,
                    3.996
                ],
                [
                    1602.048,
                    8.964
                ],
                [
                    1613.952,
                    30.023999999999997
                ],
                [
                    1617.984,
                    38.988
                ],
                [
                    1622.016,
                    56.052
                ],
                [
                    1622.976,
                    103.032
                ],
                [
                    1625.0880000000002,
                    120.96000000000001
                ],
                [
                    1625.0880000000002,
                    154.98
                ],
                [
                    1627.968,
                    184.03199999999998
                ],
                [
                    1627.968,
                    204.984
                ],
                [
                    1622.016,
                    230.04
                ],
                [
                    1621.056,
                    243
                ],
                [
                    1616.064,
                    265.032
                ],
                [
                    1618.944,
                    277.02
                ],
                [
                    1622.976,
                    319.032
                ],
                [
                    1628.928,
                    340.95599999999996
                ],
                [
                    1632.96,
                    370.98
                ],
                [
                    1638.912,
                    397.008
                ],
                [
                    1641.0240000000001,
                    429.94800000000004
                ],
                [
                    1645.056,
                    442.044
                ],
                [
                    1647.936,
                    467.964
                ],
                [
                    1650.048,
                    474.012
                ],
                [
                    1651.968,
                    504.036
                ],
                [
                    1651.008,
                    520.02
                ],
                [
                    1649.088,
                    525.96
                ],
                [
                    1643.904,
                    532.98
                ],
                [
                    1636.032,
                    537.948
                ],
                [
                    1622.976,
                    540.972
                ],
                [
                    1607.04,
                    540.972
                ],
                [
                    1598.9759999999999,
                    544.9680000000001
                ],
                [
                    1555.968,
                    544.9680000000001
                ],
                [
                    1551.9360000000001,
                    546.048
                ],
                [
                    1549.056,
                    548.9639999999999
                ],
                [
                    1499.904,
                    550.044
                ],
                [
                    1479.9360000000001,
                    548.9639999999999
                ],
                [
                    1459.9679999999998,
                    550.044
                ]
            ]
        }
    ]
}