{
    "IMAGE_INFO": {
        "FILE_NAME": "1002145@0_03001_220907_P1_T3__2078.jpg",
        "DATE": "2022-10-24 16:26:14",
        "RESOLUTION": "1920 x 1080",
        "IMAGE_PHOTOGRAPHER": "이지은",
        "FOCUS_DISTANCE": "5.6",
        "EXPOSURE_TIME": "1/400",
        "SENSITIVITY_ISO": "4000",
        "PLACE": "용인시재활용센터",
        "REGION_NAME": null,
        "Direction": "0",
        "HEIGHT": "100",
        "DAY/NIGHT": "주간",
        "WEATHER": "맑음",
        "IMAGE_HEIGHT": 1080,
        "IMAGE_WIDTH": 1920,
        "IMAGE_SIZE": "638.5 KB"
    },
    "ANNOTATION_INFO": [
        {
            "ID": "1",
            "CLASS": "페트병",
            "DETAILS": "무색단일",
            "DAMAGE": "원형",
            "DIRTINESS": "이물질(외부)",
            "COVER": "없음",
            "TRANSPARENCY": "투명",
            "SHAPE": "물통형",
            "SHAPE_TYPE": "POLYGON",
            "POINTS": [
                [
                    584.0640000000001,
                    458.02799999999996
                ],
                [
                    571.008,
                    456.948
                ],
                [
                    558.912,
                    452.952
                ],
                [
                    518.976,
                    432.972
                ],
                [
                    494.01599999999996,
                    424.008
                ],
                [
                    488.06399999999996,
                    419.04
                ],
                [
                    481.92,
                    417.96000000000004
                ],
                [
                    467.904,
                    409.968
                ],
                [
                    457.91999999999996,
                    407.052
                ],
                [
                    435.072,
                    393.012
                ],
                [
                    411.072,
                    381.024
                ],
                [
                    407.03999999999996,
                    374.004
                ],
                [
                    408,
                    351.97200000000004
                ],
                [
                    411.072,
                    340.95599999999996
                ],
                [
                    416.064,
                    328.96799999999996
                ],
                [
                    426.048,
                    316.97999999999996
                ],
                [
                    427.008,
                    307.044
                ],
                [
                    436.032,
                    289.008
                ],
                [
                    442.94399999999996,
                    281.988
                ],
                [
                    444.096,
                    273.024
                ],
                [
                    451.968,
                    257.03999999999996
                ],
                [
                    457.91999999999996,
                    250.992
                ],
                [
                    465.984,
                    227.016
                ],
                [
                    475.968,
                    215.028
                ],
                [
                    476.928,
                    204.012
                ],
                [
                    481.92,
                    195.048
                ],
                [
                    483.072,
                    186.948
                ],
                [
                    488.06399999999996,
                    180.03599999999997
                ],
                [
                    488.06399999999996,
                    173.01600000000002
                ],
                [
                    494.01599999999996,
                    154.008
                ],
                [
                    504,
                    137.05200000000002
                ],
                [
                    504.96000000000004,
                    130.03199999999998
                ],
                [
                    509.952,
                    126.036
                ],
                [
                    513.024,
                    119.016
                ],
                [
                    523.968,
                    111.024
                ],
                [
                    529.9200000000001,
                    96.98400000000001
                ],
                [
                    537.024,
                    91.044
                ],
                [
                    545.088,
                    78.948
                ],
                [
                    546.048,
                    65.988
                ],
                [
                    576.96,
                    0.972
                ],
                [
                    788.928,
                    0
                ],
                [
                    782.016,
                    26.028
                ],
                [
                    777.984,
                    33.048
                ],
                [
                    777.984,
                    54.972
                ],
                [
                    772.9920000000001,
                    72.036
                ],
                [
                    768,
                    78.948
                ],
                [
                    767.0400000000001,
                    85.968
                ],
                [
                    753.984,
                    107.02799999999999
                ],
                [
                    739.9680000000001,
                    142.992
                ],
                [
                    724.992,
                    173.988
                ],
                [
                    714.048,
                    185.976
                ],
                [
                    706.9440000000001,
                    186.948
                ],
                [
                    700.992,
                    193.96800000000002
                ],
                [
                    697.92,
                    226.044
                ],
                [
                    685.056,
                    253.044
                ],
                [
                    684.096,
                    262.98
                ],
                [
                    678.912,
                    273.996
                ],
                [
                    672.9599999999999,
                    280.044
                ],
                [
                    667.0079999999999,
                    301.968
                ],
                [
                    657.024,
                    316.00800000000004
                ],
                [
                    651.072,
                    335.988
                ],
                [
                    643.0079999999999,
                    344.952
                ],
                [
                    642.048,
                    355.968
                ],
                [
                    634.944,
                    370.00800000000004
                ],
                [
                    627.072,
                    378.972
                ],
                [
                    627.072,
                    385.992
                ],
                [
                    611.904,
                    413.964
                ],
                [
                    611.904,
                    419.04
                ],
                [
                    606.912,
                    431.028
                ],
                [
                    595.9680000000001,
                    448.956
                ],
                [
                    584.0640000000001,
                    458.02799999999996
                ]
            ]
        },
        {
            "ID": "2",
            "CLASS": "페트병",
            "DETAILS": "무색단일",
            "DAMAGE": "원형",
            "DIRTINESS": "오염없음",
            "COVER": "없음",
            "TRANSPARENCY": "투명",
            "SHAPE": "물통형",
            "SHAPE_TYPE": "POLYGON",
            "POINTS": [
                [
                    1302.912,
                    820.044
                ],
                [
                    1295.04,
                    817.992
                ],
                [
                    1285.056,
                    810.972
                ],
                [
                    1277.952,
                    802.008
                ],
                [
                    1273.92,
                    793.044
                ],
                [
                    1271.04,
                    774.0360000000001
                ],
                [
                    1271.04,
                    721.0079999999999
                ],
                [
                    1267.008,
                    658.044
                ],
                [
                    1268.928,
                    617.004
                ],
                [
                    1267.008,
                    579.96
                ],
                [
                    1262.016,
                    547.02
                ],
                [
                    1263.936,
                    537.948
                ],
                [
                    1253.952,
                    520.02
                ],
                [
                    1256.064,
                    508.032
                ],
                [
                    1246.08,
                    475.95599999999996
                ],
                [
                    1244.9279999999999,
                    424.98
                ],
                [
                    1242.048,
                    412.992
                ],
                [
                    1241.088,
                    377.028
                ],
                [
                    1234.944,
                    348.948
                ],
                [
                    1234.944,
                    331.992
                ],
                [
                    1237.056,
                    316.00800000000004
                ],
                [
                    1253.952,
                    273.024
                ],
                [
                    1281.0240000000001,
                    235.98
                ],
                [
                    1290.048,
                    227.988
                ],
                [
                    1291.968,
                    222.048
                ],
                [
                    1294.0800000000002,
                    222.048
                ],
                [
                    1295.04,
                    215.028
                ],
                [
                    1291.008,
                    204.984
                ],
                [
                    1291.008,
                    173.01600000000002
                ],
                [
                    1294.0800000000002,
                    169.02
                ],
                [
                    1305.9840000000002,
                    162
                ],
                [
                    1320,
                    158.976
                ],
                [
                    1339.9679999999998,
                    158.976
                ],
                [
                    1352.064,
                    162
                ],
                [
                    1356.096,
                    169.02
                ],
                [
                    1361.088,
                    212.004
                ],
                [
                    1368.96,
                    222.048
                ],
                [
                    1391.04,
                    235.98
                ],
                [
                    1414.0800000000002,
                    258.98400000000004
                ],
                [
                    1435.968,
                    293.976
                ],
                [
                    1444.032,
                    316.97999999999996
                ],
                [
                    1444.9920000000002,
                    355.968
                ],
                [
                    1448.0639999999999,
                    369.036
                ],
                [
                    1449.984,
                    413.964
                ],
                [
                    1455.936,
                    459.972
                ],
                [
                    1453.056,
                    492.048
                ],
                [
                    1453.056,
                    537.948
                ],
                [
                    1457.088,
                    559.0079999999999
                ],
                [
                    1458.048,
                    583.9559999999999
                ],
                [
                    1470.912,
                    651.024
                ],
                [
                    1477.056,
                    667.98
                ],
                [
                    1482.048,
                    695.952
                ],
                [
                    1483.008,
                    717.0120000000001
                ],
                [
                    1487.04,
                    732.996
                ],
                [
                    1491.072,
                    783
                ],
                [
                    1489.92,
                    791.9639999999999
                ],
                [
                    1483.008,
                    802.008
                ],
                [
                    1478.016,
                    806.0039999999999
                ],
                [
                    1459.9679999999998,
                    813.024
                ],
                [
                    1429.056,
                    813.9960000000001
                ],
                [
                    1419.072,
                    817.992
                ],
                [
                    1406.976,
                    820.044
                ],
                [
                    1302.912,
                    820.044
                ]
            ]
        }
    ]
}