{
    "IMAGE_INFO": {
        "FILE_NAME": "1002191@0_03001_220907_P1_T3__2129.jpg",
        "DATE": "2022-10-24 16:26:20",
        "RESOLUTION": "1920 x 1080",
        "IMAGE_PHOTOGRAPHER": "이지은",
        "FOCUS_DISTANCE": "5.6",
        "EXPOSURE_TIME": "1/400",
        "SENSITIVITY_ISO": "4000",
        "PLACE": "용인시재활용센터",
        "REGION_NAME": null,
        "Direction": "0",
        "HEIGHT": "100",
        "DAY/NIGHT": "주간",
        "WEATHER": "맑음",
        "IMAGE_HEIGHT": 1080,
        "IMAGE_WIDTH": 1920,
        "IMAGE_SIZE": "646.7 KB"
    },
    "ANNOTATION_INFO": [
        {
            "ID": "1",
            "CLASS": "페트병",
            "DETAILS": "무색단일",
            "DAMAGE": "찌그러짐",
            "DIRTINESS": "이물질(외부)",
            "COVER": "없음",
            "TRANSPARENCY": "투명",
            "SHAPE": "물통형",
            "SHAPE_TYPE": "POLYGON",
            "POINTS": [
                [
                    921.024,
                    841.968
                ],
                [
                    908.928,
                    840.024
                ],
                [
                    902.976,
                    833.976
                ],
                [
                    901.056,
                    814.9680000000001
                ],
                [
                    897.024,
                    806.976
                ],
                [
                    897.984,
                    801.0360000000001
                ],
                [
                    902.016,
                    794.9879999999999
                ],
                [
                    897.024,
                    775.98
                ],
                [
                    889.9200000000001,
                    767.0160000000001
                ],
                [
                    872.064,
                    752.976
                ],
                [
                    864.96,
                    744.9839999999999
                ],
                [
                    851.904,
                    736.02
                ],
                [
                    844.0319999999999,
                    728.028
                ],
                [
                    816.96,
                    691.956
                ],
                [
                    809.088,
                    678.024
                ],
                [
                    806.016,
                    677.052
                ],
                [
                    806.016,
                    663.0120000000001
                ],
                [
                    792,
                    627.048
                ],
                [
                    786.048,
                    600.048
                ],
                [
                    785.088,
                    512.028
                ],
                [
                    787.968,
                    470.01599999999996
                ],
                [
                    783.936,
                    428.976
                ],
                [
                    782.976,
                    389.988
                ],
                [
                    801.984,
                    331.02
                ],
                [
                    822.9119999999999,
                    294.94800000000004
                ],
                [
                    828.096,
                    289.008
                ],
                [
                    834.048,
                    284.04
                ],
                [
                    844.0319999999999,
                    280.044
                ],
                [
                    854.976,
                    266.976
                ],
                [
                    862.08,
                    266.00399999999996
                ],
                [
                    872.064,
                    261.036
                ],
                [
                    882.048,
                    261.036
                ],
                [
                    888.96,
                    263.952
                ],
                [
                    894.912,
                    272.052
                ],
                [
                    903.936,
                    277.992
                ],
                [
                    910.0799999999999,
                    277.02
                ],
                [
                    917.952,
                    272.052
                ],
                [
                    921.024,
                    266.976
                ],
                [
                    937.92,
                    255.95999999999998
                ],
                [
                    945.024,
                    255.95999999999998
                ],
                [
                    960,
                    261.036
                ],
                [
                    969.0240000000001,
                    266.976
                ],
                [
                    997.0559999999999,
                    301.968
                ],
                [
                    1009.9200000000001,
                    311.03999999999996
                ],
                [
                    1018.944,
                    324.972
                ],
                [
                    1022.016,
                    351
                ],
                [
                    1022.016,
                    405.97200000000004
                ],
                [
                    1027.968,
                    482.00399999999996
                ],
                [
                    1030.08,
                    540
                ],
                [
                    1031.04,
                    543.024
                ],
                [
                    1033.92,
                    546.048
                ],
                [
                    1036.992,
                    547.02
                ],
                [
                    1038.912,
                    551.016
                ],
                [
                    1032.96,
                    566.028
                ],
                [
                    1030.08,
                    567.972
                ],
                [
                    1036.032,
                    582.9839999999999
                ],
                [
                    1037.952,
                    601.992
                ],
                [
                    1031.04,
                    613.98
                ],
                [
                    1027.968,
                    677.052
                ],
                [
                    1023.936,
                    698.004
                ],
                [
                    1018.944,
                    710.9639999999999
                ],
                [
                    1004.928,
                    729.972
                ],
                [
                    996.0960000000001,
                    736.992
                ],
                [
                    992.0640000000001,
                    744.012
                ],
                [
                    983.04,
                    749.952
                ],
                [
                    969.9839999999999,
                    762.048
                ],
                [
                    963.0720000000001,
                    771.984
                ],
                [
                    956.928,
                    793.044
                ],
                [
                    960,
                    801.0360000000001
                ],
                [
                    960,
                    809.028
                ],
                [
                    955.008,
                    820.044
                ],
                [
                    955.008,
                    828.0360000000001
                ],
                [
                    950.976,
                    837.972
                ],
                [
                    948.096,
                    840.024
                ],
                [
                    934.0799999999999,
                    841.968
                ],
                [
                    921.024,
                    841.968
                ]
            ]
        },
        {
            "ID": "2",
            "CLASS": "페트병",
            "DETAILS": "무색단일",
            "DAMAGE": "찌그러짐",
            "DIRTINESS": "이물질(외부)",
            "COVER": "없음",
            "TRANSPARENCY": "투명",
            "SHAPE": "물통형",
            "SHAPE_TYPE": "POLYGON",
            "POINTS": [
                [
                    576.96,
                    451.97999999999996
                ],
                [
                    569.088,
                    447.984
                ],
                [
                    562.9440000000001,
                    447.012
                ],
                [
                    547.968,
                    439.02
                ],
                [
                    537.024,
                    435.996
                ],
                [
                    532.9920000000001,
                    432
                ],
                [
                    529.9200000000001,
                    431.028
                ],
                [
                    519.9359999999999,
                    431.028
                ],
                [
                    509.952,
                    424.98
                ],
                [
                    504,
                    424.008
                ],
                [
                    500.92800000000005,
                    420.984
                ],
                [
                    484.032,
                    413.964
                ],
                [
                    475.968,
                    412.992
                ],
                [
                    436.032,
                    393.012
                ],
                [
                    408.96,
                    377.028
                ],
                [
                    403.968,
                    370.00800000000004
                ],
                [
                    403.008,
                    363.96000000000004
                ],
                [
                    403.968,
                    346.03200000000004
                ],
                [
                    412.992,
                    324
                ],
                [
                    422.01599999999996,
                    315.036
                ],
                [
                    423.936,
                    304.02
                ],
                [
                    432.96000000000004,
                    288.036
                ],
                [
                    441.024,
                    277.992
                ],
                [
                    441.024,
                    270
                ],
                [
                    450.048,
                    254.016
                ],
                [
                    457.91999999999996,
                    246.024
                ],
                [
                    459.072,
                    235.00799999999998
                ],
                [
                    467.904,
                    216.972
                ],
                [
                    475.00800000000004,
                    212.004
                ],
                [
                    479.04,
                    192.024
                ],
                [
                    489.984,
                    173.988
                ],
                [
                    490.94399999999996,
                    166.968
                ],
                [
                    504.96000000000004,
                    142.992
                ],
                [
                    513.984,
                    122.04
                ],
                [
                    529.9200000000001,
                    107.02799999999999
                ],
                [
                    536.064,
                    104.00399999999999
                ],
                [
                    543.936,
                    96.98400000000001
                ],
                [
                    547.0079999999999,
                    80.028
                ],
                [
                    547.968,
                    61.02
                ],
                [
                    574.0799999999999,
                    0
                ],
                [
                    790.0799999999999,
                    0
                ],
                [
                    787.0079999999999,
                    18.035999999999998
                ],
                [
                    778.944,
                    42.01199999999999
                ],
                [
                    778.944,
                    54.972
                ],
                [
                    774.912,
                    69.012
                ],
                [
                    762.048,
                    88.992
                ],
                [
                    723.072,
                    173.01600000000002
                ],
                [
                    715.008,
                    181.008
                ],
                [
                    706.9440000000001,
                    184.03199999999998
                ],
                [
                    700.992,
                    189
                ],
                [
                    700.0319999999999,
                    219.99599999999998
                ],
                [
                    694.0799999999999,
                    235.00799999999998
                ],
                [
                    691.968,
                    239.004
                ],
                [
                    686.016,
                    243.97199999999998
                ],
                [
                    682.9440000000001,
                    261.036
                ],
                [
                    676.9920000000001,
                    270.97200000000004
                ],
                [
                    671.04,
                    277.02
                ],
                [
                    668.928,
                    288.036
                ],
                [
                    662.976,
                    300.996
                ],
                [
                    654.912,
                    309.96
                ],
                [
                    653.952,
                    320.004
                ],
                [
                    648,
                    332.964
                ],
                [
                    638.016,
                    343.008
                ],
                [
                    639.9359999999999,
                    347.976
                ],
                [
                    638.016,
                    354.024
                ],
                [
                    630.912,
                    369.036
                ],
                [
                    624.96,
                    374.976
                ],
                [
                    624.96,
                    381.99600000000004
                ],
                [
                    622.08,
                    389.988
                ],
                [
                    610.944,
                    408.996
                ],
                [
                    610.944,
                    412.992
                ],
                [
                    601.92,
                    432
                ],
                [
                    594.048,
                    443.988
                ],
                [
                    585.024,
                    451.97999999999996
                ]
            ]
        }
    ]
}