{
    "IMAGE_INFO": {
        "FILE_NAME": "1002365@0_03001_220907_P1_T3__2028.jpg",
        "DATE": "2022-10-24 16:34:58",
        "RESOLUTION": "1920 x 1080",
        "IMAGE_PHOTOGRAPHER": "이지은",
        "FOCUS_DISTANCE": "5.6",
        "EXPOSURE_TIME": "1/400",
        "SENSITIVITY_ISO": "4000",
        "PLACE": "용인시재활용센터",
        "REGION_NAME": null,
        "Direction": "0",
        "HEIGHT": "100",
        "DAY/NIGHT": "주간",
        "WEATHER": "맑음",
        "IMAGE_HEIGHT": 1080,
        "IMAGE_WIDTH": 1920,
        "IMAGE_SIZE": "635.2 KB"
    },
    "ANNOTATION_INFO": [
        {
            "ID": "1",
            "CLASS": "페트병",
            "DETAILS": "무색단일",
            "DAMAGE": "원형",
            "DIRTINESS": "오염없음",
            "COVER": "없음",
            "TRANSPARENCY": "투명",
            "SHAPE": "물통형",
            "SHAPE_TYPE": "POLYGON",
            "POINTS": [
                [
                    916.9920000000001,
                    285.984
                ],
                [
                    901.056,
                    282.96000000000004
                ],
                [
                    836.928,
                    251.964
                ],
                [
                    811.008,
                    238.032
                ],
                [
                    806.016,
                    232.95600000000002
                ],
                [
                    801.024,
                    231.012
                ],
                [
                    792.9599999999999,
                    224.96400000000003
                ],
                [
                    777.984,
                    216.972
                ],
                [
                    763.968,
                    205.95600000000002
                ],
                [
                    744,
                    193.96800000000002
                ],
                [
                    720,
                    177.012
                ],
                [
                    709.056,
                    170.964
                ],
                [
                    692.928,
                    159.948
                ],
                [
                    684.096,
                    149.04000000000002
                ],
                [
                    682.9440000000001,
                    145.044
                ],
                [
                    670.0799999999999,
                    143.964
                ],
                [
                    662.016,
                    137.05200000000002
                ],
                [
                    649.9200000000001,
                    131.976
                ],
                [
                    643.0079999999999,
                    123.984
                ],
                [
                    642.048,
                    111.024
                ],
                [
                    647.0400000000001,
                    96.012
                ],
                [
                    652.032,
                    88.02000000000001
                ],
                [
                    657.024,
                    81
                ],
                [
                    666.048,
                    77.004
                ],
                [
                    672,
                    77.976
                ],
                [
                    678.912,
                    80.028
                ],
                [
                    696.96,
                    88.02000000000001
                ],
                [
                    699.072,
                    88.02000000000001
                ],
                [
                    700.0319999999999,
                    92.01599999999999
                ],
                [
                    705.984,
                    96.012
                ],
                [
                    714.048,
                    92.988
                ],
                [
                    719.04,
                    92.988
                ],
                [
                    743.04,
                    99.036
                ],
                [
                    830.976,
                    124.956
                ],
                [
                    858.048,
                    134.028
                ],
                [
                    878.016,
                    141.048
                ],
                [
                    907.0079999999999,
                    153.036
                ],
                [
                    921.984,
                    162
                ],
                [
                    931.008,
                    165.024
                ],
                [
                    944.0640000000001,
                    173.01600000000002
                ],
                [
                    955.008,
                    181.98000000000002
                ],
                [
                    968.064,
                    196.99200000000002
                ],
                [
                    970.9440000000001,
                    201.96
                ],
                [
                    971.904,
                    211.03199999999998
                ],
                [
                    970.9440000000001,
                    216.972
                ],
                [
                    968.064,
                    220.96800000000002
                ],
                [
                    956.928,
                    230.04
                ],
                [
                    955.008,
                    235.00799999999998
                ],
                [
                    956.928,
                    258.98400000000004
                ],
                [
                    955.008,
                    262.98
                ],
                [
                    950.976,
                    266.00399999999996
                ],
                [
                    945.024,
                    266.976
                ],
                [
                    940.992,
                    270.97200000000004
                ],
                [
                    940.0319999999999,
                    278.964
                ],
                [
                    936.96,
                    282.96000000000004
                ],
                [
                    931.008,
                    285.984
                ],
                [
                    916.9920000000001,
                    285.984
                ]
            ]
        },
        {
            "ID": "2",
            "CLASS": "페트병",
            "DETAILS": "무색단일",
            "DAMAGE": "원형",
            "DIRTINESS": "오염없음",
            "COVER": "없음",
            "TRANSPARENCY": "투명",
            "SHAPE": "기타 형태",
            "SHAPE_TYPE": "POLYGON",
            "POINTS": [
                [
                    723.072,
                    1080
                ],
                [
                    724.0319999999999,
                    1069.9560000000001
                ],
                [
                    733.0559999999999,
                    1038.96
                ],
                [
                    734.016,
                    1029.996
                ],
                [
                    737.0880000000001,
                    1015.956
                ],
                [
                    740.928,
                    1006.992
                ],
                [
                    742.08,
                    999
                ],
                [
                    748.032,
                    980.9639999999999
                ],
                [
                    748.992,
                    974.052
                ],
                [
                    757.0559999999999,
                    952.992
                ],
                [
                    758.976,
                    941.0039999999999
                ],
                [
                    766.08,
                    921.024
                ],
                [
                    771.072,
                    902.0160000000001
                ],
                [
                    771.072,
                    897.048
                ],
                [
                    772.9920000000001,
                    890.028
                ],
                [
                    774.912,
                    886.032
                ],
                [
                    777.984,
                    883.98
                ],
                [
                    778.944,
                    882.036
                ],
                [
                    778.944,
                    879.012
                ],
                [
                    782.976,
                    874.044
                ],
                [
                    792,
                    874.044
                ],
                [
                    797.952,
                    875.0160000000001
                ],
                [
                    806.976,
                    875.0160000000001
                ],
                [
                    811.968,
                    875.988
                ],
                [
                    816.96,
                    878.04
                ],
                [
                    828.096,
                    878.04
                ],
                [
                    834.048,
                    879.012
                ],
                [
                    846.912,
                    882.036
                ],
                [
                    854.976,
                    883.008
                ],
                [
                    868.992,
                    887.004
                ],
                [
                    888.96,
                    891
                ],
                [
                    893.952,
                    893.052
                ],
                [
                    897.984,
                    895.968
                ],
                [
                    897.984,
                    905.04
                ],
                [
                    900.096,
                    909.0360000000001
                ],
                [
                    897.984,
                    920.052
                ],
                [
                    897.024,
                    933.0120000000001
                ],
                [
                    897.024,
                    952.02
                ],
                [
                    896.064,
                    964.0079999999999
                ],
                [
                    893.952,
                    974.052
                ],
                [
                    893.952,
                    994.032
                ],
                [
                    892.032,
                    1006.992
                ],
                [
                    891.072,
                    1018.98
                ],
                [
                    888.96,
                    1026.972
                ],
                [
                    888.96,
                    1038.96
                ],
                [
                    888,
                    1050.9479999999999
                ],
                [
                    884.928,
                    1068.012
                ],
                [
                    884.928,
                    1080
                ],
                [
                    723.072,
                    1080
                ]
            ]
        }
    ]
}