{
    "IMAGE_INFO": {
        "FILE_NAME": "1002424@0_03001_220907_P1_T3__1940.jpg",
        "DATE": "2022-10-24 16:34:46",
        "RESOLUTION": "1920 x 1080",
        "IMAGE_PHOTOGRAPHER": "이지은",
        "FOCUS_DISTANCE": "5.6",
        "EXPOSURE_TIME": "1/400",
        "SENSITIVITY_ISO": "4000",
        "PLACE": "용인시재활용센터",
        "REGION_NAME": null,
        "Direction": "0",
        "HEIGHT": "100",
        "DAY/NIGHT": "주간",
        "WEATHER": "맑음",
        "IMAGE_HEIGHT": 1080,
        "IMAGE_WIDTH": 1920,
        "IMAGE_SIZE": "623.7 KB"
    },
    "ANNOTATION_INFO": [
        {
            "ID": "1",
            "CLASS": "페트병",
            "DETAILS": "무색단일",
            "DAMAGE": "원형",
            "DIRTINESS": "이물질(외부)",
            "COVER": "없음",
            "TRANSPARENCY": "투명",
            "SHAPE": "물통형",
            "SHAPE_TYPE": "POLYGON",
            "POINTS": [
                [
                    806.976,
                    443.988
                ],
                [
                    795.072,
                    443.016
                ],
                [
                    782.976,
                    435.996
                ],
                [
                    777.984,
                    428.976
                ],
                [
                    774.912,
                    416.988
                ],
                [
                    763.0079999999999,
                    408.024
                ],
                [
                    758.016,
                    401.976
                ],
                [
                    744,
                    381.99600000000004
                ],
                [
                    740.928,
                    374.004
                ],
                [
                    729.024,
                    358.99199999999996
                ],
                [
                    726.912,
                    353.052
                ],
                [
                    716.928,
                    340.95599999999996
                ],
                [
                    709.056,
                    326.052
                ],
                [
                    687.936,
                    300.024
                ],
                [
                    666.048,
                    265.032
                ],
                [
                    661.056,
                    261.036
                ],
                [
                    652.9920000000001,
                    246.024
                ],
                [
                    648,
                    242.028
                ],
                [
                    619.9680000000001,
                    199.04399999999998
                ],
                [
                    593.088,
                    164.05200000000002
                ],
                [
                    585.984,
                    150.984
                ],
                [
                    585.024,
                    143.964
                ],
                [
                    588.096,
                    120.96000000000001
                ],
                [
                    567.936,
                    105.94800000000001
                ],
                [
                    558.912,
                    104.976
                ],
                [
                    556.032,
                    96.012
                ],
                [
                    548.928,
                    88.02000000000001
                ],
                [
                    546.048,
                    77.976
                ],
                [
                    538.944,
                    69.984
                ],
                [
                    531.072,
                    46.98
                ],
                [
                    512.064,
                    11.016
                ],
                [
                    509.952,
                    0
                ],
                [
                    706.9440000000001,
                    0
                ],
                [
                    705.024,
                    15.011999999999999
                ],
                [
                    711.936,
                    29.052
                ],
                [
                    711.936,
                    33.048
                ],
                [
                    720.96,
                    38.988
                ],
                [
                    729.024,
                    41.04
                ],
                [
                    748.032,
                    61.02
                ],
                [
                    771.072,
                    99.036
                ],
                [
                    777.984,
                    104.976
                ],
                [
                    782.976,
                    114.048
                ],
                [
                    790.0799999999999,
                    120.96000000000001
                ],
                [
                    800.0640000000001,
                    138.996
                ],
                [
                    824.0640000000001,
                    169.02
                ],
                [
                    844.0319999999999,
                    200.988
                ],
                [
                    859.9680000000001,
                    219.024
                ],
                [
                    869.952,
                    236.95200000000003
                ],
                [
                    888.96,
                    259.956
                ],
                [
                    916.032,
                    297.972
                ],
                [
                    916.9920000000001,
                    311.03999999999996
                ],
                [
                    929.088,
                    321.948
                ],
                [
                    934.0799999999999,
                    331.02
                ],
                [
                    936,
                    347.00399999999996
                ],
                [
                    932.928,
                    355.968
                ],
                [
                    912,
                    370.00800000000004
                ],
                [
                    889.9200000000001,
                    388.044
                ],
                [
                    868.032,
                    401.976
                ],
                [
                    833.088,
                    428.976
                ],
                [
                    806.976,
                    443.988
                ]
            ]
        },
        {
            "ID": "2",
            "CLASS": "페트병",
            "DETAILS": "무색단일",
            "DAMAGE": "원형",
            "DIRTINESS": "이물질(외부)",
            "COVER": "겹침",
            "TRANSPARENCY": "투명",
            "SHAPE": "물통형",
            "SHAPE_TYPE": "POLYGON",
            "POINTS": [
                [
                    614.016,
                    394.956
                ],
                [
                    605.952,
                    393.012
                ],
                [
                    600,
                    384.048
                ],
                [
                    594.048,
                    370.00800000000004
                ],
                [
                    586.9440000000001,
                    358.99199999999996
                ],
                [
                    588.096,
                    346.03200000000004
                ],
                [
                    580.0319999999999,
                    339.98400000000004
                ],
                [
                    575.04,
                    339.012
                ],
                [
                    570.048,
                    335.988
                ],
                [
                    552,
                    330.048
                ],
                [
                    541.056,
                    317.952
                ],
                [
                    523.0079999999999,
                    286.956
                ],
                [
                    518.976,
                    277.992
                ],
                [
                    518.976,
                    274.968
                ],
                [
                    515.904,
                    270
                ],
                [
                    514.944,
                    263.952
                ],
                [
                    512.064,
                    258.012
                ],
                [
                    512.064,
                    254.016
                ],
                [
                    504,
                    231.98399999999998
                ],
                [
                    503.04,
                    223.992
                ],
                [
                    499.00800000000004,
                    219.024
                ],
                [
                    497.088,
                    211.03199999999998
                ],
                [
                    489.02399999999994,
                    193.96800000000002
                ],
                [
                    484.032,
                    186.948
                ],
                [
                    480.96,
                    177.984
                ],
                [
                    479.04,
                    169.02
                ],
                [
                    478.08,
                    153.036
                ],
                [
                    474.048,
                    138.024
                ],
                [
                    475.00800000000004,
                    84.99600000000001
                ],
                [
                    480.96,
                    77.976
                ],
                [
                    478.08,
                    68.04
                ],
                [
                    480.96,
                    64.044
                ],
                [
                    489.984,
                    61.992
                ],
                [
                    494.97599999999994,
                    58.968
                ],
                [
                    503.04,
                    57.995999999999995
                ],
                [
                    508.992,
                    54.972
                ],
                [
                    515.904,
                    54
                ],
                [
                    529.9200000000001,
                    54
                ],
                [
                    533.952,
                    57.024
                ],
                [
                    534.912,
                    61.02
                ],
                [
                    545.088,
                    78.948
                ],
                [
                    548.928,
                    89.964
                ],
                [
                    558.912,
                    97.956
                ],
                [
                    564.096,
                    104.976
                ],
                [
                    567.936,
                    105.94800000000001
                ],
                [
                    576.96,
                    111.024
                ],
                [
                    589.056,
                    123.012
                ],
                [
                    590.0160000000001,
                    124.956
                ],
                [
                    585.984,
                    141.048
                ],
                [
                    586.9440000000001,
                    149.04000000000002
                ],
                [
                    601.92,
                    173.988
                ],
                [
                    619.008,
                    196.99200000000002
                ],
                [
                    630.912,
                    216.972
                ],
                [
                    635.904,
                    230.04
                ],
                [
                    637.0559999999999,
                    236.95200000000003
                ],
                [
                    641.088,
                    243
                ],
                [
                    641.088,
                    246.024
                ],
                [
                    644.928,
                    255.95999999999998
                ],
                [
                    646.08,
                    266.00399999999996
                ],
                [
                    649.9200000000001,
                    281.01599999999996
                ],
                [
                    649.9200000000001,
                    290.952
                ],
                [
                    646.08,
                    301.968
                ],
                [
                    637.0559999999999,
                    320.004
                ],
                [
                    637.0559999999999,
                    324.972
                ],
                [
                    648,
                    335.988
                ],
                [
                    649.9200000000001,
                    346.03200000000004
                ],
                [
                    657.984,
                    366.012
                ],
                [
                    657.984,
                    374.004
                ],
                [
                    652.032,
                    381.024
                ],
                [
                    642.048,
                    386.964
                ],
                [
                    625.9200000000001,
                    393.012
                ],
                [
                    614.016,
                    394.956
                ]
            ]
        },
        {
            "ID": "3",
            "CLASS": "페트병",
            "DETAILS": "무색단일",
            "DAMAGE": "원형",
            "DIRTINESS": "이물질(외부)",
            "COVER": "없음",
            "TRANSPARENCY": "투명",
            "SHAPE": "물통형",
            "SHAPE_TYPE": "POLYGON",
            "POINTS": [
                [
                    1545.024,
                    979.992
                ],
                [
                    1535.04,
                    979.02
                ],
                [
                    1529.088,
                    975.996
                ],
                [
                    1526.0159999999998,
                    972
                ],
                [
                    1522.944,
                    960.984
                ],
                [
                    1521.0240000000001,
                    942.948
                ],
                [
                    1518.912,
                    938.952
                ],
                [
                    1520.0639999999999,
                    933.0120000000001
                ],
                [
                    1523.904,
                    926.9639999999999
                ],
                [
                    1523.904,
                    921.024
                ],
                [
                    1518.912,
                    899.964
                ],
                [
                    1508.928,
                    871.992
                ],
                [
                    1497.984,
                    852.9839999999999
                ],
                [
                    1488.96,
                    841.968
                ],
                [
                    1479.9360000000001,
                    826.956
                ],
                [
                    1473.024,
                    806.0039999999999
                ],
                [
                    1468.992,
                    776.952
                ],
                [
                    1464.96,
                    767.0160000000001
                ],
                [
                    1458.048,
                    710.9639999999999
                ],
                [
                    1455.936,
                    704.052
                ],
                [
                    1446.912,
                    617.976
                ],
                [
                    1445.952,
                    593.028
                ],
                [
                    1441.92,
                    567.972
                ],
                [
                    1440.9599999999998,
                    529.956
                ],
                [
                    1441.92,
                    524.0160000000001
                ],
                [
                    1446.912,
                    516.996
                ],
                [
                    1451.904,
                    513.972
                ],
                [
                    1455.936,
                    513
                ],
                [
                    1477.056,
                    509.004
                ],
                [
                    1488,
                    508.032
                ],
                [
                    1503.936,
                    508.032
                ],
                [
                    1517.952,
                    505.98
                ],
                [
                    1529.088,
                    502.956
                ],
                [
                    1555.0079999999998,
                    501.984
                ],
                [
                    1574.0159999999998,
                    501.984
                ],
                [
                    1579.008,
                    502.956
                ],
                [
                    1584,
                    505.98
                ],
                [
                    1585.9199999999998,
                    509.004
                ],
                [
                    1588.032,
                    509.004
                ],
                [
                    1588.992,
                    509.976
                ],
                [
                    1594.944,
                    535.032
                ],
                [
                    1596.096,
                    552.96
                ],
                [
                    1598.9759999999999,
                    570.024
                ],
                [
                    1599.9360000000001,
                    593.028
                ],
                [
                    1606.08,
                    641.952
                ],
                [
                    1607.04,
                    671.0039999999999
                ],
                [
                    1611.072,
                    698.004
                ],
                [
                    1612.032,
                    810
                ],
                [
                    1607.04,
                    826.956
                ],
                [
                    1593.9840000000002,
                    853.9559999999999
                ],
                [
                    1585.9199999999998,
                    874.044
                ],
                [
                    1584.96,
                    880.956
                ],
                [
                    1584.96,
                    890.028
                ],
                [
                    1582.08,
                    910.008
                ],
                [
                    1582.08,
                    926.9639999999999
                ],
                [
                    1588.032,
                    933.0120000000001
                ],
                [
                    1588.992,
                    936.0360000000001
                ],
                [
                    1588.992,
                    972
                ],
                [
                    1585.9199999999998,
                    975.996
                ],
                [
                    1580.928,
                    979.02
                ],
                [
                    1574.976,
                    979.992
                ],
                [
                    1545.024,
                    979.992
                ]
            ]
        }
    ]
}