{
    "IMAGE_INFO": {
        "FILE_NAME": "1002205@0_03001_220907_P1_T3__1882.jpg",
        "DATE": "2022-10-24 16:25:46",
        "RESOLUTION": "1920 x 1080",
        "IMAGE_PHOTOGRAPHER": "이지은",
        "FOCUS_DISTANCE": "5.6",
        "EXPOSURE_TIME": "1/400",
        "SENSITIVITY_ISO": "4000",
        "PLACE": "용인시재활용센터",
        "REGION_NAME": null,
        "Direction": "0",
        "HEIGHT": "100",
        "DAY/NIGHT": "주간",
        "WEATHER": "맑음",
        "IMAGE_HEIGHT": 1080,
        "IMAGE_WIDTH": 1920,
        "IMAGE_SIZE": "646.3 KB"
    },
    "ANNOTATION_INFO": [
        {
            "ID": "1",
            "CLASS": "페트병",
            "DETAILS": "무색단일",
            "DAMAGE": "원형",
            "DIRTINESS": "이물질(외부)",
            "COVER": "없음",
            "TRANSPARENCY": "투명",
            "SHAPE": "물통형",
            "SHAPE_TYPE": "POLYGON",
            "POINTS": [
                [
                    584.0640000000001,
                    448.956
                ],
                [
                    571.968,
                    446.03999999999996
                ],
                [
                    547.0079999999999,
                    435.024
                ],
                [
                    532.032,
                    432
                ],
                [
                    500.92800000000005,
                    423.036
                ],
                [
                    490.94399999999996,
                    416.988
                ],
                [
                    480.96,
                    416.01599999999996
                ],
                [
                    473.088,
                    412.02
                ],
                [
                    462.91200000000003,
                    409.968
                ],
                [
                    456,
                    405.97200000000004
                ],
                [
                    445.05600000000004,
                    405
                ],
                [
                    417.024,
                    392.03999999999996
                ],
                [
                    413.952,
                    389.988
                ],
                [
                    411.072,
                    382.968
                ],
                [
                    411.072,
                    363.96000000000004
                ],
                [
                    413.952,
                    347.00399999999996
                ],
                [
                    436.032,
                    290.952
                ],
                [
                    441.984,
                    267.948
                ],
                [
                    450.048,
                    254.016
                ],
                [
                    450.048,
                    246.024
                ],
                [
                    454.08,
                    232.95600000000002
                ],
                [
                    462.91200000000003,
                    220.96800000000002
                ],
                [
                    466.944,
                    192.996
                ],
                [
                    475.968,
                    181.98000000000002
                ],
                [
                    479.04,
                    158.976
                ],
                [
                    486.912,
                    145.044
                ],
                [
                    486.912,
                    137.05200000000002
                ],
                [
                    490.94399999999996,
                    124.956
                ],
                [
                    494.97599999999994,
                    118.044
                ],
                [
                    515.904,
                    99.036
                ],
                [
                    518.976,
                    92.988
                ],
                [
                    518.976,
                    42.984
                ],
                [
                    534.912,
                    0
                ],
                [
                    744.96,
                    0
                ],
                [
                    747.072,
                    29.052
                ],
                [
                    738.048,
                    54
                ],
                [
                    723.072,
                    85.968
                ],
                [
                    715.9680000000001,
                    123.012
                ],
                [
                    710.976,
                    131.976
                ],
                [
                    710.0160000000001,
                    139.968
                ],
                [
                    701.952,
                    154.98
                ],
                [
                    695.04,
                    162
                ],
                [
                    691.008,
                    162.972
                ],
                [
                    686.016,
                    169.02
                ],
                [
                    687.936,
                    199.04399999999998
                ],
                [
                    685.056,
                    212.976
                ],
                [
                    681.984,
                    222.048
                ],
                [
                    676.9920000000001,
                    226.044
                ],
                [
                    676.032,
                    243.97199999999998
                ],
                [
                    672.9599999999999,
                    251.964
                ],
                [
                    667.0079999999999,
                    258.98400000000004
                ],
                [
                    667.0079999999999,
                    270
                ],
                [
                    662.976,
                    285.012
                ],
                [
                    654.912,
                    297.972
                ],
                [
                    654.912,
                    307.044
                ],
                [
                    651.072,
                    320.976
                ],
                [
                    644.928,
                    331.02
                ],
                [
                    644.928,
                    339.98400000000004
                ],
                [
                    638.976,
                    354.996
                ],
                [
                    633.024,
                    363.96000000000004
                ],
                [
                    633.024,
                    373.032
                ],
                [
                    627.072,
                    392.03999999999996
                ],
                [
                    623.04,
                    397.98
                ],
                [
                    619.9680000000001,
                    416.988
                ],
                [
                    608.064,
                    442.044
                ],
                [
                    600,
                    448.956
                ],
                [
                    584.0640000000001,
                    448.956
                ]
            ]
        },
        {
            "ID": "2",
            "CLASS": "페트병",
            "DETAILS": "무색단일",
            "DAMAGE": "원형",
            "DIRTINESS": "이물질(외부)",
            "COVER": "없음",
            "TRANSPARENCY": "투명",
            "SHAPE": "물통형",
            "SHAPE_TYPE": "POLYGON",
            "POINTS": [
                [
                    1556.9279999999999,
                    1048.0320000000002
                ],
                [
                    1546.944,
                    1042.956
                ],
                [
                    1532.9279999999999,
                    1042.956
                ],
                [
                    1523.904,
                    1038.96
                ],
                [
                    1478.9759999999999,
                    1041.012
                ],
                [
                    1472.064,
                    1037.016
                ],
                [
                    1464,
                    1037.016
                ],
                [
                    1458.048,
                    1033.992
                ],
                [
                    1446.912,
                    1033.992
                ],
                [
                    1430.9759999999999,
                    1028.052
                ],
                [
                    1420.0320000000002,
                    1021.032
                ],
                [
                    1406.0159999999998,
                    1006.02
                ],
                [
                    1402.944,
                    996.948
                ],
                [
                    1402.944,
                    863.028
                ],
                [
                    1406.976,
                    840.996
                ],
                [
                    1411.968,
                    785.052
                ],
                [
                    1417.92,
                    760.968
                ],
                [
                    1416,
                    667.008
                ],
                [
                    1419.072,
                    614.952
                ],
                [
                    1417.92,
                    540.972
                ],
                [
                    1420.0320000000002,
                    524.0160000000001
                ],
                [
                    1430.016,
                    500.04
                ],
                [
                    1446.912,
                    478.008
                ],
                [
                    1468.032,
                    455.004
                ],
                [
                    1489.92,
                    439.02
                ],
                [
                    1492.032,
                    435.024
                ],
                [
                    1489.92,
                    417.96000000000004
                ],
                [
                    1492.032,
                    393.98400000000004
                ],
                [
                    1497.984,
                    389.016
                ],
                [
                    1516.992,
                    385.02
                ],
                [
                    1536,
                    385.02
                ],
                [
                    1555.0079999999998,
                    389.016
                ],
                [
                    1560,
                    393.98400000000004
                ],
                [
                    1563.0720000000001,
                    439.02
                ],
                [
                    1584.96,
                    459
                ],
                [
                    1603.968,
                    479.952
                ],
                [
                    1625.0880000000002,
                    509.004
                ],
                [
                    1632,
                    524.0160000000001
                ],
                [
                    1636.032,
                    539.028
                ],
                [
                    1636.032,
                    560.952
                ],
                [
                    1632.96,
                    570.024
                ],
                [
                    1632,
                    632.9879999999999
                ],
                [
                    1626.048,
                    709.02
                ],
                [
                    1626.048,
                    743.04
                ],
                [
                    1621.056,
                    764.964
                ],
                [
                    1621.056,
                    789.048
                ],
                [
                    1625.0880000000002,
                    809.028
                ],
                [
                    1626.048,
                    857.952
                ],
                [
                    1625.0880000000002,
                    1002.024
                ],
                [
                    1621.056,
                    1010.0160000000001
                ],
                [
                    1617.984,
                    1010.988
                ],
                [
                    1612.992,
                    1028.052
                ],
                [
                    1608,
                    1037.016
                ],
                [
                    1592.064,
                    1046.952
                ],
                [
                    1585.9199999999998,
                    1048.0320000000002
                ],
                [
                    1556.9279999999999,
                    1048.0320000000002
                ]
            ]
        }
    ]
}