{
    "IMAGE_INFO": {
        "FILE_NAME": "1002169@0_03001_220907_P1_T3__1889.jpg",
        "DATE": "2022-10-24 16:25:46",
        "RESOLUTION": "1920 x 1080",
        "IMAGE_PHOTOGRAPHER": "이지은",
        "FOCUS_DISTANCE": "5.6",
        "EXPOSURE_TIME": "1/400",
        "SENSITIVITY_ISO": "4000",
        "PLACE": "용인시재활용센터",
        "REGION_NAME": null,
        "Direction": "0",
        "HEIGHT": "100",
        "DAY/NIGHT": "주간",
        "WEATHER": "맑음",
        "IMAGE_HEIGHT": 1080,
        "IMAGE_WIDTH": 1920,
        "IMAGE_SIZE": "670.5 KB"
    },
    "ANNOTATION_INFO": [
        {
            "ID": "1",
            "CLASS": "페트병",
            "DETAILS": "무색단일",
            "DAMAGE": "원형",
            "DIRTINESS": "이물질(외부)",
            "COVER": "없음",
            "TRANSPARENCY": "투명",
            "SHAPE": "물통형",
            "SHAPE_TYPE": "POLYGON",
            "POINTS": [
                [
                    590.0160000000001,
                    451.00800000000004
                ],
                [
                    577.92,
                    448.956
                ],
                [
                    561.984,
                    448.956
                ],
                [
                    556.9920000000001,
                    447.012
                ],
                [
                    552.9599999999999,
                    443.016
                ],
                [
                    539.904,
                    439.99199999999996
                ],
                [
                    536.064,
                    442.044
                ],
                [
                    532.9920000000001,
                    438.048
                ],
                [
                    523.0079999999999,
                    435.996
                ],
                [
                    518.976,
                    432
                ],
                [
                    510.91200000000003,
                    429.94800000000004
                ],
                [
                    504.96000000000004,
                    429.94800000000004
                ],
                [
                    489.02399999999994,
                    424.008
                ],
                [
                    480,
                    419.04
                ],
                [
                    460.992,
                    415.044
                ],
                [
                    450.048,
                    408.996
                ],
                [
                    442.94399999999996,
                    408.024
                ],
                [
                    426.048,
                    401.004
                ],
                [
                    421.056,
                    397.008
                ],
                [
                    414.912,
                    396.036
                ],
                [
                    408.96,
                    390.96
                ],
                [
                    408,
                    385.02
                ],
                [
                    408.96,
                    353.052
                ],
                [
                    417.98400000000004,
                    332.964
                ],
                [
                    426.048,
                    304.02
                ],
                [
                    431.04,
                    297.972
                ],
                [
                    432,
                    286.956
                ],
                [
                    456,
                    218.052
                ],
                [
                    456.96,
                    207.036
                ],
                [
                    460.03200000000004,
                    199.04399999999998
                ],
                [
                    470.01599999999996,
                    185.00400000000002
                ],
                [
                    470.976,
                    168.04799999999997
                ],
                [
                    475.00800000000004,
                    158.00400000000002
                ],
                [
                    480.96,
                    150.984
                ],
                [
                    481.92,
                    139.968
                ],
                [
                    486.912,
                    124.956
                ],
                [
                    494.01599999999996,
                    114.048
                ],
                [
                    510.91200000000003,
                    97.956
                ],
                [
                    510.91200000000003,
                    57.995999999999995
                ],
                [
                    514.944,
                    46.98
                ],
                [
                    515.904,
                    34.992
                ],
                [
                    526.08,
                    8.964
                ],
                [
                    527.0400000000001,
                    0
                ],
                [
                    715.008,
                    0
                ],
                [
                    726.912,
                    11.016
                ],
                [
                    738.048,
                    27.971999999999998
                ],
                [
                    738.048,
                    42.01199999999999
                ],
                [
                    734.016,
                    58.968
                ],
                [
                    720.96,
                    89.964
                ],
                [
                    713.088,
                    116.964
                ],
                [
                    713.088,
                    123.012
                ],
                [
                    708.096,
                    132.948
                ],
                [
                    708.096,
                    139.968
                ],
                [
                    702.9119999999999,
                    150.984
                ],
                [
                    699.072,
                    154.98
                ],
                [
                    694.0799999999999,
                    155.952
                ],
                [
                    684.096,
                    166.968
                ],
                [
                    686.016,
                    201.96
                ],
                [
                    681.984,
                    218.052
                ],
                [
                    676.9920000000001,
                    226.044
                ],
                [
                    675.072,
                    245.052
                ],
                [
                    666.048,
                    259.956
                ],
                [
                    666.048,
                    267.948
                ],
                [
                    662.016,
                    282.96000000000004
                ],
                [
                    656.064,
                    292.032
                ],
                [
                    651.072,
                    319.032
                ],
                [
                    643.968,
                    330.048
                ],
                [
                    643.968,
                    343.008
                ],
                [
                    633.984,
                    363.96000000000004
                ],
                [
                    633.024,
                    375.94800000000004
                ],
                [
                    624,
                    400.032
                ],
                [
                    617.0880000000001,
                    427.032
                ],
                [
                    603.072,
                    448.956
                ],
                [
                    598.08,
                    451.00800000000004
                ],
                [
                    590.0160000000001,
                    451.00800000000004
                ]
            ]
        },
        {
            "ID": "2",
            "CLASS": "페트병",
            "DETAILS": "무색단일",
            "DAMAGE": "원형",
            "DIRTINESS": "오염없음",
            "COVER": "없음",
            "TRANSPARENCY": "투명",
            "SHAPE": "물통형",
            "SHAPE_TYPE": "POLYGON",
            "POINTS": [
                [
                    1043.904,
                    968.976
                ],
                [
                    1041.0240000000001,
                    967.0319999999999
                ],
                [
                    1035.0720000000001,
                    952.992
                ],
                [
                    1032,
                    938.952
                ],
                [
                    1031.04,
                    918
                ],
                [
                    1021.056,
                    906.012
                ],
                [
                    980.928,
                    879.9839999999999
                ],
                [
                    946.9440000000001,
                    855.036
                ],
                [
                    936.96,
                    837.972
                ],
                [
                    912.9599999999999,
                    712.044
                ],
                [
                    912.9599999999999,
                    699.948
                ],
                [
                    908.928,
                    686.016
                ],
                [
                    907.968,
                    671.976
                ],
                [
                    892.9920000000001,
                    617.976
                ],
                [
                    881.088,
                    560.952
                ],
                [
                    855.9359999999999,
                    486
                ],
                [
                    850.944,
                    455.976
                ],
                [
                    844.992,
                    442.044
                ],
                [
                    840.96,
                    412.992
                ],
                [
                    838.08,
                    407.052
                ],
                [
                    835.008,
                    378.972
                ],
                [
                    839.04,
                    358.02000000000004
                ],
                [
                    849.024,
                    346.03200000000004
                ],
                [
                    851.904,
                    346.03200000000004
                ],
                [
                    858.048,
                    340.95599999999996
                ],
                [
                    874.944,
                    331.992
                ],
                [
                    888,
                    331.02
                ],
                [
                    921.984,
                    317.952
                ],
                [
                    936.96,
                    316.97999999999996
                ],
                [
                    949.056,
                    311.03999999999996
                ],
                [
                    960,
                    309.96
                ],
                [
                    993.9840000000002,
                    309.96
                ],
                [
                    1007.04,
                    311.03999999999996
                ],
                [
                    1019.904,
                    321.948
                ],
                [
                    1030.08,
                    335.988
                ],
                [
                    1037.952,
                    357.048
                ],
                [
                    1038.912,
                    370.98
                ],
                [
                    1045.056,
                    385.02
                ],
                [
                    1047.936,
                    404.02799999999996
                ],
                [
                    1056.96,
                    432.972
                ],
                [
                    1056.96,
                    447.012
                ],
                [
                    1059.072,
                    461.052
                ],
                [
                    1064.064,
                    474.98400000000004
                ],
                [
                    1069.056,
                    525.96
                ],
                [
                    1085.952,
                    601.02
                ],
                [
                    1104.96,
                    671.0039999999999
                ],
                [
                    1128.96,
                    744.012
                ],
                [
                    1129.92,
                    758.052
                ],
                [
                    1136.064,
                    771.984
                ],
                [
                    1138.944,
                    786.996
                ],
                [
                    1138.944,
                    801.0360000000001
                ],
                [
                    1132.032,
                    829.0079999999999
                ],
                [
                    1118.9759999999999,
                    848.016
                ],
                [
                    1093.056,
                    897.048
                ],
                [
                    1091.904,
                    902.9879999999999
                ],
                [
                    1099.008,
                    918
                ],
                [
                    1099.008,
                    925.0200000000001
                ],
                [
                    1104.96,
                    944.028
                ],
                [
                    1103.04,
                    952.992
                ],
                [
                    1100.928,
                    956.9879999999999
                ],
                [
                    1088.0639999999999,
                    964.0079999999999
                ],
                [
                    1065.9840000000002,
                    968.976
                ],
                [
                    1043.904,
                    968.976
                ]
            ]
        }
    ]
}