{
    "IMAGE_INFO": {
        "FILE_NAME": "1002149@0_03001_220907_P1_T3__1886.jpg",
        "DATE": "2022-10-24 16:25:46",
        "RESOLUTION": "1920 x 1080",
        "IMAGE_PHOTOGRAPHER": "이지은",
        "FOCUS_DISTANCE": "5.6",
        "EXPOSURE_TIME": "1/400",
        "SENSITIVITY_ISO": "4000",
        "PLACE": "용인시재활용센터",
        "REGION_NAME": null,
        "Direction": "0",
        "HEIGHT": "100",
        "DAY/NIGHT": "주간",
        "WEATHER": "맑음",
        "IMAGE_HEIGHT": 1080,
        "IMAGE_WIDTH": 1920,
        "IMAGE_SIZE": "640.9 KB"
    },
    "ANNOTATION_INFO": [
        {
            "ID": "1",
            "CLASS": "페트병",
            "DETAILS": "무색단일",
            "DAMAGE": "찌그러짐",
            "DIRTINESS": "이물질(외부)",
            "COVER": "없음",
            "TRANSPARENCY": "투명",
            "SHAPE": "물통형",
            "SHAPE_TYPE": "POLYGON",
            "POINTS": [
                [
                    1523.904,
                    920.052
                ],
                [
                    1497.024,
                    918
                ],
                [
                    1484.9279999999999,
                    914.976
                ],
                [
                    1473.024,
                    914.976
                ],
                [
                    1449.984,
                    909.0360000000001
                ],
                [
                    1436.9279999999999,
                    902.0160000000001
                ],
                [
                    1425.024,
                    887.976
                ],
                [
                    1419.072,
                    867.024
                ],
                [
                    1419.072,
                    787.9680000000001
                ],
                [
                    1424.064,
                    770.04
                ],
                [
                    1425.9840000000002,
                    735.048
                ],
                [
                    1424.064,
                    671.976
                ],
                [
                    1419.072,
                    633.9599999999999
                ],
                [
                    1420.0320000000002,
                    563.976
                ],
                [
                    1417.92,
                    554.04
                ],
                [
                    1424.064,
                    447.012
                ],
                [
                    1421.952,
                    420.012
                ],
                [
                    1425.024,
                    400.032
                ],
                [
                    1436.9279999999999,
                    370.00800000000004
                ],
                [
                    1467.0720000000001,
                    334.04400000000004
                ],
                [
                    1497.024,
                    308.016
                ],
                [
                    1493.952,
                    290.952
                ],
                [
                    1497.984,
                    266.00399999999996
                ],
                [
                    1503.936,
                    262.00800000000004
                ],
                [
                    1520.0639999999999,
                    259.956
                ],
                [
                    1540.0320000000002,
                    259.956
                ],
                [
                    1554.048,
                    262.00800000000004
                ],
                [
                    1560,
                    266.976
                ],
                [
                    1561.92,
                    270
                ],
                [
                    1560,
                    303.048
                ],
                [
                    1608,
                    351
                ],
                [
                    1633.92,
                    389.988
                ],
                [
                    1637.952,
                    405.97200000000004
                ],
                [
                    1636.032,
                    555.0120000000001
                ],
                [
                    1630.08,
                    566.028
                ],
                [
                    1630.08,
                    579.96
                ],
                [
                    1635.0720000000001,
                    590.976
                ],
                [
                    1636.032,
                    609.012
                ],
                [
                    1630.08,
                    720.036
                ],
                [
                    1632,
                    770.04
                ],
                [
                    1637.952,
                    795.96
                ],
                [
                    1637.952,
                    820.044
                ],
                [
                    1640.0639999999999,
                    821.9879999999999
                ],
                [
                    1637.952,
                    857.952
                ],
                [
                    1640.0639999999999,
                    879.012
                ],
                [
                    1633.92,
                    899.964
                ],
                [
                    1622.976,
                    914.976
                ],
                [
                    1598.9759999999999,
                    920.052
                ],
                [
                    1523.904,
                    920.052
                ]
            ]
        },
        {
            "ID": "2",
            "CLASS": "페트병",
            "DETAILS": "무색단일",
            "DAMAGE": "찌그러짐",
            "DIRTINESS": "이물질(외부)",
            "COVER": "없음",
            "TRANSPARENCY": "투명",
            "SHAPE": "물통형",
            "SHAPE_TYPE": "POLYGON",
            "POINTS": [
                [
                    585.024,
                    447.984
                ],
                [
                    571.008,
                    446.03999999999996
                ],
                [
                    539.904,
                    435.024
                ],
                [
                    531.072,
                    432.972
                ],
                [
                    524.928,
                    432.972
                ],
                [
                    513.984,
                    427.032
                ],
                [
                    507.072,
                    425.952
                ],
                [
                    499.968,
                    421.956
                ],
                [
                    491.904,
                    420.984
                ],
                [
                    456.96,
                    408.024
                ],
                [
                    449.08799999999997,
                    407.052
                ],
                [
                    437.952,
                    401.004
                ],
                [
                    431.04,
                    400.032
                ],
                [
                    408.96,
                    389.988
                ],
                [
                    404.928,
                    381.024
                ],
                [
                    404.928,
                    351.97200000000004
                ],
                [
                    412.03200000000004,
                    335.01599999999996
                ],
                [
                    418.944,
                    326.052
                ],
                [
                    417.98400000000004,
                    319.032
                ],
                [
                    422.976,
                    300.024
                ],
                [
                    431.04,
                    292.032
                ],
                [
                    431.04,
                    276.048
                ],
                [
                    435.072,
                    265.032
                ],
                [
                    444.096,
                    253.044
                ],
                [
                    445.05600000000004,
                    235.00799999999998
                ],
                [
                    447.93600000000004,
                    231.012
                ],
                [
                    449.08799999999997,
                    223.01999999999998
                ],
                [
                    455.03999999999996,
                    216
                ],
                [
                    456,
                    203.04
                ],
                [
                    467.904,
                    180.03599999999997
                ],
                [
                    467.904,
                    168.04799999999997
                ],
                [
                    471.936,
                    154.008
                ],
                [
                    480.96,
                    142.02
                ],
                [
                    483.072,
                    123.984
                ],
                [
                    489.984,
                    108.97200000000001
                ],
                [
                    495.9359999999999,
                    103.032
                ],
                [
                    499.968,
                    101.952
                ],
                [
                    507.072,
                    96.012
                ],
                [
                    509.952,
                    91.044
                ],
                [
                    509.952,
                    62.964
                ],
                [
                    512.064,
                    46.98
                ],
                [
                    514.944,
                    42.984
                ],
                [
                    515.904,
                    34.02
                ],
                [
                    522.048,
                    22.032
                ],
                [
                    527.0400000000001,
                    0.972
                ],
                [
                    744.96,
                    0
                ],
                [
                    749.952,
                    15.984
                ],
                [
                    734.976,
                    68.04
                ],
                [
                    725.952,
                    84.99600000000001
                ],
                [
                    716.928,
                    116.964
                ],
                [
                    708.096,
                    141.048
                ],
                [
                    701.952,
                    151.956
                ],
                [
                    691.968,
                    159.948
                ],
                [
                    686.976,
                    166.968
                ],
                [
                    687.936,
                    203.04
                ],
                [
                    680.0640000000001,
                    239.976
                ],
                [
                    668.928,
                    261.036
                ],
                [
                    665.088,
                    282.96000000000004
                ],
                [
                    654.912,
                    297.972
                ],
                [
                    653.952,
                    308.016
                ],
                [
                    648.96,
                    315.036
                ],
                [
                    643.0079999999999,
                    339.98400000000004
                ],
                [
                    633.024,
                    362.016
                ],
                [
                    628.032,
                    388.044
                ],
                [
                    620.928,
                    404.02799999999996
                ],
                [
                    620.928,
                    408.996
                ],
                [
                    617.0880000000001,
                    420.012
                ],
                [
                    600.96,
                    446.03999999999996
                ],
                [
                    596.928,
                    447.984
                ],
                [
                    585.024,
                    447.984
                ]
            ]
        },
        {
            "ID": "3",
            "CLASS": "페트병",
            "DETAILS": "무색단일",
            "DAMAGE": "찌그러짐",
            "DIRTINESS": "오염없음",
            "COVER": "없음",
            "TRANSPARENCY": "투명",
            "SHAPE": "물통형",
            "SHAPE_TYPE": "POLYGON",
            "POINTS": [
                [
                    1054.0800000000002,
                    510.94800000000004
                ],
                [
                    1051.008,
                    508.032
                ],
                [
                    1046.976,
                    497.016
                ],
                [
                    1043.904,
                    481.03200000000004
                ],
                [
                    1045.056,
                    466.02
                ],
                [
                    1041.0240000000001,
                    458.02799999999996
                ],
                [
                    1017.984,
                    443.988
                ],
                [
                    1003.0079999999999,
                    432.972
                ],
                [
                    984.96,
                    423.036
                ],
                [
                    979.008,
                    416.988
                ],
                [
                    969.0240000000001,
                    411.048
                ],
                [
                    958.08,
                    401.004
                ],
                [
                    951.936,
                    388.044
                ],
                [
                    948.096,
                    375.94800000000004
                ],
                [
                    946.9440000000001,
                    357.048
                ],
                [
                    942.9119999999999,
                    350.028
                ],
                [
                    939.072,
                    336.96
                ],
                [
                    937.92,
                    316.97999999999996
                ],
                [
                    932.928,
                    300.024
                ],
                [
                    931.008,
                    285.984
                ],
                [
                    931.008,
                    270
                ],
                [
                    927.936,
                    263.952
                ],
                [
                    926.976,
                    247.968
                ],
                [
                    921.984,
                    223.992
                ],
                [
                    917.952,
                    216
                ],
                [
                    901.056,
                    138.996
                ],
                [
                    887.0400000000001,
                    100.008
                ],
                [
                    886.08,
                    91.044
                ],
                [
                    877.0559999999999,
                    69.012
                ],
                [
                    865.9200000000001,
                    23.003999999999998
                ],
                [
                    860.928,
                    10.043999999999999
                ],
                [
                    860.928,
                    0
                ],
                [
                    1065.9840000000002,
                    0
                ],
                [
                    1069.056,
                    10.043999999999999
                ],
                [
                    1073.088,
                    46.007999999999996
                ],
                [
                    1076.9279999999999,
                    61.02
                ],
                [
                    1078.08,
                    78.948
                ],
                [
                    1081.92,
                    100.008
                ],
                [
                    1089.984,
                    126.036
                ],
                [
                    1091.904,
                    141.048
                ],
                [
                    1095.936,
                    150.012
                ],
                [
                    1097.088,
                    161.02800000000002
                ],
                [
                    1099.9679999999998,
                    166.968
                ],
                [
                    1099.9679999999998,
                    173.01600000000002
                ],
                [
                    1108.032,
                    204.012
                ],
                [
                    1122.048,
                    240.94799999999998
                ],
                [
                    1128,
                    266.976
                ],
                [
                    1137.024,
                    288.036
                ],
                [
                    1145.0880000000002,
                    339.98400000000004
                ],
                [
                    1143.936,
                    362.988
                ],
                [
                    1137.984,
                    382.968
                ],
                [
                    1122.048,
                    407.052
                ],
                [
                    1108.992,
                    429.94800000000004
                ],
                [
                    1102.08,
                    446.03999999999996
                ],
                [
                    1102.08,
                    452.952
                ],
                [
                    1108.032,
                    459.972
                ],
                [
                    1108.032,
                    466.992
                ],
                [
                    1116.096,
                    486.97200000000004
                ],
                [
                    1116.096,
                    496.044
                ],
                [
                    1105.9199999999998,
                    502.956
                ],
                [
                    1078.08,
                    509.976
                ],
                [
                    1070.016,
                    510.94800000000004
                ],
                [
                    1054.0800000000002,
                    510.94800000000004
                ]
            ]
        }
    ]
}