{
    "IMAGE_INFO": {
        "FILE_NAME": "1002224@0_03001_220907_P1_T3__2230.jpg",
        "DATE": "2022-10-24 16:26:34",
        "RESOLUTION": "1920 x 1080",
        "IMAGE_PHOTOGRAPHER": "이지은",
        "FOCUS_DISTANCE": "5.6",
        "EXPOSURE_TIME": "1/400",
        "SENSITIVITY_ISO": "4000",
        "PLACE": "용인시재활용센터",
        "REGION_NAME": null,
        "Direction": "0",
        "HEIGHT": "100",
        "DAY/NIGHT": "주간",
        "WEATHER": "맑음",
        "IMAGE_HEIGHT": 1080,
        "IMAGE_WIDTH": 1920,
        "IMAGE_SIZE": "613.9 KB"
    },
    "ANNOTATION_INFO": [
        {
            "ID": "1",
            "CLASS": "페트병",
            "DETAILS": "무색단일",
            "DAMAGE": "찌그러짐",
            "DIRTINESS": "이물질(외부)",
            "COVER": "없음",
            "TRANSPARENCY": "투명",
            "SHAPE": "물통형",
            "SHAPE_TYPE": "POLYGON",
            "POINTS": [
                [
                    526.08,
                    434.05199999999996
                ],
                [
                    500.92800000000005,
                    427.032
                ],
                [
                    488.06399999999996,
                    425.952
                ],
                [
                    465.024,
                    417.96000000000004
                ],
                [
                    456.96,
                    416.01599999999996
                ],
                [
                    451.968,
                    416.01599999999996
                ],
                [
                    446.016,
                    412.02
                ],
                [
                    394.94399999999996,
                    393.98400000000004
                ],
                [
                    384.96000000000004,
                    385.992
                ],
                [
                    380.928,
                    369.036
                ],
                [
                    380.928,
                    339.98400000000004
                ],
                [
                    388.032,
                    326.052
                ],
                [
                    388.992,
                    308.988
                ],
                [
                    394.94399999999996,
                    294.94800000000004
                ],
                [
                    399.93600000000004,
                    266.00399999999996
                ],
                [
                    406.08,
                    253.044
                ],
                [
                    407.03999999999996,
                    242.028
                ],
                [
                    413.952,
                    219.024
                ],
                [
                    417.024,
                    216
                ],
                [
                    420.096,
                    196.99200000000002
                ],
                [
                    427.008,
                    178.956
                ],
                [
                    432,
                    146.988
                ],
                [
                    437.952,
                    135.972
                ],
                [
                    438.912,
                    115.02
                ],
                [
                    442.94399999999996,
                    105.94800000000001
                ],
                [
                    460.992,
                    84.99600000000001
                ],
                [
                    464.064,
                    77.976
                ],
                [
                    459.072,
                    50.004
                ],
                [
                    471.936,
                    0
                ],
                [
                    699.072,
                    0
                ],
                [
                    699.072,
                    4.968
                ],
                [
                    686.016,
                    46.007999999999996
                ],
                [
                    672.9599999999999,
                    105.94800000000001
                ],
                [
                    667.0079999999999,
                    119.988
                ],
                [
                    658.944,
                    128.952
                ],
                [
                    657.024,
                    128.952
                ],
                [
                    652.032,
                    134.028
                ],
                [
                    648.96,
                    138.996
                ],
                [
                    652.9920000000001,
                    166.968
                ],
                [
                    652.032,
                    184.03199999999998
                ],
                [
                    648.96,
                    192.996
                ],
                [
                    643.968,
                    199.04399999999998
                ],
                [
                    643.968,
                    219.024
                ],
                [
                    641.088,
                    227.988
                ],
                [
                    634.944,
                    235.98
                ],
                [
                    633.024,
                    262.00800000000004
                ],
                [
                    625.9200000000001,
                    272.052
                ],
                [
                    625.9200000000001,
                    286.956
                ],
                [
                    617.0880000000001,
                    308.016
                ],
                [
                    619.008,
                    313.956
                ],
                [
                    617.0880000000001,
                    321.948
                ],
                [
                    613.0559999999999,
                    334.04400000000004
                ],
                [
                    608.064,
                    340.95599999999996
                ],
                [
                    608.064,
                    357.048
                ],
                [
                    600.96,
                    377.028
                ],
                [
                    600.96,
                    389.988
                ],
                [
                    596.928,
                    402.948
                ],
                [
                    585.984,
                    425.952
                ],
                [
                    575.04,
                    432.972
                ]
            ]
        },
        {
            "ID": "2",
            "CLASS": "페트병",
            "DETAILS": "무색단일",
            "DAMAGE": "원형",
            "DIRTINESS": "이물질(외부)",
            "COVER": "없음",
            "TRANSPARENCY": "투명",
            "SHAPE": "물통형",
            "SHAPE_TYPE": "POLYGON",
            "POINTS": [
                [
                    1268.928,
                    276.048
                ],
                [
                    1257.984,
                    270.97200000000004
                ],
                [
                    1236.096,
                    266.976
                ],
                [
                    1232.064,
                    262.98
                ],
                [
                    1230.912,
                    258.012
                ],
                [
                    1228.032,
                    257.03999999999996
                ],
                [
                    1220.928,
                    257.03999999999996
                ],
                [
                    1208.0639999999999,
                    259.956
                ],
                [
                    1185.024,
                    267.948
                ],
                [
                    1175.04,
                    270
                ],
                [
                    1167.936,
                    270.97200000000004
                ],
                [
                    1152.96,
                    270.97200000000004
                ],
                [
                    1147.968,
                    270
                ],
                [
                    1132.032,
                    266.00399999999996
                ],
                [
                    1095.936,
                    253.044
                ],
                [
                    1051.008,
                    239.004
                ],
                [
                    1046.0159999999998,
                    235.00799999999998
                ],
                [
                    1038.912,
                    231.98399999999998
                ],
                [
                    1027.968,
                    231.012
                ],
                [
                    1017.0239999999999,
                    227.988
                ],
                [
                    984.96,
                    216
                ],
                [
                    980.928,
                    216
                ],
                [
                    977.0880000000001,
                    212.976
                ],
                [
                    973.056,
                    212.976
                ],
                [
                    946.9440000000001,
                    201.96
                ],
                [
                    941.952,
                    201.96
                ],
                [
                    937.92,
                    199.04399999999998
                ],
                [
                    934.0799999999999,
                    199.04399999999998
                ],
                [
                    907.968,
                    185.976
                ],
                [
                    905.088,
                    184.03199999999998
                ],
                [
                    902.016,
                    178.956
                ],
                [
                    898.944,
                    164.05200000000002
                ],
                [
                    903.936,
                    135.972
                ],
                [
                    907.968,
                    127.008
                ],
                [
                    908.928,
                    118.044
                ],
                [
                    913.92,
                    111.996
                ],
                [
                    915.072,
                    103.032
                ],
                [
                    918.912,
                    96.012
                ],
                [
                    918.912,
                    91.044
                ],
                [
                    925.056,
                    77.976
                ],
                [
                    931.008,
                    69.012
                ],
                [
                    936.96,
                    65.01599999999999
                ],
                [
                    958.08,
                    65.01599999999999
                ],
                [
                    980.928,
                    70.95599999999999
                ],
                [
                    989.9519999999999,
                    73.98
                ],
                [
                    993.9840000000002,
                    77.004
                ],
                [
                    1007.04,
                    80.028
                ],
                [
                    1011.0719999999999,
                    83.05199999999999
                ],
                [
                    1016.064,
                    83.05199999999999
                ],
                [
                    1019.904,
                    85.968
                ],
                [
                    1033.92,
                    88.992
                ],
                [
                    1059.072,
                    96.98400000000001
                ],
                [
                    1073.088,
                    103.032
                ],
                [
                    1083.0720000000001,
                    108.97200000000001
                ],
                [
                    1093.056,
                    108.97200000000001
                ],
                [
                    1095.936,
                    110.052
                ],
                [
                    1118.9759999999999,
                    118.044
                ],
                [
                    1193.088,
                    146.988
                ],
                [
                    1214.0159999999998,
                    164.05200000000002
                ],
                [
                    1228.992,
                    188.028
                ],
                [
                    1243.968,
                    204.984
                ],
                [
                    1251.072,
                    208.00799999999998
                ],
                [
                    1253.952,
                    204.984
                ],
                [
                    1258.944,
                    204.984
                ],
                [
                    1268.928,
                    209.952
                ],
                [
                    1276.992,
                    212.004
                ],
                [
                    1291.968,
                    218.052
                ],
                [
                    1300.0320000000002,
                    223.01999999999998
                ],
                [
                    1300.0320000000002,
                    231.012
                ],
                [
                    1294.0800000000002,
                    249.048
                ],
                [
                    1281.0240000000001,
                    274.968
                ],
                [
                    1276.992,
                    276.048
                ],
                [
                    1268.928,
                    276.048
                ]
            ]
        }
    ]
}