{
    "IMAGE_INFO": {
        "FILE_NAME": "1002161@0_03001_220907_P1_T3__1881.jpg",
        "DATE": "2022-10-24 16:25:44",
        "RESOLUTION": "1920 x 1080",
        "IMAGE_PHOTOGRAPHER": "이지은",
        "FOCUS_DISTANCE": "5.6",
        "EXPOSURE_TIME": "1/400",
        "SENSITIVITY_ISO": "4000",
        "PLACE": "용인시재활용센터",
        "REGION_NAME": null,
        "Direction": "0",
        "HEIGHT": "100",
        "DAY/NIGHT": "주간",
        "WEATHER": "맑음",
        "IMAGE_HEIGHT": 1080,
        "IMAGE_WIDTH": 1920,
        "IMAGE_SIZE": "658.6 KB"
    },
    "ANNOTATION_INFO": [
        {
            "ID": "1",
            "CLASS": "페트병",
            "DETAILS": "무색단일",
            "DAMAGE": "찌그러짐",
            "DIRTINESS": "이물질(외부)",
            "COVER": "없음",
            "TRANSPARENCY": "투명",
            "SHAPE": "물통형",
            "SHAPE_TYPE": "POLYGON",
            "POINTS": [
                [
                    1548.096,
                    879.9839999999999
                ],
                [
                    1539.072,
                    878.04
                ],
                [
                    1527.936,
                    879.012
                ],
                [
                    1482.048,
                    879.012
                ],
                [
                    1462.08,
                    871.992
                ],
                [
                    1441.92,
                    871.992
                ],
                [
                    1431.9360000000001,
                    870.048
                ],
                [
                    1411.968,
                    860.976
                ],
                [
                    1406.0159999999998,
                    855.036
                ],
                [
                    1401.984,
                    837.972
                ],
                [
                    1403.904,
                    733.968
                ],
                [
                    1410.048,
                    686.9879999999999
                ],
                [
                    1412.9279999999999,
                    640.008
                ],
                [
                    1417.92,
                    632.9879999999999
                ],
                [
                    1420.0320000000002,
                    613.98
                ],
                [
                    1416,
                    567
                ],
                [
                    1417.92,
                    516.024
                ],
                [
                    1416.96,
                    504.036
                ],
                [
                    1419.072,
                    429.94800000000004
                ],
                [
                    1416,
                    397.98
                ],
                [
                    1419.072,
                    381.024
                ],
                [
                    1425.024,
                    363.96000000000004
                ],
                [
                    1430.9759999999999,
                    354.024
                ],
                [
                    1435.968,
                    350.028
                ],
                [
                    1436.9279999999999,
                    344.952
                ],
                [
                    1469.952,
                    309.96
                ],
                [
                    1489.92,
                    296.028
                ],
                [
                    1491.072,
                    250.02
                ],
                [
                    1497.984,
                    243.97199999999998
                ],
                [
                    1520.0639999999999,
                    239.976
                ],
                [
                    1539.072,
                    239.976
                ],
                [
                    1554.048,
                    243.97199999999998
                ],
                [
                    1558.08,
                    249.048
                ],
                [
                    1558.08,
                    284.04
                ],
                [
                    1555.968,
                    289.98
                ],
                [
                    1580.928,
                    312.012
                ],
                [
                    1604.9279999999999,
                    335.988
                ],
                [
                    1622.016,
                    358.02000000000004
                ],
                [
                    1633.92,
                    389.988
                ],
                [
                    1633.92,
                    412.02
                ],
                [
                    1630.08,
                    425.952
                ],
                [
                    1626.048,
                    540
                ],
                [
                    1626.048,
                    597.024
                ],
                [
                    1620.096,
                    609.012
                ],
                [
                    1620.096,
                    637.956
                ],
                [
                    1627.968,
                    654.048
                ],
                [
                    1627.968,
                    779.976
                ],
                [
                    1630.08,
                    807.948
                ],
                [
                    1626.048,
                    855.036
                ],
                [
                    1622.016,
                    871.992
                ],
                [
                    1612.032,
                    883.98
                ],
                [
                    1606.08,
                    886.032
                ],
                [
                    1593.024,
                    886.032
                ],
                [
                    1585.9199999999998,
                    887.976
                ]
            ]
        },
        {
            "ID": "2",
            "CLASS": "페트병",
            "DETAILS": "무색단일",
            "DAMAGE": "찌그러짐",
            "DIRTINESS": "이물질(외부)",
            "COVER": "없음",
            "TRANSPARENCY": "투명",
            "SHAPE": "물통형",
            "SHAPE_TYPE": "POLYGON",
            "POINTS": [
                [
                    577.92,
                    447.012
                ],
                [
                    571.968,
                    448.956
                ],
                [
                    561.984,
                    443.016
                ],
                [
                    551.04,
                    439.02
                ],
                [
                    515.904,
                    427.032
                ],
                [
                    488.06399999999996,
                    416.988
                ],
                [
                    478.08,
                    416.01599999999996
                ],
                [
                    456,
                    407.052
                ],
                [
                    422.976,
                    393.012
                ],
                [
                    417.024,
                    388.044
                ],
                [
                    416.064,
                    381.024
                ],
                [
                    417.024,
                    358.99199999999996
                ],
                [
                    422.976,
                    339.98400000000004
                ],
                [
                    438.912,
                    301.968
                ],
                [
                    445.05600000000004,
                    293.976
                ],
                [
                    449.08799999999997,
                    270.97200000000004
                ],
                [
                    457.91999999999996,
                    254.988
                ],
                [
                    462.91200000000003,
                    232.95600000000002
                ],
                [
                    471.936,
                    219.99599999999998
                ],
                [
                    473.088,
                    205.95600000000002
                ],
                [
                    475.968,
                    197.964
                ],
                [
                    480,
                    189.972
                ],
                [
                    484.99199999999996,
                    185.976
                ],
                [
                    485.952,
                    173.988
                ],
                [
                    494.97599999999994,
                    153.036
                ],
                [
                    495.9359999999999,
                    139.968
                ],
                [
                    499.968,
                    127.008
                ],
                [
                    504.96000000000004,
                    119.016
                ],
                [
                    522.048,
                    105.94800000000001
                ],
                [
                    528,
                    96.012
                ],
                [
                    528,
                    64.044
                ],
                [
                    532.032,
                    53.028
                ],
                [
                    539.904,
                    34.992
                ],
                [
                    555.072,
                    0
                ],
                [
                    750.912,
                    0
                ],
                [
                    749.952,
                    38.988
                ],
                [
                    728.064,
                    92.01599999999999
                ],
                [
                    710.976,
                    149.04000000000002
                ],
                [
                    704.0640000000001,
                    161.02800000000002
                ],
                [
                    697.92,
                    166.968
                ],
                [
                    694.0799999999999,
                    168.04799999999997
                ],
                [
                    687.936,
                    174.96
                ],
                [
                    687.936,
                    212.004
                ],
                [
                    678.912,
                    235.00799999999998
                ],
                [
                    676.9920000000001,
                    254.988
                ],
                [
                    668.928,
                    266.00399999999996
                ],
                [
                    668.928,
                    273.996
                ],
                [
                    665.088,
                    282.96000000000004
                ],
                [
                    663.936,
                    292.032
                ],
                [
                    656.064,
                    300.996
                ],
                [
                    657.984,
                    307.044
                ],
                [
                    652.032,
                    326.052
                ],
                [
                    648,
                    331.992
                ],
                [
                    648,
                    339.98400000000004
                ],
                [
                    642.048,
                    357.048
                ],
                [
                    635.904,
                    365.04
                ],
                [
                    633.984,
                    381.024
                ],
                [
                    630.912,
                    390.96
                ],
                [
                    624,
                    402.948
                ],
                [
                    622.08,
                    417.96000000000004
                ],
                [
                    610.944,
                    443.016
                ],
                [
                    604.0319999999999,
                    450.036
                ],
                [
                    599.04,
                    451.97999999999996
                ]
            ]
        }
    ]
}