{
    "IMAGE_INFO": {
        "FILE_NAME": "1002141@0_03001_220907_P1_T3__2164.jpg",
        "DATE": "2022-10-24 16:26:26",
        "RESOLUTION": "1920 x 1080",
        "IMAGE_PHOTOGRAPHER": "이지은",
        "FOCUS_DISTANCE": "5.6",
        "EXPOSURE_TIME": "1/400",
        "SENSITIVITY_ISO": "4000",
        "PLACE": "용인시재활용센터",
        "REGION_NAME": null,
        "Direction": "0",
        "HEIGHT": "100",
        "DAY/NIGHT": "주간",
        "WEATHER": "맑음",
        "IMAGE_HEIGHT": 1080,
        "IMAGE_WIDTH": 1920,
        "IMAGE_SIZE": "648.1 KB"
    },
    "ANNOTATION_INFO": [
        {
            "ID": "1",
            "CLASS": "페트병",
            "DETAILS": "무색단일",
            "DAMAGE": "원형",
            "DIRTINESS": "이물질(외부)",
            "COVER": "없음",
            "TRANSPARENCY": "투명",
            "SHAPE": "물통형",
            "SHAPE_TYPE": "POLYGON",
            "POINTS": [
                [
                    542.976,
                    467.964
                ],
                [
                    528.96,
                    462.024
                ],
                [
                    515.904,
                    452.952
                ],
                [
                    505.92,
                    451.00800000000004
                ],
                [
                    502.08000000000004,
                    446.03999999999996
                ],
                [
                    491.904,
                    439.02
                ],
                [
                    484.99199999999996,
                    435.024
                ],
                [
                    480,
                    434.05199999999996
                ],
                [
                    455.03999999999996,
                    417.96000000000004
                ],
                [
                    442.94399999999996,
                    408.024
                ],
                [
                    416.064,
                    393.012
                ],
                [
                    388.992,
                    374.004
                ],
                [
                    387.072,
                    374.004
                ],
                [
                    377.08799999999997,
                    363.96000000000004
                ],
                [
                    374.976,
                    358.99199999999996
                ],
                [
                    379.96799999999996,
                    339.012
                ],
                [
                    392.06399999999996,
                    316.00800000000004
                ],
                [
                    395.904,
                    315.036
                ],
                [
                    403.968,
                    307.044
                ],
                [
                    403.968,
                    300.996
                ],
                [
                    416.064,
                    284.04
                ],
                [
                    422.976,
                    277.992
                ],
                [
                    426.048,
                    267.948
                ],
                [
                    445.05600000000004,
                    246.024
                ],
                [
                    446.016,
                    236.95200000000003
                ],
                [
                    457.91999999999996,
                    219.024
                ],
                [
                    461.952,
                    218.052
                ],
                [
                    466.944,
                    212.004
                ],
                [
                    471.936,
                    199.04399999999998
                ],
                [
                    480,
                    185.976
                ],
                [
                    495.9359999999999,
                    166.968
                ],
                [
                    497.088,
                    159.948
                ],
                [
                    505.92,
                    150.984
                ],
                [
                    515.904,
                    131.00400000000002
                ],
                [
                    531.072,
                    119.988
                ],
                [
                    542.976,
                    115.99199999999999
                ],
                [
                    552.9599999999999,
                    107.02799999999999
                ],
                [
                    560.0640000000001,
                    76.03200000000001
                ],
                [
                    589.056,
                    30.996
                ],
                [
                    600.96,
                    10.043999999999999
                ],
                [
                    604.0319999999999,
                    0
                ],
                [
                    814.0799999999999,
                    0
                ],
                [
                    814.0799999999999,
                    23.003999999999998
                ],
                [
                    811.008,
                    41.04
                ],
                [
                    804.096,
                    65.01599999999999
                ],
                [
                    795.072,
                    84.99600000000001
                ],
                [
                    792,
                    103.032
                ],
                [
                    772.9920000000001,
                    128.952
                ],
                [
                    725.952,
                    203.04
                ],
                [
                    715.9680000000001,
                    212.004
                ],
                [
                    709.056,
                    212.976
                ],
                [
                    700.992,
                    219.99599999999998
                ],
                [
                    696.96,
                    234.036
                ],
                [
                    696.96,
                    243
                ],
                [
                    689.088,
                    261.036
                ],
                [
                    681.984,
                    270
                ],
                [
                    676.9920000000001,
                    273.024
                ],
                [
                    675.072,
                    284.04
                ],
                [
                    657.984,
                    304.99199999999996
                ],
                [
                    651.072,
                    320.976
                ],
                [
                    638.016,
                    338.04
                ],
                [
                    628.992,
                    354.996
                ],
                [
                    619.008,
                    363.96000000000004
                ],
                [
                    615.9359999999999,
                    375.94800000000004
                ],
                [
                    609.024,
                    385.992
                ],
                [
                    600.96,
                    393.012
                ],
                [
                    594.048,
                    409.968
                ],
                [
                    580.0319999999999,
                    427.032
                ],
                [
                    580.0319999999999,
                    432
                ],
                [
                    571.968,
                    446.03999999999996
                ],
                [
                    565.056,
                    455.004
                ],
                [
                    552.9599999999999,
                    465.048
                ],
                [
                    542.976,
                    467.964
                ]
            ]
        },
        {
            "ID": "2",
            "CLASS": "페트병",
            "DETAILS": "무색단일",
            "DAMAGE": "원형",
            "DIRTINESS": "이물질(외부)",
            "COVER": "없음",
            "TRANSPARENCY": "투명",
            "SHAPE": "물통형",
            "SHAPE_TYPE": "POLYGON",
            "POINTS": [
                [
                    1056,
                    1080
                ],
                [
                    1055.04,
                    1073.952
                ],
                [
                    1050.048,
                    1071.036
                ],
                [
                    1043.904,
                    1063.0439999999999
                ],
                [
                    1033.92,
                    1055.052
                ],
                [
                    1031.04,
                    1049.9759999999999
                ],
                [
                    1023.936,
                    1044.036
                ],
                [
                    1022.9760000000001,
                    1040.04
                ],
                [
                    1017.984,
                    1036.044
                ],
                [
                    1009.9200000000001,
                    1022.004
                ],
                [
                    1002.048,
                    1013.04
                ],
                [
                    985.92,
                    999.972
                ],
                [
                    964.0319999999999,
                    986.0400000000001
                ],
                [
                    937.92,
                    960.984
                ],
                [
                    932.928,
                    957.96
                ],
                [
                    925.056,
                    948.9960000000001
                ],
                [
                    924.096,
                    945
                ],
                [
                    913.92,
                    937.98
                ],
                [
                    908.928,
                    932.04
                ],
                [
                    907.968,
                    924.048
                ],
                [
                    902.976,
                    918
                ],
                [
                    902.016,
                    913.032
                ],
                [
                    902.976,
                    901.0440000000001
                ],
                [
                    908.928,
                    893.052
                ],
                [
                    921.024,
                    883.98
                ],
                [
                    926.976,
                    871.992
                ],
                [
                    932.928,
                    864.972
                ],
                [
                    945.984,
                    857.952
                ],
                [
                    959.04,
                    848.016
                ],
                [
                    969.0240000000001,
                    843.048
                ],
                [
                    974.9760000000001,
                    834.948
                ],
                [
                    977.0880000000001,
                    828.0360000000001
                ],
                [
                    980.928,
                    821.9879999999999
                ],
                [
                    988.0319999999999,
                    814.9680000000001
                ],
                [
                    1007.04,
                    802.008
                ],
                [
                    1012.032,
                    799.956
                ],
                [
                    1023.936,
                    799.956
                ],
                [
                    1028.928,
                    802.008
                ],
                [
                    1036.992,
                    807.948
                ],
                [
                    1068.096,
                    837
                ],
                [
                    1070.9759999999999,
                    841.968
                ],
                [
                    1076.9279999999999,
                    847.044
                ],
                [
                    1084.9920000000002,
                    859.032
                ],
                [
                    1089.984,
                    861.948
                ],
                [
                    1091.904,
                    864.972
                ],
                [
                    1095.936,
                    879.9839999999999
                ],
                [
                    1108.032,
                    898.02
                ],
                [
                    1127.04,
                    918
                ],
                [
                    1141.056,
                    929.9879999999999
                ],
                [
                    1172.9279999999999,
                    969.948
                ],
                [
                    1190.9759999999999,
                    986.0400000000001
                ],
                [
                    1219.008,
                    1006.02
                ],
                [
                    1253.952,
                    1048.0320000000002
                ],
                [
                    1263.936,
                    1056.0240000000001
                ],
                [
                    1268.928,
                    1063.0439999999999
                ],
                [
                    1280.0639999999999,
                    1072.98
                ],
                [
                    1282.944,
                    1080
                ],
                [
                    1056,
                    1080
                ]
            ]
        },
        {
            "ID": "3",
            "CLASS": "페트병",
            "DETAILS": "무색단일",
            "DAMAGE": "찌그러짐",
            "DIRTINESS": "오염없음",
            "COVER": "없음",
            "TRANSPARENCY": "투명",
            "SHAPE": "물통형",
            "SHAPE_TYPE": "POLYGON",
            "POINTS": [
                [
                    889.9200000000001,
                    594.972
                ],
                [
                    883.0079999999999,
                    593.028
                ],
                [
                    868.992,
                    582.9839999999999
                ],
                [
                    859.9680000000001,
                    582.0120000000001
                ],
                [
                    854.016,
                    577.044
                ],
                [
                    844.0319999999999,
                    574.992
                ],
                [
                    830.976,
                    559.0079999999999
                ],
                [
                    828.096,
                    558.0360000000001
                ],
                [
                    821.952,
                    547.992
                ],
                [
                    819.072,
                    547.02
                ],
                [
                    809.088,
                    528.984
                ],
                [
                    809.088,
                    523.044
                ],
                [
                    802.9440000000001,
                    509.976
                ],
                [
                    796.9920000000001,
                    482.00399999999996
                ],
                [
                    793.92,
                    443.016
                ],
                [
                    790.0799999999999,
                    427.032
                ],
                [
                    790.0799999999999,
                    401.976
                ],
                [
                    787.0079999999999,
                    392.03999999999996
                ],
                [
                    783.936,
                    354.996
                ],
                [
                    783.936,
                    307.044
                ],
                [
                    786.048,
                    286.956
                ],
                [
                    783.936,
                    265.032
                ],
                [
                    787.0079999999999,
                    216.972
                ],
                [
                    790.0799999999999,
                    207.036
                ],
                [
                    790.0799999999999,
                    196.01999999999998
                ],
                [
                    796.032,
                    169.02
                ],
                [
                    796.9920000000001,
                    154.98
                ],
                [
                    805.056,
                    132.948
                ],
                [
                    824.0640000000001,
                    93.96
                ],
                [
                    846.912,
                    61.02
                ],
                [
                    870.912,
                    35.964000000000006
                ],
                [
                    874.944,
                    27.971999999999998
                ],
                [
                    875.904,
                    18.035999999999998
                ],
                [
                    884.928,
                    0
                ],
                [
                    925.056,
                    0
                ],
                [
                    936,
                    18.035999999999998
                ],
                [
                    936.96,
                    29.052
                ],
                [
                    941.952,
                    35.964000000000006
                ],
                [
                    945.024,
                    35.964000000000006
                ],
                [
                    949.056,
                    39.96
                ],
                [
                    955.008,
                    41.04
                ],
                [
                    974.016,
                    51.94799999999999
                ],
                [
                    983.04,
                    54.972
                ],
                [
                    993.9840000000002,
                    65.988
                ],
                [
                    998.976,
                    74.952
                ],
                [
                    1002.048,
                    76.03200000000001
                ],
                [
                    1017.984,
                    104.00399999999999
                ],
                [
                    1037.952,
                    147.96
                ],
                [
                    1046.0159999999998,
                    177.012
                ],
                [
                    1065.024,
                    290.952
                ],
                [
                    1065.024,
                    373.032
                ],
                [
                    1069.056,
                    474.012
                ],
                [
                    1065.024,
                    492.048
                ],
                [
                    1056,
                    508.032
                ],
                [
                    1046.976,
                    519.048
                ],
                [
                    1026.048,
                    554.04
                ],
                [
                    1012.992,
                    563.976
                ],
                [
                    992.0640000000001,
                    570.024
                ],
                [
                    985.92,
                    574.992
                ],
                [
                    961.92,
                    582.0120000000001
                ],
                [
                    955.9680000000001,
                    582.0120000000001
                ],
                [
                    948.096,
                    586.0079999999999
                ],
                [
                    934.0799999999999,
                    586.98
                ],
                [
                    926.976,
                    590.004
                ],
                [
                    898.944,
                    594.972
                ],
                [
                    889.9200000000001,
                    594.972
                ]
            ]
        }
    ]
}