{
    "IMAGE_INFO": {
        "FILE_NAME": "1002362@0_03001_220907_P1_T3__2709.jpg",
        "DATE": "2022-10-24 16:36:34",
        "RESOLUTION": "1920 x 1080",
        "IMAGE_PHOTOGRAPHER": "이지은",
        "FOCUS_DISTANCE": "5.6",
        "EXPOSURE_TIME": "1/400",
        "SENSITIVITY_ISO": "4000",
        "PLACE": "용인시재활용센터",
        "REGION_NAME": null,
        "Direction": "0",
        "HEIGHT": "100",
        "DAY/NIGHT": "주간",
        "WEATHER": "맑음",
        "IMAGE_HEIGHT": 1080,
        "IMAGE_WIDTH": 1920,
        "IMAGE_SIZE": "656.1 KB"
    },
    "ANNOTATION_INFO": [
        {
            "ID": "1",
            "CLASS": "페트병",
            "DETAILS": "무색단일",
            "DAMAGE": "찌그러짐",
            "DIRTINESS": "오염없음",
            "COVER": "없음",
            "TRANSPARENCY": "투명",
            "SHAPE": "기타 형태",
            "SHAPE_TYPE": "POLYGON",
            "POINTS": [
                [
                    1017.984,
                    760.968
                ],
                [
                    1008,
                    758.052
                ],
                [
                    1003.0079999999999,
                    755.028
                ],
                [
                    992.0640000000001,
                    751.032
                ],
                [
                    988.992,
                    751.032
                ],
                [
                    984.96,
                    749.952
                ],
                [
                    975.9359999999999,
                    745.956
                ],
                [
                    961.92,
                    736.02
                ],
                [
                    959.04,
                    735.048
                ],
                [
                    951.936,
                    735.048
                ],
                [
                    942.9119999999999,
                    731.0519999999999
                ],
                [
                    940.0319999999999,
                    728.028
                ],
                [
                    906.048,
                    713.988
                ],
                [
                    878.016,
                    698.004
                ],
                [
                    860.928,
                    686.016
                ],
                [
                    851.904,
                    677.052
                ],
                [
                    853.0559999999999,
                    675
                ],
                [
                    855.9359999999999,
                    672.948
                ],
                [
                    864,
                    671.0039999999999
                ],
                [
                    867.072,
                    668.952
                ],
                [
                    906.048,
                    635.04
                ],
                [
                    915.072,
                    625.968
                ],
                [
                    920.0640000000001,
                    618.9480000000001
                ],
                [
                    924.096,
                    617.004
                ],
                [
                    931.968,
                    608.04
                ],
                [
                    948.096,
                    594
                ],
                [
                    955.008,
                    583.9559999999999
                ],
                [
                    964.9920000000001,
                    558.0360000000001
                ],
                [
                    968.064,
                    543.9960000000001
                ],
                [
                    974.9760000000001,
                    528.984
                ],
                [
                    977.0880000000001,
                    521.964
                ],
                [
                    978.0479999999999,
                    512.028
                ],
                [
                    977.0880000000001,
                    477.036
                ],
                [
                    978.0479999999999,
                    467.964
                ],
                [
                    979.968,
                    462.024
                ],
                [
                    983.04,
                    458.02799999999996
                ],
                [
                    988.0319999999999,
                    455.976
                ],
                [
                    993.024,
                    455.004
                ],
                [
                    1009.9200000000001,
                    455.004
                ],
                [
                    1031.04,
                    459.972
                ],
                [
                    1038.912,
                    462.99600000000004
                ],
                [
                    1060.0320000000002,
                    474.012
                ],
                [
                    1083.0720000000001,
                    488.052
                ],
                [
                    1093.056,
                    497.016
                ],
                [
                    1095.936,
                    501.012
                ],
                [
                    1095.936,
                    504.036
                ],
                [
                    1091.904,
                    516.996
                ],
                [
                    1084.032,
                    539.028
                ],
                [
                    1079.0400000000002,
                    562.0319999999999
                ],
                [
                    1074.048,
                    573.048
                ],
                [
                    1070.9759999999999,
                    587.952
                ],
                [
                    1065.9840000000002,
                    597.024
                ],
                [
                    1065.024,
                    604.044
                ],
                [
                    1060.0320000000002,
                    613.008
                ],
                [
                    1056,
                    628.02
                ],
                [
                    1052.9279999999999,
                    633.9599999999999
                ],
                [
                    1051.968,
                    644.976
                ],
                [
                    1049.088,
                    650.052
                ],
                [
                    1043.904,
                    663.0120000000001
                ],
                [
                    1038.912,
                    689.04
                ],
                [
                    1031.04,
                    708.048
                ],
                [
                    1027.968,
                    726.948
                ],
                [
                    1026.048,
                    732.996
                ],
                [
                    1026.048,
                    740.0160000000001
                ],
                [
                    1025.0880000000002,
                    740.988
                ],
                [
                    1025.0880000000002,
                    747.036
                ],
                [
                    1027.968,
                    753.9480000000001
                ],
                [
                    1027.968,
                    758.052
                ],
                [
                    1023.936,
                    760.968
                ],
                [
                    1017.984,
                    760.968
                ]
            ]
        },
        {
            "ID": "2",
            "CLASS": "페트병",
            "DETAILS": "무색단일",
            "DAMAGE": "원형",
            "DIRTINESS": "이물질(외부)",
            "COVER": "없음",
            "TRANSPARENCY": "투명",
            "SHAPE": "물통형",
            "SHAPE_TYPE": "POLYGON",
            "POINTS": [
                [
                    456,
                    1080
                ],
                [
                    452.928,
                    1068.984
                ],
                [
                    445.05600000000004,
                    1056.996
                ],
                [
                    445.05600000000004,
                    1044.036
                ],
                [
                    450.048,
                    1026.972
                ],
                [
                    465.984,
                    991.0079999999999
                ],
                [
                    473.088,
                    967.0319999999999
                ],
                [
                    475.00800000000004,
                    952.992
                ],
                [
                    475.00800000000004,
                    914.004
                ],
                [
                    473.088,
                    875.988
                ],
                [
                    475.00800000000004,
                    861.948
                ],
                [
                    478.08,
                    857.952
                ],
                [
                    479.04,
                    844.992
                ],
                [
                    484.99199999999996,
                    830.952
                ],
                [
                    489.02399999999994,
                    806.0039999999999
                ],
                [
                    505.92,
                    783
                ],
                [
                    508.032,
                    752.976
                ],
                [
                    513.024,
                    736.992
                ],
                [
                    513.984,
                    721.0079999999999
                ],
                [
                    550.0799999999999,
                    609.9839999999999
                ],
                [
                    551.04,
                    601.02
                ],
                [
                    555.072,
                    590.004
                ],
                [
                    561.024,
                    581.0400000000001
                ],
                [
                    561.984,
                    566.028
                ],
                [
                    572.928,
                    543.024
                ],
                [
                    585.984,
                    532.0079999999999
                ],
                [
                    598.08,
                    532.0079999999999
                ],
                [
                    614.976,
                    535.032
                ],
                [
                    641.088,
                    544.9680000000001
                ],
                [
                    652.032,
                    546.048
                ],
                [
                    668.928,
                    551.9879999999999
                ],
                [
                    680.0640000000001,
                    554.04
                ],
                [
                    691.008,
                    559.0079999999999
                ],
                [
                    701.952,
                    559.9799999999999
                ],
                [
                    723.072,
                    566.028
                ],
                [
                    734.976,
                    570.996
                ],
                [
                    744.96,
                    578.988
                ],
                [
                    745.9200000000001,
                    594.972
                ],
                [
                    726.912,
                    678.9960000000001
                ],
                [
                    718.08,
                    705.996
                ],
                [
                    710.0160000000001,
                    743.04
                ],
                [
                    705.984,
                    751.032
                ],
                [
                    681.024,
                    836.028
                ],
                [
                    670.0799999999999,
                    864
                ],
                [
                    651.072,
                    929.9879999999999
                ],
                [
                    644.928,
                    941.0039999999999
                ],
                [
                    627.072,
                    964.0079999999999
                ],
                [
                    600.96,
                    1015.956
                ],
                [
                    595.9680000000001,
                    1052.028
                ],
                [
                    590.976,
                    1065.96
                ],
                [
                    590.0160000000001,
                    1080
                ],
                [
                    456,
                    1080
                ]
            ]
        }
    ]
}