{
    "IMAGE_INFO": {
        "FILE_NAME": "1002180@0_03001_220907_P1_T3__1805.jpg",
        "DATE": "2022-10-24 16:25:34",
        "RESOLUTION": "1920 x 1080",
        "IMAGE_PHOTOGRAPHER": "이지은",
        "FOCUS_DISTANCE": "5.6",
        "EXPOSURE_TIME": "1/400",
        "SENSITIVITY_ISO": "4000",
        "PLACE": "용인시재활용센터",
        "REGION_NAME": null,
        "Direction": "0",
        "HEIGHT": "100",
        "DAY/NIGHT": "주간",
        "WEATHER": "맑음",
        "IMAGE_HEIGHT": 1080,
        "IMAGE_WIDTH": 1920,
        "IMAGE_SIZE": "656.5 KB"
    },
    "ANNOTATION_INFO": [
        {
            "ID": "1",
            "CLASS": "페트병",
            "DETAILS": "무색단일",
            "DAMAGE": "원형",
            "DIRTINESS": "이물질(외부)",
            "COVER": "없음",
            "TRANSPARENCY": "투명",
            "SHAPE": "물통형",
            "SHAPE_TYPE": "POLYGON",
            "POINTS": [
                [
                    591.936,
                    447.012
                ],
                [
                    577.92,
                    443.988
                ],
                [
                    560.0640000000001,
                    436.968
                ],
                [
                    552,
                    435.996
                ],
                [
                    539.904,
                    429.94800000000004
                ],
                [
                    523.968,
                    424.98
                ],
                [
                    504.96000000000004,
                    420.984
                ],
                [
                    494.97599999999994,
                    415.044
                ],
                [
                    485.952,
                    413.964
                ],
                [
                    475.968,
                    408.024
                ],
                [
                    469.056,
                    407.052
                ],
                [
                    441.984,
                    396.036
                ],
                [
                    425.088,
                    385.02
                ],
                [
                    425.088,
                    381.99600000000004
                ],
                [
                    422.976,
                    381.024
                ],
                [
                    422.976,
                    358.99199999999996
                ],
                [
                    428.928,
                    335.988
                ],
                [
                    433.92,
                    326.052
                ],
                [
                    438.912,
                    305.964
                ],
                [
                    450.048,
                    286.956
                ],
                [
                    451.008,
                    276.048
                ],
                [
                    456.96,
                    258.012
                ],
                [
                    460.992,
                    253.044
                ],
                [
                    466.944,
                    228.95999999999998
                ],
                [
                    475.968,
                    216
                ],
                [
                    475.968,
                    205.95600000000002
                ],
                [
                    480,
                    193.96800000000002
                ],
                [
                    489.02399999999994,
                    177.984
                ],
                [
                    493.0559999999999,
                    154.008
                ],
                [
                    498.04800000000006,
                    149.04000000000002
                ],
                [
                    499.00800000000004,
                    135
                ],
                [
                    502.08000000000004,
                    127.008
                ],
                [
                    508.032,
                    115.99199999999999
                ],
                [
                    514.944,
                    108.97200000000001
                ],
                [
                    527.0400000000001,
                    100.98
                ],
                [
                    532.9920000000001,
                    93.96
                ],
                [
                    532.9920000000001,
                    78.948
                ],
                [
                    529.9200000000001,
                    70.95599999999999
                ],
                [
                    532.9920000000001,
                    54.972
                ],
                [
                    531.072,
                    34.02
                ],
                [
                    546.048,
                    7.02
                ],
                [
                    547.0079999999999,
                    0.972
                ],
                [
                    753.024,
                    0
                ],
                [
                    749.952,
                    15.984
                ],
                [
                    749.952,
                    34.02
                ],
                [
                    728.064,
                    91.044
                ],
                [
                    715.008,
                    138.996
                ],
                [
                    706.9440000000001,
                    154.008
                ],
                [
                    691.008,
                    169.02
                ],
                [
                    690.048,
                    209.952
                ],
                [
                    684.096,
                    223.992
                ],
                [
                    680.0640000000001,
                    246.99599999999998
                ],
                [
                    672,
                    262.00800000000004
                ],
                [
                    670.0799999999999,
                    278.964
                ],
                [
                    661.056,
                    296.028
                ],
                [
                    661.056,
                    304.99199999999996
                ],
                [
                    654.912,
                    321.948
                ],
                [
                    648.96,
                    330.048
                ],
                [
                    648.96,
                    339.98400000000004
                ],
                [
                    644.928,
                    351.97200000000004
                ],
                [
                    637.0559999999999,
                    362.988
                ],
                [
                    637.0559999999999,
                    375.94800000000004
                ],
                [
                    632.064,
                    392.03999999999996
                ],
                [
                    627.072,
                    396.036
                ],
                [
                    627.072,
                    409.968
                ],
                [
                    620.928,
                    425.952
                ],
                [
                    614.016,
                    439.99199999999996
                ],
                [
                    606.912,
                    447.012
                ],
                [
                    591.936,
                    447.012
                ]
            ]
        },
        {
            "ID": "2",
            "CLASS": "페트병",
            "DETAILS": "무색단일",
            "DAMAGE": "원형",
            "DIRTINESS": "오염없음",
            "COVER": "없음",
            "TRANSPARENCY": "투명",
            "SHAPE": "기타 형태",
            "SHAPE_TYPE": "POLYGON",
            "POINTS": [
                [
                    1549.056,
                    840.024
                ],
                [
                    1545.024,
                    839.052
                ],
                [
                    1536.96,
                    834.948
                ],
                [
                    1523.904,
                    833.976
                ],
                [
                    1510.08,
                    834.948
                ],
                [
                    1494.9119999999998,
                    829.0079999999999
                ],
                [
                    1483.968,
                    821.016
                ],
                [
                    1473.024,
                    810
                ],
                [
                    1460.928,
                    791.9639999999999
                ],
                [
                    1453.056,
                    767.9879999999999
                ],
                [
                    1451.904,
                    759.996
                ],
                [
                    1449.0240000000001,
                    756.972
                ],
                [
                    1444.9920000000002,
                    756
                ],
                [
                    1439.0400000000002,
                    752.004
                ],
                [
                    1436.9279999999999,
                    739.044
                ],
                [
                    1438.08,
                    732.996
                ],
                [
                    1440,
                    731.0519999999999
                ],
                [
                    1444.9920000000002,
                    731.0519999999999
                ],
                [
                    1446.912,
                    729.972
                ],
                [
                    1449.984,
                    721.98
                ],
                [
                    1450.944,
                    697.0319999999999
                ],
                [
                    1454.976,
                    671.0039999999999
                ],
                [
                    1457.088,
                    631.0440000000001
                ],
                [
                    1460.928,
                    605.988
                ],
                [
                    1460.928,
                    597.996
                ],
                [
                    1464,
                    585.036
                ],
                [
                    1464,
                    532.0079999999999
                ],
                [
                    1464.96,
                    517.9680000000001
                ],
                [
                    1468.032,
                    508.032
                ],
                [
                    1468.992,
                    467.964
                ],
                [
                    1469.952,
                    465.048
                ],
                [
                    1473.9840000000002,
                    461.052
                ],
                [
                    1483.008,
                    455.976
                ],
                [
                    1493.952,
                    452.952
                ],
                [
                    1501.056,
                    451.97999999999996
                ],
                [
                    1508.928,
                    451.97999999999996
                ],
                [
                    1516.032,
                    448.956
                ],
                [
                    1527.936,
                    447.984
                ],
                [
                    1530.048,
                    447.984
                ],
                [
                    1558.08,
                    448.956
                ],
                [
                    1582.08,
                    452.952
                ],
                [
                    1596.096,
                    458.02799999999996
                ],
                [
                    1602.048,
                    462.99600000000004
                ],
                [
                    1602.048,
                    474.012
                ],
                [
                    1604.9279999999999,
                    488.052
                ],
                [
                    1606.08,
                    505.00800000000004
                ],
                [
                    1611.072,
                    535.032
                ],
                [
                    1614.9119999999998,
                    598.968
                ],
                [
                    1618.944,
                    629.964
                ],
                [
                    1618.944,
                    644.004
                ],
                [
                    1622.976,
                    664.956
                ],
                [
                    1623.936,
                    687.96
                ],
                [
                    1627.008,
                    701.028
                ],
                [
                    1627.968,
                    725.004
                ],
                [
                    1630.08,
                    733.968
                ],
                [
                    1636.032,
                    739.044
                ],
                [
                    1641.0240000000001,
                    740.988
                ],
                [
                    1642.944,
                    743.04
                ],
                [
                    1641.984,
                    758.052
                ],
                [
                    1637.952,
                    763.9920000000001
                ],
                [
                    1633.92,
                    764.964
                ],
                [
                    1632,
                    767.0160000000001
                ],
                [
                    1627.968,
                    775.008
                ],
                [
                    1627.008,
                    780.948
                ],
                [
                    1623.936,
                    785.052
                ],
                [
                    1617.984,
                    798.984
                ],
                [
                    1612.992,
                    806.0039999999999
                ],
                [
                    1598.9759999999999,
                    821.9879999999999
                ],
                [
                    1590.912,
                    829.0079999999999
                ],
                [
                    1579.008,
                    837
                ],
                [
                    1574.976,
                    839.052
                ],
                [
                    1569.984,
                    840.024
                ],
                [
                    1549.056,
                    840.024
                ]
            ]
        }
    ]
}