{
    "IMAGE_INFO": {
        "FILE_NAME": "1002130@0_03001_220907_P1_T3__1959.jpg",
        "DATE": "2022-10-24 16:25:56",
        "RESOLUTION": "1920 x 1080",
        "IMAGE_PHOTOGRAPHER": "이지은",
        "FOCUS_DISTANCE": "5.6",
        "EXPOSURE_TIME": "1/400",
        "SENSITIVITY_ISO": "4000",
        "PLACE": "용인시재활용센터",
        "REGION_NAME": null,
        "Direction": "0",
        "HEIGHT": "100",
        "DAY/NIGHT": "주간",
        "WEATHER": "맑음",
        "IMAGE_HEIGHT": 1080,
        "IMAGE_WIDTH": 1920,
        "IMAGE_SIZE": "647.2 KB"
    },
    "ANNOTATION_INFO": [
        {
            "ID": "1",
            "CLASS": "페트병",
            "DETAILS": "무색단일",
            "DAMAGE": "찌그러짐",
            "DIRTINESS": "오염없음",
            "COVER": "없음",
            "TRANSPARENCY": "투명",
            "SHAPE": "기타 형태",
            "SHAPE_TYPE": "POLYGON",
            "POINTS": [
                [
                    820.0319999999999,
                    454.032
                ],
                [
                    802.9440000000001,
                    451.97999999999996
                ],
                [
                    772.032,
                    443.988
                ],
                [
                    755.904,
                    436.968
                ],
                [
                    753.984,
                    435.024
                ],
                [
                    747.072,
                    419.04
                ],
                [
                    744,
                    416.01599999999996
                ],
                [
                    744,
                    413.964
                ],
                [
                    737.0880000000001,
                    408.996
                ],
                [
                    733.0559999999999,
                    393.012
                ],
                [
                    731.904,
                    386.964
                ],
                [
                    733.0559999999999,
                    382.968
                ],
                [
                    735.9359999999999,
                    377.028
                ],
                [
                    745.9200000000001,
                    366.012
                ],
                [
                    745.9200000000001,
                    332.964
                ],
                [
                    748.032,
                    326.052
                ],
                [
                    748.032,
                    181.98000000000002
                ],
                [
                    749.952,
                    172.04399999999998
                ],
                [
                    748.992,
                    127.008
                ],
                [
                    749.952,
                    123.012
                ],
                [
                    757.0559999999999,
                    114.048
                ],
                [
                    768.96,
                    105.94800000000001
                ],
                [
                    782.016,
                    101.952
                ],
                [
                    788.928,
                    100.98
                ],
                [
                    814.0799999999999,
                    100.98
                ],
                [
                    834.048,
                    105.94800000000001
                ],
                [
                    849.024,
                    112.968
                ],
                [
                    860.928,
                    123.984
                ],
                [
                    864,
                    131.976
                ],
                [
                    863.04,
                    142.992
                ],
                [
                    864.96,
                    155.952
                ],
                [
                    865.9200000000001,
                    189
                ],
                [
                    869.952,
                    207.036
                ],
                [
                    872.064,
                    250.02
                ],
                [
                    873.984,
                    261.036
                ],
                [
                    875.904,
                    293.976
                ],
                [
                    875.904,
                    311.03999999999996
                ],
                [
                    878.016,
                    320.004
                ],
                [
                    883.968,
                    326.052
                ],
                [
                    887.0400000000001,
                    332.964
                ],
                [
                    892.9920000000001,
                    338.04
                ],
                [
                    905.088,
                    339.98400000000004
                ],
                [
                    908.928,
                    342.036
                ],
                [
                    915.072,
                    347.976
                ],
                [
                    922.9440000000001,
                    358.99199999999996
                ],
                [
                    925.056,
                    366.012
                ],
                [
                    922.9440000000001,
                    385.992
                ],
                [
                    912.9599999999999,
                    402.948
                ],
                [
                    900.096,
                    416.01599999999996
                ],
                [
                    892.9920000000001,
                    425.952
                ],
                [
                    874.944,
                    443.988
                ],
                [
                    862.08,
                    451.97999999999996
                ],
                [
                    849.024,
                    454.032
                ],
                [
                    820.0319999999999,
                    454.032
                ]
            ]
        },
        {
            "ID": "2",
            "CLASS": "페트병",
            "DETAILS": "무색단일",
            "DAMAGE": "원형",
            "DIRTINESS": "이물질(외부)",
            "COVER": "없음",
            "TRANSPARENCY": "투명",
            "SHAPE": "물통형",
            "SHAPE_TYPE": "POLYGON",
            "POINTS": [
                [
                    589.056,
                    456.948
                ],
                [
                    566.976,
                    452.952
                ],
                [
                    539.904,
                    443.016
                ],
                [
                    526.08,
                    435.996
                ],
                [
                    495.9359999999999,
                    425.952
                ],
                [
                    488.06399999999996,
                    420.012
                ],
                [
                    467.904,
                    412.992
                ],
                [
                    460.992,
                    408.996
                ],
                [
                    438.912,
                    401.976
                ],
                [
                    413.952,
                    382.968
                ],
                [
                    412.03200000000004,
                    377.028
                ],
                [
                    414.912,
                    350.028
                ],
                [
                    420.096,
                    335.988
                ],
                [
                    427.96799999999996,
                    321.948
                ],
                [
                    427.96799999999996,
                    316.00800000000004
                ],
                [
                    436.032,
                    297.972
                ],
                [
                    444.096,
                    288.036
                ],
                [
                    445.05600000000004,
                    277.992
                ],
                [
                    456.96,
                    254.988
                ],
                [
                    460.992,
                    238.032
                ],
                [
                    474.048,
                    216.972
                ],
                [
                    483.072,
                    186.948
                ],
                [
                    489.984,
                    178.956
                ],
                [
                    490.94399999999996,
                    169.02
                ],
                [
                    500.92800000000005,
                    147.96
                ],
                [
                    502.08000000000004,
                    138.024
                ],
                [
                    514.944,
                    119.016
                ],
                [
                    536.064,
                    104.00399999999999
                ],
                [
                    538.944,
                    97.956
                ],
                [
                    545.088,
                    39.96
                ],
                [
                    564.096,
                    0.972
                ],
                [
                    772.9920000000001,
                    0
                ],
                [
                    769.9200000000001,
                    20.952
                ],
                [
                    766.08,
                    27.971999999999998
                ],
                [
                    764.928,
                    50.976
                ],
                [
                    762.048,
                    61.02
                ],
                [
                    739.9680000000001,
                    101.952
                ],
                [
                    715.9680000000001,
                    169.02
                ],
                [
                    695.04,
                    186.948
                ],
                [
                    694.0799999999999,
                    219.99599999999998
                ],
                [
                    689.088,
                    234.036
                ],
                [
                    684.096,
                    239.976
                ],
                [
                    682.9440000000001,
                    253.044
                ],
                [
                    676.032,
                    267.948
                ],
                [
                    670.0799999999999,
                    273.996
                ],
                [
                    670.0799999999999,
                    281.01599999999996
                ],
                [
                    663.936,
                    299.05199999999996
                ],
                [
                    657.024,
                    308.016
                ],
                [
                    656.064,
                    319.032
                ],
                [
                    643.0079999999999,
                    343.008
                ],
                [
                    643.0079999999999,
                    351.97200000000004
                ],
                [
                    637.0559999999999,
                    366.984
                ],
                [
                    629.952,
                    377.028
                ],
                [
                    628.992,
                    386.964
                ],
                [
                    623.04,
                    402.948
                ],
                [
                    619.008,
                    405.97200000000004
                ],
                [
                    618.048,
                    413.964
                ],
                [
                    609.9839999999999,
                    434.05199999999996
                ],
                [
                    599.04,
                    451.00800000000004
                ],
                [
                    589.056,
                    456.948
                ]
            ]
        }
    ]
}