{
    "IMAGE_INFO": {
        "FILE_NAME": "1002117@0_03001_220907_P1_T3__1820.jpg",
        "DATE": "2022-10-24 16:25:36",
        "RESOLUTION": "1920 x 1080",
        "IMAGE_PHOTOGRAPHER": "이지은",
        "FOCUS_DISTANCE": "5.6",
        "EXPOSURE_TIME": "1/400",
        "SENSITIVITY_ISO": "4000",
        "PLACE": "용인시재활용센터",
        "REGION_NAME": null,
        "Direction": "0",
        "HEIGHT": "100",
        "DAY/NIGHT": "주간",
        "WEATHER": "맑음",
        "IMAGE_HEIGHT": 1080,
        "IMAGE_WIDTH": 1920,
        "IMAGE_SIZE": "628.5 KB"
    },
    "ANNOTATION_INFO": [
        {
            "ID": "1",
            "CLASS": "페트병",
            "DETAILS": "무색단일",
            "DAMAGE": "찌그러짐",
            "DIRTINESS": "이물질(외부)",
            "COVER": "없음",
            "TRANSPARENCY": "투명",
            "SHAPE": "물통형",
            "SHAPE_TYPE": "POLYGON",
            "POINTS": [
                [
                    600,
                    444.96
                ],
                [
                    584.0640000000001,
                    442.044
                ],
                [
                    564.096,
                    435.024
                ],
                [
                    552.9599999999999,
                    434.05199999999996
                ],
                [
                    538.944,
                    428.00399999999996
                ],
                [
                    523.0079999999999,
                    424.008
                ],
                [
                    508.992,
                    423.036
                ],
                [
                    489.984,
                    412.02
                ],
                [
                    476.928,
                    411.048
                ],
                [
                    460.03200000000004,
                    405
                ],
                [
                    457.91999999999996,
                    401.976
                ],
                [
                    447.93600000000004,
                    400.032
                ],
                [
                    441.024,
                    396.036
                ],
                [
                    432,
                    386.964
                ],
                [
                    431.04,
                    382.968
                ],
                [
                    432,
                    354.996
                ],
                [
                    436.032,
                    338.04
                ],
                [
                    441.024,
                    328.96799999999996
                ],
                [
                    441.984,
                    315.036
                ],
                [
                    460.03200000000004,
                    261.036
                ],
                [
                    465.984,
                    250.02
                ],
                [
                    466.944,
                    239.004
                ],
                [
                    470.01599999999996,
                    234.036
                ],
                [
                    470.01599999999996,
                    227.988
                ],
                [
                    475.968,
                    218.052
                ],
                [
                    478.08,
                    204.984
                ],
                [
                    484.032,
                    189.972
                ],
                [
                    486.912,
                    188.028
                ],
                [
                    489.984,
                    181.008
                ],
                [
                    490.94399999999996,
                    164.05200000000002
                ],
                [
                    498.04800000000006,
                    147.96
                ],
                [
                    498.04800000000006,
                    135.972
                ],
                [
                    504.96000000000004,
                    118.044
                ],
                [
                    526.08,
                    95.03999999999999
                ],
                [
                    524.928,
                    65.01599999999999
                ],
                [
                    528.96,
                    43.956
                ],
                [
                    523.0079999999999,
                    38.016000000000005
                ],
                [
                    522.048,
                    33.048
                ],
                [
                    529.9200000000001,
                    11.016
                ],
                [
                    537.024,
                    0
                ],
                [
                    742.08,
                    0
                ],
                [
                    738.048,
                    27
                ],
                [
                    729.024,
                    46.007999999999996
                ],
                [
                    724.0319999999999,
                    70.95599999999999
                ],
                [
                    715.008,
                    92.01599999999999
                ],
                [
                    704.0640000000001,
                    138.996
                ],
                [
                    696.96,
                    151.956
                ],
                [
                    684.096,
                    162.972
                ],
                [
                    686.016,
                    192.996
                ],
                [
                    678.912,
                    230.04
                ],
                [
                    675.072,
                    246.024
                ],
                [
                    670.0799999999999,
                    253.044
                ],
                [
                    665.088,
                    282.96000000000004
                ],
                [
                    660.096,
                    290.952
                ],
                [
                    657.984,
                    309.96
                ],
                [
                    654.912,
                    317.952
                ],
                [
                    651.072,
                    321.948
                ],
                [
                    651.072,
                    334.04400000000004
                ],
                [
                    644.928,
                    351.97200000000004
                ],
                [
                    641.088,
                    358.02000000000004
                ],
                [
                    639.9359999999999,
                    374.004
                ],
                [
                    633.984,
                    386.964
                ],
                [
                    633.024,
                    400.032
                ],
                [
                    619.9680000000001,
                    435.996
                ],
                [
                    614.016,
                    443.016
                ],
                [
                    609.9839999999999,
                    444.96
                ],
                [
                    600,
                    444.96
                ]
            ]
        },
        {
            "ID": "2",
            "CLASS": "페트병",
            "DETAILS": "무색단일",
            "DAMAGE": "원형",
            "DIRTINESS": "오염없음",
            "COVER": "없음",
            "TRANSPARENCY": "투명",
            "SHAPE": "기타 형태",
            "SHAPE_TYPE": "POLYGON",
            "POINTS": [
                [
                    691.008,
                    1080
                ],
                [
                    690.048,
                    1072.98
                ],
                [
                    691.968,
                    1068.984
                ],
                [
                    691.968,
                    1063.0439999999999
                ],
                [
                    678.912,
                    1002.996
                ],
                [
                    678.912,
                    996.948
                ],
                [
                    676.032,
                    982.044
                ],
                [
                    670.0799999999999,
                    961.956
                ],
                [
                    668.928,
                    953.9639999999999
                ],
                [
                    666.048,
                    947.052
                ],
                [
                    660.096,
                    918.972
                ],
                [
                    652.9920000000001,
                    895.968
                ],
                [
                    648,
                    871.02
                ],
                [
                    646.08,
                    867.996
                ],
                [
                    644.928,
                    859.032
                ],
                [
                    642.048,
                    849.96
                ],
                [
                    637.0559999999999,
                    824.04
                ],
                [
                    628.032,
                    791.9639999999999
                ],
                [
                    628.032,
                    782.028
                ],
                [
                    625.9200000000001,
                    775.98
                ],
                [
                    627.072,
                    772.956
                ],
                [
                    634.944,
                    763.9920000000001
                ],
                [
                    648.96,
                    756.972
                ],
                [
                    657.984,
                    755.028
                ],
                [
                    667.0079999999999,
                    749.952
                ],
                [
                    696.96,
                    739.044
                ],
                [
                    714.048,
                    733.968
                ],
                [
                    729.024,
                    731.0519999999999
                ],
                [
                    738.048,
                    731.0519999999999
                ],
                [
                    740.928,
                    740.0160000000001
                ],
                [
                    748.032,
                    744.9839999999999
                ],
                [
                    757.0559999999999,
                    767.0160000000001
                ],
                [
                    772.9920000000001,
                    797.04
                ],
                [
                    777.984,
                    810
                ],
                [
                    785.088,
                    821.9879999999999
                ],
                [
                    788.928,
                    833.004
                ],
                [
                    806.976,
                    868.968
                ],
                [
                    816,
                    891
                ],
                [
                    824.0640000000001,
                    905.04
                ],
                [
                    831.936,
                    925.0200000000001
                ],
                [
                    840.96,
                    937.98
                ],
                [
                    850.944,
                    961.956
                ],
                [
                    863.04,
                    983.988
                ],
                [
                    865.9200000000001,
                    992.952
                ],
                [
                    868.032,
                    995.004
                ],
                [
                    873.984,
                    996.948
                ],
                [
                    875.904,
                    999
                ],
                [
                    875.904,
                    1003.968
                ],
                [
                    873.984,
                    1006.02
                ],
                [
                    843.072,
                    1018.98
                ],
                [
                    840,
                    1022.004
                ],
                [
                    835.9680000000001,
                    1022.976
                ],
                [
                    831.936,
                    1026
                ],
                [
                    828.096,
                    1026.972
                ],
                [
                    821.952,
                    1030.968
                ],
                [
                    815.04,
                    1033.992
                ],
                [
                    810.048,
                    1034.964
                ],
                [
                    796.032,
                    1041.012
                ],
                [
                    791.04,
                    1041.984
                ],
                [
                    779.904,
                    1049.0040000000001
                ],
                [
                    768,
                    1053.972
                ],
                [
                    763.0079999999999,
                    1055.052
                ],
                [
                    758.976,
                    1057.968
                ],
                [
                    753.984,
                    1059.048
                ],
                [
                    749.952,
                    1061.964
                ],
                [
                    747.072,
                    1061.964
                ],
                [
                    744,
                    1063.0439999999999
                ],
                [
                    739.9680000000001,
                    1065.96
                ],
                [
                    737.0880000000001,
                    1065.96
                ],
                [
                    723.072,
                    1072.008
                ],
                [
                    714.048,
                    1072.98
                ],
                [
                    710.976,
                    1073.952
                ],
                [
                    705.984,
                    1080
                ],
                [
                    691.008,
                    1080
                ]
            ]
        },
        {
            "ID": "3",
            "CLASS": "페트병",
            "DETAILS": "무색단일",
            "DAMAGE": "찌그러짐",
            "DIRTINESS": "오염없음",
            "COVER": "없음",
            "TRANSPARENCY": "투명",
            "SHAPE": "물통형",
            "SHAPE_TYPE": "POLYGON",
            "POINTS": [
                [
                    734.016,
                    675.972
                ],
                [
                    716.928,
                    668.952
                ],
                [
                    709.056,
                    663.984
                ],
                [
                    700.992,
                    663.0120000000001
                ],
                [
                    684.096,
                    652.9680000000001
                ],
                [
                    684.096,
                    645.948
                ],
                [
                    689.088,
                    632.9879999999999
                ],
                [
                    694.0799999999999,
                    627.048
                ],
                [
                    695.04,
                    618.9480000000001
                ],
                [
                    705.024,
                    606.96
                ],
                [
                    705.024,
                    597.024
                ],
                [
                    694.0799999999999,
                    581.0400000000001
                ],
                [
                    676.9920000000001,
                    540
                ],
                [
                    670.0799999999999,
                    517.9680000000001
                ],
                [
                    670.0799999999999,
                    494.964
                ],
                [
                    681.024,
                    463.96799999999996
                ],
                [
                    691.008,
                    450.036
                ],
                [
                    691.968,
                    440.964
                ],
                [
                    700.992,
                    423.036
                ],
                [
                    711.936,
                    389.016
                ],
                [
                    728.064,
                    358.99199999999996
                ],
                [
                    739.9680000000001,
                    330.048
                ],
                [
                    743.04,
                    312.984
                ],
                [
                    758.976,
                    293.976
                ],
                [
                    762.048,
                    281.988
                ],
                [
                    769.9200000000001,
                    270.97200000000004
                ],
                [
                    771.072,
                    258.012
                ],
                [
                    778.944,
                    235.98
                ],
                [
                    779.904,
                    224.96400000000003
                ],
                [
                    819.072,
                    135.972
                ],
                [
                    825.024,
                    115.99199999999999
                ],
                [
                    830.0160000000001,
                    110.052
                ],
                [
                    833.088,
                    95.03999999999999
                ],
                [
                    844.0319999999999,
                    74.952
                ],
                [
                    854.976,
                    64.044
                ],
                [
                    869.952,
                    57.024
                ],
                [
                    888.96,
                    57.024
                ],
                [
                    896.064,
                    58.968
                ],
                [
                    907.0079999999999,
                    65.988
                ],
                [
                    921.024,
                    65.988
                ],
                [
                    942.9119999999999,
                    74.952
                ],
                [
                    946.9440000000001,
                    74.952
                ],
                [
                    958.08,
                    80.028
                ],
                [
                    969.0240000000001,
                    89.964
                ],
                [
                    977.0880000000001,
                    88.992
                ],
                [
                    980.928,
                    92.01599999999999
                ],
                [
                    984.96,
                    92.01599999999999
                ],
                [
                    1004.928,
                    104.976
                ],
                [
                    1012.032,
                    111.996
                ],
                [
                    1018.944,
                    131.00400000000002
                ],
                [
                    1017.0239999999999,
                    154.008
                ],
                [
                    1004.928,
                    192.024
                ],
                [
                    988.0319999999999,
                    231.012
                ],
                [
                    984.96,
                    243.97199999999998
                ],
                [
                    974.9760000000001,
                    263.952
                ],
                [
                    971.904,
                    277.02
                ],
                [
                    945.984,
                    332.964
                ],
                [
                    942.9119999999999,
                    344.952
                ],
                [
                    932.928,
                    361.044
                ],
                [
                    926.016,
                    397.008
                ],
                [
                    915.072,
                    417.96000000000004
                ],
                [
                    912,
                    447.984
                ],
                [
                    902.976,
                    474.012
                ],
                [
                    894.912,
                    490.968
                ],
                [
                    882.048,
                    509.004
                ],
                [
                    869.952,
                    540
                ],
                [
                    838.08,
                    578.988
                ],
                [
                    810.048,
                    605.0160000000001
                ],
                [
                    805.056,
                    609.012
                ],
                [
                    782.976,
                    617.004
                ],
                [
                    776.064,
                    621.972
                ],
                [
                    768,
                    623.052
                ],
                [
                    762.048,
                    628.02
                ],
                [
                    758.976,
                    644.976
                ],
                [
                    750.912,
                    667.98
                ],
                [
                    744.96,
                    675.972
                ],
                [
                    734.016,
                    675.972
                ]
            ]
        }
    ]
}