{
    "IMAGE_INFO": {
        "FILE_NAME": "1002195@0_03001_220907_P1_T3__1808.jpg",
        "DATE": "2022-10-24 16:25:34",
        "RESOLUTION": "1920 x 1080",
        "IMAGE_PHOTOGRAPHER": "이지은",
        "FOCUS_DISTANCE": "5.6",
        "EXPOSURE_TIME": "1/400",
        "SENSITIVITY_ISO": "4000",
        "PLACE": "용인시재활용센터",
        "REGION_NAME": null,
        "Direction": "0",
        "HEIGHT": "100",
        "DAY/NIGHT": "주간",
        "WEATHER": "맑음",
        "IMAGE_HEIGHT": 1080,
        "IMAGE_WIDTH": 1920,
        "IMAGE_SIZE": "629.5 KB"
    },
    "ANNOTATION_INFO": [
        {
            "ID": "1",
            "CLASS": "페트병",
            "DETAILS": "무색단일",
            "DAMAGE": "원형",
            "DIRTINESS": "오염없음",
            "COVER": "없음",
            "TRANSPARENCY": "투명",
            "SHAPE": "물통형",
            "SHAPE_TYPE": "POLYGON",
            "POINTS": [
                [
                    1215.936,
                    89.964
                ],
                [
                    1194.048,
                    87.048
                ],
                [
                    1185.9840000000002,
                    87.048
                ],
                [
                    1180.992,
                    84.99600000000001
                ],
                [
                    1177.92,
                    84.99600000000001
                ],
                [
                    1175.04,
                    84.02399999999999
                ],
                [
                    1161.984,
                    84.02399999999999
                ],
                [
                    1151.04,
                    81.972
                ],
                [
                    1145.0880000000002,
                    81.972
                ],
                [
                    1117.056,
                    78.948
                ],
                [
                    1094.976,
                    78.948
                ],
                [
                    1084.032,
                    77.004
                ],
                [
                    1054.0800000000002,
                    73.98
                ],
                [
                    1023.936,
                    72.036
                ],
                [
                    1011.0719999999999,
                    69.012
                ],
                [
                    992.0640000000001,
                    66.96
                ],
                [
                    978.0479999999999,
                    66.96
                ],
                [
                    969.9839999999999,
                    65.01599999999999
                ],
                [
                    961.92,
                    64.044
                ],
                [
                    948.096,
                    57.995999999999995
                ],
                [
                    941.952,
                    53.028
                ],
                [
                    940.0319999999999,
                    50.004
                ],
                [
                    941.952,
                    7.02
                ],
                [
                    940.0319999999999,
                    3.996
                ],
                [
                    940.0319999999999,
                    0
                ],
                [
                    1287.936,
                    0
                ],
                [
                    1291.968,
                    2.052
                ],
                [
                    1292.9279999999999,
                    4.968
                ],
                [
                    1299.072,
                    7.02
                ],
                [
                    1304.064,
                    7.02
                ],
                [
                    1310.016,
                    3.996
                ],
                [
                    1314.048,
                    3.996
                ],
                [
                    1318.08,
                    4.968
                ],
                [
                    1330.944,
                    4.968
                ],
                [
                    1347.0720000000001,
                    10.043999999999999
                ],
                [
                    1348.032,
                    12.96
                ],
                [
                    1348.032,
                    35.964000000000006
                ],
                [
                    1347.0720000000001,
                    46.007999999999996
                ],
                [
                    1344,
                    58.968
                ],
                [
                    1339.008,
                    69.984
                ],
                [
                    1337.088,
                    72.036
                ],
                [
                    1333.056,
                    73.008
                ],
                [
                    1316.9279999999999,
                    73.008
                ],
                [
                    1314.048,
                    72.036
                ],
                [
                    1306.944,
                    72.036
                ],
                [
                    1299.072,
                    69.984
                ],
                [
                    1296,
                    65.988
                ],
                [
                    1292.9279999999999,
                    65.01599999999999
                ],
                [
                    1286.976,
                    65.01599999999999
                ],
                [
                    1278.912,
                    69.012
                ],
                [
                    1266.048,
                    73.98
                ],
                [
                    1257.024,
                    78.948
                ],
                [
                    1239.9360000000001,
                    85.968
                ],
                [
                    1224.96,
                    89.964
                ],
                [
                    1215.936,
                    89.964
                ]
            ]
        },
        {
            "ID": "2",
            "CLASS": "페트병",
            "DETAILS": "무색단일",
            "DAMAGE": "원형",
            "DIRTINESS": "이물질(외부)",
            "COVER": "없음",
            "TRANSPARENCY": "투명",
            "SHAPE": "물통형",
            "SHAPE_TYPE": "POLYGON",
            "POINTS": [
                [
                    604.992,
                    447.012
                ],
                [
                    576.96,
                    444.96
                ],
                [
                    569.088,
                    439.99199999999996
                ],
                [
                    561.984,
                    439.02
                ],
                [
                    553.92,
                    435.024
                ],
                [
                    538.944,
                    432
                ],
                [
                    534.912,
                    428.976
                ],
                [
                    526.08,
                    428.00399999999996
                ],
                [
                    517.0559999999999,
                    424.008
                ],
                [
                    508.992,
                    424.008
                ],
                [
                    502.08000000000004,
                    421.956
                ],
                [
                    495.9359999999999,
                    417.96000000000004
                ],
                [
                    489.984,
                    416.988
                ],
                [
                    486.912,
                    413.964
                ],
                [
                    475.00800000000004,
                    411.048
                ],
                [
                    466.944,
                    407.052
                ],
                [
                    459.072,
                    405.97200000000004
                ],
                [
                    452.928,
                    401.004
                ],
                [
                    444.096,
                    398.952
                ],
                [
                    432,
                    389.988
                ],
                [
                    427.008,
                    389.016
                ],
                [
                    422.976,
                    382.968
                ],
                [
                    422.976,
                    354.996
                ],
                [
                    427.008,
                    336.96
                ],
                [
                    446.976,
                    286.956
                ],
                [
                    451.008,
                    266.00399999999996
                ],
                [
                    456,
                    258.012
                ],
                [
                    462.91200000000003,
                    228.95999999999998
                ],
                [
                    473.088,
                    212.976
                ],
                [
                    475.968,
                    193.96800000000002
                ],
                [
                    486.912,
                    177.012
                ],
                [
                    488.06399999999996,
                    162.972
                ],
                [
                    497.088,
                    142.02
                ],
                [
                    497.088,
                    131.00400000000002
                ],
                [
                    503.04,
                    118.044
                ],
                [
                    519.9359999999999,
                    104.976
                ],
                [
                    532.032,
                    92.01599999999999
                ],
                [
                    529.9200000000001,
                    51.94799999999999
                ],
                [
                    532.9920000000001,
                    45.036
                ],
                [
                    529.9200000000001,
                    42.01199999999999
                ],
                [
                    528.96,
                    33.048
                ],
                [
                    545.088,
                    0.972
                ],
                [
                    753.024,
                    0
                ],
                [
                    752.064,
                    23.976000000000003
                ],
                [
                    748.992,
                    38.016000000000005
                ],
                [
                    729.024,
                    85.968
                ],
                [
                    728.064,
                    95.03999999999999
                ],
                [
                    723.072,
                    103.032
                ],
                [
                    723.072,
                    108.97200000000001
                ],
                [
                    716.928,
                    123.012
                ],
                [
                    713.088,
                    142.02
                ],
                [
                    704.0640000000001,
                    158.976
                ],
                [
                    700.992,
                    162
                ],
                [
                    695.04,
                    164.05200000000002
                ],
                [
                    689.088,
                    173.01600000000002
                ],
                [
                    691.968,
                    191.052
                ],
                [
                    687.936,
                    216.972
                ],
                [
                    682.9440000000001,
                    227.016
                ],
                [
                    678.912,
                    249.048
                ],
                [
                    671.04,
                    265.032
                ],
                [
                    667.0079999999999,
                    285.984
                ],
                [
                    662.016,
                    293.00399999999996
                ],
                [
                    661.056,
                    304.99199999999996
                ],
                [
                    654.912,
                    323.02799999999996
                ],
                [
                    649.9200000000001,
                    330.048
                ],
                [
                    649.9200000000001,
                    339.012
                ],
                [
                    646.08,
                    351
                ],
                [
                    638.016,
                    361.044
                ],
                [
                    637.0559999999999,
                    378
                ],
                [
                    628.032,
                    398.952
                ],
                [
                    624.96,
                    416.988
                ],
                [
                    614.016,
                    439.02
                ],
                [
                    604.992,
                    447.012
                ]
            ]
        }
    ]
}