{
    "IMAGE_INFO": {
        "FILE_NAME": "100081@2_06001_220808_P1_T1.jpg",
        "DATE": "2022-08-08 08:25:50",
        "RESOLUTION": "4624 x 2600",
        "IMAGE_PHOTOGRAPHER": "김준미",
        "FOCUS_DISTANCE": "4.7",
        "EXPOSURE_TIME": "0.01600",
        "SENSITIVITY_ISO": null,
        "PLACE": "주택가분리수거장",
        "REGION_NAME": null,
        "Direction": "2",
        "HEIGHT": null,
        "DAY/NIGHT": "주간",
        "WEATHER": "비",
        "IMAGE_HEIGHT": 2600,
        "IMAGE_WIDTH": 4624,
        "IMAGE_SIZE": "4.5 MB"
    },
    "ANNOTATION_INFO": [
        {
            "ID": "1",
            "CLASS": "비닐",
            "DETAILS": "비닐",
            "DAMAGE": "원형",
            "DIRTINESS": "오염없음",
            "COVER": "없음",
            "TRANSPARENCY": "불투명",
            "SHAPE": "봉지형",
            "SHAPE_TYPE": "BOX",
            "POINTS": [
                [
                    959.9823343848582,
                    526.5947482649835,
                    2155.916719242902,
                    1506.7569867507896
                ]
            ]
        }
    ]
}