{
    "IMAGE_INFO": {
        "FILE_NAME": "100020@2_06001_220808_P1_T1.jpg",
        "DATE": "2022-08-08 08:21:40",
        "RESOLUTION": "4624 x 2600",
        "IMAGE_PHOTOGRAPHER": "김준미",
        "FOCUS_DISTANCE": "4.7",
        "EXPOSURE_TIME": "0.01600",
        "SENSITIVITY_ISO": null,
        "PLACE": "주택가분리수거장",
        "REGION_NAME": null,
        "Direction": "2",
        "HEIGHT": null,
        "DAY/NIGHT": "주간",
        "WEATHER": "비",
        "IMAGE_HEIGHT": 2600,
        "IMAGE_WIDTH": 4624,
        "IMAGE_SIZE": "4.0 MB"
    },
    "ANNOTATION_INFO": [
        {
            "ID": "1",
            "CLASS": "비닐",
            "DETAILS": "비닐",
            "DAMAGE": "찢어짐",
            "DIRTINESS": "오염없음",
            "COVER": "없음",
            "TRANSPARENCY": "불투명",
            "SHAPE": "봉지형",
            "SHAPE_TYPE": "POLYGON",
            "POINTS": [
                [
                    826.1225613486434,
                    2028.1077879883921
                ],
                [
                    1283.0501767135702,
                    2039.9792401800485
                ],
                [
                    1717.0451055005483,
                    2044.4882784012116
                ],
                [
                    2085.658980080657,
                    2053.2245399547155
                ],
                [
                    2298.7110360306283,
                    2063.0880610635104
                ],
                [
                    2439.6184804419854,
                    2069.569803506433
                ],
                [
                    2610.1164881797267,
                    2079.715139504051
                ],
                [
                    2880.9405963383533,
                    2088.169586168732
                ],
                [
                    3132.0376622793906,
                    2091.2695499457823
                ],
                [
                    3239.690949809667,
                    2085.9150670581503
                ],
                [
                    3458.379303536092,
                    2063.088061063511
                ],
                [
                    3589.7050417274754,
                    2051.251835732956
                ],
                [
                    3682.1403252613254,
                    2040.26105506887
                ],
                [
                    3701.3037377012697,
                    2033.2156828483019
                ],
                [
                    3726.9488925841365,
                    2012.3613810754211
                ],
                [
                    3737.094228581754,
                    1989.2525601919588
                ],
                [
                    3711.4490736988873,
                    1883.008347105796
                ],
                [
                    3687.2129932601338,
                    1749.4280898038305
                ],
                [
                    3639.304462160272,
                    1556.9485207379175
                ],
                [
                    3619.295605053859,
                    1455.7769756505631
                ],
                [
                    3575.8961121751613,
                    1277.9517808034313
                ],
                [
                    3540.105621294677,
                    1151.1350808332104
                ],
                [
                    3523.4785428541363,
                    1072.5087268516731
                ],
                [
                    3516.9968004112143,
                    1026.572899973571
                ],
                [
                    3486.560792418362,
                    885.6654555622144
                ],
                [
                    3475.00638197663,
                    833.8115160188353
                ],
                [
                    3448.515782427295,
                    705.8675564933235
                ],
                [
                    3428.225110432061,
                    642.1773916193903
                ],
                [
                    3418.361589323266,
                    588.9143776318975
                ],
                [
                    3399.761806660966,
                    573.4145587466484
                ],
                [
                    3376.3711708886813,
                    572.0054843025347
                ],
                [
                    3329.3080844552883,
                    573.9781885242937
                ],
                [
                    3281.3995533554266,
                    578.2054118566346
                ],
                [
                    3181.918897601009,
                    592.8597860754157
                ],
                [
                    2967.1759523181017,
                    613.1504580706512
                ],
                [
                    2747.9239688140315,
                    614.8413474035875
                ],
                [
                    2555.1625848592953,
                    598.4960838518703
                ],
                [
                    2384.3827622327303,
                    595.3961200748203
                ],
                [
                    2212.4756800508753,
                    591.7325265201248
                ],
                [
                    2125.394879404657,
                    590.6052669648341
                ],
                [
                    2084.5317205253637,
                    583.2780798554435
                ],
                [
                    1889.2340025712233,
                    580.7417458560391
                ],
                [
                    1801.307757258537,
                    642.4592065082134
                ],
                [
                    1684.072763508288,
                    699.9494438280467
                ],
                [
                    1562.3287315368761,
                    745.0398260396809
                ],
                [
                    1458.9026673389405,
                    787.030244474265
                ],
                [
                    1335.1859311457697,
                    846.2113711270347
                ],
                [
                    1190.3330782908952,
                    907.9288317792088
                ],
                [
                    1020.1168854419767,
                    942.3102482155799
                ],
                [
                    983.7627647838466,
                    1091.1085095139724
                ],
                [
                    959.4270346004052,
                    1184.7936984427283
                ],
                [
                    907.7351549408178,
                    1400.8745900757867
                ],
                [
                    856.3927553226608,
                    1582.1886586573896
                ],
                [
                    796.4334494748829,
                    1810.8957115019064
                ],
                [
                    780.4332001592583,
                    1898.013367116772
                ],
                [
                    774.8969225567347,
                    1981.2625784732393
                ],
                [
                    797.2470802854413,
                    2012.6348182208733
                ],
                [
                    818.366954102476,
                    2027.8083197981605
                ]
            ]
        }
    ]
}