{
    "IMAGE_INFO": {
        "FILE_NAME": "100078@2_06001_220808_P1_T1.jpg",
        "DATE": "2022-08-08 08:34:30",
        "RESOLUTION": "4624 x 2600",
        "IMAGE_PHOTOGRAPHER": "김준미",
        "FOCUS_DISTANCE": "4.7",
        "EXPOSURE_TIME": "0.03300",
        "SENSITIVITY_ISO": null,
        "PLACE": "주택가분리수거장",
        "REGION_NAME": null,
        "Direction": "2",
        "HEIGHT": null,
        "DAY/NIGHT": "주간",
        "WEATHER": "비",
        "IMAGE_HEIGHT": 2600,
        "IMAGE_WIDTH": 4624,
        "IMAGE_SIZE": "4.6 MB"
    },
    "ANNOTATION_INFO": [
        {
            "ID": "1",
            "CLASS": "비닐",
            "DETAILS": "비닐",
            "DAMAGE": "찢어짐",
            "DIRTINESS": "오염없음",
            "COVER": "없음",
            "TRANSPARENCY": "불투명",
            "SHAPE": "봉지형",
            "SHAPE_TYPE": "BOX",
            "POINTS": [
                [
                    1278.3470031545735,
                    820.1933753943214,
                    2005.198738170348,
                    1075.64195839504
                ]
            ]
        }
    ]
}