{
    "IMAGE_INFO": {
        "FILE_NAME": "100961@2_06001_220802_P1_T1.jpg",
        "DATE": "2022-08-02 17:10:52",
        "RESOLUTION": "4624 x 2600",
        "IMAGE_PHOTOGRAPHER": "황서현",
        "FOCUS_DISTANCE": "4.7",
        "EXPOSURE_TIME": "0.03300",
        "SENSITIVITY_ISO": null,
        "PLACE": "주택가분리수거장",
        "REGION_NAME": null,
        "Direction": "2",
        "HEIGHT": null,
        "DAY/NIGHT": "주간",
        "WEATHER": "비",
        "IMAGE_HEIGHT": 2600,
        "IMAGE_WIDTH": 4624,
        "IMAGE_SIZE": "4.4 MB"
    },
    "ANNOTATION_INFO": [
        {
            "ID": "1",
            "CLASS": "비닐",
            "DETAILS": "비닐",
            "DAMAGE": "원형",
            "DIRTINESS": "오염없음",
            "COVER": "없음",
            "TRANSPARENCY": "불투명",
            "SHAPE": "봉지형",
            "SHAPE_TYPE": "BOX",
            "POINTS": [
                [
                    920.6669709012177,
                    339.12872368754864,
                    2749.708185053381,
                    1813.93024911032
                ]
            ]
        }
    ]
}