{
    "IMAGE_INFO": {
        "FILE_NAME": "101012@4_06001_220804_P1_T1.jpg",
        "DATE": "2022-08-04 09:06:17",
        "RESOLUTION": "4000 x 2250",
        "IMAGE_PHOTOGRAPHER": "황서현",
        "FOCUS_DISTANCE": "4.6",
        "EXPOSURE_TIME": "0.00834",
        "SENSITIVITY_ISO": null,
        "PLACE": "주택가분리수거장",
        "REGION_NAME": null,
        "Direction": "4",
        "HEIGHT": null,
        "DAY/NIGHT": "주간",
        "WEATHER": "맑음",
        "IMAGE_HEIGHT": 2250,
        "IMAGE_WIDTH": 4000,
        "IMAGE_SIZE": "4.8 MB"
    },
    "ANNOTATION_INFO": [
        {
            "ID": "1",
            "CLASS": "비닐",
            "DETAILS": "비닐",
            "DAMAGE": "찢어짐",
            "DIRTINESS": "오염없음",
            "COVER": "없음",
            "TRANSPARENCY": "불투명",
            "SHAPE": "봉지형",
            "SHAPE_TYPE": "BOX",
            "POINTS": [
                [
                    1114.7223974763406,
                    259.2997265996239,
                    1933.2347561597821,
                    1435.0318980060545
                ]
            ]
        }
    ]
}