{
    "IMAGE_INFO": {
        "FILE_NAME": "102948@5_06001_220809_P1_T1.jpg",
        "DATE": "2022-08-09 14:39:02",
        "RESOLUTION": "4000 x 2250",
        "IMAGE_PHOTOGRAPHER": "황서현",
        "FOCUS_DISTANCE": "4.6",
        "EXPOSURE_TIME": "0.01667",
        "SENSITIVITY_ISO": null,
        "PLACE": "주택가분리수거장",
        "REGION_NAME": null,
        "Direction": "5",
        "HEIGHT": null,
        "DAY/NIGHT": "주간",
        "WEATHER": "비",
        "IMAGE_HEIGHT": 2250,
        "IMAGE_WIDTH": 4000,
        "IMAGE_SIZE": "3.7 MB"
    },
    "ANNOTATION_INFO": [
        {
            "ID": "1",
            "CLASS": "비닐",
            "DETAILS": "비닐",
            "DAMAGE": "찢어짐",
            "DIRTINESS": "이물질(외부)",
            "COVER": "없음",
            "TRANSPARENCY": "불투명",
            "SHAPE": "봉지형",
            "SHAPE_TYPE": "POLYGON",
            "POINTS": [
                [
                    1157.5337967252335,
                    502.65840633253885
                ],
                [
                    1159.2271979663549,
                    460.32337530450144
                ],
                [
                    1156.9693296448595,
                    440.5670274914174
                ],
                [
                    1155.840395484112,
                    430.40662004468834
                ],
                [
                    1156.9693296448595,
                    422.5040809194546
                ],
                [
                    1172.774407895327,
                    420.24621259795936
                ],
                [
                    1181.8058811813082,
                    407.8279368297351
                ],
                [
                    1200.9977619140184,
                    402.1832660259968
                ],
                [
                    1232.607918414953,
                    417.9883442764641
                ],
                [
                    1267.0404103177568,
                    442.82489581291264
                ],
                [
                    1305.9886388635514,
                    463.71017778674445
                ],
                [
                    1447.6698760373831,
                    511.1254125381463
                ],
                [
                    1515.8322695198622,
                    529.4504984979262
                ],
                [
                    1541.238127260763,
                    527.2412934769783
                ],
                [
                    1560.568671194057,
                    531.659703518874
                ],
                [
                    1584.3176251692466,
                    535.5258123055329
                ],
                [
                    1614.1418929520428,
                    538.2873185817176
                ],
                [
                    1685.9410561328486,
                    523.9274859455564
                ],
                [
                    1726.1057152219494,
                    518.1582366033595
                ],
                [
                    1811.2933983153564,
                    522.2862741100885
                ],
                [
                    2093.539784289102,
                    532.574668280245
                ],
                [
                    2268.052646863731,
                    537.3090032380883
                ],
                [
                    2355.309078151046,
                    539.6761707170101
                ],
                [
                    2442.56550943836,
                    542.0433381959318
                ],
                [
                    2469.295493970933,
                    537.7320503680976
                ],
                [
                    2492.576448241238,
                    540.318823064798
                ],
                [
                    2624.2228116760825,
                    548.2072203694364
                ],
                [
                    2719.8252409719903,
                    550.1571135267098
                ],
                [
                    2767.2888417827485,
                    548.6920550984661
                ],
                [
                    2796.3550464962827,
                    548.7239711011613
                ],
                [
                    2806.3870434751225,
                    549.5838565564906
                ],
                [
                    2813.8300953741527,
                    554.808216891889
                ],
                [
                    2832.545048645181,
                    560.2755066115152
                ],
                [
                    2842.2179458414425,
                    564.9016748358141
                ],
                [
                    2850.4188804208816,
                    570.3689645554404
                ],
                [
                    2858.55342776509,
                    578.2467050674616
                ],
                [
                    2861.7063411012973,
                    581.9728753738879
                ],
                [
                    2866.0057683779423,
                    588.8519590165209
                ],
                [
                    2868.8720532290395,
                    598.3106990251414
                ],
                [
                    2877.352711550625,
                    647.3049041420892
                ],
                [
                    2882.0999264482307,
                    691.1253493507592
                ],
                [
                    2891.959526620182,
                    702.4456310296655
                ],
                [
                    2902.4547511737337,
                    738.5698864056321
                ],
                [
                    2907.7858938000413,
                    771.2125062924175
                ],
                [
                    2910.0190184637804,
                    781.2615672792435
                ],
                [
                    2913.9556924841213,
                    825.5815284339244
                ],
                [
                    2918.5077646869963,
                    852.8939616511757
                ],
                [
                    2929.8879451941843,
                    859.7220699554885
                ],
                [
                    2936.0523852081274,
                    865.7672895355845
                ],
                [
                    2935.6318244604636,
                    877.1224297225002
                ],
                [
                    2937.7010510322616,
                    885.962032048416
                ],
                [
                    2935.445717026871,
                    891.1170812035941
                ],
                [
                    2932.2238113048847,
                    901.4271795139505
                ],
                [
                    2940.08183877209,
                    943.6584574761945
                ],
                [
                    2942.351613393486,
                    958.1850150531279
                ],
                [
                    2943.260820359045,
                    1013.3983218613519
                ],
                [
                    2942.150393005449,
                    1028.2040199092846
                ],
                [
                    2982.106315863197,
                    1163.8650187027279
                ],
                [
                    3000.595744792505,
                    1240.3012148712503
                ],
                [
                    3007.0923302246997,
                    1279.576026802246
                ],
                [
                    3021.283189240564,
                    1383.0857883940973
                ],
                [
                    3034.8465143201224,
                    1490.2503772418693
                ],
                [
                    3047.312665908345,
                    1567.16978298082
                ],
                [
                    3049.914016716429,
                    1595.7911905512697
                ],
                [
                    3045.1816798424256,
                    1616.4000609837617
                ],
                [
                    3038.277385658861,
                    1627.2876018116906
                ],
                [
                    3026.0620959494777,
                    1638.7062421922014
                ],
                [
                    3009.5980098194386,
                    1645.6105363757658
                ],
                [
                    2984.9018806243803,
                    1646.4071857046388
                ],
                [
                    2919.5885612147163,
                    1643.5915849094765
                ],
                [
                    2300.9323380519086,
                    1632.1645088141097
                ],
                [
                    1832.2207641953926,
                    1615.4925743394774
                ],
                [
                    1703.1964809975268,
                    1613.6978153951788
                ],
                [
                    1573.8301625825736,
                    1606.7517576456464
                ],
                [
                    1545.0511732107602,
                    1606.3358342901317
                ],
                [
                    1518.4626050477716,
                    1610.4034154303758
                ],
                [
                    1494.583883491134,
                    1612.644245505085
                ],
                [
                    1289.0417382303976,
                    1614.6280506127516
                ],
                [
                    1103.9851798572063,
                    1614.9581124104916
                ],
                [
                    958.5633757563303,
                    1608.6974124944497
                ],
                [
                    937.4800915946194,
                    1605.0854416015804
                ],
                [
                    917.0598781093726,
                    1596.9562914495866
                ],
                [
                    903.1343624515118,
                    1585.2151704047237
                ],
                [
                    885.6592055475295,
                    1566.9208655208672
                ],
                [
                    880.7418538200274,
                    1554.794730846828
                ],
                [
                    872.3600686942353,
                    1524.4913538535802
                ],
                [
                    871.7153159922514,
                    1509.0172890059644
                ],
                [
                    870.4258105882834,
                    1502.5697619861244
                ],
                [
                    883.326056647745,
                    1441.2258745580768
                ],
                [
                    895.4871517794667,
                    1404.4388183375902
                ],
                [
                    904.2490476111599,
                    1382.0959839667728
                ],
                [
                    910.8204694849296,
                    1349.6769693895085
                ],
                [
                    918.6772740943387,
                    1284.7386313374138
                ],
                [
                    921.8921688825087,
                    1239.0156832389962
                ],
                [
                    933.6801164391321,
                    1196.1504193967298
                ],
                [
                    948.9583215810123,
                    1144.8428709662471
                ],
                [
                    960.2446355412679,
                    1081.8579575751428
                ],
                [
                    962.7931580484225,
                    1066.930897176095
                ],
                [
                    993.7105188481833,
                    943.2772071665071
                ],
                [
                    1042.6697648293602,
                    798.1763781388988
                ],
                [
                    1076.4554910286254,
                    716.4831091251215
                ],
                [
                    1106.2442379644424,
                    645.2138225744362
                ],
                [
                    1126.2337525852502,
                    612.7780063972762
                ],
                [
                    1126.2337525852502,
                    612.7780063972762
                ],
                [
                    1131.1368410771468,
                    598.8230622280328
                ],
                [
                    1131.8911623835922,
                    591.2798491635768
                ],
                [
                    1139.5866825220278,
                    566.622191826428
                ],
                [
                    1139.2791560227809,
                    551.8609198625793
                ],
                [
                    1138.9716295235341,
                    544.787810379902
                ],
                [
                    1146.9673185039521,
                    526.0286939258442
                ],
                [
                    1153.1178484888892,
                    518.0330049454262
                ]
            ]
        }
    ]
}