{
    "IMAGE_INFO": {
        "FILE_NAME": "102937@4_06001_220809_P1_T1.jpg",
        "DATE": "2022-08-09 14:39:01",
        "RESOLUTION": "4000 x 2250",
        "IMAGE_PHOTOGRAPHER": "황서현",
        "FOCUS_DISTANCE": "4.6",
        "EXPOSURE_TIME": "0.01667",
        "SENSITIVITY_ISO": null,
        "PLACE": "주택가분리수거장",
        "REGION_NAME": null,
        "Direction": "4",
        "HEIGHT": null,
        "DAY/NIGHT": "주간",
        "WEATHER": "비",
        "IMAGE_HEIGHT": 2250,
        "IMAGE_WIDTH": 4000,
        "IMAGE_SIZE": "4.0 MB"
    },
    "ANNOTATION_INFO": [
        {
            "ID": "1",
            "CLASS": "비닐",
            "DETAILS": "비닐",
            "DAMAGE": "찢어짐",
            "DIRTINESS": "이물질(외부)",
            "COVER": "없음",
            "TRANSPARENCY": "불투명",
            "SHAPE": "봉지형",
            "SHAPE_TYPE": "POLYGON",
            "POINTS": [
                [
                    1244.1859339962618,
                    1446.624604762445
                ],
                [
                    1247.0082693981308,
                    1462.4296830129122
                ],
                [
                    1260.555479327103,
                    1477.6702941830058
                ],
                [
                    1287.0854321046727,
                    1486.137300388613
                ],
                [
                    1380.786967446729,
                    1494.6043065942208
                ],
                [
                    1752.7685296194104,
                    1530.0810238543081
                ],
                [
                    1895.676479411976,
                    1561.1479694613881
                ],
                [
                    1917.0781530524087,
                    1559.0768397542495
                ],
                [
                    1943.3124626761648,
                    1554.934580339972
                ],
                [
                    1954.3584877809042,
                    1549.4115677876023
                ],
                [
                    1965.4045128856433,
                    1543.8885552352326
                ],
                [
                    1993.709952216538,
                    1550.1019443566486
                ],
                [
                    2013.7308727188783,
                    1555.624956909018
                ],
                [
                    2032.371040083126,
                    1561.1479694613881
                ],
                [
                    2046.8689480330963,
                    1561.1479694613881
                ],
                [
                    2320.566479698412,
                    1548.2126534311021
                ],
                [
                    2399.605662581288,
                    1539.7704729768998
                ],
                [
                    2431.2076802167735,
                    1542.0424149554096
                ],
                [
                    2463.3557151833447,
                    1540.350413115064
                ],
                [
                    2487.8897418683596,
                    1527.6603993124702
                ],
                [
                    2499.310754290694,
                    1506.0873758480604
                ],
                [
                    2504.3867598117317,
                    1503.5493730875417
                ],
                [
                    2507.347763032337,
                    1493.820362505553
                ],
                [
                    2482.3364872220227,
                    1252.9832758755078
                ],
                [
                    2471.7363406985874,
                    1156.9670942905236
                ],
                [
                    2466.0239678208313,
                    1079.1909404933874
                ],
                [
                    2442.2050861065636,
                    844.1002412743564
                ],
                [
                    2430.7380607363016,
                    751.9978771388754
                ],
                [
                    2427.4504530342247,
                    722.6623007203465
                ],
                [
                    2423.0952401100008,
                    697.5911592761544
                ],
                [
                    2419.6585406732147,
                    676.3265815110442
                ],
                [
                    2417.1682653713115,
                    655.457255523863
                ],
                [
                    2416.6209624629887,
                    634.6597450076007
                ],
                [
                    2414.379113775461,
                    596.7082229417064
                ],
                [
                    2413.9747797961386,
                    524.9475311444924
                ],
                [
                    2412.440282303355,
                    406.6177338266711
                ],
                [
                    2408.6853570481894,
                    377.8299735370685
                ],
                [
                    2404.5132178757835,
                    366.14798385433124
                ],
                [
                    2394.099199630735,
                    344.04663345226913
                ],
                [
                    2380.633549825822,
                    337.66816775520516
                ],
                [
                    2368.5853368424787,
                    330.93534285274876
                ],
                [
                    2359.726356707668,
                    330.58098364735633
                ],
                [
                    2352.9935318052117,
                    331.28970205814113
                ],
                [
                    2347.6781437243244,
                    328.45482841500166
                ],
                [
                    2339.527882000299,
                    329.16354682578657
                ],
                [
                    2298.422214174775,
                    341.2117598091296
                ],
                [
                    2261.2144976085683,
                    340.50304139834475
                ],
                [
                    2223.2980626315775,
                    345.10971106844653
                ],
                [
                    2154.198017580051,
                    346.8815070954087
                ],
                [
                    2091.206304250083,
                    347.77036925277105
                ],
                [
                    2025.3682916022444,
                    350.7801069738151
                ],
                [
                    1959.2725793104853,
                    354.8655381059458
                ],
                [
                    1884.156855347869,
                    358.56166012463734
                ],
                [
                    1823.0753433927287,
                    356.41844917884293
                ],
                [
                    1788.5160668917938,
                    355.0789423377214
                ],
                [
                    1753.6888890226353,
                    355.0789423377214
                ],
                [
                    1690.8044222914548,
                    354.6939359234189
                ],
                [
                    1563.4368947870269,
                    350.0358805162083
                ],
                [
                    1513.2342640332668,
                    350.0358805162083
                ],
                [
                    1489.4540705183276,
                    359.0950018552327
                ],
                [
                    1480.7724125684292,
                    365.1344160812489
                ],
                [
                    1473.600608175035,
                    373.06114725289524
                ],
                [
                    1469.071047505523,
                    383.2526587592977
                ],
                [
                    1467.9386573381448,
                    388.1596828179359
                ],
                [
                    1467.1837305598926,
                    402.1258282155984
                ],
                [
                    1466.8062671707667,
                    414.58212005675693
                ],
                [
                    1466.428803781641,
                    427.41587528704156
                ],
                [
                    1443.55276352992,
                    570.8814884499343
                ],
                [
                    1352.6639949764287,
                    975.2872048191034
                ],
                [
                    1341.7838733726112,
                    1036.8056358402214
                ],
                [
                    1332.9619219833862,
                    1089.737344175571
                ],
                [
                    1312.7233276198701,
                    1152.0099422171588
                ],
                [
                    1279.3462833285987,
                    1285.6646016436887
                ]
            ]
        }
    ]
}