{
    "IMAGE_INFO": {
        "FILE_NAME": "102936@4_06001_220809_P1_T1.jpg",
        "DATE": "2022-08-09 14:38:42",
        "RESOLUTION": "4000 x 2250",
        "IMAGE_PHOTOGRAPHER": "황서현",
        "FOCUS_DISTANCE": "4.6",
        "EXPOSURE_TIME": "0.01667",
        "SENSITIVITY_ISO": null,
        "PLACE": "주택가분리수거장",
        "REGION_NAME": null,
        "Direction": "4",
        "HEIGHT": null,
        "DAY/NIGHT": "주간",
        "WEATHER": "비",
        "IMAGE_HEIGHT": 2250,
        "IMAGE_WIDTH": 4000,
        "IMAGE_SIZE": "3.1 MB"
    },
    "ANNOTATION_INFO": [
        {
            "ID": "1",
            "CLASS": "비닐",
            "DETAILS": "비닐",
            "DAMAGE": "찢어짐",
            "DIRTINESS": "오염없음",
            "COVER": "없음",
            "TRANSPARENCY": "불투명",
            "SHAPE": "봉지형",
            "SHAPE_TYPE": "POLYGON",
            "POINTS": [
                [
                    1482.412268859813,
                    345.1898876932864
                ],
                [
                    1502.168616672897,
                    331.78379453440783
                ],
                [
                    1535.3310576448598,
                    319.08328522599663
                ],
                [
                    1549.4427346542057,
                    315.5553659736602
                ],
                [
                    1588.2498464299067,
                    317.6721175250621
                ],
                [
                    1670.8031569345796,
                    303.56044051571627
                ],
                [
                    1727.95544882243,
                    292.9766827587069
                ],
                [
                    1774.5239829532713,
                    292.9766827587069
                ],
                [
                    1835.9097779439255,
                    298.6213535624452
                ],
                [
                    1871.8945543177572,
                    297.91576971197793
                ],
                [
                    1914.0126551376084,
                    306.7265835138236
                ],
                [
                    2015.1719996297963,
                    334.5334175448515
                ],
                [
                    2083.549429477226,
                    348.70338864684015
                ],
                [
                    2186.571198850888,
                    363.7698134169014
                ],
                [
                    2303.75752375309,
                    381.45452874484226
                ],
                [
                    2318.2834122422228,
                    390.1700618383219
                ],
                [
                    2334.054376887566,
                    402.62082340043565
                ],
                [
                    2346.50513844968,
                    421.2969657436062
                ],
                [
                    2356.8807730847752,
                    437.0679303889503
                ],
                [
                    2356.465747699371,
                    446.19848886783376
                ],
                [
                    2364.2911210654242,
                    544.3901482896628
                ],
                [
                    2375.193226358956,
                    641.1010850380019
                ],
                [
                    2379.235058697551,
                    699.4831077065907
                ],
                [
                    2380.5135102849945,
                    736.8873506787124
                ],
                [
                    2386.0061765136056,
                    777.4720511456738
                ],
                [
                    2398.7120519337614,
                    877.9523957170766
                ],
                [
                    2412.044644646534,
                    994.4361739236411
                ],
                [
                    2415.2058058985303,
                    1028.0235122261056
                ],
                [
                    2423.566589023292,
                    1092.9578175881322
                ],
                [
                    2436.4542119112375,
                    1168.028220910415
                ],
                [
                    2463.975057251803,
                    1313.611033483892
                ],
                [
                    2479.18711516161,
                    1365.6242175723291
                ],
                [
                    2496.598616065978,
                    1432.0721904114503
                ],
                [
                    2509.173016106924,
                    1500.4704878640039
                ],
                [
                    2509.424519481032,
                    1511.5366363247647
                ],
                [
                    2499.6158878908127,
                    1510.530622828332
                ],
                [
                    2494.8373237827564,
                    1510.0276160801154
                ],
                [
                    2488.0467326818352,
                    1514.554676814063
                ],
                [
                    2482.0106517032377,
                    1517.8242206774698
                ],
                [
                    2477.7350943433985,
                    1518.0757240515782
                ],
                [
                    2468.429469501395,
                    1517.5727173033617
                ],
                [
                    2461.387375026365,
                    1515.3091869363875
                ],
                [
                    2451.8302468102543,
                    1513.045656569414
                ],
                [
                    2446.2971725798734,
                    1513.8001666917385
                ],
                [
                    2439.2550781048435,
                    1510.530622828332
                ],
                [
                    2428.4516278454057,
                    1500.1177132251426
                ],
                [
                    2420.3253359985865,
                    1494.2487246691067
                ],
                [
                    2408.587358886515,
                    1493.3458033527934
                ],
                [
                    2393.2376965091903,
                    1496.5060279598897
                ],
                [
                    2386.9172472949977,
                    1499.2147919088293
                ],
                [
                    2382.8541013715885,
                    1500.1177132251426
                ],
                [
                    2379.693876764492,
                    1499.6662525669858
                ],
                [
                    2376.5336521573954,
                    1497.4089492762027
                ],
                [
                    2372.0190455758298,
                    1497.8604099343593
                ],
                [
                    2365.698596361637,
                    1499.2147919088293
                ],
                [
                    2353.509158591409,
                    1492.8943426946369
                ],
                [
                    2349.4460126679996,
                    1490.1855787456973
                ],
                [
                    2341.771181479337,
                    1490.1855787456973
                ],
                [
                    2329.5817437091087,
                    1495.6031066435762
                ],
                [
                    2318.74668791335,
                    1496.957488618046
                ],
                [
                    2310.620396066531,
                    1497.4089492762027
                ],
                [
                    2294.8192730310498,
                    1495.6031066435762
                ],
                [
                    2265.474330250871,
                    1494.2487246691067
                ],
                [
                    2257.3480384040513,
                    1489.282657429384
                ],
                [
                    2247.415903924606,
                    1488.8311967712273
                ],
                [
                    2239.2896120777873,
                    1491.08850006201
                ],
                [
                    2231.1633202309686,
                    1491.9914213783234
                ],
                [
                    2186.012804819061,
                    1490.0880054565707
                ],
                [
                    2145.271608139867,
                    1495.4802226641111
                ],
                [
                    2072.776243460713,
                    1518.2473619848374
                ],
                [
                    2034.431587762648,
                    1530.2300668904827
                ],
                [
                    2017.0566656494625,
                    1526.6352554187893
                ],
                [
                    1990.0955796117603,
                    1514.0534152678615
                ],
                [
                    1961.7381996246943,
                    1506.8030341438698
                ],
                [
                    1940.97616247484,
                    1510.4669230526679
                ],
                [
                    1923.8780142337837,
                    1506.8030341438698
                ],
                [
                    1912.8863475073904,
                    1496.422015568943
                ],
                [
                    1903.7266252353959,
                    1489.7048859028137
                ],
                [
                    1893.3456066604688,
                    1488.4835895998813
                ],
                [
                    1831.0594952109063,
                    1503.7497933865386
                ],
                [
                    1801.7483839405243,
                    1501.9178489321396
                ],
                [
                    1789.535420911198,
                    1503.7497933865386
                ],
                [
                    1773.6585689730744,
                    1509.2456267497355
                ],
                [
                    1765.7201430040127,
                    1513.5201638099993
                ],
                [
                    1732.1344946733661,
                    1512.2988675070667
                ],
                [
                    1658.6741296908478,
                    1517.0976770165205
                ],
                [
                    1573.407756209926,
                    1519.587206169248
                ],
                [
                    1507.4352336626432,
                    1515.8529124401566
                ],
                [
                    1456.2677943712902,
                    1511.1171943049262
                ],
                [
                    1419.7297005530488,
                    1504.689196318384
                ],
                [
                    1367.2907696102031,
                    1501.982670850366
                ],
                [
                    1334.474148310487,
                    1493.8630944463123
                ],
                [
                    1322.633099387909,
                    1484.051939624748
                ],
                [
                    1298.5337748357485,
                    1477.0772555389271
                ],
                [
                    1281.005591855172,
                    1458.9743780343972
                ],
                [
                    1264.0521033985483,
                    1444.0323204116103
                ],
                [
                    1249.9720875616918,
                    1428.5155682648701
                ],
                [
                    1248.248003989832,
                    1425.0674011211502
                ],
                [
                    1244.512489584135,
                    1423.3433175492903
                ],
                [
                    1234.1679881529749,
                    1412.424121594177
                ],
                [
                    1261.6282791304131,
                    1333.5229954995525
                ],
                [
                    1330.3962446657836,
                    1110.4467747238145
                ],
                [
                    1419.1345478096605,
                    701.1425545392425
                ],
                [
                    1460.2452993808802,
                    460.4142821844175
                ]
            ]
        }
    ]
}