{
    "IMAGE_INFO": {
        "FILE_NAME": "102928@3_06001_220809_P1_T1.jpg",
        "DATE": "2022-08-09 14:39:37",
        "RESOLUTION": "4000 x 2250",
        "IMAGE_PHOTOGRAPHER": "황서현",
        "FOCUS_DISTANCE": "4.6",
        "EXPOSURE_TIME": "0.01667",
        "SENSITIVITY_ISO": null,
        "PLACE": "주택가분리수거장",
        "REGION_NAME": null,
        "Direction": "3",
        "HEIGHT": null,
        "DAY/NIGHT": "주간",
        "WEATHER": "비",
        "IMAGE_HEIGHT": 2250,
        "IMAGE_WIDTH": 4000,
        "IMAGE_SIZE": "3.8 MB"
    },
    "ANNOTATION_INFO": [
        {
            "ID": "1",
            "CLASS": "비닐",
            "DETAILS": "비닐",
            "DAMAGE": "찢어짐",
            "DIRTINESS": "오염없음",
            "COVER": "없음",
            "TRANSPARENCY": "불투명",
            "SHAPE": "봉지형",
            "SHAPE_TYPE": "POLYGON",
            "POINTS": [
                [
                    1226.4568382227822,
                    1682.9121896364925
                ],
                [
                    1325.182743802181,
                    1712.0236746150333
                ],
                [
                    1570.7317910124816,
                    1729.7437089497976
                ],
                [
                    1682.114863973855,
                    1738.6037261171793
                ],
                [
                    1861.8466407978894,
                    1718.3522583060205
                ],
                [
                    2150.8245232975155,
                    1692.379698994452
                ],
                [
                    2327.1297971311897,
                    1684.8544738917951
                ],
                [
                    2438.9331415135193,
                    1679.4793131041831
                ],
                [
                    2578.687321991432,
                    1688.0795703643623
                ],
                [
                    2757.1426601401504,
                    1688.0795703643623
                ],
                [
                    2875.396197467615,
                    1688.0795703643626
                ],
                [
                    2887.2215512003613,
                    1684.8544738917954
                ],
                [
                    2876.4712296251373,
                    1585.951515399734
                ],
                [
                    2860.3457472623013,
                    1584.8764832422119
                ],
                [
                    2845.2952970569877,
                    1571.976097351943
                ],
                [
                    2775.4182068180307,
                    1567.6759687218535
                ],
                [
                    2844.220264899465,
                    1562.3008079342414
                ],
                [
                    2852.8205221596445,
                    1558.0006793041516
                ],
                [
                    2871.0960688375258,
                    1554.7755828315842
                ],
                [
                    2824.869686064062,
                    1444.047270606777
                ],
                [
                    2791.543689180867,
                    1401.0459843058807
                ],
                [
                    2750.692467195016,
                    1277.4172861908041
                ],
                [
                    2737.792081304747,
                    1286.0175434509836
                ],
                [
                    2698.0158914764183,
                    1107.5622053022644
                ],
                [
                    2621.688608292328,
                    959.2077675641726
                ],
                [
                    2564.7119039436398,
                    868.9050663322909
                ],
                [
                    2529.235842745401,
                    838.8041659216635
                ],
                [
                    2533.53597137549,
                    770.0021078402295
                ],
                [
                    2498.0599101772514,
                    705.5001783888854
                ],
                [
                    2491.609717232117,
                    616.2725093145258
                ],
                [
                    2470.1090740816685,
                    534.5700653428231
                ],
                [
                    2384.1065014798764,
                    400.1910456525227
                ],
                [
                    2373.3561799046524,
                    349.66453424896963
                ],
                [
                    2348.6304402816368,
                    299.1380228454167
                ],
                [
                    2319.604572028532,
                    293.7628620578046
                ],
                [
                    2230.3769029541722,
                    319.5636338383424
                ],
                [
                    2180.925423708142,
                    323.863762468432
                ],
                [
                    2140.0742017222906,
                    337.8391805162233
                ],
                [
                    2007.8452463470348,
                    342.1393091463128
                ],
                [
                    1978.81937809393,
                    321.71369815338716
                ],
                [
                    1875.6162909717793,
                    302.36311931798394
                ],
                [
                    1837.9901654584949,
                    238.93622202416205
                ],
                [
                    1785.313589739897,
                    193.7848714082211
                ],
                [
                    1711.1363708708514,
                    161.533906682549
                ],
                [
                    1598.2579943309988,
                    157.23377805245937
                ],
                [
                    1583.2075441256852,
                    166.909067470161
                ],
                [
                    1542.3563221398338,
                    146.4834564772353
                ],
                [
                    1498.2800036814156,
                    165.8340353126386
                ],
                [
                    1488.6047142637135,
                    186.25964630556425
                ],
                [
                    1483.2295534761015,
                    227.1108682914156
                ],
                [
                    1481.0794891610567,
                    270.11215459231175
                ],
                [
                    1448.8285244353847,
                    369.0151130843729
                ],
                [
                    1418.7276240247575,
                    494.7938755144943
                ],
                [
                    1384.3265949840404,
                    592.621801849033
                ],
                [
                    1369.2761447787268,
                    657.1237313003771
                ],
                [
                    1372.501241251294,
                    742.0512717446471
                ],
                [
                    1314.4495047450841,
                    892.5557737977837
                ],
                [
                    1289.723765122069,
                    975.3332499270089
                ],
                [
                    1267.1480898140985,
                    1265.591932458058
                ],
                [
                    1256.3977682388745,
                    1452.6475278669561
                ],
                [
                    1247.7975109786953,
                    1552.6255185165398
                ],
                [
                    1231.6720286158593,
                    1620.352544440451
                ],
                [
                    1219.8466748831129,
                    1679.4793131041833
                ],
                [
                    1221.2233979275397,
                    1680.2448815544794
                ],
                [
                    1223.0717713556803,
                    1681.6293774192284
                ],
                [
                    1225.2218356707249,
                    1681.6293774192284
                ]
            ]
        }
    ]
}