{
    "IMAGE_INFO": {
        "FILE_NAME": "102967@2_06001_220809_P1_T1.jpg",
        "DATE": "2022-08-09 14:38:53",
        "RESOLUTION": "4000 x 2250",
        "IMAGE_PHOTOGRAPHER": "황서현",
        "FOCUS_DISTANCE": "4.6",
        "EXPOSURE_TIME": "0.01667",
        "SENSITIVITY_ISO": null,
        "PLACE": "주택가분리수거장",
        "REGION_NAME": null,
        "Direction": "2",
        "HEIGHT": null,
        "DAY/NIGHT": "주간",
        "WEATHER": "비",
        "IMAGE_HEIGHT": 2250,
        "IMAGE_WIDTH": 4000,
        "IMAGE_SIZE": "2.9 MB"
    },
    "ANNOTATION_INFO": [
        {
            "ID": "1",
            "CLASS": "비닐",
            "DETAILS": "비닐",
            "DAMAGE": "찢어짐",
            "DIRTINESS": "이물질(외부)",
            "COVER": "없음",
            "TRANSPARENCY": "불투명",
            "SHAPE": "봉지형",
            "SHAPE_TYPE": "POLYGON",
            "POINTS": [
                [
                    1122.5647096822431,
                    607.5741341231931
                ],
                [
                    1128.2093804859812,
                    589.9345378615106
                ],
                [
                    1143.7322251962619,
                    578.645196254034
                ],
                [
                    1171.955579214953,
                    570.1781900484266
                ],
                [
                    1236.1637096074767,
                    573.0005254502958
                ],
                [
                    1251.686554317757,
                    569.4726061979593
                ],
                [
                    1315.8946847102804,
                    575.8228608521649
                ],
                [
                    1372.3413927476638,
                    577.2340285530994
                ],
                [
                    1452.252735403462,
                    579.6022976040427
                ],
                [
                    1496.2003179237647,
                    582.5987236849725
                ],
                [
                    1554.6306265018945,
                    589.590384540475
                ],
                [
                    1617.0663191572469,
                    593.2046460003062
                ],
                [
                    1650.3210404965712,
                    594.222647673959
                ],
                [
                    1720.2238220873953,
                    590.1506409793479
                ],
                [
                    1835.662794302099,
                    589.1418830866522
                ],
                [
                    1871.9775155249308,
                    590.5829434526378
                ],
                [
                    1919.2442955292515,
                    591.4475796722289
                ],
                [
                    1945.6692220096838,
                    590.7266683092631
                ],
                [
                    1967.66524593418,
                    587.3426646285714
                ],
                [
                    2051.4193370312996,
                    587.0606643218472
                ],
                [
                    2208.2672268023052,
                    587.2559555604876
                ],
                [
                    2241.147981969254,
                    586.7960848588518
                ],
                [
                    2257.47339187732,
                    589.5553090686657
                ],
                [
                    2294.6883975568508,
                    594.2964835045042
                ],
                [
                    2372.0251380556983,
                    595.7026060590288
                ],
                [
                    2548.870755457247,
                    591.0550197781602
                ],
                [
                    2620.28901966375,
                    583.6504505794927
                ],
                [
                    2644.421329526507,
                    581.1231117247432
                ],
                [
                    2656.61759120875,
                    579.6511491079209
                ],
                [
                    2663.136282797535,
                    578.1791864910984
                ],
                [
                    2683.6579693470676,
                    568.4382427004442
                ],
                [
                    2698.231803778469,
                    562.4372520522201
                ],
                [
                    2708.947858507441,
                    560.508362201005
                ],
                [
                    2715.3774913448246,
                    561.3656465793229
                ],
                [
                    2727.5937937358526,
                    565.0091051871732
                ],
                [
                    2744.5507697747043,
                    583.5254191273152
                ],
                [
                    2745.2060881586035,
                    590.9523608115077
                ],
                [
                    2746.2982854651023,
                    596.6317868053019
                ],
                [
                    2749.3564379232994,
                    600.563697108698
                ],
                [
                    2751.977711458897,
                    607.5537598702908
                ],
                [
                    2752.8514693040956,
                    615.8544593996824
                ],
                [
                    2755.0358639170936,
                    620.6601275482774
                ],
                [
                    2755.254303378393,
                    627.86862977117
                ],
                [
                    2755.472742839693,
                    636.824647684461
                ],
                [
                    2756.637109468578,
                    653.7993474101943
                ],
                [
                    2755.523924638439,
                    660.7567525985651
                ],
                [
                    2758.306886713787,
                    672.166897107493
                ],
                [
                    2765.2642919021578,
                    686.6382998993041
                ],
                [
                    2768.325550185041,
                    697.7701482006973
                ],
                [
                    2790.601724147085,
                    751.084961898135
                ],
                [
                    2798.5437536785184,
                    772.0746113740657
                ],
                [
                    2803.0820562679087,
                    781.1512165528468
                ],
                [
                    2805.3512075626045,
                    791.0787534671383
                ],
                [
                    2810.1731540638316,
                    800.1553586459193
                ],
                [
                    2811.307729711179,
                    812.0684029430693
                ],
                [
                    2814.851236372975,
                    824.9400166212241
                ],
                [
                    2819.9103879694308,
                    840.8402073529427
                ],
                [
                    2820.6331239117817,
                    853.1267183729071
                ],
                [
                    2824.608171594711,
                    864.3291254793454
                ],
                [
                    2828.9445872488163,
                    873.0019567875556
                ],
                [
                    2831.7119697591747,
                    886.2363995916043
                ],
                [
                    2834.0250538713244,
                    894.2270537972117
                ],
                [
                    2836.7586987311374,
                    908.946679965436
                ],
                [
                    2842.971461677882,
                    929.7504142813498
                ],
                [
                    2850.4231662055263,
                    949.4500506981091
                ],
                [
                    2853.3006034856394,
                    960.9597998185602
                ],
                [
                    2855.698467885733,
                    972.4695489390111
                ],
                [
                    2862.750127156835,
                    996.4363111957385
                ],
                [
                    2867.027024703924,
                    1017.2098135673145
                ],
                [
                    2870.081951523274,
                    1036.7613452111507
                ],
                [
                    2869.48811478485,
                    1054.755928346325
                ],
                [
                    2870.5346045044757,
                    1085.4529601220258
                ],
                [
                    2876.9464400184947,
                    1112.4105675986618
                ],
                [
                    2879.0492437568128,
                    1123.1348666640822
                ],
                [
                    2880.1006456259715,
                    1135.7516890939887
                ],
                [
                    2879.985631285817,
                    1158.4596662335052
                ],
                [
                    2880.5045696028305,
                    1172.4710007928625
                ],
                [
                    2880.3018418876536,
                    1189.7531021781008
                ],
                [
                    2883.9848552482504,
                    1225.259020770886
                ],
                [
                    2883.4559450789616,
                    1256.4647207589285
                ],
                [
                    2883.4559450789616,
                    1272.8609360068829
                ],
                [
                    2883.9848552482504,
                    1282.3813190540823
                ],
                [
                    2895.0919688033164,
                    1312.0002885342583
                ],
                [
                    2901.438890834783,
                    1333.1566953058123
                ],
                [
                    2901.967801004072,
                    1339.5036173372787
                ],
                [
                    2901.967801004072,
                    1349.0240003844779
                ],
                [
                    2899.8521603269164,
                    1359.6022037702548
                ],
                [
                    2903.2081733623418,
                    1374.6115904354801
                ],
                [
                    2932.9650382572995,
                    1429.5971016544238
                ],
                [
                    2946.549693970215,
                    1444.4755341019027
                ],
                [
                    2942.021475399243,
                    1464.5290734876348
                ],
                [
                    2935.5525917264263,
                    1477.4668408332684
                ],
                [
                    2915.468591247247,
                    1516.540012396906
                ],
                [
                    2911.512677899173,
                    1520.9354716725436
                ],
                [
                    2899.644937854951,
                    1530.1659361513828
                ],
                [
                    2896.1285704344405,
                    1535.4404872821483
                ],
                [
                    2890.4144733761113,
                    1546.8686813988065
                ],
                [
                    2869.3162688530506,
                    1559.175967370592
                ],
                [
                    2831.075773155002,
                    1572.8018911250692
                ],
                [
                    2650.8674916253817,
                    1611.4104925873198
                ],
                [
                    2577.038379397967,
                    1621.0871238015927
                ],
                [
                    2526.1464670858663,
                    1619.6535488068855
                ],
                [
                    2489.9486984695122,
                    1625.387848785714
                ],
                [
                    2443.3575111415325,
                    1624.3126675396834
                ],
                [
                    2352.9101311663185,
                    1611.9914776951596
                ],
                [
                    2317.141855100544,
                    1610.939469575578
                ],
                [
                    2234.7345523999857,
                    1617.2515182930674
                ],
                [
                    1859.932465834134,
                    1621.4196195729587
                ],
                [
                    1481.2304872369637,
                    1619.392325450015
                ],
                [
                    1442.5559488574968,
                    1618.7880357878362
                ],
                [
                    1345.2653132466503,
                    1628.4566703827024
                ],
                [
                    1217.155904864666,
                    1633.290987680136
                ],
                [
                    1061.2491720224398,
                    1636.3124359910319
                ],
                [
                    1053.9976960762897,
                    1629.6652497070609
                ],
                [
                    1058.832013373723,
                    1629.060960044882
                ],
                [
                    1066.0834893198733,
                    1626.0395117339858
                ],
                [
                    1062.4577513467982,
                    1623.6223530852692
                ],
                [
                    1044.2858860312065,
                    1619.6421655668757
                ],
                [
                    1025.890957797181,
                    1608.4738162819315
                ],
                [
                    1014.5036212713559,
                    1591.1738242523124
                ],
                [
                    1012.970710585187,
                    1577.5966153176746
                ],
                [
                    1011.4826950163598,
                    1567.7142174143482
                ],
                [
                    1015.6676063602035,
                    1540.9307848137487
                ],
                [
                    1029.6716033573507,
                    1437.0487402568315
                ],
                [
                    1030.0270473627306,
                    1413.2339918963808
                ],
                [
                    1028.960715346591,
                    1405.4142237780238
                ],
                [
                    1027.5389393250716,
                    1402.2152277296052
                ],
                [
                    1036.6354222735401,
                    1313.103415631103
                ],
                [
                    1057.4842280168443,
                    1187.6746600630772
                ],
                [
                    1062.4689084279303,
                    1115.6737207918372
                ],
                [
                    1070.2228557340636,
                    1058.0729693748453
                ],
                [
                    1072.7093465389921,
                    1046.8380480874116
                ],
                [
                    1075.5318273122289,
                    1038.9978237173093
                ],
                [
                    1082.431224757919,
                    1028.0215095991664
                ],
                [
                    1083.902726800025,
                    975.851080627456
                ],
                [
                    1085.181267778913,
                    922.4719947588868
                ],
                [
                    1088.402531523132,
                    851.0029500012364
                ],
                [
                    1093.2031075814753,
                    784.3249894470745
                ],
                [
                    1099.8438557784843,
                    750.8998901887945
                ],
                [
                    1111.1143684320505,
                    677.7567079108381
                ],
                [
                    1122.2865557975113,
                    616.0876156075294
                ]
            ]
        }
    ]
}