{
    "IMAGE_INFO": {
        "FILE_NAME": "268860@5_08001_220825_P1_T1.jpg",
        "DATE": "2022-08-25 14:28:16",
        "RESOLUTION": "4032 x 2268",
        "IMAGE_PHOTOGRAPHER": "김태진",
        "FOCUS_DISTANCE": "5.4",
        "EXPOSURE_TIME": "0.01667",
        "SENSITIVITY_ISO": null,
        "PLACE": "주택가분리수거장",
        "REGION_NAME": null,
        "Direction": "5",
        "HEIGHT": null,
        "DAY/NIGHT": "주간",
        "WEATHER": "비",
        "IMAGE_HEIGHT": 2268,
        "IMAGE_WIDTH": 4032,
        "IMAGE_SIZE": "2.8 MB"
    },
    "ANNOTATION_INFO": [
        {
            "ID": "1",
            "CLASS": "건전지",
            "DETAILS": "건전지",
            "DAMAGE": "원형",
            "DIRTINESS": "오염없음",
            "COVER": "없음",
            "TRANSPARENCY": "불투명",
            "SHAPE": "원통형",
            "SHAPE_TYPE": "BOX",
            "POINTS": [
                [
                    1840.876651982379,
                    419.3801762114537,
                    561.5048458149781,
                    1614.5762114537445
                ]
            ]
        }
    ]
}