{
    "IMAGE_INFO": {
        "FILE_NAME": "268966@3_08001_220825_P1_T1.jpg",
        "DATE": "2022-08-25 14:38:18",
        "RESOLUTION": "4032 x 2268",
        "IMAGE_PHOTOGRAPHER": "김태진",
        "FOCUS_DISTANCE": "5.4",
        "EXPOSURE_TIME": "0.01667",
        "SENSITIVITY_ISO": null,
        "PLACE": "주택가분리수거장",
        "REGION_NAME": null,
        "Direction": "3",
        "HEIGHT": null,
        "DAY/NIGHT": "주간",
        "WEATHER": "비",
        "IMAGE_HEIGHT": 2268,
        "IMAGE_WIDTH": 4032,
        "IMAGE_SIZE": "2.8 MB"
    },
    "ANNOTATION_INFO": [
        {
            "ID": "1",
            "CLASS": "건전지",
            "DETAILS": "건전지",
            "DAMAGE": "원형",
            "DIRTINESS": "오염없음",
            "COVER": "없음",
            "TRANSPARENCY": "불투명",
            "SHAPE": "원통형",
            "SHAPE_TYPE": "POLYGON",
            "POINTS": [
                [
                    1917.751898734177,
                    768.5601119801969
                ],
                [
                    1906.8149711392402,
                    413.29599856247523
                ],
                [
                    1971.3417721518986,
                    343.6689727396904
                ],
                [
                    2059.3822784810122,
                    301.5626436257664
                ],
                [
                    2116.9117731645565,
                    300.4081646384245
                ],
                [
                    2189.5291139240508,
                    324.52973223336124
                ],
                [
                    2235.4632911392405,
                    358.9803651447537
                ],
                [
                    2254.6025316455693,
                    401.08669425867777
                ],
                [
                    2266.086075949367,
                    450.8487195751335
                ],
                [
                    2403.8886075949367,
                    1782.9398588156398
                ],
                [
                    2334.987341772152,
                    1840.3575803346273
                ],
                [
                    2269.9139240506324,
                    1867.1525170434882
                ],
                [
                    2162.73417721519,
                    1886.291757549817
                ],
                [
                    2059.3822784810122,
                    1874.8082132460195
                ],
                [
                    1990.4810126582277,
                    1844.185428435893
                ],
                [
                    1944.5468354430377,
                    1813.5626436257662
                ]
            ]
        }
    ]
}