{
    "IMAGE_INFO": {
        "FILE_NAME": "268965@4_08001_220825_P1_T1.jpg",
        "DATE": "2022-08-25 14:25:01",
        "RESOLUTION": "4032 x 2268",
        "IMAGE_PHOTOGRAPHER": "김태진",
        "FOCUS_DISTANCE": "5.4",
        "EXPOSURE_TIME": "0.01667",
        "SENSITIVITY_ISO": null,
        "PLACE": "주택가분리수거장",
        "REGION_NAME": null,
        "Direction": "4",
        "HEIGHT": null,
        "DAY/NIGHT": "주간",
        "WEATHER": "비",
        "IMAGE_HEIGHT": 2268,
        "IMAGE_WIDTH": 4032,
        "IMAGE_SIZE": "2.9 MB"
    },
    "ANNOTATION_INFO": [
        {
            "ID": "1",
            "CLASS": "건전지",
            "DETAILS": "건전지",
            "DAMAGE": "원형",
            "DIRTINESS": "오염없음",
            "COVER": "없음",
            "TRANSPARENCY": "불투명",
            "SHAPE": "원통형",
            "SHAPE_TYPE": "BOX",
            "POINTS": [
                [
                    908.5987665198239,
                    780.961321585903,
                    2348.3291629955947,
                    581.8868722466956
                ]
            ]
        }
    ]
}