{
    "IMAGE_INFO": {
        "FILE_NAME": "285415@3_08001_220825_P1_T1.jpg",
        "DATE": "2022-08-25 15:31:40",
        "RESOLUTION": "4032 x 2268",
        "IMAGE_PHOTOGRAPHER": "김봉섭",
        "FOCUS_DISTANCE": "4.2",
        "EXPOSURE_TIME": "0.00379",
        "SENSITIVITY_ISO": null,
        "PLACE": "주택가분리수거장",
        "REGION_NAME": null,
        "Direction": "3",
        "HEIGHT": null,
        "DAY/NIGHT": "주간",
        "WEATHER": "맑음",
        "IMAGE_HEIGHT": 2268,
        "IMAGE_WIDTH": 4032,
        "IMAGE_SIZE": "3.5 MB"
    },
    "ANNOTATION_INFO": [
        {
            "ID": "1",
            "CLASS": "건전지",
            "DETAILS": "건전지",
            "DAMAGE": "원형",
            "DIRTINESS": "오염없음",
            "COVER": "없음",
            "TRANSPARENCY": "불투명",
            "SHAPE": "원통형",
            "SHAPE_TYPE": "BOX",
            "POINTS": [
                [
                    1906.1184806297197,
                    370.3070460448408,
                    570.7860561852544,
                    1332.5112201335467
                ]
            ]
        }
    ]
}