{
    "IMAGE_INFO": {
        "FILE_NAME": "286692@1_08001_220825_P1_T1.jpg",
        "DATE": "2022-08-25 09:51:42",
        "RESOLUTION": "4032 x 2268",
        "IMAGE_PHOTOGRAPHER": "박영신",
        "FOCUS_DISTANCE": "4.2",
        "EXPOSURE_TIME": "0.00334",
        "SENSITIVITY_ISO": null,
        "PLACE": "주택가분리수거장",
        "REGION_NAME": null,
        "Direction": "1",
        "HEIGHT": null,
        "DAY/NIGHT": "주간",
        "WEATHER": "비",
        "IMAGE_HEIGHT": 2268,
        "IMAGE_WIDTH": 4032,
        "IMAGE_SIZE": "6.4 MB"
    },
    "ANNOTATION_INFO": [
        {
            "ID": "1",
            "CLASS": "건전지",
            "DETAILS": "건전지",
            "DAMAGE": "원형",
            "DIRTINESS": "오염없음",
            "COVER": "없음",
            "TRANSPARENCY": "불투명",
            "SHAPE": "원통형",
            "SHAPE_TYPE": "BOX",
            "POINTS": [
                [
                    1714.5593999999994,
                    672.4218164062502,
                    284.9256000000007,
                    815.5536451199998
                ]
            ]
        }
    ]
}