{
    "IMAGE_INFO": {
        "FILE_NAME": "286961@2_08001_220825_P1_T1.jpg",
        "DATE": "2022-08-25 09:44:04",
        "RESOLUTION": "4032 x 2268",
        "IMAGE_PHOTOGRAPHER": "박영신",
        "FOCUS_DISTANCE": "4.2",
        "EXPOSURE_TIME": "0.00275",
        "SENSITIVITY_ISO": null,
        "PLACE": "주택가분리수거장",
        "REGION_NAME": null,
        "Direction": "2",
        "HEIGHT": null,
        "DAY/NIGHT": "주간",
        "WEATHER": "비",
        "IMAGE_HEIGHT": 2268,
        "IMAGE_WIDTH": 4032,
        "IMAGE_SIZE": "4.1 MB"
    },
    "ANNOTATION_INFO": [
        {
            "ID": "1",
            "CLASS": "건전지",
            "DETAILS": "건전지",
            "DAMAGE": "원형",
            "DIRTINESS": "오염없음",
            "COVER": "없음",
            "TRANSPARENCY": "불투명",
            "SHAPE": "원통형",
            "SHAPE_TYPE": "BOX",
            "POINTS": [
                [
                    1608.255,
                    362.79931640625,
                    492.6824999999999,
                    1731.375
                ]
            ]
        }
    ]
}