{
    "IMAGE_INFO": {
        "FILE_NAME": "289698@2_08001_220825_P1_T1.jpg",
        "DATE": "2022-08-25 11:45:35",
        "RESOLUTION": "4624 x 2600",
        "IMAGE_PHOTOGRAPHER": "박하림",
        "FOCUS_DISTANCE": "4.7",
        "EXPOSURE_TIME": "0.03300",
        "SENSITIVITY_ISO": null,
        "PLACE": "주택가분리수거장",
        "REGION_NAME": null,
        "Direction": "2",
        "HEIGHT": null,
        "DAY/NIGHT": "주간",
        "WEATHER": "비",
        "IMAGE_HEIGHT": 2600,
        "IMAGE_WIDTH": 4624,
        "IMAGE_SIZE": "3.9 MB"
    },
    "ANNOTATION_INFO": [
        {
            "ID": "1",
            "CLASS": "건전지",
            "DETAILS": "건전지",
            "DAMAGE": "원형",
            "DIRTINESS": "오염없음",
            "COVER": "없음",
            "TRANSPARENCY": "불투명",
            "SHAPE": "원통형",
            "SHAPE_TYPE": "BOX",
            "POINTS": [
                [
                    621.1381560283687,
                    757.5957446808511,
                    2421.415035460993,
                    734.6382978723404
                ]
            ]
        }
    ]
}