{
    "IMAGE_INFO": {
        "FILE_NAME": "291023@3_08001_220825_P1_T1.jpg",
        "DATE": "2022-08-25 10:34:36",
        "RESOLUTION": "4000 x 2250",
        "IMAGE_PHOTOGRAPHER": "전성애",
        "FOCUS_DISTANCE": "4.6",
        "EXPOSURE_TIME": "0.03333",
        "SENSITIVITY_ISO": null,
        "PLACE": "주택가분리수거장",
        "REGION_NAME": null,
        "Direction": "3",
        "HEIGHT": null,
        "DAY/NIGHT": "주간",
        "WEATHER": "비",
        "IMAGE_HEIGHT": 2250,
        "IMAGE_WIDTH": 4000,
        "IMAGE_SIZE": "3.8 MB"
    },
    "ANNOTATION_INFO": [
        {
            "ID": "1",
            "CLASS": "건전지",
            "DETAILS": "건전지",
            "DAMAGE": "원형",
            "DIRTINESS": "오염없음",
            "COVER": "없음",
            "TRANSPARENCY": "불투명",
            "SHAPE": "사각기둥형",
            "SHAPE_TYPE": "BOX",
            "POINTS": [
                [
                    1376.751907809473,
                    356.0725320778265,
                    1116.1554146017945,
                    1352.0445314421822
                ]
            ]
        }
    ]
}