{
    "IMAGE_INFO": {
        "FILE_NAME": "298881@4_08001_220826_P1_T1.jpg",
        "DATE": "2022-08-26 10:33:59",
        "RESOLUTION": "4032 x 3024",
        "IMAGE_PHOTOGRAPHER": "김담영",
        "FOCUS_DISTANCE": "3.99",
        "EXPOSURE_TIME": "0.00629",
        "SENSITIVITY_ISO": null,
        "PLACE": "주택가분리수거장",
        "REGION_NAME": null,
        "Direction": "4",
        "HEIGHT": null,
        "DAY/NIGHT": "주간",
        "WEATHER": "맑음",
        "IMAGE_HEIGHT": 3024,
        "IMAGE_WIDTH": 4032,
        "IMAGE_SIZE": "2.9 MB"
    },
    "ANNOTATION_INFO": [
        {
            "ID": "1",
            "CLASS": "건전지",
            "DETAILS": "건전지",
            "DAMAGE": "원형",
            "DIRTINESS": "오염없음",
            "COVER": "없음",
            "TRANSPARENCY": "불투명",
            "SHAPE": "원통형",
            "SHAPE_TYPE": "BOX",
            "POINTS": [
                [
                    553.0272373540857,
                    728.495719844358,
                    3167.5517509727633,
                    1619.0754863813227
                ]
            ]
        }
    ]
}