{
    "IMAGE_INFO": {
        "FILE_NAME": "298952@1_08001_220826_P1_T1.jpg",
        "DATE": "2022-08-26 10:38:11",
        "RESOLUTION": "4032 x 3024",
        "IMAGE_PHOTOGRAPHER": "김담영",
        "FOCUS_DISTANCE": "3.99",
        "EXPOSURE_TIME": "0.00389",
        "SENSITIVITY_ISO": null,
        "PLACE": "주택가분리수거장",
        "REGION_NAME": null,
        "Direction": "1",
        "HEIGHT": null,
        "DAY/NIGHT": "주간",
        "WEATHER": "맑음",
        "IMAGE_HEIGHT": 3024,
        "IMAGE_WIDTH": 4032,
        "IMAGE_SIZE": "4.3 MB"
    },
    "ANNOTATION_INFO": [
        {
            "ID": "1",
            "CLASS": "건전지",
            "DETAILS": "건전지",
            "DAMAGE": "원형",
            "DIRTINESS": "오염없음",
            "COVER": "없음",
            "TRANSPARENCY": "불투명",
            "SHAPE": "사각기둥형",
            "SHAPE_TYPE": "BOX",
            "POINTS": [
                [
                    1030.3721089494165,
                    939.2579299610894,
                    1727.2334941634244,
                    960.9024747081716
                ]
            ]
        }
    ]
}