{
    "IMAGE_INFO": {
        "FILE_NAME": "298992@1_08001_220826_P1_T1.jpg",
        "DATE": "2022-08-26 10:13:51",
        "RESOLUTION": "4032 x 3024",
        "IMAGE_PHOTOGRAPHER": "김담영",
        "FOCUS_DISTANCE": "3.99",
        "EXPOSURE_TIME": "0.00382",
        "SENSITIVITY_ISO": null,
        "PLACE": "주택가분리수거장",
        "REGION_NAME": null,
        "Direction": "1",
        "HEIGHT": null,
        "DAY/NIGHT": "주간",
        "WEATHER": "맑음",
        "IMAGE_HEIGHT": 3024,
        "IMAGE_WIDTH": 4032,
        "IMAGE_SIZE": "7.6 MB"
    },
    "ANNOTATION_INFO": [
        {
            "ID": "1",
            "CLASS": "건전지",
            "DETAILS": "건전지",
            "DAMAGE": "원형",
            "DIRTINESS": "오염없음",
            "COVER": "없음",
            "TRANSPARENCY": "불투명",
            "SHAPE": "사각기둥형",
            "SHAPE_TYPE": "BOX",
            "POINTS": [
                [
                    1195.4895688715944,
                    1008.4734070038905,
                    1501.2971579766543,
                    1041.0278848249034
                ]
            ]
        }
    ]
}