{
    "IMAGE_INFO": {
        "FILE_NAME": "298947@5_08001_220826_P1_T1.jpg",
        "DATE": "2022-08-26 10:20:55",
        "RESOLUTION": "4032 x 3024",
        "IMAGE_PHOTOGRAPHER": "김담영",
        "FOCUS_DISTANCE": "3.99",
        "EXPOSURE_TIME": "0.00769",
        "SENSITIVITY_ISO": null,
        "PLACE": "주택가분리수거장",
        "REGION_NAME": null,
        "Direction": "5",
        "HEIGHT": null,
        "DAY/NIGHT": "주간",
        "WEATHER": "맑음",
        "IMAGE_HEIGHT": 3024,
        "IMAGE_WIDTH": 4032,
        "IMAGE_SIZE": "3.3 MB"
    },
    "ANNOTATION_INFO": [
        {
            "ID": "1",
            "CLASS": "건전지",
            "DETAILS": "건전지",
            "DAMAGE": "원형",
            "DIRTINESS": "오염없음",
            "COVER": "없음",
            "TRANSPARENCY": "불투명",
            "SHAPE": "원통형",
            "SHAPE_TYPE": "BOX",
            "POINTS": [
                [
                    1490.6319688715955,
                    292.28666147859917,
                    849.4498365758757,
                    2292.309665369651
                ]
            ]
        }
    ]
}