{
    "IMAGE_INFO": {
        "FILE_NAME": "299051@3_08001_220826_P1_T1.jpg",
        "DATE": "2022-08-26 10:32:25",
        "RESOLUTION": "4032 x 3024",
        "IMAGE_PHOTOGRAPHER": "김담영",
        "FOCUS_DISTANCE": "3.99",
        "EXPOSURE_TIME": "0.00366",
        "SENSITIVITY_ISO": null,
        "PLACE": "주택가분리수거장",
        "REGION_NAME": null,
        "Direction": "3",
        "HEIGHT": null,
        "DAY/NIGHT": "주간",
        "WEATHER": "맑음",
        "IMAGE_HEIGHT": 3024,
        "IMAGE_WIDTH": 4032,
        "IMAGE_SIZE": "3.6 MB"
    },
    "ANNOTATION_INFO": [
        {
            "ID": "1",
            "CLASS": "건전지",
            "DETAILS": "건전지",
            "DAMAGE": "원형",
            "DIRTINESS": "오염없음",
            "COVER": "없음",
            "TRANSPARENCY": "불투명",
            "SHAPE": "원통형",
            "SHAPE_TYPE": "BOX",
            "POINTS": [
                [
                    2169.2787548638134,
                    212.88607003891053,
                    869.7824124513618,
                    2424.8479377431913
                ]
            ]
        }
    ]
}