{
    "IMAGE_INFO": {
        "FILE_NAME": "1088667@0_07003_220919_P1_T3__0542.jpg",
        "DATE": "2022-10-31 14:58:00",
        "RESOLUTION": "1920 x 1080",
        "IMAGE_PHOTOGRAPHER": "권현진",
        "FOCUS_DISTANCE": "4.5",
        "EXPOSURE_TIME": "1/320",
        "SENSITIVITY_ISO": "10000",
        "PLACE": "성남시재활용센터",
        "REGION_NAME": null,
        "Direction": "0",
        "HEIGHT": "95",
        "DAY/NIGHT": "주간",
        "WEATHER": "맑음",
        "IMAGE_HEIGHT": 1080,
        "IMAGE_WIDTH": 1920,
        "IMAGE_SIZE": "610.7 KB"
    },
    "ANNOTATION_INFO": [
        {
            "ID": "1",
            "CLASS": "유리병",
            "DETAILS": "투명",
            "DAMAGE": "원형",
            "DIRTINESS": "이물질(외부)",
            "COVER": "없음",
            "TRANSPARENCY": "투명",
            "SHAPE": "유리병형",
            "SHAPE_TYPE": "POLYGON",
            "POINTS": [
                [
                    1162.944,
                    147.96
                ],
                [
                    1156.992,
                    174.96
                ],
                [
                    1153.92,
                    223.01999999999998
                ],
                [
                    1153.92,
                    249.048
                ],
                [
                    1165.056,
                    269.02799999999996
                ],
                [
                    1201.92,
                    293.00399999999996
                ],
                [
                    1249.92,
                    308.988
                ],
                [
                    1320,
                    323.02799999999996
                ],
                [
                    1397.952,
                    324
                ],
                [
                    1449.0240000000001,
                    317.952
                ],
                [
                    1515.0720000000001,
                    299.05199999999996
                ],
                [
                    1550.016,
                    280.044
                ],
                [
                    1570.944,
                    273.024
                ],
                [
                    1587.0720000000001,
                    267.948
                ],
                [
                    1609.92,
                    267.948
                ],
                [
                    1633.92,
                    262.98
                ],
                [
                    1640.0639999999999,
                    250.992
                ],
                [
                    1646.0159999999998,
                    224.96400000000003
                ],
                [
                    1637.952,
                    196.99200000000002
                ],
                [
                    1617.984,
                    191.052
                ],
                [
                    1588.032,
                    186.948
                ],
                [
                    1559.0400000000002,
                    178.956
                ],
                [
                    1521.984,
                    164.05200000000002
                ],
                [
                    1496.064,
                    142.02
                ],
                [
                    1459.008,
                    124.956
                ],
                [
                    1419.072,
                    116.964
                ],
                [
                    1372.032,
                    111.996
                ],
                [
                    1316.9279999999999,
                    110.052
                ],
                [
                    1267.968,
                    114.048
                ],
                [
                    1234.944,
                    123.012
                ],
                [
                    1213.056,
                    128.952
                ],
                [
                    1185.024,
                    138.996
                ]
            ]
        },
        {
            "ID": "2",
            "CLASS": "유리병",
            "DETAILS": "투명",
            "DAMAGE": "파손",
            "DIRTINESS": "이물질(외부)",
            "COVER": "없음",
            "TRANSPARENCY": "불투명",
            "SHAPE": "유리병형",
            "SHAPE_TYPE": "POLYGON",
            "POINTS": [
                [
                    370.944,
                    238.032
                ],
                [
                    345.984,
                    250.02
                ],
                [
                    353.088,
                    280.044
                ],
                [
                    373.056,
                    303.048
                ],
                [
                    403.008,
                    299.05199999999996
                ],
                [
                    431.04,
                    308.016
                ],
                [
                    467.904,
                    319.032
                ],
                [
                    509.952,
                    327.024
                ],
                [
                    557.952,
                    320.976
                ],
                [
                    628.992,
                    304.02
                ],
                [
                    686.976,
                    289.008
                ],
                [
                    737.0880000000001,
                    267.948
                ],
                [
                    752.064,
                    246.99599999999998
                ],
                [
                    761.088,
                    193.96800000000002
                ],
                [
                    752.064,
                    150.012
                ],
                [
                    729.9839999999999,
                    114.048
                ],
                [
                    694.0799999999999,
                    97.956
                ],
                [
                    628.032,
                    95.03999999999999
                ],
                [
                    533.952,
                    108
                ],
                [
                    497.088,
                    119.988
                ],
                [
                    461.952,
                    138.024
                ],
                [
                    422.976,
                    169.02
                ],
                [
                    395.904,
                    212.004
                ]
            ]
        }
    ]
}