{
    "IMAGE_INFO": {
        "FILE_NAME": "1088574@0_07003_220919_P1_T3__1001.jpg",
        "DATE": "2022-10-31 14:58:07",
        "RESOLUTION": "1920 x 1080",
        "IMAGE_PHOTOGRAPHER": "권현진",
        "FOCUS_DISTANCE": "4.5",
        "EXPOSURE_TIME": "1/320",
        "SENSITIVITY_ISO": "10000",
        "PLACE": "성남시재활용센터",
        "REGION_NAME": null,
        "Direction": "0",
        "HEIGHT": "95",
        "DAY/NIGHT": "주간",
        "WEATHER": "맑음",
        "IMAGE_HEIGHT": 1080,
        "IMAGE_WIDTH": 1920,
        "IMAGE_SIZE": "667.2 KB"
    },
    "ANNOTATION_INFO": [
        {
            "ID": "1",
            "CLASS": "유리병",
            "DETAILS": "투명",
            "DAMAGE": "원형",
            "DIRTINESS": "오염없음",
            "COVER": "없음",
            "TRANSPARENCY": "투명",
            "SHAPE": "기타 형태",
            "SHAPE_TYPE": "POLYGON",
            "POINTS": [
                [
                    1233.9840000000002,
                    348.948
                ],
                [
                    1254.9119999999998,
                    370.98
                ],
                [
                    1295.04,
                    429.94800000000004
                ],
                [
                    1316.9279999999999,
                    466.992
                ],
                [
                    1320,
                    486.97200000000004
                ],
                [
                    1272.96,
                    506.952
                ],
                [
                    1241.088,
                    537.948
                ],
                [
                    1160.0639999999999,
                    586.0079999999999
                ],
                [
                    1094.976,
                    618.9480000000001
                ],
                [
                    1066.944,
                    618.9480000000001
                ],
                [
                    1041.0240000000001,
                    605.0160000000001
                ],
                [
                    1013.952,
                    554.04
                ],
                [
                    1002.048,
                    525.96
                ],
                [
                    1006.08,
                    509.004
                ]
            ]
        },
        {
            "ID": "2",
            "CLASS": "유리병",
            "DETAILS": "투명",
            "DAMAGE": "원형",
            "DIRTINESS": "이물질(외부)",
            "COVER": "없음",
            "TRANSPARENCY": "투명",
            "SHAPE": "유리병형",
            "SHAPE_TYPE": "POLYGON",
            "POINTS": [
                [
                    1676.9279999999999,
                    246.99599999999998
                ],
                [
                    1656.96,
                    293.00399999999996
                ],
                [
                    1646.976,
                    312.984
                ],
                [
                    1617.024,
                    301.968
                ],
                [
                    1588.992,
                    285.984
                ],
                [
                    1583.04,
                    281.01599999999996
                ],
                [
                    1536.96,
                    269.02799999999996
                ],
                [
                    1463.04,
                    243.97199999999998
                ],
                [
                    1416,
                    246.024
                ],
                [
                    1380.096,
                    246.99599999999998
                ],
                [
                    1329.984,
                    234.036
                ],
                [
                    1016.064,
                    104.00399999999999
                ],
                [
                    1002.048,
                    83.05199999999999
                ],
                [
                    1021.056,
                    29.052
                ],
                [
                    1036.032,
                    3.024
                ],
                [
                    1223.04,
                    0
                ],
                [
                    1420.0320000000002,
                    84.02399999999999
                ],
                [
                    1445.952,
                    97.956
                ],
                [
                    1460.928,
                    124.956
                ],
                [
                    1473.9840000000002,
                    142.992
                ],
                [
                    1486.08,
                    154.98
                ],
                [
                    1539.072,
                    181.98000000000002
                ],
                [
                    1604.9279999999999,
                    219.99599999999998
                ],
                [
                    1616.064,
                    224.96400000000003
                ],
                [
                    1621.056,
                    222.048
                ],
                [
                    1632,
                    226.044
                ],
                [
                    1642.944,
                    231.012
                ],
                [
                    1657.92,
                    235.98
                ]
            ]
        }
    ]
}