{
    "IMAGE_INFO": {
        "FILE_NAME": "1088850@0_07003_220919_P1_T3__1884.jpg",
        "DATE": "2022-10-31 14:58:24",
        "RESOLUTION": "1920 x 1080",
        "IMAGE_PHOTOGRAPHER": "권현진",
        "FOCUS_DISTANCE": "4.5",
        "EXPOSURE_TIME": "1/320",
        "SENSITIVITY_ISO": "10000",
        "PLACE": "성남시재활용센터",
        "REGION_NAME": null,
        "Direction": "0",
        "HEIGHT": "95",
        "DAY/NIGHT": "주간",
        "WEATHER": "맑음",
        "IMAGE_HEIGHT": 1080,
        "IMAGE_WIDTH": 1920,
        "IMAGE_SIZE": "667.7 KB"
    },
    "ANNOTATION_INFO": [
        {
            "ID": "1",
            "CLASS": "유리병",
            "DETAILS": "투명",
            "DAMAGE": "원형",
            "DIRTINESS": "이물질(외부)",
            "COVER": "없음",
            "TRANSPARENCY": "투명",
            "SHAPE": "유리병형",
            "SHAPE_TYPE": "POLYGON",
            "POINTS": [
                [
                    180.096,
                    2.052
                ],
                [
                    159.936,
                    19.008000000000003
                ],
                [
                    139.008,
                    38.988
                ],
                [
                    129.024,
                    61.992
                ],
                [
                    128.064,
                    104.00399999999999
                ],
                [
                    128.064,
                    307.044
                ],
                [
                    134.016,
                    343.008
                ],
                [
                    144,
                    363.96000000000004
                ],
                [
                    164.928,
                    370.00800000000004
                ],
                [
                    296.064,
                    366.984
                ],
                [
                    303.936,
                    359.964
                ],
                [
                    312.96000000000004,
                    334.04400000000004
                ],
                [
                    313.92,
                    299.05199999999996
                ],
                [
                    313.92,
                    285.012
                ],
                [
                    312.96000000000004,
                    234.036
                ],
                [
                    312.96000000000004,
                    174.96
                ],
                [
                    312,
                    85.968
                ],
                [
                    307.96799999999996,
                    47.952000000000005
                ],
                [
                    289.92,
                    26.028
                ],
                [
                    272.06399999999996,
                    12.96
                ],
                [
                    262.08000000000004,
                    3.996
                ],
                [
                    259.008,
                    0.972
                ]
            ]
        },
        {
            "ID": "2",
            "CLASS": "유리병",
            "DETAILS": "투명",
            "DAMAGE": "원형",
            "DIRTINESS": "이물질(외부)",
            "COVER": "없음",
            "TRANSPARENCY": "투명",
            "SHAPE": "유리병형",
            "SHAPE_TYPE": "POLYGON",
            "POINTS": [
                [
                    1612.032,
                    389.988
                ],
                [
                    1593.024,
                    386.964
                ],
                [
                    1570.944,
                    380.05199999999996
                ],
                [
                    1489.92,
                    378
                ],
                [
                    1465.9199999999998,
                    375.94800000000004
                ],
                [
                    1383.936,
                    374.004
                ],
                [
                    1302.912,
                    370.00800000000004
                ],
                [
                    1278.912,
                    365.04
                ],
                [
                    1257.984,
                    358.02000000000004
                ],
                [
                    1204.9920000000002,
                    331.02
                ],
                [
                    1191.9360000000001,
                    320.004
                ],
                [
                    1175.04,
                    312.012
                ],
                [
                    1161.984,
                    309.96
                ],
                [
                    1157.952,
                    308.016
                ],
                [
                    1118.016,
                    308.016
                ],
                [
                    1064.064,
                    300.024
                ],
                [
                    1055.04,
                    297
                ],
                [
                    1049.088,
                    280.044
                ],
                [
                    1051.008,
                    265.032
                ],
                [
                    1049.088,
                    259.956
                ],
                [
                    1051.008,
                    243
                ],
                [
                    1060.0320000000002,
                    227.988
                ],
                [
                    1068.096,
                    226.044
                ],
                [
                    1112.064,
                    226.044
                ],
                [
                    1128.96,
                    232.95600000000002
                ],
                [
                    1148.928,
                    234.036
                ],
                [
                    1172.9279999999999,
                    231.98399999999998
                ],
                [
                    1208.0639999999999,
                    224.96400000000003
                ],
                [
                    1228.992,
                    215.028
                ],
                [
                    1257.984,
                    204.012
                ],
                [
                    1302.912,
                    196.01999999999998
                ],
                [
                    1342.08,
                    196.01999999999998
                ],
                [
                    1358.016,
                    196.99200000000002
                ],
                [
                    1374.9119999999998,
                    200.016
                ],
                [
                    1395.0720000000001,
                    200.016
                ],
                [
                    1401.0240000000001,
                    201.96
                ],
                [
                    1420.992,
                    203.04
                ],
                [
                    1444.9920000000002,
                    207.036
                ],
                [
                    1488,
                    209.952
                ],
                [
                    1522.944,
                    209.952
                ],
                [
                    1560,
                    212.976
                ],
                [
                    1579.9679999999998,
                    212.976
                ],
                [
                    1603.008,
                    216.972
                ],
                [
                    1649.088,
                    218.052
                ],
                [
                    1661.952,
                    223.01999999999998
                ],
                [
                    1669.056,
                    228.95999999999998
                ],
                [
                    1673.088,
                    235.98
                ],
                [
                    1673.088,
                    343.98
                ],
                [
                    1661.952,
                    378.972
                ],
                [
                    1652.9279999999999,
                    385.992
                ],
                [
                    1636.032,
                    389.988
                ],
                [
                    1612.032,
                    389.988
                ]
            ]
        },
        {
            "ID": "3",
            "CLASS": "유리병",
            "DETAILS": "투명",
            "DAMAGE": "원형",
            "DIRTINESS": "이물질(외부)",
            "COVER": "없음",
            "TRANSPARENCY": "투명",
            "SHAPE": "유리병형",
            "SHAPE_TYPE": "POLYGON",
            "POINTS": [
                [
                    888,
                    374.976
                ],
                [
                    830.976,
                    373.032
                ],
                [
                    761.088,
                    373.032
                ],
                [
                    731.904,
                    370.98
                ],
                [
                    653.952,
                    370.00800000000004
                ],
                [
                    642.048,
                    366.984
                ],
                [
                    628.992,
                    361.044
                ],
                [
                    623.04,
                    357.048
                ],
                [
                    614.976,
                    344.952
                ],
                [
                    609.9839999999999,
                    334.04400000000004
                ],
                [
                    608.064,
                    324.972
                ],
                [
                    608.064,
                    269.02799999999996
                ],
                [
                    613.0559999999999,
                    254.988
                ],
                [
                    614.976,
                    235.00799999999998
                ],
                [
                    614.976,
                    213.948
                ],
                [
                    618.048,
                    201.96
                ],
                [
                    624.96,
                    192.996
                ],
                [
                    637.0559999999999,
                    185.976
                ],
                [
                    648.96,
                    184.03199999999998
                ],
                [
                    819.072,
                    184.03199999999998
                ],
                [
                    828.096,
                    181.98000000000002
                ],
                [
                    830.976,
                    181.98000000000002
                ],
                [
                    836.928,
                    184.03199999999998
                ],
                [
                    916.032,
                    184.03199999999998
                ],
                [
                    937.92,
                    189.972
                ],
                [
                    948.096,
                    195.048
                ],
                [
                    959.04,
                    201.96
                ],
                [
                    988.0319999999999,
                    235.98
                ],
                [
                    998.0160000000001,
                    243.97199999999998
                ],
                [
                    1002.048,
                    245.052
                ],
                [
                    1012.032,
                    245.052
                ],
                [
                    1017.0239999999999,
                    247.968
                ],
                [
                    1036.032,
                    247.968
                ],
                [
                    1045.056,
                    254.988
                ],
                [
                    1047.936,
                    266.00399999999996
                ],
                [
                    1047.936,
                    297
                ],
                [
                    1045.056,
                    305.964
                ],
                [
                    1037.952,
                    312.012
                ],
                [
                    1031.04,
                    315.036
                ],
                [
                    1023.936,
                    313.956
                ],
                [
                    1014.9119999999999,
                    316.97999999999996
                ],
                [
                    1002.048,
                    316.97999999999996
                ],
                [
                    998.0160000000001,
                    317.952
                ],
                [
                    990.912,
                    323.02799999999996
                ],
                [
                    965.952,
                    348.948
                ],
                [
                    950.0160000000001,
                    362.988
                ],
                [
                    935.04,
                    370.98
                ],
                [
                    926.016,
                    374.004
                ],
                [
                    918.912,
                    374.976
                ]
            ]
        }
    ]
}