{
    "IMAGE_INFO": {
        "FILE_NAME": "1088892@0_07003_220919_P1_T3__1828.jpg",
        "DATE": "2022-10-31 14:58:24",
        "RESOLUTION": "1920 x 1080",
        "IMAGE_PHOTOGRAPHER": "권현진",
        "FOCUS_DISTANCE": "4.5",
        "EXPOSURE_TIME": "1/320",
        "SENSITIVITY_ISO": "10000",
        "PLACE": "성남시재활용센터",
        "REGION_NAME": null,
        "Direction": "0",
        "HEIGHT": "95",
        "DAY/NIGHT": "주간",
        "WEATHER": "맑음",
        "IMAGE_HEIGHT": 1080,
        "IMAGE_WIDTH": 1920,
        "IMAGE_SIZE": "682.5 KB"
    },
    "ANNOTATION_INFO": [
        {
            "ID": "1",
            "CLASS": "유리병",
            "DETAILS": "투명",
            "DAMAGE": "원형",
            "DIRTINESS": "이물질(외부)",
            "COVER": "없음",
            "TRANSPARENCY": "투명",
            "SHAPE": "유리병형",
            "SHAPE_TYPE": "POLYGON",
            "POINTS": [
                [
                    946.9440000000001,
                    176.04000000000002
                ],
                [
                    989.9519999999999,
                    243.97199999999998
                ],
                [
                    993.9840000000002,
                    246.024
                ],
                [
                    1003.9680000000001,
                    243
                ],
                [
                    1021.056,
                    238.032
                ],
                [
                    1027.008,
                    228.95999999999998
                ],
                [
                    1059.072,
                    208.98000000000002
                ],
                [
                    1068.096,
                    212.004
                ],
                [
                    1079.0400000000002,
                    201.96
                ],
                [
                    1094.976,
                    211.03199999999998
                ],
                [
                    1132.992,
                    185.976
                ],
                [
                    1273.92,
                    110.052
                ],
                [
                    1291.008,
                    104.00399999999999
                ],
                [
                    1310.9759999999999,
                    92.01599999999999
                ],
                [
                    1331.904,
                    70.95599999999999
                ],
                [
                    1323.0720000000001,
                    50.004
                ],
                [
                    1301.952,
                    15.984
                ],
                [
                    1291.968,
                    0
                ],
                [
                    1185.9840000000002,
                    0
                ],
                [
                    1157.952,
                    15.011999999999999
                ],
                [
                    1056.96,
                    74.952
                ],
                [
                    1045.056,
                    88.02000000000001
                ],
                [
                    1033.92,
                    105.94800000000001
                ],
                [
                    1030.08,
                    118.044
                ],
                [
                    1021.056,
                    123.012
                ],
                [
                    1014.9119999999999,
                    123.984
                ],
                [
                    1012.992,
                    131.00400000000002
                ],
                [
                    996.0960000000001,
                    139.968
                ],
                [
                    982.0799999999999,
                    149.04000000000002
                ],
                [
                    974.016,
                    150.984
                ],
                [
                    969.9839999999999,
                    147.96
                ],
                [
                    965.952,
                    155.952
                ],
                [
                    966.912,
                    159.948
                ],
                [
                    964.0319999999999,
                    161.02800000000002
                ],
                [
                    956.928,
                    158.976
                ],
                [
                    955.008,
                    164.05200000000002
                ],
                [
                    950.976,
                    169.02
                ]
            ]
        },
        {
            "ID": "2",
            "CLASS": "유리병",
            "DETAILS": "투명",
            "DAMAGE": "원형",
            "DIRTINESS": "이물질(외부)",
            "COVER": "없음",
            "TRANSPARENCY": "투명",
            "SHAPE": "유리병형",
            "SHAPE_TYPE": "POLYGON",
            "POINTS": [
                [
                    1032,
                    324.972
                ],
                [
                    1036.032,
                    351
                ],
                [
                    1032,
                    377.028
                ],
                [
                    997.0559999999999,
                    381.99600000000004
                ],
                [
                    988.0319999999999,
                    378
                ],
                [
                    910.0799999999999,
                    386.964
                ],
                [
                    860.928,
                    394.956
                ],
                [
                    661.056,
                    397.98
                ],
                [
                    652.9920000000001,
                    367.956
                ],
                [
                    652.9920000000001,
                    330.048
                ],
                [
                    657.024,
                    296.028
                ],
                [
                    667.0079999999999,
                    285.984
                ],
                [
                    854.016,
                    289.98
                ],
                [
                    897.984,
                    297
                ],
                [
                    993.024,
                    315.036
                ],
                [
                    1003.9680000000001,
                    313.956
                ],
                [
                    1017.0239999999999,
                    317.952
                ],
                [
                    1023.936,
                    317.952
                ]
            ]
        },
        {
            "ID": "3",
            "CLASS": "유리병",
            "DETAILS": "투명",
            "DAMAGE": "원형",
            "DIRTINESS": "이물질(외부)",
            "COVER": "없음",
            "TRANSPARENCY": "투명",
            "SHAPE": "유리병형",
            "SHAPE_TYPE": "POLYGON",
            "POINTS": [
                [
                    444.096,
                    73.008
                ],
                [
                    438.912,
                    97.956
                ],
                [
                    485.952,
                    213.948
                ],
                [
                    495.9359999999999,
                    219.99599999999998
                ],
                [
                    529.9200000000001,
                    218.052
                ],
                [
                    810.048,
                    105.94800000000001
                ],
                [
                    820.0319999999999,
                    81
                ],
                [
                    846.912,
                    39.96
                ],
                [
                    925.056,
                    3.024
                ],
                [
                    610.944,
                    3.024
                ]
            ]
        }
    ]
}