{
    "IMAGE_INFO": {
        "FILE_NAME": "1088911@0_07003_220919_P1_T3__1496.jpg",
        "DATE": "2022-10-31 14:58:17",
        "RESOLUTION": "1920 x 1080",
        "IMAGE_PHOTOGRAPHER": "권현진",
        "FOCUS_DISTANCE": "4.5",
        "EXPOSURE_TIME": "1/320",
        "SENSITIVITY_ISO": "10000",
        "PLACE": "성남시재활용센터",
        "REGION_NAME": null,
        "Direction": "0",
        "HEIGHT": "95",
        "DAY/NIGHT": "주간",
        "WEATHER": "맑음",
        "IMAGE_HEIGHT": 1080,
        "IMAGE_WIDTH": 1920,
        "IMAGE_SIZE": "687.5 KB"
    },
    "ANNOTATION_INFO": [
        {
            "ID": "1",
            "CLASS": "유리병",
            "DETAILS": "투명",
            "DAMAGE": "원형",
            "DIRTINESS": "이물질(외부)",
            "COVER": "없음",
            "TRANSPARENCY": "투명",
            "SHAPE": "유리병형",
            "SHAPE_TYPE": "POLYGON",
            "POINTS": [
                [
                    1177.92,
                    1050.9479999999999
                ],
                [
                    1163.904,
                    1049.9759999999999
                ],
                [
                    1150.08,
                    1049.9759999999999
                ],
                [
                    1124.9279999999999,
                    1048.0320000000002
                ],
                [
                    1103.04,
                    1045.008
                ],
                [
                    944.0640000000001,
                    1046.952
                ],
                [
                    936.96,
                    1045.008
                ],
                [
                    930.048,
                    1041.012
                ],
                [
                    925.056,
                    1040.04
                ],
                [
                    922.9440000000001,
                    1037.988
                ],
                [
                    922.9440000000001,
                    1036.044
                ],
                [
                    925.056,
                    1030.968
                ],
                [
                    920.0640000000001,
                    1021.032
                ],
                [
                    920.0640000000001,
                    974.052
                ],
                [
                    922.9440000000001,
                    968.976
                ],
                [
                    930.048,
                    965.952
                ],
                [
                    941.952,
                    964.0079999999999
                ],
                [
                    954.048,
                    960.0120000000001
                ],
                [
                    964.0319999999999,
                    960.984
                ],
                [
                    970.9440000000001,
                    960.0120000000001
                ],
                [
                    1004.928,
                    948.024
                ],
                [
                    1033.92,
                    936.0360000000001
                ],
                [
                    1062.912,
                    928.044
                ],
                [
                    1119.9360000000001,
                    905.04
                ],
                [
                    1153.92,
                    895.968
                ],
                [
                    1176,
                    891.972
                ],
                [
                    1182.912,
                    891.972
                ],
                [
                    1190.016,
                    890.028
                ],
                [
                    1203.0720000000001,
                    890.028
                ],
                [
                    1211.904,
                    888.9480000000001
                ],
                [
                    1228.992,
                    886.032
                ],
                [
                    1236.096,
                    886.032
                ],
                [
                    1319.0400000000002,
                    875.0160000000001
                ],
                [
                    1335.936,
                    875.0160000000001
                ],
                [
                    1352.064,
                    880.956
                ],
                [
                    1357.056,
                    887.004
                ],
                [
                    1358.9759999999999,
                    894.024
                ],
                [
                    1358.9759999999999,
                    899.964
                ],
                [
                    1362.048,
                    905.04
                ],
                [
                    1362.048,
                    914.976
                ],
                [
                    1364.9279999999999,
                    933.0120000000001
                ],
                [
                    1372.032,
                    952.992
                ],
                [
                    1369.92,
                    961.956
                ],
                [
                    1373.952,
                    988.9559999999999
                ],
                [
                    1372.032,
                    1014.9839999999999
                ],
                [
                    1368.96,
                    1022.976
                ],
                [
                    1364.9279999999999,
                    1026
                ],
                [
                    1363.968,
                    1028.052
                ],
                [
                    1348.032,
                    1034.964
                ],
                [
                    1324.032,
                    1037.016
                ],
                [
                    1311.9360000000001,
                    1038.96
                ],
                [
                    1305.9840000000002,
                    1038.96
                ],
                [
                    1285.056,
                    1041.984
                ],
                [
                    1277.952,
                    1041.984
                ],
                [
                    1259.904,
                    1045.008
                ],
                [
                    1252.992,
                    1045.008
                ],
                [
                    1246.08,
                    1045.98
                ],
                [
                    1236.096,
                    1048.0320000000002
                ],
                [
                    1204.9920000000002,
                    1050.9479999999999
                ],
                [
                    1177.92,
                    1050.9479999999999
                ]
            ]
        },
        {
            "ID": "2",
            "CLASS": "유리병",
            "DETAILS": "투명",
            "DAMAGE": "원형",
            "DIRTINESS": "이물질(외부)",
            "COVER": "없음",
            "TRANSPARENCY": "투명",
            "SHAPE": "유리병형",
            "SHAPE_TYPE": "POLYGON",
            "POINTS": [
                [
                    912,
                    968.976
                ],
                [
                    910.0799999999999,
                    968.004
                ],
                [
                    902.976,
                    968.004
                ],
                [
                    896.064,
                    964.9799999999999
                ],
                [
                    884.928,
                    953.9639999999999
                ],
                [
                    884.928,
                    947.052
                ],
                [
                    882.048,
                    938.952
                ],
                [
                    873.024,
                    926.9639999999999
                ],
                [
                    870.912,
                    918.972
                ],
                [
                    868.992,
                    887.976
                ],
                [
                    870.912,
                    879.012
                ],
                [
                    865.9200000000001,
                    870.048
                ],
                [
                    864,
                    856.98
                ],
                [
                    859.9680000000001,
                    852.9839999999999
                ],
                [
                    857.0880000000001,
                    837.972
                ],
                [
                    857.0880000000001,
                    825.984
                ],
                [
                    859.008,
                    821.9879999999999
                ],
                [
                    867.072,
                    816.048
                ],
                [
                    884.928,
                    807.948
                ],
                [
                    910.0799999999999,
                    803.952
                ],
                [
                    930.048,
                    794.9879999999999
                ],
                [
                    940.0319999999999,
                    791.9639999999999
                ],
                [
                    954.048,
                    790.0200000000001
                ],
                [
                    974.016,
                    783.972
                ],
                [
                    994.944,
                    775.008
                ],
                [
                    1014.9119999999999,
                    771.012
                ],
                [
                    1033.92,
                    763.9920000000001
                ],
                [
                    1056,
                    759.024
                ],
                [
                    1062.912,
                    755.028
                ],
                [
                    1090.944,
                    748.008
                ],
                [
                    1099.9679999999998,
                    744.012
                ],
                [
                    1123.008,
                    740.0160000000001
                ],
                [
                    1138.944,
                    735.048
                ],
                [
                    1142.976,
                    735.048
                ],
                [
                    1157.952,
                    739.044
                ],
                [
                    1166.976,
                    739.044
                ],
                [
                    1180.0320000000002,
                    743.04
                ],
                [
                    1194.048,
                    744.012
                ],
                [
                    1204.9920000000002,
                    743.04
                ],
                [
                    1217.088,
                    736.02
                ],
                [
                    1225.9199999999998,
                    736.02
                ],
                [
                    1251.072,
                    728.028
                ],
                [
                    1257.984,
                    728.028
                ],
                [
                    1268.928,
                    725.976
                ],
                [
                    1278.912,
                    717.9839999999999
                ],
                [
                    1309.056,
                    717.0120000000001
                ],
                [
                    1310.9759999999999,
                    721.98
                ],
                [
                    1315.968,
                    725.004
                ],
                [
                    1318.08,
                    736.02
                ],
                [
                    1324.032,
                    743.04
                ],
                [
                    1326.912,
                    760.968
                ],
                [
                    1330.944,
                    764.964
                ],
                [
                    1334.0159999999998,
                    779.976
                ],
                [
                    1340.928,
                    790.0200000000001
                ],
                [
                    1340.928,
                    795.96
                ],
                [
                    1335.936,
                    805.0319999999999
                ],
                [
                    1329.0240000000001,
                    807.948
                ],
                [
                    1324.9920000000002,
                    813.024
                ],
                [
                    1315.0079999999998,
                    817.02
                ],
                [
                    1310.9759999999999,
                    821.9879999999999
                ],
                [
                    1295.04,
                    822.96
                ],
                [
                    1252.992,
                    839.052
                ],
                [
                    1244.9279999999999,
                    840.996
                ],
                [
                    1233.024,
                    841.968
                ],
                [
                    1224,
                    847.044
                ],
                [
                    1209.984,
                    863.028
                ],
                [
                    1200.9599999999998,
                    870.048
                ],
                [
                    1198.08,
                    875.988
                ],
                [
                    1189.056,
                    884.952
                ],
                [
                    1169.088,
                    897.048
                ],
                [
                    1172.9279999999999,
                    898.02
                ],
                [
                    1171.008,
                    902.0160000000001
                ],
                [
                    1160.0639999999999,
                    906.012
                ],
                [
                    1124.9279999999999,
                    914.976
                ],
                [
                    1110.912,
                    914.976
                ],
                [
                    1104.96,
                    918
                ],
                [
                    1094.976,
                    918
                ],
                [
                    1086.912,
                    921.996
                ],
                [
                    1081.92,
                    921.996
                ],
                [
                    1079.0400000000002,
                    925.0200000000001
                ],
                [
                    1070.016,
                    925.9920000000001
                ],
                [
                    1042.944,
                    933.0120000000001
                ],
                [
                    1022.016,
                    941.976
                ],
                [
                    1016.064,
                    942.948
                ],
                [
                    1008.9599999999999,
                    947.052
                ],
                [
                    992.0640000000001,
                    951.048
                ],
                [
                    985.92,
                    953.9639999999999
                ],
                [
                    953.088,
                    960.0120000000001
                ],
                [
                    937.92,
                    964.9799999999999
                ],
                [
                    912,
                    968.976
                ]
            ]
        }
    ]
}