{
    "IMAGE_INFO": {
        "FILE_NAME": "1088924@0_07003_220919_P1_T3__1125.jpg",
        "DATE": "2022-10-31 14:58:10",
        "RESOLUTION": "1920 x 1080",
        "IMAGE_PHOTOGRAPHER": "권현진",
        "FOCUS_DISTANCE": "4.5",
        "EXPOSURE_TIME": "1/320",
        "SENSITIVITY_ISO": "10000",
        "PLACE": "성남시재활용센터",
        "REGION_NAME": null,
        "Direction": "0",
        "HEIGHT": "95",
        "DAY/NIGHT": "주간",
        "WEATHER": "맑음",
        "IMAGE_HEIGHT": 1080,
        "IMAGE_WIDTH": 1920,
        "IMAGE_SIZE": "653.9 KB"
    },
    "ANNOTATION_INFO": [
        {
            "ID": "1",
            "CLASS": "유리병",
            "DETAILS": "투명",
            "DAMAGE": "파손",
            "DIRTINESS": "이물질(외부)",
            "COVER": "없음",
            "TRANSPARENCY": "투명",
            "SHAPE": "유리병형",
            "SHAPE_TYPE": "POLYGON",
            "POINTS": [
                [
                    739.9680000000001,
                    528.984
                ],
                [
                    718.08,
                    527.04
                ],
                [
                    699.072,
                    523.044
                ],
                [
                    691.008,
                    520.02
                ],
                [
                    666.048,
                    506.952
                ],
                [
                    643.968,
                    498.96000000000004
                ],
                [
                    634.944,
                    497.016
                ],
                [
                    625.9200000000001,
                    500.04
                ],
                [
                    619.008,
                    501.984
                ],
                [
                    614.976,
                    498.96000000000004
                ],
                [
                    609.024,
                    486
                ],
                [
                    603.072,
                    471.96
                ],
                [
                    600.96,
                    456.948
                ],
                [
                    600,
                    439.99199999999996
                ],
                [
                    603.072,
                    435.996
                ],
                [
                    609.9839999999999,
                    432.972
                ],
                [
                    613.0559999999999,
                    425.952
                ],
                [
                    627.072,
                    415.044
                ],
                [
                    652.032,
                    378
                ],
                [
                    677.952,
                    354.024
                ],
                [
                    694.0799999999999,
                    343.008
                ],
                [
                    715.008,
                    332.964
                ],
                [
                    785.088,
                    312.012
                ],
                [
                    819.072,
                    307.044
                ],
                [
                    840.96,
                    301.968
                ],
                [
                    849.024,
                    299.05199999999996
                ],
                [
                    888,
                    292.032
                ],
                [
                    902.976,
                    290.952
                ],
                [
                    916.9920000000001,
                    288.036
                ],
                [
                    941.952,
                    286.956
                ],
                [
                    970.9440000000001,
                    286.956
                ],
                [
                    979.968,
                    286.956
                ],
                [
                    988.992,
                    293.976
                ],
                [
                    993.9840000000002,
                    304.02
                ],
                [
                    998.976,
                    312.012
                ],
                [
                    1002.048,
                    320.976
                ],
                [
                    1006.08,
                    335.01599999999996
                ],
                [
                    1009.9200000000001,
                    347.00399999999996
                ],
                [
                    1012.992,
                    362.016
                ],
                [
                    1017.0239999999999,
                    374.976
                ],
                [
                    1021.056,
                    392.03999999999996
                ],
                [
                    1023.936,
                    409.968
                ],
                [
                    1027.008,
                    432
                ],
                [
                    1016.064,
                    447.012
                ],
                [
                    994.944,
                    454.032
                ],
                [
                    970.9440000000001,
                    461.052
                ],
                [
                    955.008,
                    466.02
                ],
                [
                    940.0319999999999,
                    473.04
                ],
                [
                    883.0079999999999,
                    493.99199999999996
                ],
                [
                    858.048,
                    505.00800000000004
                ],
                [
                    831.936,
                    513.972
                ],
                [
                    769.9200000000001,
                    528.0120000000001
                ]
            ]
        }
    ]
}