{
    "IMAGE_INFO": {
        "FILE_NAME": "1088562@0_07003_220919_P1_T3__1914.jpg",
        "DATE": "2022-10-31 14:58:25",
        "RESOLUTION": "1920 x 1080",
        "IMAGE_PHOTOGRAPHER": "권현진",
        "FOCUS_DISTANCE": "4.5",
        "EXPOSURE_TIME": "1/320",
        "SENSITIVITY_ISO": "10000",
        "PLACE": "성남시재활용센터",
        "REGION_NAME": null,
        "Direction": "0",
        "HEIGHT": "95",
        "DAY/NIGHT": "주간",
        "WEATHER": "맑음",
        "IMAGE_HEIGHT": 1080,
        "IMAGE_WIDTH": 1920,
        "IMAGE_SIZE": "673.5 KB"
    },
    "ANNOTATION_INFO": [
        {
            "ID": "1",
            "CLASS": "유리병",
            "DETAILS": "투명",
            "DAMAGE": "파손",
            "DIRTINESS": "이물질(외부)",
            "COVER": "없음",
            "TRANSPARENCY": "투명",
            "SHAPE": "유리병형",
            "SHAPE_TYPE": "POLYGON",
            "POINTS": [
                [
                    978.0479999999999,
                    959.04
                ],
                [
                    975.9359999999999,
                    963.0360000000001
                ],
                [
                    969.9839999999999,
                    967.0319999999999
                ],
                [
                    971.904,
                    975.024
                ],
                [
                    977.0880000000001,
                    975.024
                ],
                [
                    980.928,
                    975.996
                ],
                [
                    983.9999999999999,
                    975.024
                ],
                [
                    988.992,
                    978.048
                ],
                [
                    993.9840000000002,
                    980.9639999999999
                ],
                [
                    998.0160000000001,
                    979.02
                ],
                [
                    1001.088,
                    976.968
                ],
                [
                    1003.9680000000001,
                    979.992
                ],
                [
                    1008.9599999999999,
                    978.048
                ],
                [
                    1011.0719999999999,
                    975.024
                ],
                [
                    1014.9119999999999,
                    971.028
                ],
                [
                    1017.0239999999999,
                    975.024
                ],
                [
                    1022.9760000000001,
                    983.988
                ],
                [
                    1156.032,
                    990.036
                ],
                [
                    1181.952,
                    987.9839999999999
                ],
                [
                    1204.9920000000002,
                    984.96
                ],
                [
                    1213.056,
                    983.016
                ],
                [
                    1219.9679999999998,
                    979.02
                ],
                [
                    1227.0720000000001,
                    975.996
                ],
                [
                    1233.9840000000002,
                    972.972
                ],
                [
                    1239.9360000000001,
                    971.028
                ],
                [
                    1251.072,
                    955.044
                ],
                [
                    1254.9119999999998,
                    921.024
                ],
                [
                    1256.064,
                    894.024
                ],
                [
                    1256.064,
                    857.952
                ],
                [
                    1252.992,
                    836.028
                ],
                [
                    1252.032,
                    821.9879999999999
                ],
                [
                    1248.96,
                    813.024
                ],
                [
                    1242.048,
                    803.952
                ],
                [
                    1233.024,
                    802.008
                ],
                [
                    1223.04,
                    795.96
                ],
                [
                    1193.088,
                    787.9680000000001
                ],
                [
                    1161.0240000000001,
                    783
                ],
                [
                    1104.96,
                    783.972
                ],
                [
                    1036.992,
                    783
                ],
                [
                    1027.968,
                    783.972
                ],
                [
                    1022.016,
                    787.9680000000001
                ],
                [
                    1018.944,
                    794.016
                ],
                [
                    1014.9119999999999,
                    794.9879999999999
                ],
                [
                    1008,
                    793.044
                ],
                [
                    1004.928,
                    790.9920000000001
                ],
                [
                    998.0160000000001,
                    790.9920000000001
                ],
                [
                    994.944,
                    793.044
                ],
                [
                    988.0319999999999,
                    795.96
                ],
                [
                    974.016,
                    798.0120000000001
                ],
                [
                    968.064,
                    803.952
                ],
                [
                    960.9599999999999,
                    867.024
                ],
                [
                    964.0319999999999,
                    915.948
                ],
                [
                    965.952,
                    949.9680000000001
                ],
                [
                    969.0240000000001,
                    959.04
                ],
                [
                    970.9440000000001,
                    960.984
                ]
            ]
        }
    ]
}