{
    "IMAGE_INFO": {
        "FILE_NAME": "1088711@0_07003_220919_P1_T3__0446.jpg",
        "DATE": "2022-10-31 14:57:58",
        "RESOLUTION": "1920 x 1080",
        "IMAGE_PHOTOGRAPHER": "권현진",
        "FOCUS_DISTANCE": "4.5",
        "EXPOSURE_TIME": "1/320",
        "SENSITIVITY_ISO": "10000",
        "PLACE": "성남시재활용센터",
        "REGION_NAME": null,
        "Direction": "0",
        "HEIGHT": "95",
        "DAY/NIGHT": "주간",
        "WEATHER": "맑음",
        "IMAGE_HEIGHT": 1080,
        "IMAGE_WIDTH": 1920,
        "IMAGE_SIZE": "535.1 KB"
    },
    "ANNOTATION_INFO": [
        {
            "ID": "1",
            "CLASS": "유리병",
            "DETAILS": "투명",
            "DAMAGE": "원형",
            "DIRTINESS": "이물질(외부)",
            "COVER": "없음",
            "TRANSPARENCY": "불투명",
            "SHAPE": "유리병형",
            "SHAPE_TYPE": "POLYGON",
            "POINTS": [
                [
                    512.064,
                    987.9839999999999
                ],
                [
                    507.072,
                    983.016
                ],
                [
                    485.952,
                    960.984
                ],
                [
                    474.048,
                    947.052
                ],
                [
                    465.024,
                    934.956
                ],
                [
                    451.008,
                    918.972
                ],
                [
                    427.96799999999996,
                    894.024
                ],
                [
                    402.048,
                    864
                ],
                [
                    355.968,
                    810.972
                ],
                [
                    353.088,
                    802.98
                ],
                [
                    360.96,
                    789.048
                ],
                [
                    351.936,
                    778.032
                ],
                [
                    345.024,
                    763.9920000000001
                ],
                [
                    336.96,
                    752.976
                ],
                [
                    334.08,
                    741.96
                ],
                [
                    327.93600000000004,
                    737.964
                ],
                [
                    322.94399999999996,
                    724.032
                ],
                [
                    316.992,
                    720.036
                ],
                [
                    316.992,
                    716.0400000000001
                ],
                [
                    321.024,
                    710.9639999999999
                ],
                [
                    335.03999999999996,
                    699.948
                ],
                [
                    339.072,
                    699.948
                ],
                [
                    351.936,
                    708.048
                ],
                [
                    358.08,
                    708.048
                ],
                [
                    360,
                    705.996
                ],
                [
                    364.99199999999996,
                    706.968
                ],
                [
                    368.064,
                    713.988
                ],
                [
                    378.048,
                    720.036
                ],
                [
                    393.024,
                    736.992
                ],
                [
                    411.072,
                    748.98
                ],
                [
                    421.056,
                    748.98
                ],
                [
                    431.04,
                    760.968
                ],
                [
                    442.94399999999996,
                    771.012
                ],
                [
                    466.944,
                    802.008
                ],
                [
                    480,
                    818.9639999999999
                ],
                [
                    491.904,
                    830.952
                ],
                [
                    499.00800000000004,
                    840.996
                ],
                [
                    522.048,
                    864
                ],
                [
                    533.952,
                    878.04
                ],
                [
                    539.904,
                    886.032
                ],
                [
                    558.912,
                    906.012
                ],
                [
                    576,
                    926.9639999999999
                ],
                [
                    576.96,
                    937.008
                ],
                [
                    561.024,
                    955.044
                ],
                [
                    534.912,
                    979.992
                ],
                [
                    523.0079999999999,
                    987.0120000000001
                ],
                [
                    518.016,
                    987.9839999999999
                ]
            ]
        },
        {
            "ID": "2",
            "CLASS": "유리병",
            "DETAILS": "투명",
            "DAMAGE": "원형",
            "DIRTINESS": "이물질(외부)",
            "COVER": "없음",
            "TRANSPARENCY": "투명",
            "SHAPE": "유리병형",
            "SHAPE_TYPE": "POLYGON",
            "POINTS": [
                [
                    504.96000000000004,
                    1080
                ],
                [
                    514.944,
                    1067.04
                ],
                [
                    522.048,
                    1059.048
                ],
                [
                    527.0400000000001,
                    1053
                ],
                [
                    532.032,
                    1045.008
                ],
                [
                    534.912,
                    1041.984
                ],
                [
                    547.968,
                    1033.02
                ],
                [
                    553.92,
                    1030.968
                ],
                [
                    577.92,
                    1019.952
                ],
                [
                    595.9680000000001,
                    1010.988
                ],
                [
                    609.9839999999999,
                    1005.048
                ],
                [
                    649.9200000000001,
                    991.98
                ],
                [
                    671.04,
                    987.0120000000001
                ],
                [
                    686.016,
                    983.988
                ],
                [
                    695.04,
                    982.044
                ],
                [
                    705.984,
                    979.992
                ],
                [
                    715.008,
                    979.02
                ],
                [
                    733.0559999999999,
                    976.968
                ],
                [
                    744.96,
                    976.968
                ],
                [
                    752.064,
                    978.048
                ],
                [
                    773.952,
                    978.048
                ],
                [
                    788.928,
                    979.992
                ],
                [
                    801.984,
                    982.044
                ],
                [
                    810.048,
                    984.96
                ],
                [
                    817.92,
                    987.9839999999999
                ],
                [
                    830.976,
                    992.952
                ],
                [
                    836.928,
                    996.948
                ],
                [
                    839.04,
                    1002.024
                ],
                [
                    839.04,
                    1017.036
                ],
                [
                    839.04,
                    1080
                ]
            ]
        },
        {
            "ID": "3",
            "CLASS": "유리병",
            "DETAILS": "투명",
            "DAMAGE": "파손",
            "DIRTINESS": "오염없음",
            "COVER": "없음",
            "TRANSPARENCY": "투명",
            "SHAPE": "기타 형태",
            "SHAPE_TYPE": "POLYGON",
            "POINTS": [
                [
                    341.952,
                    1080
                ],
                [
                    331.968,
                    1072.98
                ],
                [
                    320.06399999999996,
                    1061.964
                ],
                [
                    310.08,
                    1056.0240000000001
                ],
                [
                    307.008,
                    1052.028
                ],
                [
                    291.072,
                    1041.012
                ],
                [
                    288,
                    1037.016
                ],
                [
                    288,
                    1033.02
                ],
                [
                    291.072,
                    1026.972
                ],
                [
                    307.96799999999996,
                    1007.964
                ],
                [
                    342.91200000000003,
                    972.972
                ],
                [
                    351.936,
                    963.0360000000001
                ],
                [
                    372.096,
                    944.028
                ],
                [
                    393.024,
                    922.9680000000001
                ],
                [
                    411.072,
                    910.008
                ],
                [
                    412.03200000000004,
                    906.984
                ],
                [
                    418.944,
                    902.0160000000001
                ],
                [
                    418.944,
                    901.0440000000001
                ],
                [
                    423.936,
                    898.9920000000001
                ],
                [
                    426.048,
                    898.9920000000001
                ],
                [
                    431.04,
                    902.0160000000001
                ],
                [
                    441.024,
                    913.032
                ],
                [
                    449.08799999999997,
                    921.996
                ],
                [
                    452.928,
                    928.044
                ],
                [
                    486.912,
                    975.024
                ],
                [
                    494.01599999999996,
                    984.96
                ],
                [
                    504.96000000000004,
                    998.028
                ],
                [
                    524.928,
                    1025.028
                ],
                [
                    528,
                    1030.968
                ],
                [
                    528,
                    1040.04
                ],
                [
                    524.928,
                    1049.0040000000001
                ],
                [
                    514.944,
                    1057.968
                ],
                [
                    508.992,
                    1064.988
                ],
                [
                    507.072,
                    1069.9560000000001
                ],
                [
                    503.04,
                    1072.98
                ],
                [
                    499.00800000000004,
                    1080
                ]
            ]
        }
    ]
}