{
    "IMAGE_INFO": {
        "FILE_NAME": "1088485@0_07003_220919_P1_T3__0997.jpg",
        "DATE": "2022-10-31 14:58:07",
        "RESOLUTION": "1920 x 1080",
        "IMAGE_PHOTOGRAPHER": "권현진",
        "FOCUS_DISTANCE": "4.5",
        "EXPOSURE_TIME": "1/320",
        "SENSITIVITY_ISO": "10000",
        "PLACE": "성남시재활용센터",
        "REGION_NAME": null,
        "Direction": "0",
        "HEIGHT": "95",
        "DAY/NIGHT": "주간",
        "WEATHER": "맑음",
        "IMAGE_HEIGHT": 1080,
        "IMAGE_WIDTH": 1920,
        "IMAGE_SIZE": "650.7 KB"
    },
    "ANNOTATION_INFO": [
        {
            "ID": "1",
            "CLASS": "유리병",
            "DETAILS": "투명",
            "DAMAGE": "원형",
            "DIRTINESS": "이물질(외부)",
            "COVER": "없음",
            "TRANSPARENCY": "투명",
            "SHAPE": "유리병형",
            "SHAPE_TYPE": "POLYGON",
            "POINTS": [
                [
                    1460.928,
                    806.0039999999999
                ],
                [
                    1488,
                    836.028
                ],
                [
                    1622.976,
                    897.048
                ],
                [
                    1684.032,
                    920.052
                ],
                [
                    1662.912,
                    992.952
                ],
                [
                    1627.008,
                    987.0120000000001
                ],
                [
                    1588.992,
                    968.004
                ],
                [
                    1464.96,
                    940.0319999999999
                ],
                [
                    1444.032,
                    940.0319999999999
                ],
                [
                    1376.064,
                    952.02
                ],
                [
                    1211.904,
                    903.9599999999999
                ],
                [
                    1210.944,
                    899.964
                ],
                [
                    985.92,
                    814.9680000000001
                ],
                [
                    1033.92,
                    660.96
                ],
                [
                    1060.0320000000002,
                    655.0200000000001
                ],
                [
                    1281.0240000000001,
                    729
                ],
                [
                    1426.944,
                    776.952
                ]
            ]
        }
    ]
}