{
    "IMAGE_INFO": {
        "FILE_NAME": "1088844@0_07003_220919_P1_T3__0143.jpg",
        "DATE": "2022-10-31 14:57:51",
        "RESOLUTION": "1920 x 1080",
        "IMAGE_PHOTOGRAPHER": "권현진",
        "FOCUS_DISTANCE": "4.5",
        "EXPOSURE_TIME": "1/320",
        "SENSITIVITY_ISO": "10000",
        "PLACE": "성남시재활용센터",
        "REGION_NAME": null,
        "Direction": "0",
        "HEIGHT": "95",
        "DAY/NIGHT": "주간",
        "WEATHER": "맑음",
        "IMAGE_HEIGHT": 1080,
        "IMAGE_WIDTH": 1920,
        "IMAGE_SIZE": "705.2 KB"
    },
    "ANNOTATION_INFO": [
        {
            "ID": "1",
            "CLASS": "유리병",
            "DETAILS": "투명",
            "DAMAGE": "원형",
            "DIRTINESS": "이물질(외부)",
            "COVER": "없음",
            "TRANSPARENCY": "투명",
            "SHAPE": "유리병형",
            "SHAPE_TYPE": "POLYGON",
            "POINTS": [
                [
                    537.984,
                    435.024
                ],
                [
                    546.048,
                    416.01599999999996
                ],
                [
                    565.056,
                    382.968
                ],
                [
                    593.088,
                    354.024
                ],
                [
                    638.016,
                    316.00800000000004
                ],
                [
                    715.008,
                    250.992
                ],
                [
                    792,
                    185.976
                ],
                [
                    805.056,
                    182.952
                ],
                [
                    840.96,
                    201.96
                ],
                [
                    865.9200000000001,
                    230.04
                ],
                [
                    886.08,
                    265.032
                ],
                [
                    891.072,
                    282.96000000000004
                ],
                [
                    884.928,
                    297.972
                ],
                [
                    872.064,
                    305.964
                ],
                [
                    835.008,
                    338.04
                ],
                [
                    768,
                    396.036
                ],
                [
                    699.072,
                    454.032
                ],
                [
                    686.976,
                    465.048
                ],
                [
                    665.088,
                    479.952
                ],
                [
                    622.08,
                    500.04
                ],
                [
                    603.072,
                    497.988
                ],
                [
                    545.088,
                    542.052
                ],
                [
                    542.016,
                    550.044
                ],
                [
                    533.952,
                    559.0079999999999
                ],
                [
                    475.968,
                    609.012
                ],
                [
                    451.008,
                    594.972
                ],
                [
                    435.072,
                    574.992
                ],
                [
                    418.944,
                    551.9879999999999
                ],
                [
                    413.952,
                    540
                ],
                [
                    476.928,
                    488.052
                ],
                [
                    480,
                    489.024
                ],
                [
                    481.92,
                    486.97200000000004
                ],
                [
                    481.92,
                    482.976
                ],
                [
                    486.912,
                    482.976
                ],
                [
                    490.94399999999996,
                    482.976
                ],
                [
                    497.088,
                    477.036
                ]
            ]
        },
        {
            "ID": "2",
            "CLASS": "유리병",
            "DETAILS": "투명",
            "DAMAGE": "원형",
            "DIRTINESS": "이물질(외부)",
            "COVER": "없음",
            "TRANSPARENCY": "투명",
            "SHAPE": "유리병형",
            "SHAPE_TYPE": "POLYGON",
            "POINTS": [
                [
                    1354.944,
                    0
                ],
                [
                    1349.952,
                    11.988000000000001
                ],
                [
                    1339.008,
                    33.048
                ],
                [
                    1331.904,
                    43.956
                ],
                [
                    1323.0720000000001,
                    58.968
                ],
                [
                    1318.08,
                    91.044
                ],
                [
                    1320.9599999999998,
                    120.96000000000001
                ],
                [
                    1329.0240000000001,
                    180.03599999999997
                ],
                [
                    1337.088,
                    235.98
                ],
                [
                    1356.096,
                    363.96000000000004
                ],
                [
                    1361.088,
                    369.036
                ],
                [
                    1368.96,
                    375.94800000000004
                ],
                [
                    1395.0720000000001,
                    382.968
                ],
                [
                    1433.088,
                    378.972
                ],
                [
                    1460.928,
                    374.004
                ],
                [
                    1505.0880000000002,
                    361.044
                ],
                [
                    1521.984,
                    339.98400000000004
                ],
                [
                    1522.944,
                    313.956
                ],
                [
                    1517.952,
                    277.992
                ],
                [
                    1507.968,
                    211.03199999999998
                ],
                [
                    1498.944,
                    138.996
                ],
                [
                    1493.952,
                    108
                ],
                [
                    1488,
                    69.984
                ],
                [
                    1478.016,
                    47.952000000000005
                ],
                [
                    1467.0720000000001,
                    30.023999999999997
                ],
                [
                    1448.0639999999999,
                    14.04
                ],
                [
                    1439.0400000000002,
                    7.992
                ],
                [
                    1435.0079999999998,
                    0
                ]
            ]
        },
        {
            "ID": "3",
            "CLASS": "유리병",
            "DETAILS": "투명",
            "DAMAGE": "원형",
            "DIRTINESS": "이물질(전체)",
            "COVER": "없음",
            "TRANSPARENCY": "투명",
            "SHAPE": "유리병형",
            "SHAPE_TYPE": "POLYGON",
            "POINTS": [
                [
                    1253.952,
                    166.968
                ],
                [
                    1243.008,
                    135.972
                ],
                [
                    1225.9199999999998,
                    124.956
                ],
                [
                    1182.912,
                    112.968
                ],
                [
                    1148.928,
                    115.02
                ],
                [
                    1121.088,
                    120.96000000000001
                ],
                [
                    1109.952,
                    130.03199999999998
                ],
                [
                    1107.0720000000001,
                    143.964
                ],
                [
                    1100.928,
                    174.96
                ],
                [
                    1094.0159999999998,
                    232.95600000000002
                ],
                [
                    1085.952,
                    284.04
                ],
                [
                    1079.0400000000002,
                    343.98
                ],
                [
                    1075.0079999999998,
                    362.988
                ],
                [
                    1075.0079999999998,
                    386.964
                ],
                [
                    1076.9279999999999,
                    401.004
                ],
                [
                    1083.0720000000001,
                    424.008
                ],
                [
                    1091.904,
                    439.02
                ],
                [
                    1094.0159999999998,
                    452.952
                ],
                [
                    1093.056,
                    471.96
                ],
                [
                    1085.952,
                    527.04
                ],
                [
                    1085.952,
                    532.0079999999999
                ],
                [
                    1084.9920000000002,
                    536.976
                ],
                [
                    1080,
                    543.024
                ],
                [
                    1078.08,
                    563.976
                ],
                [
                    1078.08,
                    596.0519999999999
                ],
                [
                    1079.0400000000002,
                    602.964
                ],
                [
                    1094.0159999999998,
                    596.0519999999999
                ],
                [
                    1136.064,
                    598.968
                ],
                [
                    1156.992,
                    609.9839999999999
                ],
                [
                    1161.984,
                    597.996
                ],
                [
                    1165.056,
                    559.9799999999999
                ],
                [
                    1162.944,
                    543.9960000000001
                ],
                [
                    1161.984,
                    528.0120000000001
                ],
                [
                    1174.0800000000002,
                    492.048
                ],
                [
                    1180.0320000000002,
                    458.02799999999996
                ],
                [
                    1185.024,
                    450.036
                ],
                [
                    1198.08,
                    435.996
                ],
                [
                    1214.976,
                    402.948
                ],
                [
                    1224.96,
                    363.96000000000004
                ],
                [
                    1224,
                    351.97200000000004
                ],
                [
                    1232.064,
                    327.99600000000004
                ],
                [
                    1233.9840000000002,
                    297.972
                ],
                [
                    1238.9759999999999,
                    273.024
                ],
                [
                    1243.008,
                    232.95600000000002
                ]
            ]
        },
        {
            "ID": "4",
            "CLASS": "유리병",
            "DETAILS": "투명",
            "DAMAGE": "원형",
            "DIRTINESS": "이물질(외부)",
            "COVER": "없음",
            "TRANSPARENCY": "투명",
            "SHAPE": "유리병형",
            "SHAPE_TYPE": "POLYGON",
            "POINTS": [
                [
                    355.00800000000004,
                    465.048
                ],
                [
                    395.904,
                    510.94800000000004
                ],
                [
                    408,
                    510.94800000000004
                ],
                [
                    412.03200000000004,
                    509.004
                ],
                [
                    414.912,
                    504.036
                ],
                [
                    427.96799999999996,
                    493.02000000000004
                ],
                [
                    427.008,
                    489.024
                ],
                [
                    433.92,
                    479.952
                ],
                [
                    454.08,
                    466.02
                ],
                [
                    546.048,
                    409.968
                ],
                [
                    556.032,
                    389.988
                ],
                [
                    574.0799999999999,
                    366.012
                ],
                [
                    608.064,
                    336.96
                ],
                [
                    686.976,
                    270
                ],
                [
                    678.912,
                    255.95999999999998
                ],
                [
                    657.984,
                    232.95600000000002
                ],
                [
                    637.0559999999999,
                    211.03199999999998
                ],
                [
                    627.072,
                    201.96
                ],
                [
                    620.928,
                    196.99200000000002
                ],
                [
                    606.912,
                    200.016
                ],
                [
                    571.008,
                    231.98399999999998
                ],
                [
                    493.0559999999999,
                    307.044
                ],
                [
                    474.048,
                    327.024
                ],
                [
                    436.032,
                    377.028
                ],
                [
                    404.928,
                    416.988
                ],
                [
                    393.984,
                    435.996
                ],
                [
                    388.032,
                    438.048
                ],
                [
                    382.08000000000004,
                    436.968
                ],
                [
                    374.016,
                    442.044
                ]
            ]
        }
    ]
}