{
    "IMAGE_INFO": {
        "FILE_NAME": "1088889@0_07003_220919_P1_T3__0430.jpg",
        "DATE": "2022-10-31 14:57:58",
        "RESOLUTION": "1920 x 1080",
        "IMAGE_PHOTOGRAPHER": "권현진",
        "FOCUS_DISTANCE": "4.5",
        "EXPOSURE_TIME": "1/320",
        "SENSITIVITY_ISO": "10000",
        "PLACE": "성남시재활용센터",
        "REGION_NAME": null,
        "Direction": "0",
        "HEIGHT": "95",
        "DAY/NIGHT": "주간",
        "WEATHER": "맑음",
        "IMAGE_HEIGHT": 1080,
        "IMAGE_WIDTH": 1920,
        "IMAGE_SIZE": "571.1 KB"
    },
    "ANNOTATION_INFO": [
        {
            "ID": "1",
            "CLASS": "유리병",
            "DETAILS": "투명",
            "DAMAGE": "원형",
            "DIRTINESS": "이물질(외부)",
            "COVER": "없음",
            "TRANSPARENCY": "투명",
            "SHAPE": "유리병형",
            "SHAPE_TYPE": "POLYGON",
            "POINTS": [
                [
                    634.944,
                    147.96
                ],
                [
                    641.088,
                    158.00400000000002
                ],
                [
                    639.9359999999999,
                    189
                ],
                [
                    633.024,
                    208.00799999999998
                ],
                [
                    620.928,
                    212.004
                ],
                [
                    600,
                    208.00799999999998
                ],
                [
                    595.008,
                    196.01999999999998
                ],
                [
                    586.9440000000001,
                    208.00799999999998
                ],
                [
                    575.04,
                    212.976
                ],
                [
                    561.024,
                    205.95600000000002
                ],
                [
                    534.912,
                    213.948
                ],
                [
                    491.904,
                    243
                ],
                [
                    438.912,
                    255.95999999999998
                ],
                [
                    361.92,
                    255.95999999999998
                ],
                [
                    275.904,
                    247.968
                ],
                [
                    217.92000000000002,
                    224.96400000000003
                ],
                [
                    181.05599999999998,
                    212.976
                ],
                [
                    176.06400000000002,
                    165.996
                ],
                [
                    177.984,
                    108
                ],
                [
                    185.088,
                    80.028
                ],
                [
                    196.992,
                    66.96
                ],
                [
                    225.984,
                    58.968
                ],
                [
                    269.952,
                    53.028
                ],
                [
                    339.072,
                    50.976
                ],
                [
                    392.06399999999996,
                    51.94799999999999
                ],
                [
                    459.072,
                    73.98
                ],
                [
                    504,
                    101.952
                ],
                [
                    533.952,
                    123.012
                ],
                [
                    562.9440000000001,
                    128.952
                ],
                [
                    584.0640000000001,
                    132.948
                ],
                [
                    585.984,
                    131.976
                ],
                [
                    590.976,
                    137.05200000000002
                ],
                [
                    599.04,
                    141.048
                ],
                [
                    604.0319999999999,
                    138.024
                ],
                [
                    611.904,
                    138.996
                ],
                [
                    629.952,
                    141.048
                ]
            ]
        }
    ]
}