{
    "IMAGE_INFO": {
        "FILE_NAME": "1088563@0_07003_220919_P1_T3__0516.jpg",
        "DATE": "2022-10-31 14:57:59",
        "RESOLUTION": "1920 x 1080",
        "IMAGE_PHOTOGRAPHER": "권현진",
        "FOCUS_DISTANCE": "4.5",
        "EXPOSURE_TIME": "1/320",
        "SENSITIVITY_ISO": "10000",
        "PLACE": "성남시재활용센터",
        "REGION_NAME": null,
        "Direction": "0",
        "HEIGHT": "95",
        "DAY/NIGHT": "주간",
        "WEATHER": "맑음",
        "IMAGE_HEIGHT": 1080,
        "IMAGE_WIDTH": 1920,
        "IMAGE_SIZE": "597.8 KB"
    },
    "ANNOTATION_INFO": [
        {
            "ID": "1",
            "CLASS": "유리병",
            "DETAILS": "투명",
            "DAMAGE": "원형",
            "DIRTINESS": "이물질(외부)",
            "COVER": "없음",
            "TRANSPARENCY": "불투명",
            "SHAPE": "유리병형",
            "SHAPE_TYPE": "POLYGON",
            "POINTS": [
                [
                    1277.952,
                    477.036
                ],
                [
                    1292.9279999999999,
                    516.024
                ],
                [
                    1318.08,
                    600.048
                ],
                [
                    1373.952,
                    671.0039999999999
                ],
                [
                    1419.072,
                    733.968
                ],
                [
                    1531.968,
                    786.024
                ],
                [
                    1537.92,
                    802.008
                ],
                [
                    1536,
                    814.9680000000001
                ],
                [
                    1551.9360000000001,
                    821.9879999999999
                ],
                [
                    1580.928,
                    852.9839999999999
                ],
                [
                    1597.056,
                    843.048
                ],
                [
                    1643.904,
                    812.052
                ],
                [
                    1627.008,
                    782.028
                ],
                [
                    1609.92,
                    759.996
                ],
                [
                    1592.064,
                    725.004
                ],
                [
                    1574.976,
                    602.964
                ],
                [
                    1530.048,
                    508.032
                ],
                [
                    1502.016,
                    474.012
                ],
                [
                    1455.936,
                    432.972
                ],
                [
                    1416,
                    408.024
                ],
                [
                    1393.92,
                    405.97200000000004
                ],
                [
                    1357.056,
                    420.984
                ],
                [
                    1326.912,
                    444.96
                ]
            ]
        }
    ]
}