{
    "IMAGE_INFO": {
        "FILE_NAME": "1088701@0_07003_220919_P1_T3__1715.jpg",
        "DATE": "2022-10-31 14:58:22",
        "RESOLUTION": "1920 x 1080",
        "IMAGE_PHOTOGRAPHER": "권현진",
        "FOCUS_DISTANCE": "4.5",
        "EXPOSURE_TIME": "1/320",
        "SENSITIVITY_ISO": "10000",
        "PLACE": "성남시재활용센터",
        "REGION_NAME": null,
        "Direction": "0",
        "HEIGHT": "95",
        "DAY/NIGHT": "주간",
        "WEATHER": "맑음",
        "IMAGE_HEIGHT": 1080,
        "IMAGE_WIDTH": 1920,
        "IMAGE_SIZE": "705.2 KB"
    },
    "ANNOTATION_INFO": [
        {
            "ID": "1",
            "CLASS": "유리병",
            "DETAILS": "투명",
            "DAMAGE": "원형",
            "DIRTINESS": "이물질(외부)",
            "COVER": "없음",
            "TRANSPARENCY": "투명",
            "SHAPE": "유리병형",
            "SHAPE_TYPE": "POLYGON",
            "POINTS": [
                [
                    467.904,
                    378.972
                ],
                [
                    432,
                    378
                ],
                [
                    412.03200000000004,
                    361.044
                ],
                [
                    407.03999999999996,
                    348.948
                ],
                [
                    407.03999999999996,
                    339.98400000000004
                ],
                [
                    401.088,
                    331.992
                ],
                [
                    395.904,
                    300.024
                ],
                [
                    388.032,
                    282.96000000000004
                ],
                [
                    388.032,
                    272.052
                ],
                [
                    382.08000000000004,
                    255.95999999999998
                ],
                [
                    370.944,
                    243.97199999999998
                ],
                [
                    374.016,
                    211.03199999999998
                ],
                [
                    382.08000000000004,
                    197.964
                ],
                [
                    395.904,
                    188.028
                ],
                [
                    421.056,
                    177.012
                ],
                [
                    432,
                    176.04000000000002
                ],
                [
                    442.94399999999996,
                    169.99200000000002
                ],
                [
                    456.96,
                    169.99200000000002
                ],
                [
                    461.952,
                    165.996
                ],
                [
                    470.01599999999996,
                    165.024
                ],
                [
                    475.968,
                    161.02800000000002
                ],
                [
                    484.032,
                    159.948
                ],
                [
                    491.904,
                    154.008
                ],
                [
                    519.9359999999999,
                    149.04000000000002
                ],
                [
                    528,
                    145.044
                ],
                [
                    537.024,
                    145.044
                ],
                [
                    552.9599999999999,
                    135
                ],
                [
                    566.976,
                    132.948
                ],
                [
                    580.992,
                    123.984
                ],
                [
                    596.928,
                    119.988
                ],
                [
                    617.0880000000001,
                    118.044
                ],
                [
                    629.952,
                    111.996
                ],
                [
                    657.984,
                    105.94800000000001
                ],
                [
                    666.048,
                    100.98
                ],
                [
                    694.0799999999999,
                    95.03999999999999
                ],
                [
                    763.0079999999999,
                    69.012
                ],
                [
                    771.072,
                    68.04
                ],
                [
                    829.056,
                    46.98
                ],
                [
                    875.904,
                    34.992
                ],
                [
                    894.912,
                    27
                ],
                [
                    915.072,
                    23.003999999999998
                ],
                [
                    931.008,
                    23.976000000000003
                ],
                [
                    939.072,
                    27
                ],
                [
                    953.088,
                    38.988
                ],
                [
                    961.92,
                    42.01199999999999
                ],
                [
                    973.056,
                    50.004
                ],
                [
                    1003.0079999999999,
                    49.032000000000004
                ],
                [
                    1006.08,
                    46.007999999999996
                ],
                [
                    1025.0880000000002,
                    45.036
                ],
                [
                    1057.92,
                    34.992
                ],
                [
                    1097.088,
                    19.98
                ],
                [
                    1132.992,
                    14.04
                ],
                [
                    1143.936,
                    7.992
                ],
                [
                    1146.048,
                    3.024
                ],
                [
                    1155.0720000000001,
                    0.972
                ],
                [
                    1181.952,
                    27.971999999999998
                ],
                [
                    1185.024,
                    38.988
                ],
                [
                    1190.9759999999999,
                    42.984
                ],
                [
                    1193.088,
                    49.032000000000004
                ],
                [
                    1193.088,
                    53.028
                ],
                [
                    1188.096,
                    57.995999999999995
                ],
                [
                    1188.096,
                    65.01599999999999
                ],
                [
                    1176.96,
                    72.036
                ],
                [
                    1174.0800000000002,
                    80.028
                ],
                [
                    1141.056,
                    95.03999999999999
                ],
                [
                    1113.024,
                    100.008
                ],
                [
                    1085.952,
                    111.996
                ],
                [
                    1075.0079999999998,
                    115.02
                ],
                [
                    1060.992,
                    123.012
                ],
                [
                    1050.048,
                    127.008
                ],
                [
                    1036.032,
                    128.952
                ],
                [
                    1022.016,
                    135
                ],
                [
                    1019.904,
                    138.996
                ],
                [
                    1011.0719999999999,
                    142.992
                ],
                [
                    1008,
                    153.036
                ],
                [
                    999.936,
                    164.05200000000002
                ],
                [
                    999.936,
                    191.052
                ],
                [
                    994.944,
                    200.016
                ],
                [
                    985.92,
                    207.036
                ],
                [
                    974.9760000000001,
                    211.03199999999998
                ],
                [
                    966.912,
                    216.972
                ],
                [
                    955.9680000000001,
                    220.96800000000002
                ],
                [
                    941.952,
                    223.01999999999998
                ],
                [
                    936.96,
                    228.95999999999998
                ],
                [
                    936.96,
                    234.036
                ],
                [
                    908.928,
                    234.036
                ],
                [
                    901.056,
                    242.028
                ],
                [
                    894.912,
                    243.97199999999998
                ],
                [
                    889.9200000000001,
                    243.97199999999998
                ],
                [
                    873.024,
                    249.048
                ],
                [
                    859.008,
                    249.048
                ],
                [
                    801.984,
                    261.036
                ],
                [
                    778.944,
                    267.948
                ],
                [
                    777.024,
                    270.97200000000004
                ],
                [
                    748.992,
                    278.964
                ],
                [
                    720.96,
                    284.04
                ],
                [
                    699.072,
                    290.952
                ],
                [
                    696.96,
                    293.976
                ],
                [
                    682.9440000000001,
                    299.05199999999996
                ],
                [
                    675.072,
                    300.024
                ],
                [
                    633.024,
                    316.97999999999996
                ],
                [
                    629.952,
                    319.032
                ],
                [
                    628.032,
                    327.024
                ],
                [
                    622.08,
                    332.964
                ],
                [
                    610.944,
                    338.04
                ],
                [
                    603.072,
                    347.976
                ],
                [
                    585.984,
                    350.028
                ],
                [
                    580.992,
                    351.97200000000004
                ],
                [
                    552.9599999999999,
                    370.98
                ],
                [
                    526.08,
                    375.94800000000004
                ],
                [
                    491.904,
                    375.94800000000004
                ],
                [
                    467.904,
                    378.972
                ]
            ]
        },
        {
            "ID": "2",
            "CLASS": "유리병",
            "DETAILS": "투명",
            "DAMAGE": "원형",
            "DIRTINESS": "이물질(외부)",
            "COVER": "없음",
            "TRANSPARENCY": "투명",
            "SHAPE": "유리병형",
            "SHAPE_TYPE": "POLYGON",
            "POINTS": [
                [
                    292.992,
                    324
                ],
                [
                    281.088,
                    323.02799999999996
                ],
                [
                    265.92,
                    312.012
                ],
                [
                    257.08799999999997,
                    308.016
                ],
                [
                    244.992,
                    300.024
                ],
                [
                    216,
                    278.964
                ],
                [
                    214.08,
                    278.964
                ],
                [
                    201.984,
                    270.97200000000004
                ],
                [
                    144,
                    227.016
                ],
                [
                    143.04,
                    223.992
                ],
                [
                    138.048,
                    220.96800000000002
                ],
                [
                    132.096,
                    212.976
                ],
                [
                    130.944,
                    204.984
                ],
                [
                    130.944,
                    185.976
                ],
                [
                    137.08800000000002,
                    177.984
                ],
                [
                    138.048,
                    169.99200000000002
                ],
                [
                    143.04,
                    166.968
                ],
                [
                    145.92,
                    159.948
                ],
                [
                    148.99200000000002,
                    158.976
                ],
                [
                    149.952,
                    153.036
                ],
                [
                    163.96800000000002,
                    142.02
                ],
                [
                    162.048,
                    138.024
                ],
                [
                    169.92,
                    135.972
                ],
                [
                    181.05599999999998,
                    124.956
                ],
                [
                    192.96,
                    104.00399999999999
                ],
                [
                    203.904,
                    92.988
                ],
                [
                    212.928,
                    68.04
                ],
                [
                    221.952,
                    54.972
                ],
                [
                    268.032,
                    0.972
                ],
                [
                    532.9920000000001,
                    0
                ],
                [
                    523.968,
                    12.96
                ],
                [
                    513.024,
                    23.976000000000003
                ],
                [
                    507.072,
                    38.016000000000005
                ],
                [
                    491.904,
                    60.047999999999995
                ],
                [
                    483.072,
                    69.012
                ],
                [
                    454.08,
                    123.984
                ],
                [
                    445.05600000000004,
                    135.972
                ],
                [
                    438.912,
                    141.048
                ],
                [
                    436.992,
                    141.048
                ],
                [
                    425.088,
                    154.008
                ],
                [
                    412.03200000000004,
                    177.984
                ],
                [
                    412.03200000000004,
                    181.98000000000002
                ],
                [
                    403.008,
                    189
                ],
                [
                    390.91200000000003,
                    195.048
                ],
                [
                    384.96000000000004,
                    201.96
                ],
                [
                    379.008,
                    212.004
                ],
                [
                    372.096,
                    239.004
                ],
                [
                    353.088,
                    267.948
                ],
                [
                    345.024,
                    276.048
                ],
                [
                    341.952,
                    284.04
                ],
                [
                    331.968,
                    299.05199999999996
                ],
                [
                    311.04,
                    319.032
                ],
                [
                    292.992,
                    324
                ]
            ]
        }
    ]
}