{
    "IMAGE_INFO": {
        "FILE_NAME": "1088707@0_07003_220919_P1_T3__0519.jpg",
        "DATE": "2022-10-31 14:57:59",
        "RESOLUTION": "1920 x 1080",
        "IMAGE_PHOTOGRAPHER": "권현진",
        "FOCUS_DISTANCE": "4.5",
        "EXPOSURE_TIME": "1/320",
        "SENSITIVITY_ISO": "10000",
        "PLACE": "성남시재활용센터",
        "REGION_NAME": null,
        "Direction": "0",
        "HEIGHT": "95",
        "DAY/NIGHT": "주간",
        "WEATHER": "맑음",
        "IMAGE_HEIGHT": 1080,
        "IMAGE_WIDTH": 1920,
        "IMAGE_SIZE": "602.1 KB"
    },
    "ANNOTATION_INFO": [
        {
            "ID": "1",
            "CLASS": "유리병",
            "DETAILS": "투명",
            "DAMAGE": "원형",
            "DIRTINESS": "이물질(외부)",
            "COVER": "없음",
            "TRANSPARENCY": "투명",
            "SHAPE": "유리병형",
            "SHAPE_TYPE": "POLYGON",
            "POINTS": [
                [
                    1578.048,
                    315.036
                ],
                [
                    1569.984,
                    311.03999999999996
                ],
                [
                    1558.08,
                    300.996
                ],
                [
                    1555.0079999999998,
                    296.028
                ],
                [
                    1545.9840000000002,
                    289.98
                ],
                [
                    1532.9279999999999,
                    274.968
                ],
                [
                    1532.9279999999999,
                    266.00399999999996
                ],
                [
                    1529.088,
                    258.012
                ],
                [
                    1515.0720000000001,
                    246.024
                ],
                [
                    1494.9119999999998,
                    236.95200000000003
                ],
                [
                    1473.9840000000002,
                    232.95600000000002
                ],
                [
                    1463.04,
                    228.95999999999998
                ],
                [
                    1411.008,
                    199.04399999999998
                ],
                [
                    1406.976,
                    192.024
                ],
                [
                    1382.976,
                    168.04799999999997
                ],
                [
                    1369.92,
                    147.96
                ],
                [
                    1358.9759999999999,
                    138.996
                ],
                [
                    1339.008,
                    104.976
                ],
                [
                    1330.944,
                    97.956
                ],
                [
                    1329.984,
                    92.988
                ],
                [
                    1318.08,
                    80.028
                ],
                [
                    1315.0079999999998,
                    73.008
                ],
                [
                    1310.016,
                    69.012
                ],
                [
                    1309.056,
                    64.044
                ],
                [
                    1302.912,
                    58.968
                ],
                [
                    1296.96,
                    11.988000000000001
                ],
                [
                    1292.9279999999999,
                    7.992
                ],
                [
                    1290.048,
                    0
                ],
                [
                    1526.0159999999998,
                    0
                ],
                [
                    1540.992,
                    19.008000000000003
                ],
                [
                    1541.952,
                    23.976000000000003
                ],
                [
                    1551.9360000000001,
                    38.988
                ],
                [
                    1556.9279999999999,
                    42.01199999999999
                ],
                [
                    1563.0720000000001,
                    50.976
                ],
                [
                    1569.984,
                    77.004
                ],
                [
                    1574.976,
                    84.02399999999999
                ],
                [
                    1579.008,
                    119.016
                ],
                [
                    1584.96,
                    138.024
                ],
                [
                    1592.064,
                    145.044
                ],
                [
                    1606.08,
                    138.024
                ],
                [
                    1606.08,
                    142.992
                ],
                [
                    1594.944,
                    159.948
                ],
                [
                    1594.944,
                    162.972
                ],
                [
                    1592.064,
                    165.024
                ],
                [
                    1590.912,
                    174.96
                ],
                [
                    1588.032,
                    178.956
                ],
                [
                    1592.064,
                    186.948
                ],
                [
                    1590.912,
                    207.036
                ],
                [
                    1592.064,
                    209.952
                ],
                [
                    1597.056,
                    212.004
                ],
                [
                    1621.056,
                    234.036
                ],
                [
                    1621.056,
                    245.052
                ],
                [
                    1636.032,
                    274.968
                ],
                [
                    1636.032,
                    281.988
                ],
                [
                    1632.96,
                    286.956
                ],
                [
                    1621.056,
                    297
                ],
                [
                    1606.08,
                    305.964
                ],
                [
                    1584,
                    315.036
                ],
                [
                    1578.048,
                    315.036
                ]
            ]
        }
    ]
}