{
    "IMAGE_INFO": {
        "FILE_NAME": "1088946@0_07003_220919_P1_T3__1847.jpg",
        "DATE": "2022-10-31 14:58:24",
        "RESOLUTION": "1920 x 1080",
        "IMAGE_PHOTOGRAPHER": "권현진",
        "FOCUS_DISTANCE": "4.5",
        "EXPOSURE_TIME": "1/320",
        "SENSITIVITY_ISO": "10000",
        "PLACE": "성남시재활용센터",
        "REGION_NAME": null,
        "Direction": "0",
        "HEIGHT": "95",
        "DAY/NIGHT": "주간",
        "WEATHER": "맑음",
        "IMAGE_HEIGHT": 1080,
        "IMAGE_WIDTH": 1920,
        "IMAGE_SIZE": "708.7 KB"
    },
    "ANNOTATION_INFO": [
        {
            "ID": "1",
            "CLASS": "유리병",
            "DETAILS": "투명",
            "DAMAGE": "원형",
            "DIRTINESS": "이물질(외부)",
            "COVER": "없음",
            "TRANSPARENCY": "투명",
            "SHAPE": "유리병형",
            "SHAPE_TYPE": "POLYGON",
            "POINTS": [
                [
                    1334.976,
                    628.9920000000001
                ],
                [
                    1347.0720000000001,
                    643.032
                ],
                [
                    1353.9840000000002,
                    671.976
                ],
                [
                    1350.912,
                    712.044
                ],
                [
                    1343.04,
                    744.012
                ],
                [
                    1334.0159999999998,
                    758.052
                ],
                [
                    1313.088,
                    768.9599999999999
                ],
                [
                    1152,
                    752.976
                ],
                [
                    1123.008,
                    747.036
                ],
                [
                    1099.008,
                    740.988
                ],
                [
                    1073.088,
                    729.972
                ],
                [
                    1043.904,
                    716.0400000000001
                ],
                [
                    1025.0880000000002,
                    702
                ],
                [
                    1013.952,
                    697.0319999999999
                ],
                [
                    1009.9200000000001,
                    693.0360000000001
                ],
                [
                    998.976,
                    698.004
                ],
                [
                    997.0559999999999,
                    704.052
                ],
                [
                    980.928,
                    702
                ],
                [
                    969.0240000000001,
                    698.976
                ],
                [
                    960,
                    697.0319999999999
                ],
                [
                    949.056,
                    697.0319999999999
                ],
                [
                    939.072,
                    691.956
                ],
                [
                    936.96,
                    668.952
                ],
                [
                    940.0319999999999,
                    645.948
                ],
                [
                    946.9440000000001,
                    624.024
                ],
                [
                    958.08,
                    609.9839999999999
                ],
                [
                    980.928,
                    612.036
                ],
                [
                    993.024,
                    613.98
                ],
                [
                    1008.9599999999999,
                    618.9480000000001
                ],
                [
                    1030.08,
                    624.996
                ],
                [
                    1056.96,
                    623.052
                ],
                [
                    1094.0159999999998,
                    609.9839999999999
                ],
                [
                    1134.9119999999998,
                    602.964
                ],
                [
                    1175.04,
                    609.9839999999999
                ],
                [
                    1248.96,
                    617.976
                ],
                [
                    1306.944,
                    621
                ]
            ]
        },
        {
            "ID": "2",
            "CLASS": "유리병",
            "DETAILS": "투명",
            "DAMAGE": "원형",
            "DIRTINESS": "이물질(외부)",
            "COVER": "없음",
            "TRANSPARENCY": "투명",
            "SHAPE": "유리병형",
            "SHAPE_TYPE": "POLYGON",
            "POINTS": [
                [
                    1620.096,
                    1001.0519999999999
                ],
                [
                    1613.952,
                    999
                ],
                [
                    1608,
                    992.952
                ],
                [
                    1596.096,
                    971.028
                ],
                [
                    1593.024,
                    953.9639999999999
                ],
                [
                    1580.928,
                    936.0360000000001
                ],
                [
                    1580.928,
                    932.04
                ],
                [
                    1577.088,
                    928.044
                ],
                [
                    1574.0159999999998,
                    920.052
                ],
                [
                    1569.0240000000001,
                    914.976
                ],
                [
                    1568.0639999999999,
                    909.0360000000001
                ],
                [
                    1556.9279999999999,
                    897.048
                ],
                [
                    1555.968,
                    891.972
                ],
                [
                    1553.088,
                    888.9480000000001
                ],
                [
                    1537.92,
                    883.98
                ],
                [
                    1521.0240000000001,
                    883.008
                ],
                [
                    1511.04,
                    879.9839999999999
                ],
                [
                    1484.9279999999999,
                    863.028
                ],
                [
                    1479.9360000000001,
                    857.952
                ],
                [
                    1478.9759999999999,
                    852.9839999999999
                ],
                [
                    1464.96,
                    834.948
                ],
                [
                    1460.928,
                    821.9879999999999
                ],
                [
                    1449.984,
                    805.0319999999999
                ],
                [
                    1449.0240000000001,
                    798.984
                ],
                [
                    1436.9279999999999,
                    779.004
                ],
                [
                    1434.048,
                    766.0440000000001
                ],
                [
                    1406.976,
                    717.9839999999999
                ],
                [
                    1403.904,
                    709.02
                ],
                [
                    1398.912,
                    702.972
                ],
                [
                    1388.928,
                    678.024
                ],
                [
                    1382.016,
                    670.0319999999999
                ],
                [
                    1381.056,
                    663.984
                ],
                [
                    1357.056,
                    623.052
                ],
                [
                    1354.944,
                    616.032
                ],
                [
                    1352.064,
                    613.98
                ],
                [
                    1348.992,
                    605.0160000000001
                ],
                [
                    1343.04,
                    598.968
                ],
                [
                    1343.04,
                    594.972
                ],
                [
                    1337.088,
                    587.952
                ],
                [
                    1328.0639999999999,
                    560.952
                ],
                [
                    1328.0639999999999,
                    540
                ],
                [
                    1329.984,
                    536.004
                ],
                [
                    1345.9199999999998,
                    520.992
                ],
                [
                    1376.064,
                    501.984
                ],
                [
                    1430.9759999999999,
                    477.036
                ],
                [
                    1473.9840000000002,
                    462.024
                ],
                [
                    1478.9759999999999,
                    462.024
                ],
                [
                    1491.072,
                    465.048
                ],
                [
                    1497.024,
                    470.988
                ],
                [
                    1497.024,
                    475.95599999999996
                ],
                [
                    1513.92,
                    506.952
                ],
                [
                    1523.904,
                    532.0079999999999
                ],
                [
                    1561.92,
                    601.992
                ],
                [
                    1584,
                    650.052
                ],
                [
                    1618.944,
                    717.0120000000001
                ],
                [
                    1620.096,
                    722.952
                ],
                [
                    1633.92,
                    745.956
                ],
                [
                    1647.936,
                    785.052
                ],
                [
                    1647.936,
                    803.952
                ],
                [
                    1640.0639999999999,
                    825.0120000000001
                ],
                [
                    1631.04,
                    839.052
                ],
                [
                    1627.968,
                    852.9839999999999
                ],
                [
                    1655.04,
                    920.052
                ],
                [
                    1666.944,
                    933.984
                ],
                [
                    1679.0400000000002,
                    968.004
                ],
                [
                    1675.968,
                    972.972
                ],
                [
                    1671.9360000000001,
                    974.052
                ],
                [
                    1665.9840000000002,
                    979.02
                ],
                [
                    1656.96,
                    982.044
                ],
                [
                    1651.008,
                    987.0120000000001
                ],
                [
                    1645.056,
                    987.9839999999999
                ],
                [
                    1638.912,
                    992.952
                ],
                [
                    1631.04,
                    995.004
                ],
                [
                    1627.968,
                    998.028
                ],
                [
                    1620.096,
                    1001.0519999999999
                ]
            ]
        },
        {
            "ID": "3",
            "CLASS": "유리병",
            "DETAILS": "투명",
            "DAMAGE": "원형",
            "DIRTINESS": "오염없음",
            "COVER": "없음",
            "TRANSPARENCY": "투명",
            "SHAPE": "유리병형",
            "SHAPE_TYPE": "POLYGON",
            "POINTS": [
                [
                    714.048,
                    866.0519999999999
                ],
                [
                    692.928,
                    864.972
                ],
                [
                    678.912,
                    857.952
                ],
                [
                    623.04,
                    839.052
                ],
                [
                    599.04,
                    826.956
                ],
                [
                    577.92,
                    820.044
                ],
                [
                    553.92,
                    814.9680000000001
                ],
                [
                    547.968,
                    810.972
                ],
                [
                    543.936,
                    810.972
                ],
                [
                    522.048,
                    802.008
                ],
                [
                    504,
                    797.04
                ],
                [
                    495.9359999999999,
                    793.044
                ],
                [
                    474.048,
                    786.024
                ],
                [
                    467.904,
                    782.028
                ],
                [
                    461.952,
                    780.948
                ],
                [
                    445.05600000000004,
                    774.0360000000001
                ],
                [
                    432,
                    767.9879999999999
                ],
                [
                    418.944,
                    763.9920000000001
                ],
                [
                    399.93600000000004,
                    759.024
                ],
                [
                    380.928,
                    752.004
                ],
                [
                    370.944,
                    749.952
                ],
                [
                    360.96,
                    745.956
                ],
                [
                    349.056,
                    732.024
                ],
                [
                    350.976,
                    682.02
                ],
                [
                    349.056,
                    675
                ],
                [
                    332.928,
                    667.98
                ],
                [
                    289.92,
                    655.9920000000001
                ],
                [
                    265.92,
                    644.004
                ],
                [
                    244.03199999999998,
                    639.0360000000001
                ],
                [
                    221.952,
                    631.0440000000001
                ],
                [
                    217.92000000000002,
                    631.0440000000001
                ],
                [
                    197.952,
                    621.972
                ],
                [
                    177.024,
                    617.004
                ],
                [
                    133.056,
                    600.048
                ],
                [
                    130.944,
                    597.024
                ],
                [
                    130.944,
                    581.0400000000001
                ],
                [
                    134.976,
                    556.956
                ],
                [
                    150.912,
                    525.96
                ],
                [
                    158.976,
                    517.9680000000001
                ],
                [
                    164.928,
                    516.996
                ],
                [
                    182.976,
                    520.992
                ],
                [
                    197.952,
                    525.96
                ],
                [
                    249.984,
                    547.02
                ],
                [
                    282.048,
                    556.956
                ],
                [
                    289.92,
                    558.0360000000001
                ],
                [
                    306.048,
                    566.028
                ],
                [
                    313.92,
                    575.9639999999999
                ],
                [
                    329.08799999999997,
                    582.9839999999999
                ],
                [
                    342.91200000000003,
                    593.028
                ],
                [
                    359.04,
                    596.0519999999999
                ],
                [
                    363.072,
                    597.996
                ],
                [
                    366.912,
                    597.996
                ],
                [
                    377.08799999999997,
                    593.028
                ],
                [
                    380.928,
                    585.036
                ],
                [
                    393.024,
                    571.968
                ],
                [
                    394.94399999999996,
                    566.028
                ],
                [
                    404.928,
                    555.0120000000001
                ],
                [
                    422.976,
                    543.9960000000001
                ],
                [
                    431.04,
                    543.9960000000001
                ],
                [
                    499.968,
                    566.028
                ],
                [
                    505.92,
                    570.024
                ],
                [
                    536.064,
                    578.988
                ],
                [
                    557.952,
                    587.952
                ],
                [
                    566.016,
                    589.032
                ],
                [
                    582.9119999999999,
                    596.0519999999999
                ],
                [
                    593.088,
                    597.996
                ],
                [
                    599.04,
                    601.992
                ],
                [
                    638.976,
                    613.008
                ],
                [
                    665.088,
                    624.996
                ],
                [
                    675.072,
                    627.048
                ],
                [
                    681.024,
                    631.0440000000001
                ],
                [
                    763.968,
                    659.016
                ],
                [
                    783.936,
                    670.0319999999999
                ],
                [
                    787.968,
                    678.9960000000001
                ],
                [
                    787.968,
                    697.0319999999999
                ],
                [
                    779.904,
                    732.024
                ],
                [
                    766.08,
                    774.0360000000001
                ],
                [
                    766.08,
                    790.0200000000001
                ],
                [
                    759.9359999999999,
                    799.956
                ],
                [
                    759.9359999999999,
                    805.0319999999999
                ],
                [
                    752.064,
                    813.024
                ],
                [
                    748.032,
                    825.0120000000001
                ],
                [
                    744,
                    828.0360000000001
                ],
                [
                    735.9359999999999,
                    848.016
                ],
                [
                    724.0319999999999,
                    861.948
                ]
            ]
        },
        {
            "ID": "4",
            "CLASS": "유리병",
            "DETAILS": "투명",
            "DAMAGE": "원형",
            "DIRTINESS": "이물질(외부)",
            "COVER": "없음",
            "TRANSPARENCY": "투명",
            "SHAPE": "유리병형",
            "SHAPE_TYPE": "POLYGON",
            "POINTS": [
                [
                    401.088,
                    759.996
                ],
                [
                    427.96799999999996,
                    767.9879999999999
                ],
                [
                    433.92,
                    779.976
                ],
                [
                    445.05600000000004,
                    807.948
                ],
                [
                    452.928,
                    832.0319999999999
                ],
                [
                    454.08,
                    856.0079999999999
                ],
                [
                    432,
                    866.0519999999999
                ],
                [
                    427.008,
                    866.0519999999999
                ],
                [
                    418.944,
                    868.968
                ],
                [
                    413.952,
                    867.996
                ],
                [
                    404.928,
                    870.048
                ],
                [
                    393.024,
                    876.96
                ],
                [
                    380.928,
                    886.032
                ],
                [
                    374.976,
                    890.028
                ],
                [
                    370.944,
                    901.0440000000001
                ],
                [
                    365.952,
                    911.952
                ],
                [
                    358.08,
                    921.996
                ],
                [
                    346.944,
                    929.9879999999999
                ],
                [
                    334.08,
                    933.984
                ],
                [
                    307.96799999999996,
                    933.984
                ],
                [
                    282.048,
                    937.98
                ],
                [
                    264,
                    941.0039999999999
                ],
                [
                    240,
                    948.9960000000001
                ],
                [
                    222.91199999999998,
                    957.96
                ],
                [
                    206.01600000000002,
                    968.004
                ],
                [
                    197.952,
                    974.052
                ],
                [
                    190.08,
                    980.9639999999999
                ],
                [
                    182.016,
                    987.9839999999999
                ],
                [
                    172.032,
                    992.952
                ],
                [
                    162.048,
                    999
                ],
                [
                    149.952,
                    1003.968
                ],
                [
                    139.96800000000002,
                    1006.02
                ],
                [
                    120.96000000000001,
                    1003.968
                ],
                [
                    106.944,
                    995.004
                ],
                [
                    94.08,
                    975.024
                ],
                [
                    76.03200000000001,
                    934.956
                ],
                [
                    68.928,
                    914.976
                ],
                [
                    62.976000000000006,
                    890.028
                ],
                [
                    62.016000000000005,
                    868.968
                ],
                [
                    67.968,
                    856.0079999999999
                ],
                [
                    85.056,
                    840.024
                ],
                [
                    110.01599999999999,
                    836.028
                ],
                [
                    139.008,
                    832.0319999999999
                ],
                [
                    163.008,
                    830.952
                ],
                [
                    196.03199999999998,
                    824.04
                ],
                [
                    216.96,
                    816.048
                ],
                [
                    244.992,
                    801.0360000000001
                ],
                [
                    263.04,
                    786.996
                ],
                [
                    282.048,
                    774.0360000000001
                ],
                [
                    293.952,
                    770.04
                ],
                [
                    313.92,
                    772.956
                ],
                [
                    331.008,
                    780.948
                ],
                [
                    347.904,
                    783.972
                ],
                [
                    375.936,
                    782.028
                ],
                [
                    382.08000000000004,
                    776.952
                ],
                [
                    384,
                    771.012
                ],
                [
                    388.032,
                    771.012
                ],
                [
                    393.024,
                    770.04
                ],
                [
                    393.984,
                    766.0440000000001
                ],
                [
                    395.904,
                    763.9920000000001
                ],
                [
                    399.93600000000004,
                    763.9920000000001
                ]
            ]
        }
    ]
}