{
    "IMAGE_INFO": {
        "FILE_NAME": "1088491@0_07003_220919_P1_T3__1894.jpg",
        "DATE": "2022-10-31 14:58:25",
        "RESOLUTION": "1920 x 1080",
        "IMAGE_PHOTOGRAPHER": "권현진",
        "FOCUS_DISTANCE": "4.5",
        "EXPOSURE_TIME": "1/320",
        "SENSITIVITY_ISO": "10000",
        "PLACE": "성남시재활용센터",
        "REGION_NAME": null,
        "Direction": "0",
        "HEIGHT": "95",
        "DAY/NIGHT": "주간",
        "WEATHER": "맑음",
        "IMAGE_HEIGHT": 1080,
        "IMAGE_WIDTH": 1920,
        "IMAGE_SIZE": "683.3 KB"
    },
    "ANNOTATION_INFO": [
        {
            "ID": "1",
            "CLASS": "유리병",
            "DETAILS": "투명",
            "DAMAGE": "파손",
            "DIRTINESS": "이물질(외부)",
            "COVER": "없음",
            "TRANSPARENCY": "투명",
            "SHAPE": "유리병형",
            "SHAPE_TYPE": "POLYGON",
            "POINTS": [
                [
                    701.952,
                    675.972
                ],
                [
                    720.96,
                    686.016
                ],
                [
                    868.032,
                    637.956
                ],
                [
                    867.072,
                    598.968
                ],
                [
                    848.064,
                    555.0120000000001
                ],
                [
                    802.9440000000001,
                    419.04
                ],
                [
                    787.0079999999999,
                    346.03200000000004
                ],
                [
                    758.016,
                    282.96000000000004
                ],
                [
                    681.024,
                    307.044
                ],
                [
                    672,
                    317.952
                ],
                [
                    642.048,
                    326.052
                ],
                [
                    603.072,
                    346.03200000000004
                ],
                [
                    667.968,
                    581.0400000000001
                ]
            ]
        },
        {
            "ID": "2",
            "CLASS": "유리병",
            "DETAILS": "투명",
            "DAMAGE": "원형",
            "DIRTINESS": "이물질(외부)",
            "COVER": "없음",
            "TRANSPARENCY": "투명",
            "SHAPE": "유리병형",
            "SHAPE_TYPE": "POLYGON",
            "POINTS": [
                [
                    1017.0239999999999,
                    216.972
                ],
                [
                    1041.984,
                    243
                ],
                [
                    1273.92,
                    354.996
                ],
                [
                    1344,
                    397.98
                ],
                [
                    1372.032,
                    428.976
                ],
                [
                    1392,
                    466.992
                ],
                [
                    1436.9279999999999,
                    496.044
                ],
                [
                    1476.096,
                    513
                ],
                [
                    1448.0639999999999,
                    582.0120000000001
                ],
                [
                    1401.0240000000001,
                    554.04
                ],
                [
                    1361.088,
                    537.948
                ],
                [
                    1291.968,
                    540
                ],
                [
                    1213.056,
                    512.028
                ],
                [
                    1156.992,
                    485.028
                ],
                [
                    1083.0720000000001,
                    443.016
                ],
                [
                    997.0559999999999,
                    392.03999999999996
                ],
                [
                    954.048,
                    362.016
                ],
                [
                    922.9440000000001,
                    351
                ],
                [
                    926.976,
                    320.976
                ],
                [
                    956.928,
                    251.964
                ],
                [
                    978.0479999999999,
                    227.988
                ],
                [
                    999.936,
                    215.028
                ]
            ]
        }
    ]
}