{
    "IMAGE_INFO": {
        "FILE_NAME": "1088613@0_07003_220919_P1_T3__0336.jpg",
        "DATE": "2022-10-31 14:57:55",
        "RESOLUTION": "1920 x 1080",
        "IMAGE_PHOTOGRAPHER": "권현진",
        "FOCUS_DISTANCE": "4.5",
        "EXPOSURE_TIME": "1/320",
        "SENSITIVITY_ISO": "10000",
        "PLACE": "성남시재활용센터",
        "REGION_NAME": null,
        "Direction": "0",
        "HEIGHT": "95",
        "DAY/NIGHT": "주간",
        "WEATHER": "맑음",
        "IMAGE_HEIGHT": 1080,
        "IMAGE_WIDTH": 1920,
        "IMAGE_SIZE": "608.3 KB"
    },
    "ANNOTATION_INFO": [
        {
            "ID": "1",
            "CLASS": "유리병",
            "DETAILS": "투명",
            "DAMAGE": "원형",
            "DIRTINESS": "이물질(외부)",
            "COVER": "없음",
            "TRANSPARENCY": "투명",
            "SHAPE": "유리병형",
            "SHAPE_TYPE": "POLYGON",
            "POINTS": [
                [
                    1190.9759999999999,
                    658.044
                ],
                [
                    1138.944,
                    714.96
                ],
                [
                    1126.08,
                    758.052
                ],
                [
                    1118.016,
                    782.028
                ],
                [
                    1131.072,
                    798.984
                ],
                [
                    1167.936,
                    825.0120000000001
                ],
                [
                    1188.096,
                    853.9559999999999
                ],
                [
                    1233.9840000000002,
                    883.008
                ],
                [
                    1287.936,
                    910.98
                ],
                [
                    1344,
                    934.956
                ],
                [
                    1401.0240000000001,
                    941.976
                ],
                [
                    1450.944,
                    930.96
                ],
                [
                    1483.008,
                    933.0120000000001
                ],
                [
                    1503.936,
                    945
                ],
                [
                    1537.92,
                    960.984
                ],
                [
                    1559.0400000000002,
                    949.9680000000001
                ],
                [
                    1565.952,
                    922.9680000000001
                ],
                [
                    1503.936,
                    879.9839999999999
                ],
                [
                    1473.024,
                    829.0079999999999
                ],
                [
                    1438.08,
                    776.952
                ],
                [
                    1374.9119999999998,
                    729
                ],
                [
                    1296,
                    683.9639999999999
                ]
            ]
        }
    ]
}