{
    "IMAGE_INFO": {
        "FILE_NAME": "1088733@0_07003_220919_P1_T3__0818.jpg",
        "DATE": "2022-10-31 14:58:04",
        "RESOLUTION": "1920 x 1080",
        "IMAGE_PHOTOGRAPHER": "권현진",
        "FOCUS_DISTANCE": "4.5",
        "EXPOSURE_TIME": "1/320",
        "SENSITIVITY_ISO": "10000",
        "PLACE": "성남시재활용센터",
        "REGION_NAME": null,
        "Direction": "0",
        "HEIGHT": "95",
        "DAY/NIGHT": "주간",
        "WEATHER": "맑음",
        "IMAGE_HEIGHT": 1080,
        "IMAGE_WIDTH": 1920,
        "IMAGE_SIZE": "647.8 KB"
    },
    "ANNOTATION_INFO": [
        {
            "ID": "1",
            "CLASS": "유리병",
            "DETAILS": "투명",
            "DAMAGE": "원형",
            "DIRTINESS": "이물질(외부)",
            "COVER": "없음",
            "TRANSPARENCY": "투명",
            "SHAPE": "유리병형",
            "SHAPE_TYPE": "POLYGON",
            "POINTS": [
                [
                    566.016,
                    578.016
                ],
                [
                    548.928,
                    596.0519999999999
                ],
                [
                    510.91200000000003,
                    664.956
                ],
                [
                    507.072,
                    678.024
                ],
                [
                    513.024,
                    681.048
                ],
                [
                    529.9200000000001,
                    670.0319999999999
                ],
                [
                    572.928,
                    693.0360000000001
                ],
                [
                    576,
                    713.988
                ],
                [
                    580.0319999999999,
                    743.04
                ],
                [
                    603.072,
                    772.956
                ],
                [
                    695.04,
                    824.04
                ],
                [
                    719.04,
                    836.028
                ],
                [
                    729.9839999999999,
                    833.004
                ],
                [
                    750.912,
                    807.948
                ],
                [
                    786.048,
                    748.98
                ],
                [
                    804.096,
                    713.988
                ],
                [
                    811.968,
                    686.016
                ],
                [
                    685.056,
                    618.9480000000001
                ],
                [
                    665.088,
                    605.0160000000001
                ],
                [
                    633.984,
                    621
                ],
                [
                    623.04,
                    629.964
                ],
                [
                    604.992,
                    618.9480000000001
                ],
                [
                    566.016,
                    597.996
                ],
                [
                    574.0799999999999,
                    583.9559999999999
                ]
            ]
        }
    ]
}