{
    "IMAGE_INFO": {
        "FILE_NAME": "1088608@0_07003_220919_P1_T3__1377.jpg",
        "DATE": "2022-10-31 14:58:15",
        "RESOLUTION": "1920 x 1080",
        "IMAGE_PHOTOGRAPHER": "권현진",
        "FOCUS_DISTANCE": "4.5",
        "EXPOSURE_TIME": "1/320",
        "SENSITIVITY_ISO": "10000",
        "PLACE": "성남시재활용센터",
        "REGION_NAME": null,
        "Direction": "0",
        "HEIGHT": "95",
        "DAY/NIGHT": "주간",
        "WEATHER": "맑음",
        "IMAGE_HEIGHT": 1080,
        "IMAGE_WIDTH": 1920,
        "IMAGE_SIZE": "639.5 KB"
    },
    "ANNOTATION_INFO": [
        {
            "ID": "1",
            "CLASS": "유리병",
            "DETAILS": "투명",
            "DAMAGE": "원형",
            "DIRTINESS": "이물질(외부)",
            "COVER": "없음",
            "TRANSPARENCY": "투명",
            "SHAPE": "유리병형",
            "SHAPE_TYPE": "POLYGON",
            "POINTS": [
                [
                    570.048,
                    173.988
                ],
                [
                    558.912,
                    173.988
                ],
                [
                    542.976,
                    169.02
                ],
                [
                    527.0400000000001,
                    154.98
                ],
                [
                    513.024,
                    135
                ],
                [
                    499.00800000000004,
                    115.02
                ],
                [
                    494.01599999999996,
                    96.98400000000001
                ],
                [
                    476.928,
                    61.992
                ],
                [
                    484.99199999999996,
                    38.988
                ],
                [
                    513.984,
                    16.956
                ],
                [
                    539.904,
                    2.052
                ],
                [
                    844.992,
                    0
                ],
                [
                    787.0079999999999,
                    43.956
                ],
                [
                    710.0160000000001,
                    96.012
                ],
                [
                    649.9200000000001,
                    131.00400000000002
                ],
                [
                    609.9839999999999,
                    155.952
                ],
                [
                    591.936,
                    166.968
                ]
            ]
        },
        {
            "ID": "2",
            "CLASS": "유리병",
            "DETAILS": "투명",
            "DAMAGE": "원형",
            "DIRTINESS": "오염없음",
            "COVER": "없음",
            "TRANSPARENCY": "투명",
            "SHAPE": "유리병형",
            "SHAPE_TYPE": "POLYGON",
            "POINTS": [
                [
                    331.008,
                    332.964
                ],
                [
                    331.008,
                    332.964
                ],
                [
                    331.008,
                    332.964
                ],
                [
                    331.008,
                    332.964
                ],
                [
                    331.008,
                    332.964
                ],
                [
                    330.048,
                    332.964
                ],
                [
                    330.048,
                    332.964
                ],
                [
                    330.048,
                    332.964
                ],
                [
                    329.08799999999997,
                    332.964
                ],
                [
                    329.08799999999997,
                    332.964
                ],
                [
                    329.08799999999997,
                    332.964
                ],
                [
                    329.08799999999997,
                    332.964
                ],
                [
                    329.08799999999997,
                    332.964
                ],
                [
                    327.93600000000004,
                    332.964
                ],
                [
                    327.93600000000004,
                    332.964
                ],
                [
                    326.976,
                    332.964
                ],
                [
                    326.976,
                    332.964
                ],
                [
                    326.976,
                    332.964
                ],
                [
                    326.976,
                    332.964
                ],
                [
                    326.976,
                    332.964
                ],
                [
                    317.952,
                    330.048
                ],
                [
                    292.992,
                    330.048
                ],
                [
                    278.976,
                    327.99600000000004
                ],
                [
                    270.91200000000003,
                    327.99600000000004
                ],
                [
                    255.936,
                    331.02
                ],
                [
                    239.04,
                    330.048
                ],
                [
                    174.912,
                    331.992
                ],
                [
                    158.016,
                    326.052
                ],
                [
                    150.912,
                    321.948
                ],
                [
                    148.99200000000002,
                    317.952
                ],
                [
                    149.952,
                    299.05199999999996
                ],
                [
                    147.072,
                    280.044
                ],
                [
                    148.99200000000002,
                    220.96800000000002
                ],
                [
                    147.072,
                    205.95600000000002
                ],
                [
                    148.99200000000002,
                    200.016
                ],
                [
                    147.072,
                    189
                ],
                [
                    149.952,
                    182.952
                ],
                [
                    154.944,
                    180.03599999999997
                ],
                [
                    172.032,
                    178.956
                ],
                [
                    177.024,
                    177.012
                ],
                [
                    225.984,
                    177.012
                ],
                [
                    239.04,
                    174.96
                ],
                [
                    296.064,
                    174.96
                ],
                [
                    307.008,
                    177.012
                ],
                [
                    326.976,
                    177.012
                ],
                [
                    340.03200000000004,
                    180.03599999999997
                ],
                [
                    344.064,
                    180.03599999999997
                ],
                [
                    345.024,
                    178.956
                ],
                [
                    366.912,
                    178.956
                ],
                [
                    377.08799999999997,
                    181.98000000000002
                ],
                [
                    395.904,
                    191.052
                ],
                [
                    399.93600000000004,
                    191.052
                ],
                [
                    408,
                    193.96800000000002
                ],
                [
                    418.944,
                    196.01999999999998
                ],
                [
                    426.048,
                    196.01999999999998
                ],
                [
                    446.976,
                    203.04
                ],
                [
                    465.984,
                    195.048
                ],
                [
                    474.048,
                    192.024
                ],
                [
                    480,
                    193.96800000000002
                ],
                [
                    486.912,
                    193.96800000000002
                ],
                [
                    489.984,
                    197.964
                ],
                [
                    489.984,
                    211.03199999999998
                ],
                [
                    489.984,
                    258.98400000000004
                ],
                [
                    490.94399999999996,
                    280.044
                ],
                [
                    488.06399999999996,
                    297
                ],
                [
                    469.056,
                    300.024
                ],
                [
                    417.98400000000004,
                    308.016
                ],
                [
                    346.944,
                    330.048
                ],
                [
                    340.03200000000004,
                    332.964
                ]
            ]
        }
    ]
}