{
    "IMAGE_INFO": {
        "FILE_NAME": "1088529@0_07003_220919_P1_T3__0935.jpg",
        "DATE": "2022-10-31 14:58:06",
        "RESOLUTION": "1920 x 1080",
        "IMAGE_PHOTOGRAPHER": "권현진",
        "FOCUS_DISTANCE": "4.5",
        "EXPOSURE_TIME": "1/320",
        "SENSITIVITY_ISO": "10000",
        "PLACE": "성남시재활용센터",
        "REGION_NAME": null,
        "Direction": "0",
        "HEIGHT": "95",
        "DAY/NIGHT": "주간",
        "WEATHER": "맑음",
        "IMAGE_HEIGHT": 1080,
        "IMAGE_WIDTH": 1920,
        "IMAGE_SIZE": "735.1 KB"
    },
    "ANNOTATION_INFO": [
        {
            "ID": "1",
            "CLASS": "유리병",
            "DETAILS": "투명",
            "DAMAGE": "원형",
            "DIRTINESS": "이물질(외부)",
            "COVER": "없음",
            "TRANSPARENCY": "투명",
            "SHAPE": "유리병형",
            "SHAPE_TYPE": "POLYGON",
            "POINTS": [
                [
                    767.0400000000001,
                    412.992
                ],
                [
                    723.072,
                    393.012
                ],
                [
                    691.008,
                    393.012
                ],
                [
                    682.9440000000001,
                    381.99600000000004
                ],
                [
                    676.032,
                    371.952
                ],
                [
                    689.088,
                    304.02
                ],
                [
                    701.952,
                    262.00800000000004
                ],
                [
                    714.048,
                    246.99599999999998
                ],
                [
                    726.912,
                    238.032
                ],
                [
                    744.96,
                    235.00799999999998
                ],
                [
                    1134.9119999999998,
                    330.048
                ],
                [
                    1150.08,
                    340.95599999999996
                ],
                [
                    1171.008,
                    358.99199999999996
                ],
                [
                    1190.016,
                    388.044
                ],
                [
                    1211.904,
                    397.98
                ],
                [
                    1265.0880000000002,
                    416.988
                ],
                [
                    1297.92,
                    428.00399999999996
                ],
                [
                    1314.048,
                    428.976
                ],
                [
                    1329.984,
                    432
                ],
                [
                    1342.08,
                    440.964
                ],
                [
                    1348.992,
                    458.02799999999996
                ],
                [
                    1338.048,
                    482.976
                ],
                [
                    1337.088,
                    504.036
                ],
                [
                    1329.0240000000001,
                    512.028
                ],
                [
                    1305.9840000000002,
                    509.004
                ],
                [
                    1291.008,
                    502.956
                ],
                [
                    1285.056,
                    500.04
                ],
                [
                    1277.952,
                    493.99199999999996
                ],
                [
                    1262.976,
                    492.048
                ],
                [
                    1236.096,
                    492.048
                ],
                [
                    1181.952,
                    478.98
                ],
                [
                    1171.008,
                    478.008
                ],
                [
                    1141.056,
                    493.99199999999996
                ],
                [
                    1113.9840000000002,
                    505.98
                ],
                [
                    1091.904,
                    501.012
                ]
            ]
        },
        {
            "ID": "2",
            "CLASS": "유리병",
            "DETAILS": "투명",
            "DAMAGE": "원형",
            "DIRTINESS": "이물질(외부)",
            "COVER": "없음",
            "TRANSPARENCY": "투명",
            "SHAPE": "유리병형",
            "SHAPE_TYPE": "POLYGON",
            "POINTS": [
                [
                    1066.944,
                    312.984
                ],
                [
                    1037.952,
                    300.024
                ],
                [
                    1014.9119999999999,
                    297
                ],
                [
                    993.024,
                    292.032
                ],
                [
                    968.064,
                    285.984
                ],
                [
                    951.936,
                    281.988
                ],
                [
                    948.096,
                    277.992
                ],
                [
                    945.984,
                    255.95999999999998
                ],
                [
                    950.976,
                    235.98
                ],
                [
                    958.08,
                    209.952
                ],
                [
                    965.952,
                    192.024
                ],
                [
                    978.0479999999999,
                    189.972
                ],
                [
                    989.9519999999999,
                    197.964
                ],
                [
                    996.0960000000001,
                    201.96
                ],
                [
                    1008,
                    203.04
                ],
                [
                    1023.936,
                    212.976
                ],
                [
                    1055.04,
                    219.99599999999998
                ],
                [
                    1068.096,
                    220.96800000000002
                ],
                [
                    1075.968,
                    216.972
                ],
                [
                    1097.088,
                    207.036
                ],
                [
                    1122.048,
                    200.016
                ],
                [
                    1145.0880000000002,
                    200.988
                ],
                [
                    1163.904,
                    200.988
                ],
                [
                    1193.088,
                    204.012
                ],
                [
                    1219.008,
                    208.98000000000002
                ],
                [
                    1257.984,
                    212.976
                ],
                [
                    1281.984,
                    216.972
                ],
                [
                    1324.032,
                    223.992
                ],
                [
                    1339.9679999999998,
                    226.044
                ],
                [
                    1356.096,
                    235.98
                ],
                [
                    1361.088,
                    246.024
                ],
                [
                    1359.9360000000001,
                    262.98
                ],
                [
                    1359.9360000000001,
                    277.02
                ],
                [
                    1358.016,
                    290.952
                ],
                [
                    1356.096,
                    304.99199999999996
                ],
                [
                    1350.912,
                    327.024
                ],
                [
                    1347.0720000000001,
                    351
                ],
                [
                    1342.08,
                    361.044
                ],
                [
                    1329.984,
                    366.012
                ],
                [
                    1306.944,
                    366.984
                ],
                [
                    1172.9279999999999,
                    347.00399999999996
                ],
                [
                    1161.0240000000001,
                    334.04400000000004
                ],
                [
                    1124.9279999999999,
                    323.02799999999996
                ]
            ]
        },
        {
            "ID": "3",
            "CLASS": "유리병",
            "DETAILS": "투명",
            "DAMAGE": "원형",
            "DIRTINESS": "이물질(외부)",
            "COVER": "없음",
            "TRANSPARENCY": "투명",
            "SHAPE": "유리병형",
            "SHAPE_TYPE": "POLYGON",
            "POINTS": [
                [
                    610.944,
                    0
                ],
                [
                    593.088,
                    8.964
                ],
                [
                    571.008,
                    20.952
                ],
                [
                    553.92,
                    23.003999999999998
                ],
                [
                    522.048,
                    29.052
                ],
                [
                    508.032,
                    30.023999999999997
                ],
                [
                    500.92800000000005,
                    24.948
                ],
                [
                    491.904,
                    29.052
                ],
                [
                    481.92,
                    33.048
                ],
                [
                    470.976,
                    39.96
                ],
                [
                    467.904,
                    76.03200000000001
                ],
                [
                    471.936,
                    95.03999999999999
                ],
                [
                    480.96,
                    122.04
                ],
                [
                    491.904,
                    123.984
                ],
                [
                    512.064,
                    123.012
                ],
                [
                    522.048,
                    123.984
                ],
                [
                    571.008,
                    119.988
                ],
                [
                    577.92,
                    115.99199999999999
                ],
                [
                    609.024,
                    126.036
                ],
                [
                    643.0079999999999,
                    139.968
                ],
                [
                    689.088,
                    139.968
                ],
                [
                    908.928,
                    110.052
                ],
                [
                    917.952,
                    104.976
                ],
                [
                    929.088,
                    92.988
                ],
                [
                    921.984,
                    0.972
                ]
            ]
        }
    ]
}