{
    "IMAGE_INFO": {
        "FILE_NAME": "1088912@0_07003_220919_P1_T3__1195.jpg",
        "DATE": "2022-10-31 14:58:11",
        "RESOLUTION": "1920 x 1080",
        "IMAGE_PHOTOGRAPHER": "권현진",
        "FOCUS_DISTANCE": "4.5",
        "EXPOSURE_TIME": "1/320",
        "SENSITIVITY_ISO": "10000",
        "PLACE": "성남시재활용센터",
        "REGION_NAME": null,
        "Direction": "0",
        "HEIGHT": "95",
        "DAY/NIGHT": "주간",
        "WEATHER": "맑음",
        "IMAGE_HEIGHT": 1080,
        "IMAGE_WIDTH": 1920,
        "IMAGE_SIZE": "682.3 KB"
    },
    "ANNOTATION_INFO": [
        {
            "ID": "1",
            "CLASS": "유리병",
            "DETAILS": "투명",
            "DAMAGE": "원형",
            "DIRTINESS": "이물질(전체)",
            "COVER": "없음",
            "TRANSPARENCY": "투명",
            "SHAPE": "유리병형",
            "SHAPE_TYPE": "POLYGON",
            "POINTS": [
                [
                    1280.0639999999999,
                    442.044
                ],
                [
                    1265.0880000000002,
                    438.048
                ],
                [
                    1261.056,
                    429.94800000000004
                ],
                [
                    1247.04,
                    434.05199999999996
                ],
                [
                    1233.024,
                    429.94800000000004
                ],
                [
                    1228.032,
                    429.94800000000004
                ],
                [
                    1219.9679999999998,
                    428.00399999999996
                ],
                [
                    1203.0720000000001,
                    419.04
                ],
                [
                    1157.952,
                    390.96
                ],
                [
                    1148.928,
                    385.02
                ],
                [
                    1116.096,
                    362.988
                ],
                [
                    1100.928,
                    355.968
                ],
                [
                    1070.9759999999999,
                    336.96
                ],
                [
                    1059.072,
                    324
                ],
                [
                    1046.976,
                    315.036
                ],
                [
                    1008,
                    290.952
                ],
                [
                    978.0479999999999,
                    278.964
                ],
                [
                    954.048,
                    262.98
                ],
                [
                    951.936,
                    259.956
                ],
                [
                    951.936,
                    235.98
                ],
                [
                    956.928,
                    227.988
                ],
                [
                    958.08,
                    218.052
                ],
                [
                    968.064,
                    204.984
                ],
                [
                    974.016,
                    191.052
                ],
                [
                    997.0559999999999,
                    162.972
                ],
                [
                    1006.08,
                    154.98
                ],
                [
                    1017.0239999999999,
                    149.04000000000002
                ],
                [
                    1025.0880000000002,
                    149.04000000000002
                ],
                [
                    1032,
                    150.984
                ],
                [
                    1054.0800000000002,
                    165.996
                ],
                [
                    1075.968,
                    186.948
                ],
                [
                    1099.9679999999998,
                    203.04
                ],
                [
                    1124.9279999999999,
                    215.028
                ],
                [
                    1141.056,
                    219.99599999999998
                ],
                [
                    1148.928,
                    223.992
                ],
                [
                    1176,
                    240.94799999999998
                ],
                [
                    1185.9840000000002,
                    245.052
                ],
                [
                    1193.088,
                    251.964
                ],
                [
                    1215.936,
                    265.032
                ],
                [
                    1239.9360000000001,
                    278.964
                ],
                [
                    1271.04,
                    300.024
                ],
                [
                    1283.904,
                    308.988
                ],
                [
                    1290.048,
                    311.03999999999996
                ],
                [
                    1309.056,
                    324.972
                ],
                [
                    1311.9360000000001,
                    332.964
                ],
                [
                    1311.9360000000001,
                    342.036
                ],
                [
                    1315.0079999999998,
                    348.948
                ],
                [
                    1321.92,
                    347.976
                ],
                [
                    1331.904,
                    355.968
                ],
                [
                    1344,
                    373.032
                ],
                [
                    1345.9199999999998,
                    392.03999999999996
                ],
                [
                    1331.904,
                    417.96000000000004
                ],
                [
                    1323.0720000000001,
                    434.05199999999996
                ],
                [
                    1306.944,
                    447.984
                ]
            ]
        },
        {
            "ID": "2",
            "CLASS": "유리병",
            "DETAILS": "투명",
            "DAMAGE": "원형",
            "DIRTINESS": "이물질(전체)",
            "COVER": "없음",
            "TRANSPARENCY": "투명",
            "SHAPE": "유리병형",
            "SHAPE_TYPE": "POLYGON",
            "POINTS": [
                [
                    1512,
                    623.052
                ],
                [
                    1501.056,
                    621.972
                ],
                [
                    1483.008,
                    589.032
                ],
                [
                    1482.048,
                    582.9839999999999
                ],
                [
                    1478.016,
                    579.96
                ],
                [
                    1472.064,
                    564.948
                ],
                [
                    1470.912,
                    555.0120000000001
                ],
                [
                    1455.936,
                    525.96
                ],
                [
                    1441.92,
                    505.98
                ],
                [
                    1425.024,
                    474.98400000000004
                ],
                [
                    1412.9279999999999,
                    463.96799999999996
                ],
                [
                    1406.976,
                    462.99600000000004
                ],
                [
                    1385.0880000000002,
                    450.036
                ],
                [
                    1369.92,
                    435.024
                ],
                [
                    1362.048,
                    424.008
                ],
                [
                    1347.0720000000001,
                    397.98
                ],
                [
                    1345.9199999999998,
                    374.004
                ],
                [
                    1329.984,
                    355.968
                ],
                [
                    1315.0079999999998,
                    332.964
                ],
                [
                    1306.944,
                    311.03999999999996
                ],
                [
                    1291.968,
                    285.984
                ],
                [
                    1265.0880000000002,
                    230.04
                ],
                [
                    1253.952,
                    218.052
                ],
                [
                    1253.952,
                    208.98000000000002
                ],
                [
                    1244.9279999999999,
                    192.996
                ],
                [
                    1242.048,
                    182.952
                ],
                [
                    1225.9199999999998,
                    161.02800000000002
                ],
                [
                    1224.96,
                    155.952
                ],
                [
                    1219.9679999999998,
                    151.956
                ],
                [
                    1217.088,
                    142.02
                ],
                [
                    1214.0159999999998,
                    138.996
                ],
                [
                    1210.944,
                    127.97999999999999
                ],
                [
                    1210.944,
                    115.99199999999999
                ],
                [
                    1214.0159999999998,
                    104.976
                ],
                [
                    1222.08,
                    99.036
                ],
                [
                    1224.96,
                    92.988
                ],
                [
                    1251.072,
                    77.004
                ],
                [
                    1268.928,
                    69.984
                ],
                [
                    1286.976,
                    58.968
                ],
                [
                    1316.9279999999999,
                    46.007999999999996
                ],
                [
                    1325.952,
                    46.007999999999996
                ],
                [
                    1334.976,
                    53.028
                ],
                [
                    1349.952,
                    77.004
                ],
                [
                    1363.968,
                    104.00399999999999
                ],
                [
                    1364.9279999999999,
                    110.052
                ],
                [
                    1381.056,
                    135.972
                ],
                [
                    1393.92,
                    166.968
                ],
                [
                    1425.024,
                    226.044
                ],
                [
                    1439.0400000000002,
                    247.968
                ],
                [
                    1445.952,
                    267.948
                ],
                [
                    1455.936,
                    282.96000000000004
                ],
                [
                    1457.088,
                    289.008
                ],
                [
                    1491.072,
                    353.052
                ],
                [
                    1497.984,
                    384.048
                ],
                [
                    1497.024,
                    432.972
                ],
                [
                    1508.928,
                    462.99600000000004
                ],
                [
                    1516.992,
                    479.952
                ],
                [
                    1521.0240000000001,
                    492.048
                ],
                [
                    1544.064,
                    528.984
                ],
                [
                    1560.9599999999998,
                    567.972
                ],
                [
                    1569.984,
                    579.96
                ],
                [
                    1569.984,
                    590.976
                ],
                [
                    1555.968,
                    598.968
                ],
                [
                    1550.9759999999999,
                    602.964
                ],
                [
                    1526.976,
                    616.032
                ]
            ]
        },
        {
            "ID": "3",
            "CLASS": "유리병",
            "DETAILS": "투명",
            "DAMAGE": "원형",
            "DIRTINESS": "이물질(전체)",
            "COVER": "없음",
            "TRANSPARENCY": "투명",
            "SHAPE": "유리병형",
            "SHAPE_TYPE": "POLYGON",
            "POINTS": [
                [
                    327.93600000000004,
                    745.956
                ],
                [
                    322.94399999999996,
                    744.012
                ],
                [
                    320.06399999999996,
                    740.0160000000001
                ],
                [
                    316.992,
                    732.996
                ],
                [
                    312.96000000000004,
                    708.048
                ],
                [
                    302.976,
                    621.972
                ],
                [
                    299.904,
                    555.984
                ],
                [
                    297.024,
                    544.9680000000001
                ],
                [
                    296.064,
                    525.96
                ],
                [
                    294.912,
                    500.04
                ],
                [
                    298.944,
                    489.024
                ],
                [
                    298.944,
                    482.00399999999996
                ],
                [
                    293.952,
                    455.976
                ],
                [
                    292.03200000000004,
                    432
                ],
                [
                    293.952,
                    393.012
                ],
                [
                    289.92,
                    370.98
                ],
                [
                    289.92,
                    343.008
                ],
                [
                    293.952,
                    300.024
                ],
                [
                    297.024,
                    292.032
                ],
                [
                    302.976,
                    285.012
                ],
                [
                    305.088,
                    277.02
                ],
                [
                    312,
                    266.00399999999996
                ],
                [
                    316.032,
                    254.988
                ],
                [
                    317.952,
                    242.028
                ],
                [
                    316.992,
                    208.98000000000002
                ],
                [
                    320.06399999999996,
                    197.964
                ],
                [
                    337.91999999999996,
                    189.972
                ],
                [
                    355.968,
                    186.948
                ],
                [
                    375.936,
                    185.976
                ],
                [
                    397.05600000000004,
                    185.976
                ],
                [
                    408.96,
                    186.948
                ],
                [
                    413.952,
                    189
                ],
                [
                    418.944,
                    193.96800000000002
                ],
                [
                    422.976,
                    195.048
                ],
                [
                    426.048,
                    200.988
                ],
                [
                    428.928,
                    223.01999999999998
                ],
                [
                    440.06399999999996,
                    246.99599999999998
                ],
                [
                    445.05600000000004,
                    266.00399999999996
                ],
                [
                    451.968,
                    280.044
                ],
                [
                    460.03200000000004,
                    290.952
                ],
                [
                    469.056,
                    313.956
                ],
                [
                    473.088,
                    354.996
                ],
                [
                    475.00800000000004,
                    382.968
                ],
                [
                    476.928,
                    408.996
                ],
                [
                    480,
                    481.03200000000004
                ],
                [
                    483.072,
                    497.988
                ],
                [
                    486.912,
                    586.0079999999999
                ],
                [
                    489.984,
                    610.956
                ],
                [
                    489.984,
                    655.0200000000001
                ],
                [
                    493.0559999999999,
                    685.044
                ],
                [
                    497.088,
                    713.988
                ],
                [
                    494.97599999999994,
                    722.952
                ],
                [
                    489.02399999999994,
                    729
                ],
                [
                    479.04,
                    732.996
                ],
                [
                    469.056,
                    736.02
                ],
                [
                    464.064,
                    737.964
                ],
                [
                    440.06399999999996,
                    740.0160000000001
                ],
                [
                    422.01599999999996,
                    741.96
                ],
                [
                    349.056,
                    745.956
                ]
            ]
        },
        {
            "ID": "4",
            "CLASS": "유리병",
            "DETAILS": "투명",
            "DAMAGE": "원형",
            "DIRTINESS": "이물질(전체)",
            "COVER": "없음",
            "TRANSPARENCY": "투명",
            "SHAPE": "유리병형",
            "SHAPE_TYPE": "POLYGON",
            "POINTS": [
                [
                    1290.048,
                    853.9559999999999
                ],
                [
                    1285.056,
                    852.0120000000001
                ],
                [
                    1278.912,
                    847.044
                ],
                [
                    1196.9279999999999,
                    767.0160000000001
                ],
                [
                    1171.008,
                    744.012
                ],
                [
                    1146.048,
                    717.0120000000001
                ],
                [
                    1136.064,
                    709.992
                ],
                [
                    1121.088,
                    693.0360000000001
                ],
                [
                    1099.9679999999998,
                    678.9960000000001
                ],
                [
                    1080,
                    656.9639999999999
                ],
                [
                    1078.08,
                    650.052
                ],
                [
                    1080.9599999999998,
                    644.004
                ],
                [
                    1104.96,
                    614.952
                ],
                [
                    1121.088,
                    598.968
                ],
                [
                    1124.9279999999999,
                    591.948
                ],
                [
                    1123.968,
                    586.0079999999999
                ],
                [
                    1075.0079999999998,
                    543.9960000000001
                ],
                [
                    1069.056,
                    532.0079999999999
                ],
                [
                    1070.016,
                    528.0120000000001
                ],
                [
                    1080,
                    519.048
                ],
                [
                    1084.032,
                    510.94800000000004
                ],
                [
                    1108.032,
                    486.97200000000004
                ],
                [
                    1113.9840000000002,
                    485.028
                ],
                [
                    1129.92,
                    496.044
                ],
                [
                    1169.088,
                    532.98
                ],
                [
                    1176.96,
                    535.032
                ],
                [
                    1201.92,
                    513.972
                ],
                [
                    1213.056,
                    501.984
                ],
                [
                    1228.992,
                    489.996
                ],
                [
                    1233.024,
                    488.052
                ],
                [
                    1237.056,
                    489.996
                ],
                [
                    1248,
                    497.988
                ],
                [
                    1257.024,
                    509.976
                ],
                [
                    1299.072,
                    548.9639999999999
                ],
                [
                    1309.056,
                    555.984
                ],
                [
                    1324.032,
                    573.048
                ],
                [
                    1342.08,
                    587.952
                ],
                [
                    1350.912,
                    598.968
                ],
                [
                    1361.088,
                    605.988
                ],
                [
                    1377.984,
                    624.024
                ],
                [
                    1396.992,
                    640.008
                ],
                [
                    1441.92,
                    685.044
                ],
                [
                    1444.9920000000002,
                    690.0120000000001
                ],
                [
                    1444.032,
                    698.976
                ],
                [
                    1422.912,
                    725.004
                ],
                [
                    1416.96,
                    737.964
                ],
                [
                    1411.008,
                    741.96
                ],
                [
                    1374.9119999999998,
                    783
                ],
                [
                    1343.04,
                    813.024
                ],
                [
                    1334.0159999999998,
                    824.04
                ],
                [
                    1311.9360000000001,
                    844.992
                ],
                [
                    1301.952,
                    852.0120000000001
                ],
                [
                    1296,
                    853.9559999999999
                ],
                [
                    1290.048,
                    853.9559999999999
                ]
            ]
        }
    ]
}