{
    "IMAGE_INFO": {
        "FILE_NAME": "1088537@0_07003_220919_P1_T3__1341.jpg",
        "DATE": "2022-10-31 14:58:15",
        "RESOLUTION": "1920 x 1080",
        "IMAGE_PHOTOGRAPHER": "권현진",
        "FOCUS_DISTANCE": "4.5",
        "EXPOSURE_TIME": "1/320",
        "SENSITIVITY_ISO": "10000",
        "PLACE": "성남시재활용센터",
        "REGION_NAME": null,
        "Direction": "0",
        "HEIGHT": "95",
        "DAY/NIGHT": "주간",
        "WEATHER": "맑음",
        "IMAGE_HEIGHT": 1080,
        "IMAGE_WIDTH": 1920,
        "IMAGE_SIZE": "665.3 KB"
    },
    "ANNOTATION_INFO": [
        {
            "ID": "1",
            "CLASS": "유리병",
            "DETAILS": "투명",
            "DAMAGE": "원형",
            "DIRTINESS": "이물질(외부)",
            "COVER": "없음",
            "TRANSPARENCY": "투명",
            "SHAPE": "유리병형",
            "SHAPE_TYPE": "POLYGON",
            "POINTS": [
                [
                    402.048,
                    726.948
                ],
                [
                    383.04,
                    726.948
                ],
                [
                    341.952,
                    725.976
                ],
                [
                    331.008,
                    725.976
                ],
                [
                    324.096,
                    725.004
                ],
                [
                    301.056,
                    725.004
                ],
                [
                    283.968,
                    721.98
                ],
                [
                    281.088,
                    720.036
                ],
                [
                    273.024,
                    718.9559999999999
                ],
                [
                    265.92,
                    713.016
                ],
                [
                    263.04,
                    704.052
                ],
                [
                    260.928,
                    697.0319999999999
                ],
                [
                    259.008,
                    686.9879999999999
                ],
                [
                    258.048,
                    666.0360000000001
                ],
                [
                    257.08799999999997,
                    656.9639999999999
                ],
                [
                    255.936,
                    647.028
                ],
                [
                    255.936,
                    636.012
                ],
                [
                    255.936,
                    618.9480000000001
                ],
                [
                    257.08799999999997,
                    589.032
                ],
                [
                    260.928,
                    579.96
                ],
                [
                    264,
                    575.9639999999999
                ],
                [
                    283.968,
                    564.948
                ],
                [
                    297.024,
                    559.9799999999999
                ],
                [
                    307.008,
                    556.956
                ],
                [
                    322.94399999999996,
                    554.04
                ],
                [
                    356.928,
                    554.04
                ],
                [
                    390.91200000000003,
                    556.956
                ],
                [
                    417.98400000000004,
                    556.956
                ],
                [
                    432,
                    558.0360000000001
                ],
                [
                    444.096,
                    560.952
                ],
                [
                    462.91200000000003,
                    560.952
                ],
                [
                    471.936,
                    564.948
                ],
                [
                    481.92,
                    573.048
                ],
                [
                    490.94399999999996,
                    578.016
                ],
                [
                    498.04800000000006,
                    578.016
                ],
                [
                    504.96000000000004,
                    582.0120000000001
                ],
                [
                    504.96000000000004,
                    585.036
                ],
                [
                    509.952,
                    589.032
                ],
                [
                    509.952,
                    593.028
                ],
                [
                    513.024,
                    596.0519999999999
                ],
                [
                    513.984,
                    598.968
                ],
                [
                    518.016,
                    636.012
                ],
                [
                    518.016,
                    671.0039999999999
                ],
                [
                    515.904,
                    693.0360000000001
                ],
                [
                    513.024,
                    702.972
                ],
                [
                    512.064,
                    708.048
                ],
                [
                    505.92,
                    713.016
                ],
                [
                    500.92800000000005,
                    713.016
                ],
                [
                    494.01599999999996,
                    716.0400000000001
                ],
                [
                    480,
                    716.0400000000001
                ],
                [
                    473.088,
                    717.0120000000001
                ],
                [
                    465.024,
                    724.032
                ],
                [
                    451.008,
                    726.948
                ],
                [
                    427.96799999999996,
                    726.948
                ]
            ]
        },
        {
            "ID": "2",
            "CLASS": "유리병",
            "DETAILS": "투명",
            "DAMAGE": "원형",
            "DIRTINESS": "이물질(외부)",
            "COVER": "없음",
            "TRANSPARENCY": "투명",
            "SHAPE": "유리병형",
            "SHAPE_TYPE": "POLYGON",
            "POINTS": [
                [
                    1425.9840000000002,
                    601.02
                ],
                [
                    1420.0320000000002,
                    598.968
                ],
                [
                    1416,
                    597.996
                ],
                [
                    1398.912,
                    597.024
                ],
                [
                    1392,
                    594.972
                ],
                [
                    1376.064,
                    594.972
                ],
                [
                    1372.032,
                    594.972
                ],
                [
                    1366.08,
                    596.0519999999999
                ],
                [
                    1354.944,
                    594.972
                ],
                [
                    1344.96,
                    596.0519999999999
                ],
                [
                    1333.056,
                    597.024
                ],
                [
                    1324.032,
                    597.996
                ],
                [
                    1315.0079999999998,
                    597.024
                ],
                [
                    1304.064,
                    594
                ],
                [
                    1300.0320000000002,
                    593.028
                ],
                [
                    1289.088,
                    587.952
                ],
                [
                    1277.952,
                    579.96
                ],
                [
                    1267.008,
                    569.052
                ],
                [
                    1256.064,
                    546.048
                ],
                [
                    1253.952,
                    532.0079999999999
                ],
                [
                    1248,
                    528.984
                ],
                [
                    1229.952,
                    528.984
                ],
                [
                    1224,
                    532.0079999999999
                ],
                [
                    1223.04,
                    536.976
                ],
                [
                    1219.008,
                    540
                ],
                [
                    1210.944,
                    540.972
                ],
                [
                    1203.0720000000001,
                    537.948
                ],
                [
                    1199.0400000000002,
                    537.948
                ],
                [
                    1193.088,
                    531.0360000000001
                ],
                [
                    1189.056,
                    513.972
                ],
                [
                    1189.056,
                    470.01599999999996
                ],
                [
                    1190.016,
                    446.03999999999996
                ],
                [
                    1191.9360000000001,
                    434.05199999999996
                ],
                [
                    1196.9279999999999,
                    427.032
                ],
                [
                    1204.032,
                    423.036
                ],
                [
                    1214.0159999999998,
                    420.984
                ],
                [
                    1218.048,
                    421.956
                ],
                [
                    1225.9199999999998,
                    427.032
                ],
                [
                    1238.9759999999999,
                    427.032
                ],
                [
                    1243.968,
                    424.008
                ],
                [
                    1247.04,
                    424.008
                ],
                [
                    1251.072,
                    427.032
                ],
                [
                    1256.064,
                    424.008
                ],
                [
                    1268.928,
                    408.996
                ],
                [
                    1278.912,
                    393.012
                ],
                [
                    1289.088,
                    385.02
                ],
                [
                    1300.992,
                    378
                ],
                [
                    1321.92,
                    370.98
                ],
                [
                    1337.088,
                    371.952
                ],
                [
                    1357.056,
                    370.98
                ],
                [
                    1383.936,
                    373.032
                ],
                [
                    1421.952,
                    373.032
                ],
                [
                    1440.9599999999998,
                    374.976
                ],
                [
                    1454.0159999999998,
                    378.972
                ],
                [
                    1465.9199999999998,
                    385.992
                ],
                [
                    1477.056,
                    394.956
                ],
                [
                    1486.08,
                    405.97200000000004
                ],
                [
                    1489.92,
                    413.964
                ],
                [
                    1493.952,
                    432
                ],
                [
                    1492.992,
                    456.948
                ],
                [
                    1496.064,
                    509.004
                ],
                [
                    1492.032,
                    547.02
                ],
                [
                    1488,
                    563.976
                ],
                [
                    1481.088,
                    573.048
                ],
                [
                    1465.9199999999998,
                    586.98
                ],
                [
                    1454.0159999999998,
                    594.972
                ],
                [
                    1438.08,
                    601.02
                ]
            ]
        },
        {
            "ID": "3",
            "CLASS": "유리병",
            "DETAILS": "투명",
            "DAMAGE": "파손",
            "DIRTINESS": "오염없음",
            "COVER": "겹침",
            "TRANSPARENCY": "투명",
            "SHAPE": "유리병형",
            "SHAPE_TYPE": "POLYGON",
            "POINTS": [
                [
                    528,
                    575.9639999999999
                ],
                [
                    518.016,
                    571.968
                ],
                [
                    508.032,
                    562.0319999999999
                ],
                [
                    498.04800000000006,
                    544.9680000000001
                ],
                [
                    495.9359999999999,
                    543.9960000000001
                ],
                [
                    494.97599999999994,
                    540
                ],
                [
                    485.952,
                    531.0360000000001
                ],
                [
                    484.99199999999996,
                    525.96
                ],
                [
                    480.96,
                    524.0160000000001
                ],
                [
                    480,
                    520.02
                ],
                [
                    475.968,
                    516.024
                ],
                [
                    475.00800000000004,
                    513
                ],
                [
                    470.976,
                    509.976
                ],
                [
                    465.024,
                    497.988
                ],
                [
                    465.024,
                    481.03200000000004
                ],
                [
                    479.04,
                    470.01599999999996
                ],
                [
                    486.912,
                    466.02
                ],
                [
                    491.904,
                    461.052
                ],
                [
                    494.97599999999994,
                    459.972
                ],
                [
                    513.984,
                    447.012
                ],
                [
                    546.048,
                    428.976
                ],
                [
                    551.04,
                    424.008
                ],
                [
                    553.92,
                    423.036
                ],
                [
                    589.056,
                    398.952
                ],
                [
                    599.04,
                    393.98400000000004
                ],
                [
                    610.944,
                    384.048
                ],
                [
                    619.9680000000001,
                    381.024
                ],
                [
                    628.992,
                    375.94800000000004
                ],
                [
                    635.904,
                    374.976
                ],
                [
                    643.968,
                    371.952
                ],
                [
                    653.952,
                    365.04
                ],
                [
                    662.976,
                    362.016
                ],
                [
                    680.0640000000001,
                    351
                ],
                [
                    696.96,
                    342.036
                ],
                [
                    708.096,
                    340.95599999999996
                ],
                [
                    713.088,
                    336.96
                ],
                [
                    724.0319999999999,
                    334.04400000000004
                ],
                [
                    731.904,
                    328.96799999999996
                ],
                [
                    739.9680000000001,
                    327.99600000000004
                ],
                [
                    745.9200000000001,
                    327.99600000000004
                ],
                [
                    757.0559999999999,
                    336.96
                ],
                [
                    767.0400000000001,
                    342.036
                ],
                [
                    773.952,
                    350.028
                ],
                [
                    782.976,
                    357.048
                ],
                [
                    788.928,
                    369.036
                ],
                [
                    783.936,
                    374.976
                ],
                [
                    782.976,
                    380.05199999999996
                ],
                [
                    778.944,
                    386.964
                ],
                [
                    769.9200000000001,
                    396.036
                ],
                [
                    767.0400000000001,
                    401.004
                ],
                [
                    742.08,
                    425.952
                ],
                [
                    713.088,
                    447.984
                ],
                [
                    691.008,
                    471.96
                ],
                [
                    685.056,
                    477.036
                ],
                [
                    676.032,
                    482.00399999999996
                ],
                [
                    660.096,
                    494.964
                ],
                [
                    633.024,
                    512.028
                ],
                [
                    615.9359999999999,
                    524.9879999999999
                ],
                [
                    606.912,
                    528.0120000000001
                ],
                [
                    595.008,
                    536.976
                ],
                [
                    594.048,
                    540
                ],
                [
                    590.0160000000001,
                    543.024
                ],
                [
                    584.0640000000001,
                    544.9680000000001
                ],
                [
                    553.92,
                    563.004
                ],
                [
                    545.088,
                    570.024
                ],
                [
                    534.912,
                    574.992
                ],
                [
                    528,
                    575.9639999999999
                ]
            ]
        }
    ]
}