{
    "IMAGE_INFO": {
        "FILE_NAME": "1088588@0_07003_220919_P1_T3__0300.jpg",
        "DATE": "2022-10-31 14:57:54",
        "RESOLUTION": "1920 x 1080",
        "IMAGE_PHOTOGRAPHER": "권현진",
        "FOCUS_DISTANCE": "4.5",
        "EXPOSURE_TIME": "1/320",
        "SENSITIVITY_ISO": "10000",
        "PLACE": "성남시재활용센터",
        "REGION_NAME": null,
        "Direction": "0",
        "HEIGHT": "95",
        "DAY/NIGHT": "주간",
        "WEATHER": "맑음",
        "IMAGE_HEIGHT": 1080,
        "IMAGE_WIDTH": 1920,
        "IMAGE_SIZE": "585.6 KB"
    },
    "ANNOTATION_INFO": [
        {
            "ID": "1",
            "CLASS": "유리병",
            "DETAILS": "투명",
            "DAMAGE": "원형",
            "DIRTINESS": "이물질(외부)",
            "COVER": "없음",
            "TRANSPARENCY": "투명",
            "SHAPE": "유리병형",
            "SHAPE_TYPE": "POLYGON",
            "POINTS": [
                [
                    517.0559999999999,
                    543.9960000000001
                ],
                [
                    507.072,
                    543.024
                ],
                [
                    481.92,
                    535.032
                ],
                [
                    455.03999999999996,
                    517.9680000000001
                ],
                [
                    425.088,
                    505.98
                ],
                [
                    408.96,
                    504.036
                ],
                [
                    374.016,
                    501.984
                ],
                [
                    339.072,
                    493.02000000000004
                ],
                [
                    335.03999999999996,
                    489.996
                ],
                [
                    326.976,
                    488.052
                ],
                [
                    308.928,
                    478.98
                ],
                [
                    292.03200000000004,
                    473.04
                ],
                [
                    273.024,
                    465.048
                ],
                [
                    258.048,
                    458.02799999999996
                ],
                [
                    221.952,
                    439.02
                ],
                [
                    214.08,
                    435.996
                ],
                [
                    201.984,
                    429.94800000000004
                ],
                [
                    182.976,
                    420.984
                ],
                [
                    176.06400000000002,
                    413.964
                ],
                [
                    172.992,
                    413.964
                ],
                [
                    158.976,
                    405.97200000000004
                ],
                [
                    150.912,
                    393.98400000000004
                ],
                [
                    150.912,
                    370.00800000000004
                ],
                [
                    158.016,
                    348.948
                ],
                [
                    164.928,
                    335.01599999999996
                ],
                [
                    169.92,
                    327.024
                ],
                [
                    172.992,
                    320.004
                ],
                [
                    183.93599999999998,
                    304.02
                ],
                [
                    196.992,
                    296.028
                ],
                [
                    209.088,
                    289.008
                ],
                [
                    217.92000000000002,
                    286.956
                ],
                [
                    227.904,
                    286.956
                ],
                [
                    234.048,
                    288.036
                ],
                [
                    243.07199999999997,
                    290.952
                ],
                [
                    263.04,
                    297.972
                ],
                [
                    294.912,
                    313.956
                ],
                [
                    312.96000000000004,
                    321.948
                ],
                [
                    339.072,
                    334.04400000000004
                ],
                [
                    359.04,
                    342.036
                ],
                [
                    384.96000000000004,
                    354.996
                ],
                [
                    399.93600000000004,
                    362.016
                ],
                [
                    409.92,
                    367.956
                ],
                [
                    420.096,
                    375.94800000000004
                ],
                [
                    428.928,
                    388.044
                ],
                [
                    436.992,
                    397.008
                ],
                [
                    451.008,
                    412.992
                ],
                [
                    462.91200000000003,
                    420.984
                ],
                [
                    475.00800000000004,
                    427.032
                ],
                [
                    480,
                    428.00399999999996
                ],
                [
                    484.032,
                    431.028
                ],
                [
                    490.94399999999996,
                    432
                ],
                [
                    514.944,
                    439.99199999999996
                ],
                [
                    523.968,
                    439.99199999999996
                ],
                [
                    528.96,
                    442.044
                ],
                [
                    536.064,
                    450.036
                ],
                [
                    548.928,
                    458.02799999999996
                ],
                [
                    547.968,
                    470.988
                ],
                [
                    541.056,
                    486.97200000000004
                ],
                [
                    528.96,
                    509.976
                ],
                [
                    523.968,
                    523.044
                ]
            ]
        },
        {
            "ID": "2",
            "CLASS": "유리병",
            "DETAILS": "투명",
            "DAMAGE": "원형",
            "DIRTINESS": "이물질(외부)",
            "COVER": "없음",
            "TRANSPARENCY": "투명",
            "SHAPE": "유리병형",
            "SHAPE_TYPE": "POLYGON",
            "POINTS": [
                [
                    884.928,
                    655.9920000000001
                ],
                [
                    877.0559999999999,
                    655.0200000000001
                ],
                [
                    865.9200000000001,
                    650.052
                ],
                [
                    864.96,
                    648
                ],
                [
                    854.016,
                    644.976
                ],
                [
                    845.952,
                    644.004
                ],
                [
                    815.04,
                    644.004
                ],
                [
                    806.016,
                    640.98
                ],
                [
                    762.048,
                    632.0160000000001
                ],
                [
                    752.064,
                    632.0160000000001
                ],
                [
                    748.032,
                    633.9599999999999
                ],
                [
                    737.0880000000001,
                    633.9599999999999
                ],
                [
                    714.048,
                    624.996
                ],
                [
                    702.9119999999999,
                    618.9480000000001
                ],
                [
                    682.9440000000001,
                    612.036
                ],
                [
                    633.984,
                    590.976
                ],
                [
                    604.992,
                    581.0400000000001
                ],
                [
                    589.056,
                    578.016
                ],
                [
                    574.0799999999999,
                    574.992
                ],
                [
                    551.04,
                    570.024
                ],
                [
                    537.984,
                    567
                ],
                [
                    531.072,
                    563.004
                ],
                [
                    523.0079999999999,
                    558.0360000000001
                ],
                [
                    522.048,
                    519.048
                ],
                [
                    528,
                    501.984
                ],
                [
                    537.024,
                    493.99199999999996
                ],
                [
                    546.048,
                    493.02000000000004
                ],
                [
                    556.032,
                    492.048
                ],
                [
                    567.936,
                    493.02000000000004
                ],
                [
                    585.024,
                    498.96000000000004
                ],
                [
                    603.072,
                    501.012
                ],
                [
                    648,
                    501.984
                ],
                [
                    696.96,
                    500.04
                ],
                [
                    711.936,
                    502.956
                ],
                [
                    725.952,
                    502.956
                ],
                [
                    737.0880000000001,
                    505.98
                ],
                [
                    742.08,
                    505.98
                ],
                [
                    750.912,
                    509.004
                ],
                [
                    759.9359999999999,
                    509.004
                ],
                [
                    778.944,
                    513
                ],
                [
                    828.096,
                    523.044
                ],
                [
                    879.9359999999999,
                    532.0079999999999
                ],
                [
                    893.952,
                    536.004
                ],
                [
                    902.016,
                    543.9960000000001
                ],
                [
                    905.088,
                    550.044
                ],
                [
                    907.968,
                    559.0079999999999
                ],
                [
                    908.928,
                    577.044
                ],
                [
                    906.048,
                    602.964
                ],
                [
                    897.024,
                    639.0360000000001
                ],
                [
                    891.072,
                    651.024
                ]
            ]
        }
    ]
}