{
    "IMAGE_INFO": {
        "FILE_NAME": "1088842@0_07003_220919_P1_T3__0186.jpg",
        "DATE": "2022-10-31 14:57:52",
        "RESOLUTION": "1920 x 1080",
        "IMAGE_PHOTOGRAPHER": "권현진",
        "FOCUS_DISTANCE": "4.5",
        "EXPOSURE_TIME": "1/320",
        "SENSITIVITY_ISO": "10000",
        "PLACE": "성남시재활용센터",
        "REGION_NAME": null,
        "Direction": "0",
        "HEIGHT": "95",
        "DAY/NIGHT": "주간",
        "WEATHER": "맑음",
        "IMAGE_HEIGHT": 1080,
        "IMAGE_WIDTH": 1920,
        "IMAGE_SIZE": "663.4 KB"
    },
    "ANNOTATION_INFO": [
        {
            "ID": "1",
            "CLASS": "유리병",
            "DETAILS": "투명",
            "DAMAGE": "원형",
            "DIRTINESS": "이물질(외부)",
            "COVER": "없음",
            "TRANSPARENCY": "투명",
            "SHAPE": "유리병형",
            "SHAPE_TYPE": "POLYGON",
            "POINTS": [
                [
                    801.024,
                    984.96
                ],
                [
                    791.04,
                    987.0120000000001
                ],
                [
                    777.024,
                    980.9639999999999
                ],
                [
                    772.9920000000001,
                    980.9639999999999
                ],
                [
                    768,
                    976.968
                ],
                [
                    763.0079999999999,
                    975.996
                ],
                [
                    758.976,
                    972
                ],
                [
                    754.944,
                    971.028
                ],
                [
                    713.088,
                    941.0039999999999
                ],
                [
                    706.9440000000001,
                    933.0120000000001
                ],
                [
                    705.984,
                    925.9920000000001
                ],
                [
                    720.96,
                    905.04
                ],
                [
                    726.912,
                    899.964
                ],
                [
                    725.952,
                    875.0160000000001
                ],
                [
                    728.064,
                    863.028
                ],
                [
                    748.032,
                    834.948
                ],
                [
                    749.952,
                    826.956
                ],
                [
                    762.048,
                    810.972
                ],
                [
                    764.928,
                    802.008
                ],
                [
                    804.096,
                    741.96
                ],
                [
                    819.072,
                    709.992
                ],
                [
                    831.936,
                    697.0319999999999
                ],
                [
                    860.928,
                    655.9920000000001
                ],
                [
                    879.9359999999999,
                    616.032
                ],
                [
                    881.088,
                    608.04
                ],
                [
                    887.0400000000001,
                    594
                ],
                [
                    896.064,
                    581.0400000000001
                ],
                [
                    900.096,
                    578.988
                ],
                [
                    910.0799999999999,
                    578.988
                ],
                [
                    921.024,
                    582.0120000000001
                ],
                [
                    929.088,
                    587.952
                ],
                [
                    960.9599999999999,
                    604.044
                ],
                [
                    993.024,
                    624.024
                ],
                [
                    998.976,
                    631.0440000000001
                ],
                [
                    1007.04,
                    633.9599999999999
                ],
                [
                    1014.9119999999999,
                    641.952
                ],
                [
                    1014.9119999999999,
                    651.996
                ],
                [
                    998.0160000000001,
                    679.9680000000001
                ],
                [
                    984.96,
                    693.0360000000001
                ],
                [
                    969.0240000000001,
                    717.0120000000001
                ],
                [
                    956.928,
                    740.0160000000001
                ],
                [
                    940.0319999999999,
                    782.028
                ],
                [
                    912.9599999999999,
                    824.04
                ],
                [
                    894.912,
                    859.032
                ],
                [
                    891.072,
                    861.948
                ],
                [
                    889.9200000000001,
                    866.0519999999999
                ],
                [
                    886.08,
                    868.968
                ],
                [
                    879.9359999999999,
                    879.9839999999999
                ],
                [
                    873.024,
                    887.004
                ],
                [
                    869.952,
                    894.024
                ],
                [
                    857.0880000000001,
                    909.0360000000001
                ],
                [
                    843.072,
                    936.0360000000001
                ],
                [
                    836.928,
                    945
                ],
                [
                    828.096,
                    944.028
                ],
                [
                    816.96,
                    948.024
                ],
                [
                    820.0319999999999,
                    965.952
                ]
            ]
        }
    ]
}