{
    "IMAGE_INFO": {
        "FILE_NAME": "1088960@0_07003_220919_P1_T3__0717.jpg",
        "DATE": "2022-10-31 14:58:03",
        "RESOLUTION": "1920 x 1080",
        "IMAGE_PHOTOGRAPHER": "권현진",
        "FOCUS_DISTANCE": "4.5",
        "EXPOSURE_TIME": "1/320",
        "SENSITIVITY_ISO": "10000",
        "PLACE": "성남시재활용센터",
        "REGION_NAME": null,
        "Direction": "0",
        "HEIGHT": "95",
        "DAY/NIGHT": "주간",
        "WEATHER": "맑음",
        "IMAGE_HEIGHT": 1080,
        "IMAGE_WIDTH": 1920,
        "IMAGE_SIZE": "612.5 KB"
    },
    "ANNOTATION_INFO": [
        {
            "ID": "1",
            "CLASS": "유리병",
            "DETAILS": "투명",
            "DAMAGE": "원형",
            "DIRTINESS": "이물질(외부)",
            "COVER": "없음",
            "TRANSPARENCY": "투명",
            "SHAPE": "유리병형",
            "SHAPE_TYPE": "POLYGON",
            "POINTS": [
                [
                    1608,
                    1060.992
                ],
                [
                    1598.9759999999999,
                    1056.996
                ],
                [
                    1556.9279999999999,
                    1028.052
                ],
                [
                    1522.944,
                    1010.988
                ],
                [
                    1513.92,
                    1005.048
                ],
                [
                    1503.936,
                    992.952
                ],
                [
                    1469.952,
                    971.028
                ],
                [
                    1454.976,
                    972
                ],
                [
                    1435.968,
                    980.9639999999999
                ],
                [
                    1410.048,
                    999.972
                ],
                [
                    1401.984,
                    1002.996
                ],
                [
                    1392.96,
                    1002.996
                ],
                [
                    1373.952,
                    990.036
                ],
                [
                    1366.08,
                    980.9639999999999
                ],
                [
                    1363.968,
                    975.024
                ],
                [
                    1342.08,
                    964.0079999999999
                ],
                [
                    1334.0159999999998,
                    955.044
                ],
                [
                    1329.984,
                    944.028
                ],
                [
                    1323.0720000000001,
                    941.0039999999999
                ],
                [
                    1315.0079999999998,
                    941.0039999999999
                ],
                [
                    1305.9840000000002,
                    934.956
                ],
                [
                    1301.952,
                    928.044
                ],
                [
                    1301.952,
                    921.996
                ],
                [
                    1276.032,
                    907.956
                ],
                [
                    1266.048,
                    895.968
                ],
                [
                    1254.9119999999998,
                    891
                ],
                [
                    1251.072,
                    891
                ],
                [
                    1247.04,
                    887.976
                ],
                [
                    1238.016,
                    887.976
                ],
                [
                    1232.064,
                    878.04
                ],
                [
                    1220.928,
                    871.02
                ],
                [
                    1214.976,
                    872.964
                ],
                [
                    1204.032,
                    871.992
                ],
                [
                    1186.944,
                    856.0079999999999
                ],
                [
                    1170.048,
                    855.036
                ],
                [
                    1161.984,
                    848.016
                ],
                [
                    1160.0639999999999,
                    841.968
                ],
                [
                    1152.96,
                    837.972
                ],
                [
                    1133.952,
                    840.024
                ],
                [
                    1126.08,
                    837.972
                ],
                [
                    1114.944,
                    822.96
                ],
                [
                    1110.912,
                    821.9879999999999
                ],
                [
                    1105.9199999999998,
                    822.96
                ],
                [
                    1102.08,
                    825.984
                ],
                [
                    1094.0159999999998,
                    825.0120000000001
                ],
                [
                    1083.0720000000001,
                    817.992
                ],
                [
                    1080.9599999999998,
                    812.052
                ],
                [
                    1074.048,
                    806.976
                ],
                [
                    1071.9360000000001,
                    797.04
                ],
                [
                    1083.0720000000001,
                    767.0160000000001
                ],
                [
                    1089.0240000000001,
                    756
                ],
                [
                    1095.936,
                    748.98
                ],
                [
                    1098.048,
                    740.988
                ],
                [
                    1104,
                    736.02
                ],
                [
                    1126.08,
                    704.052
                ],
                [
                    1156.992,
                    644.976
                ],
                [
                    1176,
                    627.048
                ],
                [
                    1186.944,
                    624.024
                ],
                [
                    1205.952,
                    628.02
                ],
                [
                    1213.056,
                    632.0160000000001
                ],
                [
                    1219.008,
                    643.032
                ],
                [
                    1239.9360000000001,
                    658.044
                ],
                [
                    1247.04,
                    667.98
                ],
                [
                    1248.96,
                    679.9680000000001
                ],
                [
                    1254.9119999999998,
                    683.9639999999999
                ],
                [
                    1267.968,
                    686.016
                ],
                [
                    1276.032,
                    690.984
                ],
                [
                    1281.0240000000001,
                    697.0319999999999
                ],
                [
                    1281.0240000000001,
                    702.972
                ],
                [
                    1289.088,
                    708.048
                ],
                [
                    1297.92,
                    709.992
                ],
                [
                    1305.9840000000002,
                    713.988
                ],
                [
                    1311.9360000000001,
                    725.976
                ],
                [
                    1319.0400000000002,
                    729.972
                ],
                [
                    1324.9920000000002,
                    731.0519999999999
                ],
                [
                    1331.904,
                    736.02
                ],
                [
                    1338.048,
                    736.992
                ],
                [
                    1344,
                    744.012
                ],
                [
                    1344,
                    748.98
                ],
                [
                    1357.056,
                    756
                ],
                [
                    1366.08,
                    756
                ],
                [
                    1372.032,
                    759.024
                ],
                [
                    1377.984,
                    763.02
                ],
                [
                    1382.976,
                    772.956
                ],
                [
                    1387.008,
                    775.98
                ],
                [
                    1391.04,
                    776.952
                ],
                [
                    1400.0639999999999,
                    775.98
                ],
                [
                    1407.936,
                    779.004
                ],
                [
                    1416.96,
                    785.052
                ],
                [
                    1425.024,
                    795.96
                ],
                [
                    1434.048,
                    794.9879999999999
                ],
                [
                    1441.92,
                    795.96
                ],
                [
                    1453.056,
                    802.008
                ],
                [
                    1457.088,
                    812.052
                ],
                [
                    1478.016,
                    813.024
                ],
                [
                    1487.04,
                    816.048
                ],
                [
                    1491.072,
                    825.0120000000001
                ],
                [
                    1506.048,
                    834.948
                ],
                [
                    1503.936,
                    887.976
                ],
                [
                    1506.048,
                    898.9920000000001
                ],
                [
                    1510.08,
                    905.04
                ],
                [
                    1594.944,
                    960.0120000000001
                ],
                [
                    1616.064,
                    971.028
                ],
                [
                    1655.04,
                    998.028
                ],
                [
                    1655.04,
                    1005.048
                ],
                [
                    1643.904,
                    1021.032
                ],
                [
                    1640.0639999999999,
                    1033.02
                ],
                [
                    1627.008,
                    1050.9479999999999
                ],
                [
                    1616.064,
                    1060.992
                ],
                [
                    1608,
                    1060.992
                ]
            ]
        },
        {
            "ID": "2",
            "CLASS": "유리병",
            "DETAILS": "투명",
            "DAMAGE": "원형",
            "DIRTINESS": "이물질(외부)",
            "COVER": "겹침",
            "TRANSPARENCY": "투명",
            "SHAPE": "유리병형",
            "SHAPE_TYPE": "POLYGON",
            "POINTS": [
                [
                    627.072,
                    783.972
                ],
                [
                    624,
                    797.04
                ],
                [
                    623.04,
                    818.9639999999999
                ],
                [
                    622.08,
                    856.0079999999999
                ],
                [
                    620.928,
                    902.0160000000001
                ],
                [
                    619.9680000000001,
                    929.9879999999999
                ],
                [
                    620.928,
                    947.052
                ],
                [
                    625.9200000000001,
                    971.028
                ],
                [
                    668.928,
                    976.968
                ],
                [
                    758.976,
                    988.9559999999999
                ],
                [
                    798.912,
                    994.032
                ],
                [
                    830.0160000000001,
                    998.028
                ],
                [
                    857.0880000000001,
                    996.948
                ],
                [
                    863.04,
                    983.988
                ],
                [
                    868.032,
                    968.976
                ],
                [
                    863.04,
                    960.984
                ],
                [
                    864,
                    948.024
                ],
                [
                    874.944,
                    884.952
                ],
                [
                    878.976,
                    848.016
                ],
                [
                    883.968,
                    833.976
                ],
                [
                    878.016,
                    821.9879999999999
                ],
                [
                    846.912,
                    814.9680000000001
                ],
                [
                    740.928,
                    799.956
                ],
                [
                    692.928,
                    794.016
                ]
            ]
        },
        {
            "ID": "3",
            "CLASS": "유리병",
            "DETAILS": "투명",
            "DAMAGE": "원형",
            "DIRTINESS": "이물질(외부)",
            "COVER": "없음",
            "TRANSPARENCY": "투명",
            "SHAPE": "유리병형",
            "SHAPE_TYPE": "POLYGON",
            "POINTS": [
                [
                    1252.992,
                    1009.044
                ],
                [
                    1229.952,
                    1007.964
                ],
                [
                    1215.936,
                    999.972
                ],
                [
                    1205.952,
                    996.948
                ],
                [
                    1175.04,
                    991.0079999999999
                ],
                [
                    1161.984,
                    991.0079999999999
                ],
                [
                    1138.944,
                    995.976
                ],
                [
                    1132.032,
                    999.972
                ],
                [
                    1112.064,
                    1005.048
                ],
                [
                    1065.024,
                    1005.048
                ],
                [
                    1047.936,
                    1002.024
                ],
                [
                    1027.968,
                    1001.0519999999999
                ],
                [
                    1009.9200000000001,
                    996.948
                ],
                [
                    992.0640000000001,
                    995.976
                ],
                [
                    954.048,
                    987.9839999999999
                ],
                [
                    934.0799999999999,
                    987.0120000000001
                ],
                [
                    916.032,
                    983.988
                ],
                [
                    906.048,
                    983.988
                ],
                [
                    875.904,
                    975.024
                ],
                [
                    870.912,
                    972
                ],
                [
                    863.04,
                    960.0120000000001
                ],
                [
                    864,
                    945.972
                ],
                [
                    867.072,
                    924.048
                ],
                [
                    873.024,
                    898.02
                ],
                [
                    875.904,
                    875.988
                ],
                [
                    879.9359999999999,
                    847.044
                ],
                [
                    886.08,
                    833.004
                ],
                [
                    896.064,
                    832.0319999999999
                ],
                [
                    913.92,
                    832.0319999999999
                ],
                [
                    927.936,
                    833.004
                ],
                [
                    937.92,
                    837
                ],
                [
                    961.92,
                    839.052
                ],
                [
                    993.9840000000002,
                    844.992
                ],
                [
                    1007.04,
                    844.992
                ],
                [
                    1012.992,
                    847.044
                ],
                [
                    1027.008,
                    848.016
                ],
                [
                    1046.0159999999998,
                    851.0400000000001
                ],
                [
                    1055.04,
                    853.9559999999999
                ],
                [
                    1065.024,
                    853.9559999999999
                ],
                [
                    1079.0400000000002,
                    857.952
                ],
                [
                    1089.0240000000001,
                    857.952
                ],
                [
                    1137.024,
                    870.048
                ],
                [
                    1156.992,
                    883.98
                ],
                [
                    1171.968,
                    898.02
                ],
                [
                    1185.024,
                    902.9879999999999
                ],
                [
                    1210.944,
                    906.012
                ],
                [
                    1218.048,
                    902.9879999999999
                ],
                [
                    1243.968,
                    902.9879999999999
                ],
                [
                    1263.936,
                    906.984
                ],
                [
                    1271.04,
                    910.008
                ],
                [
                    1278.912,
                    917.028
                ],
                [
                    1278.912,
                    921.024
                ],
                [
                    1267.968,
                    1005.048
                ],
                [
                    1262.976,
                    1007.964
                ]
            ]
        },
        {
            "ID": "4",
            "CLASS": "유리병",
            "DETAILS": "투명",
            "DAMAGE": "원형",
            "DIRTINESS": "이물질(외부)",
            "COVER": "없음",
            "TRANSPARENCY": "투명",
            "SHAPE": "유리병형",
            "SHAPE_TYPE": "POLYGON",
            "POINTS": [
                [
                    513.984,
                    999.972
                ],
                [
                    412.03200000000004,
                    999
                ],
                [
                    384,
                    998.028
                ],
                [
                    366.912,
                    995.004
                ],
                [
                    347.904,
                    995.976
                ],
                [
                    339.072,
                    994.032
                ],
                [
                    306.048,
                    994.032
                ],
                [
                    279.93600000000004,
                    995.976
                ],
                [
                    182.016,
                    992.952
                ],
                [
                    158.976,
                    991.0079999999999
                ],
                [
                    129.024,
                    979.992
                ],
                [
                    116.92800000000001,
                    972.972
                ],
                [
                    110.01599999999999,
                    965.952
                ],
                [
                    102.912,
                    941.0039999999999
                ],
                [
                    105.024,
                    830.952
                ],
                [
                    108.096,
                    797.04
                ],
                [
                    111.93599999999999,
                    775.008
                ],
                [
                    116.92800000000001,
                    759.024
                ],
                [
                    120.96000000000001,
                    752.976
                ],
                [
                    140.92800000000003,
                    743.04
                ],
                [
                    158.976,
                    739.044
                ],
                [
                    190.08,
                    736.02
                ],
                [
                    238.07999999999998,
                    736.02
                ],
                [
                    312.96000000000004,
                    739.044
                ],
                [
                    350.976,
                    739.044
                ],
                [
                    397.05600000000004,
                    741.96
                ],
                [
                    465.024,
                    741.96
                ],
                [
                    528,
                    744.012
                ],
                [
                    542.976,
                    747.036
                ],
                [
                    564.096,
                    756
                ],
                [
                    581.952,
                    758.052
                ],
                [
                    590.0160000000001,
                    763.9920000000001
                ],
                [
                    596.928,
                    764.964
                ],
                [
                    605.952,
                    763.9920000000001
                ],
                [
                    622.08,
                    768.9599999999999
                ],
                [
                    627.072,
                    775.98
                ],
                [
                    624,
                    795.96
                ],
                [
                    624,
                    817.02
                ],
                [
                    623.04,
                    829.9799999999999
                ],
                [
                    622.08,
                    852.0120000000001
                ],
                [
                    622.08,
                    878.04
                ],
                [
                    620.928,
                    898.02
                ],
                [
                    619.9680000000001,
                    937.98
                ],
                [
                    624,
                    967.0319999999999
                ],
                [
                    622.08,
                    979.02
                ],
                [
                    605.952,
                    982.044
                ],
                [
                    582.9119999999999,
                    979.992
                ],
                [
                    576,
                    982.044
                ],
                [
                    556.9920000000001,
                    992.952
                ],
                [
                    548.928,
                    995.976
                ],
                [
                    534.912,
                    999
                ]
            ]
        }
    ]
}