{
    "IMAGE_INFO": {
        "FILE_NAME": "1088693@0_07003_220919_P1_T3__0098.jpg",
        "DATE": "2022-10-31 14:57:50",
        "RESOLUTION": "1920 x 1080",
        "IMAGE_PHOTOGRAPHER": "권현진",
        "FOCUS_DISTANCE": "4.5",
        "EXPOSURE_TIME": "1/320",
        "SENSITIVITY_ISO": "10000",
        "PLACE": "성남시재활용센터",
        "REGION_NAME": null,
        "Direction": "0",
        "HEIGHT": "95",
        "DAY/NIGHT": "주간",
        "WEATHER": "맑음",
        "IMAGE_HEIGHT": 1080,
        "IMAGE_WIDTH": 1920,
        "IMAGE_SIZE": "639.8 KB"
    },
    "ANNOTATION_INFO": [
        {
            "ID": "1",
            "CLASS": "유리병",
            "DETAILS": "투명",
            "DAMAGE": "원형",
            "DIRTINESS": "이물질(외부)",
            "COVER": "없음",
            "TRANSPARENCY": "투명",
            "SHAPE": "유리병형",
            "SHAPE_TYPE": "POLYGON",
            "POINTS": [
                [
                    869.952,
                    982.044
                ],
                [
                    825.024,
                    980.9639999999999
                ],
                [
                    811.968,
                    978.048
                ],
                [
                    791.04,
                    975.024
                ],
                [
                    768.96,
                    969.948
                ],
                [
                    762.048,
                    968.004
                ],
                [
                    755.904,
                    965.952
                ],
                [
                    750.912,
                    963.0360000000001
                ],
                [
                    748.032,
                    960.984
                ],
                [
                    740.928,
                    959.04
                ],
                [
                    734.016,
                    953.9639999999999
                ],
                [
                    729.9839999999999,
                    952.992
                ],
                [
                    725.952,
                    948.9960000000001
                ],
                [
                    716.928,
                    941.0039999999999
                ],
                [
                    709.056,
                    930.96
                ],
                [
                    705.024,
                    926.9639999999999
                ],
                [
                    697.92,
                    910.008
                ],
                [
                    695.04,
                    887.976
                ],
                [
                    696.96,
                    871.02
                ],
                [
                    700.0319999999999,
                    859.032
                ],
                [
                    705.984,
                    847.044
                ],
                [
                    710.976,
                    837.972
                ],
                [
                    724.0319999999999,
                    825.0120000000001
                ],
                [
                    735.9359999999999,
                    816.048
                ],
                [
                    757.0559999999999,
                    809.028
                ],
                [
                    768,
                    806.976
                ],
                [
                    792.9599999999999,
                    806.976
                ],
                [
                    819.072,
                    809.028
                ],
                [
                    831.936,
                    809.028
                ],
                [
                    850.944,
                    809.028
                ],
                [
                    867.072,
                    805.0319999999999
                ],
                [
                    879.9359999999999,
                    807.948
                ],
                [
                    888,
                    813.9960000000001
                ],
                [
                    892.9920000000001,
                    825.0120000000001
                ],
                [
                    898.944,
                    845.9639999999999
                ],
                [
                    901.056,
                    871.992
                ],
                [
                    900.096,
                    894.996
                ],
                [
                    902.016,
                    918.972
                ],
                [
                    902.976,
                    940.0319999999999
                ],
                [
                    902.016,
                    953.9639999999999
                ],
                [
                    897.024,
                    964.0079999999999
                ],
                [
                    888.96,
                    972.972
                ],
                [
                    879.9359999999999,
                    979.02
                ]
            ]
        },
        {
            "ID": "2",
            "CLASS": "유리병",
            "DETAILS": "투명",
            "DAMAGE": "파손",
            "DIRTINESS": "이물질(외부)",
            "COVER": "없음",
            "TRANSPARENCY": "투명",
            "SHAPE": "유리병형",
            "SHAPE_TYPE": "POLYGON",
            "POINTS": [
                [
                    731.904,
                    810
                ],
                [
                    718.08,
                    803.952
                ],
                [
                    711.936,
                    795.96
                ],
                [
                    710.976,
                    790.9920000000001
                ],
                [
                    694.0799999999999,
                    778.032
                ],
                [
                    687.936,
                    717.0120000000001
                ],
                [
                    686.976,
                    682.02
                ],
                [
                    686.016,
                    610.956
                ],
                [
                    685.056,
                    575.9639999999999
                ],
                [
                    686.976,
                    570.024
                ],
                [
                    699.072,
                    559.0079999999999
                ],
                [
                    704.0640000000001,
                    547.02
                ],
                [
                    716.928,
                    536.004
                ],
                [
                    721.92,
                    533.952
                ],
                [
                    731.904,
                    532.0079999999999
                ],
                [
                    758.976,
                    531.0360000000001
                ],
                [
                    800.0640000000001,
                    531.0360000000001
                ],
                [
                    817.92,
                    528.984
                ],
                [
                    833.088,
                    529.956
                ],
                [
                    841.92,
                    528.984
                ],
                [
                    845.952,
                    527.04
                ],
                [
                    850.944,
                    527.04
                ],
                [
                    857.0880000000001,
                    531.0360000000001
                ],
                [
                    877.0559999999999,
                    536.004
                ],
                [
                    889.9200000000001,
                    543.024
                ],
                [
                    897.984,
                    550.044
                ],
                [
                    903.936,
                    563.004
                ],
                [
                    916.9920000000001,
                    578.988
                ],
                [
                    918.912,
                    587.952
                ],
                [
                    918.912,
                    616.032
                ],
                [
                    926.976,
                    623.052
                ],
                [
                    929.088,
                    633.9599999999999
                ],
                [
                    934.0799999999999,
                    644.004
                ],
                [
                    936.96,
                    659.9879999999999
                ],
                [
                    936.96,
                    686.9879999999999
                ],
                [
                    931.968,
                    693.0360000000001
                ],
                [
                    927.936,
                    693.0360000000001
                ],
                [
                    925.056,
                    694.9799999999999
                ],
                [
                    924.096,
                    705.024
                ],
                [
                    920.0640000000001,
                    713.016
                ],
                [
                    920.0640000000001,
                    721.98
                ],
                [
                    925.056,
                    726.948
                ],
                [
                    931.968,
                    722.952
                ],
                [
                    937.92,
                    726.948
                ],
                [
                    939.072,
                    729.972
                ],
                [
                    939.072,
                    735.048
                ],
                [
                    932.928,
                    741.96
                ],
                [
                    932.928,
                    753.9480000000001
                ],
                [
                    935.04,
                    758.052
                ],
                [
                    934.0799999999999,
                    770.04
                ],
                [
                    936.96,
                    778.032
                ],
                [
                    920.0640000000001,
                    783.972
                ],
                [
                    916.9920000000001,
                    786.996
                ],
                [
                    905.088,
                    787.9680000000001
                ],
                [
                    902.976,
                    790.0200000000001
                ],
                [
                    900.096,
                    790.0200000000001
                ],
                [
                    887.0400000000001,
                    795.96
                ],
                [
                    882.048,
                    806.0039999999999
                ],
                [
                    868.992,
                    805.0319999999999
                ],
                [
                    854.976,
                    806.976
                ],
                [
                    850.944,
                    809.028
                ],
                [
                    819.072,
                    809.028
                ],
                [
                    796.9920000000001,
                    806.976
                ],
                [
                    769.9200000000001,
                    806.976
                ],
                [
                    750.912,
                    810
                ]
            ]
        },
        {
            "ID": "3",
            "CLASS": "유리병",
            "DETAILS": "투명",
            "DAMAGE": "원형",
            "DIRTINESS": "이물질(외부)",
            "COVER": "겹침",
            "TRANSPARENCY": "투명",
            "SHAPE": "유리병형",
            "SHAPE_TYPE": "POLYGON",
            "POINTS": [
                [
                    1094.0159999999998,
                    574.02
                ],
                [
                    1078.08,
                    567.972
                ],
                [
                    1065.024,
                    564.948
                ],
                [
                    1057.92,
                    566.028
                ],
                [
                    1051.008,
                    560.952
                ],
                [
                    1036.992,
                    560.952
                ],
                [
                    1017.984,
                    558.0360000000001
                ],
                [
                    993.024,
                    555.0120000000001
                ],
                [
                    983.9999999999999,
                    551.016
                ],
                [
                    960.9599999999999,
                    540
                ],
                [
                    951.936,
                    532.98
                ],
                [
                    935.04,
                    524.0160000000001
                ],
                [
                    920.0640000000001,
                    512.028
                ],
                [
                    907.968,
                    502.956
                ],
                [
                    894.912,
                    485.028
                ],
                [
                    888.96,
                    474.012
                ],
                [
                    884.928,
                    465.048
                ],
                [
                    879.9359999999999,
                    454.032
                ],
                [
                    875.904,
                    435.996
                ],
                [
                    874.944,
                    415.044
                ],
                [
                    875.904,
                    385.992
                ],
                [
                    883.968,
                    365.04
                ],
                [
                    897.024,
                    350.028
                ],
                [
                    907.0079999999999,
                    342.036
                ],
                [
                    907.0079999999999,
                    339.98400000000004
                ],
                [
                    960.9599999999999,
                    311.03999999999996
                ],
                [
                    975.9359999999999,
                    305.964
                ],
                [
                    985.92,
                    304.99199999999996
                ],
                [
                    999.936,
                    296.028
                ],
                [
                    1017.984,
                    289.98
                ],
                [
                    1026.048,
                    289.98
                ],
                [
                    1041.0240000000001,
                    285.984
                ],
                [
                    1051.008,
                    285.984
                ],
                [
                    1060.992,
                    282.96000000000004
                ],
                [
                    1070.016,
                    282.96000000000004
                ],
                [
                    1080,
                    289.98
                ],
                [
                    1080.9599999999998,
                    297
                ],
                [
                    1086.912,
                    304.99199999999996
                ],
                [
                    1089.984,
                    317.952
                ],
                [
                    1090.944,
                    381.024
                ],
                [
                    1097.088,
                    394.956
                ],
                [
                    1104.96,
                    401.976
                ],
                [
                    1108.032,
                    417.96000000000004
                ],
                [
                    1113.024,
                    435.996
                ],
                [
                    1121.088,
                    448.956
                ],
                [
                    1133.952,
                    474.98400000000004
                ],
                [
                    1132.032,
                    505.00800000000004
                ],
                [
                    1131.072,
                    520.02
                ],
                [
                    1123.968,
                    531.0360000000001
                ],
                [
                    1118.016,
                    533.952
                ],
                [
                    1107.0720000000001,
                    537.948
                ],
                [
                    1097.088,
                    543.024
                ],
                [
                    1100.928,
                    551.9879999999999
                ],
                [
                    1102.08,
                    558.0360000000001
                ],
                [
                    1102.08,
                    563.004
                ],
                [
                    1103.04,
                    574.992
                ]
            ]
        },
        {
            "ID": "4",
            "CLASS": "유리병",
            "DETAILS": "투명",
            "DAMAGE": "원형",
            "DIRTINESS": "이물질(외부)",
            "COVER": "없음",
            "TRANSPARENCY": "투명",
            "SHAPE": "유리병형",
            "SHAPE_TYPE": "POLYGON",
            "POINTS": [
                [
                    1190.9759999999999,
                    597.996
                ],
                [
                    1171.968,
                    597.996
                ],
                [
                    1156.992,
                    596.0519999999999
                ],
                [
                    1145.0880000000002,
                    591.948
                ],
                [
                    1131.072,
                    586.0079999999999
                ],
                [
                    1129.92,
                    574.992
                ],
                [
                    1140.096,
                    579.96
                ],
                [
                    1140.096,
                    559.0079999999999
                ],
                [
                    1137.984,
                    535.032
                ],
                [
                    1134.9119999999998,
                    521.964
                ],
                [
                    1131.072,
                    494.964
                ],
                [
                    1131.072,
                    470.988
                ],
                [
                    1136.064,
                    389.016
                ],
                [
                    1137.984,
                    377.028
                ],
                [
                    1140.096,
                    347.976
                ],
                [
                    1142.016,
                    342.036
                ],
                [
                    1142.976,
                    321.948
                ],
                [
                    1145.0880000000002,
                    313.956
                ],
                [
                    1145.0880000000002,
                    304.99199999999996
                ],
                [
                    1142.016,
                    297
                ],
                [
                    1147.008,
                    276.048
                ],
                [
                    1148.928,
                    258.012
                ],
                [
                    1151.04,
                    253.044
                ],
                [
                    1156.992,
                    246.024
                ],
                [
                    1166.0159999999998,
                    243
                ],
                [
                    1172.9279999999999,
                    242.028
                ],
                [
                    1182.912,
                    242.028
                ],
                [
                    1188.096,
                    243
                ],
                [
                    1191.9360000000001,
                    245.052
                ],
                [
                    1215.936,
                    249.048
                ],
                [
                    1228.992,
                    249.048
                ],
                [
                    1241.088,
                    250.02
                ],
                [
                    1247.04,
                    251.964
                ],
                [
                    1254.9119999999998,
                    251.964
                ],
                [
                    1262.976,
                    254.016
                ],
                [
                    1268.928,
                    263.952
                ],
                [
                    1270.08,
                    278.964
                ],
                [
                    1266.048,
                    300.024
                ],
                [
                    1258.944,
                    358.02000000000004
                ],
                [
                    1256.064,
                    402.948
                ],
                [
                    1252.992,
                    420.012
                ],
                [
                    1249.92,
                    442.044
                ],
                [
                    1244.9279999999999,
                    469.04400000000004
                ],
                [
                    1241.088,
                    482.976
                ],
                [
                    1238.016,
                    493.02000000000004
                ],
                [
                    1233.9840000000002,
                    505.98
                ],
                [
                    1230.912,
                    516.024
                ],
                [
                    1224,
                    540.972
                ],
                [
                    1219.008,
                    559.0079999999999
                ],
                [
                    1210.944,
                    585.036
                ],
                [
                    1219.008,
                    585.036
                ],
                [
                    1219.9679999999998,
                    594
                ],
                [
                    1208.0639999999999,
                    596.0519999999999
                ]
            ]
        }
    ]
}