{
    "IMAGE_INFO": {
        "FILE_NAME": "1088517@0_07003_220919_P1_T3__1243.jpg",
        "DATE": "2022-10-31 14:58:12",
        "RESOLUTION": "1920 x 1080",
        "IMAGE_PHOTOGRAPHER": "권현진",
        "FOCUS_DISTANCE": "4.5",
        "EXPOSURE_TIME": "1/320",
        "SENSITIVITY_ISO": "10000",
        "PLACE": "성남시재활용센터",
        "REGION_NAME": null,
        "Direction": "0",
        "HEIGHT": "95",
        "DAY/NIGHT": "주간",
        "WEATHER": "맑음",
        "IMAGE_HEIGHT": 1080,
        "IMAGE_WIDTH": 1920,
        "IMAGE_SIZE": "686.0 KB"
    },
    "ANNOTATION_INFO": [
        {
            "ID": "1",
            "CLASS": "유리병",
            "DETAILS": "투명",
            "DAMAGE": "원형",
            "DIRTINESS": "이물질(전체)",
            "COVER": "없음",
            "TRANSPARENCY": "투명",
            "SHAPE": "유리병형",
            "SHAPE_TYPE": "POLYGON",
            "POINTS": [
                [
                    1364.9279999999999,
                    0
                ],
                [
                    1358.016,
                    3.024
                ],
                [
                    1354.944,
                    10.043999999999999
                ],
                [
                    1354.944,
                    18.035999999999998
                ],
                [
                    1348.032,
                    26.028
                ],
                [
                    1339.9679999999998,
                    30.023999999999997
                ],
                [
                    1329.0240000000001,
                    33.048
                ],
                [
                    1319.0400000000002,
                    35.964000000000006
                ],
                [
                    1308.096,
                    42.984
                ],
                [
                    1132.992,
                    266.00399999999996
                ],
                [
                    1132.032,
                    277.02
                ],
                [
                    1137.024,
                    288.036
                ],
                [
                    1147.968,
                    299.05199999999996
                ],
                [
                    1171.008,
                    316.00800000000004
                ],
                [
                    1194.048,
                    335.988
                ],
                [
                    1217.088,
                    351.97200000000004
                ],
                [
                    1229.952,
                    355.968
                ],
                [
                    1241.088,
                    347.00399999999996
                ],
                [
                    1305.024,
                    261.036
                ],
                [
                    1415.04,
                    131.00400000000002
                ],
                [
                    1424.064,
                    108.97200000000001
                ],
                [
                    1420.0320000000002,
                    93.96
                ],
                [
                    1422.912,
                    81.972
                ],
                [
                    1429.056,
                    77.004
                ],
                [
                    1431.9360000000001,
                    73.98
                ],
                [
                    1435.968,
                    76.03200000000001
                ],
                [
                    1443.0720000000001,
                    68.04
                ],
                [
                    1446.912,
                    69.984
                ],
                [
                    1450.944,
                    65.01599999999999
                ],
                [
                    1449.0240000000001,
                    54.972
                ],
                [
                    1453.056,
                    45.036
                ],
                [
                    1449.0240000000001,
                    34.02
                ],
                [
                    1433.088,
                    19.008000000000003
                ],
                [
                    1414.0800000000002,
                    3.024
                ],
                [
                    1410.048,
                    0
                ]
            ]
        }
    ]
}