{
    "IMAGE_INFO": {
        "FILE_NAME": "1088496@0_07003_220919_P1_T3__0176.jpg",
        "DATE": "2022-10-31 14:57:52",
        "RESOLUTION": "1920 x 1080",
        "IMAGE_PHOTOGRAPHER": "권현진",
        "FOCUS_DISTANCE": "4.5",
        "EXPOSURE_TIME": "1/320",
        "SENSITIVITY_ISO": "10000",
        "PLACE": "성남시재활용센터",
        "REGION_NAME": null,
        "Direction": "0",
        "HEIGHT": "95",
        "DAY/NIGHT": "주간",
        "WEATHER": "맑음",
        "IMAGE_HEIGHT": 1080,
        "IMAGE_WIDTH": 1920,
        "IMAGE_SIZE": "670.6 KB"
    },
    "ANNOTATION_INFO": [
        {
            "ID": "1",
            "CLASS": "유리병",
            "DETAILS": "투명",
            "DAMAGE": "원형",
            "DIRTINESS": "이물질(외부)",
            "COVER": "없음",
            "TRANSPARENCY": "투명",
            "SHAPE": "유리병형",
            "SHAPE_TYPE": "POLYGON",
            "POINTS": [
                [
                    1377.024,
                    945
                ],
                [
                    1368.96,
                    942.948
                ],
                [
                    1367.04,
                    940.0319999999999
                ],
                [
                    1363.968,
                    929.016
                ],
                [
                    1362.048,
                    913.032
                ],
                [
                    1361.088,
                    895.968
                ],
                [
                    1357.056,
                    874.044
                ],
                [
                    1357.056,
                    866.0519999999999
                ],
                [
                    1353.024,
                    843.048
                ],
                [
                    1349.952,
                    810
                ],
                [
                    1348.032,
                    782.028
                ],
                [
                    1347.0720000000001,
                    771.984
                ],
                [
                    1344,
                    763.02
                ],
                [
                    1343.04,
                    744.012
                ],
                [
                    1340.928,
                    725.976
                ],
                [
                    1339.9679999999998,
                    705.024
                ],
                [
                    1337.088,
                    686.9879999999999
                ],
                [
                    1337.088,
                    662.04
                ],
                [
                    1342.08,
                    627.048
                ],
                [
                    1349.952,
                    608.04
                ],
                [
                    1358.9759999999999,
                    570.996
                ],
                [
                    1362.048,
                    551.9879999999999
                ],
                [
                    1361.088,
                    493.99199999999996
                ],
                [
                    1359.9360000000001,
                    477.036
                ],
                [
                    1357.056,
                    462.024
                ],
                [
                    1357.056,
                    447.984
                ],
                [
                    1358.9759999999999,
                    436.968
                ],
                [
                    1362.048,
                    431.028
                ],
                [
                    1367.04,
                    428.00399999999996
                ],
                [
                    1391.04,
                    421.956
                ],
                [
                    1406.0159999999998,
                    421.956
                ],
                [
                    1419.072,
                    424.008
                ],
                [
                    1425.9840000000002,
                    428.00399999999996
                ],
                [
                    1426.944,
                    429.94800000000004
                ],
                [
                    1430.016,
                    439.99199999999996
                ],
                [
                    1431.9360000000001,
                    455.004
                ],
                [
                    1431.9360000000001,
                    467.964
                ],
                [
                    1440,
                    505.98
                ],
                [
                    1449.984,
                    536.976
                ],
                [
                    1451.904,
                    548.9639999999999
                ],
                [
                    1459.008,
                    569.052
                ],
                [
                    1462.08,
                    586.98
                ],
                [
                    1464,
                    591.948
                ],
                [
                    1481.088,
                    616.032
                ],
                [
                    1488,
                    628.9920000000001
                ],
                [
                    1497.024,
                    654.048
                ],
                [
                    1501.056,
                    675
                ],
                [
                    1499.904,
                    690.984
                ],
                [
                    1510.08,
                    720.036
                ],
                [
                    1511.04,
                    726.948
                ],
                [
                    1511.04,
                    740.988
                ],
                [
                    1512.96,
                    748.98
                ],
                [
                    1516.992,
                    810
                ],
                [
                    1521.984,
                    826.956
                ],
                [
                    1522.944,
                    839.052
                ],
                [
                    1526.976,
                    848.988
                ],
                [
                    1525.056,
                    870.048
                ],
                [
                    1526.976,
                    879.012
                ],
                [
                    1526.976,
                    909.0360000000001
                ],
                [
                    1522.944,
                    925.0200000000001
                ],
                [
                    1520.0639999999999,
                    928.044
                ],
                [
                    1513.92,
                    929.016
                ],
                [
                    1501.056,
                    929.016
                ],
                [
                    1493.952,
                    932.04
                ],
                [
                    1478.016,
                    933.984
                ],
                [
                    1470.912,
                    937.008
                ],
                [
                    1449.0240000000001,
                    940.0319999999999
                ],
                [
                    1435.0079999999998,
                    940.0319999999999
                ],
                [
                    1400.0639999999999,
                    945.972
                ]
            ]
        },
        {
            "ID": "2",
            "CLASS": "유리병",
            "DETAILS": "투명",
            "DAMAGE": "원형",
            "DIRTINESS": "이물질(전체)",
            "COVER": "없음",
            "TRANSPARENCY": "투명",
            "SHAPE": "유리병형",
            "SHAPE_TYPE": "POLYGON",
            "POINTS": [
                [
                    658.944,
                    1053.972
                ],
                [
                    651.072,
                    1053
                ],
                [
                    647.0400000000001,
                    1050.9479999999999
                ],
                [
                    638.976,
                    1037.016
                ],
                [
                    632.064,
                    1026.972
                ],
                [
                    625.9200000000001,
                    1018.008
                ],
                [
                    622.08,
                    1010.988
                ],
                [
                    618.048,
                    1003.968
                ],
                [
                    615.9359999999999,
                    996.948
                ],
                [
                    606.912,
                    978.048
                ],
                [
                    576,
                    901.0440000000001
                ],
                [
                    571.008,
                    893.052
                ],
                [
                    567.936,
                    876.96
                ],
                [
                    561.984,
                    867.996
                ],
                [
                    564.096,
                    860.004
                ],
                [
                    543.936,
                    821.016
                ],
                [
                    538.944,
                    798.0120000000001
                ],
                [
                    542.016,
                    791.9639999999999
                ],
                [
                    552.9599999999999,
                    783
                ],
                [
                    585.984,
                    764.964
                ],
                [
                    590.976,
                    763.9920000000001
                ],
                [
                    611.904,
                    752.976
                ],
                [
                    619.9680000000001,
                    751.032
                ],
                [
                    622.08,
                    748.98
                ],
                [
                    628.992,
                    747.036
                ],
                [
                    633.984,
                    747.036
                ],
                [
                    642.048,
                    741.96
                ],
                [
                    646.08,
                    741.96
                ],
                [
                    657.024,
                    737.964
                ],
                [
                    672.9599999999999,
                    735.048
                ],
                [
                    675.072,
                    735.048
                ],
                [
                    686.016,
                    740.988
                ],
                [
                    690.048,
                    744.9839999999999
                ],
                [
                    692.928,
                    756
                ],
                [
                    694.0799999999999,
                    779.004
                ],
                [
                    709.056,
                    805.0319999999999
                ],
                [
                    724.0319999999999,
                    824.04
                ],
                [
                    734.016,
                    825.984
                ],
                [
                    738.048,
                    836.028
                ],
                [
                    742.08,
                    848.988
                ],
                [
                    744.96,
                    855.036
                ],
                [
                    745.9200000000001,
                    864.972
                ],
                [
                    753.984,
                    875.988
                ],
                [
                    757.0559999999999,
                    884.952
                ],
                [
                    758.976,
                    890.028
                ],
                [
                    763.968,
                    905.04
                ],
                [
                    772.032,
                    920.052
                ],
                [
                    787.0079999999999,
                    955.044
                ],
                [
                    787.968,
                    972
                ],
                [
                    792,
                    990.036
                ],
                [
                    787.968,
                    999
                ],
                [
                    778.944,
                    1006.992
                ],
                [
                    763.0079999999999,
                    1014.9839999999999
                ],
                [
                    726.912,
                    1029.024
                ],
                [
                    684.096,
                    1048.0320000000002
                ]
            ]
        },
        {
            "ID": "3",
            "CLASS": "유리병",
            "DETAILS": "투명",
            "DAMAGE": "원형",
            "DIRTINESS": "이물질(외부)",
            "COVER": "없음",
            "TRANSPARENCY": "투명",
            "SHAPE": "유리병형",
            "SHAPE_TYPE": "POLYGON",
            "POINTS": [
                [
                    1238.9759999999999,
                    937.008
                ],
                [
                    1239.9360000000001,
                    942.948
                ],
                [
                    1239.9360000000001,
                    1018.98
                ],
                [
                    1238.9759999999999,
                    1029.024
                ],
                [
                    1222.08,
                    1029.024
                ],
                [
                    1217.088,
                    1033.02
                ],
                [
                    1209.0240000000001,
                    1033.02
                ],
                [
                    1204.9920000000002,
                    1034.964
                ],
                [
                    1200.9599999999998,
                    1034.964
                ],
                [
                    1199.0400000000002,
                    1030.968
                ],
                [
                    1146.048,
                    1023.9480000000001
                ],
                [
                    1133.952,
                    1026.972
                ],
                [
                    1123.008,
                    1030.968
                ],
                [
                    1108.992,
                    1040.04
                ],
                [
                    1089.0240000000001,
                    1048.0320000000002
                ],
                [
                    1075.0079999999998,
                    1053
                ],
                [
                    1064.064,
                    1053.972
                ],
                [
                    854.976,
                    1053.972
                ],
                [
                    841.92,
                    1049.9759999999999
                ],
                [
                    834.048,
                    1044.036
                ],
                [
                    831.936,
                    924.048
                ],
                [
                    838.08,
                    917.028
                ],
                [
                    845.952,
                    910.008
                ],
                [
                    1046.0159999999998,
                    910.98
                ],
                [
                    1070.016,
                    911.952
                ],
                [
                    1081.92,
                    915.948
                ],
                [
                    1095.936,
                    921.996
                ],
                [
                    1113.024,
                    929.9879999999999
                ],
                [
                    1129.92,
                    937.98
                ],
                [
                    1147.008,
                    942.948
                ],
                [
                    1179.072,
                    937.98
                ],
                [
                    1190.016,
                    936.0360000000001
                ],
                [
                    1198.08,
                    933.984
                ],
                [
                    1200,
                    932.04
                ],
                [
                    1204.032,
                    929.016
                ],
                [
                    1209.0240000000001,
                    929.9879999999999
                ],
                [
                    1214.0159999999998,
                    933.0120000000001
                ],
                [
                    1213.056,
                    937.98
                ],
                [
                    1214.976,
                    937.008
                ],
                [
                    1218.048,
                    933.984
                ],
                [
                    1219.9679999999998,
                    933.0120000000001
                ],
                [
                    1224.96,
                    933.0120000000001
                ],
                [
                    1230.912,
                    937.98
                ],
                [
                    1233.9840000000002,
                    937.008
                ]
            ]
        }
    ]
}