{
    "IMAGE_INFO": {
        "FILE_NAME": "1088748@0_07003_220919_P1_T3__0730.jpg",
        "DATE": "2022-10-31 14:58:03",
        "RESOLUTION": "1920 x 1080",
        "IMAGE_PHOTOGRAPHER": "권현진",
        "FOCUS_DISTANCE": "4.5",
        "EXPOSURE_TIME": "1/320",
        "SENSITIVITY_ISO": "10000",
        "PLACE": "성남시재활용센터",
        "REGION_NAME": null,
        "Direction": "0",
        "HEIGHT": "95",
        "DAY/NIGHT": "주간",
        "WEATHER": "맑음",
        "IMAGE_HEIGHT": 1080,
        "IMAGE_WIDTH": 1920,
        "IMAGE_SIZE": "652.3 KB"
    },
    "ANNOTATION_INFO": [
        {
            "ID": "1",
            "CLASS": "유리병",
            "DETAILS": "투명",
            "DAMAGE": "원형",
            "DIRTINESS": "이물질(전체)",
            "COVER": "없음",
            "TRANSPARENCY": "투명",
            "SHAPE": "유리병형",
            "SHAPE_TYPE": "POLYGON",
            "POINTS": [
                [
                    1397.952,
                    689.04
                ],
                [
                    1417.92,
                    687.96
                ],
                [
                    1422.912,
                    655.0200000000001
                ],
                [
                    1425.9840000000002,
                    528.984
                ],
                [
                    1421.952,
                    524.9879999999999
                ],
                [
                    1421.952,
                    512.028
                ],
                [
                    1401.0240000000001,
                    509.004
                ],
                [
                    1401.0240000000001,
                    516.024
                ],
                [
                    1397.952,
                    516.996
                ],
                [
                    1395.0720000000001,
                    513.972
                ],
                [
                    1392,
                    516.996
                ],
                [
                    1378.944,
                    517.9680000000001
                ],
                [
                    1369.92,
                    506.952
                ],
                [
                    1230.912,
                    504.036
                ],
                [
                    1220.928,
                    505.98
                ],
                [
                    1206.912,
                    508.032
                ],
                [
                    1195.968,
                    517.9680000000001
                ],
                [
                    1190.9759999999999,
                    527.04
                ],
                [
                    1189.056,
                    544.9680000000001
                ],
                [
                    1185.9840000000002,
                    612.036
                ],
                [
                    1185.9840000000002,
                    655.9920000000001
                ],
                [
                    1190.9759999999999,
                    663.0120000000001
                ],
                [
                    1204.032,
                    681.048
                ],
                [
                    1210.944,
                    683.9639999999999
                ],
                [
                    1271.04,
                    687.96
                ],
                [
                    1306.944,
                    687.96
                ],
                [
                    1357.056,
                    689.04
                ],
                [
                    1367.04,
                    686.016
                ],
                [
                    1369.92,
                    679.9680000000001
                ],
                [
                    1377.024,
                    675
                ],
                [
                    1382.976,
                    675.972
                ],
                [
                    1386.048,
                    678.9960000000001
                ],
                [
                    1388.928,
                    679.9680000000001
                ],
                [
                    1392.96,
                    675
                ]
            ]
        }
    ]
}