{
    "IMAGE_INFO": {
        "FILE_NAME": "1088516@0_07003_220919_P1_T3__0280.jpg",
        "DATE": "2022-10-31 14:57:54",
        "RESOLUTION": "1920 x 1080",
        "IMAGE_PHOTOGRAPHER": "권현진",
        "FOCUS_DISTANCE": "4.5",
        "EXPOSURE_TIME": "1/320",
        "SENSITIVITY_ISO": "10000",
        "PLACE": "성남시재활용센터",
        "REGION_NAME": null,
        "Direction": "0",
        "HEIGHT": "95",
        "DAY/NIGHT": "주간",
        "WEATHER": "맑음",
        "IMAGE_HEIGHT": 1080,
        "IMAGE_WIDTH": 1920,
        "IMAGE_SIZE": "571.0 KB"
    },
    "ANNOTATION_INFO": [
        {
            "ID": "1",
            "CLASS": "유리병",
            "DETAILS": "투명",
            "DAMAGE": "원형",
            "DIRTINESS": "이물질(외부)",
            "COVER": "없음",
            "TRANSPARENCY": "투명",
            "SHAPE": "유리병형",
            "SHAPE_TYPE": "POLYGON",
            "POINTS": [
                [
                    345.024,
                    510.94800000000004
                ],
                [
                    336.96,
                    510.94800000000004
                ],
                [
                    326.976,
                    509.976
                ],
                [
                    318.912,
                    509.976
                ],
                [
                    305.088,
                    509.976
                ],
                [
                    297.024,
                    508.032
                ],
                [
                    294.912,
                    504.036
                ],
                [
                    292.992,
                    482.00399999999996
                ],
                [
                    294.912,
                    420.984
                ],
                [
                    298.944,
                    393.012
                ],
                [
                    297.98400000000004,
                    259.956
                ],
                [
                    298.944,
                    236.95200000000003
                ],
                [
                    301.056,
                    230.04
                ],
                [
                    302.01599999999996,
                    220.96800000000002
                ],
                [
                    302.976,
                    219.024
                ],
                [
                    303.936,
                    216
                ],
                [
                    305.088,
                    215.028
                ],
                [
                    307.008,
                    212.976
                ],
                [
                    308.928,
                    212.004
                ],
                [
                    312,
                    208.00799999999998
                ],
                [
                    315.072,
                    204.012
                ],
                [
                    317.952,
                    196.01999999999998
                ],
                [
                    318.912,
                    174.96
                ],
                [
                    321.024,
                    162
                ],
                [
                    321.024,
                    147.96
                ],
                [
                    322.94399999999996,
                    138.024
                ],
                [
                    322.94399999999996,
                    116.964
                ],
                [
                    322.94399999999996,
                    100.98
                ],
                [
                    325.05600000000004,
                    83.05199999999999
                ],
                [
                    327.93600000000004,
                    61.992
                ],
                [
                    331.968,
                    50.976
                ],
                [
                    337.91999999999996,
                    27.971999999999998
                ],
                [
                    341.952,
                    15.984
                ],
                [
                    346.944,
                    3.996
                ],
                [
                    350.01599999999996,
                    0
                ],
                [
                    425.088,
                    0
                ],
                [
                    431.04,
                    10.043999999999999
                ],
                [
                    437.952,
                    24.948
                ],
                [
                    440.06399999999996,
                    31.968
                ],
                [
                    450.048,
                    88.02000000000001
                ],
                [
                    451.008,
                    105.94800000000001
                ],
                [
                    451.968,
                    126.036
                ],
                [
                    452.928,
                    154.008
                ],
                [
                    455.03999999999996,
                    164.05200000000002
                ],
                [
                    456,
                    170.964
                ],
                [
                    459.072,
                    177.984
                ],
                [
                    461.952,
                    181.98000000000002
                ],
                [
                    464.064,
                    188.028
                ],
                [
                    465.984,
                    197.964
                ],
                [
                    467.904,
                    208.98000000000002
                ],
                [
                    470.01599999999996,
                    227.016
                ],
                [
                    467.904,
                    469.04400000000004
                ],
                [
                    460.992,
                    500.04
                ],
                [
                    451.008,
                    510.94800000000004
                ],
                [
                    446.016,
                    513.972
                ],
                [
                    390.91200000000003,
                    512.028
                ],
                [
                    379.96799999999996,
                    510.94800000000004
                ],
                [
                    363.072,
                    510.94800000000004
                ],
                [
                    359.04,
                    512.028
                ],
                [
                    351.936,
                    510.94800000000004
                ]
            ]
        }
    ]
}