{
    "IMAGE_INFO": {
        "FILE_NAME": "1088712@0_07003_220919_P1_T3__0543.jpg",
        "DATE": "2022-10-31 14:58:00",
        "RESOLUTION": "1920 x 1080",
        "IMAGE_PHOTOGRAPHER": "권현진",
        "FOCUS_DISTANCE": "4.5",
        "EXPOSURE_TIME": "1/320",
        "SENSITIVITY_ISO": "10000",
        "PLACE": "성남시재활용센터",
        "REGION_NAME": null,
        "Direction": "0",
        "HEIGHT": "95",
        "DAY/NIGHT": "주간",
        "WEATHER": "맑음",
        "IMAGE_HEIGHT": 1080,
        "IMAGE_WIDTH": 1920,
        "IMAGE_SIZE": "646.0 KB"
    },
    "ANNOTATION_INFO": [
        {
            "ID": "1",
            "CLASS": "유리병",
            "DETAILS": "투명",
            "DAMAGE": "원형",
            "DIRTINESS": "이물질(외부)",
            "COVER": "없음",
            "TRANSPARENCY": "투명",
            "SHAPE": "유리병형",
            "SHAPE_TYPE": "POLYGON",
            "POINTS": [
                [
                    1638.912,
                    23.003999999999998
                ],
                [
                    1645.056,
                    42.01199999999999
                ],
                [
                    1641.984,
                    65.01599999999999
                ],
                [
                    1632,
                    81.972
                ],
                [
                    1617.984,
                    84.99600000000001
                ],
                [
                    1598.016,
                    88.02000000000001
                ],
                [
                    1571.904,
                    89.964
                ],
                [
                    1554.048,
                    91.044
                ],
                [
                    1522.944,
                    111.024
                ],
                [
                    1470.912,
                    138.996
                ],
                [
                    1363.008,
                    149.04000000000002
                ],
                [
                    1265.0880000000002,
                    139.968
                ],
                [
                    1224,
                    123.984
                ],
                [
                    1177.92,
                    111.024
                ],
                [
                    1167.936,
                    96.012
                ],
                [
                    1162.944,
                    58.968
                ],
                [
                    1165.056,
                    11.988000000000001
                ],
                [
                    1166.0159999999998,
                    0.972
                ],
                [
                    1516.032,
                    0.972
                ],
                [
                    1535.04,
                    11.988000000000001
                ],
                [
                    1550.016,
                    16.956
                ],
                [
                    1563.0720000000001,
                    12.96
                ],
                [
                    1571.904,
                    12.96
                ],
                [
                    1588.032,
                    14.04
                ],
                [
                    1608,
                    15.011999999999999
                ],
                [
                    1632,
                    19.008000000000003
                ]
            ]
        },
        {
            "ID": "2",
            "CLASS": "유리병",
            "DETAILS": "투명",
            "DAMAGE": "원형",
            "DIRTINESS": "이물질(외부)",
            "COVER": "없음",
            "TRANSPARENCY": "투명",
            "SHAPE": "유리병형",
            "SHAPE_TYPE": "POLYGON",
            "POINTS": [
                [
                    776.064,
                    1033.02
                ],
                [
                    753.984,
                    1023.9480000000001
                ],
                [
                    705.984,
                    1009.044
                ],
                [
                    678.912,
                    999.972
                ],
                [
                    676.032,
                    991.98
                ],
                [
                    681.984,
                    968.976
                ],
                [
                    725.952,
                    852.9839999999999
                ],
                [
                    743.04,
                    812.052
                ],
                [
                    758.016,
                    790.0200000000001
                ],
                [
                    798.912,
                    717.0120000000001
                ],
                [
                    807.936,
                    701.028
                ],
                [
                    811.008,
                    691.956
                ],
                [
                    810.048,
                    685.044
                ],
                [
                    810.048,
                    677.052
                ],
                [
                    815.04,
                    675
                ],
                [
                    816.96,
                    668.952
                ],
                [
                    817.92,
                    664.956
                ],
                [
                    817.92,
                    660.96
                ],
                [
                    820.0319999999999,
                    656.9639999999999
                ],
                [
                    822.9119999999999,
                    654.048
                ],
                [
                    825.024,
                    651.024
                ],
                [
                    828.096,
                    647.028
                ],
                [
                    886.08,
                    670.0319999999999
                ],
                [
                    891.072,
                    677.052
                ],
                [
                    887.0400000000001,
                    683.9639999999999
                ],
                [
                    883.968,
                    690.0120000000001
                ],
                [
                    884.928,
                    691.956
                ],
                [
                    881.088,
                    695.952
                ],
                [
                    878.016,
                    705.024
                ],
                [
                    878.016,
                    712.044
                ],
                [
                    874.944,
                    716.0400000000001
                ],
                [
                    870.912,
                    731.0519999999999
                ],
                [
                    850.944,
                    832.0319999999999
                ],
                [
                    849.024,
                    845.9639999999999
                ],
                [
                    840.96,
                    853.9559999999999
                ],
                [
                    833.088,
                    871.02
                ],
                [
                    814.0799999999999,
                    928.044
                ],
                [
                    806.016,
                    949.9680000000001
                ],
                [
                    798.912,
                    968.004
                ],
                [
                    795.072,
                    987.9839999999999
                ]
            ]
        },
        {
            "ID": "3",
            "CLASS": "유리병",
            "DETAILS": "투명",
            "DAMAGE": "파손",
            "DIRTINESS": "이물질(외부)",
            "COVER": "없음",
            "TRANSPARENCY": "투명",
            "SHAPE": "유리병형",
            "SHAPE_TYPE": "POLYGON",
            "POINTS": [
                [
                    431.04,
                    0.972
                ],
                [
                    411.072,
                    26.028
                ],
                [
                    387.072,
                    46.98
                ],
                [
                    365.952,
                    54
                ],
                [
                    359.04,
                    57.024
                ],
                [
                    351.936,
                    76.03200000000001
                ],
                [
                    358.08,
                    95.03999999999999
                ],
                [
                    365.952,
                    118.044
                ],
                [
                    373.056,
                    123.984
                ],
                [
                    382.08000000000004,
                    123.012
                ],
                [
                    402.048,
                    122.04
                ],
                [
                    417.98400000000004,
                    123.984
                ],
                [
                    444.096,
                    139.968
                ],
                [
                    483.072,
                    153.036
                ],
                [
                    541.056,
                    154.98
                ],
                [
                    590.976,
                    146.016
                ],
                [
                    667.0079999999999,
                    123.984
                ],
                [
                    734.016,
                    101.952
                ],
                [
                    755.904,
                    85.968
                ],
                [
                    768.96,
                    54
                ],
                [
                    768,
                    26.028
                ],
                [
                    768,
                    0
                ]
            ]
        }
    ]
}