{
    "IMAGE_INFO": {
        "FILE_NAME": "1088990@0_07003_220919_P1_T3__0233.jpg",
        "DATE": "2022-10-31 14:57:53",
        "RESOLUTION": "1920 x 1080",
        "IMAGE_PHOTOGRAPHER": "권현진",
        "FOCUS_DISTANCE": "4.5",
        "EXPOSURE_TIME": "1/320",
        "SENSITIVITY_ISO": "10000",
        "PLACE": "성남시재활용센터",
        "REGION_NAME": null,
        "Direction": "0",
        "HEIGHT": "95",
        "DAY/NIGHT": "주간",
        "WEATHER": "맑음",
        "IMAGE_HEIGHT": 1080,
        "IMAGE_WIDTH": 1920,
        "IMAGE_SIZE": "629.3 KB"
    },
    "ANNOTATION_INFO": [
        {
            "ID": "1",
            "CLASS": "유리병",
            "DETAILS": "투명",
            "DAMAGE": "파손",
            "DIRTINESS": "이물질(외부)",
            "COVER": "없음",
            "TRANSPARENCY": "투명",
            "SHAPE": "유리병형",
            "SHAPE_TYPE": "POLYGON",
            "POINTS": [
                [
                    1084.032,
                    758.052
                ],
                [
                    1078.08,
                    756.972
                ],
                [
                    1070.016,
                    747.036
                ],
                [
                    1062.912,
                    744.012
                ],
                [
                    1055.04,
                    736.02
                ],
                [
                    1046.0159999999998,
                    725.004
                ],
                [
                    1037.952,
                    708.048
                ],
                [
                    1032,
                    689.04
                ],
                [
                    1036.992,
                    678.024
                ],
                [
                    1035.0720000000001,
                    656.9639999999999
                ],
                [
                    1038.912,
                    640.98
                ],
                [
                    1049.088,
                    633.9599999999999
                ],
                [
                    1073.088,
                    621.972
                ],
                [
                    1128,
                    623.052
                ],
                [
                    1155.0720000000001,
                    617.976
                ],
                [
                    1167.936,
                    614.952
                ],
                [
                    1174.0800000000002,
                    612.036
                ],
                [
                    1185.024,
                    609.012
                ],
                [
                    1195.968,
                    608.04
                ],
                [
                    1214.0159999999998,
                    601.992
                ],
                [
                    1223.04,
                    594.972
                ],
                [
                    1237.056,
                    587.952
                ],
                [
                    1262.976,
                    582.9839999999999
                ],
                [
                    1285.056,
                    582.0120000000001
                ],
                [
                    1286.0159999999998,
                    582.9839999999999
                ],
                [
                    1292.9279999999999,
                    582.9839999999999
                ],
                [
                    1299.072,
                    586.0079999999999
                ],
                [
                    1320,
                    594
                ],
                [
                    1333.056,
                    596.0519999999999
                ],
                [
                    1342.08,
                    586.0079999999999
                ],
                [
                    1352.064,
                    578.016
                ],
                [
                    1361.088,
                    571.968
                ],
                [
                    1376.064,
                    560.952
                ],
                [
                    1383.936,
                    560.952
                ],
                [
                    1395.0720000000001,
                    564.948
                ],
                [
                    1401.984,
                    563.004
                ],
                [
                    1414.0800000000002,
                    563.004
                ],
                [
                    1416,
                    574.02
                ],
                [
                    1424.064,
                    578.988
                ],
                [
                    1425.9840000000002,
                    586.0079999999999
                ],
                [
                    1429.056,
                    589.032
                ],
                [
                    1436.9279999999999,
                    616.032
                ],
                [
                    1440.9599999999998,
                    639.0360000000001
                ],
                [
                    1441.92,
                    659.016
                ],
                [
                    1440,
                    678.024
                ],
                [
                    1438.08,
                    690.0120000000001
                ],
                [
                    1435.0079999999998,
                    693.0360000000001
                ],
                [
                    1412.9279999999999,
                    695.952
                ],
                [
                    1382.976,
                    694.9799999999999
                ],
                [
                    1369.92,
                    698.004
                ],
                [
                    1362.048,
                    705.996
                ],
                [
                    1344,
                    701.028
                ],
                [
                    1315.0079999999998,
                    721.0079999999999
                ],
                [
                    1306.944,
                    724.032
                ],
                [
                    1300.0320000000002,
                    722.952
                ],
                [
                    1294.0800000000002,
                    725.976
                ],
                [
                    1287.936,
                    731.0519999999999
                ],
                [
                    1275.0720000000001,
                    733.968
                ],
                [
                    1257.984,
                    736.992
                ],
                [
                    1249.92,
                    736.992
                ],
                [
                    1236.096,
                    740.0160000000001
                ],
                [
                    1223.04,
                    740.988
                ],
                [
                    1218.048,
                    744.012
                ],
                [
                    1211.904,
                    744.9839999999999
                ],
                [
                    1188.096,
                    744.012
                ],
                [
                    1179.072,
                    748.008
                ],
                [
                    1169.088,
                    749.952
                ],
                [
                    1160.0639999999999,
                    749.952
                ],
                [
                    1150.08,
                    747.036
                ],
                [
                    1136.064,
                    747.036
                ],
                [
                    1129.92,
                    749.952
                ],
                [
                    1122.048,
                    748.98
                ],
                [
                    1103.04,
                    753.9480000000001
                ],
                [
                    1094.976,
                    752.976
                ]
            ]
        },
        {
            "ID": "2",
            "CLASS": "유리병",
            "DETAILS": "투명",
            "DAMAGE": "원형",
            "DIRTINESS": "이물질(외부)",
            "COVER": "없음",
            "TRANSPARENCY": "투명",
            "SHAPE": "유리병형",
            "SHAPE_TYPE": "POLYGON",
            "POINTS": [
                [
                    225.984,
                    744.012
                ],
                [
                    217.92000000000002,
                    741.96
                ],
                [
                    207.93599999999998,
                    735.048
                ],
                [
                    201.024,
                    725.004
                ],
                [
                    182.016,
                    709.02
                ],
                [
                    172.032,
                    690.0120000000001
                ],
                [
                    172.032,
                    666.0360000000001
                ],
                [
                    177.984,
                    655.0200000000001
                ],
                [
                    187.008,
                    648.972
                ],
                [
                    190.08,
                    640.008
                ],
                [
                    192,
                    623.052
                ],
                [
                    195.072,
                    616.032
                ],
                [
                    207.93599999999998,
                    600.048
                ],
                [
                    230.01600000000002,
                    579.96
                ],
                [
                    236.928,
                    570.024
                ],
                [
                    252.096,
                    555.984
                ],
                [
                    259.008,
                    546.048
                ],
                [
                    270.91200000000003,
                    536.004
                ],
                [
                    282.048,
                    520.992
                ],
                [
                    288.96,
                    516.024
                ],
                [
                    303.936,
                    500.04
                ],
                [
                    307.008,
                    494.964
                ],
                [
                    317.952,
                    483.948
                ],
                [
                    361.92,
                    446.03999999999996
                ],
                [
                    364.99199999999996,
                    440.964
                ],
                [
                    390.91200000000003,
                    412.992
                ],
                [
                    393.984,
                    407.052
                ],
                [
                    398.976,
                    401.976
                ],
                [
                    407.03999999999996,
                    389.988
                ],
                [
                    420.096,
                    378
                ],
                [
                    423.936,
                    378.972
                ],
                [
                    440.06399999999996,
                    389.016
                ],
                [
                    460.03200000000004,
                    404.02799999999996
                ],
                [
                    475.968,
                    420.012
                ],
                [
                    510.91200000000003,
                    448.956
                ],
                [
                    517.0559999999999,
                    455.976
                ],
                [
                    517.0559999999999,
                    469.04400000000004
                ],
                [
                    514.944,
                    473.04
                ],
                [
                    504,
                    486
                ],
                [
                    464.064,
                    517.9680000000001
                ],
                [
                    441.024,
                    546.048
                ],
                [
                    423.936,
                    574.992
                ],
                [
                    412.03200000000004,
                    589.032
                ],
                [
                    394.94399999999996,
                    604.044
                ],
                [
                    388.032,
                    613.98
                ],
                [
                    364.99199999999996,
                    637.956
                ],
                [
                    354.048,
                    645.948
                ],
                [
                    345.984,
                    655.9920000000001
                ],
                [
                    315.072,
                    686.9879999999999
                ],
                [
                    302.01599999999996,
                    702.972
                ],
                [
                    288,
                    714.96
                ],
                [
                    284.928,
                    716.0400000000001
                ],
                [
                    272.06399999999996,
                    716.0400000000001
                ],
                [
                    263.04,
                    718.9559999999999
                ],
                [
                    254.976,
                    731.0519999999999
                ],
                [
                    244.992,
                    737.964
                ],
                [
                    233.088,
                    743.04
                ],
                [
                    225.984,
                    744.012
                ]
            ]
        },
        {
            "ID": "3",
            "CLASS": "유리병",
            "DETAILS": "투명",
            "DAMAGE": "파손",
            "DIRTINESS": "이물질(외부)",
            "COVER": "없음",
            "TRANSPARENCY": "투명",
            "SHAPE": "유리병형",
            "SHAPE_TYPE": "POLYGON",
            "POINTS": [
                [
                    1236.096,
                    536.976
                ],
                [
                    1233.9840000000002,
                    536.004
                ],
                [
                    1230.912,
                    528.984
                ],
                [
                    1229.952,
                    505.98
                ],
                [
                    1224,
                    501.984
                ],
                [
                    1219.008,
                    501.984
                ],
                [
                    1201.92,
                    493.99199999999996
                ],
                [
                    1181.952,
                    478.008
                ],
                [
                    1181.952,
                    473.04
                ],
                [
                    1185.024,
                    467.964
                ],
                [
                    1184.064,
                    461.052
                ],
                [
                    1193.088,
                    444.96
                ],
                [
                    1228.032,
                    415.044
                ],
                [
                    1271.04,
                    385.02
                ],
                [
                    1297.92,
                    367.956
                ],
                [
                    1309.056,
                    361.044
                ],
                [
                    1334.0159999999998,
                    342.036
                ],
                [
                    1354.944,
                    327.99600000000004
                ],
                [
                    1363.968,
                    324
                ],
                [
                    1369.92,
                    316.97999999999996
                ],
                [
                    1377.024,
                    316.00800000000004
                ],
                [
                    1382.016,
                    320.004
                ],
                [
                    1396.032,
                    331.02
                ],
                [
                    1405.056,
                    343.008
                ],
                [
                    1409.088,
                    350.028
                ],
                [
                    1416,
                    361.044
                ],
                [
                    1421.952,
                    370.00800000000004
                ],
                [
                    1434.048,
                    389.988
                ],
                [
                    1440.9599999999998,
                    405
                ],
                [
                    1441.92,
                    412.992
                ],
                [
                    1440,
                    420.012
                ],
                [
                    1434.048,
                    425.952
                ],
                [
                    1416.96,
                    434.05199999999996
                ],
                [
                    1387.008,
                    454.032
                ],
                [
                    1381.056,
                    462.024
                ],
                [
                    1371.072,
                    463.96799999999996
                ],
                [
                    1326.912,
                    494.964
                ],
                [
                    1315.0079999999998,
                    501.984
                ],
                [
                    1301.952,
                    509.004
                ],
                [
                    1273.92,
                    524.9879999999999
                ],
                [
                    1263.936,
                    528.984
                ],
                [
                    1241.088,
                    536.976
                ]
            ]
        }
    ]
}