{
    "IMAGE_INFO": {
        "FILE_NAME": "1088641@0_07003_220919_P1_T3__1241.jpg",
        "DATE": "2022-10-31 14:58:12",
        "RESOLUTION": "1920 x 1080",
        "IMAGE_PHOTOGRAPHER": "권현진",
        "FOCUS_DISTANCE": "4.5",
        "EXPOSURE_TIME": "1/320",
        "SENSITIVITY_ISO": "10000",
        "PLACE": "성남시재활용센터",
        "REGION_NAME": null,
        "Direction": "0",
        "HEIGHT": "95",
        "DAY/NIGHT": "주간",
        "WEATHER": "맑음",
        "IMAGE_HEIGHT": 1080,
        "IMAGE_WIDTH": 1920,
        "IMAGE_SIZE": "656.8 KB"
    },
    "ANNOTATION_INFO": [
        {
            "ID": "1",
            "CLASS": "유리병",
            "DETAILS": "투명",
            "DAMAGE": "원형",
            "DIRTINESS": "이물질(외부)",
            "COVER": "없음",
            "TRANSPARENCY": "투명",
            "SHAPE": "유리병형",
            "SHAPE_TYPE": "POLYGON",
            "POINTS": [
                [
                    1219.008,
                    701.028
                ],
                [
                    1169.088,
                    667.008
                ],
                [
                    1150.08,
                    651.996
                ],
                [
                    1124.9279999999999,
                    624.996
                ],
                [
                    1124.9279999999999,
                    613.008
                ],
                [
                    1150.08,
                    574.02
                ],
                [
                    1172.9279999999999,
                    547.992
                ],
                [
                    1179.072,
                    537.948
                ],
                [
                    1182.912,
                    535.032
                ],
                [
                    1186.944,
                    525.96
                ],
                [
                    1200.9599999999998,
                    512.028
                ],
                [
                    1200.9599999999998,
                    509.004
                ],
                [
                    1222.08,
                    482.976
                ],
                [
                    1234.944,
                    461.052
                ],
                [
                    1262.016,
                    432.972
                ],
                [
                    1263.936,
                    427.032
                ],
                [
                    1287.936,
                    394.956
                ],
                [
                    1300.992,
                    381.024
                ],
                [
                    1309.056,
                    374.976
                ],
                [
                    1334.976,
                    366.984
                ],
                [
                    1345.9199999999998,
                    355.968
                ],
                [
                    1347.0720000000001,
                    346.03200000000004
                ],
                [
                    1353.024,
                    338.04
                ],
                [
                    1366.08,
                    327.99600000000004
                ],
                [
                    1377.984,
                    323.02799999999996
                ],
                [
                    1383.936,
                    324.972
                ],
                [
                    1421.952,
                    351.97200000000004
                ],
                [
                    1443.0720000000001,
                    370.98
                ],
                [
                    1446.912,
                    378.972
                ],
                [
                    1443.0720000000001,
                    401.004
                ],
                [
                    1436.9279999999999,
                    411.048
                ],
                [
                    1433.088,
                    415.044
                ],
                [
                    1425.9840000000002,
                    416.988
                ],
                [
                    1420.0320000000002,
                    424.98
                ],
                [
                    1417.92,
                    443.016
                ],
                [
                    1420.0320000000002,
                    451.97999999999996
                ],
                [
                    1415.04,
                    466.02
                ],
                [
                    1407.936,
                    478.008
                ],
                [
                    1398.912,
                    486.97200000000004
                ],
                [
                    1396.992,
                    493.02000000000004
                ],
                [
                    1377.024,
                    513.972
                ],
                [
                    1369.92,
                    524.9879999999999
                ],
                [
                    1353.024,
                    544.9680000000001
                ],
                [
                    1348.992,
                    555.0120000000001
                ],
                [
                    1339.9679999999998,
                    563.004
                ],
                [
                    1335.936,
                    570.996
                ],
                [
                    1310.9759999999999,
                    598.968
                ],
                [
                    1297.92,
                    618.9480000000001
                ],
                [
                    1287.936,
                    628.9920000000001
                ],
                [
                    1271.04,
                    652.9680000000001
                ],
                [
                    1262.016,
                    670.0319999999999
                ],
                [
                    1234.944,
                    698.976
                ],
                [
                    1228.992,
                    701.028
                ],
                [
                    1219.008,
                    701.028
                ]
            ]
        }
    ]
}