{
    "IMAGE_INFO": {
        "FILE_NAME": "1088687@0_07003_220919_P1_T3__0140.jpg",
        "DATE": "2022-10-31 14:57:51",
        "RESOLUTION": "1920 x 1080",
        "IMAGE_PHOTOGRAPHER": "권현진",
        "FOCUS_DISTANCE": "4.5",
        "EXPOSURE_TIME": "1/320",
        "SENSITIVITY_ISO": "10000",
        "PLACE": "성남시재활용센터",
        "REGION_NAME": null,
        "Direction": "0",
        "HEIGHT": "95",
        "DAY/NIGHT": "주간",
        "WEATHER": "맑음",
        "IMAGE_HEIGHT": 1080,
        "IMAGE_WIDTH": 1920,
        "IMAGE_SIZE": "654.3 KB"
    },
    "ANNOTATION_INFO": [
        {
            "ID": "1",
            "CLASS": "유리병",
            "DETAILS": "투명",
            "DAMAGE": "원형",
            "DIRTINESS": "이물질(외부)",
            "COVER": "없음",
            "TRANSPARENCY": "투명",
            "SHAPE": "유리병형",
            "SHAPE_TYPE": "POLYGON",
            "POINTS": [
                [
                    1385.0880000000002,
                    906.012
                ],
                [
                    1373.952,
                    905.04
                ],
                [
                    1361.088,
                    898.02
                ],
                [
                    1354.944,
                    891
                ],
                [
                    1347.0720000000001,
                    868.968
                ],
                [
                    1343.04,
                    822.96
                ],
                [
                    1339.008,
                    816.048
                ],
                [
                    1338.048,
                    795.96
                ],
                [
                    1330.944,
                    753.9480000000001
                ],
                [
                    1329.0240000000001,
                    716.0400000000001
                ],
                [
                    1325.952,
                    709.992
                ],
                [
                    1324.032,
                    682.992
                ],
                [
                    1319.0400000000002,
                    659.016
                ],
                [
                    1319.0400000000002,
                    640.98
                ],
                [
                    1323.0720000000001,
                    632.9879999999999
                ],
                [
                    1321.92,
                    606.96
                ],
                [
                    1324.032,
                    582.9839999999999
                ],
                [
                    1328.0639999999999,
                    578.016
                ],
                [
                    1328.0639999999999,
                    570.996
                ],
                [
                    1331.904,
                    560.952
                ],
                [
                    1349.952,
                    536.976
                ],
                [
                    1353.024,
                    524.0160000000001
                ],
                [
                    1353.9840000000002,
                    501.012
                ],
                [
                    1350.912,
                    488.052
                ],
                [
                    1350.912,
                    454.032
                ],
                [
                    1353.9840000000002,
                    450.036
                ],
                [
                    1361.088,
                    450.036
                ],
                [
                    1372.992,
                    446.03999999999996
                ],
                [
                    1392,
                    443.016
                ],
                [
                    1411.008,
                    443.016
                ],
                [
                    1417.92,
                    446.03999999999996
                ],
                [
                    1420.0320000000002,
                    450.036
                ],
                [
                    1429.056,
                    488.052
                ],
                [
                    1426.944,
                    493.99199999999996
                ],
                [
                    1434.048,
                    509.976
                ],
                [
                    1448.0639999999999,
                    527.04
                ],
                [
                    1468.992,
                    544.9680000000001
                ],
                [
                    1478.016,
                    556.956
                ],
                [
                    1492.992,
                    596.0519999999999
                ],
                [
                    1511.04,
                    737.964
                ],
                [
                    1515.0720000000001,
                    752.976
                ],
                [
                    1518.912,
                    794.016
                ],
                [
                    1526.0159999999998,
                    837.972
                ],
                [
                    1529.088,
                    843.048
                ],
                [
                    1529.088,
                    866.0519999999999
                ],
                [
                    1522.944,
                    878.04
                ],
                [
                    1512.96,
                    888.9480000000001
                ],
                [
                    1503.936,
                    891
                ],
                [
                    1486.08,
                    891.972
                ],
                [
                    1479.9360000000001,
                    894.996
                ],
                [
                    1473.024,
                    895.968
                ],
                [
                    1463.04,
                    895.968
                ],
                [
                    1446.912,
                    898.9920000000001
                ],
                [
                    1443.0720000000001,
                    902.0160000000001
                ],
                [
                    1402.944,
                    902.9879999999999
                ],
                [
                    1392.96,
                    906.012
                ],
                [
                    1385.0880000000002,
                    906.012
                ]
            ]
        },
        {
            "ID": "2",
            "CLASS": "유리병",
            "DETAILS": "투명",
            "DAMAGE": "원형",
            "DIRTINESS": "이물질(외부)",
            "COVER": "없음",
            "TRANSPARENCY": "투명",
            "SHAPE": "유리병형",
            "SHAPE_TYPE": "POLYGON",
            "POINTS": [
                [
                    408.96,
                    1080
                ],
                [
                    402.048,
                    1067.04
                ],
                [
                    408.96,
                    1059.048
                ],
                [
                    430.08,
                    1042.956
                ],
                [
                    450.048,
                    1025.028
                ],
                [
                    465.024,
                    1010.988
                ],
                [
                    485.952,
                    1001.0519999999999
                ],
                [
                    523.968,
                    964.0079999999999
                ],
                [
                    536.064,
                    929.016
                ],
                [
                    552.9599999999999,
                    910.98
                ],
                [
                    564.096,
                    886.032
                ],
                [
                    572.928,
                    875.0160000000001
                ],
                [
                    588.096,
                    866.0519999999999
                ],
                [
                    590.0160000000001,
                    861.948
                ],
                [
                    598.08,
                    856.98
                ],
                [
                    600,
                    852.9839999999999
                ],
                [
                    619.9680000000001,
                    836.028
                ],
                [
                    652.9920000000001,
                    813.024
                ],
                [
                    700.0319999999999,
                    768.9599999999999
                ],
                [
                    734.016,
                    740.988
                ],
                [
                    750.912,
                    726.948
                ],
                [
                    772.9920000000001,
                    705.024
                ],
                [
                    785.088,
                    697.0319999999999
                ],
                [
                    792,
                    697.0319999999999
                ],
                [
                    805.056,
                    698.976
                ],
                [
                    812.928,
                    702.972
                ],
                [
                    833.088,
                    717.0120000000001
                ],
                [
                    849.024,
                    732.996
                ],
                [
                    862.08,
                    748.008
                ],
                [
                    873.024,
                    760.968
                ],
                [
                    881.088,
                    775.98
                ],
                [
                    888,
                    790.0200000000001
                ],
                [
                    886.08,
                    810
                ],
                [
                    878.016,
                    820.044
                ],
                [
                    863.04,
                    828.0360000000001
                ],
                [
                    849.9839999999999,
                    839.052
                ],
                [
                    835.9680000000001,
                    851.0400000000001
                ],
                [
                    828.096,
                    859.032
                ],
                [
                    812.928,
                    871.992
                ],
                [
                    801.984,
                    883.008
                ],
                [
                    790.0799999999999,
                    893.052
                ],
                [
                    772.9920000000001,
                    906.984
                ],
                [
                    758.016,
                    922.9680000000001
                ],
                [
                    696,
                    975.024
                ],
                [
                    672.9599999999999,
                    995.976
                ],
                [
                    663.936,
                    1003.968
                ],
                [
                    637.0559999999999,
                    1021.032
                ],
                [
                    617.0880000000001,
                    1022.976
                ],
                [
                    598.08,
                    1026.972
                ],
                [
                    579.072,
                    1037.016
                ],
                [
                    557.952,
                    1053
                ],
                [
                    536.064,
                    1072.98
                ],
                [
                    533.952,
                    1080
                ]
            ]
        },
        {
            "ID": "3",
            "CLASS": "유리병",
            "DETAILS": "투명",
            "DAMAGE": "원형",
            "DIRTINESS": "이물질(외부)",
            "COVER": "없음",
            "TRANSPARENCY": "투명",
            "SHAPE": "유리병형",
            "SHAPE_TYPE": "POLYGON",
            "POINTS": [
                [
                    388.032,
                    1026.972
                ],
                [
                    384.96000000000004,
                    1026
                ],
                [
                    368.064,
                    1013.04
                ],
                [
                    350.01599999999996,
                    991.0079999999999
                ],
                [
                    349.056,
                    983.988
                ],
                [
                    345.984,
                    980.9639999999999
                ],
                [
                    345.984,
                    972.972
                ],
                [
                    354.048,
                    956.9879999999999
                ],
                [
                    361.92,
                    948.024
                ],
                [
                    368.064,
                    944.028
                ],
                [
                    370.944,
                    942.948
                ],
                [
                    378.048,
                    942.948
                ],
                [
                    384,
                    938.952
                ],
                [
                    397.05600000000004,
                    920.052
                ],
                [
                    418.944,
                    894.024
                ],
                [
                    420.096,
                    890.028
                ],
                [
                    426.048,
                    882.036
                ],
                [
                    444.096,
                    864
                ],
                [
                    456,
                    845.9639999999999
                ],
                [
                    479.04,
                    817.992
                ],
                [
                    490.94399999999996,
                    809.028
                ],
                [
                    503.04,
                    797.04
                ],
                [
                    513.024,
                    790.0200000000001
                ],
                [
                    542.016,
                    759.024
                ],
                [
                    553.92,
                    749.952
                ],
                [
                    589.056,
                    718.9559999999999
                ],
                [
                    598.08,
                    712.044
                ],
                [
                    604.0319999999999,
                    709.02
                ],
                [
                    609.9839999999999,
                    706.968
                ],
                [
                    614.016,
                    709.992
                ],
                [
                    619.008,
                    710.9639999999999
                ],
                [
                    624.96,
                    717.9839999999999
                ],
                [
                    634.944,
                    725.004
                ],
                [
                    668.928,
                    759.996
                ],
                [
                    681.984,
                    779.976
                ],
                [
                    681.984,
                    783
                ],
                [
                    677.952,
                    790.0200000000001
                ],
                [
                    666.048,
                    802.008
                ],
                [
                    648,
                    816.048
                ],
                [
                    624.96,
                    837
                ],
                [
                    600,
                    856.0079999999999
                ],
                [
                    591.936,
                    864.972
                ],
                [
                    579.072,
                    876.96
                ],
                [
                    569.088,
                    888.9480000000001
                ],
                [
                    547.968,
                    913.032
                ],
                [
                    537.024,
                    924.048
                ],
                [
                    528.96,
                    932.04
                ],
                [
                    512.064,
                    941.0039999999999
                ],
                [
                    473.088,
                    967.0319999999999
                ],
                [
                    456.96,
                    975.996
                ],
                [
                    446.976,
                    979.02
                ],
                [
                    441.024,
                    983.016
                ],
                [
                    435.072,
                    984.96
                ],
                [
                    428.928,
                    991.0079999999999
                ],
                [
                    427.96799999999996,
                    998.028
                ],
                [
                    420.096,
                    1010.0160000000001
                ],
                [
                    420.096,
                    1014.012
                ],
                [
                    417.98400000000004,
                    1017.036
                ],
                [
                    412.03200000000004,
                    1018.98
                ],
                [
                    403.008,
                    1025.028
                ],
                [
                    393.024,
                    1026.972
                ]
            ]
        },
        {
            "ID": "4",
            "CLASS": "유리병",
            "DETAILS": "투명",
            "DAMAGE": "원형",
            "DIRTINESS": "이물질(전체)",
            "COVER": "없음",
            "TRANSPARENCY": "투명",
            "SHAPE": "유리병형",
            "SHAPE_TYPE": "POLYGON",
            "POINTS": [
                [
                    1076.9279999999999,
                    1080
                ],
                [
                    1080,
                    1052.028
                ],
                [
                    1084.9920000000002,
                    994.032
                ],
                [
                    1083.0720000000001,
                    979.992
                ],
                [
                    1076.9279999999999,
                    968.004
                ],
                [
                    1070.9759999999999,
                    956.016
                ],
                [
                    1062.912,
                    925.0200000000001
                ],
                [
                    1066.944,
                    856.98
                ],
                [
                    1073.088,
                    820.044
                ],
                [
                    1075.0079999999998,
                    805.0319999999999
                ],
                [
                    1079.0400000000002,
                    782.028
                ],
                [
                    1084.032,
                    740.0160000000001
                ],
                [
                    1089.984,
                    698.004
                ],
                [
                    1094.976,
                    654.048
                ],
                [
                    1103.04,
                    645.948
                ],
                [
                    1105.9199999999998,
                    644.004
                ],
                [
                    1109.952,
                    640.98
                ],
                [
                    1118.016,
                    636.984
                ],
                [
                    1132.032,
                    633.9599999999999
                ],
                [
                    1153.92,
                    631.0440000000001
                ],
                [
                    1170.048,
                    631.0440000000001
                ],
                [
                    1189.056,
                    635.04
                ],
                [
                    1203.0720000000001,
                    637.956
                ],
                [
                    1217.088,
                    641.952
                ],
                [
                    1222.08,
                    645.948
                ],
                [
                    1227.0720000000001,
                    648
                ],
                [
                    1233.024,
                    651.996
                ],
                [
                    1243.008,
                    659.9879999999999
                ],
                [
                    1244.9279999999999,
                    667.98
                ],
                [
                    1244.9279999999999,
                    702
                ],
                [
                    1243.008,
                    709.02
                ],
                [
                    1242.048,
                    725.976
                ],
                [
                    1228.992,
                    828.0360000000001
                ],
                [
                    1223.04,
                    875.0160000000001
                ],
                [
                    1217.088,
                    924.048
                ],
                [
                    1214.0159999999998,
                    936.0360000000001
                ],
                [
                    1200.9599999999998,
                    960.984
                ],
                [
                    1185.9840000000002,
                    982.044
                ],
                [
                    1177.92,
                    991.0079999999999
                ],
                [
                    1170.048,
                    1029.024
                ],
                [
                    1163.904,
                    1059.048
                ],
                [
                    1161.0240000000001,
                    1080
                ]
            ]
        }
    ]
}