{
    "IMAGE_INFO": {
        "FILE_NAME": "1088743@0_07003_220919_P1_T3__1867.jpg",
        "DATE": "2022-10-31 14:58:24",
        "RESOLUTION": "1920 x 1080",
        "IMAGE_PHOTOGRAPHER": "권현진",
        "FOCUS_DISTANCE": "4.5",
        "EXPOSURE_TIME": "1/320",
        "SENSITIVITY_ISO": "10000",
        "PLACE": "성남시재활용센터",
        "REGION_NAME": null,
        "Direction": "0",
        "HEIGHT": "95",
        "DAY/NIGHT": "주간",
        "WEATHER": "맑음",
        "IMAGE_HEIGHT": 1080,
        "IMAGE_WIDTH": 1920,
        "IMAGE_SIZE": "682.0 KB"
    },
    "ANNOTATION_INFO": [
        {
            "ID": "1",
            "CLASS": "유리병",
            "DETAILS": "투명",
            "DAMAGE": "원형",
            "DIRTINESS": "이물질(외부)",
            "COVER": "없음",
            "TRANSPARENCY": "투명",
            "SHAPE": "유리병형",
            "SHAPE_TYPE": "POLYGON",
            "POINTS": [
                [
                    437.952,
                    1049.0040000000001
                ],
                [
                    420.096,
                    1036.044
                ],
                [
                    416.064,
                    1030.968
                ],
                [
                    416.064,
                    1007.964
                ],
                [
                    431.04,
                    975.024
                ],
                [
                    432,
                    941.976
                ],
                [
                    435.072,
                    933.984
                ],
                [
                    435.072,
                    922.9680000000001
                ],
                [
                    440.06399999999996,
                    902.9879999999999
                ],
                [
                    442.94399999999996,
                    875.988
                ],
                [
                    445.05600000000004,
                    870.048
                ],
                [
                    456.96,
                    847.044
                ],
                [
                    454.08,
                    793.044
                ],
                [
                    462.91200000000003,
                    759.996
                ],
                [
                    498.04800000000006,
                    763.9920000000001
                ],
                [
                    508.992,
                    763.02
                ],
                [
                    518.016,
                    748.98
                ],
                [
                    528,
                    737.964
                ],
                [
                    528.96,
                    732.996
                ],
                [
                    547.968,
                    709.02
                ],
                [
                    551.04,
                    701.028
                ],
                [
                    566.976,
                    682.992
                ],
                [
                    566.976,
                    678.9960000000001
                ],
                [
                    586.9440000000001,
                    654.048
                ],
                [
                    594.048,
                    648.972
                ],
                [
                    604.992,
                    644.004
                ],
                [
                    633.024,
                    643.032
                ],
                [
                    638.016,
                    644.004
                ],
                [
                    644.928,
                    648
                ],
                [
                    652.9920000000001,
                    648.972
                ],
                [
                    661.056,
                    652.9680000000001
                ],
                [
                    668.928,
                    656.9639999999999
                ],
                [
                    734.976,
                    705.024
                ],
                [
                    740.928,
                    717.9839999999999
                ],
                [
                    740.928,
                    732.996
                ],
                [
                    734.976,
                    756.972
                ],
                [
                    715.9680000000001,
                    785.052
                ],
                [
                    705.024,
                    806.976
                ],
                [
                    691.008,
                    820.044
                ],
                [
                    687.936,
                    828.0360000000001
                ],
                [
                    675.072,
                    843.048
                ],
                [
                    660.096,
                    870.048
                ],
                [
                    638.016,
                    901.0440000000001
                ],
                [
                    630.912,
                    907.956
                ],
                [
                    615.9359999999999,
                    933.0120000000001
                ],
                [
                    603.072,
                    944.028
                ],
                [
                    591.936,
                    965.952
                ],
                [
                    590.976,
                    972.972
                ],
                [
                    577.92,
                    975.996
                ],
                [
                    572.928,
                    979.992
                ],
                [
                    555.072,
                    987.9839999999999
                ],
                [
                    543.936,
                    996.948
                ],
                [
                    538.944,
                    1005.048
                ],
                [
                    531.072,
                    1010.988
                ],
                [
                    512.064,
                    1014.9839999999999
                ],
                [
                    503.04,
                    1022.004
                ],
                [
                    494.97599999999994,
                    1022.004
                ],
                [
                    489.02399999999994,
                    1023.9480000000001
                ],
                [
                    481.92,
                    1030.968
                ],
                [
                    475.968,
                    1041.984
                ],
                [
                    456.96,
                    1049.0040000000001
                ]
            ]
        }
    ]
}