{
    "IMAGE_INFO": {
        "FILE_NAME": "1088681@0_07003_220919_P1_T3__1486.jpg",
        "DATE": "2022-10-31 14:58:17",
        "RESOLUTION": "1920 x 1080",
        "IMAGE_PHOTOGRAPHER": "권현진",
        "FOCUS_DISTANCE": "4.5",
        "EXPOSURE_TIME": "1/320",
        "SENSITIVITY_ISO": "10000",
        "PLACE": "성남시재활용센터",
        "REGION_NAME": null,
        "Direction": "0",
        "HEIGHT": "95",
        "DAY/NIGHT": "주간",
        "WEATHER": "맑음",
        "IMAGE_HEIGHT": 1080,
        "IMAGE_WIDTH": 1920,
        "IMAGE_SIZE": "685.7 KB"
    },
    "ANNOTATION_INFO": [
        {
            "ID": "1",
            "CLASS": "유리병",
            "DETAILS": "투명",
            "DAMAGE": "원형",
            "DIRTINESS": "이물질(내부)",
            "COVER": "없음",
            "TRANSPARENCY": "불투명",
            "SHAPE": "유리병형",
            "SHAPE_TYPE": "POLYGON",
            "POINTS": [
                [
                    1344,
                    857.952
                ],
                [
                    1282.944,
                    856.98
                ],
                [
                    1248,
                    849.96
                ],
                [
                    1200.9599999999998,
                    829.9799999999999
                ],
                [
                    1172.9279999999999,
                    821.9879999999999
                ],
                [
                    1142.016,
                    816.048
                ],
                [
                    1110.912,
                    812.052
                ],
                [
                    1078.08,
                    820.044
                ],
                [
                    1046.0159999999998,
                    821.016
                ],
                [
                    1033.92,
                    826.956
                ],
                [
                    1022.016,
                    825.984
                ],
                [
                    1017.984,
                    817.992
                ],
                [
                    1008.9599999999999,
                    830.952
                ],
                [
                    998.0160000000001,
                    837.972
                ],
                [
                    979.008,
                    844.02
                ],
                [
                    961.92,
                    843.048
                ],
                [
                    954.048,
                    840.024
                ],
                [
                    948.096,
                    834.948
                ],
                [
                    939.072,
                    830.952
                ],
                [
                    931.968,
                    821.9879999999999
                ],
                [
                    926.976,
                    806.0039999999999
                ],
                [
                    927.936,
                    786.996
                ],
                [
                    939.072,
                    767.9879999999999
                ],
                [
                    948.096,
                    759.024
                ],
                [
                    960,
                    753.9480000000001
                ],
                [
                    969.0240000000001,
                    752.004
                ],
                [
                    983.04,
                    752.004
                ],
                [
                    989.9519999999999,
                    753.9480000000001
                ],
                [
                    1003.9680000000001,
                    759.996
                ],
                [
                    1003.9680000000001,
                    747.036
                ],
                [
                    1012.992,
                    748.98
                ],
                [
                    1013.952,
                    740.0160000000001
                ],
                [
                    1019.904,
                    736.992
                ],
                [
                    1035.0720000000001,
                    732.024
                ],
                [
                    1036.992,
                    736.992
                ],
                [
                    1057.92,
                    736.992
                ],
                [
                    1076.9279999999999,
                    740.0160000000001
                ],
                [
                    1112.064,
                    740.988
                ],
                [
                    1152,
                    732.996
                ],
                [
                    1199.0400000000002,
                    713.988
                ],
                [
                    1205.952,
                    709.02
                ],
                [
                    1224,
                    701.028
                ],
                [
                    1249.92,
                    693.0360000000001
                ],
                [
                    1271.04,
                    690.0120000000001
                ],
                [
                    1309.056,
                    683.9639999999999
                ],
                [
                    1343.04,
                    683.9639999999999
                ],
                [
                    1400.0639999999999,
                    679.9680000000001
                ],
                [
                    1425.9840000000002,
                    678.9960000000001
                ],
                [
                    1460.928,
                    678.024
                ],
                [
                    1483.008,
                    677.052
                ],
                [
                    1497.984,
                    677.052
                ],
                [
                    1536.96,
                    677.052
                ],
                [
                    1575.936,
                    678.024
                ],
                [
                    1594.944,
                    679.9680000000001
                ],
                [
                    1606.08,
                    690.0120000000001
                ],
                [
                    1609.92,
                    705.024
                ],
                [
                    1614.9119999999998,
                    724.032
                ],
                [
                    1617.984,
                    748.98
                ],
                [
                    1614.9119999999998,
                    821.016
                ],
                [
                    1611.072,
                    833.976
                ],
                [
                    1606.08,
                    840.996
                ],
                [
                    1592.064,
                    848.016
                ],
                [
                    1565.952,
                    848.988
                ],
                [
                    1542.912,
                    849.96
                ],
                [
                    1463.04,
                    852.0120000000001
                ],
                [
                    1414.0800000000002,
                    855.036
                ],
                [
                    1386.048,
                    855.036
                ]
            ]
        },
        {
            "ID": "2",
            "CLASS": "유리병",
            "DETAILS": "투명",
            "DAMAGE": "원형",
            "DIRTINESS": "이물질(외부)",
            "COVER": "겹침",
            "TRANSPARENCY": "투명",
            "SHAPE": "유리병형",
            "SHAPE_TYPE": "POLYGON",
            "POINTS": [
                [
                    695.04,
                    844.992
                ],
                [
                    672.9599999999999,
                    844.02
                ],
                [
                    658.944,
                    840.024
                ],
                [
                    635.904,
                    826.956
                ],
                [
                    604.992,
                    828.0360000000001
                ],
                [
                    571.968,
                    830.952
                ],
                [
                    558.912,
                    832.0319999999999
                ],
                [
                    542.016,
                    837
                ],
                [
                    536.064,
                    837
                ],
                [
                    528.96,
                    839.052
                ],
                [
                    518.976,
                    839.052
                ],
                [
                    515.904,
                    837.972
                ],
                [
                    509.952,
                    830.952
                ],
                [
                    507.072,
                    829.9799999999999
                ],
                [
                    499.968,
                    816.048
                ],
                [
                    498.04800000000006,
                    794.9879999999999
                ],
                [
                    498.04800000000006,
                    780.948
                ],
                [
                    502.08000000000004,
                    774.0360000000001
                ],
                [
                    518.016,
                    768.9599999999999
                ],
                [
                    533.952,
                    767.9879999999999
                ],
                [
                    547.0079999999999,
                    764.964
                ],
                [
                    574.0799999999999,
                    763.9920000000001
                ],
                [
                    577.92,
                    762.048
                ],
                [
                    586.9440000000001,
                    760.968
                ],
                [
                    603.072,
                    760.968
                ],
                [
                    611.904,
                    759.024
                ],
                [
                    618.048,
                    756
                ],
                [
                    644.928,
                    753.9480000000001
                ],
                [
                    662.016,
                    751.032
                ],
                [
                    671.04,
                    748.008
                ],
                [
                    690.048,
                    739.044
                ],
                [
                    696.96,
                    732.024
                ],
                [
                    702.9119999999999,
                    721.98
                ],
                [
                    715.008,
                    705.996
                ],
                [
                    726.912,
                    693.0360000000001
                ],
                [
                    731.904,
                    690.0120000000001
                ],
                [
                    747.072,
                    704.052
                ],
                [
                    761.088,
                    701.028
                ],
                [
                    772.032,
                    704.052
                ],
                [
                    777.984,
                    709.992
                ],
                [
                    782.976,
                    721.98
                ],
                [
                    787.968,
                    736.02
                ],
                [
                    791.04,
                    749.952
                ],
                [
                    792.9599999999999,
                    762.048
                ],
                [
                    792.9599999999999,
                    768.9599999999999
                ],
                [
                    792,
                    787.9680000000001
                ],
                [
                    792,
                    805.0319999999999
                ],
                [
                    783.936,
                    821.9879999999999
                ],
                [
                    772.032,
                    839.052
                ],
                [
                    767.0400000000001,
                    841.968
                ],
                [
                    748.032,
                    843.048
                ]
            ]
        },
        {
            "ID": "3",
            "CLASS": "유리병",
            "DETAILS": "투명",
            "DAMAGE": "원형",
            "DIRTINESS": "이물질(외부)",
            "COVER": "겹침",
            "TRANSPARENCY": "투명",
            "SHAPE": "유리병형",
            "SHAPE_TYPE": "POLYGON",
            "POINTS": [
                [
                    1068.096,
                    848.988
                ],
                [
                    1056.96,
                    848.016
                ],
                [
                    1032,
                    847.044
                ],
                [
                    1019.904,
                    843.048
                ],
                [
                    1011.0719999999999,
                    830.952
                ],
                [
                    1008.9599999999999,
                    797.04
                ],
                [
                    1008,
                    752.004
                ],
                [
                    1008.9599999999999,
                    717.9839999999999
                ],
                [
                    1011.0719999999999,
                    645.948
                ],
                [
                    1012.992,
                    632.0160000000001
                ],
                [
                    1014.9119999999999,
                    608.04
                ],
                [
                    1017.984,
                    582.0120000000001
                ],
                [
                    1025.0880000000002,
                    570.996
                ],
                [
                    1031.04,
                    560.952
                ],
                [
                    1035.0720000000001,
                    552.96
                ],
                [
                    1043.904,
                    539.028
                ],
                [
                    1043.904,
                    527.04
                ],
                [
                    1040.0639999999999,
                    509.976
                ],
                [
                    1041.0240000000001,
                    496.044
                ],
                [
                    1043.904,
                    490.968
                ],
                [
                    1047.936,
                    488.052
                ],
                [
                    1051.968,
                    486.97200000000004
                ],
                [
                    1098.048,
                    486
                ],
                [
                    1117.056,
                    486
                ],
                [
                    1129.92,
                    486.97200000000004
                ],
                [
                    1138.944,
                    489.024
                ],
                [
                    1145.0880000000002,
                    496.044
                ],
                [
                    1145.0880000000002,
                    519.048
                ],
                [
                    1143.936,
                    528.0120000000001
                ],
                [
                    1143.936,
                    533.952
                ],
                [
                    1145.0880000000002,
                    536.976
                ],
                [
                    1156.032,
                    555.0120000000001
                ],
                [
                    1160.0639999999999,
                    567
                ],
                [
                    1165.056,
                    586.98
                ],
                [
                    1175.04,
                    613.008
                ],
                [
                    1177.92,
                    648.972
                ],
                [
                    1176.96,
                    737.964
                ],
                [
                    1175.04,
                    810.972
                ],
                [
                    1166.976,
                    833.004
                ],
                [
                    1161.984,
                    840.996
                ],
                [
                    1155.0720000000001,
                    847.044
                ],
                [
                    1150.08,
                    848.988
                ]
            ]
        }
    ]
}