{
    "IMAGE_INFO": {
        "FILE_NAME": "1088571@0_07003_220919_P1_T3__0258.jpg",
        "DATE": "2022-10-31 14:57:54",
        "RESOLUTION": "1920 x 1080",
        "IMAGE_PHOTOGRAPHER": "권현진",
        "FOCUS_DISTANCE": "4.5",
        "EXPOSURE_TIME": "1/320",
        "SENSITIVITY_ISO": "10000",
        "PLACE": "성남시재활용센터",
        "REGION_NAME": null,
        "Direction": "0",
        "HEIGHT": "95",
        "DAY/NIGHT": "주간",
        "WEATHER": "맑음",
        "IMAGE_HEIGHT": 1080,
        "IMAGE_WIDTH": 1920,
        "IMAGE_SIZE": "586.3 KB"
    },
    "ANNOTATION_INFO": [
        {
            "ID": "1",
            "CLASS": "유리병",
            "DETAILS": "투명",
            "DAMAGE": "원형",
            "DIRTINESS": "이물질(외부)",
            "COVER": "없음",
            "TRANSPARENCY": "투명",
            "SHAPE": "유리병형",
            "SHAPE_TYPE": "POLYGON",
            "POINTS": [
                [
                    1599.9360000000001,
                    254.016
                ],
                [
                    1606.08,
                    272.052
                ],
                [
                    1608.96,
                    307.044
                ],
                [
                    1607.04,
                    334.04400000000004
                ],
                [
                    1608.96,
                    361.044
                ],
                [
                    1611.072,
                    398.952
                ],
                [
                    1603.968,
                    417.96000000000004
                ],
                [
                    1580.928,
                    424.008
                ],
                [
                    1548.096,
                    425.952
                ],
                [
                    1498.944,
                    428.976
                ],
                [
                    1454.0159999999998,
                    432.972
                ],
                [
                    1406.976,
                    432.972
                ],
                [
                    1372.992,
                    434.05199999999996
                ],
                [
                    1342.08,
                    432.972
                ],
                [
                    1311.9360000000001,
                    424.008
                ],
                [
                    1280.0639999999999,
                    409.968
                ],
                [
                    1241.088,
                    397.98
                ],
                [
                    1211.904,
                    393.012
                ],
                [
                    1162.944,
                    390.96
                ],
                [
                    1099.008,
                    393.012
                ],
                [
                    1070.016,
                    396.036
                ],
                [
                    1046.0159999999998,
                    397.008
                ],
                [
                    1032,
                    393.98400000000004
                ],
                [
                    1028.928,
                    370.00800000000004
                ],
                [
                    1027.968,
                    351
                ],
                [
                    1027.968,
                    338.04
                ],
                [
                    1032,
                    328.96799999999996
                ],
                [
                    1041.984,
                    326.052
                ],
                [
                    1089.0240000000001,
                    327.024
                ],
                [
                    1116.096,
                    327.024
                ],
                [
                    1200.9599999999998,
                    320.004
                ],
                [
                    1248,
                    309.96
                ],
                [
                    1301.952,
                    285.984
                ],
                [
                    1319.0400000000002,
                    278.964
                ],
                [
                    1353.9840000000002,
                    262.98
                ],
                [
                    1438.08,
                    258.98400000000004
                ],
                [
                    1539.072,
                    253.044
                ],
                [
                    1563.0720000000001,
                    253.044
                ]
            ]
        }
    ]
}