{
    "IMAGE_INFO": {
        "FILE_NAME": "1088567@0_07003_220919_P1_T3__0096.jpg",
        "DATE": "2022-10-31 14:57:50",
        "RESOLUTION": "1920 x 1080",
        "IMAGE_PHOTOGRAPHER": "권현진",
        "FOCUS_DISTANCE": "4.5",
        "EXPOSURE_TIME": "1/320",
        "SENSITIVITY_ISO": "10000",
        "PLACE": "성남시재활용센터",
        "REGION_NAME": null,
        "Direction": "0",
        "HEIGHT": "95",
        "DAY/NIGHT": "주간",
        "WEATHER": "맑음",
        "IMAGE_HEIGHT": 1080,
        "IMAGE_WIDTH": 1920,
        "IMAGE_SIZE": "629.5 KB"
    },
    "ANNOTATION_INFO": [
        {
            "ID": "1",
            "CLASS": "유리병",
            "DETAILS": "투명",
            "DAMAGE": "파손",
            "DIRTINESS": "이물질(외부)",
            "COVER": "없음",
            "TRANSPARENCY": "투명",
            "SHAPE": "유리병형",
            "SHAPE_TYPE": "POLYGON",
            "POINTS": [
                [
                    1017.0239999999999,
                    913.032
                ],
                [
                    1008,
                    910.008
                ],
                [
                    996.0960000000001,
                    910.98
                ],
                [
                    992.0640000000001,
                    909.0360000000001
                ],
                [
                    975.9359999999999,
                    909.0360000000001
                ],
                [
                    974.016,
                    907.956
                ],
                [
                    961.92,
                    898.9920000000001
                ],
                [
                    953.088,
                    884.952
                ],
                [
                    950.0160000000001,
                    883.008
                ],
                [
                    942.9119999999999,
                    880.956
                ],
                [
                    939.072,
                    880.956
                ],
                [
                    931.008,
                    878.04
                ],
                [
                    910.0799999999999,
                    861.948
                ],
                [
                    896.064,
                    848.016
                ],
                [
                    889.9200000000001,
                    844.02
                ],
                [
                    882.048,
                    841.968
                ],
                [
                    879.9359999999999,
                    840.024
                ],
                [
                    879.9359999999999,
                    837.972
                ],
                [
                    882.048,
                    837
                ],
                [
                    881.088,
                    828.0360000000001
                ],
                [
                    869.952,
                    809.028
                ],
                [
                    867.072,
                    789.048
                ],
                [
                    864,
                    785.052
                ],
                [
                    859.008,
                    736.992
                ],
                [
                    864.96,
                    718.9559999999999
                ],
                [
                    884.928,
                    695.952
                ],
                [
                    897.024,
                    686.016
                ],
                [
                    920.0640000000001,
                    674.028
                ],
                [
                    931.008,
                    664.956
                ],
                [
                    936.96,
                    662.04
                ],
                [
                    945.984,
                    660.96
                ],
                [
                    969.9839999999999,
                    652.9680000000001
                ],
                [
                    975.9359999999999,
                    648.972
                ],
                [
                    980.928,
                    648
                ],
                [
                    994.944,
                    640.98
                ],
                [
                    1013.952,
                    636.984
                ],
                [
                    1021.056,
                    633.9599999999999
                ],
                [
                    1042.944,
                    633.9599999999999
                ],
                [
                    1046.976,
                    631.0440000000001
                ],
                [
                    1051.008,
                    629.964
                ],
                [
                    1056.96,
                    629.964
                ],
                [
                    1066.944,
                    633.9599999999999
                ],
                [
                    1071.9360000000001,
                    641.952
                ],
                [
                    1074.048,
                    654.048
                ],
                [
                    1074.048,
                    678.024
                ],
                [
                    1071.9360000000001,
                    686.016
                ],
                [
                    1070.9759999999999,
                    709.992
                ],
                [
                    1076.9279999999999,
                    736.02
                ],
                [
                    1083.0720000000001,
                    745.956
                ],
                [
                    1083.0720000000001,
                    759.024
                ],
                [
                    1086.912,
                    775.008
                ],
                [
                    1094.0159999999998,
                    786.996
                ],
                [
                    1094.0159999999998,
                    790.9920000000001
                ],
                [
                    1095.936,
                    791.9639999999999
                ],
                [
                    1094.0159999999998,
                    795.96
                ],
                [
                    1097.088,
                    798.984
                ],
                [
                    1097.088,
                    809.028
                ],
                [
                    1102.08,
                    821.9879999999999
                ],
                [
                    1104.96,
                    825.0120000000001
                ],
                [
                    1105.9199999999998,
                    837.972
                ],
                [
                    1104.96,
                    844.992
                ],
                [
                    1102.08,
                    849.96
                ],
                [
                    1105.9199999999998,
                    867.996
                ],
                [
                    1103.04,
                    874.044
                ],
                [
                    1093.056,
                    879.9839999999999
                ],
                [
                    1089.0240000000001,
                    879.9839999999999
                ],
                [
                    1080,
                    887.976
                ],
                [
                    1079.0400000000002,
                    891.972
                ],
                [
                    1074.048,
                    895.968
                ],
                [
                    1062.912,
                    898.9920000000001
                ],
                [
                    1051.968,
                    898.9920000000001
                ],
                [
                    1035.0720000000001,
                    913.032
                ],
                [
                    1017.0239999999999,
                    913.032
                ]
            ]
        },
        {
            "ID": "2",
            "CLASS": "유리병",
            "DETAILS": "투명",
            "DAMAGE": "파손",
            "DIRTINESS": "오염없음",
            "COVER": "없음",
            "TRANSPARENCY": "투명",
            "SHAPE": "기타 형태",
            "SHAPE_TYPE": "POLYGON",
            "POINTS": [
                [
                    929.088,
                    651.996
                ],
                [
                    922.9440000000001,
                    650.052
                ],
                [
                    916.9920000000001,
                    650.052
                ],
                [
                    905.088,
                    645.948
                ],
                [
                    900.096,
                    644.976
                ],
                [
                    897.984,
                    644.004
                ],
                [
                    894.912,
                    639.0360000000001
                ],
                [
                    894.912,
                    636.012
                ],
                [
                    892.9920000000001,
                    632.0160000000001
                ],
                [
                    889.9200000000001,
                    629.964
                ],
                [
                    883.0079999999999,
                    628.02
                ],
                [
                    865.9200000000001,
                    616.032
                ],
                [
                    854.016,
                    609.9839999999999
                ],
                [
                    844.992,
                    604.044
                ],
                [
                    840,
                    598.968
                ],
                [
                    835.9680000000001,
                    597.024
                ],
                [
                    830.0160000000001,
                    590.004
                ],
                [
                    828.096,
                    583.9559999999999
                ],
                [
                    829.056,
                    579.96
                ],
                [
                    833.088,
                    575.9639999999999
                ],
                [
                    834.048,
                    574.02
                ],
                [
                    840,
                    570.024
                ],
                [
                    848.064,
                    567.972
                ],
                [
                    859.008,
                    555.984
                ],
                [
                    864.96,
                    551.9879999999999
                ],
                [
                    865.9200000000001,
                    551.9879999999999
                ],
                [
                    872.064,
                    548.9639999999999
                ],
                [
                    881.088,
                    543.9960000000001
                ],
                [
                    900.096,
                    536.004
                ],
                [
                    908.928,
                    529.956
                ],
                [
                    913.92,
                    528.0120000000001
                ],
                [
                    916.032,
                    528.0120000000001
                ],
                [
                    924.096,
                    525.96
                ],
                [
                    940.992,
                    525.96
                ],
                [
                    948.096,
                    528.0120000000001
                ],
                [
                    950.0160000000001,
                    528.0120000000001
                ],
                [
                    964.9920000000001,
                    537.948
                ],
                [
                    969.0240000000001,
                    542.052
                ],
                [
                    969.9839999999999,
                    543.9960000000001
                ],
                [
                    977.0880000000001,
                    547.992
                ],
                [
                    978.0479999999999,
                    551.9879999999999
                ],
                [
                    982.0799999999999,
                    556.956
                ],
                [
                    982.0799999999999,
                    559.9799999999999
                ],
                [
                    987.072,
                    570.024
                ],
                [
                    988.992,
                    575.9639999999999
                ],
                [
                    989.9519999999999,
                    587.952
                ],
                [
                    983.04,
                    608.04
                ],
                [
                    983.9999999999999,
                    609.9839999999999
                ],
                [
                    983.9999999999999,
                    621.972
                ],
                [
                    979.008,
                    625.968
                ],
                [
                    977.0880000000001,
                    625.968
                ],
                [
                    974.9760000000001,
                    627.048
                ],
                [
                    973.056,
                    628.9920000000001
                ],
                [
                    964.9920000000001,
                    632.9879999999999
                ],
                [
                    948.096,
                    643.032
                ],
                [
                    940.992,
                    643.032
                ],
                [
                    936.96,
                    644.976
                ],
                [
                    936,
                    645.948
                ],
                [
                    936,
                    651.024
                ],
                [
                    934.0799999999999,
                    651.996
                ],
                [
                    929.088,
                    651.996
                ]
            ]
        },
        {
            "ID": "3",
            "CLASS": "유리병",
            "DETAILS": "투명",
            "DAMAGE": "파손",
            "DIRTINESS": "이물질(외부)",
            "COVER": "없음",
            "TRANSPARENCY": "투명",
            "SHAPE": "유리병형",
            "SHAPE_TYPE": "POLYGON",
            "POINTS": [
                [
                    677.952,
                    1080
                ],
                [
                    676.9920000000001,
                    1055.052
                ],
                [
                    676.032,
                    1046.952
                ],
                [
                    673.92,
                    1014.012
                ],
                [
                    672.9599999999999,
                    988.9559999999999
                ],
                [
                    672.9599999999999,
                    955.044
                ],
                [
                    672.9599999999999,
                    938.952
                ],
                [
                    676.9920000000001,
                    925.9920000000001
                ],
                [
                    686.976,
                    918.972
                ],
                [
                    687.936,
                    913.032
                ],
                [
                    691.008,
                    906.984
                ],
                [
                    696.96,
                    898.9920000000001
                ],
                [
                    702.9119999999999,
                    894.024
                ],
                [
                    706.9440000000001,
                    891.972
                ],
                [
                    715.9680000000001,
                    890.028
                ],
                [
                    730.944,
                    888.9480000000001
                ],
                [
                    787.0079999999999,
                    888.9480000000001
                ],
                [
                    792,
                    887.004
                ],
                [
                    801.024,
                    887.976
                ],
                [
                    806.016,
                    887.004
                ],
                [
                    806.976,
                    886.032
                ],
                [
                    809.088,
                    886.032
                ],
                [
                    814.0799999999999,
                    887.976
                ],
                [
                    819.072,
                    887.976
                ],
                [
                    835.008,
                    884.952
                ],
                [
                    838.08,
                    884.952
                ],
                [
                    840.96,
                    887.004
                ],
                [
                    851.904,
                    890.028
                ],
                [
                    859.9680000000001,
                    895.968
                ],
                [
                    863.04,
                    895.968
                ],
                [
                    870.912,
                    898.02
                ],
                [
                    877.0559999999999,
                    898.02
                ],
                [
                    888,
                    901.0440000000001
                ],
                [
                    903.936,
                    903.9599999999999
                ],
                [
                    913.92,
                    906.984
                ],
                [
                    922.9440000000001,
                    913.032
                ],
                [
                    922.9440000000001,
                    918.972
                ],
                [
                    920.0640000000001,
                    932.04
                ],
                [
                    916.032,
                    938.952
                ],
                [
                    915.072,
                    945.972
                ],
                [
                    910.0799999999999,
                    959.04
                ],
                [
                    910.0799999999999,
                    974.052
                ],
                [
                    912.9599999999999,
                    978.048
                ],
                [
                    912,
                    998.028
                ],
                [
                    911.04,
                    1021.032
                ],
                [
                    910.0799999999999,
                    1045.008
                ],
                [
                    907.968,
                    1060.02
                ],
                [
                    906.048,
                    1080
                ]
            ]
        },
        {
            "ID": "4",
            "CLASS": "유리병",
            "DETAILS": "투명",
            "DAMAGE": "원형",
            "DIRTINESS": "이물질(외부)",
            "COVER": "없음",
            "TRANSPARENCY": "투명",
            "SHAPE": "유리병형",
            "SHAPE_TYPE": "POLYGON",
            "POINTS": [
                [
                    1163.904,
                    953.9639999999999
                ],
                [
                    1147.008,
                    952.02
                ],
                [
                    1133.952,
                    949.9680000000001
                ],
                [
                    1127.04,
                    945
                ],
                [
                    1121.088,
                    942.948
                ],
                [
                    1119.9360000000001,
                    937.98
                ],
                [
                    1118.9759999999999,
                    925.9920000000001
                ],
                [
                    1127.04,
                    925.0200000000001
                ],
                [
                    1128,
                    906.984
                ],
                [
                    1128,
                    887.004
                ],
                [
                    1126.08,
                    857.952
                ],
                [
                    1122.048,
                    825.984
                ],
                [
                    1122.048,
                    794.016
                ],
                [
                    1122.048,
                    779.004
                ],
                [
                    1119.9360000000001,
                    763.02
                ],
                [
                    1123.008,
                    748.008
                ],
                [
                    1126.08,
                    722.952
                ],
                [
                    1128,
                    686.016
                ],
                [
                    1131.072,
                    671.976
                ],
                [
                    1132.992,
                    658.044
                ],
                [
                    1129.92,
                    651.024
                ],
                [
                    1129.92,
                    637.956
                ],
                [
                    1133.952,
                    628.02
                ],
                [
                    1134.9119999999998,
                    609.9839999999999
                ],
                [
                    1137.984,
                    600.048
                ],
                [
                    1143.936,
                    593.028
                ],
                [
                    1151.04,
                    590.004
                ],
                [
                    1157.952,
                    590.004
                ],
                [
                    1166.0159999999998,
                    593.028
                ],
                [
                    1172.9279999999999,
                    594.972
                ],
                [
                    1180.0320000000002,
                    597.024
                ],
                [
                    1200,
                    601.02
                ],
                [
                    1209.984,
                    601.992
                ],
                [
                    1219.008,
                    601.02
                ],
                [
                    1230.912,
                    601.02
                ],
                [
                    1246.08,
                    602.964
                ],
                [
                    1254.9119999999998,
                    606.96
                ],
                [
                    1257.984,
                    620.028
                ],
                [
                    1256.064,
                    644.976
                ],
                [
                    1252.992,
                    655.0200000000001
                ],
                [
                    1252.032,
                    678.024
                ],
                [
                    1247.04,
                    702
                ],
                [
                    1243.008,
                    775.98
                ],
                [
                    1238.016,
                    794.9879999999999
                ],
                [
                    1236.096,
                    814.9680000000001
                ],
                [
                    1228.992,
                    834.948
                ],
                [
                    1224,
                    849.96
                ],
                [
                    1220.928,
                    861.948
                ],
                [
                    1214.976,
                    884.952
                ],
                [
                    1208.0639999999999,
                    903.9599999999999
                ],
                [
                    1201.92,
                    920.052
                ],
                [
                    1200,
                    929.9879999999999
                ],
                [
                    1206.912,
                    937.98
                ],
                [
                    1205.952,
                    945
                ],
                [
                    1199.0400000000002,
                    949.9680000000001
                ],
                [
                    1179.072,
                    953.9639999999999
                ]
            ]
        }
    ]
}