{
    "IMAGE_INFO": {
        "FILE_NAME": "1088833@0_07003_220919_P1_T3__0189.jpg",
        "DATE": "2022-10-31 14:57:52",
        "RESOLUTION": "1920 x 1080",
        "IMAGE_PHOTOGRAPHER": "권현진",
        "FOCUS_DISTANCE": "4.5",
        "EXPOSURE_TIME": "1/320",
        "SENSITIVITY_ISO": "10000",
        "PLACE": "성남시재활용센터",
        "REGION_NAME": null,
        "Direction": "0",
        "HEIGHT": "95",
        "DAY/NIGHT": "주간",
        "WEATHER": "맑음",
        "IMAGE_HEIGHT": 1080,
        "IMAGE_WIDTH": 1920,
        "IMAGE_SIZE": "651.9 KB"
    },
    "ANNOTATION_INFO": [
        {
            "ID": "1",
            "CLASS": "유리병",
            "DETAILS": "투명",
            "DAMAGE": "원형",
            "DIRTINESS": "이물질(외부)",
            "COVER": "없음",
            "TRANSPARENCY": "투명",
            "SHAPE": "유리병형",
            "SHAPE_TYPE": "POLYGON",
            "POINTS": [
                [
                    809.088,
                    485.028
                ],
                [
                    807.936,
                    481.03200000000004
                ],
                [
                    790.0799999999999,
                    470.988
                ],
                [
                    786.048,
                    466.992
                ],
                [
                    774.912,
                    463.96799999999996
                ],
                [
                    767.0400000000001,
                    459
                ],
                [
                    763.968,
                    459
                ],
                [
                    748.032,
                    447.012
                ],
                [
                    743.04,
                    446.03999999999996
                ],
                [
                    734.016,
                    439.99199999999996
                ],
                [
                    716.928,
                    421.956
                ],
                [
                    716.928,
                    408.024
                ],
                [
                    726.912,
                    393.012
                ],
                [
                    738.048,
                    382.968
                ],
                [
                    734.976,
                    361.044
                ],
                [
                    735.9359999999999,
                    354.024
                ],
                [
                    743.04,
                    339.98400000000004
                ],
                [
                    755.904,
                    323.02799999999996
                ],
                [
                    771.072,
                    293.976
                ],
                [
                    814.0799999999999,
                    226.044
                ],
                [
                    822.9119999999999,
                    204.984
                ],
                [
                    850.944,
                    172.04399999999998
                ],
                [
                    862.08,
                    155.952
                ],
                [
                    867.072,
                    143.964
                ],
                [
                    873.024,
                    138.024
                ],
                [
                    873.984,
                    131.976
                ],
                [
                    878.016,
                    127.008
                ],
                [
                    897.024,
                    80.028
                ],
                [
                    906.048,
                    69.984
                ],
                [
                    913.92,
                    68.04
                ],
                [
                    921.024,
                    69.012
                ],
                [
                    926.016,
                    69.984
                ],
                [
                    951.936,
                    83.05199999999999
                ],
                [
                    958.08,
                    84.02399999999999
                ],
                [
                    969.9839999999999,
                    92.988
                ],
                [
                    975.9359999999999,
                    93.96
                ],
                [
                    987.072,
                    101.952
                ],
                [
                    996.0960000000001,
                    104.00399999999999
                ],
                [
                    998.0160000000001,
                    107.02799999999999
                ],
                [
                    1002.048,
                    108
                ],
                [
                    1008.9599999999999,
                    118.044
                ],
                [
                    1016.064,
                    123.012
                ],
                [
                    1022.9760000000001,
                    137.05200000000002
                ],
                [
                    1012.032,
                    162
                ],
                [
                    984.96,
                    192.024
                ],
                [
                    974.016,
                    209.952
                ],
                [
                    963.0720000000001,
                    231.012
                ],
                [
                    950.976,
                    262.98
                ],
                [
                    921.984,
                    308.016
                ],
                [
                    917.952,
                    316.97999999999996
                ],
                [
                    911.04,
                    324.972
                ],
                [
                    903.936,
                    339.012
                ],
                [
                    900.096,
                    343.008
                ],
                [
                    898.944,
                    347.976
                ],
                [
                    888,
                    362.988
                ],
                [
                    878.016,
                    370.98
                ],
                [
                    870.912,
                    381.99600000000004
                ],
                [
                    864,
                    388.044
                ],
                [
                    859.9680000000001,
                    397.008
                ],
                [
                    851.904,
                    407.052
                ],
                [
                    850.944,
                    412.02
                ],
                [
                    836.928,
                    435.024
                ],
                [
                    835.9680000000001,
                    440.964
                ],
                [
                    830.976,
                    446.03999999999996
                ],
                [
                    829.056,
                    459.972
                ],
                [
                    825.024,
                    469.04400000000004
                ],
                [
                    815.04,
                    482.00399999999996
                ],
                [
                    809.088,
                    485.028
                ]
            ]
        }
    ]
}