{
    "IMAGE_INFO": {
        "FILE_NAME": "1088799@0_07003_220919_P1_T3__0761.jpg",
        "DATE": "2022-10-31 14:58:03",
        "RESOLUTION": "1920 x 1080",
        "IMAGE_PHOTOGRAPHER": "권현진",
        "FOCUS_DISTANCE": "4.5",
        "EXPOSURE_TIME": "1/320",
        "SENSITIVITY_ISO": "10000",
        "PLACE": "성남시재활용센터",
        "REGION_NAME": null,
        "Direction": "0",
        "HEIGHT": "95",
        "DAY/NIGHT": "주간",
        "WEATHER": "맑음",
        "IMAGE_HEIGHT": 1080,
        "IMAGE_WIDTH": 1920,
        "IMAGE_SIZE": "635.7 KB"
    },
    "ANNOTATION_INFO": [
        {
            "ID": "1",
            "CLASS": "유리병",
            "DETAILS": "투명",
            "DAMAGE": "원형",
            "DIRTINESS": "오염없음",
            "COVER": "없음",
            "TRANSPARENCY": "투명",
            "SHAPE": "유리병형",
            "SHAPE_TYPE": "POLYGON",
            "POINTS": [
                [
                    1334.0159999999998,
                    1011.96
                ],
                [
                    1337.088,
                    948.9960000000001
                ],
                [
                    1342.08,
                    915.948
                ],
                [
                    1334.0159999999998,
                    907.956
                ],
                [
                    1311.9360000000001,
                    897.048
                ],
                [
                    1248,
                    894.024
                ],
                [
                    1171.968,
                    883.98
                ],
                [
                    1099.008,
                    876.96
                ],
                [
                    1066.944,
                    887.004
                ],
                [
                    1050.048,
                    897.048
                ],
                [
                    1045.056,
                    894.024
                ],
                [
                    1032.96,
                    891
                ],
                [
                    1030.08,
                    894.024
                ],
                [
                    1017.0239999999999,
                    894.024
                ],
                [
                    988.0319999999999,
                    890.028
                ],
                [
                    985.92,
                    883.98
                ],
                [
                    978.0479999999999,
                    887.976
                ],
                [
                    966.912,
                    887.976
                ],
                [
                    960.9599999999999,
                    886.032
                ],
                [
                    946.9440000000001,
                    895.968
                ],
                [
                    946.9440000000001,
                    925.0200000000001
                ],
                [
                    940.0319999999999,
                    967.0319999999999
                ],
                [
                    946.9440000000001,
                    975.024
                ],
                [
                    963.0720000000001,
                    979.02
                ],
                [
                    971.904,
                    987.0120000000001
                ],
                [
                    978.0479999999999,
                    983.988
                ],
                [
                    988.992,
                    979.992
                ],
                [
                    1016.064,
                    987.0120000000001
                ],
                [
                    1028.928,
                    994.032
                ],
                [
                    1038.912,
                    988.9559999999999
                ],
                [
                    1051.008,
                    999.972
                ],
                [
                    1070.016,
                    1009.044
                ],
                [
                    1084.9920000000002,
                    1017.036
                ],
                [
                    1156.992,
                    1026
                ],
                [
                    1253.952,
                    1037.988
                ],
                [
                    1259.904,
                    1033.992
                ],
                [
                    1285.056,
                    1014.012
                ]
            ]
        }
    ]
}