{
    "IMAGE_INFO": {
        "FILE_NAME": "1088763@0_07003_220919_P1_T3__0617.jpg",
        "DATE": "2022-10-31 14:58:01",
        "RESOLUTION": "1920 x 1080",
        "IMAGE_PHOTOGRAPHER": "권현진",
        "FOCUS_DISTANCE": "4.5",
        "EXPOSURE_TIME": "1/320",
        "SENSITIVITY_ISO": "10000",
        "PLACE": "성남시재활용센터",
        "REGION_NAME": null,
        "Direction": "0",
        "HEIGHT": "95",
        "DAY/NIGHT": "주간",
        "WEATHER": "맑음",
        "IMAGE_HEIGHT": 1080,
        "IMAGE_WIDTH": 1920,
        "IMAGE_SIZE": "678.5 KB"
    },
    "ANNOTATION_INFO": [
        {
            "ID": "1",
            "CLASS": "유리병",
            "DETAILS": "투명",
            "DAMAGE": "원형",
            "DIRTINESS": "이물질(외부)",
            "COVER": "없음",
            "TRANSPARENCY": "투명",
            "SHAPE": "유리병형",
            "SHAPE_TYPE": "POLYGON",
            "POINTS": [
                [
                    1089.984,
                    756.972
                ],
                [
                    1089.0240000000001,
                    844.992
                ],
                [
                    1078.08,
                    844.02
                ],
                [
                    1070.9759999999999,
                    848.016
                ],
                [
                    1062.912,
                    844.992
                ],
                [
                    1057.92,
                    852.0120000000001
                ],
                [
                    1042.944,
                    844.02
                ],
                [
                    1016.064,
                    839.052
                ],
                [
                    980.928,
                    840.024
                ],
                [
                    966.912,
                    849.96
                ],
                [
                    946.9440000000001,
                    860.004
                ],
                [
                    924.096,
                    864
                ],
                [
                    849.024,
                    864
                ],
                [
                    773.952,
                    864.972
                ],
                [
                    733.0559999999999,
                    867.024
                ],
                [
                    705.984,
                    867.024
                ],
                [
                    685.056,
                    857.952
                ],
                [
                    681.024,
                    840.996
                ],
                [
                    684.096,
                    798.0120000000001
                ],
                [
                    681.984,
                    751.032
                ],
                [
                    686.976,
                    735.048
                ],
                [
                    702.9119999999999,
                    728.028
                ],
                [
                    920.0640000000001,
                    729
                ],
                [
                    970.9440000000001,
                    745.956
                ],
                [
                    993.024,
                    753.9480000000001
                ],
                [
                    1011.0719999999999,
                    756.972
                ],
                [
                    1054.0800000000002,
                    756.972
                ]
            ]
        },
        {
            "ID": "2",
            "CLASS": "유리병",
            "DETAILS": "투명",
            "DAMAGE": "원형",
            "DIRTINESS": "이물질(외부)",
            "COVER": "없음",
            "TRANSPARENCY": "투명",
            "SHAPE": "유리병형",
            "SHAPE_TYPE": "POLYGON",
            "POINTS": [
                [
                    591.936,
                    763.02
                ],
                [
                    598.08,
                    763.02
                ],
                [
                    600.96,
                    760.968
                ],
                [
                    603.072,
                    756.972
                ],
                [
                    606.912,
                    756
                ],
                [
                    611.904,
                    753.9480000000001
                ],
                [
                    615.9359999999999,
                    756.972
                ],
                [
                    620.928,
                    756.972
                ],
                [
                    625.9200000000001,
                    755.028
                ],
                [
                    633.024,
                    755.028
                ],
                [
                    642.048,
                    759.024
                ],
                [
                    646.08,
                    768.9599999999999
                ],
                [
                    651.072,
                    790.9920000000001
                ],
                [
                    651.072,
                    812.052
                ],
                [
                    644.928,
                    817.992
                ],
                [
                    641.088,
                    822.96
                ],
                [
                    638.016,
                    828.0360000000001
                ],
                [
                    632.064,
                    829.0079999999999
                ],
                [
                    627.072,
                    828.0360000000001
                ],
                [
                    620.928,
                    826.956
                ],
                [
                    614.016,
                    829.0079999999999
                ],
                [
                    609.9839999999999,
                    829.9799999999999
                ],
                [
                    604.992,
                    829.9799999999999
                ],
                [
                    603.072,
                    828.0360000000001
                ],
                [
                    599.04,
                    825.0120000000001
                ],
                [
                    590.0160000000001,
                    826.956
                ],
                [
                    570.048,
                    859.032
                ],
                [
                    551.04,
                    863.028
                ],
                [
                    566.016,
                    849.96
                ],
                [
                    567.936,
                    844.992
                ],
                [
                    562.9440000000001,
                    844.992
                ],
                [
                    556.032,
                    848.016
                ],
                [
                    537.024,
                    861.948
                ],
                [
                    517.0559999999999,
                    863.028
                ],
                [
                    413.952,
                    864.972
                ],
                [
                    403.968,
                    864
                ],
                [
                    397.05600000000004,
                    859.032
                ],
                [
                    393.984,
                    856.0079999999999
                ],
                [
                    384,
                    834.948
                ],
                [
                    379.008,
                    816.048
                ],
                [
                    380.928,
                    771.012
                ],
                [
                    385.92,
                    749.952
                ],
                [
                    402.048,
                    726.948
                ],
                [
                    421.056,
                    725.976
                ],
                [
                    425.088,
                    729
                ],
                [
                    565.056,
                    725.004
                ],
                [
                    582.9119999999999,
                    744.9839999999999
                ]
            ]
        }
    ]
}