{
    "IMAGE_INFO": {
        "FILE_NAME": "1088731@0_07003_220919_P1_T3__1770.jpg",
        "DATE": "2022-10-31 14:58:23",
        "RESOLUTION": "1920 x 1080",
        "IMAGE_PHOTOGRAPHER": "권현진",
        "FOCUS_DISTANCE": "4.5",
        "EXPOSURE_TIME": "1/320",
        "SENSITIVITY_ISO": "10000",
        "PLACE": "성남시재활용센터",
        "REGION_NAME": null,
        "Direction": "0",
        "HEIGHT": "95",
        "DAY/NIGHT": "주간",
        "WEATHER": "맑음",
        "IMAGE_HEIGHT": 1080,
        "IMAGE_WIDTH": 1920,
        "IMAGE_SIZE": "694.3 KB"
    },
    "ANNOTATION_INFO": [
        {
            "ID": "1",
            "CLASS": "유리병",
            "DETAILS": "투명",
            "DAMAGE": "원형",
            "DIRTINESS": "이물질(외부)",
            "COVER": "겹침",
            "TRANSPARENCY": "불투명",
            "SHAPE": "유리병형",
            "SHAPE_TYPE": "POLYGON",
            "POINTS": [
                [
                    748.992,
                    674.028
                ],
                [
                    745.9200000000001,
                    671.976
                ],
                [
                    748.992,
                    671.0039999999999
                ],
                [
                    748.992,
                    674.028
                ]
            ]
        },
        {
            "ID": "2",
            "CLASS": "유리병",
            "DETAILS": "투명",
            "DAMAGE": "원형",
            "DIRTINESS": "이물질(외부)",
            "COVER": "없음",
            "TRANSPARENCY": "투명",
            "SHAPE": "유리병형",
            "SHAPE_TYPE": "POLYGON",
            "POINTS": [
                [
                    1065.024,
                    660.96
                ],
                [
                    1052.9279999999999,
                    656.9639999999999
                ],
                [
                    1025.0880000000002,
                    633.9599999999999
                ],
                [
                    1018.944,
                    613.008
                ],
                [
                    1027.008,
                    594.972
                ],
                [
                    1041.984,
                    578.988
                ],
                [
                    1045.056,
                    570.996
                ],
                [
                    1051.968,
                    560.952
                ],
                [
                    1051.968,
                    556.956
                ],
                [
                    1056,
                    551.9879999999999
                ],
                [
                    1056.96,
                    547.02
                ],
                [
                    1064.064,
                    540.972
                ],
                [
                    1065.9840000000002,
                    532.98
                ],
                [
                    1069.056,
                    531.0360000000001
                ],
                [
                    1080,
                    516.996
                ],
                [
                    1084.9920000000002,
                    513
                ],
                [
                    1094.976,
                    501.984
                ],
                [
                    1097.088,
                    482.00399999999996
                ],
                [
                    1103.04,
                    469.04400000000004
                ],
                [
                    1108.032,
                    458.02799999999996
                ],
                [
                    1131.072,
                    421.956
                ],
                [
                    1157.952,
                    389.016
                ],
                [
                    1170.048,
                    370.98
                ],
                [
                    1196.9279999999999,
                    335.988
                ],
                [
                    1204.9920000000002,
                    327.99600000000004
                ],
                [
                    1206.912,
                    324
                ],
                [
                    1211.904,
                    320.004
                ],
                [
                    1214.0159999999998,
                    315.036
                ],
                [
                    1220.928,
                    308.016
                ],
                [
                    1228.032,
                    304.02
                ],
                [
                    1237.056,
                    307.044
                ],
                [
                    1275.0720000000001,
                    335.988
                ],
                [
                    1301.952,
                    354.996
                ],
                [
                    1310.9759999999999,
                    357.048
                ],
                [
                    1314.048,
                    361.044
                ],
                [
                    1315.968,
                    367.956
                ],
                [
                    1315.0079999999998,
                    381.024
                ],
                [
                    1310.016,
                    389.988
                ],
                [
                    1299.072,
                    401.004
                ],
                [
                    1291.968,
                    413.964
                ],
                [
                    1276.032,
                    431.028
                ],
                [
                    1258.944,
                    455.004
                ],
                [
                    1249.92,
                    462.99600000000004
                ],
                [
                    1237.056,
                    479.952
                ],
                [
                    1236.096,
                    483.948
                ],
                [
                    1218.048,
                    504.036
                ],
                [
                    1215.936,
                    509.004
                ],
                [
                    1161.984,
                    560.952
                ],
                [
                    1155.0720000000001,
                    569.052
                ],
                [
                    1153.92,
                    574.02
                ],
                [
                    1138.944,
                    581.0400000000001
                ],
                [
                    1132.032,
                    582.0120000000001
                ],
                [
                    1095.936,
                    627.048
                ],
                [
                    1088.0639999999999,
                    641.952
                ],
                [
                    1075.968,
                    654.048
                ],
                [
                    1070.9759999999999,
                    659.9879999999999
                ]
            ]
        },
        {
            "ID": "3",
            "CLASS": "유리병",
            "DETAILS": "투명",
            "DAMAGE": "원형",
            "DIRTINESS": "이물질(외부)",
            "COVER": "없음",
            "TRANSPARENCY": "투명",
            "SHAPE": "유리병형",
            "SHAPE_TYPE": "POLYGON",
            "POINTS": [
                [
                    708.096,
                    216
                ],
                [
                    704.0640000000001,
                    213.948
                ],
                [
                    700.0319999999999,
                    215.028
                ],
                [
                    695.04,
                    213.948
                ],
                [
                    694.0799999999999,
                    212.976
                ],
                [
                    687.936,
                    199.04399999999998
                ],
                [
                    682.9440000000001,
                    192.024
                ],
                [
                    680.0640000000001,
                    173.988
                ],
                [
                    672,
                    169.99200000000002
                ],
                [
                    667.0079999999999,
                    165.024
                ],
                [
                    665.088,
                    159.948
                ],
                [
                    665.088,
                    146.016
                ],
                [
                    663.936,
                    142.02
                ],
                [
                    660.096,
                    138.024
                ],
                [
                    656.064,
                    131.976
                ],
                [
                    656.064,
                    130.03199999999998
                ],
                [
                    652.9920000000001,
                    124.956
                ],
                [
                    652.9920000000001,
                    119.988
                ],
                [
                    648.96,
                    110.052
                ],
                [
                    648.96,
                    105.94800000000001
                ],
                [
                    643.968,
                    96.012
                ],
                [
                    643.0079999999999,
                    88.992
                ],
                [
                    641.088,
                    85.968
                ],
                [
                    633.024,
                    57.995999999999995
                ],
                [
                    628.992,
                    54
                ],
                [
                    627.072,
                    49.032000000000004
                ],
                [
                    627.072,
                    42.01199999999999
                ],
                [
                    624.96,
                    31.968
                ],
                [
                    617.0880000000001,
                    6.048
                ],
                [
                    614.976,
                    3.024
                ],
                [
                    614.976,
                    0
                ],
                [
                    804.096,
                    0
                ],
                [
                    804.096,
                    3.024
                ],
                [
                    807.936,
                    10.043999999999999
                ],
                [
                    809.088,
                    18.035999999999998
                ],
                [
                    814.0799999999999,
                    34.02
                ],
                [
                    820.0319999999999,
                    46.007999999999996
                ],
                [
                    822.9119999999999,
                    57.024
                ],
                [
                    822.9119999999999,
                    61.02
                ],
                [
                    829.056,
                    73.98
                ],
                [
                    830.0160000000001,
                    78.948
                ],
                [
                    836.928,
                    89.964
                ],
                [
                    839.04,
                    96.012
                ],
                [
                    839.04,
                    99.036
                ],
                [
                    843.072,
                    105.94800000000001
                ],
                [
                    843.072,
                    114.048
                ],
                [
                    840.96,
                    115.02
                ],
                [
                    840,
                    130.03199999999998
                ],
                [
                    843.072,
                    138.024
                ],
                [
                    844.0319999999999,
                    153.036
                ],
                [
                    848.064,
                    165.024
                ],
                [
                    849.024,
                    173.988
                ],
                [
                    848.064,
                    177.012
                ],
                [
                    843.072,
                    184.03199999999998
                ],
                [
                    821.952,
                    197.964
                ],
                [
                    811.968,
                    201.96
                ],
                [
                    805.056,
                    204.984
                ],
                [
                    801.984,
                    205.95600000000002
                ],
                [
                    792.9599999999999,
                    209.952
                ],
                [
                    790.0799999999999,
                    211.03199999999998
                ],
                [
                    787.0079999999999,
                    211.03199999999998
                ],
                [
                    772.9920000000001,
                    211.03199999999998
                ],
                [
                    761.088,
                    212.976
                ],
                [
                    748.032,
                    212.976
                ],
                [
                    729.9839999999999,
                    216
                ]
            ]
        },
        {
            "ID": "4",
            "CLASS": "유리병",
            "DETAILS": "투명",
            "DAMAGE": "파손",
            "DIRTINESS": "이물질(외부)",
            "COVER": "없음",
            "TRANSPARENCY": "투명",
            "SHAPE": "유리병형",
            "SHAPE_TYPE": "POLYGON",
            "POINTS": [
                [
                    820.992,
                    690.984
                ],
                [
                    798.912,
                    687.96
                ],
                [
                    793.92,
                    686.016
                ],
                [
                    790.0799999999999,
                    682.02
                ],
                [
                    772.9920000000001,
                    682.992
                ],
                [
                    764.928,
                    682.02
                ],
                [
                    758.976,
                    678.024
                ],
                [
                    763.968,
                    659.016
                ],
                [
                    768.96,
                    659.9879999999999
                ],
                [
                    773.952,
                    656.9639999999999
                ],
                [
                    772.032,
                    652.9680000000001
                ],
                [
                    768.96,
                    651.024
                ],
                [
                    763.968,
                    650.052
                ],
                [
                    758.976,
                    644.004
                ],
                [
                    753.024,
                    641.952
                ],
                [
                    750.912,
                    639.0360000000001
                ],
                [
                    755.904,
                    633.9599999999999
                ],
                [
                    759.9359999999999,
                    635.04
                ],
                [
                    762.048,
                    633.9599999999999
                ],
                [
                    761.088,
                    628.9920000000001
                ],
                [
                    758.976,
                    628.9920000000001
                ],
                [
                    757.0559999999999,
                    627.048
                ],
                [
                    759.9359999999999,
                    623.052
                ],
                [
                    769.9200000000001,
                    620.028
                ],
                [
                    772.032,
                    612.036
                ],
                [
                    772.032,
                    605.0160000000001
                ],
                [
                    768.96,
                    602.964
                ],
                [
                    764.928,
                    602.964
                ],
                [
                    763.0079999999999,
                    598.968
                ],
                [
                    762.048,
                    575.9639999999999
                ],
                [
                    759.9359999999999,
                    570.996
                ],
                [
                    755.904,
                    567.972
                ],
                [
                    762.048,
                    559.9799999999999
                ],
                [
                    768,
                    555.984
                ],
                [
                    768.96,
                    552.96
                ],
                [
                    758.976,
                    551.016
                ],
                [
                    758.976,
                    546.048
                ],
                [
                    761.088,
                    544.9680000000001
                ],
                [
                    769.9200000000001,
                    544.9680000000001
                ],
                [
                    773.952,
                    543.024
                ],
                [
                    777.024,
                    537.948
                ],
                [
                    785.088,
                    536.976
                ],
                [
                    787.0079999999999,
                    535.032
                ],
                [
                    796.032,
                    535.032
                ],
                [
                    800.0640000000001,
                    533.952
                ],
                [
                    805.056,
                    528.984
                ],
                [
                    809.088,
                    528.0120000000001
                ],
                [
                    820.0319999999999,
                    520.992
                ],
                [
                    820.0319999999999,
                    512.028
                ],
                [
                    821.952,
                    509.976
                ],
                [
                    848.064,
                    509.976
                ],
                [
                    874.944,
                    506.952
                ],
                [
                    888.96,
                    506.952
                ],
                [
                    925.056,
                    508.032
                ],
                [
                    975.9359999999999,
                    519.048
                ],
                [
                    1003.9680000000001,
                    520.992
                ],
                [
                    1011.0719999999999,
                    524.0160000000001
                ],
                [
                    1017.0239999999999,
                    528.984
                ],
                [
                    1022.016,
                    547.02
                ],
                [
                    1022.9760000000001,
                    563.004
                ],
                [
                    1022.9760000000001,
                    604.044
                ],
                [
                    1021.056,
                    617.976
                ],
                [
                    1022.016,
                    643.032
                ],
                [
                    1018.944,
                    663.984
                ],
                [
                    1019.904,
                    674.028
                ],
                [
                    1017.984,
                    683.9639999999999
                ],
                [
                    1006.08,
                    686.9879999999999
                ],
                [
                    953.088,
                    687.96
                ],
                [
                    931.968,
                    686.016
                ],
                [
                    903.936,
                    687.96
                ],
                [
                    879.9359999999999,
                    687.96
                ],
                [
                    870.912,
                    690.0120000000001
                ],
                [
                    820.992,
                    690.984
                ]
            ]
        }
    ]
}