{
    "IMAGE_INFO": {
        "FILE_NAME": "1088942@0_07003_220919_P1_T3__0393.jpg",
        "DATE": "2022-10-31 14:57:57",
        "RESOLUTION": "1920 x 1080",
        "IMAGE_PHOTOGRAPHER": "권현진",
        "FOCUS_DISTANCE": "4.5",
        "EXPOSURE_TIME": "1/320",
        "SENSITIVITY_ISO": "10000",
        "PLACE": "성남시재활용센터",
        "REGION_NAME": null,
        "Direction": "0",
        "HEIGHT": "95",
        "DAY/NIGHT": "주간",
        "WEATHER": "맑음",
        "IMAGE_HEIGHT": 1080,
        "IMAGE_WIDTH": 1920,
        "IMAGE_SIZE": "588.0 KB"
    },
    "ANNOTATION_INFO": [
        {
            "ID": "1",
            "CLASS": "유리병",
            "DETAILS": "투명",
            "DAMAGE": "원형",
            "DIRTINESS": "이물질(외부)",
            "COVER": "없음",
            "TRANSPARENCY": "투명",
            "SHAPE": "유리병형",
            "SHAPE_TYPE": "POLYGON",
            "POINTS": [
                [
                    945.984,
                    837
                ],
                [
                    926.976,
                    837.972
                ],
                [
                    892.9920000000001,
                    837.972
                ],
                [
                    865.9200000000001,
                    834.948
                ],
                [
                    844.0319999999999,
                    830.952
                ],
                [
                    821.952,
                    824.04
                ],
                [
                    804.096,
                    817.02
                ],
                [
                    779.904,
                    809.028
                ],
                [
                    771.072,
                    790.0200000000001
                ],
                [
                    767.0400000000001,
                    767.0160000000001
                ],
                [
                    768,
                    691.956
                ],
                [
                    778.944,
                    656.9639999999999
                ],
                [
                    790.0799999999999,
                    651.024
                ],
                [
                    829.056,
                    648
                ],
                [
                    855.9359999999999,
                    645.948
                ],
                [
                    875.904,
                    644.004
                ],
                [
                    898.944,
                    640.98
                ],
                [
                    936,
                    640.008
                ],
                [
                    960.9599999999999,
                    639.0360000000001
                ],
                [
                    979.008,
                    639.0360000000001
                ],
                [
                    999.936,
                    639.0360000000001
                ],
                [
                    1014.9119999999999,
                    639.0360000000001
                ],
                [
                    1042.944,
                    640.98
                ],
                [
                    1061.952,
                    644.004
                ],
                [
                    1098.048,
                    659.9879999999999
                ],
                [
                    1113.024,
                    675.972
                ],
                [
                    1119.9360000000001,
                    683.9639999999999
                ],
                [
                    1132.032,
                    693.0360000000001
                ],
                [
                    1138.944,
                    695.952
                ],
                [
                    1166.976,
                    702
                ],
                [
                    1175.04,
                    702
                ],
                [
                    1184.064,
                    699.948
                ],
                [
                    1194.048,
                    704.052
                ],
                [
                    1219.9679999999998,
                    704.052
                ],
                [
                    1237.056,
                    710.9639999999999
                ],
                [
                    1247.04,
                    724.032
                ],
                [
                    1243.968,
                    776.952
                ],
                [
                    1238.9759999999999,
                    783.972
                ],
                [
                    1214.976,
                    790.0200000000001
                ],
                [
                    1204.032,
                    793.044
                ],
                [
                    1179.072,
                    797.04
                ],
                [
                    1175.04,
                    795.96
                ],
                [
                    1171.008,
                    797.04
                ],
                [
                    1121.088,
                    790.9920000000001
                ],
                [
                    1089.984,
                    817.02
                ],
                [
                    1074.048,
                    825.0120000000001
                ],
                [
                    1021.056,
                    833.976
                ],
                [
                    984.96,
                    837
                ]
            ]
        },
        {
            "ID": "2",
            "CLASS": "유리병",
            "DETAILS": "투명",
            "DAMAGE": "원형",
            "DIRTINESS": "이물질(외부)",
            "COVER": "없음",
            "TRANSPARENCY": "투명",
            "SHAPE": "유리병형",
            "SHAPE_TYPE": "POLYGON",
            "POINTS": [
                [
                    1564.032,
                    839.052
                ],
                [
                    1551.9360000000001,
                    837
                ],
                [
                    1522.944,
                    836.028
                ],
                [
                    1516.032,
                    833.976
                ],
                [
                    1467.0720000000001,
                    830.952
                ],
                [
                    1457.088,
                    829.9799999999999
                ],
                [
                    1450.944,
                    828.0360000000001
                ],
                [
                    1436.9279999999999,
                    821.9879999999999
                ],
                [
                    1430.016,
                    817.992
                ],
                [
                    1425.024,
                    813.9960000000001
                ],
                [
                    1420.992,
                    809.028
                ],
                [
                    1416.96,
                    803.952
                ],
                [
                    1410.048,
                    794.9879999999999
                ],
                [
                    1406.976,
                    787.9680000000001
                ],
                [
                    1391.04,
                    764.964
                ],
                [
                    1387.968,
                    763.02
                ],
                [
                    1382.976,
                    763.02
                ],
                [
                    1378.944,
                    764.964
                ],
                [
                    1372.032,
                    764.964
                ],
                [
                    1363.968,
                    766.0440000000001
                ],
                [
                    1356.096,
                    764.964
                ],
                [
                    1343.04,
                    764.964
                ],
                [
                    1339.9679999999998,
                    763.02
                ],
                [
                    1335.936,
                    751.032
                ],
                [
                    1337.088,
                    729.972
                ],
                [
                    1338.048,
                    713.016
                ],
                [
                    1339.008,
                    694.0079999999999
                ],
                [
                    1339.9679999999998,
                    681.048
                ],
                [
                    1342.08,
                    663.984
                ],
                [
                    1344,
                    655.0200000000001
                ],
                [
                    1348.032,
                    651.024
                ],
                [
                    1353.9840000000002,
                    648
                ],
                [
                    1368,
                    648
                ],
                [
                    1385.0880000000002,
                    659.016
                ],
                [
                    1396.992,
                    658.044
                ],
                [
                    1403.904,
                    652.9680000000001
                ],
                [
                    1411.968,
                    644.004
                ],
                [
                    1419.072,
                    636.012
                ],
                [
                    1430.9759999999999,
                    620.028
                ],
                [
                    1435.968,
                    612.036
                ],
                [
                    1440.9599999999998,
                    605.988
                ],
                [
                    1450.944,
                    602.964
                ],
                [
                    1464,
                    601.02
                ],
                [
                    1478.9759999999999,
                    601.02
                ],
                [
                    1508.928,
                    604.044
                ],
                [
                    1564.9920000000002,
                    608.04
                ],
                [
                    1596.096,
                    610.956
                ],
                [
                    1609.92,
                    616.032
                ],
                [
                    1620.096,
                    623.052
                ],
                [
                    1636.992,
                    644.976
                ],
                [
                    1640.0639999999999,
                    659.9879999999999
                ],
                [
                    1636.032,
                    725.004
                ],
                [
                    1632.96,
                    739.044
                ],
                [
                    1632.96,
                    758.052
                ],
                [
                    1630.08,
                    786.024
                ],
                [
                    1627.968,
                    802.98
                ],
                [
                    1621.056,
                    813.9960000000001
                ],
                [
                    1603.968,
                    829.0079999999999
                ],
                [
                    1593.9840000000002,
                    834.948
                ],
                [
                    1587.0720000000001,
                    837.972
                ],
                [
                    1580.928,
                    839.052
                ]
            ]
        },
        {
            "ID": "3",
            "CLASS": "유리병",
            "DETAILS": "투명",
            "DAMAGE": "원형",
            "DIRTINESS": "이물질(외부)",
            "COVER": "없음",
            "TRANSPARENCY": "투명",
            "SHAPE": "유리병형",
            "SHAPE_TYPE": "POLYGON",
            "POINTS": [
                [
                    109.05600000000001,
                    571.968
                ],
                [
                    102.912,
                    581.0400000000001
                ],
                [
                    100.032,
                    591.948
                ],
                [
                    100.992,
                    617.976
                ],
                [
                    105.024,
                    637.956
                ],
                [
                    116.92800000000001,
                    644.976
                ],
                [
                    134.976,
                    643.032
                ],
                [
                    163.008,
                    636.984
                ],
                [
                    177.024,
                    643.032
                ],
                [
                    198.912,
                    636.984
                ],
                [
                    246.91199999999998,
                    654.048
                ],
                [
                    297.98400000000004,
                    667.008
                ],
                [
                    342.91200000000003,
                    675.972
                ],
                [
                    392.06399999999996,
                    675.972
                ],
                [
                    444.096,
                    667.98
                ],
                [
                    489.02399999999994,
                    655.0200000000001
                ],
                [
                    539.904,
                    633.9599999999999
                ],
                [
                    564.096,
                    620.028
                ],
                [
                    580.0319999999999,
                    609.012
                ],
                [
                    591.936,
                    583.9559999999999
                ],
                [
                    588.096,
                    529.956
                ],
                [
                    585.984,
                    506.952
                ],
                [
                    570.048,
                    486
                ],
                [
                    545.088,
                    469.04400000000004
                ],
                [
                    470.01599999999996,
                    459
                ],
                [
                    380.928,
                    463.96799999999996
                ],
                [
                    307.008,
                    485.028
                ],
                [
                    254.976,
                    513.972
                ],
                [
                    212.928,
                    547.02
                ],
                [
                    174.912,
                    559.0079999999999
                ],
                [
                    163.96800000000002,
                    558.0360000000001
                ],
                [
                    148.99200000000002,
                    566.028
                ]
            ]
        },
        {
            "ID": "4",
            "CLASS": "유리병",
            "DETAILS": "투명",
            "DAMAGE": "파손",
            "DIRTINESS": "이물질(외부)",
            "COVER": "겹침",
            "TRANSPARENCY": "투명",
            "SHAPE": "유리병형",
            "SHAPE_TYPE": "POLYGON",
            "POINTS": [
                [
                    742.08,
                    362.988
                ],
                [
                    744.96,
                    380.05199999999996
                ],
                [
                    744.96,
                    397.008
                ],
                [
                    748.992,
                    420.012
                ],
                [
                    755.904,
                    428.976
                ],
                [
                    758.016,
                    447.984
                ],
                [
                    883.968,
                    435.996
                ],
                [
                    892.032,
                    429.94800000000004
                ],
                [
                    902.976,
                    424.98
                ],
                [
                    916.9920000000001,
                    438.048
                ],
                [
                    968.064,
                    424.008
                ],
                [
                    998.976,
                    401.976
                ],
                [
                    1014.9119999999999,
                    393.98400000000004
                ],
                [
                    1031.04,
                    389.988
                ],
                [
                    1041.984,
                    385.02
                ],
                [
                    1074.048,
                    381.024
                ],
                [
                    1094.0159999999998,
                    374.976
                ],
                [
                    1110.912,
                    371.952
                ],
                [
                    1123.008,
                    365.04
                ],
                [
                    1112.064,
                    353.052
                ],
                [
                    1107.0720000000001,
                    347.00399999999996
                ],
                [
                    1108.032,
                    339.012
                ],
                [
                    1113.024,
                    324.972
                ],
                [
                    1121.088,
                    317.952
                ],
                [
                    1117.056,
                    304.99199999999996
                ],
                [
                    1110.912,
                    293.00399999999996
                ],
                [
                    1090.944,
                    297.972
                ],
                [
                    1066.944,
                    301.968
                ],
                [
                    1043.904,
                    308.016
                ],
                [
                    983.9999999999999,
                    312.984
                ],
                [
                    878.016,
                    323.02799999999996
                ],
                [
                    811.008,
                    336.96
                ],
                [
                    758.976,
                    350.028
                ],
                [
                    749.952,
                    355.968
                ]
            ]
        }
    ]
}