{
    "IMAGE_INFO": {
        "FILE_NAME": "1088542@0_07003_220919_P1_T3__0175.jpg",
        "DATE": "2022-10-31 14:57:52",
        "RESOLUTION": "1920 x 1080",
        "IMAGE_PHOTOGRAPHER": "권현진",
        "FOCUS_DISTANCE": "4.5",
        "EXPOSURE_TIME": "1/320",
        "SENSITIVITY_ISO": "10000",
        "PLACE": "성남시재활용센터",
        "REGION_NAME": null,
        "Direction": "0",
        "HEIGHT": "95",
        "DAY/NIGHT": "주간",
        "WEATHER": "맑음",
        "IMAGE_HEIGHT": 1080,
        "IMAGE_WIDTH": 1920,
        "IMAGE_SIZE": "693.6 KB"
    },
    "ANNOTATION_INFO": [
        {
            "ID": "1",
            "CLASS": "유리병",
            "DETAILS": "투명",
            "DAMAGE": "원형",
            "DIRTINESS": "이물질(외부)",
            "COVER": "없음",
            "TRANSPARENCY": "투명",
            "SHAPE": "유리병형",
            "SHAPE_TYPE": "POLYGON",
            "POINTS": [
                [
                    1358.9759999999999,
                    1080
                ],
                [
                    1357.056,
                    1038.96
                ],
                [
                    1353.9840000000002,
                    1030.968
                ],
                [
                    1352.064,
                    1011.96
                ],
                [
                    1348.032,
                    1005.048
                ],
                [
                    1348.992,
                    987.9839999999999
                ],
                [
                    1348.992,
                    978.048
                ],
                [
                    1345.9199999999998,
                    969.948
                ],
                [
                    1342.08,
                    915.948
                ],
                [
                    1338.048,
                    894.996
                ],
                [
                    1338.048,
                    874.044
                ],
                [
                    1335.936,
                    861.948
                ],
                [
                    1337.088,
                    852.9839999999999
                ],
                [
                    1340.928,
                    840.996
                ],
                [
                    1344,
                    806.0039999999999
                ],
                [
                    1352.064,
                    775.008
                ],
                [
                    1353.024,
                    748.98
                ],
                [
                    1358.016,
                    733.968
                ],
                [
                    1358.9759999999999,
                    725.004
                ],
                [
                    1358.9759999999999,
                    701.028
                ],
                [
                    1362.048,
                    683.9639999999999
                ],
                [
                    1359.9360000000001,
                    655.9920000000001
                ],
                [
                    1362.048,
                    627.048
                ],
                [
                    1363.968,
                    624.996
                ],
                [
                    1371.072,
                    624.996
                ],
                [
                    1369.92,
                    606.96
                ],
                [
                    1376.064,
                    601.02
                ],
                [
                    1386.048,
                    597.996
                ],
                [
                    1406.976,
                    597.024
                ],
                [
                    1412.9279999999999,
                    597.024
                ],
                [
                    1421.952,
                    597.996
                ],
                [
                    1428.096,
                    604.044
                ],
                [
                    1430.9759999999999,
                    617.976
                ],
                [
                    1434.048,
                    651.996
                ],
                [
                    1438.08,
                    659.9879999999999
                ],
                [
                    1438.08,
                    668.952
                ],
                [
                    1443.0720000000001,
                    691.956
                ],
                [
                    1458.048,
                    731.0519999999999
                ],
                [
                    1460.928,
                    735.048
                ],
                [
                    1468.032,
                    752.004
                ],
                [
                    1473.024,
                    767.9879999999999
                ],
                [
                    1482.048,
                    785.052
                ],
                [
                    1484.9279999999999,
                    795.96
                ],
                [
                    1492.032,
                    806.0039999999999
                ],
                [
                    1497.984,
                    818.9639999999999
                ],
                [
                    1502.016,
                    837
                ],
                [
                    1505.0880000000002,
                    844.02
                ],
                [
                    1503.936,
                    856.98
                ],
                [
                    1502.016,
                    860.976
                ],
                [
                    1502.976,
                    871.992
                ],
                [
                    1507.008,
                    874.044
                ],
                [
                    1505.0880000000002,
                    878.04
                ],
                [
                    1508.928,
                    894.996
                ],
                [
                    1508.928,
                    913.032
                ],
                [
                    1512,
                    933.0120000000001
                ],
                [
                    1513.92,
                    967.0319999999999
                ],
                [
                    1517.952,
                    991.0079999999999
                ],
                [
                    1520.0639999999999,
                    999
                ],
                [
                    1525.056,
                    1005.048
                ],
                [
                    1525.056,
                    1015.956
                ],
                [
                    1527.936,
                    1022.004
                ],
                [
                    1530.048,
                    1032.048
                ],
                [
                    1530.048,
                    1034.964
                ],
                [
                    1526.0159999999998,
                    1042.956
                ],
                [
                    1526.976,
                    1080
                ]
            ]
        }
    ]
}