{
    "IMAGE_INFO": {
        "FILE_NAME": "1088784@0_07003_220919_P1_T3__0348.jpg",
        "DATE": "2022-10-31 14:57:55",
        "RESOLUTION": "1920 x 1080",
        "IMAGE_PHOTOGRAPHER": "권현진",
        "FOCUS_DISTANCE": "4.5",
        "EXPOSURE_TIME": "1/320",
        "SENSITIVITY_ISO": "10000",
        "PLACE": "성남시재활용센터",
        "REGION_NAME": null,
        "Direction": "0",
        "HEIGHT": "95",
        "DAY/NIGHT": "주간",
        "WEATHER": "맑음",
        "IMAGE_HEIGHT": 1080,
        "IMAGE_WIDTH": 1920,
        "IMAGE_SIZE": "565.5 KB"
    },
    "ANNOTATION_INFO": [
        {
            "ID": "1",
            "CLASS": "유리병",
            "DETAILS": "투명",
            "DAMAGE": "원형",
            "DIRTINESS": "이물질(외부)",
            "COVER": "없음",
            "TRANSPARENCY": "투명",
            "SHAPE": "유리병형",
            "SHAPE_TYPE": "POLYGON",
            "POINTS": [
                [
                    960.9599999999999,
                    591.948
                ],
                [
                    941.952,
                    578.988
                ],
                [
                    937.92,
                    577.044
                ],
                [
                    931.968,
                    581.0400000000001
                ],
                [
                    926.016,
                    585.036
                ],
                [
                    920.0640000000001,
                    590.004
                ],
                [
                    911.04,
                    590.976
                ],
                [
                    888.96,
                    590.004
                ],
                [
                    873.984,
                    583.9559999999999
                ],
                [
                    862.08,
                    570.996
                ],
                [
                    859.008,
                    559.0079999999999
                ],
                [
                    864.96,
                    508.032
                ],
                [
                    862.08,
                    355.968
                ],
                [
                    859.008,
                    299.05199999999996
                ],
                [
                    859.008,
                    285.012
                ],
                [
                    865.9200000000001,
                    270
                ],
                [
                    878.016,
                    250.992
                ],
                [
                    887.0400000000001,
                    243
                ],
                [
                    915.072,
                    212.976
                ],
                [
                    918.912,
                    208.00799999999998
                ],
                [
                    920.0640000000001,
                    203.04
                ],
                [
                    918.912,
                    196.99200000000002
                ],
                [
                    916.9920000000001,
                    195.048
                ],
                [
                    918.912,
                    189.972
                ],
                [
                    920.0640000000001,
                    185.976
                ],
                [
                    920.0640000000001,
                    181.008
                ],
                [
                    916.9920000000001,
                    177.984
                ],
                [
                    916.9920000000001,
                    173.01600000000002
                ],
                [
                    925.056,
                    168.04799999999997
                ],
                [
                    935.04,
                    165.024
                ],
                [
                    949.056,
                    162.972
                ],
                [
                    973.056,
                    164.05200000000002
                ],
                [
                    983.04,
                    165.996
                ],
                [
                    987.072,
                    170.964
                ],
                [
                    987.072,
                    176.04000000000002
                ],
                [
                    983.9999999999999,
                    181.008
                ],
                [
                    987.072,
                    188.028
                ],
                [
                    988.992,
                    195.048
                ],
                [
                    987.072,
                    200.016
                ],
                [
                    989.9519999999999,
                    212.004
                ],
                [
                    1036.992,
                    255.95999999999998
                ],
                [
                    1042.944,
                    272.052
                ],
                [
                    1047.936,
                    334.04400000000004
                ],
                [
                    1049.088,
                    444.96
                ],
                [
                    1047.936,
                    516.996
                ],
                [
                    1054.0800000000002,
                    536.004
                ],
                [
                    1049.088,
                    555.984
                ],
                [
                    1043.904,
                    567.972
                ],
                [
                    1038.912,
                    574.992
                ],
                [
                    1032,
                    583.9559999999999
                ],
                [
                    1023.936,
                    586.98
                ],
                [
                    1013.952,
                    590.976
                ]
            ]
        }
    ]
}