{
    "IMAGE_INFO": {
        "FILE_NAME": "1088614@0_07003_220919_P1_T3__0606.jpg",
        "DATE": "2022-10-31 14:58:01",
        "RESOLUTION": "1920 x 1080",
        "IMAGE_PHOTOGRAPHER": "권현진",
        "FOCUS_DISTANCE": "4.5",
        "EXPOSURE_TIME": "1/320",
        "SENSITIVITY_ISO": "10000",
        "PLACE": "성남시재활용센터",
        "REGION_NAME": null,
        "Direction": "0",
        "HEIGHT": "95",
        "DAY/NIGHT": "주간",
        "WEATHER": "맑음",
        "IMAGE_HEIGHT": 1080,
        "IMAGE_WIDTH": 1920,
        "IMAGE_SIZE": "681.5 KB"
    },
    "ANNOTATION_INFO": [
        {
            "ID": "1",
            "CLASS": "유리병",
            "DETAILS": "투명",
            "DAMAGE": "원형",
            "DIRTINESS": "이물질(외부)",
            "COVER": "없음",
            "TRANSPARENCY": "투명",
            "SHAPE": "유리병형",
            "SHAPE_TYPE": "POLYGON",
            "POINTS": [
                [
                    432.96000000000004,
                    617.976
                ],
                [
                    460.03200000000004,
                    614.952
                ],
                [
                    485.952,
                    609.012
                ],
                [
                    542.016,
                    589.032
                ],
                [
                    657.024,
                    543.9960000000001
                ],
                [
                    689.088,
                    532.0079999999999
                ],
                [
                    706.9440000000001,
                    523.044
                ],
                [
                    723.072,
                    512.028
                ],
                [
                    742.08,
                    489.996
                ],
                [
                    748.992,
                    469.04400000000004
                ],
                [
                    750.912,
                    459
                ],
                [
                    758.016,
                    448.956
                ],
                [
                    776.064,
                    443.988
                ],
                [
                    792,
                    436.968
                ],
                [
                    801.984,
                    434.05199999999996
                ],
                [
                    806.976,
                    428.976
                ],
                [
                    816,
                    429.94800000000004
                ],
                [
                    824.0640000000001,
                    427.032
                ],
                [
                    796.9920000000001,
                    363.96000000000004
                ],
                [
                    788.928,
                    362.016
                ],
                [
                    787.0079999999999,
                    363.96000000000004
                ],
                [
                    767.0400000000001,
                    366.012
                ],
                [
                    761.088,
                    373.032
                ],
                [
                    748.992,
                    375.94800000000004
                ],
                [
                    724.992,
                    374.976
                ],
                [
                    700.0319999999999,
                    369.036
                ],
                [
                    677.952,
                    362.988
                ],
                [
                    665.088,
                    362.988
                ],
                [
                    652.9920000000001,
                    362.016
                ],
                [
                    432,
                    435.024
                ],
                [
                    402.048,
                    456.948
                ],
                [
                    383.04,
                    471.96
                ],
                [
                    375.936,
                    482.00399999999996
                ],
                [
                    374.976,
                    496.044
                ],
                [
                    378.048,
                    516.024
                ],
                [
                    402.048,
                    574.02
                ],
                [
                    412.992,
                    609.012
                ]
            ]
        }
    ]
}