{
    "IMAGE_INFO": {
        "FILE_NAME": "1088794@0_07003_220919_P1_T3__1150.jpg",
        "DATE": "2022-10-31 14:58:10",
        "RESOLUTION": "1920 x 1080",
        "IMAGE_PHOTOGRAPHER": "권현진",
        "FOCUS_DISTANCE": "4.5",
        "EXPOSURE_TIME": "1/320",
        "SENSITIVITY_ISO": "10000",
        "PLACE": "성남시재활용센터",
        "REGION_NAME": null,
        "Direction": "0",
        "HEIGHT": "95",
        "DAY/NIGHT": "주간",
        "WEATHER": "맑음",
        "IMAGE_HEIGHT": 1080,
        "IMAGE_WIDTH": 1920,
        "IMAGE_SIZE": "674.1 KB"
    },
    "ANNOTATION_INFO": [
        {
            "ID": "1",
            "CLASS": "유리병",
            "DETAILS": "투명",
            "DAMAGE": "원형",
            "DIRTINESS": "이물질(외부)",
            "COVER": "없음",
            "TRANSPARENCY": "투명",
            "SHAPE": "유리병형",
            "SHAPE_TYPE": "POLYGON",
            "POINTS": [
                [
                    609.9839999999999,
                    209.952
                ],
                [
                    605.952,
                    208.00799999999998
                ],
                [
                    603.072,
                    204.012
                ],
                [
                    600.96,
                    196.99200000000002
                ],
                [
                    594.048,
                    192.996
                ],
                [
                    575.04,
                    192.996
                ],
                [
                    526.08,
                    185.00400000000002
                ],
                [
                    480,
                    181.008
                ],
                [
                    475.00800000000004,
                    178.956
                ],
                [
                    454.08,
                    177.012
                ],
                [
                    446.976,
                    174.96
                ],
                [
                    430.08,
                    176.04000000000002
                ],
                [
                    403.968,
                    172.04399999999998
                ],
                [
                    366.912,
                    157.032
                ],
                [
                    355.968,
                    154.008
                ],
                [
                    345.984,
                    149.04000000000002
                ],
                [
                    339.072,
                    141.048
                ],
                [
                    335.03999999999996,
                    131.00400000000002
                ],
                [
                    335.03999999999996,
                    115.99199999999999
                ],
                [
                    339.072,
                    96.98400000000001
                ],
                [
                    341.952,
                    46.007999999999996
                ],
                [
                    349.056,
                    26.028
                ],
                [
                    353.088,
                    0
                ],
                [
                    586.9440000000001,
                    0
                ],
                [
                    600.96,
                    2.052
                ],
                [
                    608.064,
                    4.968
                ],
                [
                    624.96,
                    6.048
                ],
                [
                    662.016,
                    19.008000000000003
                ],
                [
                    671.04,
                    23.976000000000003
                ],
                [
                    695.04,
                    39.96
                ],
                [
                    699.072,
                    46.007999999999996
                ],
                [
                    715.008,
                    57.995999999999995
                ],
                [
                    726.912,
                    73.98
                ],
                [
                    742.08,
                    87.048
                ],
                [
                    748.992,
                    88.02000000000001
                ],
                [
                    763.0079999999999,
                    81.972
                ],
                [
                    772.032,
                    81
                ],
                [
                    778.944,
                    88.992
                ],
                [
                    796.9920000000001,
                    96.012
                ],
                [
                    796.9920000000001,
                    110.052
                ],
                [
                    800.0640000000001,
                    118.044
                ],
                [
                    795.072,
                    130.03199999999998
                ],
                [
                    795.072,
                    135
                ],
                [
                    809.088,
                    150.984
                ],
                [
                    811.008,
                    157.032
                ],
                [
                    811.008,
                    162
                ],
                [
                    805.056,
                    165.024
                ],
                [
                    777.024,
                    170.964
                ],
                [
                    759.9359999999999,
                    170.964
                ],
                [
                    742.08,
                    162
                ],
                [
                    731.904,
                    161.02800000000002
                ],
                [
                    708.096,
                    174.96
                ],
                [
                    700.992,
                    177.012
                ],
                [
                    691.968,
                    181.98000000000002
                ],
                [
                    673.92,
                    197.964
                ],
                [
                    666.048,
                    203.04
                ],
                [
                    652.032,
                    204.984
                ],
                [
                    641.088,
                    204.984
                ],
                [
                    632.064,
                    207.036
                ],
                [
                    617.0880000000001,
                    207.036
                ],
                [
                    609.9839999999999,
                    209.952
                ]
            ]
        },
        {
            "ID": "2",
            "CLASS": "유리병",
            "DETAILS": "투명",
            "DAMAGE": "원형",
            "DIRTINESS": "이물질(외부)",
            "COVER": "없음",
            "TRANSPARENCY": "투명",
            "SHAPE": "유리병형",
            "SHAPE_TYPE": "POLYGON",
            "POINTS": [
                [
                    202.94400000000002,
                    297
                ],
                [
                    177.024,
                    296.028
                ],
                [
                    173.952,
                    294.94800000000004
                ],
                [
                    172.032,
                    292.032
                ],
                [
                    168,
                    290.952
                ],
                [
                    164.928,
                    285.984
                ],
                [
                    154.944,
                    281.01599999999996
                ],
                [
                    149.952,
                    276.048
                ],
                [
                    148.99200000000002,
                    263.952
                ],
                [
                    156.096,
                    242.028
                ],
                [
                    148.99200000000002,
                    234.036
                ],
                [
                    147.072,
                    226.044
                ],
                [
                    152.06400000000002,
                    219.024
                ],
                [
                    161.088,
                    215.028
                ],
                [
                    163.008,
                    203.04
                ],
                [
                    158.976,
                    197.964
                ],
                [
                    153.98399999999998,
                    196.99200000000002
                ],
                [
                    148.99200000000002,
                    193.96800000000002
                ],
                [
                    139.96800000000002,
                    185.00400000000002
                ],
                [
                    124.03200000000001,
                    161.02800000000002
                ],
                [
                    121.92,
                    154.98
                ],
                [
                    123.072,
                    139.968
                ],
                [
                    128.064,
                    127.008
                ],
                [
                    140.92800000000003,
                    64.044
                ],
                [
                    144,
                    60.047999999999995
                ],
                [
                    153.98399999999998,
                    8.964
                ],
                [
                    158.016,
                    0
                ],
                [
                    369.98400000000004,
                    0
                ],
                [
                    359.04,
                    15.011999999999999
                ],
                [
                    354.048,
                    30.996
                ],
                [
                    346.944,
                    42.984
                ],
                [
                    344.064,
                    53.028
                ],
                [
                    339.072,
                    72.036
                ],
                [
                    336.96,
                    104.976
                ],
                [
                    331.008,
                    119.016
                ],
                [
                    326.016,
                    143.964
                ],
                [
                    324.096,
                    146.016
                ],
                [
                    320.06399999999996,
                    146.988
                ],
                [
                    317.952,
                    150.012
                ],
                [
                    317.952,
                    153.036
                ],
                [
                    321.984,
                    155.952
                ],
                [
                    321.984,
                    170.964
                ],
                [
                    318.912,
                    177.012
                ],
                [
                    318.912,
                    182.952
                ],
                [
                    308.928,
                    215.028
                ],
                [
                    305.088,
                    218.052
                ],
                [
                    302.01599999999996,
                    218.052
                ],
                [
                    294.912,
                    223.992
                ],
                [
                    258.048,
                    223.01999999999998
                ],
                [
                    255.936,
                    223.992
                ],
                [
                    253.056,
                    228.95999999999998
                ],
                [
                    252.096,
                    238.032
                ],
                [
                    257.08799999999997,
                    243
                ],
                [
                    258.048,
                    254.988
                ],
                [
                    244.03199999999998,
                    277.02
                ],
                [
                    241.92000000000002,
                    285.984
                ],
                [
                    236.928,
                    294.94800000000004
                ],
                [
                    233.088,
                    297
                ],
                [
                    202.94400000000002,
                    297
                ]
            ]
        },
        {
            "ID": "3",
            "CLASS": "유리병",
            "DETAILS": "투명",
            "DAMAGE": "원형",
            "DIRTINESS": "이물질(외부)",
            "COVER": "없음",
            "TRANSPARENCY": "불투명",
            "SHAPE": "유리병형",
            "SHAPE_TYPE": "POLYGON",
            "POINTS": [
                [
                    841.92,
                    213.948
                ],
                [
                    825.024,
                    212.976
                ],
                [
                    793.92,
                    203.04
                ],
                [
                    786.048,
                    192.024
                ],
                [
                    786.048,
                    180.03599999999997
                ],
                [
                    792,
                    169.99200000000002
                ],
                [
                    810.048,
                    164.05200000000002
                ],
                [
                    811.968,
                    162
                ],
                [
                    814.0799999999999,
                    145.044
                ],
                [
                    811.968,
                    135.972
                ],
                [
                    806.976,
                    132.948
                ],
                [
                    806.976,
                    126.036
                ],
                [
                    810.048,
                    123.984
                ],
                [
                    845.952,
                    112.968
                ],
                [
                    872.064,
                    99.036
                ],
                [
                    887.0400000000001,
                    83.05199999999999
                ],
                [
                    902.016,
                    77.976
                ],
                [
                    907.0079999999999,
                    77.976
                ],
                [
                    920.0640000000001,
                    73.008
                ],
                [
                    970.9440000000001,
                    41.04
                ],
                [
                    983.9999999999999,
                    34.992
                ],
                [
                    1012.032,
                    24.948
                ],
                [
                    1065.9840000000002,
                    11.988000000000001
                ],
                [
                    1075.0079999999998,
                    7.992
                ],
                [
                    1094.976,
                    4.968
                ],
                [
                    1109.952,
                    0.972
                ],
                [
                    1382.016,
                    0
                ],
                [
                    1387.968,
                    7.02
                ],
                [
                    1387.968,
                    20.952
                ],
                [
                    1395.0720000000001,
                    31.968
                ],
                [
                    1396.992,
                    50.976
                ],
                [
                    1401.0240000000001,
                    61.02
                ],
                [
                    1401.0240000000001,
                    74.952
                ],
                [
                    1405.056,
                    84.99600000000001
                ],
                [
                    1401.0240000000001,
                    91.044
                ],
                [
                    1396.992,
                    92.988
                ],
                [
                    1363.968,
                    100.98
                ],
                [
                    1328.0639999999999,
                    114.048
                ],
                [
                    1323.0720000000001,
                    114.048
                ],
                [
                    1313.088,
                    119.016
                ],
                [
                    1286.976,
                    123.012
                ],
                [
                    1267.008,
                    128.952
                ],
                [
                    1225.9199999999998,
                    135
                ],
                [
                    1218.048,
                    138.024
                ],
                [
                    1191.9360000000001,
                    142.02
                ],
                [
                    1179.072,
                    146.016
                ],
                [
                    1171.968,
                    150.012
                ],
                [
                    1148.928,
                    154.98
                ],
                [
                    1109.952,
                    166.968
                ],
                [
                    1079.0400000000002,
                    173.01600000000002
                ],
                [
                    1064.064,
                    173.988
                ],
                [
                    1049.088,
                    178.956
                ],
                [
                    1041.0240000000001,
                    185.00400000000002
                ],
                [
                    1032,
                    188.028
                ],
                [
                    997.0559999999999,
                    189
                ],
                [
                    942.9119999999999,
                    185.976
                ],
                [
                    875.904,
                    185.976
                ],
                [
                    869.952,
                    186.948
                ],
                [
                    865.9200000000001,
                    191.052
                ],
                [
                    868.032,
                    195.048
                ],
                [
                    860.928,
                    200.988
                ],
                [
                    859.008,
                    208.00799999999998
                ]
            ]
        }
    ]
}