{
    "IMAGE_INFO": {
        "FILE_NAME": "1088691@0_07003_220919_P1_T3__1671.jpg",
        "DATE": "2022-10-31 14:58:21",
        "RESOLUTION": "1920 x 1080",
        "IMAGE_PHOTOGRAPHER": "권현진",
        "FOCUS_DISTANCE": "4.5",
        "EXPOSURE_TIME": "1/320",
        "SENSITIVITY_ISO": "10000",
        "PLACE": "성남시재활용센터",
        "REGION_NAME": null,
        "Direction": "0",
        "HEIGHT": "95",
        "DAY/NIGHT": "주간",
        "WEATHER": "맑음",
        "IMAGE_HEIGHT": 1080,
        "IMAGE_WIDTH": 1920,
        "IMAGE_SIZE": "612.5 KB"
    },
    "ANNOTATION_INFO": [
        {
            "ID": "1",
            "CLASS": "유리병",
            "DETAILS": "투명",
            "DAMAGE": "원형",
            "DIRTINESS": "이물질(외부)",
            "COVER": "없음",
            "TRANSPARENCY": "투명",
            "SHAPE": "유리병형",
            "SHAPE_TYPE": "POLYGON",
            "POINTS": [
                [
                    927.936,
                    405.97200000000004
                ],
                [
                    950.0160000000001,
                    408.024
                ],
                [
                    979.968,
                    420.012
                ],
                [
                    984.96,
                    429.94800000000004
                ],
                [
                    979.968,
                    439.02
                ],
                [
                    978.0479999999999,
                    448.956
                ],
                [
                    973.056,
                    458.02799999999996
                ],
                [
                    970.9440000000001,
                    482.00399999999996
                ],
                [
                    946.9440000000001,
                    636.012
                ],
                [
                    924.096,
                    786.996
                ],
                [
                    849.9839999999999,
                    1056.996
                ],
                [
                    834.048,
                    1068.984
                ],
                [
                    811.008,
                    1065.96
                ],
                [
                    757.0559999999999,
                    1049.9759999999999
                ],
                [
                    713.088,
                    1037.988
                ],
                [
                    681.024,
                    1029.996
                ],
                [
                    681.024,
                    1019.952
                ],
                [
                    694.0799999999999,
                    959.04
                ],
                [
                    758.976,
                    759.024
                ],
                [
                    815.04,
                    644.004
                ],
                [
                    884.928,
                    505.00800000000004
                ],
                [
                    912.9599999999999,
                    451.00800000000004
                ],
                [
                    912.9599999999999,
                    439.02
                ],
                [
                    911.04,
                    427.032
                ],
                [
                    917.952,
                    420.012
                ]
            ]
        },
        {
            "ID": "2",
            "CLASS": "유리병",
            "DETAILS": "투명",
            "DAMAGE": "원형",
            "DIRTINESS": "이물질(외부)",
            "COVER": "없음",
            "TRANSPARENCY": "투명",
            "SHAPE": "유리병형",
            "SHAPE_TYPE": "POLYGON",
            "POINTS": [
                [
                    970.9440000000001,
                    123.012
                ],
                [
                    974.016,
                    101.952
                ],
                [
                    1017.0239999999999,
                    81
                ],
                [
                    1043.904,
                    70.95599999999999
                ],
                [
                    1068.096,
                    77.004
                ],
                [
                    1097.088,
                    142.992
                ],
                [
                    1147.008,
                    243
                ],
                [
                    1146.048,
                    261.036
                ],
                [
                    1140.096,
                    276.048
                ],
                [
                    1141.056,
                    297
                ],
                [
                    1158.912,
                    343.98
                ],
                [
                    1166.976,
                    351
                ],
                [
                    1166.976,
                    358.02000000000004
                ],
                [
                    1174.0800000000002,
                    366.984
                ],
                [
                    1176,
                    381.99600000000004
                ],
                [
                    1180.992,
                    396.036
                ],
                [
                    1169.088,
                    402.948
                ],
                [
                    1151.04,
                    412.992
                ],
                [
                    1138.944,
                    412.992
                ],
                [
                    1128,
                    401.004
                ],
                [
                    1119.9360000000001,
                    388.044
                ],
                [
                    1123.008,
                    380.05199999999996
                ],
                [
                    1117.056,
                    380.05199999999996
                ],
                [
                    1109.952,
                    380.05199999999996
                ],
                [
                    1114.944,
                    367.956
                ],
                [
                    1108.992,
                    355.968
                ],
                [
                    1086.912,
                    316.00800000000004
                ],
                [
                    1075.968,
                    307.044
                ],
                [
                    1051.968,
                    297
                ],
                [
                    1041.984,
                    290.952
                ]
            ]
        }
    ]
}