{
    "IMAGE_INFO": {
        "FILE_NAME": "1088708@0_07003_220919_P1_T3__0802.jpg",
        "DATE": "2022-10-31 14:58:04",
        "RESOLUTION": "1920 x 1080",
        "IMAGE_PHOTOGRAPHER": "권현진",
        "FOCUS_DISTANCE": "4.5",
        "EXPOSURE_TIME": "1/320",
        "SENSITIVITY_ISO": "10000",
        "PLACE": "성남시재활용센터",
        "REGION_NAME": null,
        "Direction": "0",
        "HEIGHT": "95",
        "DAY/NIGHT": "주간",
        "WEATHER": "맑음",
        "IMAGE_HEIGHT": 1080,
        "IMAGE_WIDTH": 1920,
        "IMAGE_SIZE": "671.8 KB"
    },
    "ANNOTATION_INFO": [
        {
            "ID": "1",
            "CLASS": "유리병",
            "DETAILS": "투명",
            "DAMAGE": "원형",
            "DIRTINESS": "이물질(전체)",
            "COVER": "없음",
            "TRANSPARENCY": "투명",
            "SHAPE": "유리병형",
            "SHAPE_TYPE": "POLYGON",
            "POINTS": [
                [
                    264,
                    386.964
                ],
                [
                    233.088,
                    385.992
                ],
                [
                    225.024,
                    384.048
                ],
                [
                    217.92000000000002,
                    378.972
                ],
                [
                    211.968,
                    361.044
                ],
                [
                    201.984,
                    343.98
                ],
                [
                    193.92000000000002,
                    308.016
                ],
                [
                    195.072,
                    208.98000000000002
                ],
                [
                    196.992,
                    196.99200000000002
                ],
                [
                    210.048,
                    177.984
                ],
                [
                    210.048,
                    173.01600000000002
                ],
                [
                    217.92000000000002,
                    159.948
                ],
                [
                    233.088,
                    150.984
                ],
                [
                    248.06400000000002,
                    150.984
                ],
                [
                    260.928,
                    154.008
                ],
                [
                    291.072,
                    155.952
                ],
                [
                    393.984,
                    153.036
                ],
                [
                    418.944,
                    154.008
                ],
                [
                    445.05600000000004,
                    151.956
                ],
                [
                    467.904,
                    153.036
                ],
                [
                    475.00800000000004,
                    151.956
                ],
                [
                    484.99199999999996,
                    146.988
                ],
                [
                    498.04800000000006,
                    146.988
                ],
                [
                    510.91200000000003,
                    150.984
                ],
                [
                    532.032,
                    150.012
                ],
                [
                    543.936,
                    147.96
                ],
                [
                    561.984,
                    147.96
                ],
                [
                    569.088,
                    150.012
                ],
                [
                    585.024,
                    162
                ],
                [
                    595.008,
                    165.996
                ],
                [
                    603.072,
                    165.996
                ],
                [
                    613.0559999999999,
                    168.04799999999997
                ],
                [
                    633.984,
                    173.988
                ],
                [
                    638.016,
                    177.012
                ],
                [
                    646.08,
                    196.99200000000002
                ],
                [
                    648,
                    222.048
                ],
                [
                    647.0400000000001,
                    251.964
                ],
                [
                    643.968,
                    269.02799999999996
                ],
                [
                    647.0400000000001,
                    289.98
                ],
                [
                    651.072,
                    293.976
                ],
                [
                    651.072,
                    315.036
                ],
                [
                    647.0400000000001,
                    327.024
                ],
                [
                    646.08,
                    346.03200000000004
                ],
                [
                    641.088,
                    353.052
                ],
                [
                    638.016,
                    354.996
                ],
                [
                    628.992,
                    355.968
                ],
                [
                    606.912,
                    359.964
                ],
                [
                    595.9680000000001,
                    353.052
                ],
                [
                    590.0160000000001,
                    359.964
                ],
                [
                    581.952,
                    371.952
                ],
                [
                    580.0319999999999,
                    375.94800000000004
                ],
                [
                    570.048,
                    380.05199999999996
                ],
                [
                    556.9920000000001,
                    380.05199999999996
                ],
                [
                    547.0079999999999,
                    381.99600000000004
                ],
                [
                    537.024,
                    381.99600000000004
                ],
                [
                    531.072,
                    380.05199999999996
                ],
                [
                    485.952,
                    380.05199999999996
                ],
                [
                    441.984,
                    381.024
                ],
                [
                    431.04,
                    384.048
                ],
                [
                    321.984,
                    382.968
                ],
                [
                    293.952,
                    385.992
                ]
            ]
        }
    ]
}