{
    "IMAGE_INFO": {
        "FILE_NAME": "1088732@0_07003_220919_P1_T3__1851.jpg",
        "DATE": "2022-10-31 14:58:24",
        "RESOLUTION": "1920 x 1080",
        "IMAGE_PHOTOGRAPHER": "권현진",
        "FOCUS_DISTANCE": "4.5",
        "EXPOSURE_TIME": "1/320",
        "SENSITIVITY_ISO": "10000",
        "PLACE": "성남시재활용센터",
        "REGION_NAME": null,
        "Direction": "0",
        "HEIGHT": "95",
        "DAY/NIGHT": "주간",
        "WEATHER": "맑음",
        "IMAGE_HEIGHT": 1080,
        "IMAGE_WIDTH": 1920,
        "IMAGE_SIZE": "688.5 KB"
    },
    "ANNOTATION_INFO": [
        {
            "ID": "1",
            "CLASS": "유리병",
            "DETAILS": "투명",
            "DAMAGE": "원형",
            "DIRTINESS": "이물질(외부)",
            "COVER": "없음",
            "TRANSPARENCY": "투명",
            "SHAPE": "유리병형",
            "SHAPE_TYPE": "POLYGON",
            "POINTS": [
                [
                    1616.064,
                    308.988
                ],
                [
                    1608.96,
                    307.044
                ],
                [
                    1602.048,
                    300.996
                ],
                [
                    1588.032,
                    274.968
                ],
                [
                    1588.032,
                    262.98
                ],
                [
                    1577.088,
                    246.99599999999998
                ],
                [
                    1575.936,
                    243
                ],
                [
                    1568.0639999999999,
                    234.036
                ],
                [
                    1563.0720000000001,
                    222.048
                ],
                [
                    1559.0400000000002,
                    219.024
                ],
                [
                    1554.048,
                    208.98000000000002
                ],
                [
                    1550.016,
                    207.036
                ],
                [
                    1549.056,
                    204.012
                ],
                [
                    1544.064,
                    200.016
                ],
                [
                    1539.072,
                    199.04399999999998
                ],
                [
                    1535.04,
                    200.016
                ],
                [
                    1531.008,
                    199.04399999999998
                ],
                [
                    1529.088,
                    196.99200000000002
                ],
                [
                    1511.04,
                    196.01999999999998
                ],
                [
                    1508.928,
                    193.96800000000002
                ],
                [
                    1506.048,
                    193.96800000000002
                ],
                [
                    1478.016,
                    174.96
                ],
                [
                    1459.9679999999998,
                    147.96
                ],
                [
                    1455.936,
                    138.024
                ],
                [
                    1441.92,
                    115.02
                ],
                [
                    1440.9599999999998,
                    110.052
                ],
                [
                    1436.9279999999999,
                    105.94800000000001
                ],
                [
                    1424.064,
                    73.98
                ],
                [
                    1419.072,
                    69.012
                ],
                [
                    1414.0800000000002,
                    56.052
                ],
                [
                    1410.048,
                    51.94799999999999
                ],
                [
                    1405.056,
                    42.01199999999999
                ],
                [
                    1405.056,
                    38.988
                ],
                [
                    1401.0240000000001,
                    34.992
                ],
                [
                    1398.912,
                    27.971999999999998
                ],
                [
                    1391.04,
                    16.956
                ],
                [
                    1383.936,
                    0
                ],
                [
                    1593.9840000000002,
                    0
                ],
                [
                    1632.96,
                    73.008
                ],
                [
                    1641.0240000000001,
                    104.00399999999999
                ],
                [
                    1636.992,
                    126.036
                ],
                [
                    1623.936,
                    154.98
                ],
                [
                    1623.936,
                    173.988
                ],
                [
                    1646.0159999999998,
                    224.96400000000003
                ],
                [
                    1650.048,
                    227.988
                ],
                [
                    1651.008,
                    232.95600000000002
                ],
                [
                    1659.072,
                    239.976
                ],
                [
                    1664.064,
                    255.95999999999998
                ],
                [
                    1668.096,
                    258.98400000000004
                ],
                [
                    1670.9759999999999,
                    269.02799999999996
                ],
                [
                    1670.016,
                    281.01599999999996
                ],
                [
                    1662.912,
                    286.956
                ],
                [
                    1650.048,
                    296.028
                ],
                [
                    1632,
                    304.99199999999996
                ],
                [
                    1616.064,
                    308.988
                ]
            ]
        },
        {
            "ID": "2",
            "CLASS": "유리병",
            "DETAILS": "투명",
            "DAMAGE": "원형",
            "DIRTINESS": "이물질(외부)",
            "COVER": "없음",
            "TRANSPARENCY": "투명",
            "SHAPE": "유리병형",
            "SHAPE_TYPE": "POLYGON",
            "POINTS": [
                [
                    1308.096,
                    88.02000000000001
                ],
                [
                    1297.92,
                    87.048
                ],
                [
                    1281.984,
                    84.02399999999999
                ],
                [
                    1272.96,
                    84.02399999999999
                ],
                [
                    1265.0880000000002,
                    83.05199999999999
                ],
                [
                    1249.92,
                    83.05199999999999
                ],
                [
                    1233.024,
                    81
                ],
                [
                    1210.944,
                    81
                ],
                [
                    1205.952,
                    78.948
                ],
                [
                    1162.944,
                    77.976
                ],
                [
                    1155.0720000000001,
                    76.03200000000001
                ],
                [
                    1143.936,
                    76.03200000000001
                ],
                [
                    1134.9119999999998,
                    73.98
                ],
                [
                    1127.04,
                    72.036
                ],
                [
                    1117.056,
                    68.04
                ],
                [
                    1114.944,
                    65.988
                ],
                [
                    1094.976,
                    58.968
                ],
                [
                    1086.912,
                    57.024
                ],
                [
                    1075.968,
                    53.028
                ],
                [
                    1066.944,
                    46.98
                ],
                [
                    1057.92,
                    42.01199999999999
                ],
                [
                    1045.056,
                    31.968
                ],
                [
                    1019.904,
                    18.035999999999998
                ],
                [
                    1013.952,
                    18.035999999999998
                ],
                [
                    1008.9599999999999,
                    19.98
                ],
                [
                    1001.088,
                    24.948
                ],
                [
                    988.0319999999999,
                    27.971999999999998
                ],
                [
                    982.0799999999999,
                    27
                ],
                [
                    977.0880000000001,
                    27
                ],
                [
                    969.0240000000001,
                    23.976000000000003
                ],
                [
                    963.0720000000001,
                    24.948
                ],
                [
                    960,
                    23.976000000000003
                ],
                [
                    958.08,
                    23.003999999999998
                ],
                [
                    956.928,
                    16.956
                ],
                [
                    954.048,
                    12.96
                ],
                [
                    950.0160000000001,
                    11.988000000000001
                ],
                [
                    946.9440000000001,
                    7.02
                ],
                [
                    944.0640000000001,
                    4.968
                ],
                [
                    944.0640000000001,
                    0
                ],
                [
                    1357.056,
                    0
                ],
                [
                    1358.016,
                    7.02
                ],
                [
                    1352.064,
                    38.988
                ],
                [
                    1348.992,
                    57.024
                ],
                [
                    1344,
                    74.952
                ],
                [
                    1338.048,
                    81.972
                ],
                [
                    1319.0400000000002,
                    87.048
                ]
            ]
        },
        {
            "ID": "3",
            "CLASS": "유리병",
            "DETAILS": "투명",
            "DAMAGE": "원형",
            "DIRTINESS": "이물질(외부)",
            "COVER": "없음",
            "TRANSPARENCY": "투명",
            "SHAPE": "유리병형",
            "SHAPE_TYPE": "POLYGON",
            "POINTS": [
                [
                    719.04,
                    188.028
                ],
                [
                    694.0799999999999,
                    184.03199999999998
                ],
                [
                    687.936,
                    180.03599999999997
                ],
                [
                    676.032,
                    177.012
                ],
                [
                    648,
                    165.024
                ],
                [
                    629.952,
                    158.976
                ],
                [
                    618.048,
                    155.952
                ],
                [
                    613.0559999999999,
                    155.952
                ],
                [
                    609.9839999999999,
                    154.98
                ],
                [
                    606.912,
                    154.98
                ],
                [
                    598.08,
                    150.984
                ],
                [
                    590.0160000000001,
                    150.012
                ],
                [
                    577.92,
                    146.016
                ],
                [
                    553.92,
                    132.948
                ],
                [
                    552,
                    132.948
                ],
                [
                    543.936,
                    130.03199999999998
                ],
                [
                    534.912,
                    127.97999999999999
                ],
                [
                    528.96,
                    124.956
                ],
                [
                    527.0400000000001,
                    124.956
                ],
                [
                    526.08,
                    123.012
                ],
                [
                    517.0559999999999,
                    119.988
                ],
                [
                    510.91200000000003,
                    116.964
                ],
                [
                    490.94399999999996,
                    111.996
                ],
                [
                    459.072,
                    100.008
                ],
                [
                    447.93600000000004,
                    97.956
                ],
                [
                    440.06399999999996,
                    95.03999999999999
                ],
                [
                    437.952,
                    92.01599999999999
                ],
                [
                    427.96799999999996,
                    88.02000000000001
                ],
                [
                    421.056,
                    87.048
                ],
                [
                    411.072,
                    87.048
                ],
                [
                    397.05600000000004,
                    80.028
                ],
                [
                    392.06399999999996,
                    78.948
                ],
                [
                    369.98400000000004,
                    68.04
                ],
                [
                    364.99199999999996,
                    61.992
                ],
                [
                    363.072,
                    56.052
                ],
                [
                    363.072,
                    39.96
                ],
                [
                    360,
                    30.023999999999997
                ],
                [
                    359.04,
                    15.984
                ],
                [
                    359.04,
                    0
                ],
                [
                    795.072,
                    0
                ],
                [
                    796.9920000000001,
                    6.048
                ],
                [
                    796.9920000000001,
                    10.043999999999999
                ],
                [
                    795.072,
                    23.976000000000003
                ],
                [
                    792,
                    39.96
                ],
                [
                    787.968,
                    54.972
                ],
                [
                    783.936,
                    74.952
                ],
                [
                    782.016,
                    83.05199999999999
                ],
                [
                    776.064,
                    101.952
                ],
                [
                    767.0400000000001,
                    122.04
                ],
                [
                    762.048,
                    138.024
                ],
                [
                    754.944,
                    154.008
                ],
                [
                    749.952,
                    158.976
                ],
                [
                    744.96,
                    169.02
                ],
                [
                    744,
                    177.984
                ],
                [
                    737.0880000000001,
                    182.952
                ],
                [
                    729.024,
                    186.948
                ],
                [
                    725.952,
                    188.028
                ]
            ]
        },
        {
            "ID": "4",
            "CLASS": "유리병",
            "DETAILS": "투명",
            "DAMAGE": "원형",
            "DIRTINESS": "이물질(외부)",
            "COVER": "없음",
            "TRANSPARENCY": "투명",
            "SHAPE": "유리병형",
            "SHAPE_TYPE": "POLYGON",
            "POINTS": [
                [
                    142.07999999999998,
                    326.052
                ],
                [
                    129.024,
                    321.948
                ],
                [
                    110.976,
                    307.044
                ],
                [
                    100.032,
                    288.036
                ],
                [
                    81.98400000000001,
                    242.028
                ],
                [
                    81.024,
                    234.036
                ],
                [
                    76.03200000000001,
                    227.988
                ],
                [
                    76.03200000000001,
                    181.008
                ],
                [
                    78.91199999999999,
                    173.988
                ],
                [
                    89.088,
                    162.972
                ],
                [
                    104.064,
                    154.008
                ],
                [
                    124.03200000000001,
                    149.04000000000002
                ],
                [
                    156.096,
                    146.988
                ],
                [
                    174.912,
                    147.96
                ],
                [
                    192.96,
                    146.016
                ],
                [
                    225.024,
                    137.05200000000002
                ],
                [
                    239.04,
                    128.952
                ],
                [
                    253.056,
                    123.984
                ],
                [
                    294.912,
                    96.98400000000001
                ],
                [
                    307.008,
                    92.01599999999999
                ],
                [
                    320.06399999999996,
                    91.044
                ],
                [
                    322.94399999999996,
                    92.01599999999999
                ],
                [
                    341.952,
                    103.032
                ],
                [
                    361.92,
                    111.996
                ],
                [
                    364.032,
                    115.02
                ],
                [
                    366.912,
                    111.024
                ],
                [
                    387.072,
                    107.02799999999999
                ],
                [
                    388.992,
                    104.00399999999999
                ],
                [
                    398.976,
                    100.008
                ],
                [
                    404.928,
                    93.96
                ],
                [
                    416.064,
                    88.02000000000001
                ],
                [
                    427.96799999999996,
                    88.02000000000001
                ],
                [
                    436.992,
                    91.044
                ],
                [
                    445.05600000000004,
                    100.008
                ],
                [
                    461.952,
                    138.996
                ],
                [
                    465.984,
                    164.05200000000002
                ],
                [
                    465.984,
                    181.008
                ],
                [
                    462.91200000000003,
                    186.948
                ],
                [
                    452.928,
                    193.96800000000002
                ],
                [
                    437.952,
                    200.016
                ],
                [
                    422.01599999999996,
                    200.016
                ],
                [
                    407.03999999999996,
                    207.036
                ],
                [
                    398.976,
                    209.952
                ],
                [
                    388.992,
                    220.96800000000002
                ],
                [
                    384,
                    231.98399999999998
                ],
                [
                    373.056,
                    247.968
                ],
                [
                    365.952,
                    255.95999999999998
                ],
                [
                    360,
                    258.98400000000004
                ],
                [
                    336.96,
                    262.00800000000004
                ],
                [
                    298.944,
                    262.98
                ],
                [
                    292.03200000000004,
                    265.032
                ],
                [
                    273.024,
                    266.00399999999996
                ],
                [
                    244.992,
                    276.048
                ],
                [
                    235.00799999999998,
                    281.01599999999996
                ],
                [
                    211.00799999999998,
                    296.028
                ],
                [
                    201.984,
                    304.02
                ],
                [
                    183.93599999999998,
                    315.036
                ],
                [
                    167.04,
                    323.02799999999996
                ],
                [
                    156.096,
                    326.052
                ]
            ]
        }
    ]
}