{
    "IMAGE_INFO": {
        "FILE_NAME": "1088788@0_07003_220919_P1_T3__0817.jpg",
        "DATE": "2022-10-31 14:58:04",
        "RESOLUTION": "1920 x 1080",
        "IMAGE_PHOTOGRAPHER": "권현진",
        "FOCUS_DISTANCE": "4.5",
        "EXPOSURE_TIME": "1/320",
        "SENSITIVITY_ISO": "10000",
        "PLACE": "성남시재활용센터",
        "REGION_NAME": null,
        "Direction": "0",
        "HEIGHT": "95",
        "DAY/NIGHT": "주간",
        "WEATHER": "맑음",
        "IMAGE_HEIGHT": 1080,
        "IMAGE_WIDTH": 1920,
        "IMAGE_SIZE": "632.0 KB"
    },
    "ANNOTATION_INFO": [
        {
            "ID": "1",
            "CLASS": "유리병",
            "DETAILS": "투명",
            "DAMAGE": "원형",
            "DIRTINESS": "이물질(외부)",
            "COVER": "없음",
            "TRANSPARENCY": "투명",
            "SHAPE": "유리병형",
            "SHAPE_TYPE": "POLYGON",
            "POINTS": [
                [
                    723.072,
                    1018.98
                ],
                [
                    715.008,
                    1018.008
                ],
                [
                    672.9599999999999,
                    994.032
                ],
                [
                    643.968,
                    975.024
                ],
                [
                    633.024,
                    969.948
                ],
                [
                    604.0319999999999,
                    952.992
                ],
                [
                    580.0319999999999,
                    936.0360000000001
                ],
                [
                    576,
                    932.04
                ],
                [
                    571.968,
                    924.048
                ],
                [
                    571.008,
                    918
                ],
                [
                    570.048,
                    872.964
                ],
                [
                    531.072,
                    849.96
                ],
                [
                    526.08,
                    849.96
                ],
                [
                    517.0559999999999,
                    856.98
                ],
                [
                    508.992,
                    856.98
                ],
                [
                    503.04,
                    853.9559999999999
                ],
                [
                    500.92800000000005,
                    844.992
                ],
                [
                    503.04,
                    837.972
                ],
                [
                    508.992,
                    829.0079999999999
                ],
                [
                    510.91200000000003,
                    818.9639999999999
                ],
                [
                    517.0559999999999,
                    813.024
                ],
                [
                    518.976,
                    806.0039999999999
                ],
                [
                    528,
                    790.0200000000001
                ],
                [
                    537.984,
                    779.004
                ],
                [
                    539.904,
                    772.956
                ],
                [
                    542.976,
                    771.012
                ],
                [
                    551.04,
                    759.024
                ],
                [
                    557.952,
                    752.004
                ],
                [
                    561.984,
                    749.952
                ],
                [
                    564.096,
                    749.952
                ],
                [
                    570.048,
                    752.004
                ],
                [
                    575.04,
                    756
                ],
                [
                    576,
                    778.032
                ],
                [
                    590.976,
                    789.048
                ],
                [
                    615.9359999999999,
                    798.0120000000001
                ],
                [
                    628.032,
                    794.016
                ],
                [
                    648,
                    779.976
                ],
                [
                    653.952,
                    779.004
                ],
                [
                    676.032,
                    779.976
                ],
                [
                    684.096,
                    783
                ],
                [
                    716.928,
                    801.0360000000001
                ],
                [
                    723.072,
                    806.976
                ],
                [
                    735.9359999999999,
                    814.9680000000001
                ],
                [
                    747.072,
                    820.044
                ],
                [
                    766.08,
                    832.0319999999999
                ],
                [
                    772.032,
                    833.976
                ],
                [
                    792,
                    848.016
                ],
                [
                    811.008,
                    859.032
                ],
                [
                    815.04,
                    864
                ],
                [
                    815.04,
                    871.992
                ],
                [
                    811.008,
                    883.008
                ],
                [
                    782.976,
                    937.008
                ],
                [
                    779.904,
                    937.98
                ],
                [
                    758.016,
                    976.968
                ],
                [
                    739.9680000000001,
                    999.972
                ],
                [
                    734.016,
                    1010.988
                ],
                [
                    729.024,
                    1015.956
                ],
                [
                    723.072,
                    1018.98
                ]
            ]
        }
    ]
}