{
    "IMAGE_INFO": {
        "FILE_NAME": "1088894@0_07003_220919_P1_T3__0188.jpg",
        "DATE": "2022-10-31 14:57:52",
        "RESOLUTION": "1920 x 1080",
        "IMAGE_PHOTOGRAPHER": "권현진",
        "FOCUS_DISTANCE": "4.5",
        "EXPOSURE_TIME": "1/320",
        "SENSITIVITY_ISO": "10000",
        "PLACE": "성남시재활용센터",
        "REGION_NAME": null,
        "Direction": "0",
        "HEIGHT": "95",
        "DAY/NIGHT": "주간",
        "WEATHER": "맑음",
        "IMAGE_HEIGHT": 1080,
        "IMAGE_WIDTH": 1920,
        "IMAGE_SIZE": "676.4 KB"
    },
    "ANNOTATION_INFO": [
        {
            "ID": "1",
            "CLASS": "유리병",
            "DETAILS": "투명",
            "DAMAGE": "원형",
            "DIRTINESS": "이물질(전체)",
            "COVER": "없음",
            "TRANSPARENCY": "투명",
            "SHAPE": "유리병형",
            "SHAPE_TYPE": "POLYGON",
            "POINTS": [
                [
                    796.032,
                    640.98
                ],
                [
                    785.088,
                    639.0360000000001
                ],
                [
                    768,
                    631.0440000000001
                ],
                [
                    750.912,
                    620.028
                ],
                [
                    734.016,
                    610.956
                ],
                [
                    718.08,
                    597.996
                ],
                [
                    715.008,
                    594
                ],
                [
                    715.008,
                    582.0120000000001
                ],
                [
                    731.904,
                    559.0079999999999
                ],
                [
                    734.016,
                    554.04
                ],
                [
                    734.016,
                    527.04
                ],
                [
                    739.008,
                    516.024
                ],
                [
                    752.064,
                    497.988
                ],
                [
                    777.024,
                    451.97999999999996
                ],
                [
                    785.088,
                    443.016
                ],
                [
                    798.912,
                    420.012
                ],
                [
                    802.9440000000001,
                    409.968
                ],
                [
                    820.992,
                    378.972
                ],
                [
                    854.016,
                    335.01599999999996
                ],
                [
                    865.9200000000001,
                    312.984
                ],
                [
                    875.904,
                    299.05199999999996
                ],
                [
                    878.976,
                    286.956
                ],
                [
                    893.952,
                    253.044
                ],
                [
                    906.048,
                    239.976
                ],
                [
                    910.0799999999999,
                    239.976
                ],
                [
                    911.04,
                    239.004
                ],
                [
                    913.92,
                    239.004
                ],
                [
                    920.0640000000001,
                    239.976
                ],
                [
                    945.024,
                    250.02
                ],
                [
                    955.008,
                    255.95999999999998
                ],
                [
                    963.0720000000001,
                    258.98400000000004
                ],
                [
                    970.9440000000001,
                    263.952
                ],
                [
                    988.992,
                    274.968
                ],
                [
                    1016.064,
                    297
                ],
                [
                    1019.904,
                    304.02
                ],
                [
                    1019.904,
                    315.036
                ],
                [
                    1012.992,
                    328.96799999999996
                ],
                [
                    1007.04,
                    336.96
                ],
                [
                    997.0559999999999,
                    347.00399999999996
                ],
                [
                    979.968,
                    367.956
                ],
                [
                    961.92,
                    401.004
                ],
                [
                    955.9680000000001,
                    416.988
                ],
                [
                    951.936,
                    423.036
                ],
                [
                    950.976,
                    431.028
                ],
                [
                    946.9440000000001,
                    439.99199999999996
                ],
                [
                    936.96,
                    455.976
                ],
                [
                    925.056,
                    470.988
                ],
                [
                    903.936,
                    505.00800000000004
                ],
                [
                    902.976,
                    510.94800000000004
                ],
                [
                    886.08,
                    536.976
                ],
                [
                    862.08,
                    563.976
                ],
                [
                    854.016,
                    578.016
                ],
                [
                    848.064,
                    582.9839999999999
                ],
                [
                    846.912,
                    586.98
                ],
                [
                    828.096,
                    602.964
                ],
                [
                    825.024,
                    606.96
                ],
                [
                    820.0319999999999,
                    624.996
                ],
                [
                    811.008,
                    639.0360000000001
                ]
            ]
        }
    ]
}