{
    "IMAGE_INFO": {
        "FILE_NAME": "1088592@0_07003_220919_P1_T3__0497.jpg",
        "DATE": "2022-10-31 14:57:59",
        "RESOLUTION": "1920 x 1080",
        "IMAGE_PHOTOGRAPHER": "권현진",
        "FOCUS_DISTANCE": "4.5",
        "EXPOSURE_TIME": "1/320",
        "SENSITIVITY_ISO": "10000",
        "PLACE": "성남시재활용센터",
        "REGION_NAME": null,
        "Direction": "0",
        "HEIGHT": "95",
        "DAY/NIGHT": "주간",
        "WEATHER": "맑음",
        "IMAGE_HEIGHT": 1080,
        "IMAGE_WIDTH": 1920,
        "IMAGE_SIZE": "589.2 KB"
    },
    "ANNOTATION_INFO": [
        {
            "ID": "1",
            "CLASS": "유리병",
            "DETAILS": "투명",
            "DAMAGE": "원형",
            "DIRTINESS": "이물질(외부)",
            "COVER": "없음",
            "TRANSPARENCY": "투명",
            "SHAPE": "유리병형",
            "SHAPE_TYPE": "POLYGON",
            "POINTS": [
                [
                    609.024,
                    182.952
                ],
                [
                    605.952,
                    231.98399999999998
                ],
                [
                    605.952,
                    250.02
                ],
                [
                    644.928,
                    250.02
                ],
                [
                    652.9920000000001,
                    246.024
                ],
                [
                    681.984,
                    247.968
                ],
                [
                    705.024,
                    255.95999999999998
                ],
                [
                    720.96,
                    284.04
                ],
                [
                    728.064,
                    300.024
                ],
                [
                    757.0559999999999,
                    303.048
                ],
                [
                    821.952,
                    304.99199999999996
                ],
                [
                    1091.904,
                    308.016
                ],
                [
                    1104.96,
                    292.032
                ],
                [
                    1108.992,
                    269.02799999999996
                ],
                [
                    1110.912,
                    220.96800000000002
                ],
                [
                    1104,
                    180.03599999999997
                ],
                [
                    1099.9679999999998,
                    154.008
                ],
                [
                    1094.0159999999998,
                    143.964
                ],
                [
                    1052.9279999999999,
                    142.992
                ],
                [
                    734.976,
                    131.00400000000002
                ],
                [
                    718.08,
                    141.048
                ],
                [
                    705.024,
                    169.99200000000002
                ],
                [
                    694.0799999999999,
                    180.03599999999997
                ],
                [
                    667.0079999999999,
                    181.98000000000002
                ],
                [
                    653.952,
                    181.98000000000002
                ],
                [
                    649.9200000000001,
                    178.956
                ],
                [
                    628.992,
                    173.01600000000002
                ],
                [
                    610.944,
                    177.012
                ]
            ]
        },
        {
            "ID": "2",
            "CLASS": "유리병",
            "DETAILS": "투명",
            "DAMAGE": "원형",
            "DIRTINESS": "이물질(외부)",
            "COVER": "없음",
            "TRANSPARENCY": "투명",
            "SHAPE": "유리병형",
            "SHAPE_TYPE": "POLYGON",
            "POINTS": [
                [
                    24,
                    362.988
                ],
                [
                    27.072,
                    374.976
                ],
                [
                    62.976000000000006,
                    401.976
                ],
                [
                    94.08,
                    400.032
                ],
                [
                    119.03999999999999,
                    397.008
                ],
                [
                    125.95200000000001,
                    374.976
                ],
                [
                    157.05599999999998,
                    351.97200000000004
                ],
                [
                    193.92000000000002,
                    304.99199999999996
                ],
                [
                    229.056,
                    247.968
                ],
                [
                    272.06399999999996,
                    170.964
                ],
                [
                    270.91200000000003,
                    131.976
                ],
                [
                    248.06400000000002,
                    105.94800000000001
                ],
                [
                    215.04,
                    81.972
                ],
                [
                    163.008,
                    69.984
                ],
                [
                    133.056,
                    114.048
                ],
                [
                    89.088,
                    204.984
                ],
                [
                    76.99199999999999,
                    253.044
                ],
                [
                    62.976000000000006,
                    292.032
                ],
                [
                    46.08,
                    330.048
                ],
                [
                    35.904,
                    351.97200000000004
                ]
            ]
        }
    ]
}