{
    "IMAGE_INFO": {
        "FILE_NAME": "1088568@0_07003_220919_P1_T3__0347.jpg",
        "DATE": "2022-10-31 14:57:55",
        "RESOLUTION": "1920 x 1080",
        "IMAGE_PHOTOGRAPHER": "권현진",
        "FOCUS_DISTANCE": "4.5",
        "EXPOSURE_TIME": "1/320",
        "SENSITIVITY_ISO": "10000",
        "PLACE": "성남시재활용센터",
        "REGION_NAME": null,
        "Direction": "0",
        "HEIGHT": "95",
        "DAY/NIGHT": "주간",
        "WEATHER": "맑음",
        "IMAGE_HEIGHT": 1080,
        "IMAGE_WIDTH": 1920,
        "IMAGE_SIZE": "595.0 KB"
    },
    "ANNOTATION_INFO": [
        {
            "ID": "1",
            "CLASS": "유리병",
            "DETAILS": "투명",
            "DAMAGE": "원형",
            "DIRTINESS": "이물질(외부)",
            "COVER": "없음",
            "TRANSPARENCY": "투명",
            "SHAPE": "유리병형",
            "SHAPE_TYPE": "POLYGON",
            "POINTS": [
                [
                    913.92,
                    346.03200000000004
                ],
                [
                    916.9920000000001,
                    342.036
                ],
                [
                    918.912,
                    339.012
                ],
                [
                    926.016,
                    338.04
                ],
                [
                    936,
                    335.988
                ],
                [
                    954.048,
                    334.04400000000004
                ],
                [
                    975.9359999999999,
                    338.04
                ],
                [
                    980.928,
                    339.98400000000004
                ],
                [
                    983.04,
                    343.008
                ],
                [
                    984.96,
                    347.976
                ],
                [
                    983.9999999999999,
                    351
                ],
                [
                    982.0799999999999,
                    355.968
                ],
                [
                    983.9999999999999,
                    359.964
                ],
                [
                    987.072,
                    365.04
                ],
                [
                    984.96,
                    370.00800000000004
                ],
                [
                    983.04,
                    374.004
                ],
                [
                    984.96,
                    380.05199999999996
                ],
                [
                    985.92,
                    384.048
                ],
                [
                    1001.088,
                    401.004
                ],
                [
                    1016.064,
                    415.044
                ],
                [
                    1027.008,
                    428.976
                ],
                [
                    1037.952,
                    436.968
                ],
                [
                    1038.912,
                    450.036
                ],
                [
                    1042.944,
                    463.96799999999996
                ],
                [
                    1043.904,
                    490.968
                ],
                [
                    1051.008,
                    713.988
                ],
                [
                    1046.976,
                    724.032
                ],
                [
                    1041.0240000000001,
                    736.992
                ],
                [
                    1038.912,
                    743.04
                ],
                [
                    1036.032,
                    756.972
                ],
                [
                    1019.904,
                    760.968
                ],
                [
                    999.936,
                    763.9920000000001
                ],
                [
                    978.0479999999999,
                    764.964
                ],
                [
                    958.08,
                    767.9879999999999
                ],
                [
                    950.0160000000001,
                    763.9920000000001
                ],
                [
                    940.992,
                    759.024
                ],
                [
                    932.928,
                    753.9480000000001
                ],
                [
                    930.048,
                    755.028
                ],
                [
                    922.9440000000001,
                    759.996
                ],
                [
                    918.912,
                    767.9879999999999
                ],
                [
                    893.952,
                    764.964
                ],
                [
                    877.0559999999999,
                    760.968
                ],
                [
                    869.952,
                    748.98
                ],
                [
                    864,
                    729.972
                ],
                [
                    862.08,
                    706.968
                ],
                [
                    855.9359999999999,
                    466.992
                ],
                [
                    858.048,
                    455.976
                ],
                [
                    860.928,
                    444.96
                ],
                [
                    864,
                    439.02
                ],
                [
                    875.904,
                    423.036
                ],
                [
                    892.9920000000001,
                    408.024
                ],
                [
                    907.0079999999999,
                    393.98400000000004
                ],
                [
                    913.92,
                    386.964
                ],
                [
                    916.9920000000001,
                    378.972
                ],
                [
                    916.9920000000001,
                    374.976
                ],
                [
                    915.072,
                    370.98
                ],
                [
                    912.9599999999999,
                    370.00800000000004
                ],
                [
                    913.92,
                    366.984
                ],
                [
                    916.9920000000001,
                    362.988
                ],
                [
                    917.952,
                    358.99199999999996
                ],
                [
                    916.9920000000001,
                    354.024
                ],
                [
                    913.92,
                    353.052
                ]
            ]
        }
    ]
}