{
    "IMAGE_INFO": {
        "FILE_NAME": "1088559@0_07003_220919_P1_T3__0605.jpg",
        "DATE": "2022-10-31 14:58:01",
        "RESOLUTION": "1920 x 1080",
        "IMAGE_PHOTOGRAPHER": "권현진",
        "FOCUS_DISTANCE": "4.5",
        "EXPOSURE_TIME": "1/320",
        "SENSITIVITY_ISO": "10000",
        "PLACE": "성남시재활용센터",
        "REGION_NAME": null,
        "Direction": "0",
        "HEIGHT": "95",
        "DAY/NIGHT": "주간",
        "WEATHER": "맑음",
        "IMAGE_HEIGHT": 1080,
        "IMAGE_WIDTH": 1920,
        "IMAGE_SIZE": "659.9 KB"
    },
    "ANNOTATION_INFO": [
        {
            "ID": "1",
            "CLASS": "유리병",
            "DETAILS": "투명",
            "DAMAGE": "원형",
            "DIRTINESS": "이물질(외부)",
            "COVER": "없음",
            "TRANSPARENCY": "투명",
            "SHAPE": "유리병형",
            "SHAPE_TYPE": "POLYGON",
            "POINTS": [
                [
                    433.92,
                    787.9680000000001
                ],
                [
                    427.008,
                    786.996
                ],
                [
                    422.01599999999996,
                    785.052
                ],
                [
                    414.912,
                    776.952
                ],
                [
                    403.008,
                    739.044
                ],
                [
                    388.992,
                    691.956
                ],
                [
                    384,
                    672.948
                ],
                [
                    378.048,
                    655.0200000000001
                ],
                [
                    383.04,
                    641.952
                ],
                [
                    392.06399999999996,
                    632.0160000000001
                ],
                [
                    417.024,
                    617.004
                ],
                [
                    436.032,
                    608.04
                ],
                [
                    507.072,
                    585.036
                ],
                [
                    521.088,
                    577.044
                ],
                [
                    552,
                    563.976
                ],
                [
                    571.968,
                    556.956
                ],
                [
                    614.016,
                    546.048
                ],
                [
                    639.9359999999999,
                    536.976
                ],
                [
                    657.984,
                    533.952
                ],
                [
                    670.0799999999999,
                    533.952
                ],
                [
                    691.008,
                    537.948
                ],
                [
                    714.048,
                    546.048
                ],
                [
                    733.0559999999999,
                    548.9639999999999
                ],
                [
                    748.992,
                    548.9639999999999
                ],
                [
                    759.9359999999999,
                    547.02
                ],
                [
                    782.976,
                    540.972
                ],
                [
                    790.0799999999999,
                    536.976
                ],
                [
                    798.912,
                    543.024
                ],
                [
                    814.0799999999999,
                    577.044
                ],
                [
                    814.0799999999999,
                    590.976
                ],
                [
                    805.056,
                    597.996
                ],
                [
                    764.928,
                    617.976
                ],
                [
                    748.992,
                    641.952
                ],
                [
                    748.032,
                    651.996
                ],
                [
                    740.928,
                    662.04
                ],
                [
                    740.928,
                    666.0360000000001
                ],
                [
                    728.064,
                    677.052
                ],
                [
                    724.992,
                    682.992
                ],
                [
                    700.0319999999999,
                    699.948
                ],
                [
                    684.096,
                    705.996
                ],
                [
                    656.064,
                    720.036
                ],
                [
                    647.0400000000001,
                    721.98
                ],
                [
                    617.0880000000001,
                    732.024
                ],
                [
                    609.024,
                    736.02
                ],
                [
                    593.088,
                    743.04
                ],
                [
                    584.0640000000001,
                    744.9839999999999
                ],
                [
                    556.032,
                    756.972
                ],
                [
                    528.96,
                    763.9920000000001
                ],
                [
                    513.984,
                    771.012
                ],
                [
                    498.04800000000006,
                    775.008
                ],
                [
                    486.912,
                    775.98
                ],
                [
                    470.976,
                    783
                ],
                [
                    456.96,
                    786.996
                ]
            ]
        }
    ]
}