{
    "IMAGE_INFO": {
        "FILE_NAME": "1088580@0_07003_220919_P1_T3__0337.jpg",
        "DATE": "2022-10-31 14:57:55",
        "RESOLUTION": "1920 x 1080",
        "IMAGE_PHOTOGRAPHER": "권현진",
        "FOCUS_DISTANCE": "4.5",
        "EXPOSURE_TIME": "1/320",
        "SENSITIVITY_ISO": "10000",
        "PLACE": "성남시재활용센터",
        "REGION_NAME": null,
        "Direction": "0",
        "HEIGHT": "95",
        "DAY/NIGHT": "주간",
        "WEATHER": "맑음",
        "IMAGE_HEIGHT": 1080,
        "IMAGE_WIDTH": 1920,
        "IMAGE_SIZE": "587.6 KB"
    },
    "ANNOTATION_INFO": [
        {
            "ID": "1",
            "CLASS": "유리병",
            "DETAILS": "투명",
            "DAMAGE": "원형",
            "DIRTINESS": "이물질(외부)",
            "COVER": "없음",
            "TRANSPARENCY": "투명",
            "SHAPE": "유리병형",
            "SHAPE_TYPE": "POLYGON",
            "POINTS": [
                [
                    1569.0240000000001,
                    747.036
                ],
                [
                    1564.9920000000002,
                    767.0160000000001
                ],
                [
                    1553.088,
                    790.9920000000001
                ],
                [
                    1532.9279999999999,
                    797.04
                ],
                [
                    1510.08,
                    783
                ],
                [
                    1492.032,
                    778.032
                ],
                [
                    1492.992,
                    767.9879999999999
                ],
                [
                    1451.904,
                    759.996
                ],
                [
                    1402.944,
                    770.04
                ],
                [
                    1345.9199999999998,
                    766.0440000000001
                ],
                [
                    1296.96,
                    740.0160000000001
                ],
                [
                    1238.016,
                    702.972
                ],
                [
                    1142.976,
                    628.9920000000001
                ],
                [
                    1119.9360000000001,
                    600.048
                ],
                [
                    1146.048,
                    562.0319999999999
                ],
                [
                    1171.008,
                    521.964
                ],
                [
                    1193.088,
                    492.048
                ],
                [
                    1210.944,
                    488.052
                ],
                [
                    1295.04,
                    509.976
                ],
                [
                    1363.968,
                    547.02
                ],
                [
                    1411.968,
                    570.024
                ],
                [
                    1451.904,
                    632.9879999999999
                ],
                [
                    1468.992,
                    671.0039999999999
                ],
                [
                    1498.944,
                    698.976
                ],
                [
                    1520.0639999999999,
                    705.996
                ],
                [
                    1536,
                    713.988
                ],
                [
                    1550.9759999999999,
                    732.024
                ]
            ]
        },
        {
            "ID": "2",
            "CLASS": "유리병",
            "DETAILS": "투명",
            "DAMAGE": "원형",
            "DIRTINESS": "오염없음",
            "COVER": "없음",
            "TRANSPARENCY": "투명",
            "SHAPE": "유리병형",
            "SHAPE_TYPE": "POLYGON",
            "POINTS": [
                [
                    685.056,
                    628.9920000000001
                ],
                [
                    685.056,
                    652.9680000000001
                ],
                [
                    680.0640000000001,
                    678.9960000000001
                ],
                [
                    671.04,
                    681.048
                ],
                [
                    656.064,
                    677.052
                ],
                [
                    644.928,
                    678.9960000000001
                ],
                [
                    638.016,
                    682.02
                ],
                [
                    637.0559999999999,
                    701.028
                ],
                [
                    561.984,
                    698.976
                ],
                [
                    244.992,
                    686.016
                ],
                [
                    254.016,
                    601.992
                ],
                [
                    254.016,
                    589.032
                ],
                [
                    254.976,
                    578.016
                ],
                [
                    634.944,
                    596.0519999999999
                ],
                [
                    649.9200000000001,
                    624.024
                ]
            ]
        }
    ]
}