{
    "IMAGE_INFO": {
        "FILE_NAME": "1088656@0_07003_220919_P1_T3__1823.jpg",
        "DATE": "2022-10-31 14:58:23",
        "RESOLUTION": "1920 x 1080",
        "IMAGE_PHOTOGRAPHER": "권현진",
        "FOCUS_DISTANCE": "4.5",
        "EXPOSURE_TIME": "1/320",
        "SENSITIVITY_ISO": "10000",
        "PLACE": "성남시재활용센터",
        "REGION_NAME": null,
        "Direction": "0",
        "HEIGHT": "95",
        "DAY/NIGHT": "주간",
        "WEATHER": "맑음",
        "IMAGE_HEIGHT": 1080,
        "IMAGE_WIDTH": 1920,
        "IMAGE_SIZE": "670.4 KB"
    },
    "ANNOTATION_INFO": [
        {
            "ID": "1",
            "CLASS": "유리병",
            "DETAILS": "투명",
            "DAMAGE": "원형",
            "DIRTINESS": "이물질(외부)",
            "COVER": "없음",
            "TRANSPARENCY": "투명",
            "SHAPE": "유리병형",
            "SHAPE_TYPE": "POLYGON",
            "POINTS": [
                [
                    470.976,
                    1080
                ],
                [
                    466.944,
                    1068.012
                ],
                [
                    460.992,
                    1063.0439999999999
                ],
                [
                    456,
                    1045.98
                ],
                [
                    451.968,
                    1041.984
                ],
                [
                    437.952,
                    1011.96
                ],
                [
                    435.072,
                    996.948
                ],
                [
                    422.976,
                    979.992
                ],
                [
                    414.912,
                    948.9960000000001
                ],
                [
                    414.912,
                    941.976
                ],
                [
                    421.056,
                    929.9879999999999
                ],
                [
                    440.06399999999996,
                    906.984
                ],
                [
                    447.93600000000004,
                    902.9879999999999
                ],
                [
                    465.024,
                    898.9920000000001
                ],
                [
                    473.088,
                    894.996
                ],
                [
                    484.032,
                    883.98
                ],
                [
                    494.01599999999996,
                    880.956
                ],
                [
                    514.944,
                    879.012
                ],
                [
                    536.064,
                    868.968
                ],
                [
                    551.04,
                    864
                ],
                [
                    569.088,
                    860.976
                ],
                [
                    599.04,
                    847.044
                ],
                [
                    610.944,
                    844.02
                ],
                [
                    658.944,
                    825.0120000000001
                ],
                [
                    685.056,
                    812.052
                ],
                [
                    692.928,
                    810.972
                ],
                [
                    715.9680000000001,
                    802.008
                ],
                [
                    724.0319999999999,
                    799.956
                ],
                [
                    748.992,
                    799.956
                ],
                [
                    785.088,
                    807.948
                ],
                [
                    820.0319999999999,
                    806.0039999999999
                ],
                [
                    829.056,
                    802.98
                ],
                [
                    840.96,
                    802.008
                ],
                [
                    848.064,
                    798.0120000000001
                ],
                [
                    867.072,
                    794.9879999999999
                ],
                [
                    884.928,
                    790.0200000000001
                ],
                [
                    889.9200000000001,
                    786.996
                ],
                [
                    896.064,
                    786.024
                ],
                [
                    902.016,
                    782.028
                ],
                [
                    912,
                    780.948
                ],
                [
                    921.024,
                    778.032
                ],
                [
                    931.008,
                    771.984
                ],
                [
                    955.9680000000001,
                    762.048
                ],
                [
                    970.9440000000001,
                    758.052
                ],
                [
                    979.968,
                    758.052
                ],
                [
                    998.0160000000001,
                    790.9920000000001
                ],
                [
                    1004.928,
                    813.9960000000001
                ],
                [
                    1002.048,
                    821.9879999999999
                ],
                [
                    974.9760000000001,
                    837
                ],
                [
                    948.096,
                    845.9639999999999
                ],
                [
                    916.9920000000001,
                    863.028
                ],
                [
                    902.016,
                    867.024
                ],
                [
                    889.9200000000001,
                    874.044
                ],
                [
                    881.088,
                    883.008
                ],
                [
                    878.976,
                    887.976
                ],
                [
                    873.024,
                    891
                ],
                [
                    864,
                    891
                ],
                [
                    855.9359999999999,
                    893.052
                ],
                [
                    848.064,
                    898.9920000000001
                ],
                [
                    830.976,
                    906.984
                ],
                [
                    810.048,
                    945
                ],
                [
                    801.984,
                    951.048
                ],
                [
                    798.912,
                    957.96
                ],
                [
                    787.0079999999999,
                    968.004
                ],
                [
                    778.944,
                    972.972
                ],
                [
                    739.008,
                    986.0400000000001
                ],
                [
                    714.048,
                    998.028
                ],
                [
                    708.096,
                    1002.024
                ],
                [
                    705.024,
                    1015.956
                ],
                [
                    692.928,
                    1014.9839999999999
                ],
                [
                    699.072,
                    1010.988
                ],
                [
                    695.04,
                    1009.044
                ],
                [
                    684.096,
                    1010.988
                ],
                [
                    676.032,
                    1014.9839999999999
                ],
                [
                    676.032,
                    1018.98
                ],
                [
                    684.096,
                    1019.952
                ],
                [
                    685.056,
                    1026
                ],
                [
                    667.968,
                    1037.988
                ],
                [
                    632.064,
                    1044.036
                ],
                [
                    614.976,
                    1053
                ],
                [
                    604.992,
                    1056.0240000000001
                ],
                [
                    591.936,
                    1056.0240000000001
                ],
                [
                    590.0160000000001,
                    1052.028
                ],
                [
                    581.952,
                    1052.028
                ],
                [
                    580.0319999999999,
                    1053.972
                ],
                [
                    569.088,
                    1056.996
                ],
                [
                    565.056,
                    1065.96
                ],
                [
                    547.968,
                    1067.04
                ],
                [
                    533.952,
                    1069.9560000000001
                ],
                [
                    526.08,
                    1080
                ],
                [
                    470.976,
                    1080
                ]
            ]
        },
        {
            "ID": "2",
            "CLASS": "유리병",
            "DETAILS": "투명",
            "DAMAGE": "원형",
            "DIRTINESS": "이물질(외부)",
            "COVER": "없음",
            "TRANSPARENCY": "투명",
            "SHAPE": "유리병형",
            "SHAPE_TYPE": "POLYGON",
            "POINTS": [
                [
                    955.008,
                    1080
                ],
                [
                    954.048,
                    1073.952
                ],
                [
                    950.976,
                    1071.036
                ],
                [
                    949.056,
                    1063.0439999999999
                ],
                [
                    940.992,
                    1048.0320000000002
                ],
                [
                    942.9119999999999,
                    1041.984
                ],
                [
                    937.92,
                    1033.992
                ],
                [
                    937.92,
                    1026
                ],
                [
                    940.992,
                    1022.004
                ],
                [
                    951.936,
                    1014.012
                ],
                [
                    956.928,
                    1007.964
                ],
                [
                    958.08,
                    1002.996
                ],
                [
                    971.904,
                    1002.024
                ],
                [
                    979.008,
                    999
                ],
                [
                    993.9840000000002,
                    988.9559999999999
                ],
                [
                    999.936,
                    978.048
                ],
                [
                    1004.928,
                    974.052
                ],
                [
                    1004.928,
                    959.04
                ],
                [
                    1017.0239999999999,
                    949.9680000000001
                ],
                [
                    1030.08,
                    944.028
                ],
                [
                    1040.0639999999999,
                    932.04
                ],
                [
                    1068.096,
                    917.028
                ],
                [
                    1089.984,
                    902.0160000000001
                ],
                [
                    1127.04,
                    882.036
                ],
                [
                    1160.0639999999999,
                    861.948
                ],
                [
                    1163.904,
                    857.952
                ],
                [
                    1180.992,
                    849.96
                ],
                [
                    1191.9360000000001,
                    841.968
                ],
                [
                    1210.944,
                    832.0319999999999
                ],
                [
                    1219.9679999999998,
                    824.04
                ],
                [
                    1238.016,
                    813.9960000000001
                ],
                [
                    1244.9279999999999,
                    812.052
                ],
                [
                    1248,
                    812.052
                ],
                [
                    1266.048,
                    816.048
                ],
                [
                    1273.92,
                    820.044
                ],
                [
                    1291.008,
                    841.968
                ],
                [
                    1310.9759999999999,
                    871.992
                ],
                [
                    1319.0400000000002,
                    890.028
                ],
                [
                    1328.0639999999999,
                    914.976
                ],
                [
                    1326.912,
                    929.9879999999999
                ],
                [
                    1315.968,
                    941.976
                ],
                [
                    1305.024,
                    951.048
                ],
                [
                    1278.912,
                    968.004
                ],
                [
                    1276.992,
                    968.004
                ],
                [
                    1256.064,
                    983.016
                ],
                [
                    1208.0639999999999,
                    1010.988
                ],
                [
                    1198.08,
                    1014.9839999999999
                ],
                [
                    1182.912,
                    1026
                ],
                [
                    1150.08,
                    1045.008
                ],
                [
                    1143.936,
                    1046.952
                ],
                [
                    1128.96,
                    1057.968
                ],
                [
                    1104,
                    1064.988
                ],
                [
                    1094.976,
                    1067.04
                ],
                [
                    1080.9599999999998,
                    1064.988
                ],
                [
                    1070.9759999999999,
                    1064.0159999999998
                ],
                [
                    1051.968,
                    1068.984
                ],
                [
                    1030.08,
                    1080
                ]
            ]
        }
    ]
}