{
    "IMAGE_INFO": {
        "FILE_NAME": "1088548@0_07003_220919_P1_T3__1137.jpg",
        "DATE": "2022-10-31 14:58:10",
        "RESOLUTION": "1920 x 1080",
        "IMAGE_PHOTOGRAPHER": "권현진",
        "FOCUS_DISTANCE": "4.5",
        "EXPOSURE_TIME": "1/320",
        "SENSITIVITY_ISO": "10000",
        "PLACE": "성남시재활용센터",
        "REGION_NAME": null,
        "Direction": "0",
        "HEIGHT": "95",
        "DAY/NIGHT": "주간",
        "WEATHER": "맑음",
        "IMAGE_HEIGHT": 1080,
        "IMAGE_WIDTH": 1920,
        "IMAGE_SIZE": "669.4 KB"
    },
    "ANNOTATION_INFO": [
        {
            "ID": "1",
            "CLASS": "유리병",
            "DETAILS": "투명",
            "DAMAGE": "원형",
            "DIRTINESS": "오염없음",
            "COVER": "없음",
            "TRANSPARENCY": "투명",
            "SHAPE": "유리병형",
            "SHAPE_TYPE": "POLYGON",
            "POINTS": [
                [
                    801.984,
                    509.004
                ],
                [
                    740.928,
                    508.032
                ],
                [
                    726.912,
                    500.04
                ],
                [
                    710.976,
                    470.01599999999996
                ],
                [
                    709.056,
                    458.02799999999996
                ],
                [
                    710.976,
                    443.016
                ],
                [
                    705.984,
                    416.988
                ],
                [
                    709.056,
                    378.972
                ],
                [
                    705.984,
                    378
                ],
                [
                    705.984,
                    359.964
                ],
                [
                    710.976,
                    347.976
                ],
                [
                    710.976,
                    331.992
                ],
                [
                    724.992,
                    299.05199999999996
                ],
                [
                    729.9839999999999,
                    294.94800000000004
                ],
                [
                    735.9359999999999,
                    293.976
                ],
                [
                    740.928,
                    293.976
                ],
                [
                    753.984,
                    296.028
                ],
                [
                    777.984,
                    296.028
                ],
                [
                    796.9920000000001,
                    297.972
                ],
                [
                    844.992,
                    297.972
                ],
                [
                    888,
                    303.048
                ],
                [
                    951.936,
                    301.968
                ],
                [
                    999.936,
                    305.964
                ],
                [
                    1022.016,
                    304.02
                ],
                [
                    1051.008,
                    304.02
                ],
                [
                    1066.944,
                    300.996
                ],
                [
                    1083.0720000000001,
                    300.996
                ],
                [
                    1102.08,
                    304.02
                ],
                [
                    1113.024,
                    300.024
                ],
                [
                    1123.008,
                    299.05199999999996
                ],
                [
                    1137.024,
                    300.024
                ],
                [
                    1180.0320000000002,
                    297.972
                ],
                [
                    1241.088,
                    297.972
                ],
                [
                    1253.952,
                    300.024
                ],
                [
                    1262.016,
                    305.964
                ],
                [
                    1278.912,
                    313.956
                ],
                [
                    1289.088,
                    326.052
                ],
                [
                    1296.96,
                    330.048
                ],
                [
                    1313.088,
                    346.03200000000004
                ],
                [
                    1331.904,
                    353.052
                ],
                [
                    1339.9679999999998,
                    354.996
                ],
                [
                    1377.984,
                    354.996
                ],
                [
                    1434.048,
                    363.96000000000004
                ],
                [
                    1458.048,
                    363.96000000000004
                ],
                [
                    1478.9759999999999,
                    362.016
                ],
                [
                    1508.928,
                    363.96000000000004
                ],
                [
                    1511.04,
                    366.012
                ],
                [
                    1513.92,
                    421.956
                ],
                [
                    1508.928,
                    452.952
                ],
                [
                    1506.048,
                    455.004
                ],
                [
                    1492.992,
                    456.948
                ],
                [
                    1476.096,
                    456.948
                ],
                [
                    1465.9199999999998,
                    455.004
                ],
                [
                    1434.048,
                    455.004
                ],
                [
                    1398.912,
                    458.02799999999996
                ],
                [
                    1353.024,
                    459
                ],
                [
                    1339.9679999999998,
                    461.052
                ],
                [
                    1315.968,
                    470.988
                ],
                [
                    1276.032,
                    501.012
                ],
                [
                    1265.0880000000002,
                    505.98
                ],
                [
                    1253.952,
                    508.032
                ],
                [
                    1204.032,
                    508.032
                ],
                [
                    1080.9599999999998,
                    501.984
                ],
                [
                    1011.0719999999999,
                    502.956
                ],
                [
                    987.072,
                    500.04
                ],
                [
                    931.008,
                    497.016
                ],
                [
                    855.9359999999999,
                    496.044
                ],
                [
                    829.056,
                    498.96000000000004
                ],
                [
                    801.984,
                    509.004
                ]
            ]
        },
        {
            "ID": "2",
            "CLASS": "유리병",
            "DETAILS": "투명",
            "DAMAGE": "원형",
            "DIRTINESS": "이물질(외부)",
            "COVER": "없음",
            "TRANSPARENCY": "투명",
            "SHAPE": "유리병형",
            "SHAPE_TYPE": "POLYGON",
            "POINTS": [
                [
                    249.02400000000003,
                    600.048
                ],
                [
                    268.032,
                    600.048
                ],
                [
                    273.984,
                    597.024
                ],
                [
                    288,
                    596.0519999999999
                ],
                [
                    312,
                    587.952
                ],
                [
                    377.08799999999997,
                    559.9799999999999
                ],
                [
                    398.976,
                    543.9960000000001
                ],
                [
                    398.976,
                    535.032
                ],
                [
                    393.024,
                    516.996
                ],
                [
                    344.064,
                    381.024
                ],
                [
                    259.008,
                    215.028
                ],
                [
                    196.03199999999998,
                    166.968
                ],
                [
                    174.912,
                    119.016
                ],
                [
                    161.088,
                    80.028
                ],
                [
                    147.072,
                    58.968
                ],
                [
                    115.968,
                    62.964
                ],
                [
                    96,
                    69.984
                ],
                [
                    83.90400000000001,
                    84.02399999999999
                ],
                [
                    100.032,
                    123.012
                ],
                [
                    124.992,
                    196.01999999999998
                ],
                [
                    118.08,
                    224.96400000000003
                ],
                [
                    113.08800000000001,
                    266.976
                ],
                [
                    121.92,
                    312.984
                ],
                [
                    139.008,
                    370.00800000000004
                ],
                [
                    174.912,
                    447.012
                ],
                [
                    220.992,
                    550.044
                ],
                [
                    236.928,
                    590.976
                ]
            ]
        }
    ]
}