{
    "IMAGE_INFO": {
        "FILE_NAME": "1088684@0_07003_220919_P1_T3__1893.jpg",
        "DATE": "2022-10-31 14:58:25",
        "RESOLUTION": "1920 x 1080",
        "IMAGE_PHOTOGRAPHER": "권현진",
        "FOCUS_DISTANCE": "4.5",
        "EXPOSURE_TIME": "1/320",
        "SENSITIVITY_ISO": "10000",
        "PLACE": "성남시재활용센터",
        "REGION_NAME": null,
        "Direction": "0",
        "HEIGHT": "95",
        "DAY/NIGHT": "주간",
        "WEATHER": "맑음",
        "IMAGE_HEIGHT": 1080,
        "IMAGE_WIDTH": 1920,
        "IMAGE_SIZE": "673.9 KB"
    },
    "ANNOTATION_INFO": [
        {
            "ID": "1",
            "CLASS": "유리병",
            "DETAILS": "투명",
            "DAMAGE": "파손",
            "DIRTINESS": "이물질(외부)",
            "COVER": "없음",
            "TRANSPARENCY": "불투명",
            "SHAPE": "유리병형",
            "SHAPE_TYPE": "POLYGON",
            "POINTS": [
                [
                    715.9680000000001,
                    861.948
                ],
                [
                    711.936,
                    860.976
                ],
                [
                    705.984,
                    859.032
                ],
                [
                    699.072,
                    849.96
                ],
                [
                    681.984,
                    809.028
                ],
                [
                    668.928,
                    771.012
                ],
                [
                    657.984,
                    736.02
                ],
                [
                    652.9920000000001,
                    709.992
                ],
                [
                    638.016,
                    663.984
                ],
                [
                    628.032,
                    628.02
                ],
                [
                    624,
                    613.008
                ],
                [
                    615.9359999999999,
                    586.98
                ],
                [
                    610.944,
                    571.968
                ],
                [
                    601.92,
                    537.948
                ],
                [
                    601.92,
                    524.0160000000001
                ],
                [
                    609.9839999999999,
                    513.972
                ],
                [
                    620.928,
                    508.032
                ],
                [
                    658.944,
                    494.964
                ],
                [
                    667.0079999999999,
                    490.968
                ],
                [
                    677.952,
                    478.008
                ],
                [
                    687.936,
                    446.03999999999996
                ],
                [
                    695.04,
                    444.96
                ],
                [
                    719.04,
                    455.004
                ],
                [
                    726.912,
                    455.004
                ],
                [
                    729.9839999999999,
                    454.032
                ],
                [
                    731.904,
                    451.00800000000004
                ],
                [
                    748.992,
                    446.03999999999996
                ],
                [
                    758.016,
                    446.03999999999996
                ],
                [
                    758.976,
                    455.976
                ],
                [
                    767.0400000000001,
                    474.98400000000004
                ],
                [
                    782.016,
                    517.9680000000001
                ],
                [
                    790.0799999999999,
                    547.02
                ],
                [
                    810.048,
                    608.04
                ],
                [
                    816,
                    625.968
                ],
                [
                    820.0319999999999,
                    640.008
                ],
                [
                    830.976,
                    675
                ],
                [
                    838.08,
                    698.004
                ],
                [
                    840.96,
                    709.992
                ],
                [
                    850.944,
                    737.964
                ],
                [
                    858.048,
                    759.024
                ],
                [
                    863.04,
                    775.98
                ],
                [
                    868.992,
                    798.984
                ],
                [
                    869.952,
                    806.976
                ],
                [
                    868.032,
                    813.024
                ],
                [
                    864.96,
                    817.992
                ],
                [
                    849.024,
                    824.04
                ],
                [
                    830.0160000000001,
                    829.9799999999999
                ],
                [
                    812.928,
                    834.948
                ],
                [
                    796.032,
                    840.024
                ],
                [
                    787.968,
                    843.048
                ],
                [
                    779.904,
                    844.992
                ],
                [
                    763.968,
                    849.96
                ],
                [
                    744.96,
                    855.036
                ],
                [
                    721.92,
                    863.028
                ]
            ]
        },
        {
            "ID": "2",
            "CLASS": "유리병",
            "DETAILS": "투명",
            "DAMAGE": "원형",
            "DIRTINESS": "이물질(외부)",
            "COVER": "없음",
            "TRANSPARENCY": "투명",
            "SHAPE": "유리병형",
            "SHAPE_TYPE": "POLYGON",
            "POINTS": [
                [
                    1435.0079999999998,
                    753.9480000000001
                ],
                [
                    1422.912,
                    749.952
                ],
                [
                    1406.976,
                    741.96
                ],
                [
                    1403.904,
                    735.048
                ],
                [
                    1390.08,
                    729.972
                ],
                [
                    1361.088,
                    716.0400000000001
                ],
                [
                    1311.9360000000001,
                    714.96
                ],
                [
                    1275.0720000000001,
                    710.9639999999999
                ],
                [
                    1256.064,
                    705.996
                ],
                [
                    1236.096,
                    698.004
                ],
                [
                    1204.032,
                    678.9960000000001
                ],
                [
                    1185.024,
                    668.952
                ],
                [
                    1170.048,
                    659.016
                ],
                [
                    1118.9759999999999,
                    631.0440000000001
                ],
                [
                    1095.936,
                    621
                ],
                [
                    1084.9920000000002,
                    613.008
                ],
                [
                    1066.944,
                    601.992
                ],
                [
                    1046.0159999999998,
                    590.976
                ],
                [
                    1019.904,
                    575.9639999999999
                ],
                [
                    984.96,
                    555.984
                ],
                [
                    959.04,
                    543.024
                ],
                [
                    932.928,
                    533.952
                ],
                [
                    924.096,
                    520.992
                ],
                [
                    925.056,
                    498.96000000000004
                ],
                [
                    939.072,
                    458.02799999999996
                ],
                [
                    961.92,
                    416.01599999999996
                ],
                [
                    974.016,
                    401.976
                ],
                [
                    989.9519999999999,
                    392.03999999999996
                ],
                [
                    1003.0079999999999,
                    389.988
                ],
                [
                    1014.9119999999999,
                    394.956
                ],
                [
                    1023.936,
                    401.976
                ],
                [
                    1065.9840000000002,
                    425.952
                ],
                [
                    1083.0720000000001,
                    435.996
                ],
                [
                    1127.04,
                    459.972
                ],
                [
                    1152.96,
                    473.04
                ],
                [
                    1185.024,
                    489.996
                ],
                [
                    1217.088,
                    505.00800000000004
                ],
                [
                    1242.048,
                    516.996
                ],
                [
                    1263.936,
                    529.956
                ],
                [
                    1315.968,
                    555.984
                ],
                [
                    1338.048,
                    571.968
                ],
                [
                    1364.9279999999999,
                    601.992
                ],
                [
                    1377.024,
                    618.9480000000001
                ],
                [
                    1390.08,
                    643.032
                ],
                [
                    1401.984,
                    651.996
                ],
                [
                    1417.92,
                    663.0120000000001
                ],
                [
                    1430.9759999999999,
                    668.952
                ],
                [
                    1436.9279999999999,
                    672.948
                ],
                [
                    1443.0720000000001,
                    668.952
                ],
                [
                    1459.9679999999998,
                    682.02
                ],
                [
                    1474.944,
                    693.0360000000001
                ],
                [
                    1473.9840000000002,
                    709.02
                ],
                [
                    1462.08,
                    729.972
                ],
                [
                    1448.0639999999999,
                    752.976
                ]
            ]
        }
    ]
}