{
    "IMAGE_INFO": {
        "FILE_NAME": "1088862@0_07003_220919_P1_T3__1226.jpg",
        "DATE": "2022-10-31 14:58:12",
        "RESOLUTION": "1920 x 1080",
        "IMAGE_PHOTOGRAPHER": "권현진",
        "FOCUS_DISTANCE": "4.5",
        "EXPOSURE_TIME": "1/320",
        "SENSITIVITY_ISO": "10000",
        "PLACE": "성남시재활용센터",
        "REGION_NAME": null,
        "Direction": "0",
        "HEIGHT": "95",
        "DAY/NIGHT": "주간",
        "WEATHER": "맑음",
        "IMAGE_HEIGHT": 1080,
        "IMAGE_WIDTH": 1920,
        "IMAGE_SIZE": "702.8 KB"
    },
    "ANNOTATION_INFO": [
        {
            "ID": "1",
            "CLASS": "유리병",
            "DETAILS": "투명",
            "DAMAGE": "원형",
            "DIRTINESS": "이물질(외부)",
            "COVER": "없음",
            "TRANSPARENCY": "투명",
            "SHAPE": "유리병형",
            "SHAPE_TYPE": "POLYGON",
            "POINTS": [
                [
                    579.072,
                    559.0079999999999
                ],
                [
                    562.9440000000001,
                    569.052
                ],
                [
                    553.92,
                    590.004
                ],
                [
                    539.904,
                    617.004
                ],
                [
                    422.01599999999996,
                    740.0160000000001
                ],
                [
                    368.064,
                    816.048
                ],
                [
                    315.072,
                    866.0519999999999
                ],
                [
                    176.06400000000002,
                    1072.98
                ],
                [
                    180.096,
                    1079.028
                ],
                [
                    383.04,
                    1079.028
                ],
                [
                    408,
                    1041.012
                ],
                [
                    436.992,
                    992.952
                ],
                [
                    475.00800000000004,
                    929.9879999999999
                ],
                [
                    503.04,
                    875.988
                ],
                [
                    550.0799999999999,
                    755.028
                ],
                [
                    604.0319999999999,
                    628.02
                ],
                [
                    609.9839999999999,
                    625.968
                ],
                [
                    614.976,
                    620.028
                ],
                [
                    615.9359999999999,
                    613.98
                ],
                [
                    617.0880000000001,
                    609.9839999999999
                ],
                [
                    619.008,
                    605.988
                ],
                [
                    624,
                    601.992
                ],
                [
                    625.9200000000001,
                    591.948
                ]
            ]
        },
        {
            "ID": "2",
            "CLASS": "유리병",
            "DETAILS": "투명",
            "DAMAGE": "원형",
            "DIRTINESS": "오염없음",
            "COVER": "없음",
            "TRANSPARENCY": "투명",
            "SHAPE": "유리병형",
            "SHAPE_TYPE": "POLYGON",
            "POINTS": [
                [
                    354.048,
                    96.98400000000001
                ],
                [
                    377.08799999999997,
                    111.996
                ],
                [
                    401.088,
                    189.972
                ],
                [
                    393.024,
                    200.016
                ],
                [
                    408,
                    208.00799999999998
                ],
                [
                    421.056,
                    266.976
                ],
                [
                    518.976,
                    613.98
                ],
                [
                    512.064,
                    618.9480000000001
                ],
                [
                    515.904,
                    632.0160000000001
                ],
                [
                    484.99199999999996,
                    650.052
                ],
                [
                    438.912,
                    662.04
                ],
                [
                    397.05600000000004,
                    663.984
                ],
                [
                    385.92,
                    651.996
                ],
                [
                    279.93600000000004,
                    243.97199999999998
                ],
                [
                    283.968,
                    227.988
                ],
                [
                    278.976,
                    220.96800000000002
                ],
                [
                    254.976,
                    135.972
                ],
                [
                    258.048,
                    126.036
                ]
            ]
        }
    ]
}