{
    "IMAGE_INFO": {
        "FILE_NAME": "1088962@0_07003_220919_P1_T3__0403.jpg",
        "DATE": "2022-10-31 14:57:57",
        "RESOLUTION": "1920 x 1080",
        "IMAGE_PHOTOGRAPHER": "권현진",
        "FOCUS_DISTANCE": "4.5",
        "EXPOSURE_TIME": "1/320",
        "SENSITIVITY_ISO": "10000",
        "PLACE": "성남시재활용센터",
        "REGION_NAME": null,
        "Direction": "0",
        "HEIGHT": "95",
        "DAY/NIGHT": "주간",
        "WEATHER": "맑음",
        "IMAGE_HEIGHT": 1080,
        "IMAGE_WIDTH": 1920,
        "IMAGE_SIZE": "594.7 KB"
    },
    "ANNOTATION_INFO": [
        {
            "ID": "1",
            "CLASS": "유리병",
            "DETAILS": "투명",
            "DAMAGE": "원형",
            "DIRTINESS": "이물질(외부)",
            "COVER": "없음",
            "TRANSPARENCY": "투명",
            "SHAPE": "유리병형",
            "SHAPE_TYPE": "POLYGON",
            "POINTS": [
                [
                    604.992,
                    821.016
                ],
                [
                    596.928,
                    814.9680000000001
                ],
                [
                    582.9119999999999,
                    821.016
                ],
                [
                    586.9440000000001,
                    845.9639999999999
                ],
                [
                    594.048,
                    871.02
                ],
                [
                    605.952,
                    898.02
                ],
                [
                    619.9680000000001,
                    918
                ],
                [
                    633.984,
                    918.972
                ],
                [
                    643.0079999999999,
                    910.008
                ],
                [
                    643.0079999999999,
                    906.012
                ],
                [
                    670.0799999999999,
                    894.996
                ],
                [
                    694.0799999999999,
                    887.976
                ],
                [
                    731.904,
                    887.976
                ],
                [
                    758.016,
                    879.9839999999999
                ],
                [
                    978.0479999999999,
                    790.0200000000001
                ],
                [
                    987.072,
                    776.952
                ],
                [
                    979.968,
                    753.9480000000001
                ],
                [
                    956.928,
                    708.048
                ],
                [
                    945.984,
                    691.956
                ],
                [
                    930.048,
                    671.976
                ],
                [
                    916.9920000000001,
                    659.9879999999999
                ],
                [
                    888,
                    672.948
                ],
                [
                    743.04,
                    732.024
                ],
                [
                    694.0799999999999,
                    752.976
                ],
                [
                    689.088,
                    779.004
                ],
                [
                    666.048,
                    794.9879999999999
                ],
                [
                    657.984,
                    805.0319999999999
                ]
            ]
        }
    ]
}