{
    "IMAGE_INFO": {
        "FILE_NAME": "1088964@0_07003_220919_P1_T3__0144.jpg",
        "DATE": "2022-10-31 14:57:51",
        "RESOLUTION": "1920 x 1080",
        "IMAGE_PHOTOGRAPHER": "권현진",
        "FOCUS_DISTANCE": "4.5",
        "EXPOSURE_TIME": "1/320",
        "SENSITIVITY_ISO": "10000",
        "PLACE": "성남시재활용센터",
        "REGION_NAME": null,
        "Direction": "0",
        "HEIGHT": "95",
        "DAY/NIGHT": "주간",
        "WEATHER": "맑음",
        "IMAGE_HEIGHT": 1080,
        "IMAGE_WIDTH": 1920,
        "IMAGE_SIZE": "683.2 KB"
    },
    "ANNOTATION_INFO": [
        {
            "ID": "1",
            "CLASS": "유리병",
            "DETAILS": "투명",
            "DAMAGE": "원형",
            "DIRTINESS": "이물질(전체)",
            "COVER": "없음",
            "TRANSPARENCY": "투명",
            "SHAPE": "유리병형",
            "SHAPE_TYPE": "POLYGON",
            "POINTS": [
                [
                    421.056,
                    366.012
                ],
                [
                    457.91999999999996,
                    393.98400000000004
                ],
                [
                    476.928,
                    428.976
                ],
                [
                    510.91200000000003,
                    411.048
                ],
                [
                    534.912,
                    388.044
                ],
                [
                    547.0079999999999,
                    374.976
                ],
                [
                    562.9440000000001,
                    354.024
                ],
                [
                    595.9680000000001,
                    330.048
                ],
                [
                    622.08,
                    326.052
                ],
                [
                    656.064,
                    308.988
                ],
                [
                    700.992,
                    284.04
                ],
                [
                    729.9839999999999,
                    257.03999999999996
                ],
                [
                    829.056,
                    166.968
                ],
                [
                    883.968,
                    120.96000000000001
                ],
                [
                    891.072,
                    96.012
                ],
                [
                    848.064,
                    38.016000000000005
                ],
                [
                    809.088,
                    8.964
                ],
                [
                    766.08,
                    39.96
                ],
                [
                    566.016,
                    215.028
                ],
                [
                    547.0079999999999,
                    246.99599999999998
                ],
                [
                    538.944,
                    267.948
                ],
                [
                    494.97599999999994,
                    308.988
                ],
                [
                    488.06399999999996,
                    305.964
                ],
                [
                    476.928,
                    316.00800000000004
                ],
                [
                    451.968,
                    335.988
                ]
            ]
        },
        {
            "ID": "2",
            "CLASS": "유리병",
            "DETAILS": "투명",
            "DAMAGE": "원형",
            "DIRTINESS": "이물질(전체)",
            "COVER": "없음",
            "TRANSPARENCY": "투명",
            "SHAPE": "유리병형",
            "SHAPE_TYPE": "POLYGON",
            "POINTS": [
                [
                    1104.96,
                    0
                ],
                [
                    1076.9279999999999,
                    196.01999999999998
                ],
                [
                    1081.92,
                    222.048
                ],
                [
                    1102.08,
                    266.976
                ],
                [
                    1100.928,
                    311.03999999999996
                ],
                [
                    1095.936,
                    350.028
                ],
                [
                    1088.0639999999999,
                    371.952
                ],
                [
                    1084.9920000000002,
                    415.044
                ],
                [
                    1100.928,
                    424.008
                ],
                [
                    1126.08,
                    421.956
                ],
                [
                    1138.944,
                    421.956
                ],
                [
                    1147.008,
                    421.956
                ],
                [
                    1155.0720000000001,
                    397.98
                ],
                [
                    1163.904,
                    363.96000000000004
                ],
                [
                    1163.904,
                    340.95599999999996
                ],
                [
                    1176.96,
                    282.96000000000004
                ],
                [
                    1191.9360000000001,
                    263.952
                ],
                [
                    1218.048,
                    219.024
                ],
                [
                    1229.952,
                    162
                ],
                [
                    1244.9279999999999,
                    57.024
                ],
                [
                    1252.032,
                    2.052
                ]
            ]
        },
        {
            "ID": "3",
            "CLASS": "유리병",
            "DETAILS": "투명",
            "DAMAGE": "원형",
            "DIRTINESS": "이물질(외부)",
            "COVER": "없음",
            "TRANSPARENCY": "투명",
            "SHAPE": "유리병형",
            "SHAPE_TYPE": "POLYGON",
            "POINTS": [
                [
                    406.08,
                    339.98400000000004
                ],
                [
                    384,
                    320.004
                ],
                [
                    364.032,
                    300.024
                ],
                [
                    361.92,
                    292.032
                ],
                [
                    370.944,
                    281.01599999999996
                ],
                [
                    382.08000000000004,
                    269.02799999999996
                ],
                [
                    390.91200000000003,
                    265.032
                ],
                [
                    408,
                    250.02
                ],
                [
                    444.096,
                    200.988
                ],
                [
                    474.048,
                    157.032
                ],
                [
                    493.0559999999999,
                    138.996
                ],
                [
                    522.048,
                    112.968
                ],
                [
                    594.048,
                    46.007999999999996
                ],
                [
                    609.9839999999999,
                    35.964000000000006
                ],
                [
                    629.952,
                    34.992
                ],
                [
                    685.056,
                    96.012
                ],
                [
                    678.912,
                    107.02799999999999
                ],
                [
                    643.0079999999999,
                    138.024
                ],
                [
                    590.0160000000001,
                    181.008
                ],
                [
                    566.976,
                    200.988
                ],
                [
                    547.0079999999999,
                    231.98399999999998
                ],
                [
                    537.984,
                    242.028
                ],
                [
                    446.016,
                    300.024
                ],
                [
                    432.96000000000004,
                    312.984
                ],
                [
                    431.04,
                    321.948
                ]
            ]
        }
    ]
}