{
    "IMAGE_INFO": {
        "FILE_NAME": "1088561@0_07003_220919_P1_T3__0460.jpg",
        "DATE": "2022-10-31 14:57:58",
        "RESOLUTION": "1920 x 1080",
        "IMAGE_PHOTOGRAPHER": "권현진",
        "FOCUS_DISTANCE": "4.5",
        "EXPOSURE_TIME": "1/320",
        "SENSITIVITY_ISO": "10000",
        "PLACE": "성남시재활용센터",
        "REGION_NAME": null,
        "Direction": "0",
        "HEIGHT": "95",
        "DAY/NIGHT": "주간",
        "WEATHER": "맑음",
        "IMAGE_HEIGHT": 1080,
        "IMAGE_WIDTH": 1920,
        "IMAGE_SIZE": "583.1 KB"
    },
    "ANNOTATION_INFO": [
        {
            "ID": "1",
            "CLASS": "유리병",
            "DETAILS": "투명",
            "DAMAGE": "파손",
            "DIRTINESS": "이물질(외부)",
            "COVER": "없음",
            "TRANSPARENCY": "투명",
            "SHAPE": "유리병형",
            "SHAPE_TYPE": "POLYGON",
            "POINTS": [
                [
                    431.04,
                    774.0360000000001
                ],
                [
                    420.096,
                    771.012
                ],
                [
                    412.992,
                    766.0440000000001
                ],
                [
                    408,
                    759.996
                ],
                [
                    404.928,
                    752.004
                ],
                [
                    394.94399999999996,
                    728.028
                ],
                [
                    388.032,
                    708.048
                ],
                [
                    384.96000000000004,
                    699.948
                ],
                [
                    380.928,
                    691.956
                ],
                [
                    373.056,
                    678.024
                ],
                [
                    364.032,
                    660.96
                ],
                [
                    358.08,
                    648.972
                ],
                [
                    351.936,
                    637.956
                ],
                [
                    346.944,
                    627.048
                ],
                [
                    346.944,
                    614.952
                ],
                [
                    354.048,
                    597.996
                ],
                [
                    366.912,
                    586.98
                ],
                [
                    412.992,
                    558.0360000000001
                ],
                [
                    480.96,
                    527.04
                ],
                [
                    502.08000000000004,
                    516.996
                ],
                [
                    513.984,
                    512.028
                ],
                [
                    521.088,
                    509.004
                ],
                [
                    545.088,
                    501.984
                ],
                [
                    605.952,
                    490.968
                ],
                [
                    629.952,
                    490.968
                ],
                [
                    652.9920000000001,
                    493.99199999999996
                ],
                [
                    706.9440000000001,
                    508.032
                ],
                [
                    728.064,
                    506.952
                ],
                [
                    735.9359999999999,
                    502.956
                ],
                [
                    739.008,
                    497.988
                ],
                [
                    750.912,
                    497.016
                ],
                [
                    753.984,
                    497.988
                ],
                [
                    766.08,
                    502.956
                ],
                [
                    777.024,
                    516.024
                ],
                [
                    812.928,
                    532.98
                ],
                [
                    817.92,
                    537.948
                ],
                [
                    817.92,
                    542.052
                ],
                [
                    811.008,
                    555.0120000000001
                ],
                [
                    783.936,
                    569.052
                ],
                [
                    778.944,
                    574.992
                ],
                [
                    771.072,
                    579.96
                ],
                [
                    758.016,
                    579.96
                ],
                [
                    747.072,
                    583.9559999999999
                ],
                [
                    739.008,
                    601.02
                ],
                [
                    733.0559999999999,
                    613.98
                ],
                [
                    726.912,
                    627.048
                ],
                [
                    721.92,
                    636.984
                ],
                [
                    715.008,
                    648.972
                ],
                [
                    702.9119999999999,
                    663.984
                ],
                [
                    678.912,
                    677.052
                ],
                [
                    646.08,
                    694.9799999999999
                ],
                [
                    619.008,
                    709.992
                ],
                [
                    601.92,
                    717.9839999999999
                ],
                [
                    591.936,
                    721.98
                ],
                [
                    577.92,
                    726.948
                ],
                [
                    556.9920000000001,
                    737.964
                ],
                [
                    546.048,
                    741.96
                ],
                [
                    529.9200000000001,
                    748.98
                ],
                [
                    518.976,
                    753.9480000000001
                ],
                [
                    494.01599999999996,
                    762.048
                ],
                [
                    481.92,
                    767.0160000000001
                ],
                [
                    467.904,
                    770.04
                ]
            ]
        },
        {
            "ID": "2",
            "CLASS": "유리병",
            "DETAILS": "투명",
            "DAMAGE": "원형",
            "DIRTINESS": "이물질(외부)",
            "COVER": "없음",
            "TRANSPARENCY": "투명",
            "SHAPE": "유리병형",
            "SHAPE_TYPE": "POLYGON",
            "POINTS": [
                [
                    1148.928,
                    894.996
                ],
                [
                    1116.096,
                    891.972
                ],
                [
                    1104,
                    888.9480000000001
                ],
                [
                    1093.056,
                    886.032
                ],
                [
                    1084.032,
                    883.98
                ],
                [
                    1066.944,
                    879.9839999999999
                ],
                [
                    1056.96,
                    875.988
                ],
                [
                    1043.904,
                    871.992
                ],
                [
                    1030.08,
                    867.996
                ],
                [
                    1023.936,
                    833.004
                ],
                [
                    1022.016,
                    813.9960000000001
                ],
                [
                    1018.944,
                    793.044
                ],
                [
                    1017.984,
                    782.028
                ],
                [
                    1021.056,
                    720.036
                ],
                [
                    1025.0880000000002,
                    690.984
                ],
                [
                    1036.992,
                    655.0200000000001
                ],
                [
                    1046.0159999999998,
                    620.028
                ],
                [
                    1055.04,
                    598.968
                ],
                [
                    1060.0320000000002,
                    587.952
                ],
                [
                    1064.064,
                    581.0400000000001
                ],
                [
                    1070.016,
                    567.972
                ],
                [
                    1079.0400000000002,
                    554.04
                ],
                [
                    1088.0639999999999,
                    543.024
                ],
                [
                    1108.992,
                    519.048
                ],
                [
                    1118.016,
                    513.972
                ],
                [
                    1123.968,
                    506.952
                ],
                [
                    1128,
                    505.00800000000004
                ],
                [
                    1140.096,
                    489.996
                ],
                [
                    1143.936,
                    482.00399999999996
                ],
                [
                    1145.0880000000002,
                    473.04
                ],
                [
                    1143.936,
                    469.04400000000004
                ],
                [
                    1140.096,
                    465.048
                ],
                [
                    1140.096,
                    458.02799999999996
                ],
                [
                    1142.976,
                    455.976
                ],
                [
                    1150.08,
                    428.00399999999996
                ],
                [
                    1161.0240000000001,
                    415.044
                ],
                [
                    1166.0159999999998,
                    412.02
                ],
                [
                    1177.92,
                    408.024
                ],
                [
                    1191.9360000000001,
                    407.052
                ],
                [
                    1199.0400000000002,
                    404.02799999999996
                ],
                [
                    1205.952,
                    404.02799999999996
                ],
                [
                    1209.0240000000001,
                    408.024
                ],
                [
                    1214.976,
                    408.024
                ],
                [
                    1224,
                    413.964
                ],
                [
                    1232.064,
                    423.036
                ],
                [
                    1234.944,
                    432
                ],
                [
                    1232.064,
                    455.976
                ],
                [
                    1228.032,
                    463.96799999999996
                ],
                [
                    1228.992,
                    481.03200000000004
                ],
                [
                    1219.9679999999998,
                    493.99199999999996
                ],
                [
                    1220.928,
                    513
                ],
                [
                    1227.0720000000001,
                    533.952
                ],
                [
                    1234.944,
                    550.044
                ],
                [
                    1238.016,
                    563.004
                ],
                [
                    1246.08,
                    578.988
                ],
                [
                    1251.072,
                    597.024
                ],
                [
                    1252.032,
                    623.052
                ],
                [
                    1252.032,
                    633.9599999999999
                ],
                [
                    1252.032,
                    675
                ],
                [
                    1248.96,
                    704.052
                ],
                [
                    1238.016,
                    755.028
                ],
                [
                    1227.0720000000001,
                    790.0200000000001
                ],
                [
                    1219.9679999999998,
                    812.052
                ],
                [
                    1213.056,
                    826.956
                ],
                [
                    1208.0639999999999,
                    837.972
                ],
                [
                    1199.0400000000002,
                    857.952
                ],
                [
                    1182.912,
                    879.9839999999999
                ],
                [
                    1177.92,
                    884.952
                ],
                [
                    1171.968,
                    890.028
                ],
                [
                    1161.0240000000001,
                    891.972
                ],
                [
                    1156.032,
                    894.024
                ]
            ]
        }
    ]
}