{
    "IMAGE_INFO": {
        "FILE_NAME": "1088466@0_07003_220919_P1_T3__1057.jpg",
        "DATE": "2022-10-31 14:58:08",
        "RESOLUTION": "1920 x 1080",
        "IMAGE_PHOTOGRAPHER": "권현진",
        "FOCUS_DISTANCE": "4.5",
        "EXPOSURE_TIME": "1/320",
        "SENSITIVITY_ISO": "10000",
        "PLACE": "성남시재활용센터",
        "REGION_NAME": null,
        "Direction": "0",
        "HEIGHT": "95",
        "DAY/NIGHT": "주간",
        "WEATHER": "맑음",
        "IMAGE_HEIGHT": 1080,
        "IMAGE_WIDTH": 1920,
        "IMAGE_SIZE": "669.9 KB"
    },
    "ANNOTATION_INFO": [
        {
            "ID": "1",
            "CLASS": "유리병",
            "DETAILS": "투명",
            "DAMAGE": "원형",
            "DIRTINESS": "이물질(전체)",
            "COVER": "없음",
            "TRANSPARENCY": "투명",
            "SHAPE": "유리병형",
            "SHAPE_TYPE": "POLYGON",
            "POINTS": [
                [
                    800.0640000000001,
                    871.02
                ],
                [
                    762.048,
                    867.996
                ],
                [
                    714.048,
                    867.024
                ],
                [
                    691.968,
                    864
                ],
                [
                    614.976,
                    861.948
                ],
                [
                    579.072,
                    859.032
                ],
                [
                    526.08,
                    857.952
                ],
                [
                    502.08000000000004,
                    856.0079999999999
                ],
                [
                    469.056,
                    856.98
                ],
                [
                    441.984,
                    856.0079999999999
                ],
                [
                    427.96799999999996,
                    847.044
                ],
                [
                    392.06399999999996,
                    837
                ],
                [
                    382.08000000000004,
                    830.952
                ],
                [
                    379.96799999999996,
                    789.048
                ],
                [
                    382.08000000000004,
                    693.0360000000001
                ],
                [
                    387.072,
                    625.968
                ],
                [
                    392.06399999999996,
                    617.976
                ],
                [
                    411.072,
                    612.036
                ],
                [
                    435.072,
                    606.96
                ],
                [
                    454.08,
                    605.0160000000001
                ],
                [
                    474.048,
                    605.0160000000001
                ],
                [
                    488.06399999999996,
                    606.96
                ],
                [
                    513.984,
                    606.96
                ],
                [
                    537.984,
                    609.9839999999999
                ],
                [
                    585.984,
                    610.956
                ],
                [
                    608.064,
                    613.98
                ],
                [
                    632.064,
                    613.98
                ],
                [
                    666.048,
                    617.004
                ],
                [
                    686.976,
                    617.004
                ],
                [
                    705.984,
                    618.9480000000001
                ],
                [
                    733.0559999999999,
                    617.976
                ],
                [
                    739.9680000000001,
                    621
                ],
                [
                    758.976,
                    621
                ],
                [
                    811.968,
                    625.968
                ],
                [
                    825.984,
                    625.968
                ],
                [
                    838.08,
                    628.9920000000001
                ],
                [
                    873.984,
                    629.964
                ],
                [
                    930.048,
                    652.9680000000001
                ],
                [
                    954.048,
                    670.0319999999999
                ],
                [
                    954.048,
                    671.976
                ],
                [
                    992.0640000000001,
                    702.972
                ],
                [
                    1013.952,
                    714.96
                ],
                [
                    1035.0720000000001,
                    713.988
                ],
                [
                    1054.0800000000002,
                    717.9839999999999
                ],
                [
                    1070.9759999999999,
                    718.9559999999999
                ],
                [
                    1075.968,
                    721.0079999999999
                ],
                [
                    1083.0720000000001,
                    745.956
                ],
                [
                    1083.0720000000001,
                    774.0360000000001
                ],
                [
                    1080.9599999999998,
                    785.052
                ],
                [
                    1074.048,
                    799.956
                ],
                [
                    1061.952,
                    805.0319999999999
                ],
                [
                    1022.9760000000001,
                    805.0319999999999
                ],
                [
                    1016.064,
                    802.98
                ],
                [
                    1002.048,
                    803.952
                ],
                [
                    973.056,
                    821.016
                ],
                [
                    944.0640000000001,
                    843.048
                ],
                [
                    906.048,
                    860.004
                ],
                [
                    882.048,
                    867.996
                ],
                [
                    869.952,
                    870.048
                ],
                [
                    800.0640000000001,
                    871.02
                ]
            ]
        }
    ]
}