{
    "IMAGE_INFO": {
        "FILE_NAME": "1088757@0_07003_220919_P1_T3__1696.jpg",
        "DATE": "2022-10-31 14:58:21",
        "RESOLUTION": "1920 x 1080",
        "IMAGE_PHOTOGRAPHER": "권현진",
        "FOCUS_DISTANCE": "4.5",
        "EXPOSURE_TIME": "1/320",
        "SENSITIVITY_ISO": "10000",
        "PLACE": "성남시재활용센터",
        "REGION_NAME": null,
        "Direction": "0",
        "HEIGHT": "95",
        "DAY/NIGHT": "주간",
        "WEATHER": "맑음",
        "IMAGE_HEIGHT": 1080,
        "IMAGE_WIDTH": 1920,
        "IMAGE_SIZE": "640.4 KB"
    },
    "ANNOTATION_INFO": [
        {
            "ID": "1",
            "CLASS": "유리병",
            "DETAILS": "투명",
            "DAMAGE": "원형",
            "DIRTINESS": "이물질(외부)",
            "COVER": "없음",
            "TRANSPARENCY": "투명",
            "SHAPE": "유리병형",
            "SHAPE_TYPE": "POLYGON",
            "POINTS": [
                [
                    451.968,
                    1002.024
                ],
                [
                    461.952,
                    991.0079999999999
                ],
                [
                    467.904,
                    972
                ],
                [
                    460.992,
                    933.984
                ],
                [
                    451.968,
                    829.9799999999999
                ],
                [
                    437.952,
                    783
                ],
                [
                    392.06399999999996,
                    648
                ],
                [
                    384.96000000000004,
                    627.048
                ],
                [
                    383.04,
                    617.004
                ],
                [
                    388.032,
                    612.036
                ],
                [
                    384.96000000000004,
                    605.0160000000001
                ],
                [
                    380.928,
                    587.952
                ],
                [
                    378.048,
                    579.96
                ],
                [
                    360.96,
                    579.96
                ],
                [
                    335.03999999999996,
                    583.9559999999999
                ],
                [
                    316.992,
                    590.976
                ],
                [
                    313.92,
                    597.996
                ],
                [
                    316.992,
                    605.0160000000001
                ],
                [
                    316.032,
                    616.032
                ],
                [
                    316.992,
                    621
                ],
                [
                    321.024,
                    621
                ],
                [
                    318.912,
                    640.008
                ],
                [
                    297.024,
                    806.976
                ],
                [
                    308.928,
                    991.0079999999999
                ],
                [
                    318.912,
                    1007.964
                ],
                [
                    332.928,
                    1017.036
                ]
            ]
        }
    ]
}