{
    "IMAGE_INFO": {
        "FILE_NAME": "1088514@0_07003_220919_P1_T3__0167.jpg",
        "DATE": "2022-10-31 14:57:51",
        "RESOLUTION": "1920 x 1080",
        "IMAGE_PHOTOGRAPHER": "권현진",
        "FOCUS_DISTANCE": "4.5",
        "EXPOSURE_TIME": "1/320",
        "SENSITIVITY_ISO": "10000",
        "PLACE": "성남시재활용센터",
        "REGION_NAME": null,
        "Direction": "0",
        "HEIGHT": "95",
        "DAY/NIGHT": "주간",
        "WEATHER": "맑음",
        "IMAGE_HEIGHT": 1080,
        "IMAGE_WIDTH": 1920,
        "IMAGE_SIZE": "734.0 KB"
    },
    "ANNOTATION_INFO": [
        {
            "ID": "1",
            "CLASS": "유리병",
            "DETAILS": "투명",
            "DAMAGE": "원형",
            "DIRTINESS": "이물질(외부)",
            "COVER": "없음",
            "TRANSPARENCY": "투명",
            "SHAPE": "유리병형",
            "SHAPE_TYPE": "POLYGON",
            "POINTS": [
                [
                    1353.024,
                    123.012
                ],
                [
                    1366.08,
                    104.976
                ],
                [
                    1400.0639999999999,
                    81
                ],
                [
                    1506.048,
                    0
                ],
                [
                    1641.0240000000001,
                    0
                ],
                [
                    1661.952,
                    19.008000000000003
                ],
                [
                    1666.944,
                    35.964000000000006
                ],
                [
                    1676.9279999999999,
                    60.047999999999995
                ],
                [
                    1660.0320000000002,
                    88.02000000000001
                ],
                [
                    1655.04,
                    93.96
                ],
                [
                    1473.9840000000002,
                    226.044
                ],
                [
                    1429.056,
                    247.968
                ],
                [
                    1387.968,
                    265.032
                ],
                [
                    1345.9199999999998,
                    278.964
                ],
                [
                    1320.9599999999998,
                    289.98
                ],
                [
                    1283.904,
                    308.988
                ],
                [
                    1262.016,
                    324
                ],
                [
                    1251.072,
                    331.02
                ],
                [
                    1242.048,
                    321.948
                ],
                [
                    1219.9679999999998,
                    299.05199999999996
                ],
                [
                    1213.056,
                    285.012
                ],
                [
                    1224,
                    272.052
                ],
                [
                    1241.088,
                    255.95999999999998
                ],
                [
                    1277.952,
                    222.048
                ],
                [
                    1305.9840000000002,
                    195.048
                ]
            ]
        }
    ]
}