{
    "IMAGE_INFO": {
        "FILE_NAME": "1088504@0_07003_220919_P1_T3__0257.jpg",
        "DATE": "2022-10-31 14:57:54",
        "RESOLUTION": "1920 x 1080",
        "IMAGE_PHOTOGRAPHER": "권현진",
        "FOCUS_DISTANCE": "4.5",
        "EXPOSURE_TIME": "1/320",
        "SENSITIVITY_ISO": "10000",
        "PLACE": "성남시재활용센터",
        "REGION_NAME": null,
        "Direction": "0",
        "HEIGHT": "95",
        "DAY/NIGHT": "주간",
        "WEATHER": "맑음",
        "IMAGE_HEIGHT": 1080,
        "IMAGE_WIDTH": 1920,
        "IMAGE_SIZE": "574.2 KB"
    },
    "ANNOTATION_INFO": [
        {
            "ID": "1",
            "CLASS": "유리병",
            "DETAILS": "투명",
            "DAMAGE": "원형",
            "DIRTINESS": "이물질(외부)",
            "COVER": "없음",
            "TRANSPARENCY": "투명",
            "SHAPE": "유리병형",
            "SHAPE_TYPE": "POLYGON",
            "POINTS": [
                [
                    1415.04,
                    608.04
                ],
                [
                    1371.072,
                    606.96
                ],
                [
                    1352.064,
                    604.044
                ],
                [
                    1326.912,
                    601.992
                ],
                [
                    1304.064,
                    597.024
                ],
                [
                    1290.048,
                    590.976
                ],
                [
                    1275.0720000000001,
                    586.98
                ],
                [
                    1259.904,
                    582.9839999999999
                ],
                [
                    1247.04,
                    577.044
                ],
                [
                    1238.9759999999999,
                    577.044
                ],
                [
                    1214.0159999999998,
                    570.024
                ],
                [
                    1161.0240000000001,
                    570.024
                ],
                [
                    1150.08,
                    569.052
                ],
                [
                    1137.024,
                    570.024
                ],
                [
                    1123.008,
                    569.052
                ],
                [
                    1113.024,
                    569.052
                ],
                [
                    1074.048,
                    567.972
                ],
                [
                    1056,
                    570.024
                ],
                [
                    1050.048,
                    570.024
                ],
                [
                    1041.984,
                    569.052
                ],
                [
                    1030.08,
                    567.972
                ],
                [
                    1025.0880000000002,
                    566.028
                ],
                [
                    1022.9760000000001,
                    559.9799999999999
                ],
                [
                    1022.016,
                    551.9879999999999
                ],
                [
                    1023.936,
                    543.024
                ],
                [
                    1022.9760000000001,
                    528.0120000000001
                ],
                [
                    1022.016,
                    517.9680000000001
                ],
                [
                    1022.9760000000001,
                    509.976
                ],
                [
                    1025.0880000000002,
                    501.012
                ],
                [
                    1046.0159999999998,
                    492.048
                ],
                [
                    1051.968,
                    492.048
                ],
                [
                    1084.032,
                    492.048
                ],
                [
                    1098.048,
                    496.044
                ],
                [
                    1113.9840000000002,
                    494.964
                ],
                [
                    1132.032,
                    494.964
                ],
                [
                    1150.08,
                    493.99199999999996
                ],
                [
                    1161.984,
                    493.99199999999996
                ],
                [
                    1171.008,
                    493.02000000000004
                ],
                [
                    1176.96,
                    490.968
                ],
                [
                    1181.952,
                    490.968
                ],
                [
                    1186.944,
                    489.996
                ],
                [
                    1191.9360000000001,
                    489.996
                ],
                [
                    1195.968,
                    489.024
                ],
                [
                    1200,
                    489.024
                ],
                [
                    1206.912,
                    488.052
                ],
                [
                    1213.056,
                    486.97200000000004
                ],
                [
                    1219.9679999999998,
                    486.97200000000004
                ],
                [
                    1232.064,
                    485.028
                ],
                [
                    1259.904,
                    475.95599999999996
                ],
                [
                    1272.96,
                    470.01599999999996
                ],
                [
                    1278.912,
                    463.96799999999996
                ],
                [
                    1323.0720000000001,
                    440.964
                ],
                [
                    1349.952,
                    434.05199999999996
                ],
                [
                    1376.064,
                    429.94800000000004
                ],
                [
                    1406.976,
                    428.00399999999996
                ],
                [
                    1415.04,
                    428.976
                ],
                [
                    1459.9679999999998,
                    425.952
                ],
                [
                    1507.968,
                    425.952
                ],
                [
                    1544.064,
                    423.036
                ],
                [
                    1561.92,
                    423.036
                ],
                [
                    1593.9840000000002,
                    428.00399999999996
                ],
                [
                    1606.08,
                    438.048
                ],
                [
                    1608,
                    454.032
                ],
                [
                    1607.04,
                    463.96799999999996
                ],
                [
                    1608.96,
                    505.98
                ],
                [
                    1608.96,
                    523.044
                ],
                [
                    1609.92,
                    531.0360000000001
                ],
                [
                    1611.072,
                    536.004
                ],
                [
                    1611.072,
                    542.052
                ],
                [
                    1611.072,
                    556.956
                ],
                [
                    1611.072,
                    563.976
                ],
                [
                    1612.992,
                    589.032
                ],
                [
                    1608.96,
                    594.972
                ],
                [
                    1589.952,
                    601.02
                ],
                [
                    1551.9360000000001,
                    605.0160000000001
                ],
                [
                    1457.088,
                    605.988
                ]
            ]
        }
    ]
}