{
    "IMAGE_INFO": {
        "FILE_NAME": "1088961@0_07003_220919_P1_T3__0539.jpg",
        "DATE": "2022-10-31 14:58:00",
        "RESOLUTION": "1920 x 1080",
        "IMAGE_PHOTOGRAPHER": "권현진",
        "FOCUS_DISTANCE": "4.5",
        "EXPOSURE_TIME": "1/320",
        "SENSITIVITY_ISO": "10000",
        "PLACE": "성남시재활용센터",
        "REGION_NAME": null,
        "Direction": "0",
        "HEIGHT": "95",
        "DAY/NIGHT": "주간",
        "WEATHER": "맑음",
        "IMAGE_HEIGHT": 1080,
        "IMAGE_WIDTH": 1920,
        "IMAGE_SIZE": "646.4 KB"
    },
    "ANNOTATION_INFO": [
        {
            "ID": "4",
            "CLASS": "유리병",
            "DETAILS": "투명",
            "DAMAGE": "원형",
            "DIRTINESS": "이물질(외부)",
            "COVER": "없음",
            "TRANSPARENCY": "투명",
            "SHAPE": "유리병형",
            "SHAPE_TYPE": "POLYGON",
            "POINTS": [
                [
                    1543.5232348367028,
                    241.1020217729393
                ],
                [
                    1595.9813374805601,
                    254.86152410575423
                ],
                [
                    1589.1015863141524,
                    299.5799066874028
                ],
                [
                    1627.8001866251943,
                    382.1369206842924
                ],
                [
                    1516.0042301710732,
                    687.4258786936236
                ],
                [
                    1430.0073405909798,
                    656.4669984447902
                ],
                [
                    1358.6299222395023,
                    629.8079626749611
                ],
                [
                    1413.667931570762,
                    413.09580093312604
                ],
                [
                    1447.2067185069986,
                    323.65903576982896
                ],
                [
                    1493.6450388802489,
                    298.7199377916018
                ],
                [
                    1518.5841368584759,
                    279.8006220839813
                ]
            ]
        },
        {
            "ID": "5",
            "CLASS": "유리병",
            "DETAILS": "투명",
            "DAMAGE": "원형",
            "DIRTINESS": "이물질(외부)",
            "COVER": "없음",
            "TRANSPARENCY": "투명",
            "SHAPE": "유리병형",
            "SHAPE_TYPE": "POLYGON",
            "POINTS": [
                [
                    1273.1909857512244,
                    844.7725965099335
                ],
                [
                    1396.9610201890155,
                    854.5439150181801
                ],
                [
                    1531.316649677407,
                    818.715747154609
                ],
                [
                    1585.0589014727639,
                    806.5015990193007
                ],
                [
                    1625.7727285904582,
                    804.8730459345928
                ],
                [
                    1640.978242488336,
                    799.7890921306376
                ],
                [
                    1646.9439186916593,
                    764.9734953592524
                ],
                [
                    1643.1797628615864,
                    740.3480420528771
                ],
                [
                    1567.3135427363552,
                    705.9035477125279
                ],
                [
                    1458.958720632336,
                    665.0049138791481
                ],
                [
                    1344.7612365521193,
                    631.5423952882009
                ],
                [
                    1239.5933209805714,
                    632.0735463769461
                ],
                [
                    1161.514110935028,
                    688.9067128726817
                ],
                [
                    1153.0156935151049,
                    788.7631175567781
                ],
                [
                    1224.1899394069605,
                    829.6617513901579
                ]
            ]
        },
        {
            "ID": "6",
            "CLASS": "유리병",
            "DETAILS": "투명",
            "DAMAGE": "원형",
            "DIRTINESS": "이물질(외부)",
            "COVER": "없음",
            "TRANSPARENCY": "투명",
            "SHAPE": "유리병형",
            "SHAPE_TYPE": "POLYGON",
            "POINTS": [
                [
                    305.94737169517884,
                    769.0638009331259
                ],
                [
                    369.24108242612755,
                    749.1125225505443
                ],
                [
                    435.97466874028004,
                    662.4276578538102
                ],
                [
                    515.7797822706066,
                    629.4048522550544
                ],
                [
                    640.9912534992225,
                    602.5738227060652
                ],
                [
                    710.4767402799379,
                    605.3257231726282
                ],
                [
                    734.5558693623641,
                    660.363732503888
                ],
                [
                    747.6273965785382,
                    735.3530202177294
                ],
                [
                    701.5330637636083,
                    792.4549548989114
                ],
                [
                    561.186139968896,
                    839.2372628304822
                ],
                [
                    469.6854494556765,
                    843.3651135303265
                ],
                [
                    378.872734059098,
                    811.0302830482116
                ],
                [
                    327.96257542768274,
                    826.8537107309487
                ],
                [
                    305.25939657853814,
                    804.150531881804
                ],
                [
                    300.4435707620529,
                    773.8796267496112
                ]
            ]
        }
    ]
}