{
    "IMAGE_INFO": {
        "FILE_NAME": "1089142@0_07003_220919_P1_T3__1336.jpg",
        "DATE": "2022-10-31 14:58:14",
        "RESOLUTION": "1920 x 1080",
        "IMAGE_PHOTOGRAPHER": "권현진",
        "FOCUS_DISTANCE": "4.5",
        "EXPOSURE_TIME": "1/320",
        "SENSITIVITY_ISO": "10000",
        "PLACE": "성남시재활용센터",
        "REGION_NAME": null,
        "Direction": "0",
        "HEIGHT": "95",
        "DAY/NIGHT": "주간",
        "WEATHER": "맑음",
        "IMAGE_HEIGHT": 1080,
        "IMAGE_WIDTH": 1920,
        "IMAGE_SIZE": "640.2 KB"
    },
    "ANNOTATION_INFO": [
        {
            "ID": "1",
            "CLASS": "유리병",
            "DETAILS": "투명",
            "DAMAGE": "원형",
            "DIRTINESS": "이물질(외부)",
            "COVER": "없음",
            "TRANSPARENCY": "투명",
            "SHAPE": "유리병형",
            "SHAPE_TYPE": "POLYGON",
            "POINTS": [
                [
                    571.008,
                    598.968
                ],
                [
                    567.936,
                    597.996
                ],
                [
                    564.096,
                    590.976
                ],
                [
                    562.9440000000001,
                    578.988
                ],
                [
                    558.912,
                    570.024
                ],
                [
                    553.92,
                    527.04
                ],
                [
                    548.928,
                    520.02
                ],
                [
                    547.0079999999999,
                    512.028
                ],
                [
                    545.088,
                    490.968
                ],
                [
                    546.048,
                    455.976
                ],
                [
                    543.936,
                    442.044
                ],
                [
                    533.952,
                    420.012
                ],
                [
                    528,
                    415.044
                ],
                [
                    524.928,
                    415.044
                ],
                [
                    518.976,
                    408.996
                ],
                [
                    509.952,
                    385.02
                ],
                [
                    499.968,
                    343.008
                ],
                [
                    495.9359999999999,
                    294.94800000000004
                ],
                [
                    491.904,
                    273.024
                ],
                [
                    491.904,
                    259.956
                ],
                [
                    489.02399999999994,
                    254.988
                ],
                [
                    489.02399999999994,
                    215.028
                ],
                [
                    486.912,
                    197.964
                ],
                [
                    479.04,
                    176.04000000000002
                ],
                [
                    478.08,
                    147.96
                ],
                [
                    475.00800000000004,
                    131.976
                ],
                [
                    475.00800000000004,
                    116.964
                ],
                [
                    476.928,
                    108
                ],
                [
                    480,
                    100.008
                ],
                [
                    489.02399999999994,
                    91.044
                ],
                [
                    499.968,
                    87.048
                ],
                [
                    513.024,
                    84.02399999999999
                ],
                [
                    526.08,
                    84.02399999999999
                ],
                [
                    543.936,
                    80.028
                ],
                [
                    565.056,
                    73.008
                ],
                [
                    571.968,
                    73.008
                ],
                [
                    577.92,
                    76.03200000000001
                ],
                [
                    606.912,
                    76.03200000000001
                ],
                [
                    614.016,
                    80.028
                ],
                [
                    624,
                    97.956
                ],
                [
                    625.9200000000001,
                    114.048
                ],
                [
                    632.064,
                    131.00400000000002
                ],
                [
                    632.064,
                    146.016
                ],
                [
                    632.064,
                    155.952
                ],
                [
                    635.904,
                    169.02
                ],
                [
                    635.904,
                    177.012
                ],
                [
                    638.016,
                    180.03599999999997
                ],
                [
                    635.904,
                    185.976
                ],
                [
                    635.904,
                    197.964
                ],
                [
                    644.928,
                    257.03999999999996
                ],
                [
                    652.032,
                    323.02799999999996
                ],
                [
                    652.9920000000001,
                    366.984
                ],
                [
                    649.9200000000001,
                    385.02
                ],
                [
                    642.048,
                    405
                ],
                [
                    633.984,
                    417.96000000000004
                ],
                [
                    637.0559999999999,
                    428.00399999999996
                ],
                [
                    635.904,
                    455.976
                ],
                [
                    638.016,
                    488.052
                ],
                [
                    642.048,
                    501.012
                ],
                [
                    646.08,
                    505.00800000000004
                ],
                [
                    649.9200000000001,
                    516.024
                ],
                [
                    649.9200000000001,
                    521.964
                ],
                [
                    654.912,
                    532.0079999999999
                ],
                [
                    661.056,
                    574.992
                ],
                [
                    660.096,
                    582.0120000000001
                ],
                [
                    657.984,
                    583.9559999999999
                ],
                [
                    649.9200000000001,
                    585.036
                ],
                [
                    646.08,
                    590.976
                ],
                [
                    629.952,
                    594.972
                ],
                [
                    614.976,
                    596.0519999999999
                ],
                [
                    608.064,
                    598.968
                ]
            ]
        }
    ]
}