{
    "IMAGE_INFO": {
        "FILE_NAME": "1089050@0_07003_220919_P1_T3__0537.jpg",
        "DATE": "2022-10-31 14:57:59",
        "RESOLUTION": "1920 x 1080",
        "IMAGE_PHOTOGRAPHER": "권현진",
        "FOCUS_DISTANCE": "4.5",
        "EXPOSURE_TIME": "1/320",
        "SENSITIVITY_ISO": "10000",
        "PLACE": "성남시재활용센터",
        "REGION_NAME": null,
        "Direction": "0",
        "HEIGHT": "95",
        "DAY/NIGHT": "주간",
        "WEATHER": "맑음",
        "IMAGE_HEIGHT": 1080,
        "IMAGE_WIDTH": 1920,
        "IMAGE_SIZE": "597.1 KB"
    },
    "ANNOTATION_INFO": [
        {
            "ID": "1",
            "CLASS": "유리병",
            "DETAILS": "투명",
            "DAMAGE": "원형",
            "DIRTINESS": "이물질(외부)",
            "COVER": "없음",
            "TRANSPARENCY": "투명",
            "SHAPE": "유리병형",
            "SHAPE_TYPE": "POLYGON",
            "POINTS": [
                [
                    380.928,
                    1080
                ],
                [
                    382.08000000000004,
                    1072.008
                ],
                [
                    384.96000000000004,
                    1065.96
                ],
                [
                    390.91200000000003,
                    1057.968
                ],
                [
                    395.904,
                    1049.9759999999999
                ],
                [
                    401.088,
                    1042.956
                ],
                [
                    404.928,
                    1038.96
                ],
                [
                    408,
                    1034.964
                ],
                [
                    421.056,
                    1022.004
                ],
                [
                    441.024,
                    1005.048
                ],
                [
                    455.03999999999996,
                    995.976
                ],
                [
                    460.992,
                    991.98
                ],
                [
                    470.01599999999996,
                    987.9839999999999
                ],
                [
                    478.08,
                    983.988
                ],
                [
                    509.952,
                    968.004
                ],
                [
                    527.0400000000001,
                    961.956
                ],
                [
                    533.952,
                    960.0120000000001
                ],
                [
                    550.0799999999999,
                    956.016
                ],
                [
                    561.024,
                    955.044
                ],
                [
                    586.9440000000001,
                    949.9680000000001
                ],
                [
                    596.928,
                    948.9960000000001
                ],
                [
                    615.9359999999999,
                    948.9960000000001
                ],
                [
                    637.0559999999999,
                    949.9680000000001
                ],
                [
                    639.9359999999999,
                    951.048
                ],
                [
                    643.968,
                    951.048
                ],
                [
                    648,
                    952.992
                ],
                [
                    657.024,
                    955.044
                ],
                [
                    668.928,
                    955.044
                ],
                [
                    681.024,
                    956.9879999999999
                ],
                [
                    685.056,
                    959.04
                ],
                [
                    694.0799999999999,
                    960.0120000000001
                ],
                [
                    713.088,
                    968.004
                ],
                [
                    716.928,
                    972
                ],
                [
                    724.0319999999999,
                    975.996
                ],
                [
                    729.9839999999999,
                    986.0400000000001
                ],
                [
                    743.04,
                    1002.024
                ],
                [
                    750.912,
                    1025.028
                ],
                [
                    753.984,
                    1045.008
                ],
                [
                    759.9359999999999,
                    1060.992
                ],
                [
                    764.928,
                    1071.036
                ],
                [
                    768.96,
                    1080
                ]
            ]
        },
        {
            "ID": "2",
            "CLASS": "유리병",
            "DETAILS": "투명",
            "DAMAGE": "원형",
            "DIRTINESS": "이물질(전체)",
            "COVER": "없음",
            "TRANSPARENCY": "투명",
            "SHAPE": "유리병형",
            "SHAPE_TYPE": "POLYGON",
            "POINTS": [
                [
                    1295.04,
                    277.02
                ],
                [
                    1280.0639999999999,
                    272.052
                ],
                [
                    1270.08,
                    270
                ],
                [
                    1266.048,
                    267.948
                ],
                [
                    1233.9840000000002,
                    247.968
                ],
                [
                    1223.04,
                    238.032
                ],
                [
                    1217.088,
                    235.00799999999998
                ],
                [
                    1186.944,
                    208.00799999999998
                ],
                [
                    1182.912,
                    200.016
                ],
                [
                    1181.952,
                    182.952
                ],
                [
                    1190.9759999999999,
                    173.01600000000002
                ],
                [
                    1205.952,
                    159.948
                ],
                [
                    1209.984,
                    154.98
                ],
                [
                    1219.008,
                    138.996
                ],
                [
                    1217.088,
                    128.952
                ],
                [
                    1238.016,
                    96.98400000000001
                ],
                [
                    1244.9279999999999,
                    87.048
                ],
                [
                    1266.048,
                    54.972
                ],
                [
                    1275.0720000000001,
                    41.04
                ],
                [
                    1291.968,
                    14.04
                ],
                [
                    1296,
                    7.02
                ],
                [
                    1300.0320000000002,
                    0
                ],
                [
                    1479.9360000000001,
                    0
                ],
                [
                    1463.04,
                    39.96
                ],
                [
                    1454.976,
                    70.95599999999999
                ],
                [
                    1438.08,
                    105.94800000000001
                ],
                [
                    1434.048,
                    108.97200000000001
                ],
                [
                    1425.9840000000002,
                    120.96000000000001
                ],
                [
                    1409.088,
                    147.96
                ],
                [
                    1395.0720000000001,
                    165.996
                ],
                [
                    1387.008,
                    178.956
                ],
                [
                    1376.064,
                    189.972
                ],
                [
                    1373.952,
                    196.01999999999998
                ],
                [
                    1367.04,
                    205.95600000000002
                ],
                [
                    1359.9360000000001,
                    218.052
                ],
                [
                    1354.944,
                    224.96400000000003
                ],
                [
                    1347.0720000000001,
                    239.004
                ],
                [
                    1329.984,
                    259.956
                ],
                [
                    1315.968,
                    272.052
                ],
                [
                    1310.9759999999999,
                    274.968
                ],
                [
                    1300.992,
                    277.02
                ]
            ]
        },
        {
            "ID": "3",
            "CLASS": "유리병",
            "DETAILS": "투명",
            "DAMAGE": "원형",
            "DIRTINESS": "이물질(외부)",
            "COVER": "없음",
            "TRANSPARENCY": "투명",
            "SHAPE": "유리병형",
            "SHAPE_TYPE": "POLYGON",
            "POINTS": [
                [
                    1497.024,
                    1029.996
                ],
                [
                    1484.9279999999999,
                    1023.9480000000001
                ],
                [
                    1474.944,
                    1018.008
                ],
                [
                    1458.048,
                    1011.96
                ],
                [
                    1444.9920000000002,
                    1006.02
                ],
                [
                    1411.008,
                    996.948
                ],
                [
                    1386.048,
                    991.0079999999999
                ],
                [
                    1368.96,
                    987.9839999999999
                ],
                [
                    1358.9759999999999,
                    982.044
                ],
                [
                    1357.056,
                    979.02
                ],
                [
                    1357.056,
                    955.044
                ],
                [
                    1362.048,
                    925.9920000000001
                ],
                [
                    1369.92,
                    907.956
                ],
                [
                    1374.9119999999998,
                    886.032
                ],
                [
                    1383.936,
                    863.028
                ],
                [
                    1406.0159999999998,
                    785.052
                ],
                [
                    1420.0320000000002,
                    736.992
                ],
                [
                    1428.096,
                    713.016
                ],
                [
                    1443.0720000000001,
                    671.0039999999999
                ],
                [
                    1460.928,
                    652.9680000000001
                ],
                [
                    1474.944,
                    645.948
                ],
                [
                    1481.088,
                    644.976
                ],
                [
                    1488,
                    640.008
                ],
                [
                    1493.952,
                    639.0360000000001
                ],
                [
                    1502.016,
                    632.9879999999999
                ],
                [
                    1505.0880000000002,
                    632.9879999999999
                ],
                [
                    1508.928,
                    631.0440000000001
                ],
                [
                    1518.912,
                    620.028
                ],
                [
                    1520.0639999999999,
                    612.036
                ],
                [
                    1526.0159999999998,
                    601.992
                ],
                [
                    1527.936,
                    590.976
                ],
                [
                    1535.04,
                    586.98
                ],
                [
                    1558.08,
                    586.98
                ],
                [
                    1565.952,
                    590.004
                ],
                [
                    1574.0159999999998,
                    590.976
                ],
                [
                    1579.008,
                    594.972
                ],
                [
                    1584,
                    596.0519999999999
                ],
                [
                    1594.944,
                    601.992
                ],
                [
                    1598.016,
                    605.988
                ],
                [
                    1598.016,
                    614.952
                ],
                [
                    1594.944,
                    620.028
                ],
                [
                    1594.944,
                    632.9879999999999
                ],
                [
                    1590.912,
                    644.976
                ],
                [
                    1599.9360000000001,
                    667.008
                ],
                [
                    1603.968,
                    670.0319999999999
                ],
                [
                    1617.984,
                    698.004
                ],
                [
                    1622.976,
                    721.0079999999999
                ],
                [
                    1622.976,
                    740.0160000000001
                ],
                [
                    1617.024,
                    767.9879999999999
                ],
                [
                    1609.92,
                    783.972
                ],
                [
                    1588.032,
                    856.0079999999999
                ],
                [
                    1583.04,
                    866.0519999999999
                ],
                [
                    1578.048,
                    883.98
                ],
                [
                    1570.944,
                    902.9879999999999
                ],
                [
                    1556.9279999999999,
                    948.024
                ],
                [
                    1544.064,
                    995.976
                ],
                [
                    1536,
                    1011.96
                ],
                [
                    1523.904,
                    1025.028
                ],
                [
                    1515.0720000000001,
                    1030.968
                ],
                [
                    1508.928,
                    1032.048
                ]
            ]
        },
        {
            "ID": "4",
            "CLASS": "유리병",
            "DETAILS": "투명",
            "DAMAGE": "원형",
            "DIRTINESS": "이물질(외부)",
            "COVER": "없음",
            "TRANSPARENCY": "투명",
            "SHAPE": "유리병형",
            "SHAPE_TYPE": "POLYGON",
            "POINTS": [
                [
                    1131.072,
                    1080
                ],
                [
                    1123.968,
                    1068.984
                ],
                [
                    1122.048,
                    1057.968
                ],
                [
                    1122.048,
                    1049.9759999999999
                ],
                [
                    1123.008,
                    1041.984
                ],
                [
                    1123.968,
                    1036.044
                ],
                [
                    1124.9279999999999,
                    1030.968
                ],
                [
                    1126.08,
                    1026.972
                ],
                [
                    1127.04,
                    1022.976
                ],
                [
                    1129.92,
                    1019.952
                ],
                [
                    1152,
                    1006.02
                ],
                [
                    1167.936,
                    998.028
                ],
                [
                    1179.072,
                    994.032
                ],
                [
                    1186.944,
                    991.98
                ],
                [
                    1200,
                    990.036
                ],
                [
                    1210.944,
                    988.9559999999999
                ],
                [
                    1225.9199999999998,
                    987.0120000000001
                ],
                [
                    1230.912,
                    986.0400000000001
                ],
                [
                    1233.9840000000002,
                    986.0400000000001
                ],
                [
                    1266.048,
                    983.988
                ],
                [
                    1311.9360000000001,
                    983.988
                ],
                [
                    1334.0159999999998,
                    986.0400000000001
                ],
                [
                    1363.008,
                    987.0120000000001
                ],
                [
                    1377.024,
                    988.9559999999999
                ],
                [
                    1385.0880000000002,
                    991.0079999999999
                ],
                [
                    1414.0800000000002,
                    998.028
                ],
                [
                    1443.0720000000001,
                    1006.02
                ],
                [
                    1473.9840000000002,
                    1018.008
                ],
                [
                    1482.048,
                    1022.004
                ],
                [
                    1491.072,
                    1029.024
                ],
                [
                    1502.016,
                    1033.992
                ],
                [
                    1510.08,
                    1042.956
                ],
                [
                    1517.952,
                    1061.964
                ],
                [
                    1523.904,
                    1080
                ]
            ]
        }
    ]
}