{
    "IMAGE_INFO": {
        "FILE_NAME": "1089044@0_07003_220919_P1_T3__0153.jpg",
        "DATE": "2022-10-31 14:57:51",
        "RESOLUTION": "1920 x 1080",
        "IMAGE_PHOTOGRAPHER": "권현진",
        "FOCUS_DISTANCE": "4.5",
        "EXPOSURE_TIME": "1/320",
        "SENSITIVITY_ISO": "10000",
        "PLACE": "성남시재활용센터",
        "REGION_NAME": null,
        "Direction": "0",
        "HEIGHT": "95",
        "DAY/NIGHT": "주간",
        "WEATHER": "맑음",
        "IMAGE_HEIGHT": 1080,
        "IMAGE_WIDTH": 1920,
        "IMAGE_SIZE": "692.6 KB"
    },
    "ANNOTATION_INFO": [
        {
            "ID": "1",
            "CLASS": "유리병",
            "DETAILS": "투명",
            "DAMAGE": "원형",
            "DIRTINESS": "이물질(외부)",
            "COVER": "겹침",
            "TRANSPARENCY": "투명",
            "SHAPE": "유리병형",
            "SHAPE_TYPE": "POLYGON",
            "POINTS": [
                [
                    1113.024,
                    762.048
                ],
                [
                    1065.024,
                    760.968
                ],
                [
                    1051.008,
                    756.972
                ],
                [
                    1032,
                    755.028
                ],
                [
                    974.9760000000001,
                    755.028
                ],
                [
                    964.0319999999999,
                    756
                ],
                [
                    948.096,
                    756
                ],
                [
                    921.984,
                    755.028
                ],
                [
                    883.0079999999999,
                    753.9480000000001
                ],
                [
                    839.04,
                    755.028
                ],
                [
                    816.96,
                    759.024
                ],
                [
                    786.048,
                    758.052
                ],
                [
                    772.9920000000001,
                    753.9480000000001
                ],
                [
                    763.968,
                    740.0160000000001
                ],
                [
                    762.048,
                    690.0120000000001
                ],
                [
                    761.088,
                    650.052
                ],
                [
                    764.928,
                    606.96
                ],
                [
                    774.912,
                    597.996
                ],
                [
                    782.016,
                    594.972
                ],
                [
                    786.048,
                    586.98
                ],
                [
                    796.9920000000001,
                    582.0120000000001
                ],
                [
                    806.016,
                    582.0120000000001
                ],
                [
                    825.984,
                    586.0079999999999
                ],
                [
                    840.96,
                    586.98
                ],
                [
                    849.9839999999999,
                    590.004
                ],
                [
                    869.952,
                    590.004
                ],
                [
                    881.088,
                    594
                ],
                [
                    883.0079999999999,
                    597.024
                ],
                [
                    902.016,
                    604.044
                ],
                [
                    931.008,
                    605.988
                ],
                [
                    974.9760000000001,
                    605.0160000000001
                ],
                [
                    1003.0079999999999,
                    597.996
                ],
                [
                    1018.944,
                    591.948
                ],
                [
                    1033.92,
                    590.004
                ],
                [
                    1046.976,
                    585.036
                ],
                [
                    1075.968,
                    585.036
                ],
                [
                    1089.0240000000001,
                    582.9839999999999
                ],
                [
                    1128,
                    582.9839999999999
                ],
                [
                    1179.072,
                    590.976
                ],
                [
                    1242.048,
                    621
                ],
                [
                    1290.048,
                    632.9879999999999
                ],
                [
                    1326.912,
                    635.04
                ],
                [
                    1343.04,
                    631.0440000000001
                ],
                [
                    1353.9840000000002,
                    631.0440000000001
                ],
                [
                    1372.992,
                    633.9599999999999
                ],
                [
                    1382.016,
                    637.956
                ],
                [
                    1383.936,
                    643.032
                ],
                [
                    1391.04,
                    645.948
                ],
                [
                    1391.04,
                    662.04
                ],
                [
                    1387.008,
                    690.0120000000001
                ],
                [
                    1382.016,
                    699.948
                ],
                [
                    1364.9279999999999,
                    708.048
                ],
                [
                    1338.048,
                    708.048
                ],
                [
                    1326.912,
                    704.052
                ],
                [
                    1302.912,
                    705.024
                ],
                [
                    1291.968,
                    708.048
                ],
                [
                    1281.0240000000001,
                    708.048
                ],
                [
                    1256.064,
                    713.988
                ],
                [
                    1248.96,
                    712.044
                ],
                [
                    1230.912,
                    716.0400000000001
                ],
                [
                    1219.9679999999998,
                    720.036
                ],
                [
                    1206.912,
                    731.0519999999999
                ],
                [
                    1194.048,
                    739.044
                ],
                [
                    1186.944,
                    741.96
                ],
                [
                    1179.072,
                    744.9839999999999
                ],
                [
                    1141.056,
                    749.952
                ]
            ]
        },
        {
            "ID": "2",
            "CLASS": "유리병",
            "DETAILS": "투명",
            "DAMAGE": "원형",
            "DIRTINESS": "이물질(외부)",
            "COVER": "없음",
            "TRANSPARENCY": "투명",
            "SHAPE": "유리병형",
            "SHAPE_TYPE": "POLYGON",
            "POINTS": [
                [
                    1223.04,
                    1080
                ],
                [
                    1198.08,
                    1065.96
                ],
                [
                    1188.096,
                    1060.02
                ],
                [
                    1179.072,
                    1050.9479999999999
                ],
                [
                    1166.976,
                    1042.956
                ],
                [
                    1166.976,
                    1037.016
                ],
                [
                    1163.904,
                    1033.02
                ],
                [
                    1151.04,
                    1026
                ],
                [
                    1138.944,
                    1013.04
                ],
                [
                    1136.064,
                    1003.968
                ],
                [
                    1136.064,
                    975.996
                ],
                [
                    1123.968,
                    960.0120000000001
                ],
                [
                    1122.048,
                    948.024
                ],
                [
                    1118.016,
                    942.948
                ],
                [
                    1095.936,
                    928.044
                ],
                [
                    1081.92,
                    922.9680000000001
                ],
                [
                    1079.0400000000002,
                    915.948
                ],
                [
                    1052.9279999999999,
                    901.0440000000001
                ],
                [
                    1051.008,
                    898.02
                ],
                [
                    1017.984,
                    880.956
                ],
                [
                    1012.992,
                    871.02
                ],
                [
                    1007.04,
                    867.996
                ],
                [
                    1003.9680000000001,
                    860.004
                ],
                [
                    1006.08,
                    856.0079999999999
                ],
                [
                    1025.0880000000002,
                    828.0360000000001
                ],
                [
                    1040.0639999999999,
                    813.9960000000001
                ],
                [
                    1049.088,
                    813.9960000000001
                ],
                [
                    1068.096,
                    818.9639999999999
                ],
                [
                    1084.032,
                    820.044
                ],
                [
                    1118.016,
                    830.952
                ],
                [
                    1122.048,
                    834.948
                ],
                [
                    1119.9360000000001,
                    837.972
                ],
                [
                    1128.96,
                    845.9639999999999
                ],
                [
                    1138.944,
                    852.9839999999999
                ],
                [
                    1150.08,
                    857.952
                ],
                [
                    1151.04,
                    860.976
                ],
                [
                    1165.056,
                    870.048
                ],
                [
                    1171.968,
                    872.964
                ],
                [
                    1179.072,
                    874.044
                ],
                [
                    1184.064,
                    872.964
                ],
                [
                    1193.088,
                    870.048
                ],
                [
                    1203.0720000000001,
                    868.968
                ],
                [
                    1209.984,
                    864.972
                ],
                [
                    1215.936,
                    864
                ],
                [
                    1228.992,
                    864
                ],
                [
                    1257.024,
                    868.968
                ],
                [
                    1271.04,
                    879.012
                ],
                [
                    1294.0800000000002,
                    888.9480000000001
                ],
                [
                    1300.992,
                    894.996
                ],
                [
                    1326.912,
                    910.008
                ],
                [
                    1334.0159999999998,
                    918
                ],
                [
                    1348.992,
                    929.9879999999999
                ],
                [
                    1411.968,
                    964.9799999999999
                ],
                [
                    1412.9279999999999,
                    968.004
                ],
                [
                    1431.9360000000001,
                    979.992
                ],
                [
                    1440.9599999999998,
                    988.9559999999999
                ],
                [
                    1448.0639999999999,
                    999
                ],
                [
                    1450.944,
                    1007.964
                ],
                [
                    1449.984,
                    1023.9480000000001
                ],
                [
                    1431.9360000000001,
                    1053.972
                ],
                [
                    1430.9759999999999,
                    1069.9560000000001
                ],
                [
                    1426.944,
                    1073.952
                ],
                [
                    1416,
                    1080
                ]
            ]
        },
        {
            "ID": "3",
            "CLASS": "유리병",
            "DETAILS": "투명",
            "DAMAGE": "원형",
            "DIRTINESS": "이물질(외부)",
            "COVER": "없음",
            "TRANSPARENCY": "투명",
            "SHAPE": "유리병형",
            "SHAPE_TYPE": "POLYGON",
            "POINTS": [
                [
                    1443.0720000000001,
                    1080
                ],
                [
                    1443.0720000000001,
                    1073.952
                ],
                [
                    1446.912,
                    1068.012
                ],
                [
                    1448.0639999999999,
                    1060.02
                ],
                [
                    1451.904,
                    1055.052
                ],
                [
                    1454.0159999999998,
                    1045.98
                ],
                [
                    1457.088,
                    1044.036
                ],
                [
                    1459.008,
                    1033.992
                ],
                [
                    1463.04,
                    1029.024
                ],
                [
                    1467.0720000000001,
                    1018.008
                ],
                [
                    1467.0720000000001,
                    1014.012
                ],
                [
                    1470.912,
                    1007.964
                ],
                [
                    1478.016,
                    982.044
                ],
                [
                    1482.048,
                    975.996
                ],
                [
                    1483.008,
                    969.948
                ],
                [
                    1489.92,
                    956.9879999999999
                ],
                [
                    1492.992,
                    955.044
                ],
                [
                    1496.064,
                    948.9960000000001
                ],
                [
                    1502.016,
                    932.04
                ],
                [
                    1507.008,
                    922.9680000000001
                ],
                [
                    1511.04,
                    920.052
                ],
                [
                    1512,
                    915.948
                ],
                [
                    1521.984,
                    902.0160000000001
                ],
                [
                    1529.088,
                    887.976
                ],
                [
                    1534.0800000000002,
                    882.036
                ],
                [
                    1536,
                    875.988
                ],
                [
                    1540.0320000000002,
                    871.992
                ],
                [
                    1541.952,
                    866.0519999999999
                ],
                [
                    1545.9840000000002,
                    861.948
                ],
                [
                    1549.056,
                    855.036
                ],
                [
                    1553.088,
                    851.0400000000001
                ],
                [
                    1555.0079999999998,
                    844.992
                ],
                [
                    1559.0400000000002,
                    840.996
                ],
                [
                    1564.9920000000002,
                    828.0360000000001
                ],
                [
                    1569.0240000000001,
                    824.04
                ],
                [
                    1569.984,
                    818.9639999999999
                ],
                [
                    1574.976,
                    813.024
                ],
                [
                    1575.936,
                    809.028
                ],
                [
                    1584,
                    797.04
                ],
                [
                    1590.912,
                    790.9920000000001
                ],
                [
                    1597.056,
                    790.9920000000001
                ],
                [
                    1612.992,
                    795.96
                ],
                [
                    1617.024,
                    798.0120000000001
                ],
                [
                    1628.928,
                    805.0319999999999
                ],
                [
                    1638.912,
                    810.972
                ],
                [
                    1651.968,
                    817.992
                ],
                [
                    1668.096,
                    828.0360000000001
                ],
                [
                    1685.952,
                    840.996
                ],
                [
                    1693.056,
                    845.9639999999999
                ],
                [
                    1694.0159999999998,
                    852.9839999999999
                ],
                [
                    1689.0240000000001,
                    864.972
                ],
                [
                    1684.032,
                    871.02
                ],
                [
                    1676.9279999999999,
                    884.952
                ],
                [
                    1650.048,
                    925.0200000000001
                ],
                [
                    1612.032,
                    991.98
                ],
                [
                    1603.008,
                    1002.996
                ],
                [
                    1598.9759999999999,
                    1013.04
                ],
                [
                    1593.024,
                    1021.032
                ],
                [
                    1584.96,
                    1028.052
                ],
                [
                    1578.048,
                    1037.988
                ],
                [
                    1560.9599999999998,
                    1055.052
                ],
                [
                    1549.056,
                    1072.008
                ],
                [
                    1545.9840000000002,
                    1080
                ]
            ]
        },
        {
            "ID": "4",
            "CLASS": "유리병",
            "DETAILS": "투명",
            "DAMAGE": "원형",
            "DIRTINESS": "이물질(외부)",
            "COVER": "겹침",
            "TRANSPARENCY": "투명",
            "SHAPE": "유리병형",
            "SHAPE_TYPE": "POLYGON",
            "POINTS": [
                [
                    1388.928,
                    776.952
                ],
                [
                    1385.0880000000002,
                    775.008
                ],
                [
                    1376.064,
                    775.008
                ],
                [
                    1368.96,
                    770.04
                ],
                [
                    1368,
                    770.04
                ],
                [
                    1366.08,
                    768.9599999999999
                ],
                [
                    1363.968,
                    767.0160000000001
                ],
                [
                    1358.016,
                    763.9920000000001
                ],
                [
                    1357.056,
                    763.02
                ],
                [
                    1356.096,
                    763.02
                ],
                [
                    1353.9840000000002,
                    762.048
                ],
                [
                    1344.96,
                    762.048
                ],
                [
                    1343.04,
                    756.972
                ],
                [
                    1342.08,
                    752.976
                ],
                [
                    1340.928,
                    729.972
                ],
                [
                    1340.928,
                    716.0400000000001
                ],
                [
                    1342.08,
                    712.044
                ],
                [
                    1343.04,
                    709.992
                ],
                [
                    1350.912,
                    706.968
                ],
                [
                    1353.9840000000002,
                    706.968
                ],
                [
                    1359.9360000000001,
                    705.996
                ],
                [
                    1368,
                    705.996
                ],
                [
                    1372.992,
                    705.024
                ],
                [
                    1377.984,
                    702
                ],
                [
                    1381.056,
                    702
                ],
                [
                    1383.936,
                    701.028
                ],
                [
                    1414.0800000000002,
                    702
                ],
                [
                    1419.072,
                    702
                ],
                [
                    1425.024,
                    701.028
                ],
                [
                    1436.9279999999999,
                    701.028
                ],
                [
                    1440,
                    702
                ],
                [
                    1444.032,
                    702.972
                ],
                [
                    1449.0240000000001,
                    704.052
                ],
                [
                    1457.088,
                    704.052
                ],
                [
                    1462.08,
                    705.024
                ],
                [
                    1516.032,
                    705.024
                ],
                [
                    1517.952,
                    705.996
                ],
                [
                    1520.0639999999999,
                    705.996
                ],
                [
                    1521.0240000000001,
                    706.968
                ],
                [
                    1521.984,
                    709.02
                ],
                [
                    1522.944,
                    714.96
                ],
                [
                    1522.944,
                    752.004
                ],
                [
                    1521.984,
                    759.996
                ],
                [
                    1520.0639999999999,
                    770.04
                ],
                [
                    1517.952,
                    771.012
                ],
                [
                    1507.008,
                    771.984
                ],
                [
                    1502.976,
                    771.012
                ],
                [
                    1498.944,
                    768.9599999999999
                ],
                [
                    1479.9360000000001,
                    768.9599999999999
                ],
                [
                    1473.024,
                    767.9879999999999
                ],
                [
                    1467.0720000000001,
                    766.0440000000001
                ],
                [
                    1425.9840000000002,
                    766.0440000000001
                ],
                [
                    1422.912,
                    767.0160000000001
                ],
                [
                    1420.992,
                    767.9879999999999
                ],
                [
                    1419.072,
                    767.9879999999999
                ],
                [
                    1412.9279999999999,
                    771.984
                ],
                [
                    1410.048,
                    771.984
                ],
                [
                    1406.976,
                    774.0360000000001
                ],
                [
                    1406.0159999999998,
                    775.98
                ],
                [
                    1403.904,
                    775.98
                ],
                [
                    1401.0240000000001,
                    776.952
                ],
                [
                    1388.928,
                    776.952
                ]
            ]
        }
    ]
}