{
    "IMAGE_INFO": {
        "FILE_NAME": "1089085@0_07003_220919_P1_T3__1463.jpg",
        "DATE": "2022-10-31 14:58:17",
        "RESOLUTION": "1920 x 1080",
        "IMAGE_PHOTOGRAPHER": "권현진",
        "FOCUS_DISTANCE": "4.5",
        "EXPOSURE_TIME": "1/320",
        "SENSITIVITY_ISO": "10000",
        "PLACE": "성남시재활용센터",
        "REGION_NAME": null,
        "Direction": "0",
        "HEIGHT": "95",
        "DAY/NIGHT": "주간",
        "WEATHER": "맑음",
        "IMAGE_HEIGHT": 1080,
        "IMAGE_WIDTH": 1920,
        "IMAGE_SIZE": "710.4 KB"
    },
    "ANNOTATION_INFO": [
        {
            "ID": "1",
            "CLASS": "유리병",
            "DETAILS": "투명",
            "DAMAGE": "원형",
            "DIRTINESS": "이물질(외부)",
            "COVER": "없음",
            "TRANSPARENCY": "투명",
            "SHAPE": "유리병형",
            "SHAPE_TYPE": "POLYGON",
            "POINTS": [
                [
                    773.952,
                    961.956
                ],
                [
                    758.016,
                    956.016
                ],
                [
                    753.024,
                    956.016
                ],
                [
                    724.0319999999999,
                    944.028
                ],
                [
                    696,
                    920.052
                ],
                [
                    681.024,
                    891
                ],
                [
                    676.032,
                    875.988
                ],
                [
                    673.92,
                    856.0079999999999
                ],
                [
                    677.952,
                    824.04
                ],
                [
                    696,
                    791.9639999999999
                ],
                [
                    724.0319999999999,
                    771.012
                ],
                [
                    747.072,
                    762.048
                ],
                [
                    764.928,
                    759.024
                ],
                [
                    771.072,
                    752.004
                ],
                [
                    779.904,
                    752.976
                ],
                [
                    786.048,
                    759.024
                ],
                [
                    793.92,
                    759.024
                ],
                [
                    797.952,
                    762.048
                ],
                [
                    810.048,
                    763.9920000000001
                ],
                [
                    828.096,
                    771.012
                ],
                [
                    849.024,
                    783
                ],
                [
                    864,
                    794.9879999999999
                ],
                [
                    878.016,
                    813.024
                ],
                [
                    879.9359999999999,
                    824.04
                ],
                [
                    883.968,
                    825.984
                ],
                [
                    891.072,
                    853.9559999999999
                ],
                [
                    889.9200000000001,
                    882.036
                ],
                [
                    878.976,
                    886.032
                ],
                [
                    873.984,
                    890.028
                ],
                [
                    844.0319999999999,
                    924.048
                ],
                [
                    824.0640000000001,
                    936.0360000000001
                ],
                [
                    814.0799999999999,
                    938.952
                ],
                [
                    801.024,
                    957.96
                ],
                [
                    783.936,
                    961.956
                ],
                [
                    773.952,
                    961.956
                ]
            ]
        }
    ]
}