{
    "IMAGE_INFO": {
        "FILE_NAME": "1089105@0_07003_220919_P1_T3__1579.jpg",
        "DATE": "2022-10-31 14:58:19",
        "RESOLUTION": "1920 x 1080",
        "IMAGE_PHOTOGRAPHER": "권현진",
        "FOCUS_DISTANCE": "4.5",
        "EXPOSURE_TIME": "1/320",
        "SENSITIVITY_ISO": "10000",
        "PLACE": "성남시재활용센터",
        "REGION_NAME": null,
        "Direction": "0",
        "HEIGHT": "95",
        "DAY/NIGHT": "주간",
        "WEATHER": "맑음",
        "IMAGE_HEIGHT": 1080,
        "IMAGE_WIDTH": 1920,
        "IMAGE_SIZE": "615.9 KB"
    },
    "ANNOTATION_INFO": [
        {
            "ID": "1",
            "CLASS": "유리병",
            "DETAILS": "투명",
            "DAMAGE": "원형",
            "DIRTINESS": "이물질(외부)",
            "COVER": "없음",
            "TRANSPARENCY": "투명",
            "SHAPE": "유리병형",
            "SHAPE_TYPE": "POLYGON",
            "POINTS": [
                [
                    183.93599999999998,
                    357.048
                ],
                [
                    172.032,
                    354.024
                ],
                [
                    164.928,
                    351
                ],
                [
                    153.024,
                    336.96
                ],
                [
                    150.912,
                    317.952
                ],
                [
                    143.04,
                    304.02
                ],
                [
                    140.92800000000003,
                    263.952
                ],
                [
                    135.936,
                    254.016
                ],
                [
                    130.944,
                    219.99599999999998
                ],
                [
                    134.016,
                    176.04000000000002
                ],
                [
                    130.944,
                    149.04000000000002
                ],
                [
                    135.936,
                    132.948
                ],
                [
                    143.04,
                    124.956
                ],
                [
                    158.016,
                    119.016
                ],
                [
                    188.928,
                    111.024
                ],
                [
                    282.048,
                    101.952
                ],
                [
                    298.944,
                    99.036
                ],
                [
                    322.94399999999996,
                    97.956
                ],
                [
                    363.072,
                    91.044
                ],
                [
                    379.96799999999996,
                    91.044
                ],
                [
                    416.064,
                    88.02000000000001
                ],
                [
                    427.96799999999996,
                    84.99600000000001
                ],
                [
                    465.984,
                    84.02399999999999
                ],
                [
                    480.96,
                    81
                ],
                [
                    499.968,
                    80.028
                ],
                [
                    515.904,
                    81
                ],
                [
                    555.072,
                    92.988
                ],
                [
                    601.92,
                    95.03999999999999
                ],
                [
                    692.928,
                    93.96
                ],
                [
                    702.9119999999999,
                    96.012
                ],
                [
                    754.944,
                    96.012
                ],
                [
                    769.9200000000001,
                    97.956
                ],
                [
                    788.928,
                    104.976
                ],
                [
                    817.92,
                    104.976
                ],
                [
                    826.9440000000001,
                    108
                ],
                [
                    839.04,
                    173.988
                ],
                [
                    841.92,
                    238.032
                ],
                [
                    820.0319999999999,
                    243
                ],
                [
                    807.936,
                    243
                ],
                [
                    797.952,
                    245.052
                ],
                [
                    769.9200000000001,
                    265.032
                ],
                [
                    745.9200000000001,
                    266.00399999999996
                ],
                [
                    724.0319999999999,
                    273.024
                ],
                [
                    705.024,
                    274.968
                ],
                [
                    684.096,
                    281.01599999999996
                ],
                [
                    667.0079999999999,
                    282.96000000000004
                ],
                [
                    585.984,
                    300.024
                ],
                [
                    558.912,
                    311.03999999999996
                ],
                [
                    550.0799999999999,
                    317.952
                ],
                [
                    528,
                    326.052
                ],
                [
                    494.97599999999994,
                    330.048
                ],
                [
                    470.976,
                    330.048
                ],
                [
                    436.992,
                    332.964
                ],
                [
                    402.048,
                    339.012
                ],
                [
                    368.064,
                    339.98400000000004
                ],
                [
                    317.952,
                    346.03200000000004
                ],
                [
                    293.952,
                    347.00399999999996
                ],
                [
                    274.94399999999996,
                    351
                ],
                [
                    197.952,
                    357.048
                ],
                [
                    183.93599999999998,
                    357.048
                ]
            ]
        },
        {
            "ID": "2",
            "CLASS": "유리병",
            "DETAILS": "투명",
            "DAMAGE": "원형",
            "DIRTINESS": "이물질(외부)",
            "COVER": "없음",
            "TRANSPARENCY": "투명",
            "SHAPE": "유리병형",
            "SHAPE_TYPE": "POLYGON",
            "POINTS": [
                [
                    660.096,
                    1002.996
                ],
                [
                    653.952,
                    999
                ],
                [
                    649.9200000000001,
                    992.952
                ],
                [
                    647.0400000000001,
                    979.992
                ],
                [
                    646.08,
                    968.976
                ],
                [
                    643.0079999999999,
                    960.984
                ],
                [
                    643.0079999999999,
                    957.96
                ],
                [
                    639.9359999999999,
                    956.016
                ],
                [
                    637.0559999999999,
                    952.02
                ],
                [
                    635.904,
                    937.98
                ],
                [
                    633.024,
                    929.9879999999999
                ],
                [
                    632.064,
                    920.052
                ],
                [
                    628.032,
                    911.952
                ],
                [
                    627.072,
                    906.012
                ],
                [
                    606.912,
                    906.984
                ],
                [
                    593.088,
                    906.984
                ],
                [
                    590.0160000000001,
                    903.9599999999999
                ],
                [
                    586.9440000000001,
                    891.972
                ],
                [
                    585.024,
                    872.964
                ],
                [
                    581.952,
                    864.972
                ],
                [
                    579.072,
                    844.992
                ],
                [
                    571.968,
                    820.044
                ],
                [
                    566.016,
                    783.972
                ],
                [
                    557.952,
                    753.9480000000001
                ],
                [
                    556.9920000000001,
                    740.0160000000001
                ],
                [
                    551.04,
                    718.9559999999999
                ],
                [
                    551.04,
                    712.044
                ],
                [
                    552.9599999999999,
                    708.048
                ],
                [
                    560.0640000000001,
                    702
                ],
                [
                    565.056,
                    699.948
                ],
                [
                    572.928,
                    697.0319999999999
                ],
                [
                    600.96,
                    690.0120000000001
                ],
                [
                    606.912,
                    689.04
                ],
                [
                    614.976,
                    689.04
                ],
                [
                    625.9200000000001,
                    686.016
                ],
                [
                    635.904,
                    685.044
                ],
                [
                    652.9920000000001,
                    685.044
                ],
                [
                    657.024,
                    689.04
                ],
                [
                    658.944,
                    698.004
                ],
                [
                    662.016,
                    705.024
                ],
                [
                    667.0079999999999,
                    732.024
                ],
                [
                    671.04,
                    744.9839999999999
                ],
                [
                    673.92,
                    768.9599999999999
                ],
                [
                    700.0319999999999,
                    879.9839999999999
                ],
                [
                    697.92,
                    884.952
                ],
                [
                    691.968,
                    887.976
                ],
                [
                    681.984,
                    891
                ],
                [
                    672,
                    894.996
                ],
                [
                    671.04,
                    899.964
                ],
                [
                    672,
                    911.952
                ],
                [
                    675.072,
                    922.9680000000001
                ],
                [
                    675.072,
                    930.96
                ],
                [
                    676.9920000000001,
                    936.0360000000001
                ],
                [
                    676.9920000000001,
                    941.0039999999999
                ],
                [
                    678.912,
                    942.948
                ],
                [
                    677.952,
                    956.9879999999999
                ],
                [
                    681.984,
                    972.972
                ],
                [
                    682.9440000000001,
                    990.036
                ],
                [
                    681.984,
                    994.032
                ],
                [
                    676.032,
                    999.972
                ],
                [
                    671.04,
                    1002.996
                ],
                [
                    660.096,
                    1002.996
                ]
            ]
        }
    ]
}