{
    "IMAGE_INFO": {
        "FILE_NAME": "1089107@0_07003_220919_P1_T3__0384.jpg",
        "DATE": "2022-10-31 14:57:57",
        "RESOLUTION": "1920 x 1080",
        "IMAGE_PHOTOGRAPHER": "권현진",
        "FOCUS_DISTANCE": "4.5",
        "EXPOSURE_TIME": "1/320",
        "SENSITIVITY_ISO": "10000",
        "PLACE": "성남시재활용센터",
        "REGION_NAME": null,
        "Direction": "0",
        "HEIGHT": "95",
        "DAY/NIGHT": "주간",
        "WEATHER": "맑음",
        "IMAGE_HEIGHT": 1080,
        "IMAGE_WIDTH": 1920,
        "IMAGE_SIZE": "546.9 KB"
    },
    "ANNOTATION_INFO": [
        {
            "ID": "1",
            "CLASS": "유리병",
            "DETAILS": "투명",
            "DAMAGE": "원형",
            "DIRTINESS": "이물질(외부)",
            "COVER": "없음",
            "TRANSPARENCY": "투명",
            "SHAPE": "유리병형",
            "SHAPE_TYPE": "POLYGON",
            "POINTS": [
                [
                    1008.9599999999999,
                    652.9680000000001
                ],
                [
                    990.912,
                    651.996
                ],
                [
                    982.0799999999999,
                    650.052
                ],
                [
                    966.912,
                    640.98
                ],
                [
                    921.984,
                    609.9839999999999
                ],
                [
                    912,
                    600.048
                ],
                [
                    897.984,
                    586.0079999999999
                ],
                [
                    878.976,
                    567.972
                ],
                [
                    857.0880000000001,
                    546.048
                ],
                [
                    830.976,
                    517.9680000000001
                ],
                [
                    807.936,
                    496.044
                ],
                [
                    793.92,
                    482.976
                ],
                [
                    781.056,
                    470.01599999999996
                ],
                [
                    768.96,
                    458.02799999999996
                ],
                [
                    763.968,
                    450.036
                ],
                [
                    763.0079999999999,
                    439.99199999999996
                ],
                [
                    762.048,
                    425.952
                ],
                [
                    758.976,
                    405
                ],
                [
                    758.976,
                    381.99600000000004
                ],
                [
                    757.0559999999999,
                    375.94800000000004
                ],
                [
                    744,
                    358.02000000000004
                ],
                [
                    729.9839999999999,
                    348.948
                ],
                [
                    723.072,
                    339.012
                ],
                [
                    723.072,
                    312.984
                ],
                [
                    734.016,
                    297.972
                ],
                [
                    747.072,
                    288.036
                ],
                [
                    761.088,
                    282.96000000000004
                ],
                [
                    768,
                    284.04
                ],
                [
                    778.944,
                    289.98
                ],
                [
                    791.04,
                    300.996
                ],
                [
                    807.936,
                    316.00800000000004
                ],
                [
                    812.928,
                    317.952
                ],
                [
                    835.9680000000001,
                    321.948
                ],
                [
                    859.9680000000001,
                    328.96799999999996
                ],
                [
                    873.984,
                    331.02
                ],
                [
                    907.968,
                    347.00399999999996
                ],
                [
                    924.096,
                    359.964
                ],
                [
                    945.984,
                    378
                ],
                [
                    974.9760000000001,
                    402.948
                ],
                [
                    1017.0239999999999,
                    446.03999999999996
                ],
                [
                    1049.088,
                    475.95599999999996
                ],
                [
                    1073.088,
                    501.984
                ],
                [
                    1080.9599999999998,
                    513
                ],
                [
                    1102.08,
                    539.028
                ],
                [
                    1103.04,
                    551.016
                ],
                [
                    1088.0639999999999,
                    577.044
                ],
                [
                    1075.0079999999998,
                    594.972
                ],
                [
                    1065.9840000000002,
                    605.0160000000001
                ],
                [
                    1050.048,
                    621.972
                ],
                [
                    1026.048,
                    641.952
                ],
                [
                    1017.0239999999999,
                    648.972
                ]
            ]
        }
    ]
}