{
    "IMAGE_INFO": {
        "FILE_NAME": "1089013@0_07003_220919_P1_T3__1122.jpg",
        "DATE": "2022-10-31 14:58:10",
        "RESOLUTION": "1920 x 1080",
        "IMAGE_PHOTOGRAPHER": "권현진",
        "FOCUS_DISTANCE": "4.5",
        "EXPOSURE_TIME": "1/320",
        "SENSITIVITY_ISO": "10000",
        "PLACE": "성남시재활용센터",
        "REGION_NAME": null,
        "Direction": "0",
        "HEIGHT": "95",
        "DAY/NIGHT": "주간",
        "WEATHER": "맑음",
        "IMAGE_HEIGHT": 1080,
        "IMAGE_WIDTH": 1920,
        "IMAGE_SIZE": "646.9 KB"
    },
    "ANNOTATION_INFO": [
        {
            "ID": "1",
            "CLASS": "유리병",
            "DETAILS": "투명",
            "DAMAGE": "원형",
            "DIRTINESS": "이물질(외부)",
            "COVER": "없음",
            "TRANSPARENCY": "투명",
            "SHAPE": "유리병형",
            "SHAPE_TYPE": "POLYGON",
            "POINTS": [
                [
                    725.952,
                    1045.008
                ],
                [
                    710.0160000000001,
                    1042.956
                ],
                [
                    681.984,
                    1036.044
                ],
                [
                    665.088,
                    1028.052
                ],
                [
                    661.056,
                    1028.052
                ],
                [
                    639.9359999999999,
                    1019.952
                ],
                [
                    630.912,
                    1018.98
                ],
                [
                    619.008,
                    1021.032
                ],
                [
                    609.9839999999999,
                    1019.952
                ],
                [
                    601.92,
                    1022.976
                ],
                [
                    598.08,
                    1022.004
                ],
                [
                    595.008,
                    1019.952
                ],
                [
                    593.088,
                    1007.964
                ],
                [
                    585.984,
                    994.032
                ],
                [
                    580.0319999999999,
                    991.98
                ],
                [
                    572.928,
                    991.98
                ],
                [
                    572.928,
                    984.96
                ],
                [
                    588.096,
                    971.028
                ],
                [
                    584.0640000000001,
                    955.044
                ],
                [
                    585.984,
                    952.992
                ],
                [
                    595.008,
                    951.048
                ],
                [
                    600,
                    947.052
                ],
                [
                    600,
                    945
                ],
                [
                    629.952,
                    915.948
                ],
                [
                    633.024,
                    907.956
                ],
                [
                    644.928,
                    891.972
                ],
                [
                    684.096,
                    860.004
                ],
                [
                    711.936,
                    845.9639999999999
                ],
                [
                    734.976,
                    840.024
                ],
                [
                    761.088,
                    830.952
                ],
                [
                    859.9680000000001,
                    810.972
                ],
                [
                    900.096,
                    805.0319999999999
                ],
                [
                    931.968,
                    802.008
                ],
                [
                    966.912,
                    802.008
                ],
                [
                    975.9359999999999,
                    806.976
                ],
                [
                    983.04,
                    809.028
                ],
                [
                    990.912,
                    818.9639999999999
                ],
                [
                    1004.928,
                    874.044
                ],
                [
                    1008.9599999999999,
                    888.9480000000001
                ],
                [
                    1016.064,
                    898.02
                ],
                [
                    1019.904,
                    910.008
                ],
                [
                    1019.904,
                    921.024
                ],
                [
                    1022.9760000000001,
                    929.016
                ],
                [
                    1022.9760000000001,
                    956.9879999999999
                ],
                [
                    1016.064,
                    975.024
                ],
                [
                    1011.0719999999999,
                    979.992
                ],
                [
                    994.944,
                    987.9839999999999
                ],
                [
                    980.928,
                    992.952
                ],
                [
                    975.9359999999999,
                    992.952
                ],
                [
                    971.904,
                    987.9839999999999
                ],
                [
                    971.904,
                    983.988
                ],
                [
                    966.912,
                    980.9639999999999
                ],
                [
                    958.08,
                    982.044
                ],
                [
                    953.088,
                    984.96
                ],
                [
                    926.016,
                    992.952
                ],
                [
                    916.032,
                    999
                ],
                [
                    877.0559999999999,
                    1010.988
                ],
                [
                    858.048,
                    1021.032
                ],
                [
                    820.992,
                    1034.964
                ],
                [
                    796.032,
                    1040.04
                ],
                [
                    778.944,
                    1041.012
                ],
                [
                    768,
                    1044.036
                ]
            ]
        }
    ]
}