{
    "IMAGE_INFO": {
        "FILE_NAME": "1089028@0_07003_220919_P1_T3__1338.jpg",
        "DATE": "2022-10-31 14:58:14",
        "RESOLUTION": "1920 x 1080",
        "IMAGE_PHOTOGRAPHER": "권현진",
        "FOCUS_DISTANCE": "4.5",
        "EXPOSURE_TIME": "1/320",
        "SENSITIVITY_ISO": "10000",
        "PLACE": "성남시재활용센터",
        "REGION_NAME": null,
        "Direction": "0",
        "HEIGHT": "95",
        "DAY/NIGHT": "주간",
        "WEATHER": "맑음",
        "IMAGE_HEIGHT": 1080,
        "IMAGE_WIDTH": 1920,
        "IMAGE_SIZE": "654.6 KB"
    },
    "ANNOTATION_INFO": [
        {
            "ID": "1",
            "CLASS": "유리병",
            "DETAILS": "투명",
            "DAMAGE": "원형",
            "DIRTINESS": "이물질(외부)",
            "COVER": "없음",
            "TRANSPARENCY": "투명",
            "SHAPE": "유리병형",
            "SHAPE_TYPE": "POLYGON",
            "POINTS": [
                [
                    1251.072,
                    1080
                ],
                [
                    1242.048,
                    1067.04
                ],
                [
                    1228.032,
                    1063.0439999999999
                ],
                [
                    1217.088,
                    1073.952
                ],
                [
                    1213.056,
                    1071.036
                ],
                [
                    1200.9599999999998,
                    1071.036
                ],
                [
                    1196.9279999999999,
                    1069.9560000000001
                ],
                [
                    1190.9759999999999,
                    1068.012
                ],
                [
                    1186.944,
                    1064.0159999999998
                ],
                [
                    1182.912,
                    1052.028
                ],
                [
                    1181.952,
                    1042.956
                ],
                [
                    1180.992,
                    998.028
                ],
                [
                    1177.92,
                    979.02
                ],
                [
                    1179.072,
                    965.952
                ],
                [
                    1175.04,
                    963.0360000000001
                ],
                [
                    1175.04,
                    960.984
                ],
                [
                    1179.072,
                    957.96
                ],
                [
                    1179.072,
                    956.016
                ],
                [
                    1181.952,
                    955.044
                ],
                [
                    1185.9840000000002,
                    955.044
                ],
                [
                    1190.9759999999999,
                    952.992
                ],
                [
                    1196.9279999999999,
                    952.02
                ],
                [
                    1214.976,
                    952.02
                ],
                [
                    1219.008,
                    955.044
                ],
                [
                    1223.04,
                    956.016
                ],
                [
                    1228.992,
                    959.04
                ],
                [
                    1234.944,
                    957.96
                ],
                [
                    1238.9759999999999,
                    955.044
                ],
                [
                    1244.9279999999999,
                    960.0120000000001
                ],
                [
                    1246.08,
                    956.016
                ],
                [
                    1257.984,
                    941.0039999999999
                ],
                [
                    1258.944,
                    937.008
                ],
                [
                    1271.04,
                    924.048
                ],
                [
                    1285.056,
                    913.032
                ],
                [
                    1286.0159999999998,
                    910.98
                ],
                [
                    1290.048,
                    909.0360000000001
                ],
                [
                    1290.048,
                    907.956
                ],
                [
                    1294.0800000000002,
                    906.984
                ],
                [
                    1297.92,
                    903.9599999999999
                ],
                [
                    1308.096,
                    901.0440000000001
                ],
                [
                    1311.9360000000001,
                    901.0440000000001
                ],
                [
                    1315.968,
                    899.964
                ],
                [
                    1340.928,
                    899.964
                ],
                [
                    1368,
                    901.0440000000001
                ],
                [
                    1395.0720000000001,
                    901.0440000000001
                ],
                [
                    1411.008,
                    902.9879999999999
                ],
                [
                    1428.096,
                    902.9879999999999
                ],
                [
                    1443.0720000000001,
                    903.9599999999999
                ],
                [
                    1455.936,
                    910.008
                ],
                [
                    1459.9679999999998,
                    913.032
                ],
                [
                    1479.9360000000001,
                    934.956
                ],
                [
                    1487.04,
                    948.024
                ],
                [
                    1491.072,
                    961.956
                ],
                [
                    1493.952,
                    1007.964
                ],
                [
                    1492.032,
                    1025.028
                ],
                [
                    1493.952,
                    1040.04
                ],
                [
                    1489.92,
                    1060.992
                ],
                [
                    1489.92,
                    1072.008
                ],
                [
                    1488,
                    1072.98
                ],
                [
                    1488,
                    1080
                ]
            ]
        },
        {
            "ID": "2",
            "CLASS": "유리병",
            "DETAILS": "투명",
            "DAMAGE": "원형",
            "DIRTINESS": "이물질(외부)",
            "COVER": "없음",
            "TRANSPARENCY": "투명",
            "SHAPE": "유리병형",
            "SHAPE_TYPE": "POLYGON",
            "POINTS": [
                [
                    494.01599999999996,
                    1080
                ],
                [
                    491.904,
                    1069.9560000000001
                ],
                [
                    488.06399999999996,
                    1063.0439999999999
                ],
                [
                    488.06399999999996,
                    1059.048
                ],
                [
                    483.072,
                    1046.952
                ],
                [
                    475.968,
                    1038.96
                ],
                [
                    470.01599999999996,
                    1033.992
                ],
                [
                    465.984,
                    1029.024
                ],
                [
                    454.08,
                    1006.02
                ],
                [
                    454.08,
                    1002.024
                ],
                [
                    456,
                    995.004
                ],
                [
                    461.952,
                    991.98
                ],
                [
                    465.984,
                    987.0120000000001
                ],
                [
                    474.048,
                    983.988
                ],
                [
                    537.984,
                    941.976
                ],
                [
                    545.088,
                    936.0360000000001
                ],
                [
                    570.048,
                    921.024
                ],
                [
                    600,
                    898.02
                ],
                [
                    623.04,
                    887.004
                ],
                [
                    628.032,
                    886.032
                ],
                [
                    651.072,
                    875.988
                ],
                [
                    658.944,
                    870.048
                ],
                [
                    678.912,
                    860.004
                ],
                [
                    691.008,
                    856.0079999999999
                ],
                [
                    695.04,
                    852.9839999999999
                ],
                [
                    700.992,
                    852.0120000000001
                ],
                [
                    713.088,
                    845.9639999999999
                ],
                [
                    723.072,
                    841.968
                ],
                [
                    725.952,
                    841.968
                ],
                [
                    734.976,
                    840.024
                ],
                [
                    740.928,
                    843.048
                ],
                [
                    745.9200000000001,
                    849.96
                ],
                [
                    754.944,
                    852.9839999999999
                ],
                [
                    763.968,
                    860.976
                ],
                [
                    768,
                    867.024
                ],
                [
                    774.912,
                    871.992
                ],
                [
                    777.984,
                    875.988
                ],
                [
                    777.984,
                    884.952
                ],
                [
                    777.024,
                    888.9480000000001
                ],
                [
                    772.9920000000001,
                    897.048
                ],
                [
                    758.976,
                    914.004
                ],
                [
                    749.952,
                    921.996
                ],
                [
                    744,
                    930.96
                ],
                [
                    726.912,
                    945.972
                ],
                [
                    708.096,
                    960.0120000000001
                ],
                [
                    691.968,
                    978.048
                ],
                [
                    686.016,
                    986.0400000000001
                ],
                [
                    681.024,
                    988.9559999999999
                ],
                [
                    672.9599999999999,
                    995.976
                ],
                [
                    658.944,
                    1003.968
                ],
                [
                    643.968,
                    1014.9839999999999
                ],
                [
                    623.04,
                    1026.972
                ],
                [
                    620.928,
                    1029.024
                ],
                [
                    618.048,
                    1029.996
                ],
                [
                    604.992,
                    1038.96
                ],
                [
                    599.04,
                    1044.036
                ],
                [
                    590.0160000000001,
                    1053
                ],
                [
                    585.024,
                    1060.992
                ],
                [
                    585.024,
                    1080
                ],
                [
                    494.01599999999996,
                    1080
                ]
            ]
        }
    ]
}