{
    "IMAGE_INFO": {
        "FILE_NAME": "1089031@0_07003_220919_P1_T3__0063.jpg",
        "DATE": "2022-10-31 14:57:49",
        "RESOLUTION": "1920 x 1080",
        "IMAGE_PHOTOGRAPHER": "권현진",
        "FOCUS_DISTANCE": "4.5",
        "EXPOSURE_TIME": "1/320",
        "SENSITIVITY_ISO": "10000",
        "PLACE": "성남시재활용센터",
        "REGION_NAME": null,
        "Direction": "0",
        "HEIGHT": "95",
        "DAY/NIGHT": "주간",
        "WEATHER": "맑음",
        "IMAGE_HEIGHT": 1080,
        "IMAGE_WIDTH": 1920,
        "IMAGE_SIZE": "670.9 KB"
    },
    "ANNOTATION_INFO": [
        {
            "ID": "1",
            "CLASS": "유리병",
            "DETAILS": "투명",
            "DAMAGE": "원형",
            "DIRTINESS": "이물질(외부)",
            "COVER": "없음",
            "TRANSPARENCY": "투명",
            "SHAPE": "유리병형",
            "SHAPE_TYPE": "POLYGON",
            "POINTS": [
                [
                    272.06399999999996,
                    277.02
                ],
                [
                    254.976,
                    276.048
                ],
                [
                    243.07199999999997,
                    274.968
                ],
                [
                    226.944,
                    273.024
                ],
                [
                    220.992,
                    270
                ],
                [
                    219.07199999999997,
                    266.976
                ],
                [
                    217.92000000000002,
                    261.036
                ],
                [
                    216.96,
                    257.03999999999996
                ],
                [
                    216,
                    251.964
                ],
                [
                    216,
                    239.004
                ],
                [
                    216.96,
                    211.03199999999998
                ],
                [
                    215.04,
                    200.988
                ],
                [
                    215.04,
                    196.99200000000002
                ],
                [
                    216.96,
                    189.972
                ],
                [
                    216.96,
                    184.03199999999998
                ],
                [
                    214.08,
                    181.008
                ],
                [
                    212.928,
                    178.956
                ],
                [
                    211.968,
                    176.04000000000002
                ],
                [
                    211.968,
                    173.988
                ],
                [
                    212.928,
                    166.968
                ],
                [
                    212.928,
                    146.988
                ],
                [
                    211.00799999999998,
                    135.972
                ],
                [
                    211.00799999999998,
                    103.032
                ],
                [
                    209.088,
                    84.02399999999999
                ],
                [
                    209.088,
                    73.98
                ],
                [
                    210.048,
                    42.984
                ],
                [
                    211.968,
                    34.02
                ],
                [
                    211.00799999999998,
                    0
                ],
                [
                    350.976,
                    0
                ],
                [
                    350.976,
                    19.98
                ],
                [
                    351.936,
                    20.952
                ],
                [
                    353.088,
                    66.96
                ],
                [
                    351.936,
                    76.03200000000001
                ],
                [
                    351.936,
                    96.98400000000001
                ],
                [
                    354.048,
                    138.996
                ],
                [
                    354.048,
                    177.012
                ],
                [
                    353.088,
                    180.03599999999997
                ],
                [
                    350.01599999999996,
                    185.00400000000002
                ],
                [
                    350.976,
                    189.972
                ],
                [
                    350.976,
                    192.024
                ],
                [
                    350.01599999999996,
                    196.99200000000002
                ],
                [
                    350.976,
                    227.988
                ],
                [
                    349.056,
                    234.036
                ],
                [
                    349.056,
                    250.992
                ],
                [
                    346.944,
                    254.988
                ],
                [
                    346.944,
                    258.98400000000004
                ],
                [
                    345.024,
                    263.952
                ],
                [
                    342.91200000000003,
                    267.948
                ],
                [
                    340.03200000000004,
                    270.97200000000004
                ],
                [
                    336,
                    273.024
                ],
                [
                    330.048,
                    273.996
                ],
                [
                    316.992,
                    274.968
                ],
                [
                    282.048,
                    277.02
                ],
                [
                    272.06399999999996,
                    277.02
                ]
            ]
        },
        {
            "ID": "3",
            "CLASS": "유리병",
            "DETAILS": "투명",
            "DAMAGE": "원형",
            "DIRTINESS": "이물질(외부)",
            "COVER": "없음",
            "TRANSPARENCY": "투명",
            "SHAPE": "유리병형",
            "SHAPE_TYPE": "POLYGON",
            "POINTS": [
                [
                    1334.976,
                    222.048
                ],
                [
                    1331.904,
                    218.052
                ],
                [
                    1325.952,
                    204.012
                ],
                [
                    1321.92,
                    200.988
                ],
                [
                    1290.048,
                    200.988
                ],
                [
                    1277.952,
                    200.016
                ],
                [
                    1273.92,
                    196.01999999999998
                ],
                [
                    1268.928,
                    196.01999999999998
                ],
                [
                    1263.936,
                    195.048
                ],
                [
                    1256.064,
                    189.972
                ],
                [
                    1249.92,
                    188.028
                ],
                [
                    1243.968,
                    182.952
                ],
                [
                    1229.952,
                    168.04799999999997
                ],
                [
                    1225.9199999999998,
                    162
                ],
                [
                    1225.9199999999998,
                    135
                ],
                [
                    1227.0720000000001,
                    126.036
                ],
                [
                    1229.952,
                    118.044
                ],
                [
                    1236.096,
                    110.052
                ],
                [
                    1238.016,
                    105.94800000000001
                ],
                [
                    1238.9759999999999,
                    99.036
                ],
                [
                    1244.9279999999999,
                    85.968
                ],
                [
                    1249.92,
                    80.028
                ],
                [
                    1257.024,
                    60.047999999999995
                ],
                [
                    1259.904,
                    57.024
                ],
                [
                    1259.904,
                    54
                ],
                [
                    1267.968,
                    43.956
                ],
                [
                    1267.968,
                    38.988
                ],
                [
                    1272,
                    31.968
                ],
                [
                    1273.92,
                    23.976000000000003
                ],
                [
                    1277.952,
                    18.035999999999998
                ],
                [
                    1281.984,
                    3.996
                ],
                [
                    1283.904,
                    2.052
                ],
                [
                    1464,
                    0
                ],
                [
                    1460.928,
                    3.024
                ],
                [
                    1459.9679999999998,
                    3.024
                ],
                [
                    1455.936,
                    6.048
                ],
                [
                    1454.0159999999998,
                    14.04
                ],
                [
                    1454.976,
                    30.023999999999997
                ],
                [
                    1449.984,
                    34.02
                ],
                [
                    1444.032,
                    47.952000000000005
                ],
                [
                    1444.032,
                    51.94799999999999
                ],
                [
                    1441.92,
                    60.047999999999995
                ],
                [
                    1431.9360000000001,
                    74.952
                ],
                [
                    1430.9759999999999,
                    85.968
                ],
                [
                    1430.016,
                    88.02000000000001
                ],
                [
                    1425.9840000000002,
                    92.01599999999999
                ],
                [
                    1425.024,
                    97.956
                ],
                [
                    1420.0320000000002,
                    101.952
                ],
                [
                    1412.9279999999999,
                    122.04
                ],
                [
                    1401.984,
                    135.972
                ],
                [
                    1400.0639999999999,
                    154.008
                ],
                [
                    1396.032,
                    164.05200000000002
                ],
                [
                    1386.048,
                    180.03599999999997
                ],
                [
                    1380.096,
                    195.048
                ],
                [
                    1376.064,
                    201.96
                ],
                [
                    1363.968,
                    213.948
                ],
                [
                    1358.9759999999999,
                    218.052
                ],
                [
                    1347.0720000000001,
                    222.048
                ],
                [
                    1334.976,
                    222.048
                ]
            ]
        }
    ]
}