{
    "IMAGE_INFO": {
        "FILE_NAME": "1089049@0_07003_220919_P1_T3__0308.jpg",
        "DATE": "2022-10-31 14:57:54",
        "RESOLUTION": "1920 x 1080",
        "IMAGE_PHOTOGRAPHER": "권현진",
        "FOCUS_DISTANCE": "4.5",
        "EXPOSURE_TIME": "1/320",
        "SENSITIVITY_ISO": "10000",
        "PLACE": "성남시재활용센터",
        "REGION_NAME": null,
        "Direction": "0",
        "HEIGHT": "95",
        "DAY/NIGHT": "주간",
        "WEATHER": "맑음",
        "IMAGE_HEIGHT": 1080,
        "IMAGE_WIDTH": 1920,
        "IMAGE_SIZE": "559.2 KB"
    },
    "ANNOTATION_INFO": [
        {
            "ID": "1",
            "CLASS": "유리병",
            "DETAILS": "투명",
            "DAMAGE": "원형",
            "DIRTINESS": "이물질(외부)",
            "COVER": "없음",
            "TRANSPARENCY": "투명",
            "SHAPE": "유리병형",
            "SHAPE_TYPE": "POLYGON",
            "POINTS": [
                [
                    672.9599999999999,
                    1080
                ],
                [
                    652.9920000000001,
                    1063.0439999999999
                ],
                [
                    643.0079999999999,
                    1059.048
                ],
                [
                    620.928,
                    1045.98
                ],
                [
                    617.0880000000001,
                    1040.04
                ],
                [
                    601.92,
                    1032.048
                ],
                [
                    594.048,
                    1019.952
                ],
                [
                    591.936,
                    1013.04
                ],
                [
                    566.016,
                    1001.0519999999999
                ],
                [
                    556.032,
                    994.032
                ],
                [
                    550.0799999999999,
                    986.0400000000001
                ],
                [
                    541.056,
                    979.992
                ],
                [
                    528.96,
                    972.972
                ],
                [
                    493.0559999999999,
                    957.96
                ],
                [
                    484.032,
                    952.02
                ],
                [
                    450.048,
                    937.98
                ],
                [
                    427.96799999999996,
                    932.04
                ],
                [
                    423.936,
                    929.016
                ],
                [
                    418.944,
                    914.004
                ],
                [
                    412.992,
                    905.04
                ],
                [
                    404.928,
                    898.02
                ],
                [
                    404.928,
                    893.052
                ],
                [
                    401.088,
                    887.004
                ],
                [
                    394.94399999999996,
                    882.036
                ],
                [
                    394.94399999999996,
                    871.02
                ],
                [
                    398.976,
                    864.972
                ],
                [
                    403.008,
                    860.976
                ],
                [
                    411.072,
                    859.032
                ],
                [
                    421.056,
                    859.032
                ],
                [
                    437.952,
                    860.976
                ],
                [
                    451.968,
                    859.032
                ],
                [
                    465.984,
                    860.004
                ],
                [
                    471.936,
                    867.996
                ],
                [
                    475.968,
                    870.048
                ],
                [
                    489.02399999999994,
                    871.992
                ],
                [
                    503.04,
                    876.96
                ],
                [
                    531.072,
                    883.008
                ],
                [
                    556.032,
                    891.972
                ],
                [
                    584.0640000000001,
                    895.968
                ],
                [
                    601.92,
                    897.048
                ],
                [
                    652.9920000000001,
                    906.012
                ],
                [
                    690.048,
                    910.008
                ],
                [
                    705.984,
                    914.004
                ],
                [
                    711.936,
                    914.004
                ],
                [
                    744.96,
                    920.052
                ],
                [
                    757.0559999999999,
                    925.9920000000001
                ],
                [
                    772.9920000000001,
                    928.044
                ],
                [
                    810.048,
                    937.98
                ],
                [
                    858.048,
                    955.044
                ],
                [
                    902.976,
                    974.052
                ],
                [
                    926.976,
                    987.0120000000001
                ],
                [
                    937.92,
                    999
                ],
                [
                    944.0640000000001,
                    1009.044
                ],
                [
                    945.984,
                    1015.956
                ],
                [
                    944.0640000000001,
                    1037.988
                ],
                [
                    940.0319999999999,
                    1048.0320000000002
                ],
                [
                    940.0319999999999,
                    1057.968
                ],
                [
                    937.92,
                    1068.012
                ],
                [
                    934.0799999999999,
                    1073.952
                ],
                [
                    934.0799999999999,
                    1080
                ],
                [
                    672.9599999999999,
                    1080
                ]
            ]
        },
        {
            "ID": "2",
            "CLASS": "유리병",
            "DETAILS": "투명",
            "DAMAGE": "원형",
            "DIRTINESS": "이물질(외부)",
            "COVER": "없음",
            "TRANSPARENCY": "투명",
            "SHAPE": "유리병형",
            "SHAPE_TYPE": "POLYGON",
            "POINTS": [
                [
                    1108.032,
                    886.032
                ],
                [
                    1074.048,
                    880.956
                ],
                [
                    1043.904,
                    883.008
                ],
                [
                    1001.088,
                    880.956
                ],
                [
                    992.0640000000001,
                    879.9839999999999
                ],
                [
                    988.0319999999999,
                    878.04
                ],
                [
                    983.04,
                    875.0160000000001
                ],
                [
                    980.928,
                    871.02
                ],
                [
                    982.0799999999999,
                    847.044
                ],
                [
                    983.9999999999999,
                    837
                ],
                [
                    987.072,
                    832.0319999999999
                ],
                [
                    988.992,
                    818.9639999999999
                ],
                [
                    988.992,
                    797.04
                ],
                [
                    996.0960000000001,
                    758.052
                ],
                [
                    999.936,
                    752.976
                ],
                [
                    1001.088,
                    748.008
                ],
                [
                    999.936,
                    726.948
                ],
                [
                    1004.928,
                    709.02
                ],
                [
                    1004.928,
                    690.984
                ],
                [
                    1008,
                    675.972
                ],
                [
                    1008,
                    658.044
                ],
                [
                    1001.088,
                    648.972
                ],
                [
                    996.0960000000001,
                    648
                ],
                [
                    983.9999999999999,
                    648.972
                ],
                [
                    980.928,
                    648
                ],
                [
                    980.928,
                    637.956
                ],
                [
                    988.0319999999999,
                    623.052
                ],
                [
                    993.9840000000002,
                    617.976
                ],
                [
                    997.0559999999999,
                    617.976
                ],
                [
                    1001.088,
                    613.008
                ],
                [
                    1001.088,
                    602.964
                ],
                [
                    1003.9680000000001,
                    594.972
                ],
                [
                    1002.048,
                    571.968
                ],
                [
                    1003.0079999999999,
                    562.0319999999999
                ],
                [
                    1007.04,
                    555.984
                ],
                [
                    1008,
                    548.9639999999999
                ],
                [
                    1004.928,
                    537.948
                ],
                [
                    1003.0079999999999,
                    494.964
                ],
                [
                    1007.04,
                    488.052
                ],
                [
                    1011.0719999999999,
                    485.028
                ],
                [
                    1031.04,
                    478.98
                ],
                [
                    1059.072,
                    463.96799999999996
                ],
                [
                    1061.952,
                    446.03999999999996
                ],
                [
                    1062.912,
                    388.044
                ],
                [
                    1065.9840000000002,
                    370.00800000000004
                ],
                [
                    1066.944,
                    321.948
                ],
                [
                    1070.016,
                    296.028
                ],
                [
                    1075.968,
                    289.008
                ],
                [
                    1091.904,
                    288.036
                ],
                [
                    1099.008,
                    285.984
                ],
                [
                    1126.08,
                    285.012
                ],
                [
                    1133.952,
                    288.036
                ],
                [
                    1137.984,
                    290.952
                ],
                [
                    1143.936,
                    300.996
                ],
                [
                    1146.048,
                    311.03999999999996
                ],
                [
                    1146.048,
                    393.012
                ],
                [
                    1142.016,
                    428.976
                ],
                [
                    1142.016,
                    462.024
                ],
                [
                    1147.968,
                    469.04400000000004
                ],
                [
                    1156.992,
                    470.01599999999996
                ],
                [
                    1176,
                    482.976
                ],
                [
                    1186.944,
                    488.052
                ],
                [
                    1196.9279999999999,
                    494.964
                ],
                [
                    1201.92,
                    520.02
                ],
                [
                    1201.92,
                    540.972
                ],
                [
                    1199.0400000000002,
                    551.9879999999999
                ],
                [
                    1194.048,
                    560.952
                ],
                [
                    1193.088,
                    582.0120000000001
                ],
                [
                    1190.9759999999999,
                    589.032
                ],
                [
                    1189.056,
                    658.044
                ],
                [
                    1185.9840000000002,
                    666.0360000000001
                ],
                [
                    1185.9840000000002,
                    709.992
                ],
                [
                    1190.016,
                    732.024
                ],
                [
                    1190.9759999999999,
                    759.996
                ],
                [
                    1193.088,
                    766.0440000000001
                ],
                [
                    1193.088,
                    791.9639999999999
                ],
                [
                    1195.968,
                    802.008
                ],
                [
                    1195.968,
                    832.0319999999999
                ],
                [
                    1199.0400000000002,
                    847.044
                ],
                [
                    1199.0400000000002,
                    857.952
                ],
                [
                    1195.968,
                    864.972
                ],
                [
                    1196.9279999999999,
                    871.02
                ],
                [
                    1194.048,
                    879.9839999999999
                ],
                [
                    1176.96,
                    884.952
                ],
                [
                    1155.0720000000001,
                    883.008
                ],
                [
                    1140.096,
                    883.008
                ],
                [
                    1128,
                    886.032
                ]
            ]
        }
    ]
}