{
    "IMAGE_INFO": {
        "FILE_NAME": "1089041@0_07003_220919_P1_T3__0119.jpg",
        "DATE": "2022-10-31 14:57:50",
        "RESOLUTION": "1920 x 1080",
        "IMAGE_PHOTOGRAPHER": "권현진",
        "FOCUS_DISTANCE": "4.5",
        "EXPOSURE_TIME": "1/320",
        "SENSITIVITY_ISO": "10000",
        "PLACE": "성남시재활용센터",
        "REGION_NAME": null,
        "Direction": "0",
        "HEIGHT": "95",
        "DAY/NIGHT": "주간",
        "WEATHER": "맑음",
        "IMAGE_HEIGHT": 1080,
        "IMAGE_WIDTH": 1920,
        "IMAGE_SIZE": "611.1 KB"
    },
    "ANNOTATION_INFO": [
        {
            "ID": "1",
            "CLASS": "유리병",
            "DETAILS": "투명",
            "DAMAGE": "원형",
            "DIRTINESS": "이물질(외부)",
            "COVER": "없음",
            "TRANSPARENCY": "투명",
            "SHAPE": "유리병형",
            "SHAPE_TYPE": "POLYGON",
            "POINTS": [
                [
                    1402.944,
                    620.028
                ],
                [
                    1390.08,
                    618.9480000000001
                ],
                [
                    1368.96,
                    616.032
                ],
                [
                    1359.9360000000001,
                    612.036
                ],
                [
                    1344,
                    608.04
                ],
                [
                    1339.008,
                    601.992
                ],
                [
                    1337.088,
                    597.024
                ],
                [
                    1339.9679999999998,
                    569.052
                ],
                [
                    1344.96,
                    555.984
                ],
                [
                    1350.912,
                    520.02
                ],
                [
                    1352.064,
                    474.98400000000004
                ],
                [
                    1350.912,
                    474.012
                ],
                [
                    1350.912,
                    439.99199999999996
                ],
                [
                    1353.9840000000002,
                    421.956
                ],
                [
                    1354.944,
                    390.96
                ],
                [
                    1358.9759999999999,
                    374.976
                ],
                [
                    1359.9360000000001,
                    365.04
                ],
                [
                    1366.08,
                    281.988
                ],
                [
                    1368.96,
                    267.948
                ],
                [
                    1377.984,
                    251.964
                ],
                [
                    1388.928,
                    247.968
                ],
                [
                    1385.0880000000002,
                    242.028
                ],
                [
                    1386.048,
                    234.036
                ],
                [
                    1388.928,
                    226.044
                ],
                [
                    1392.96,
                    209.952
                ],
                [
                    1396.992,
                    203.04
                ],
                [
                    1401.0240000000001,
                    200.016
                ],
                [
                    1411.968,
                    197.964
                ],
                [
                    1429.056,
                    196.99200000000002
                ],
                [
                    1455.936,
                    197.964
                ],
                [
                    1462.08,
                    197.964
                ],
                [
                    1472.064,
                    200.016
                ],
                [
                    1481.088,
                    205.95600000000002
                ],
                [
                    1486.08,
                    211.03199999999998
                ],
                [
                    1492.032,
                    232.95600000000002
                ],
                [
                    1494.9119999999998,
                    236.95200000000003
                ],
                [
                    1492.032,
                    246.024
                ],
                [
                    1487.04,
                    250.02
                ],
                [
                    1486.08,
                    254.016
                ],
                [
                    1494.9119999999998,
                    262.98
                ],
                [
                    1503.936,
                    277.992
                ],
                [
                    1505.0880000000002,
                    285.012
                ],
                [
                    1503.936,
                    312.012
                ],
                [
                    1499.904,
                    331.992
                ],
                [
                    1497.024,
                    369.036
                ],
                [
                    1497.024,
                    392.03999999999996
                ],
                [
                    1493.952,
                    398.952
                ],
                [
                    1492.032,
                    411.048
                ],
                [
                    1488.96,
                    465.048
                ],
                [
                    1482.048,
                    488.052
                ],
                [
                    1476.096,
                    528.984
                ],
                [
                    1476.096,
                    563.976
                ],
                [
                    1478.016,
                    574.992
                ],
                [
                    1478.016,
                    598.968
                ],
                [
                    1476.096,
                    608.04
                ],
                [
                    1468.992,
                    617.004
                ],
                [
                    1462.08,
                    620.028
                ]
            ]
        }
    ]
}