{
    "IMAGE_INFO": {
        "FILE_NAME": "1089065@0_07003_220919_P1_T3__0340.jpg",
        "DATE": "2022-10-31 14:57:55",
        "RESOLUTION": "1920 x 1080",
        "IMAGE_PHOTOGRAPHER": "권현진",
        "FOCUS_DISTANCE": "4.5",
        "EXPOSURE_TIME": "1/320",
        "SENSITIVITY_ISO": "10000",
        "PLACE": "성남시재활용센터",
        "REGION_NAME": null,
        "Direction": "0",
        "HEIGHT": "95",
        "DAY/NIGHT": "주간",
        "WEATHER": "맑음",
        "IMAGE_HEIGHT": 1080,
        "IMAGE_WIDTH": 1920,
        "IMAGE_SIZE": "570.7 KB"
    },
    "ANNOTATION_INFO": [
        {
            "ID": "1",
            "CLASS": "유리병",
            "DETAILS": "투명",
            "DAMAGE": "파손",
            "DIRTINESS": "이물질(외부)",
            "COVER": "없음",
            "TRANSPARENCY": "투명",
            "SHAPE": "유리병형",
            "SHAPE_TYPE": "POLYGON",
            "POINTS": [
                [
                    1549.056,
                    281.988
                ],
                [
                    1535.04,
                    281.01599999999996
                ],
                [
                    1501.056,
                    265.032
                ],
                [
                    1486.08,
                    262.00800000000004
                ],
                [
                    1478.016,
                    255.95999999999998
                ],
                [
                    1464.96,
                    254.016
                ],
                [
                    1435.968,
                    254.988
                ],
                [
                    1407.936,
                    254.016
                ],
                [
                    1395.0720000000001,
                    254.988
                ],
                [
                    1387.008,
                    253.044
                ],
                [
                    1380.096,
                    251.964
                ],
                [
                    1361.088,
                    246.99599999999998
                ],
                [
                    1340.928,
                    239.976
                ],
                [
                    1305.9840000000002,
                    227.988
                ],
                [
                    1281.984,
                    218.052
                ],
                [
                    1263.936,
                    208.98000000000002
                ],
                [
                    1243.008,
                    199.04399999999998
                ],
                [
                    1182.912,
                    159.948
                ],
                [
                    1172.9279999999999,
                    150.984
                ],
                [
                    1156.992,
                    138.996
                ],
                [
                    1147.968,
                    130.03199999999998
                ],
                [
                    1127.04,
                    111.024
                ],
                [
                    1121.088,
                    100.98
                ],
                [
                    1119.9360000000001,
                    92.01599999999999
                ],
                [
                    1127.04,
                    70.95599999999999
                ],
                [
                    1138.944,
                    53.028
                ],
                [
                    1152.96,
                    30.996
                ],
                [
                    1161.0240000000001,
                    19.008000000000003
                ],
                [
                    1166.976,
                    7.992
                ],
                [
                    1172.9279999999999,
                    0
                ],
                [
                    1339.9679999999998,
                    0
                ],
                [
                    1369.92,
                    18.035999999999998
                ],
                [
                    1391.04,
                    27.971999999999998
                ],
                [
                    1410.048,
                    43.956
                ],
                [
                    1441.92,
                    70.95599999999999
                ],
                [
                    1460.928,
                    92.988
                ],
                [
                    1469.952,
                    108
                ],
                [
                    1482.048,
                    130.03199999999998
                ],
                [
                    1483.968,
                    138.024
                ],
                [
                    1488.96,
                    142.992
                ],
                [
                    1491.072,
                    150.012
                ],
                [
                    1497.984,
                    161.02800000000002
                ],
                [
                    1505.0880000000002,
                    169.02
                ],
                [
                    1520.0639999999999,
                    180.03599999999997
                ],
                [
                    1532.9279999999999,
                    178.956
                ],
                [
                    1540.0320000000002,
                    197.964
                ],
                [
                    1542.912,
                    200.016
                ],
                [
                    1549.056,
                    200.988
                ],
                [
                    1560.9599999999998,
                    208.00799999999998
                ],
                [
                    1569.984,
                    216.972
                ],
                [
                    1573.056,
                    223.992
                ],
                [
                    1574.0159999999998,
                    250.02
                ],
                [
                    1566.912,
                    263.952
                ],
                [
                    1556.9279999999999,
                    273.996
                ]
            ]
        },
        {
            "ID": "2",
            "CLASS": "유리병",
            "DETAILS": "투명",
            "DAMAGE": "원형",
            "DIRTINESS": "오염없음",
            "COVER": "없음",
            "TRANSPARENCY": "투명",
            "SHAPE": "유리병형",
            "SHAPE_TYPE": "POLYGON",
            "POINTS": [
                [
                    617.0880000000001,
                    189
                ],
                [
                    598.08,
                    186.948
                ],
                [
                    579.072,
                    186.948
                ],
                [
                    532.9920000000001,
                    181.98000000000002
                ],
                [
                    513.024,
                    181.98000000000002
                ],
                [
                    476.928,
                    178.956
                ],
                [
                    465.024,
                    177.012
                ],
                [
                    445.05600000000004,
                    177.012
                ],
                [
                    416.064,
                    173.988
                ],
                [
                    383.04,
                    173.01600000000002
                ],
                [
                    353.088,
                    170.964
                ],
                [
                    340.03200000000004,
                    169.99200000000002
                ],
                [
                    259.96799999999996,
                    165.996
                ],
                [
                    257.08799999999997,
                    162.972
                ],
                [
                    254.976,
                    157.032
                ],
                [
                    257.08799999999997,
                    115.02
                ],
                [
                    259.96799999999996,
                    92.01599999999999
                ],
                [
                    264.96000000000004,
                    61.02
                ],
                [
                    272.06399999999996,
                    57.995999999999995
                ],
                [
                    281.088,
                    57.995999999999995
                ],
                [
                    288,
                    60.047999999999995
                ],
                [
                    307.96799999999996,
                    60.047999999999995
                ],
                [
                    325.05600000000004,
                    62.964
                ],
                [
                    374.976,
                    65.988
                ],
                [
                    392.06399999999996,
                    68.04
                ],
                [
                    452.928,
                    70.95599999999999
                ],
                [
                    460.03200000000004,
                    73.008
                ],
                [
                    476.928,
                    73.008
                ],
                [
                    524.928,
                    77.976
                ],
                [
                    561.984,
                    78.948
                ],
                [
                    579.072,
                    81
                ],
                [
                    588.096,
                    81
                ],
                [
                    608.064,
                    84.02399999999999
                ],
                [
                    622.08,
                    84.02399999999999
                ],
                [
                    643.0079999999999,
                    85.968
                ],
                [
                    652.9920000000001,
                    89.964
                ],
                [
                    653.952,
                    96.98400000000001
                ],
                [
                    656.064,
                    100.008
                ],
                [
                    657.024,
                    107.02799999999999
                ],
                [
                    657.024,
                    112.968
                ],
                [
                    670.0799999999999,
                    115.02
                ],
                [
                    681.984,
                    115.99199999999999
                ],
                [
                    696,
                    118.044
                ],
                [
                    696.96,
                    122.04
                ],
                [
                    696,
                    135
                ],
                [
                    694.0799999999999,
                    166.968
                ],
                [
                    691.968,
                    170.964
                ],
                [
                    689.088,
                    173.988
                ],
                [
                    685.056,
                    174.96
                ],
                [
                    672,
                    173.988
                ],
                [
                    660.096,
                    173.01600000000002
                ],
                [
                    651.072,
                    173.01600000000002
                ],
                [
                    649.9200000000001,
                    181.98000000000002
                ],
                [
                    648,
                    192.024
                ]
            ]
        }
    ]
}