{
    "IMAGE_INFO": {
        "FILE_NAME": "1089003@0_07003_220919_P1_T3__0651.jpg",
        "DATE": "2022-10-31 14:58:02",
        "RESOLUTION": "1920 x 1080",
        "IMAGE_PHOTOGRAPHER": "권현진",
        "FOCUS_DISTANCE": "4.5",
        "EXPOSURE_TIME": "1/320",
        "SENSITIVITY_ISO": "10000",
        "PLACE": "성남시재활용센터",
        "REGION_NAME": null,
        "Direction": "0",
        "HEIGHT": "95",
        "DAY/NIGHT": "주간",
        "WEATHER": "맑음",
        "IMAGE_HEIGHT": 1080,
        "IMAGE_WIDTH": 1920,
        "IMAGE_SIZE": "720.2 KB"
    },
    "ANNOTATION_INFO": [
        {
            "ID": "1",
            "CLASS": "유리병",
            "DETAILS": "투명",
            "DAMAGE": "원형",
            "DIRTINESS": "이물질(전체)",
            "COVER": "없음",
            "TRANSPARENCY": "투명",
            "SHAPE": "유리병형",
            "SHAPE_TYPE": "POLYGON",
            "POINTS": [
                [
                    613.0559999999999,
                    239.004
                ],
                [
                    625.9200000000001,
                    249.048
                ],
                [
                    630.912,
                    261.036
                ],
                [
                    629.952,
                    288.036
                ],
                [
                    623.04,
                    321.948
                ],
                [
                    614.976,
                    343.008
                ],
                [
                    600.96,
                    350.028
                ],
                [
                    588.096,
                    347.976
                ],
                [
                    585.024,
                    343.98
                ],
                [
                    576.96,
                    343.98
                ],
                [
                    574.0799999999999,
                    338.04
                ],
                [
                    566.016,
                    335.01599999999996
                ],
                [
                    539.904,
                    327.99600000000004
                ],
                [
                    509.952,
                    326.052
                ],
                [
                    484.032,
                    334.04400000000004
                ],
                [
                    456,
                    339.012
                ],
                [
                    398.976,
                    332.964
                ],
                [
                    327.93600000000004,
                    320.976
                ],
                [
                    284.928,
                    316.00800000000004
                ],
                [
                    253.056,
                    304.02
                ],
                [
                    238.07999999999998,
                    297.972
                ],
                [
                    220.992,
                    281.01599999999996
                ],
                [
                    221.952,
                    246.024
                ],
                [
                    226.944,
                    216.972
                ],
                [
                    234.048,
                    199.04399999999998
                ],
                [
                    244.03199999999998,
                    185.976
                ],
                [
                    260.928,
                    173.988
                ],
                [
                    450.048,
                    200.988
                ],
                [
                    484.99199999999996,
                    209.952
                ],
                [
                    510.91200000000003,
                    227.988
                ],
                [
                    536.064,
                    240.94799999999998
                ],
                [
                    577.92,
                    245.052
                ],
                [
                    595.9680000000001,
                    243
                ]
            ]
        },
        {
            "ID": "2",
            "CLASS": "유리병",
            "DETAILS": "투명",
            "DAMAGE": "원형",
            "DIRTINESS": "오염없음",
            "COVER": "겹침",
            "TRANSPARENCY": "투명",
            "SHAPE": "유리병형",
            "SHAPE_TYPE": "POLYGON",
            "POINTS": [
                [
                    811.968,
                    581.0400000000001
                ],
                [
                    907.968,
                    623.052
                ],
                [
                    921.984,
                    625.968
                ],
                [
                    939.072,
                    631.0440000000001
                ],
                [
                    946.9440000000001,
                    632.9879999999999
                ],
                [
                    949.056,
                    636.984
                ],
                [
                    959.04,
                    643.032
                ],
                [
                    961.92,
                    651.024
                ],
                [
                    960,
                    664.956
                ],
                [
                    955.008,
                    682.992
                ],
                [
                    973.056,
                    697.0319999999999
                ],
                [
                    1012.032,
                    721.0079999999999
                ],
                [
                    1022.9760000000001,
                    726.948
                ],
                [
                    1027.968,
                    721.0079999999999
                ],
                [
                    1037.952,
                    729
                ],
                [
                    1060.992,
                    743.04
                ],
                [
                    1068.096,
                    744.9839999999999
                ],
                [
                    1068.096,
                    739.044
                ],
                [
                    1071.9360000000001,
                    735.048
                ],
                [
                    1081.92,
                    736.02
                ],
                [
                    1100.928,
                    753.9480000000001
                ],
                [
                    1108.992,
                    752.976
                ],
                [
                    1113.9840000000002,
                    745.956
                ],
                [
                    1121.088,
                    740.988
                ],
                [
                    1119.9360000000001,
                    737.964
                ],
                [
                    1093.056,
                    720.036
                ],
                [
                    1059.072,
                    699.948
                ],
                [
                    1027.968,
                    682.992
                ],
                [
                    1007.04,
                    663.984
                ],
                [
                    982.0799999999999,
                    623.052
                ],
                [
                    969.0240000000001,
                    594.972
                ],
                [
                    955.008,
                    586.0079999999999
                ],
                [
                    949.056,
                    585.036
                ],
                [
                    940.992,
                    586.98
                ],
                [
                    929.088,
                    581.0400000000001
                ],
                [
                    930.048,
                    569.052
                ],
                [
                    921.024,
                    562.0319999999999
                ],
                [
                    908.928,
                    547.02
                ],
                [
                    863.04,
                    513.972
                ],
                [
                    857.0880000000001,
                    513.972
                ],
                [
                    836.928,
                    532.0079999999999
                ],
                [
                    819.072,
                    559.0079999999999
                ]
            ]
        },
        {
            "ID": "3",
            "CLASS": "유리병",
            "DETAILS": "투명",
            "DAMAGE": "파손",
            "DIRTINESS": "이물질(외부)",
            "COVER": "없음",
            "TRANSPARENCY": "투명",
            "SHAPE": "유리병형",
            "SHAPE_TYPE": "POLYGON",
            "POINTS": [
                [
                    902.976,
                    529.956
                ],
                [
                    907.0079999999999,
                    536.004
                ],
                [
                    913.92,
                    544.9680000000001
                ],
                [
                    918.912,
                    554.04
                ],
                [
                    925.056,
                    560.952
                ],
                [
                    931.968,
                    564.948
                ],
                [
                    935.04,
                    570.024
                ],
                [
                    936,
                    578.988
                ],
                [
                    939.072,
                    582.0120000000001
                ],
                [
                    945.024,
                    575.9639999999999
                ],
                [
                    963.0720000000001,
                    586.0079999999999
                ],
                [
                    977.0880000000001,
                    594
                ],
                [
                    988.992,
                    628.02
                ],
                [
                    1017.0239999999999,
                    664.956
                ],
                [
                    1079.0400000000002,
                    706.968
                ],
                [
                    1133.952,
                    735.048
                ],
                [
                    1198.08,
                    748.98
                ],
                [
                    1259.904,
                    766.0440000000001
                ],
                [
                    1305.9840000000002,
                    779.976
                ],
                [
                    1334.976,
                    736.992
                ],
                [
                    1366.08,
                    674.028
                ],
                [
                    1368,
                    655.0200000000001
                ],
                [
                    1368,
                    632.0160000000001
                ],
                [
                    1294.0800000000002,
                    587.952
                ],
                [
                    1140.096,
                    516.024
                ],
                [
                    1109.952,
                    506.952
                ],
                [
                    1066.944,
                    505.98
                ],
                [
                    1017.0239999999999,
                    516.996
                ],
                [
                    999.936,
                    524.0160000000001
                ],
                [
                    979.008,
                    516.024
                ],
                [
                    970.9440000000001,
                    508.032
                ],
                [
                    966.912,
                    505.98
                ],
                [
                    960.9599999999999,
                    513.972
                ],
                [
                    956.928,
                    513.972
                ],
                [
                    949.056,
                    513.972
                ],
                [
                    941.952,
                    509.976
                ],
                [
                    931.968,
                    510.94800000000004
                ],
                [
                    929.088,
                    513
                ],
                [
                    924.096,
                    509.976
                ],
                [
                    918.912,
                    508.032
                ],
                [
                    915.072,
                    508.032
                ],
                [
                    911.04,
                    509.004
                ]
            ]
        }
    ]
}