{
    "IMAGE_INFO": {
        "FILE_NAME": "100723@3_02001_220809_P1_T1.jpg",
        "DATE": "2022-08-09 07:39:40",
        "RESOLUTION": "4624 x 2600",
        "IMAGE_PHOTOGRAPHER": "김준미",
        "FOCUS_DISTANCE": "4.7",
        "EXPOSURE_TIME": "0.01600",
        "SENSITIVITY_ISO": null,
        "PLACE": "주택가분리수거장",
        "REGION_NAME": null,
        "Direction": "3",
        "HEIGHT": null,
        "DAY/NIGHT": "주간",
        "WEATHER": "비",
        "IMAGE_HEIGHT": 2600,
        "IMAGE_WIDTH": 4624,
        "IMAGE_SIZE": "2.6 MB"
    },
    "ANNOTATION_INFO": [
        {
            "ID": "1",
            "CLASS": "종이",
            "DETAILS": "종이",
            "DAMAGE": "손상",
            "DIRTINESS": "오염없음",
            "COVER": "없음",
            "TRANSPARENCY": "불투명",
            "SHAPE": "박스형",
            "SHAPE_TYPE": "POLYGON",
            "POINTS": [
                [
                    1178.6921827961905,
                    1684.5555796298588
                ],
                [
                    1396.1249021561907,
                    975.3107569555731
                ],
                [
                    1600.6151977447623,
                    276.41987329843016
                ],
                [
                    2724.0175811047625,
                    423.96350429271587
                ],
                [
                    2726.6060658590477,
                    1060.7307538470018
                ],
                [
                    2700.721218316191,
                    1801.0373935727162
                ],
                [
                    2690.367279299048,
                    1889.0458752184304
                ],
                [
                    2628.2436451961908,
                    2124.5979878584308
                ],
                [
                    2563.531526339048,
                    2295.4379816412875
                ],
                [
                    2472.934559939048,
                    2285.084042624145
                ],
                [
                    2400.4569868190483,
                    2251.4337408184306
                ],
                [
                    2325.390928944763,
                    2241.079801801288
                ],
                [
                    2276.2097186133337,
                    2222.9604085212873
                ],
                [
                    2239.970932053334,
                    2220.3719237670016
                ],
                [
                    2167.493358933334,
                    2212.6064695041446
                ],
                [
                    2087.250331550477,
                    2220.3719237670016
                ],
                [
                    1978.5339718704768,
                    2230.725862784145
                ],
                [
                    1952.6491243276196,
                    2217.7834390127164
                ],
                [
                    1929.352761539048,
                    2210.017984749859
                ],
                [
                    1882.7600359619055,
                    2210.017984749859
                ],
                [
                    1805.1054933333337,
                    2230.725862784145
                ],
                [
                    1701.5661031619052,
                    2230.725862784145
                ],
                [
                    1587.6727739733337,
                    2230.725862784145
                ],
                [
                    1512.6067160990478,
                    2230.725862784145
                ],
                [
                    1489.3103533104768,
                    2210.017984749859
                ],
                [
                    1437.5406582247622,
                    2191.898591469859
                ],
                [
                    1365.0630851047622,
                    2189.310106715573
                ],
                [
                    1313.2933900190478,
                    2181.5446524527165
                ],
                [
                    1220.107938864762,
                    2173.779198189859
                ],
                [
                    1187.9113300970548,
                    2121.425540943578
                ],
                [
                    1197.4535202952536,
                    2010.0999886312582
                ],
                [
                    1178.6921827961908,
                    1850.2186039041449
                ],
                [
                    1178.6921827961908,
                    1772.5640612755733
                ],
                [
                    1181.2806675504764,
                    1713.0289119270017
                ]
            ]
        }
    ]
}