{
    "IMAGE_INFO": {
        "FILE_NAME": "102451@3_02001_220809_P1_T1.jpg",
        "DATE": "2022-08-09 15:05:40",
        "RESOLUTION": "4000 x 2250",
        "IMAGE_PHOTOGRAPHER": "황서현",
        "FOCUS_DISTANCE": "4.6",
        "EXPOSURE_TIME": "0.01667",
        "SENSITIVITY_ISO": null,
        "PLACE": "주택가분리수거장",
        "REGION_NAME": null,
        "Direction": "3",
        "HEIGHT": null,
        "DAY/NIGHT": "주간",
        "WEATHER": "비",
        "IMAGE_HEIGHT": 2250,
        "IMAGE_WIDTH": 4000,
        "IMAGE_SIZE": "3.6 MB"
    },
    "ANNOTATION_INFO": [
        {
            "ID": "1",
            "CLASS": "종이",
            "DETAILS": "종이",
            "DAMAGE": "완전압착",
            "DIRTINESS": "오염없음",
            "COVER": "없음",
            "TRANSPARENCY": "불투명",
            "SHAPE": "박스형",
            "SHAPE_TYPE": "BOX",
            "POINTS": [
                [
                    1734.3898573692552,
                    226.15887480190167,
                    767.3534072900154,
                    1568.9381933438988
                ]
            ]
        }
    ]
}