{
    "IMAGE_INFO": {
        "FILE_NAME": "102540@3_02001_220809_P1_T1.jpg",
        "DATE": "2022-08-09 15:15:35",
        "RESOLUTION": "4000 x 2250",
        "IMAGE_PHOTOGRAPHER": "황서현",
        "FOCUS_DISTANCE": "4.6",
        "EXPOSURE_TIME": "0.01667",
        "SENSITIVITY_ISO": null,
        "PLACE": "주택가분리수거장",
        "REGION_NAME": null,
        "Direction": "3",
        "HEIGHT": null,
        "DAY/NIGHT": "주간",
        "WEATHER": "비",
        "IMAGE_HEIGHT": 2250,
        "IMAGE_WIDTH": 4000,
        "IMAGE_SIZE": "4.3 MB"
    },
    "ANNOTATION_INFO": [
        {
            "ID": "1",
            "CLASS": "종이",
            "DETAILS": "종이",
            "DAMAGE": "손상",
            "DIRTINESS": "오염없음",
            "COVER": "없음",
            "TRANSPARENCY": "불투명",
            "SHAPE": "박스형",
            "SHAPE_TYPE": "BOX",
            "POINTS": [
                [
                    1557.5277337559435,
                    241.70562599049083,
                    1062.5990491283671,
                    1410.7606973058641
                ]
            ]
        }
    ]
}