{
    "IMAGE_INFO": {
        "FILE_NAME": "105863@1_02001_220803_P1_T1.jpg",
        "DATE": "2022-08-03 15:23:42",
        "RESOLUTION": "4032 x 2268",
        "IMAGE_PHOTOGRAPHER": "김복선",
        "FOCUS_DISTANCE": "4.32",
        "EXPOSURE_TIME": "0.02500",
        "SENSITIVITY_ISO": null,
        "PLACE": "주택가분리수거장",
        "REGION_NAME": null,
        "Direction": "1",
        "HEIGHT": null,
        "DAY/NIGHT": "주간",
        "WEATHER": "맑음",
        "IMAGE_HEIGHT": 2268,
        "IMAGE_WIDTH": 4032,
        "IMAGE_SIZE": "2.7 MB"
    },
    "ANNOTATION_INFO": [
        {
            "ID": "1",
            "CLASS": "종이",
            "DETAILS": "종이",
            "DAMAGE": "원형",
            "DIRTINESS": "이물질(외부)",
            "COVER": "없음",
            "TRANSPARENCY": "불투명",
            "SHAPE": "박스형",
            "SHAPE_TYPE": "BOX",
            "POINTS": [
                [
                    1445.9904,
                    879.1529327185999,
                    1165.3166769230772,
                    535.1084307692308
                ]
            ]
        }
    ]
}