{
    "IMAGE_INFO": {
        "FILE_NAME": "105848@1_02001_220803_P1_T1.jpg",
        "DATE": "2022-08-03 15:23:23",
        "RESOLUTION": "4032 x 2268",
        "IMAGE_PHOTOGRAPHER": "김복선",
        "FOCUS_DISTANCE": "4.32",
        "EXPOSURE_TIME": "0.02500",
        "SENSITIVITY_ISO": null,
        "PLACE": "주택가분리수거장",
        "REGION_NAME": null,
        "Direction": "1",
        "HEIGHT": null,
        "DAY/NIGHT": "주간",
        "WEATHER": "맑음",
        "IMAGE_HEIGHT": 2268,
        "IMAGE_WIDTH": 4032,
        "IMAGE_SIZE": "2.7 MB"
    },
    "ANNOTATION_INFO": [
        {
            "ID": "1",
            "CLASS": "종이",
            "DETAILS": "종이",
            "DAMAGE": "완전압착",
            "DIRTINESS": "오염없음",
            "COVER": "없음",
            "TRANSPARENCY": "불투명",
            "SHAPE": "기타 형태",
            "SHAPE_TYPE": "BOX",
            "POINTS": [
                [
                    1446.7746461538463,
                    761.5492404109074,
                    1162.1929846153844,
                    588.9954461538463
                ]
            ]
        }
    ]
}