{
    "IMAGE_INFO": {
        "FILE_NAME": "105955@4_02001_220805_P1_T1.jpg",
        "DATE": "2022-08-05 10:56:58",
        "RESOLUTION": "4032 x 2268",
        "IMAGE_PHOTOGRAPHER": "김복선",
        "FOCUS_DISTANCE": "4.32",
        "EXPOSURE_TIME": "0.00209",
        "SENSITIVITY_ISO": null,
        "PLACE": "주택가분리수거장",
        "REGION_NAME": null,
        "Direction": "4",
        "HEIGHT": null,
        "DAY/NIGHT": "주간",
        "WEATHER": "맑음",
        "IMAGE_HEIGHT": 2268,
        "IMAGE_WIDTH": 4032,
        "IMAGE_SIZE": "4.6 MB"
    },
    "ANNOTATION_INFO": [
        {
            "ID": "1",
            "CLASS": "종이",
            "DETAILS": "종이",
            "DAMAGE": "원형",
            "DIRTINESS": "오염없음",
            "COVER": "없음",
            "TRANSPARENCY": "불투명",
            "SHAPE": "낱장형",
            "SHAPE_TYPE": "BOX",
            "POINTS": [
                [
                    949.0707692307692,
                    173.12536348783053,
                    2282.6215384615384,
                    1662.7015384615383
                ]
            ]
        }
    ]
}