{
    "IMAGE_INFO": {
        "FILE_NAME": "107767@1_02001_220809_P1_T1.jpg",
        "DATE": "2022-08-09 13:22:15",
        "RESOLUTION": "5664 x 3184",
        "IMAGE_PHOTOGRAPHER": "조은희",
        "FOCUS_DISTANCE": "3.93",
        "EXPOSURE_TIME": "0.00833",
        "SENSITIVITY_ISO": null,
        "PLACE": "주택가분리수거장",
        "REGION_NAME": null,
        "Direction": "1",
        "HEIGHT": null,
        "DAY/NIGHT": "주간",
        "WEATHER": "비",
        "IMAGE_HEIGHT": 3184,
        "IMAGE_WIDTH": 5664,
        "IMAGE_SIZE": "2.9 MB"
    },
    "ANNOTATION_INFO": [
        {
            "ID": "1",
            "CLASS": "종이",
            "DETAILS": "종이",
            "DAMAGE": "원형",
            "DIRTINESS": "오염없음",
            "COVER": "없음",
            "TRANSPARENCY": "불투명",
            "SHAPE": "박스형",
            "SHAPE_TYPE": "POLYGON",
            "POINTS": [
                [
                    2092.6155992429026,
                    1312.1521130599367
                ],
                [
                    2056.411610851735,
                    1730.1436153943216
                ],
                [
                    2086.033055899054,
                    2092.183499305994
                ],
                [
                    3211.6479676971617,
                    2082.309684290221
                ],
                [
                    3239.6237769085183,
                    1973.697719116719
                ],
                [
                    3270.8908577917987,
                    1728.4979795583595
                ],
                [
                    3208.356696025237,
                    1323.6715639116715
                ]
            ]
        }
    ]
}