{
    "IMAGE_INFO": {
        "FILE_NAME": "107784@3_02001_220809_P1_T1.jpg",
        "DATE": "2022-08-09 13:34:59",
        "RESOLUTION": "5664 x 3184",
        "IMAGE_PHOTOGRAPHER": "조은희",
        "FOCUS_DISTANCE": "3.93",
        "EXPOSURE_TIME": "0.01667",
        "SENSITIVITY_ISO": null,
        "PLACE": "주택가분리수거장",
        "REGION_NAME": null,
        "Direction": "3",
        "HEIGHT": null,
        "DAY/NIGHT": "주간",
        "WEATHER": "비",
        "IMAGE_HEIGHT": 3184,
        "IMAGE_WIDTH": 5664,
        "IMAGE_SIZE": "3.1 MB"
    },
    "ANNOTATION_INFO": [
        {
            "ID": "1",
            "CLASS": "종이",
            "DETAILS": "종이",
            "DAMAGE": "완전압착",
            "DIRTINESS": "오염없음",
            "COVER": "없음",
            "TRANSPARENCY": "불투명",
            "SHAPE": "박스형",
            "SHAPE_TYPE": "BOX",
            "POINTS": [
                [
                    703.2361186119874,
                    998.5154574132492,
                    4243.514670031545,
                    1184.2069400630912
                ]
            ]
        }
    ]
}