{
    "IMAGE_INFO": {
        "FILE_NAME": "107833@3_02001_220809_P1_T1.jpg",
        "DATE": "2022-08-09 13:30:19",
        "RESOLUTION": "5664 x 3184",
        "IMAGE_PHOTOGRAPHER": "조은희",
        "FOCUS_DISTANCE": "3.93",
        "EXPOSURE_TIME": "0.01667",
        "SENSITIVITY_ISO": null,
        "PLACE": "주택가분리수거장",
        "REGION_NAME": null,
        "Direction": "3",
        "HEIGHT": null,
        "DAY/NIGHT": "주간",
        "WEATHER": "비",
        "IMAGE_HEIGHT": 3184,
        "IMAGE_WIDTH": 5664,
        "IMAGE_SIZE": "3.6 MB"
    },
    "ANNOTATION_INFO": [
        {
            "ID": "1",
            "CLASS": "종이",
            "DETAILS": "종이",
            "DAMAGE": "원형",
            "DIRTINESS": "오염없음",
            "COVER": "없음",
            "TRANSPARENCY": "불투명",
            "SHAPE": "낱장형",
            "SHAPE_TYPE": "BOX",
            "POINTS": [
                [
                    1740.644453106457,
                    654.9471929337537,
                    1895.3429285970126,
                    1817.1128402465574
                ]
            ]
        }
    ]
}