{
    "IMAGE_INFO": {
        "FILE_NAME": "107804@5_02001_220809_P1_T1.jpg",
        "DATE": "2022-08-09 13:22:04",
        "RESOLUTION": "5664 x 3184",
        "IMAGE_PHOTOGRAPHER": "조은희",
        "FOCUS_DISTANCE": "3.93",
        "EXPOSURE_TIME": "0.00833",
        "SENSITIVITY_ISO": null,
        "PLACE": "주택가분리수거장",
        "REGION_NAME": null,
        "Direction": "5",
        "HEIGHT": null,
        "DAY/NIGHT": "주간",
        "WEATHER": "비",
        "IMAGE_HEIGHT": 3184,
        "IMAGE_WIDTH": 5664,
        "IMAGE_SIZE": "3.8 MB"
    },
    "ANNOTATION_INFO": [
        {
            "ID": "1",
            "CLASS": "종이",
            "DETAILS": "종이",
            "DAMAGE": "완전압착",
            "DIRTINESS": "오염없음",
            "COVER": "없음",
            "TRANSPARENCY": "불투명",
            "SHAPE": "박스형",
            "SHAPE_TYPE": "BOX",
            "POINTS": [
                [
                    2087.411473902234,
                    398.13639974763396,
                    1337.6484630062832,
                    2226.529215394322
                ]
            ]
        }
    ]
}