{
    "IMAGE_INFO": {
        "FILE_NAME": "108152@1_02001_220805_P1_T1.jpg",
        "DATE": "2022-08-05 09:45:09",
        "RESOLUTION": "4000 x 2250",
        "IMAGE_PHOTOGRAPHER": "천길영",
        "FOCUS_DISTANCE": "4.6",
        "EXPOSURE_TIME": "0.01667",
        "SENSITIVITY_ISO": null,
        "PLACE": "주택가분리수거장",
        "REGION_NAME": null,
        "Direction": "1",
        "HEIGHT": null,
        "DAY/NIGHT": "주간",
        "WEATHER": "맑음",
        "IMAGE_HEIGHT": 2250,
        "IMAGE_WIDTH": 4000,
        "IMAGE_SIZE": "3.8 MB"
    },
    "ANNOTATION_INFO": [
        {
            "ID": "1",
            "CLASS": "종이",
            "DETAILS": "종이",
            "DAMAGE": "완전압착",
            "DIRTINESS": "오염없음",
            "COVER": "없음",
            "TRANSPARENCY": "불투명",
            "SHAPE": "박스형",
            "SHAPE_TYPE": "BOX",
            "POINTS": [
                [
                    1287.7414372743685,
                    756.4863831227435,
                    1445.0599277978338,
                    777.4267148014442
                ]
            ]
        }
    ]
}