{
    "IMAGE_INFO": {
        "FILE_NAME": "108200@1_02001_220805_P1_T1.jpg",
        "DATE": "2022-08-05 09:43:42",
        "RESOLUTION": "4000 x 2250",
        "IMAGE_PHOTOGRAPHER": "천길영",
        "FOCUS_DISTANCE": "4.6",
        "EXPOSURE_TIME": "0.01667",
        "SENSITIVITY_ISO": null,
        "PLACE": "주택가분리수거장",
        "REGION_NAME": null,
        "Direction": "1",
        "HEIGHT": null,
        "DAY/NIGHT": "주간",
        "WEATHER": "맑음",
        "IMAGE_HEIGHT": 2250,
        "IMAGE_WIDTH": 4000,
        "IMAGE_SIZE": "3.5 MB"
    },
    "ANNOTATION_INFO": [
        {
            "ID": "1",
            "CLASS": "종이",
            "DETAILS": "종이",
            "DAMAGE": "원형",
            "DIRTINESS": "오염없음",
            "COVER": "없음",
            "TRANSPARENCY": "불투명",
            "SHAPE": "박스형",
            "SHAPE_TYPE": "BOX",
            "POINTS": [
                [
                    1444.16598601083,
                    698.609126805054,
                    1141.1870036101084,
                    787.4079422382675
                ]
            ]
        }
    ]
}