{
    "IMAGE_INFO": {
        "FILE_NAME": "109893@3_02001_220805_P1_T1.jpg",
        "DATE": "2022-08-05 09:26:42",
        "RESOLUTION": "4032 x 3024",
        "IMAGE_PHOTOGRAPHER": "송명임",
        "FOCUS_DISTANCE": "4.2",
        "EXPOSURE_TIME": "0.00769",
        "SENSITIVITY_ISO": null,
        "PLACE": "주택가분리수거장",
        "REGION_NAME": null,
        "Direction": "3",
        "HEIGHT": null,
        "DAY/NIGHT": "주간",
        "WEATHER": "맑음",
        "IMAGE_HEIGHT": 3024,
        "IMAGE_WIDTH": 4032,
        "IMAGE_SIZE": "5.6 MB"
    },
    "ANNOTATION_INFO": [
        {
            "ID": "1",
            "CLASS": "종이",
            "DETAILS": "종이",
            "DAMAGE": "손상",
            "DIRTINESS": "오염없음",
            "COVER": "없음",
            "TRANSPARENCY": "불투명",
            "SHAPE": "박스형",
            "SHAPE_TYPE": "POLYGON",
            "POINTS": [
                [
                    2252.7753721518984,
                    2112.2741881254947
                ],
                [
                    2634.294440506329,
                    1657.5870792647347
                ],
                [
                    2574.192121518987,
                    1338.7834742014436
                ],
                [
                    2514.089802531645,
                    1179.3816716697982
                ],
                [
                    2485.345215189873,
                    1114.0530640748614
                ],
                [
                    2448.7611949367083,
                    1014.7535805305573
                ],
                [
                    2438.3086177215187,
                    1014.7535805305573
                ],
                [
                    2401.724597468354,
                    944.1986843280257
                ],
                [
                    2359.9142886075947,
                    936.3592514166334
                ],
                [
                    2231.870217721518,
                    959.8775501508105
                ],
                [
                    1988.847797468354,
                    1033.0455906571397
                ],
                [
                    1970.5557873417717,
                    1059.1770336951142
                ],
                [
                    1981.0083645569616,
                    1119.2793526824562
                ],
                [
                    1991.4609417721513,
                    1176.7685273660004
                ],
                [
                    1881.708881012658,
                    1226.4182691381525
                ],
                [
                    1850.351149367088,
                    1242.0971349609372
                ],
                [
                    1654.365326582278,
                    1242.0971349609372
                ],
                [
                    1586.4235746835436,
                    1255.1628564799246
                ],
                [
                    1581.1972860759488,
                    1283.907443821697
                ],
                [
                    1565.5184202531639,
                    1312.6520311634688
                ],
                [
                    1539.3869772151893,
                    1330.9440412900512
                ],
                [
                    1542.0001215189866,
                    1362.3017729356209
                ],
                [
                    1542.0001215189866,
                    1377.9806387584056
                ],
                [
                    1628.2338835443034,
                    1801.3100159735955
                ],
                [
                    1675.270481012658,
                    1931.9672311634693
                ]
            ]
        }
    ]
}