{
    "IMAGE_INFO": {
        "FILE_NAME": "109960@2_02001_220805_P1_T1.jpg",
        "DATE": "2022-08-05 09:23:35",
        "RESOLUTION": "4032 x 3024",
        "IMAGE_PHOTOGRAPHER": "송명임",
        "FOCUS_DISTANCE": "4.2",
        "EXPOSURE_TIME": "0.00379",
        "SENSITIVITY_ISO": null,
        "PLACE": "주택가분리수거장",
        "REGION_NAME": null,
        "Direction": "2",
        "HEIGHT": null,
        "DAY/NIGHT": "주간",
        "WEATHER": "맑음",
        "IMAGE_HEIGHT": 3024,
        "IMAGE_WIDTH": 4032,
        "IMAGE_SIZE": "5.0 MB"
    },
    "ANNOTATION_INFO": [
        {
            "ID": "1",
            "CLASS": "종이",
            "DETAILS": "종이",
            "DAMAGE": "완전압착",
            "DIRTINESS": "오염없음",
            "COVER": "없음",
            "TRANSPARENCY": "불투명",
            "SHAPE": "박스형",
            "SHAPE_TYPE": "BOX",
            "POINTS": [
                [
                    751.4019089900111,
                    858.752230854606,
                    2449.809189789124,
                    1265.8510987791346
                ]
            ]
        }
    ]
}