{
    "IMAGE_INFO": {
        "FILE_NAME": "1332157@2_07001_220919_P1_T1.jpg",
        "DATE": "2022-09-19 10:39:28",
        "RESOLUTION": "4000 x 2252",
        "IMAGE_PHOTOGRAPHER": "이연주",
        "FOCUS_DISTANCE": "7",
        "EXPOSURE_TIME": "0.01667",
        "SENSITIVITY_ISO": null,
        "PLACE": "성남시재활용센터",
        "REGION_NAME": null,
        "Direction": "2",
        "HEIGHT": null,
        "DAY/NIGHT": "주간",
        "WEATHER": "맑음",
        "IMAGE_HEIGHT": 2252,
        "IMAGE_WIDTH": 4000,
        "IMAGE_SIZE": "2.3 MB"
    },
    "ANNOTATION_INFO": [
        {
            "ID": "1",
            "CLASS": "유리병",
            "DETAILS": "갈색",
            "DAMAGE": "원형",
            "DIRTINESS": "이물질(외부)",
            "COVER": "없음",
            "TRANSPARENCY": "불투명",
            "SHAPE": "유리병형",
            "SHAPE_TYPE": "POLYGON",
            "POINTS": [
                [
                    1507.063974763407,
                    457.1666561514195
                ],
                [
                    1550.2569085173502,
                    889.0959936908519
                ],
                [
                    1563.896782334385,
                    930.015615141956
                ],
                [
                    1557.0768454258678,
                    1025.494731861199
                ],
                [
                    1661.5160861880124,
                    1777.7523230990537
                ],
                [
                    1696.7135077753944,
                    1853.1753693577289
                ],
                [
                    1793.9254340643533,
                    1953.7394310359625
                ],
                [
                    1964.88433891735,
                    1972.176175676972
                ],
                [
                    2137.5193114649846,
                    1900.105264807571
                ],
                [
                    2186.1252746094638,
                    1817.977947770347
                ],
                [
                    2196.181680777287,
                    1558.1874551015774
                ],
                [
                    2239.7594408378545,
                    1078.8320944353313
                ],
                [
                    2259.8722531735016,
                    969.8876942839115
                ],
                [
                    2251.4919147003156,
                    874.3518356895898
                ],
                [
                    2288.3654039823346,
                    431.86996430536243
                ],
                [
                    2278.3089978145113,
                    368.17939190914797
                ],
                [
                    2164.3363945791803,
                    260.91105945236563
                ],
                [
                    1966.5604066119874,
                    205.60082552933721
                ],
                [
                    1857.616006460568,
                    208.95296091861164
                ],
                [
                    1746.9955386145111,
                    230.74184094889557
                ],
                [
                    1644.7554092416403,
                    260.9110594523656
                ],
                [
                    1550.895618341956,
                    319.57342876466845
                ],
                [
                    1502.2896551974763,
                    393.3204073287063
                ]
            ]
        }
    ]
}