{
    "IMAGE_INFO": {
        "FILE_NAME": "1332075@1_07001_220919_P1_T1.jpg",
        "DATE": "2022-09-19 10:37:59",
        "RESOLUTION": "4000 x 2252",
        "IMAGE_PHOTOGRAPHER": "이연주",
        "FOCUS_DISTANCE": "7",
        "EXPOSURE_TIME": "0.01667",
        "SENSITIVITY_ISO": null,
        "PLACE": "성남시재활용센터",
        "REGION_NAME": null,
        "Direction": "1",
        "HEIGHT": null,
        "DAY/NIGHT": "주간",
        "WEATHER": "맑음",
        "IMAGE_HEIGHT": 2252,
        "IMAGE_WIDTH": 4000,
        "IMAGE_SIZE": "3.6 MB"
    },
    "ANNOTATION_INFO": [
        {
            "ID": "1",
            "CLASS": "유리병",
            "DETAILS": "갈색",
            "DAMAGE": "원형",
            "DIRTINESS": "이물질(전체)",
            "COVER": "없음",
            "TRANSPARENCY": "불투명",
            "SHAPE": "유리병형",
            "SHAPE_TYPE": "POLYGON",
            "POINTS": [
                [
                    1967.5083869355215,
                    1007.3693855394322
                ],
                [
                    1950.5242342965307,
                    1038.6559825059937
                ],
                [
                    1929.070567805174,
                    1103.016981980063
                ],
                [
                    1933.5400816575402,
                    1372.0817158924922
                ],
                [
                    1957.6754564603164,
                    1417.6707571866248
                ],
                [
                    2008.6279143772879,
                    1456.108576316972
                ],
                [
                    2073.8828166218304,
                    1470.4110206445425
                ],
                [
                    2129.3047883911677,
                    1469.5171178740695
                ],
                [
                    2187.408468471925,
                    1454.3207707760253
                ],
                [
                    2228.5279959136915,
                    1421.2463682685175
                ],
                [
                    2248.193856864102,
                    1369.4000075810727
                ],
                [
                    2263.390203962146,
                    1124.4706484714195
                ],
                [
                    2256.238981798361,
                    1073.5181905544482
                ],
                [
                    2227.6340931432187,
                    1006.4754827689593
                ],
                [
                    2232.9975097660576,
                    959.0986359338804
                ],
                [
                    2230.3158014546384,
                    860.7693311818298
                ],
                [
                    2212.4377460451747,
                    818.7559009695901
                ],
                [
                    2173.821146360733,
                    786.9329623407446
                ],
                [
                    2109.4601468866636,
                    773.3456402295521
                ],
                [
                    2055.110858441894,
                    777.6363735278234
                ],
                [
                    2005.0523032953952,
                    799.8051622355586
                ],
                [
                    1977.8776590730106,
                    843.42761743465
                ],
                [
                    1969.296192476468,
                    919.2305723707761
                ],
                [
                    1968.5810702600893,
                    984.3066940612243
                ],
                [
                    1971.4415591256036,
                    1001.4696272543093
                ]
            ]
        }
    ]
}