{
    "IMAGE_INFO": {
        "FILE_NAME": "1332144@4_07001_220919_P1_T1.jpg",
        "DATE": "2022-09-19 10:40:03",
        "RESOLUTION": "4000 x 2252",
        "IMAGE_PHOTOGRAPHER": "이연주",
        "FOCUS_DISTANCE": "7",
        "EXPOSURE_TIME": "0.00833",
        "SENSITIVITY_ISO": null,
        "PLACE": "성남시재활용센터",
        "REGION_NAME": null,
        "Direction": "4",
        "HEIGHT": null,
        "DAY/NIGHT": "주간",
        "WEATHER": "맑음",
        "IMAGE_HEIGHT": 2252,
        "IMAGE_WIDTH": 4000,
        "IMAGE_SIZE": "3.0 MB"
    },
    "ANNOTATION_INFO": [
        {
            "ID": "1",
            "CLASS": "유리병",
            "DETAILS": "갈색",
            "DAMAGE": "원형",
            "DIRTINESS": "이물질(외부)",
            "COVER": "없음",
            "TRANSPARENCY": "불투명",
            "SHAPE": "유리병형",
            "SHAPE_TYPE": "POLYGON",
            "POINTS": [
                [
                    1746.6142586750789,
                    395.5030599369085
                ],
                [
                    1728.427760252366,
                    654.6606624605678
                ],
                [
                    1694.3280757097791,
                    877.4452681388015
                ],
                [
                    1623.8553943217667,
                    1889.0692429022083
                ],
                [
                    1682.9615141955837,
                    1975.455110410095
                ],
                [
                    1796.6271293375396,
                    2045.9277917981074
                ],
                [
                    1996.6786119873818,
                    2070.934227129338
                ],
                [
                    2178.543596214511,
                    2055.0210410094637
                ],
                [
                    2330.8555205047323,
                    1991.368296529969
                ],
                [
                    2410.421451104101,
                    1907.2557413249212
                ],
                [
                    2428.607949526814,
                    1816.3232492113566
                ],
                [
                    2344.4953943217665,
                    1120.6896845425867
                ],
                [
                    2296.7558359621453,
                    616.0143533123027
                ],
                [
                    2276.2960252365933,
                    384.13649842271275
                ],
                [
                    2192.1834700315458,
                    270.47088328075694
                ],
                [
                    2114.890851735016,
                    227.27794952681367
                ],
                [
                    1973.9454889589906,
                    220.45801261829632
                ],
                [
                    1883.012996845426,
                    229.5512618296528
                ],
                [
                    1801.1737539432174,
                    284.1107570977917
                ],
                [
                    1753.4341955835964,
                    361.4033753943216
                ]
            ]
        }
    ]
}