{
    "IMAGE_INFO": {
        "FILE_NAME": "1332055@3_07001_220919_P1_T1.jpg",
        "DATE": "2022-09-19 10:39:31",
        "RESOLUTION": "4000 x 2252",
        "IMAGE_PHOTOGRAPHER": "이연주",
        "FOCUS_DISTANCE": "7",
        "EXPOSURE_TIME": "0.01667",
        "SENSITIVITY_ISO": null,
        "PLACE": "성남시재활용센터",
        "REGION_NAME": null,
        "Direction": "3",
        "HEIGHT": null,
        "DAY/NIGHT": "주간",
        "WEATHER": "맑음",
        "IMAGE_HEIGHT": 2252,
        "IMAGE_WIDTH": 4000,
        "IMAGE_SIZE": "2.4 MB"
    },
    "ANNOTATION_INFO": [
        {
            "ID": "1",
            "CLASS": "유리병",
            "DETAILS": "갈색",
            "DAMAGE": "원형",
            "DIRTINESS": "이물질(외부)",
            "COVER": "없음",
            "TRANSPARENCY": "불투명",
            "SHAPE": "유리병형",
            "SHAPE_TYPE": "POLYGON",
            "POINTS": [
                [
                    1553.0985488958993,
                    460.4345425867508
                ],
                [
                    1605.3847318611986,
                    878.7240063091483
                ],
                [
                    1634.9377917981071,
                    967.3831861198739
                ],
                [
                    1634.9377917981071,
                    1062.8623028391169
                ],
                [
                    1749.9382959242903,
                    1844.6562224353318
                ],
                [
                    1800.220326763407,
                    1945.220284113565
                ],
                [
                    1923.8303192429025,
                    2016.4531611356472
                ],
                [
                    2047.440311722398,
                    2039.4990919369086
                ],
                [
                    2204.571658094637,
                    1980.8367226246062
                ],
                [
                    2267.4241966435334,
                    1928.4596071671929
                ],
                [
                    2307.230804391167,
                    1779.7085992681393
                ],
                [
                    2305.135719772871,
                    1687.5248760630918
                ],
                [
                    2355.4177506119877,
                    1140.7077906876973
                ],
                [
                    2373.435478329337,
                    1048.52406748265
                ],
                [
                    2365.89317370347,
                    925.3330919268138
                ],
                [
                    2413.6611030006306,
                    445.1396974132491
                ],
                [
                    2375.9495798712933,
                    329.4910264832806
                ],
                [
                    2280.4137212769715,
                    261.6102848504731
                ],
                [
                    2137.109933385489,
                    206.30005092744466
                ],
                [
                    1963.636926990536,
                    183.67313704984215
                ],
                [
                    1797.706225221451,
                    216.35645709526798
                ],
                [
                    1709.7126712529966,
                    256.5820817665614
                ],
                [
                    1611.662711116719,
                    314.4064172315457
                ],
                [
                    1553.8383756517349,
                    399.88586965804404
                ]
            ]
        }
    ]
}