{
    "IMAGE_INFO": {
        "FILE_NAME": "1332147@3_07001_220919_P1_T1.jpg",
        "DATE": "2022-09-19 10:38:06",
        "RESOLUTION": "4000 x 2252",
        "IMAGE_PHOTOGRAPHER": "이연주",
        "FOCUS_DISTANCE": "7",
        "EXPOSURE_TIME": "0.00833",
        "SENSITIVITY_ISO": null,
        "PLACE": "성남시재활용센터",
        "REGION_NAME": null,
        "Direction": "3",
        "HEIGHT": null,
        "DAY/NIGHT": "주간",
        "WEATHER": "맑음",
        "IMAGE_HEIGHT": 2252,
        "IMAGE_WIDTH": 4000,
        "IMAGE_SIZE": "2.5 MB"
    },
    "ANNOTATION_INFO": [
        {
            "ID": "1",
            "CLASS": "유리병",
            "DETAILS": "갈색",
            "DAMAGE": "원형",
            "DIRTINESS": "이물질(전체)",
            "COVER": "없음",
            "TRANSPARENCY": "불투명",
            "SHAPE": "유리병형",
            "SHAPE_TYPE": "POLYGON",
            "POINTS": [
                [
                    1628.1462712933753,
                    827.0061514195584
                ],
                [
                    1568.1308264984227,
                    990.6846372239748
                ],
                [
                    1553.5816277602523,
                    1130.7206750788646
                ],
                [
                    1604.5038233438484,
                    1639.942630914827
                ],
                [
                    1709.9855141955836,
                    1778.1600189274452
                ],
                [
                    1857.296151419558,
                    1838.1754637223983
                ],
                [
                    1991.8762397476341,
                    1838.1754637223983
                ],
                [
                    2151.917425867508,
                    1785.4346182965303
                ],
                [
                    2264.6737160883285,
                    1659.9477791798113
                ],
                [
                    2288.316164037855,
                    1579.9271861198742
                ],
                [
                    2346.5129589905364,
                    1121.627425867508
                ],
                [
                    2324.689160883281,
                    941.5810914826499
                ],
                [
                    2273.7669652996847,
                    827.0061514195584
                ],
                [
                    2251.9431671924294,
                    801.54505362776
                ],
                [
                    2270.1296656151426,
                    785.1772050473185
                ],
                [
                    2288.3161640378553,
                    568.7578738170344
                ],
                [
                    2257.3991167192435,
                    388.71153943217644
                ],
                [
                    2242.849917981073,
                    332.3333943217662
                ],
                [
                    2153.736075709779,
                    250.494151419558
                ],
                [
                    2015.518687697161,
                    199.57195583596177
                ],
                [
                    1850.0215520504737,
                    201.39060567823307
                ],
                [
                    1746.3585110410095,
                    239.58225236593026
                ],
                [
                    1648.1514195583597,
                    305.05364668769687
                ],
                [
                    1613.5970725552054,
                    432.3591356466874
                ],
                [
                    1597.2292239747637,
                    621.498719242902
                ],
                [
                    1620.8716719242905,
                    734.255009463722
                ]
            ]
        }
    ]
}