{
    "IMAGE_INFO": {
        "FILE_NAME": "1332179@4_07001_220919_P1_T1.jpg",
        "DATE": "2022-09-19 10:38:09",
        "RESOLUTION": "4000 x 2252",
        "IMAGE_PHOTOGRAPHER": "이연주",
        "FOCUS_DISTANCE": "7",
        "EXPOSURE_TIME": "0.00833",
        "SENSITIVITY_ISO": null,
        "PLACE": "성남시재활용센터",
        "REGION_NAME": null,
        "Direction": "4",
        "HEIGHT": null,
        "DAY/NIGHT": "주간",
        "WEATHER": "맑음",
        "IMAGE_HEIGHT": 2252,
        "IMAGE_WIDTH": 4000,
        "IMAGE_SIZE": "2.6 MB"
    },
    "ANNOTATION_INFO": [
        {
            "ID": "1",
            "CLASS": "유리병",
            "DETAILS": "갈색",
            "DAMAGE": "원형",
            "DIRTINESS": "이물질(전체)",
            "COVER": "없음",
            "TRANSPARENCY": "불투명",
            "SHAPE": "유리병형",
            "SHAPE_TYPE": "POLYGON",
            "POINTS": [
                [
                    1615.7567192429026,
                    812.229621451104
                ],
                [
                    1556.6505993690855,
                    934.9884858044165
                ],
                [
                    1538.4641009463726,
                    1116.8534700315458
                ],
                [
                    1602.116845425868,
                    1628.348738170347
                ],
                [
                    1670.3162145110414,
                    1730.6477917981072
                ],
                [
                    1818.0815141955838,
                    1814.7603470031547
                ],
                [
                    1999.9464984227134,
                    1823.8535962145108
                ],
                [
                    2165.898296529969,
                    1764.747476340694
                ],
                [
                    2265.92403785489,
                    1644.2619242902208
                ],
                [
                    2304.570347003155,
                    1514.683123028391
                ],
                [
                    2347.763280757098,
                    1053.2007255520505
                ],
                [
                    2325.030157728707,
                    928.1685488958989
                ],
                [
                    2288.657160883281,
                    832.6894321766559
                ],
                [
                    2263.650725552051,
                    775.856624605678
                ],
                [
                    2275.0172870662464,
                    682.6508201892741
                ],
                [
                    2284.110536277603,
                    493.9658990536274
                ],
                [
                    2259.1041009463725,
                    312.10091482649807
                ],
                [
                    2206.8179179810727,
                    241.62823343848544
                ],
                [
                    2086.3323659305997,
                    175.70217665615104
                ],
                [
                    1936.2937539432178,
                    143.87580441640338
                ],
                [
                    1783.981829652997,
                    168.8822397476337
                ],
                [
                    1677.1361514195585,
                    225.7150473186116
                ],
                [
                    1618.0300315457414,
                    312.10091482649807
                ],
                [
                    1597.5702208201894,
                    393.9401577287063
                ],
                [
                    1583.9303470031546,
                    593.9916403785487
                ]
            ]
        }
    ]
}