{
    "IMAGE_INFO": {
        "FILE_NAME": "1333523@5_07001_220920_P1_T1.jpg",
        "DATE": "2022-09-20 12:26:30",
        "RESOLUTION": "4000 x 2252",
        "IMAGE_PHOTOGRAPHER": "이연주",
        "FOCUS_DISTANCE": "7",
        "EXPOSURE_TIME": "0.00833",
        "SENSITIVITY_ISO": null,
        "PLACE": "성남시재활용센터",
        "REGION_NAME": null,
        "Direction": "5",
        "HEIGHT": null,
        "DAY/NIGHT": "주간",
        "WEATHER": "맑음",
        "IMAGE_HEIGHT": 2252,
        "IMAGE_WIDTH": 4000,
        "IMAGE_SIZE": "2.2 MB"
    },
    "ANNOTATION_INFO": [
        {
            "ID": "1",
            "CLASS": "유리병",
            "DETAILS": "갈색",
            "DAMAGE": "원형",
            "DIRTINESS": "이물질(외부)",
            "COVER": "없음",
            "TRANSPARENCY": "불투명",
            "SHAPE": "유리병형",
            "SHAPE_TYPE": "POLYGON",
            "POINTS": [
                [
                    1725.1314574132496,
                    905.7195899053628
                ],
                [
                    1668.753312302839,
                    982.102883280757
                ],
                [
                    1626.9243659305994,
                    1063.9421261829652
                ],
                [
                    1610.5565173501577,
                    1176.6984164037858
                ],
                [
                    1670.1436337342589,
                    1770.4961913916568
                ],
                [
                    1735.7918531978096,
                    1890.207650413426
                ],
                [
                    1845.8491622984686,
                    1969.3716797665313
                ],
                [
                    1986.7997511466806,
                    2000.2649595140847
                ],
                [
                    2141.266149884447,
                    1973.2333397349757
                ],
                [
                    2232.015159142885,
                    1917.2392701925353
                ],
                [
                    2295.7325486222135,
                    1716.4329518334387
                ],
                [
                    2345.934128211988,
                    1129.4606366299251
                ],
                [
                    2316.9716784486563,
                    1021.3341575134884
                ],
                [
                    2224.291839205997,
                    911.27684841283
                ],
                [
                    2204.983539363776,
                    882.3143986494986
                ],
                [
                    2214.637689284886,
                    625.5140107479617
                ],
                [
                    2241.669309063995,
                    588.828241047742
                ],
                [
                    2264.8392688746603,
                    527.0416815526354
                ],
                [
                    2260.9776089062166,
                    445.9468222153079
                ],
                [
                    2266.7700988588826,
                    343.6128330515375
                ],
                [
                    2212.7068593006643,
                    252.8638237930996
                ],
                [
                    2102.6495502000057,
                    191.07726429799297
                ],
                [
                    1921.1515316831296,
                    165.9764745031059
                ],
                [
                    1776.3392828664735,
                    220.0397140613242
                ],
                [
                    1704.8985734502562,
                    295.34208344598545
                ],
                [
                    1693.3135935449238,
                    546.3499813948563
                ],
                [
                    1737.722683182032,
                    625.5140107479618
                ],
                [
                    1747.376833103142,
                    822.458669138614
                ]
            ]
        }
    ]
}