{
    "IMAGE_INFO": {
        "FILE_NAME": "1333685@1_07001_220920_P1_T1.jpg",
        "DATE": "2022-09-20 12:26:36",
        "RESOLUTION": "4000 x 2252",
        "IMAGE_PHOTOGRAPHER": "이연주",
        "FOCUS_DISTANCE": "7",
        "EXPOSURE_TIME": "0.00833",
        "SENSITIVITY_ISO": null,
        "PLACE": "성남시재활용센터",
        "REGION_NAME": null,
        "Direction": "1",
        "HEIGHT": null,
        "DAY/NIGHT": "주간",
        "WEATHER": "맑음",
        "IMAGE_HEIGHT": 2252,
        "IMAGE_WIDTH": 4000,
        "IMAGE_SIZE": "3.8 MB"
    },
    "ANNOTATION_INFO": [
        {
            "ID": "1",
            "CLASS": "유리병",
            "DETAILS": "갈색",
            "DAMAGE": "원형",
            "DIRTINESS": "이물질(외부)",
            "COVER": "없음",
            "TRANSPARENCY": "불투명",
            "SHAPE": "유리병형",
            "SHAPE_TYPE": "POLYGON",
            "POINTS": [
                [
                    1541.2098984782338,
                    1059.9748779507886
                ],
                [
                    1525.566599994953,
                    1067.4240677047317
                ],
                [
                    1517.3724912656155,
                    1112.119206228391
                ],
                [
                    1518.1174102410098,
                    1191.080617620189
                ],
                [
                    1527.801356921136,
                    1236.520675119243
                ],
                [
                    1550.8938451583601,
                    1255.8885684794952
                ],
                [
                    1616.4467149930604,
                    1258.8682443810724
                ],
                [
                    1643.2637981072562,
                    1247.6944597501576
                ],
                [
                    1658.9070965905369,
                    1238.0105130700315
                ],
                [
                    1797.4620260138806,
                    1241.735107947003
                ],
                [
                    1841.4122455621455,
                    1261.8479202826497
                ],
                [
                    1916.6490620769723,
                    1308.0328967570977
                ],
                [
                    2310.0784599235167,
                    1314.7642945050543
                ],
                [
                    2356.2124243465296,
                    1310.1508980627532
                ],
                [
                    2392.4605392503254,
                    1300.265048543536
                ],
                [
                    2410.2550683849163,
                    1256.1082540243667
                ],
                [
                    2410.9141250195307,
                    1153.295419024509
                ],
                [
                    2408.8051437887643,
                    1064.5863960054016
                ],
                [
                    2394.569520481092,
                    1014.7617144285476
                ],
                [
                    2369.261745711896,
                    1000.5260911208752
                ],
                [
                    1918.4670076355978,
                    994.9900153901135
                ],
                [
                    1848.8706270203097,
                    1036.9060173515938
                ],
                [
                    1806.1637570972919,
                    1060.6320561977147
                ],
                [
                    1645.6175609052068,
                    1062.2137921207895
                ],
                [
                    1637.708881289833,
                    1048.7690367746543
                ],
                [
                    1603.7015589437265,
                    1049.5599047361918
                ],
                [
                    1545.1773297899615,
                    1059.05032027464
                ]
            ]
        }
    ]
}