{
    "IMAGE_INFO": {
        "FILE_NAME": "1333678@4_07001_220920_P1_T1.jpg",
        "DATE": "2022-09-20 12:22:18",
        "RESOLUTION": "4000 x 2252",
        "IMAGE_PHOTOGRAPHER": "이연주",
        "FOCUS_DISTANCE": "7",
        "EXPOSURE_TIME": "0.00833",
        "SENSITIVITY_ISO": null,
        "PLACE": "성남시재활용센터",
        "REGION_NAME": null,
        "Direction": "4",
        "HEIGHT": null,
        "DAY/NIGHT": "주간",
        "WEATHER": "맑음",
        "IMAGE_HEIGHT": 2252,
        "IMAGE_WIDTH": 4000,
        "IMAGE_SIZE": "2.5 MB"
    },
    "ANNOTATION_INFO": [
        {
            "ID": "1",
            "CLASS": "유리병",
            "DETAILS": "갈색",
            "DAMAGE": "파손",
            "DIRTINESS": "이물질(외부)",
            "COVER": "없음",
            "TRANSPARENCY": "불투명",
            "SHAPE": "유리병형",
            "SHAPE_TYPE": "POLYGON",
            "POINTS": [
                [
                    1923.6245844794948,
                    103.71319596214506
                ],
                [
                    1875.9032126182965,
                    178.20509350157727
                ],
                [
                    1846.8048151419557,
                    236.40188845425868
                ],
                [
                    1824.690033059937,
                    255.02486283911674
                ],
                [
                    1816.5424817665612,
                    244.5494397476341
                ],
                [
                    1756.0178150157726,
                    298.090491104101
                ],
                [
                    1749.0341996214509,
                    345.8118629652997
                ],
                [
                    1753.6899432176654,
                    381.8938758359622
                ],
                [
                    1775.8047252996842,
                    407.50046561514205
                ],
                [
                    1775.8047252996842,
                    486.64810675078877
                ],
                [
                    1770.7765222157727,
                    775.2267381426475
                ],
                [
                    1689.6816628784452,
                    870.8028223616408
                ],
                [
                    1594.1055786594522,
                    1090.9174405629583
                ],
                [
                    1554.8324967803749,
                    1275.9295696511183
                ],
                [
                    1625.2691746047965,
                    1783.8150887008946
                ],
                [
                    1688.2914652898053,
                    1952.4923961225359
                ],
                [
                    1800.8418620660914,
                    2047.4706953784143
                ],
                [
                    1966.3309830177845,
                    2084.839206561054
                ],
                [
                    2046.4063641234432,
                    2068.8241303399227
                ],
                [
                    2186.2001120504733,
                    1987.2551925804416
                ],
                [
                    2253.242819835962,
                    1897.8649155331227
                ],
                [
                    2331.118830276894,
                    1353.4840591293762
                ],
                [
                    2331.118830276894,
                    1248.4963372352909
                ],
                [
                    2281.2941487000408,
                    1042.0797992740388
                ],
                [
                    2211.895485075137,
                    889.0468487165585
                ],
                [
                    2149.6146331040695,
                    801.8536559570641
                ],
                [
                    2135.3790097963965,
                    771.6029564282599
                ],
                [
                    2110.4666690079694,
                    465.53705531329956
                ],
                [
                    2114.0255748348877,
                    403.2562033422321
                ],
                [
                    2135.3790097963965,
                    364.1082392461325
                ],
                [
                    2130.040651056019,
                    282.25340522701515
                ],
                [
                    2103.348857354133,
                    164.8095129387165
                ],
                [
                    2080.215969479165,
                    134.5588134099123
                ],
                [
                    2012.5967587677205,
                    107.8670197080262
                ]
            ]
        }
    ]
}