{
    "IMAGE_INFO": {
        "FILE_NAME": "1333536@2_07001_220920_P1_T1.jpg",
        "DATE": "2022-09-20 12:25:26",
        "RESOLUTION": "4000 x 2252",
        "IMAGE_PHOTOGRAPHER": "이연주",
        "FOCUS_DISTANCE": "7",
        "EXPOSURE_TIME": "0.00833",
        "SENSITIVITY_ISO": null,
        "PLACE": "성남시재활용센터",
        "REGION_NAME": null,
        "Direction": "2",
        "HEIGHT": null,
        "DAY/NIGHT": "주간",
        "WEATHER": "맑음",
        "IMAGE_HEIGHT": 2252,
        "IMAGE_WIDTH": 4000,
        "IMAGE_SIZE": "2.8 MB"
    },
    "ANNOTATION_INFO": [
        {
            "ID": "1",
            "CLASS": "유리병",
            "DETAILS": "갈색",
            "DAMAGE": "원형",
            "DIRTINESS": "이물질(외부)",
            "COVER": "없음",
            "TRANSPARENCY": "불투명",
            "SHAPE": "유리병형",
            "SHAPE_TYPE": "POLYGON",
            "POINTS": [
                [
                    861.613779179811,
                    721.5244605678232
                ],
                [
                    796.1423848580444,
                    757.8974574132492
                ],
                [
                    748.8574889589906,
                    876.1096971608833
                ],
                [
                    723.3963911671924,
                    1090.710378548896
                ],
                [
                    739.7642397476342,
                    1267.1194132492114
                ],
                [
                    808.945679747634,
                    1446.874763659306
                ],
                [
                    866.5605067507886,
                    1497.5059752681384
                ],
                [
                    1383.3480459305993,
                    1499.251879116719
                ],
                [
                    1404.2988921135648,
                    1481.7928406309145
                ],
                [
                    1458.4219114195587,
                    1483.538744479495
                ],
                [
                    1566.6679500315458,
                    1490.5223598738169
                ],
                [
                    1594.6024116088329,
                    1494.0141675709776
                ],
                [
                    1788.3977388012622,
                    1481.7928406309145
                ],
                [
                    2903.6109414374523,
                    1490.2966896498967
                ],
                [
                    2958.477406269107,
                    1482.8823025104837
                ],
                [
                    3048.9329293699434,
                    1487.3309347941315
                ],
                [
                    3146.8028396101927,
                    1482.8823025104837
                ],
                [
                    3183.8747753072566,
                    1465.087773375893
                ],
                [
                    3247.638504706206,
                    1380.563759986587
                ],
                [
                    3280.261808119623,
                    1297.5226240251639
                ],
                [
                    3301.41357175094,
                    1116.8298573808759
                ],
                [
                    3297.3137122383296,
                    985.6343529773656
                ],
                [
                    3260.414976624843,
                    860.5886378427698
                ],
                [
                    3205.066873204611,
                    743.7426417333933
                ],
                [
                    3162.01834832221,
                    717.0935549014301
                ],
                [
                    1714.7679403709853,
                    712.9936953888205
                ],
                [
                    1593.8220847489993,
                    700.6941168509913
                ],
                [
                    1524.1244730346343,
                    729.3931334392593
                ],
                [
                    1468.7763696144034,
                    706.8439061199059
                ],
                [
                    1392.9289686311242,
                    725.2932739266495
                ],
                [
                    1366.279881799161,
                    710.9437656325156
                ]
            ]
        }
    ]
}