{
    "IMAGE_INFO": {
        "FILE_NAME": "1333551@1_07001_220920_P1_T1.jpg",
        "DATE": "2022-09-20 12:24:55",
        "RESOLUTION": "4000 x 2252",
        "IMAGE_PHOTOGRAPHER": "이연주",
        "FOCUS_DISTANCE": "7",
        "EXPOSURE_TIME": "0.00833",
        "SENSITIVITY_ISO": null,
        "PLACE": "성남시재활용센터",
        "REGION_NAME": null,
        "Direction": "1",
        "HEIGHT": null,
        "DAY/NIGHT": "주간",
        "WEATHER": "맑음",
        "IMAGE_HEIGHT": 2252,
        "IMAGE_WIDTH": 4000,
        "IMAGE_SIZE": "3.7 MB"
    },
    "ANNOTATION_INFO": [
        {
            "ID": "1",
            "CLASS": "유리병",
            "DETAILS": "갈색",
            "DAMAGE": "원형",
            "DIRTINESS": "이물질(외부)",
            "COVER": "없음",
            "TRANSPARENCY": "불투명",
            "SHAPE": "유리병형",
            "SHAPE_TYPE": "POLYGON",
            "POINTS": [
                [
                    1832.1249009463722,
                    863.1631835962144
                ],
                [
                    1829.2150611987386,
                    1005.7453312302839
                ],
                [
                    1836.4896605678236,
                    1385.4794182965302
                ],
                [
                    1872.8626574132497,
                    1432.0368542586752
                ],
                [
                    1948.518490851735,
                    1445.1311331230283
                ],
                [
                    2012.5349652996847,
                    1421.852415141956
                ],
                [
                    2040.1784429022086,
                    1397.1187772870662
                ],
                [
                    2063.457160883281,
                    978.1018536277602
                ],
                [
                    2064.912080757098,
                    861.7082637223974
                ],
                [
                    2057.521087798108,
                    847.2754585741324
                ],
                [
                    2028.6554775015775,
                    818.4098482776025
                ],
                [
                    1954.1635799621456,
                    800.7180226119873
                ],
                [
                    1903.8815491230287,
                    806.3049149274447
                ],
                [
                    1864.773302914827,
                    822.134443154574
                ],
                [
                    1841.4945849337546,
                    838.8951201009462
                ]
            ]
        }
    ]
}