{
    "IMAGE_INFO": {
        "FILE_NAME": "1333732@4_07001_220920_P1_T1.jpg",
        "DATE": "2022-09-20 12:22:48",
        "RESOLUTION": "4000 x 2252",
        "IMAGE_PHOTOGRAPHER": "이연주",
        "FOCUS_DISTANCE": "7",
        "EXPOSURE_TIME": "0.00833",
        "SENSITIVITY_ISO": null,
        "PLACE": "성남시재활용센터",
        "REGION_NAME": null,
        "Direction": "4",
        "HEIGHT": null,
        "DAY/NIGHT": "주간",
        "WEATHER": "맑음",
        "IMAGE_HEIGHT": 2252,
        "IMAGE_WIDTH": 4000,
        "IMAGE_SIZE": "2.9 MB"
    },
    "ANNOTATION_INFO": [
        {
            "ID": "1",
            "CLASS": "유리병",
            "DETAILS": "갈색",
            "DAMAGE": "파손",
            "DIRTINESS": "오염없음",
            "COVER": "없음",
            "TRANSPARENCY": "불투명",
            "SHAPE": "유리병형",
            "SHAPE_TYPE": "POLYGON",
            "POINTS": [
                [
                    1924.604382082019,
                    199.89476618296533
                ],
                [
                    1846.6206768454258,
                    166.14062511041013
                ],
                [
                    1819.8501511671923,
                    204.5505097791798
                ],
                [
                    1817.522279369085,
                    294.17357400630925
                ],
                [
                    1832.653446056782,
                    337.23920227129344
                ],
                [
                    1816.3583434700317,
                    475.74757425867523
                ],
                [
                    1786.0960100946372,
                    512.9935230283913
                ],
                [
                    1720.915599747634,
                    582.829676971609
                ],
                [
                    1654.571253501577,
                    701.5511386750791
                ],
                [
                    1602.194138044164,
                    867.993972239748
                ],
                [
                    1598.4360218132995,
                    979.197339184051
                ],
                [
                    1583.954796931634,
                    1787.7323950770483
                ],
                [
                    1680.4962961427382,
                    1898.755119169818
                ],
                [
                    1893.2737604040115,
                    1951.1192283419211
                ],
                [
                    1981.010674887063,
                    1952.354959531823
                ],
                [
                    2183.6705900310126,
                    1932.583260493389
                ],
                [
                    2263.9931173746513,
                    1906.6329055054443
                ],
                [
                    2388.801967554767,
                    1839.9034212507288
                ],
                [
                    2448.1170646700693,
                    1774.409668185916
                ],
                [
                    2444.4098711003626,
                    1673.079710613941
                ],
                [
                    2357.0189613504836,
                    887.8961125501254
                ],
                [
                    2319.6504501678432,
                    752.6576911272359
                ],
                [
                    2216.442181187217,
                    587.1685701755422
                ],
                [
                    2132.807894254641,
                    507.09318906988403
                ],
                [
                    2089.530234347003,
                    469.97836229653007
                ],
                [
                    2074.655373042798,
                    425.30953316730495
                ],
                [
                    2060.9891746674325,
                    319.39649575822096
                ],
                [
                    2062.1280245320468,
                    295.480648601331
                ],
                [
                    2060.9891746674325,
                    265.87055212137204
                ],
                [
                    2048.461826156681,
                    204.3726594322265
                ],
                [
                    2015.4351800828802,
                    188.42876132763323
                ],
                [
                    1965.3257860398728,
                    192.98416078608844
                ]
            ]
        }
    ]
}