{
    "IMAGE_INFO": {
        "FILE_NAME": "1333457@2_07001_220920_P1_T1.jpg",
        "DATE": "2022-09-20 12:26:40",
        "RESOLUTION": "4000 x 2252",
        "IMAGE_PHOTOGRAPHER": "이연주",
        "FOCUS_DISTANCE": "7",
        "EXPOSURE_TIME": "0.00833",
        "SENSITIVITY_ISO": null,
        "PLACE": "성남시재활용센터",
        "REGION_NAME": null,
        "Direction": "2",
        "HEIGHT": null,
        "DAY/NIGHT": "주간",
        "WEATHER": "맑음",
        "IMAGE_HEIGHT": 2252,
        "IMAGE_WIDTH": 4000,
        "IMAGE_SIZE": "2.3 MB"
    },
    "ANNOTATION_INFO": [
        {
            "ID": "1",
            "CLASS": "유리병",
            "DETAILS": "갈색",
            "DAMAGE": "원형",
            "DIRTINESS": "이물질(외부)",
            "COVER": "없음",
            "TRANSPARENCY": "불투명",
            "SHAPE": "유리병형",
            "SHAPE_TYPE": "POLYGON",
            "POINTS": [
                [
                    774.3470031545742,
                    839.0831230283912
                ],
                [
                    663.5230283911673,
                    858.9746056782335
                ],
                [
                    618.0567823343849,
                    890.2326498422713
                ],
                [
                    564.0656151419558,
                    1049.3645110410096
                ],
                [
                    569.7488958990535,
                    1234.071135646688
                ],
                [
                    646.4731861198738,
                    1376.1531545741325
                ],
                [
                    740.2473186119873,
                    1421.619400630915
                ],
                [
                    959.0536277602524,
                    1410.2528391167195
                ],
                [
                    1035.7779179810725,
                    1378.9947949526816
                ],
                [
                    1294.367192429022,
                    1384.6780757097793
                ],
                [
                    1439.2908517350158,
                    1390.361356466877
                ],
                [
                    1623.9974763406942,
                    1478.4522082018927
                ],
                [
                    1726.2965299684543,
                    1586.4345425867507
                ],
                [
                    2121.2845425867513,
                    1620.5342271293378
                ],
                [
                    3027.7678233438487,
                    1620.5342271293378
                ],
                [
                    3169.8498422712933,
                    1583.592902208202
                ],
                [
                    3263.623974763407,
                    1364.7865930599369
                ],
                [
                    3280.6738170347007,
                    1103.3556782334385
                ],
                [
                    3249.4157728706627,
                    924.3323343848581
                ],
                [
                    3186.899684542587,
                    773.7253943217667
                ],
                [
                    3115.8586750788645,
                    736.7840694006309
                ],
                [
                    2987.984858044164,
                    716.8925867507887
                ],
                [
                    2922.62712933754,
                    702.6843848580443
                ],
                [
                    1768.9211356466878,
                    682.7929022082019
                ],
                [
                    1714.9299684542586,
                    714.0509463722398
                ],
                [
                    1504.6485804416404,
                    853.2913249211357
                ],
                [
                    1422.2410094637223,
                    878.8660883280756
                ],
                [
                    1041.4611987381704,
                    867.4995268138803
                ],
                [
                    984.6283911671925,
                    833.3998422712933
                ],
                [
                    870.9627760252366,
                    827.7165615141956
                ]
            ]
        }
    ]
}