{
    "IMAGE_INFO": {
        "FILE_NAME": "1336482@3_07001_220922_P1_T1.jpg",
        "DATE": "2022-09-22 11:27:53",
        "RESOLUTION": "4000 x 2252",
        "IMAGE_PHOTOGRAPHER": "이연주",
        "FOCUS_DISTANCE": "7",
        "EXPOSURE_TIME": "0.01667",
        "SENSITIVITY_ISO": null,
        "PLACE": "성남시재활용센터",
        "REGION_NAME": null,
        "Direction": "3",
        "HEIGHT": null,
        "DAY/NIGHT": "주간",
        "WEATHER": "맑음",
        "IMAGE_HEIGHT": 2252,
        "IMAGE_WIDTH": 4000,
        "IMAGE_SIZE": "2.2 MB"
    },
    "ANNOTATION_INFO": [
        {
            "ID": "1",
            "CLASS": "유리병",
            "DETAILS": "갈색",
            "DAMAGE": "원형",
            "DIRTINESS": "이물질(외부)",
            "COVER": "없음",
            "TRANSPARENCY": "불투명",
            "SHAPE": "유리병형",
            "SHAPE_TYPE": "POLYGON",
            "POINTS": [
                [
                    1623.0370018927447,
                    689.3570914826499
                ],
                [
                    1579.3894056782335,
                    744.6440466876973
                ],
                [
                    1545.926248580442,
                    821.7548000000002
                ],
                [
                    1532.8319697160885,
                    939.6033097791801
                ],
                [
                    1611.6886268769722,
                    1402.5588136277604
                ],
                [
                    1651.8444153943221,
                    1716.8215063722398
                ],
                [
                    1742.2822347507888,
                    1880.2381065993698
                ],
                [
                    1788.3740963533123,
                    1915.1561835709786
                ],
                [
                    1918.2693426876976,
                    1980.802168277603
                ],
                [
                    2038.3875274700317,
                    2001.7530144605682
                ],
                [
                    2155.712266094638,
                    1998.95956830284
                ],
                [
                    2275.8304508769716,
                    1957.057875936909
                ],
                [
                    2370.8076202397483,
                    1903.9823989400636
                ],
                [
                    2426.676543394322,
                    1863.4774296529974
                ],
                [
                    2476.958574233439,
                    1754.5330295015776
                ],
                [
                    2530.034051230284,
                    1412.3358751798112
                ],
                [
                    2600.3222518045304,
                    997.6131710395811
                ],
                [
                    2609.5902357287964,
                    901.2261382272147
                ],
                [
                    2580.1551187853274,
                    793.1985176059701
                ],
                [
                    2538.6345508046156,
                    707.7847777599349
                ],
                [
                    2519.6537197277185,
                    686.431342798426
                ],
                [
                    2523.212625554637,
                    653.2148884138567
                ],
                [
                    2549.3112682853703,
                    438.494236856462
                ],
                [
                    2536.2619469200035,
                    380.3654416834657
                ],
                [
                    2498.3002847662096,
                    315.11883485663304
                ],
                [
                    2434.2399798816837,
                    258.17634162594277
                ],
                [
                    2360.6892594587084,
                    222.58728335676133
                ],
                [
                    2265.785104074225,
                    188.18452702988597
                ],
                [
                    2170.8809486897408,
                    170.38999789529527
                ],
                [
                    2097.3302282667664,
                    165.64479012607106
                ],
                [
                    1975.141128209243,
                    171.57629983760128
                ],
                [
                    1864.8150475747807,
                    192.92973479911015
                ],
                [
                    1744.99855140187,
                    234.4503027798218
                ],
                [
                    1650.094396017386,
                    310.3736270874088
                ],
                [
                    1606.2012241520624,
                    379.17913974115964
                ],
                [
                    1597.8971105559203,
                    430.19012326031964
                ],
                [
                    1620.436847459735,
                    646.0970767600203
                ],
                [
                    1622.2402714019936,
                    681.778413496207
                ]
            ]
        }
    ]
}