{
    "IMAGE_INFO": {
        "FILE_NAME": "1336776@5_07001_220922_P1_T1.jpg",
        "DATE": "2022-09-22 11:28:47",
        "RESOLUTION": "4000 x 2252",
        "IMAGE_PHOTOGRAPHER": "이연주",
        "FOCUS_DISTANCE": "7",
        "EXPOSURE_TIME": "0.00833",
        "SENSITIVITY_ISO": null,
        "PLACE": "성남시재활용센터",
        "REGION_NAME": null,
        "Direction": "5",
        "HEIGHT": null,
        "DAY/NIGHT": "주간",
        "WEATHER": "맑음",
        "IMAGE_HEIGHT": 2252,
        "IMAGE_WIDTH": 4000,
        "IMAGE_SIZE": "2.3 MB"
    },
    "ANNOTATION_INFO": [
        {
            "ID": "1",
            "CLASS": "유리병",
            "DETAILS": "갈색",
            "DAMAGE": "원형",
            "DIRTINESS": "이물질(외부)",
            "COVER": "없음",
            "TRANSPARENCY": "불투명",
            "SHAPE": "유리병형",
            "SHAPE_TYPE": "POLYGON",
            "POINTS": [
                [
                    1739.7943217665618,
                    611.1835646687697
                ],
                [
                    1664.7750157728706,
                    724.8491798107256
                ],
                [
                    1617.0354574132493,
                    852.1546687697162
                ],
                [
                    1603.3955835962147,
                    1004.466593059937
                ],
                [
                    1663.9384368454255,
                    1733.6906203154579
                ],
                [
                    1718.0614561514194,
                    1866.3793128075715
                ],
                [
                    1793.1353216403784,
                    1932.7236590536281
                ],
                [
                    1854.2419563406938,
                    1971.133543722398
                ],
                [
                    1967.7257064984226,
                    1995.5761976025244
                ],
                [
                    2119.6193413249207,
                    1974.625351419559
                ],
                [
                    2229.611283785489,
                    1904.7891974763409
                ],
                [
                    2281.988399242902,
                    1841.9366589274453
                ],
                [
                    2313.41466851735,
                    1721.4692933753945
                ],
                [
                    2433.728394530726,
                    1043.6395832025237
                ],
                [
                    2445.7960819321142,
                    938.0473184403786
                ],
                [
                    2432.4637008910595,
                    846.9748951595835
                ],
                [
                    2405.2776147132126,
                    754.2950559169237
                ],
                [
                    2353.376904737323,
                    656.6722919146551
                ],
                [
                    2306.4191195210424,
                    620.8360874074932
                ],
                [
                    2352.1411735474203,
                    529.3919793547353
                ],
                [
                    2370.6771413959527,
                    303.25317160264507
                ],
                [
                    2323.719356179671,
                    200.68748284076798
                ],
                [
                    2229.803785747109,
                    125.3078802567379
                ],
                [
                    2095.1090860477766,
                    90.70740693947818
                ],
                [
                    1969.0645046777593,
                    88.23594455967392
                ],
                [
                    1857.8486975865671,
                    117.89349311732512
                ],
                [
                    1752.8115464448858,
                    206.86613879027868
                ],
                [
                    1726.8611914569412,
                    293.36732208342795
                ],
                [
                    1724.389729077137,
                    471.31261342933516
                ],
                [
                    1761.461664774201,
                    584.9998829003314
                ]
            ]
        }
    ]
}