{
    "IMAGE_INFO": {
        "FILE_NAME": "1336701@1_07001_220922_P1_T1.jpg",
        "DATE": "2022-09-22 11:28:06",
        "RESOLUTION": "4000 x 2252",
        "IMAGE_PHOTOGRAPHER": "이연주",
        "FOCUS_DISTANCE": "7",
        "EXPOSURE_TIME": "0.01667",
        "SENSITIVITY_ISO": null,
        "PLACE": "성남시재활용센터",
        "REGION_NAME": null,
        "Direction": "1",
        "HEIGHT": null,
        "DAY/NIGHT": "주간",
        "WEATHER": "맑음",
        "IMAGE_HEIGHT": 2252,
        "IMAGE_WIDTH": 4000,
        "IMAGE_SIZE": "2.5 MB"
    },
    "ANNOTATION_INFO": [
        {
            "ID": "1",
            "CLASS": "유리병",
            "DETAILS": "갈색",
            "DAMAGE": "원형",
            "DIRTINESS": "이물질(외부)",
            "COVER": "없음",
            "TRANSPARENCY": "불투명",
            "SHAPE": "유리병형",
            "SHAPE_TYPE": "POLYGON",
            "POINTS": [
                [
                    1313.5530389400633,
                    849.2477843280759
                ],
                [
                    1291.2054696782336,
                    869.7330561514199
                ],
                [
                    1264.2021568201894,
                    953.5364408832809
                ],
                [
                    1246.5103311545743,
                    1057.8250974384862
                ],
                [
                    1251.6273285803534,
                    1230.2768199181733
                ],
                [
                    1268.1037444457152,
                    1351.7903869252164
                ],
                [
                    1294.8779202269282,
                    1400.1898585297165
                ],
                [
                    1455.5229749142052,
                    1405.338738487642
                ],
                [
                    1471.999390779567,
                    1396.070754563376
                ],
                [
                    1484.3567026785881,
                    1386.8027706391101
                ],
                [
                    1493.6246866028544,
                    1369.2965787821631
                ],
                [
                    1509.071326476631,
                    1362.0881468410676
                ],
                [
                    1528.6370703167481,
                    1369.2965787821631
                ],
                [
                    1551.2921421316203,
                    1384.7432186559402
                ],
                [
                    1584.2449738623443,
                    1429.0235862940997
                ],
                [
                    1602.7809417108763,
                    1457.8573140584826
                ],
                [
                    1685.163021037685,
                    1489.7803697976212
                ],
                [
                    1754.1580124738873,
                    1488.750593806036
                ],
                [
                    2482.400944212003,
                    1505.454073135608
                ],
                [
                    2527.007415709197,
                    1497.5823428713975
                ],
                [
                    2588.2319844308354,
                    1481.8388823429761
                ],
                [
                    2619.7189054876776,
                    1456.4744181582976
                ],
                [
                    2634.5877293200756,
                    1438.9816842378293
                ],
                [
                    2662.5761035928244,
                    1327.9028238428573
                ],
                [
                    2674.8210173371517,
                    1208.9522331836743
                ],
                [
                    2673.9463806411286,
                    1111.8675599250769
                ],
                [
                    2670.447833857035,
                    1012.158976578409
                ],
                [
                    2661.7014668968013,
                    944.8119509846067
                ],
                [
                    2645.0833696723566,
                    872.2171052146643
                ],
                [
                    2626.7159990558657,
                    829.3599071095177
                ],
                [
                    2585.6080743427656,
                    797.8729860526752
                ],
                [
                    2526.1327790131745,
                    785.6280723083477
                ],
                [
                    2489.3980377801913,
                    782.129525524254
                ],
                [
                    1714.9947071210702,
                    765.7633236682641
                ],
                [
                    1673.34800620322,
                    771.1370915286318
                ],
                [
                    1627.6709793900936,
                    789.2735580573732
                ],
                [
                    1580.6505106118755,
                    836.2940268355912
                ],
                [
                    1552.4382293449446,
                    872.5669598930738
                ],
                [
                    1524.2259480780137,
                    881.9710536487175
                ],
                [
                    1502.0591556539966,
                    879.2841697185336
                ],
                [
                    1486.6095730554393,
                    847.7132835388729
                ],
                [
                    1353.6088185113363,
                    844.3546786261431
                ]
            ]
        }
    ]
}