{
    "IMAGE_INFO": {
        "FILE_NAME": "1339095@4_07001_220919_P1_T1.jpg",
        "DATE": "2022-09-20 16:56:27",
        "RESOLUTION": "4032 x 2268",
        "IMAGE_PHOTOGRAPHER": "조정경",
        "FOCUS_DISTANCE": "5.4",
        "EXPOSURE_TIME": "0.00483",
        "SENSITIVITY_ISO": null,
        "PLACE": "주택가분리수거장",
        "REGION_NAME": null,
        "Direction": "4",
        "HEIGHT": null,
        "DAY/NIGHT": "주간",
        "WEATHER": "맑음",
        "IMAGE_HEIGHT": 2268,
        "IMAGE_WIDTH": 4032,
        "IMAGE_SIZE": "2.0 MB"
    },
    "ANNOTATION_INFO": [
        {
            "ID": "1",
            "CLASS": "유리병",
            "DETAILS": "갈색",
            "DAMAGE": "원형",
            "DIRTINESS": "이물질(외부)",
            "COVER": "없음",
            "TRANSPARENCY": "불투명",
            "SHAPE": "유리병형",
            "SHAPE_TYPE": "BOX",
            "POINTS": [
                [
                    1482.4880160246078,
                    318.8432241766561,
                    833.324436763857,
                    1765.1348558723746
                ]
            ]
        }
    ]
}