{
    "IMAGE_INFO": {
        "FILE_NAME": "1339016@2_07001_220919_P1_T1.jpg",
        "DATE": "2022-09-20 17:02:05",
        "RESOLUTION": "4032 x 2268",
        "IMAGE_PHOTOGRAPHER": "조정경",
        "FOCUS_DISTANCE": "5.4",
        "EXPOSURE_TIME": "0.00592",
        "SENSITIVITY_ISO": null,
        "PLACE": "주택가분리수거장",
        "REGION_NAME": null,
        "Direction": "2",
        "HEIGHT": null,
        "DAY/NIGHT": "주간",
        "WEATHER": "맑음",
        "IMAGE_HEIGHT": 2268,
        "IMAGE_WIDTH": 4032,
        "IMAGE_SIZE": "2.9 MB"
    },
    "ANNOTATION_INFO": [
        {
            "ID": "1",
            "CLASS": "유리병",
            "DETAILS": "갈색",
            "DAMAGE": "원형",
            "DIRTINESS": "이물질(외부)",
            "COVER": "없음",
            "TRANSPARENCY": "불투명",
            "SHAPE": "유리병형",
            "SHAPE_TYPE": "BOX",
            "POINTS": [
                [
                    597.4069400630915,
                    780.905311041009,
                    2864.691482649842,
                    889.4108668769721
                ]
            ]
        }
    ]
}