{
    "IMAGE_INFO": {
        "FILE_NAME": "140779@1_07001_220727_P1_T1.jpg",
        "DATE": "2022-07-27 09:16:34",
        "RESOLUTION": "2560 x 1440",
        "IMAGE_PHOTOGRAPHER": "송명임",
        "FOCUS_DISTANCE": "4.2",
        "EXPOSURE_TIME": "0.00242",
        "SENSITIVITY_ISO": null,
        "PLACE": "주택가분리수거장",
        "REGION_NAME": null,
        "Direction": "1",
        "HEIGHT": null,
        "DAY/NIGHT": "주간",
        "WEATHER": "맑음",
        "IMAGE_HEIGHT": 1440,
        "IMAGE_WIDTH": 2560,
        "IMAGE_SIZE": "2.5 MB"
    },
    "ANNOTATION_INFO": [
        {
            "ID": "1",
            "CLASS": "유리병",
            "DETAILS": "갈색",
            "DAMAGE": "원형",
            "DIRTINESS": "이물질(외부)",
            "COVER": "없음",
            "TRANSPARENCY": "불투명",
            "SHAPE": "유리병형",
            "SHAPE_TYPE": "BOX",
            "POINTS": [
                [
                    1050.6104575176844,
                    574.1448910610933,
                    492.4328680128622,
                    179.64028707395482
                ]
            ]
        }
    ]
}