{
    "IMAGE_INFO": {
        "FILE_NAME": "140832@4_07001_220727_P1_T1.jpg",
        "DATE": "2022-07-27 09:16:00",
        "RESOLUTION": "2560 x 1440",
        "IMAGE_PHOTOGRAPHER": "송명임",
        "FOCUS_DISTANCE": "4.2",
        "EXPOSURE_TIME": "0.00292",
        "SENSITIVITY_ISO": null,
        "PLACE": "주택가분리수거장",
        "REGION_NAME": null,
        "Direction": "4",
        "HEIGHT": null,
        "DAY/NIGHT": "주간",
        "WEATHER": "맑음",
        "IMAGE_HEIGHT": 1440,
        "IMAGE_WIDTH": 2560,
        "IMAGE_SIZE": "2.2 MB"
    },
    "ANNOTATION_INFO": [
        {
            "ID": "1",
            "CLASS": "유리병",
            "DETAILS": "갈색",
            "DAMAGE": "원형",
            "DIRTINESS": "이물질(외부)",
            "COVER": "없음",
            "TRANSPARENCY": "불투명",
            "SHAPE": "유리병형",
            "SHAPE_TYPE": "BOX",
            "POINTS": [
                [
                    558.3681028938902,
                    499.4369131832796,
                    1510.1201286173634,
                    470.5790353697752
                ]
            ]
        }
    ]
}