{
    "IMAGE_INFO": {
        "FILE_NAME": "195916@2_07001_220812_P1_T1.jpg",
        "DATE": "2022-08-13 04:10:03",
        "RESOLUTION": "4032 x 3024",
        "IMAGE_PHOTOGRAPHER": "이윤경",
        "FOCUS_DISTANCE": "1.57",
        "EXPOSURE_TIME": "0.06667",
        "SENSITIVITY_ISO": null,
        "PLACE": "주택가분리수거장",
        "REGION_NAME": null,
        "Direction": "2",
        "HEIGHT": null,
        "DAY/NIGHT": "야간",
        "WEATHER": "맑음",
        "IMAGE_HEIGHT": 3024,
        "IMAGE_WIDTH": 4032,
        "IMAGE_SIZE": "2.8 MB"
    },
    "ANNOTATION_INFO": [
        {
            "ID": "1",
            "CLASS": "유리병",
            "DETAILS": "갈색",
            "DAMAGE": "원형",
            "DIRTINESS": "이물질(외부)",
            "COVER": "없음",
            "TRANSPARENCY": "불투명",
            "SHAPE": "유리병형",
            "SHAPE_TYPE": "POLYGON",
            "POINTS": [
                [
                    747.0493261445904,
                    1510.688478110966
                ],
                [
                    761.8927331195663,
                    1506.1212759648192
                ],
                [
                    764.9375345503306,
                    1503.8376748917462
                ],
                [
                    781.3033422406887,
                    1506.501876143665
                ],
                [
                    802.2363520771935,
                    1504.979475428283
                ],
                [
                    805.2811535079577,
                    1503.076474534055
                ],
                [
                    807.9453547598765,
                    1497.7480720302176
                ],
                [
                    834.2067671002187,
                    1503.8376748917462
                ],
                [
                    840.2963699617474,
                    1503.076474534055
                ],
                [
                    852.85617586365,
                    1501.554073818673
                ],
                [
                    866.1771821232438,
                    1498.5092723879086
                ],
                [
                    890.1549933905129,
                    1500.4122732821363
                ],
                [
                    909.1850023327898,
                    1509.1660773955837
                ],
                [
                    928.5956114539123,
                    1513.73327954173
                ],
                [
                    941.155417355815,
                    1517.919881509031
                ],
                [
                    956.3794245096366,
                    1517.5392813301853
                ],
                [
                    986.8274388172797,
                    1522.106483476332
                ],
                [
                    1006.9992482960932,
                    1525.1512849070964
                ],
                [
                    1020.7008547345328,
                    1521.7258832974865
                ],
                [
                    1035.5442617095086,
                    1516.0168806148035
                ],
                [
                    1043.1562652864193,
                    1506.8824763225105
                ],
                [
                    1048.484667790257,
                    1493.9420702417622
                ],
                [
                    1048.8652679691027,
                    1488.233067559079
                ],
                [
                    1060.2832733344687,
                    1487.0912670225425
                ],
                [
                    1083.880484422892,
                    1493.180869884071
                ],
                [
                    1106.335894974779,
                    1500.7928734609818
                ],
                [
                    1153.530317151626,
                    1512.5914790051934
                ],
                [
                    1235.3593556034166,
                    1545.7036945647556
                ],
                [
                    1336.2184029974842,
                    1575.0099083358616
                ],
                [
                    1373.5172205243468,
                    1586.8085138800734
                ],
                [
                    1412.338438766592,
                    1582.241311733927
                ],
                [
                    1533.7103133997193,
                    1611.3831062277725
                ],
                [
                    1558.7020435434322,
                    1622.563617081539
                ],
                [
                    1573.1709399424242,
                    1638.3478676986213
                ],
                [
                    1582.378419469056,
                    1647.5553472252523
                ],
                [
                    1655.3805785730608,
                    1677.1508171322816
                ],
                [
                    1700.760299097172,
                    1685.7006195498677
                ],
                [
                    1796.1234799087104,
                    1698.1964846217243
                ],
                [
                    2033.5449162739876,
                    1700.1695159488595
                ],
                [
                    2383.9342343057233,
                    1716.6167050918596
                ],
                [
                    2744.1939703900066,
                    1737.0730938915979
                ],
                [
                    2772.6056215007548,
                    1745.0283562026075
                ],
                [
                    2824.182996461164,
                    1760.3115515681006
                ],
                [
                    2927.17409527158,
                    1711.4344199292586
                ],
                [
                    2976.63309752517,
                    1641.6099461594847
                ],
                [
                    3025.510229164012,
                    1536.2913648900753
                ],
                [
                    3046.457571294944,
                    1435.0458779239027
                ],
                [
                    3064.818614917444,
                    1374.5183000883283
                ],
                [
                    3059.9923472904766,
                    1223.697436745616
                ],
                [
                    3043.6409525703134,
                    1102.9249156483993
                ],
                [
                    3021.4015113452506,
                    1059.0637954545252
                ],
                [
                    2992.9844475576697,
                    1010.260577210637
                ],
                [
                    2971.9805308451105,
                    996.0520453168468
                ],
                [
                    2907.1154939386774,
                    967.0172192730148
                ],
                [
                    2802.09591037588,
                    960.8395967104972
                ],
                [
                    2700.1651380943413,
                    954.6619741479797
                ],
                [
                    2197.924423761669,
                    938.600155485434
                ],
                [
                    1790.7396279551224,
                    922.1546323302855
                ],
                [
                    1716.9544994362573,
                    926.253806136889
                ],
                [
                    1671.863587563618,
                    916.00587162038
                ],
                [
                    1624.903452435167,
                    932.4025668467942
                ],
                [
                    1532.0325706727558,
                    972.8040238846793
                ],
                [
                    1450.1802681024953,
                    995.3658765162254
                ],
                [
                    1271.259529791861,
                    1011.6313981808288
                ],
                [
                    1223.5123532925422,
                    1055.7057149494306
                ],
                [
                    1182.5862020074117,
                    1068.298376883317
                ],
                [
                    1168.4194573317898,
                    1068.298376883317
                ],
                [
                    1137.4624967443194,
                    1071.4465423667884
                ],
                [
                    1070.3016330969258,
                    1079.8416503227127
                ],
                [
                    1055.0854999268136,
                    1081.4157330644484
                ],
                [
                    1046.1656977236441,
                    1067.2489883888263
                ],
                [
                    1030.9495645535312,
                    1056.7551034439211
                ],
                [
                    1009.4371004164757,
                    1041.5389702738087
                ],
                [
                    992.1221902573819,
                    1034.7179450596202
                ],
                [
                    977.9554455817599,
                    1031.5697795761487
                ],
                [
                    959.0664526809306,
                    1031.0450853289035
                ],
                [
                    914.9921359123286,
                    1036.8167220486012
                ],
                [
                    898.2019200004804,
                    1042.588358768299
                ],
                [
                    875.6400673689341,
                    1043.6377472627896
                ],
                [
                    864.0967939295384,
                    1038.915499037582
                ],
                [
                    848.8806607594257,
                    1043.1130530155444
                ],
                [
                    837.3373873200301,
                    1048.3599954879971
                ],
                [
                    807.9545094742955,
                    1040.489581779318
                ],
                [
                    796.4112360348997,
                    1035.2426393068656
                ],
                [
                    774.8987718978439,
                    1032.6191680706393
                ],
                [
                    718.756487442601,
                    1053.6069379604496
                ],
                [
                    705.1144370142242,
                    1059.9032689273927
                ],
                [
                    692.5217750803381,
                    1073.5453193557694
                ],
                [
                    678.8797246519612,
                    1094.53308924558
                ],
                [
                    666.8117569653202,
                    1147.5272082173517
                ],
                [
                    660.515425998377,
                    1177.4347803103315
                ],
                [
                    663.1388972346034,
                    1197.8978559528966
                ],
                [
                    663.6635914818487,
                    1216.786848853726
                ],
                [
                    658.941343256641,
                    1266.632802342026
                ],
                [
                    664.1882857290936,
                    1334.84305448391
                ],
                [
                    668.3858397070557,
                    1384.1643137249648
                ],
                [
                    688.8489153496208,
                    1432.4361844715288
                ],
                [
                    717.7070989481102,
                    1481.2327494653382
                ],
                [
                    736.0713976016946,
                    1504.8439905913754
                ]
            ]
        }
    ]
}