{
    "IMAGE_INFO": {
        "FILE_NAME": "211364@1_07001_220817_P1_T1.jpg",
        "DATE": "2022-08-17 17:46:23",
        "RESOLUTION": "4032 x 3024",
        "IMAGE_PHOTOGRAPHER": "김태진",
        "FOCUS_DISTANCE": "5.7",
        "EXPOSURE_TIME": "0.00826",
        "SENSITIVITY_ISO": null,
        "PLACE": "주택가분리수거장",
        "REGION_NAME": null,
        "Direction": "1",
        "HEIGHT": null,
        "DAY/NIGHT": "주간",
        "WEATHER": "맑음",
        "IMAGE_HEIGHT": 3024,
        "IMAGE_WIDTH": 4032,
        "IMAGE_SIZE": "5.1 MB"
    },
    "ANNOTATION_INFO": [
        {
            "ID": "1",
            "CLASS": "유리병",
            "DETAILS": "갈색",
            "DAMAGE": "원형",
            "DIRTINESS": "이물질(외부)",
            "COVER": "없음",
            "TRANSPARENCY": "불투명",
            "SHAPE": "유리병형",
            "SHAPE_TYPE": "BOX",
            "POINTS": [
                [
                    1016.4541935483868,
                    1278.2704064516126,
                    2020.266116129032,
                    681.7461677419362
                ]
            ]
        }
    ]
}