{
    "IMAGE_INFO": {
        "FILE_NAME": "214905@3_07001_220818_P1_T1.jpg",
        "DATE": "2022-08-18 11:32:57",
        "RESOLUTION": "4032 x 2268",
        "IMAGE_PHOTOGRAPHER": "이정미",
        "FOCUS_DISTANCE": "5.4",
        "EXPOSURE_TIME": "0.00241",
        "SENSITIVITY_ISO": null,
        "PLACE": "주택가분리수거장",
        "REGION_NAME": null,
        "Direction": "3",
        "HEIGHT": null,
        "DAY/NIGHT": "주간",
        "WEATHER": "맑음",
        "IMAGE_HEIGHT": 2268,
        "IMAGE_WIDTH": 4032,
        "IMAGE_SIZE": "3.6 MB"
    },
    "ANNOTATION_INFO": [
        {
            "ID": "1",
            "CLASS": "유리병",
            "DETAILS": "갈색",
            "DAMAGE": "원형",
            "DIRTINESS": "이물질(외부)",
            "COVER": "없음",
            "TRANSPARENCY": "불투명",
            "SHAPE": "유리병형",
            "SHAPE_TYPE": "BOX",
            "POINTS": [
                [
                    1811.9915400665925,
                    290.7221577802441,
                    793.390199334073,
                    1801.134943751388
                ]
            ]
        }
    ]
}