{
    "IMAGE_INFO": {
        "FILE_NAME": "214926@5_07001_220818_P1_T1.jpg",
        "DATE": "2022-08-18 11:36:15",
        "RESOLUTION": "4032 x 2268",
        "IMAGE_PHOTOGRAPHER": "이정미",
        "FOCUS_DISTANCE": "5.4",
        "EXPOSURE_TIME": "0.00299",
        "SENSITIVITY_ISO": null,
        "PLACE": "주택가분리수거장",
        "REGION_NAME": null,
        "Direction": "5",
        "HEIGHT": null,
        "DAY/NIGHT": "주간",
        "WEATHER": "맑음",
        "IMAGE_HEIGHT": 2268,
        "IMAGE_WIDTH": 4032,
        "IMAGE_SIZE": "3.6 MB"
    },
    "ANNOTATION_INFO": [
        {
            "ID": "1",
            "CLASS": "유리병",
            "DETAILS": "갈색",
            "DAMAGE": "원형",
            "DIRTINESS": "오염없음",
            "COVER": "없음",
            "TRANSPARENCY": "불투명",
            "SHAPE": "유리병형",
            "SHAPE_TYPE": "BOX",
            "POINTS": [
                [
                    1653.3573677419351,
                    301.2096048387096,
                    705.1577806451617,
                    1831.7245935483877
                ]
            ]
        }
    ]
}