{
    "IMAGE_INFO": {
        "FILE_NAME": "248082@1_07001_2208238_P1_T1.jpg",
        "DATE": "2022-08-23 13:46:37",
        "RESOLUTION": "4000 x 2250",
        "IMAGE_PHOTOGRAPHER": "전성애",
        "FOCUS_DISTANCE": "4.6",
        "EXPOSURE_TIME": "0.02000",
        "SENSITIVITY_ISO": null,
        "PLACE": "주택가분리수거장",
        "REGION_NAME": null,
        "Direction": "1",
        "HEIGHT": null,
        "DAY/NIGHT": "주간",
        "WEATHER": "맑음",
        "IMAGE_HEIGHT": 2250,
        "IMAGE_WIDTH": 4000,
        "IMAGE_SIZE": "4.1 MB"
    },
    "ANNOTATION_INFO": [
        {
            "ID": "1",
            "CLASS": "유리병",
            "DETAILS": "갈색",
            "DAMAGE": "원형",
            "DIRTINESS": "이물질(외부)",
            "COVER": "없음",
            "TRANSPARENCY": "불투명",
            "SHAPE": "유리병형",
            "SHAPE_TYPE": "POLYGON",
            "POINTS": [
                [
                    1158.0250549450545,
                    808.7807153038614
                ],
                [
                    1122.3763516483511,
                    864.9544295895757
                ],
                [
                    1102.931604395604,
                    953.5360559632021
                ],
                [
                    1089.968439560439,
                    1055.0808471719931
                ],
                [
                    1089.9684395604393,
                    1165.2677482708943
                ],
                [
                    1106.1723956043954,
                    1247.3677922269385
                ],
                [
                    1120.215824175824,
                    1292.7388691500153
                ],
                [
                    1137.5000439560436,
                    1325.1467812379274
                ],
                [
                    1152.623736263736,
                    1331.62836365551
                ],
                [
                    1522.0739340659338,
                    1344.5915284906748
                ],
                [
                    1552.3213186813184,
                    1343.511264754411
                ],
                [
                    1573.9265934065932,
                    1337.0296823368285
                ],
                [
                    1615.8942132586094,
                    1356.2403993914586
                ],
                [
                    1693.0440224461945,
                    1346.888907368721
                ],
                [
                    2587.6171008332963,
                    1384.4127042591588
                ],
                [
                    2622.0904410259163,
                    1388.7218717832359
                ],
                [
                    2701.8100402213495,
                    1388.7218717832359
                ],
                [
                    2769.6794287255702,
                    1382.25812049712
                ],
                [
                    2800.9208932751317,
                    1370.4079098059067
                ],
                [
                    2830.0077740626552,
                    1332.7026939702287
                ],
                [
                    2846.1671522779457,
                    1269.1424729900857
                ],
                [
                    2863.403822374255,
                    1168.9543280552841
                ],
                [
                    2866.6356980173127,
                    1055.83868054825
                ],
                [
                    2855.8627792071197,
                    936.2592817551002
                ],
                [
                    2828.9304821816354,
                    857.6169744406861
                ],
                [
                    2807.7724696384143,
                    824.0485594281224
                ],
                [
                    2782.262197895876,
                    813.7065573703364
                ],
                [
                    2649.195104752363,
                    806.12242252796
                ],
                [
                    2625.753233421382,
                    812.3276237626317
                ],
                [
                    2590.5904264249093,
                    808.1908229395173
                ],
                [
                    2285.1566323182974,
                    809.5697565472219
                ],
                [
                    2254.8200929487916,
                    801.2961549009931
                ],
                [
                    2227.241420794696,
                    806.1224225279599
                ],
                [
                    1814.2508052871096,
                    799.2277544894358
                ],
                [
                    1697.8749864193871,
                    796.2254299240524
                ],
                [
                    1668.9001715661625,
                    791.6504591577537
                ],
                [
                    1646.025317734669,
                    789.3629737746044
                ],
                [
                    1617.6777460747248,
                    791.8241859324324
                ],
                [
                    1583.5007172619207,
                    798.5129153072016
                ],
                [
                    1564.4383390690093,
                    806.9003617120826
                ],
                [
                    1559.1008731749944,
                    811.4753324783813
                ],
                [
                    1541.5634852375163,
                    807.6628568397991
                ],
                [
                    1249.5278513221183,
                    806.9003617120825
                ],
                [
                    1174.0408336781902,
                    805.3753714566495
                ]
            ]
        }
    ]
}