{
    "IMAGE_INFO": {
        "FILE_NAME": "251796@2_07001_220823_P1_T1.jpg",
        "DATE": "2022-08-23 11:43:47",
        "RESOLUTION": "5664 x 3184",
        "IMAGE_PHOTOGRAPHER": "김정민",
        "FOCUS_DISTANCE": "3.93",
        "EXPOSURE_TIME": "0.00546",
        "SENSITIVITY_ISO": null,
        "PLACE": "주택가분리수거장",
        "REGION_NAME": null,
        "Direction": "2",
        "HEIGHT": null,
        "DAY/NIGHT": "주간",
        "WEATHER": "맑음",
        "IMAGE_HEIGHT": 3184,
        "IMAGE_WIDTH": 5664,
        "IMAGE_SIZE": "5.2 MB"
    },
    "ANNOTATION_INFO": [
        {
            "ID": "1",
            "CLASS": "유리병",
            "DETAILS": "갈색",
            "DAMAGE": "원형",
            "DIRTINESS": "이물질(외부)",
            "COVER": "없음",
            "TRANSPARENCY": "불투명",
            "SHAPE": "유리병형",
            "SHAPE_TYPE": "POLYGON",
            "POINTS": [
                [
                    1471.883179290743,
                    1592.828296518134
                ],
                [
                    1463.5387262131921,
                    1658.0445631286996
                ],
                [
                    1461.7002378389059,
                    1764.6768888373135
                ],
                [
                    1474.569656458911,
                    1917.271423903089
                ],
                [
                    1492.9545402017754,
                    2018.3882844888435
                ],
                [
                    1520.531865816072,
                    2075.381424091723
                ],
                [
                    1540.755237933223,
                    2082.7353775888687
                ],
                [
                    1581.1284426325535,
                    2104.5030799404203
                ],
                [
                    1607.0143589425065,
                    2105.6797124999634
                ],
                [
                    1643.4899682883495,
                    2095.0900194640735
                ],
                [
                    1662.3160892410428,
                    2097.4432845831598
                ],
                [
                    1677.6123125151062,
                    2090.3834892259006
                ],
                [
                    1690.5552706700826,
                    2075.087265951837
                ],
                [
                    1724.6776148968393,
                    2091.5601217854437
                ],
                [
                    1748.2102660877058,
                    2086.85359154727
                ],
                [
                    1776.4494475167457,
                    2096.266652023617
                ],
                [
                    1790.5690382312653,
                    2097.4432845831598
                ],
                [
                    1795.275568469439,
                    2083.3236938686405
                ],
                [
                    1861.1669918038654,
                    2084.5003264281836
                ],
                [
                    1872.9333173992986,
                    2093.9133869045304
                ],
                [
                    1890.5828057924484,
                    2095.0900194640735
                ],
                [
                    1919.9986197810317,
                    2091.5601217854437
                ],
                [
                    1948.237801210071,
                    2068.0274705945767
                ],
                [
                    1961.180759365048,
                    2044.4948194037104
                ],
                [
                    2397.711438955622,
                    2135.0955264885465
                ],
                [
                    2450.659904135071,
                    2146.8618520839796
                ],
                [
                    2487.1355134809146,
                    2148.038484643523
                ],
                [
                    3727.7637059787307,
                    2026.0452208700708
                ],
                [
                    3858.4233712106497,
                    2013.201770060002
                ],
                [
                    3904.644178989134,
                    1993.2143937233595
                ],
                [
                    3929.6283994099376,
                    1978.2238614708776
                ],
                [
                    3965.855519020102,
                    1923.258576545111
                ],
                [
                    3994.587372504025,
                    1854.5519703879029
                ],
                [
                    4010.56128367227,
                    1744.893228854548
                ],
                [
                    4010.56128367227,
                    1641.2786699253938
                ],
                [
                    3996.746009148383,
                    1534.2102923652678
                ],
                [
                    3972.5692787315797,
                    1413.3266402812542
                ],
                [
                    3938.0310924218616,
                    1347.70408629279
                ],
                [
                    3896.5852688502005,
                    1288.9891695662693
                ],
                [
                    3853.2605679432913,
                    1254.9759636884587
                ],
                [
                    3820.5459978707263,
                    1239.9449450064692
                ],
                [
                    3787.8314277981613,
                    1236.408234728354
                ],
                [
                    3313.028072961205,
                    1270.8911599399767
                ],
                [
                    2859.253997437922,
                    1302.9761955830375
                ],
                [
                    2415.5637902596,
                    1331.0887982417187
                ],
                [
                    2376.6950613662925,
                    1343.556126377308
                ],
                [
                    2323.892259850856,
                    1359.6903157292468
                ],
                [
                    1886.8024028619636,
                    1531.2994206544158
                ],
                [
                    1855.0033823937792,
                    1534.5262585248033
                ],
                [
                    1849.371083565466,
                    1523.261660868177
                ],
                [
                    1839.0452023802252,
                    1503.5486149690805
                ],
                [
                    1823.0870223666711,
                    1483.8355690699843
                ],
                [
                    1795.8642446964902,
                    1479.1419867130564
                ],
                [
                    1762.0704517266108,
                    1494.1614502552252
                ],
                [
                    1750.8058540699842,
                    1501.6711820263095
                ],
                [
                    1738.6025399419723,
                    1502.609898497695
                ],
                [
                    1721.7056434570325,
                    1505.4260479118516
                ],
                [
                    1707.6248963862495,
                    1512.9357796829358
                ],
                [
                    1690.7279999013097,
                    1522.3229443967914
                ],
                [
                    1684.156984601611,
                    1527.016526753719
                ],
                [
                    1667.4102827520924,
                    1519.2064057117914
                ],
                [
                    1651.790040668237,
                    1515.0009559199843
                ],
                [
                    1635.569020042695,
                    1521.0087413368517
                ],
                [
                    1629.5612346258276,
                    1528.2180838370928
                ],
                [
                    1615.1425496253455,
                    1530.0204194621529
                ],
                [
                    1603.7277573332974,
                    1528.2180838370928
                ],
                [
                    1589.9098508745024,
                    1521.6095198785385
                ],
                [
                    1568.8826019154662,
                    1518.6056271701048
                ],
                [
                    1544.2506817063095,
                    1519.2064057117914
                ],
                [
                    1523.8242112889602,
                    1531.8227550872132
                ],
                [
                    1514.2117546219724,
                    1541.4352117542012
                ],
                [
                    1510.0063048301652,
                    1551.047668421189
                ],
                [
                    1497.3899554547431,
                    1558.8577894631167
                ],
                [
                    1479.8272648586474,
                    1571.265778548108
                ]
            ]
        }
    ]
}