{
    "IMAGE_INFO": {
        "FILE_NAME": "251829@3_07001_220823_P1_T1.jpg",
        "DATE": "2022-08-23 11:43:50",
        "RESOLUTION": "5664 x 3184",
        "IMAGE_PHOTOGRAPHER": "김정민",
        "FOCUS_DISTANCE": "3.93",
        "EXPOSURE_TIME": "0.00562",
        "SENSITIVITY_ISO": null,
        "PLACE": "주택가분리수거장",
        "REGION_NAME": null,
        "Direction": "3",
        "HEIGHT": null,
        "DAY/NIGHT": "주간",
        "WEATHER": "맑음",
        "IMAGE_HEIGHT": 3184,
        "IMAGE_WIDTH": 5664,
        "IMAGE_SIZE": "5.1 MB"
    },
    "ANNOTATION_INFO": [
        {
            "ID": "1",
            "CLASS": "유리병",
            "DETAILS": "갈색",
            "DAMAGE": "원형",
            "DIRTINESS": "이물질(외부)",
            "COVER": "없음",
            "TRANSPARENCY": "불투명",
            "SHAPE": "유리병형",
            "SHAPE_TYPE": "POLYGON",
            "POINTS": [
                [
                    2646.0366979793653,
                    932.8673056246076
                ],
                [
                    2654.875394211942,
                    1282.259710091011
                ],
                [
                    2687.3442672409883,
                    1972.223261958231
                ],
                [
                    2719.8131402700337,
                    2112.9217117507624
                ],
                [
                    2814.514019938084,
                    2221.1512885142483
                ],
                [
                    2902.160421709731,
                    2284.5088815242802
                ],
                [
                    3009.5144938303683,
                    2317.040418530534
                ],
                [
                    3131.507757603821,
                    2318.6669953808473
                ],
                [
                    3271.78398176381,
                    2305.0292105059493
                ],
                [
                    3435.6776286122945,
                    2256.8570750689646
                ],
                [
                    3588.3554937970043,
                    2148.096324198895
                ],
                [
                    3645.176021597835,
                    2066.9241416262807
                ],
                [
                    3688.3826080768736,
                    1973.7025769665315
                ],
                [
                    3693.205559132425,
                    1849.1877678516566
                ],
                [
                    3669.139776191793,
                    1760.4412454590379
                ],
                [
                    3652.984705563197,
                    1711.2670512196585
                ],
                [
                    3640.1543586870403,
                    1681.658558428527
                ],
                [
                    3620.415363492952,
                    1643.1675178000555
                ],
                [
                    3603.637217577978,
                    1580.9896829386792
                ],
                [
                    3601.8841908924405,
                    1531.1877366470271
                ],
                [
                    3398.953734460905,
                    860.1643607134167
                ],
                [
                    3375.9813574153945,
                    812.0091257465785
                ],
                [
                    3353.8159400942327,
                    782.7507748826449
                ],
                [
                    3329.877289387378,
                    749.9459572473253
                ],
                [
                    3297.0724717520584,
                    718.0277563048523
                ],
                [
                    3253.628253802581,
                    686.1095553623792
                ],
                [
                    3237.669153331345,
                    674.583538355375
                ],
                [
                    3233.2360698671123,
                    634.6857871772838
                ],
                [
                    3222.596669552955,
                    602.7675862348108
                ],
                [
                    3203.977719003179,
                    570.8493852923377
                ],
                [
                    3185.358768453403,
                    552.2304347425618
                ],
                [
                    3176.4926015249384,
                    528.291784035707
                ],
                [
                    3166.7398179036268,
                    505.2397500216986
                ],
                [
                    3150.7807174323902,
                    473.32154907922563
                ],
                [
                    3108.2231161757595,
                    436.9702646725201
                ],
                [
                    3069.211981690515,
                    412.1449972728188
                ],
                [
                    3005.375579805569,
                    401.50559695866116
                ],
                [
                    2951.291961541934,
                    399.7323635729682
                ],
                [
                    2902.5280434353776,
                    408.59853050143295
                ],
                [
                    2860.857058871594,
                    422.7843975869765
                ],
                [
                    2825.392391157735,
                    444.0631982152919
                ],
                [
                    2789.9277234438755,
                    473.32154907922546
                ],
                [
                    2766.8756894298676,
                    503.4665166360056
                ],
                [
                    2748.2567388800917,
                    536.2713342713251
                ],
                [
                    2735.844105180241,
                    572.6226186780306
                ],
                [
                    2723.4314714803895,
                    608.9739030847359
                ],
                [
                    2723.4314714803895,
                    627.5928536345118
                ],
                [
                    2726.977938251775,
                    652.4181210342131
                ],
                [
                    2728.7511716374684,
                    669.2638381982961
                ],
                [
                    2728.7511716374684,
                    682.5630885909932
                ],
                [
                    2726.0913215589285,
                    700.2954224479225
                ],
                [
                    2726.0913215589285,
                    718.9143729976985
                ],
                [
                    2727.864554944622,
                    737.5333235474744
                ],
                [
                    2733.1842551017003,
                    755.265657404404
                ],
                [
                    2703.03928754492,
                    800.4831087395739
                ],
                [
                    2682.6471036094513,
                    839.4942432248188
                ],
                [
                    2668.4612365239077,
                    866.9793607030595
                ],
                [
                    2655.1619861312106,
                    898.0109449526861
                ]
            ]
        }
    ]
}