{
    "IMAGE_INFO": {
        "FILE_NAME": "251811@1_07001_220823_P1_T1.jpg",
        "DATE": "2022-08-23 11:44:16",
        "RESOLUTION": "5664 x 3184",
        "IMAGE_PHOTOGRAPHER": "김정민",
        "FOCUS_DISTANCE": "3.93",
        "EXPOSURE_TIME": "0.00450",
        "SENSITIVITY_ISO": null,
        "PLACE": "주택가분리수거장",
        "REGION_NAME": null,
        "Direction": "1",
        "HEIGHT": null,
        "DAY/NIGHT": "주간",
        "WEATHER": "맑음",
        "IMAGE_HEIGHT": 3184,
        "IMAGE_WIDTH": 5664,
        "IMAGE_SIZE": "5.3 MB"
    },
    "ANNOTATION_INFO": [
        {
            "ID": "1",
            "CLASS": "유리병",
            "DETAILS": "갈색",
            "DAMAGE": "원형",
            "DIRTINESS": "이물질(외부)",
            "COVER": "없음",
            "TRANSPARENCY": "불투명",
            "SHAPE": "유리병형",
            "SHAPE_TYPE": "POLYGON",
            "POINTS": [
                [
                    1701.0539028182573,
                    1425.0171276016902
                ],
                [
                    1698.9063723364231,
                    1476.2011928461975
                ],
                [
                    1700.6380455646388,
                    1555.8581613441227
                ],
                [
                    1700.6380455646388,
                    1644.1734959831272
                ],
                [
                    1702.3697187928549,
                    1699.5870392860318
                ],
                [
                    1711.0280849339335,
                    1739.4155235349947
                ],
                [
                    1723.1497975314442,
                    1749.8055629042892
                ],
                [
                    1742.1982030418174,
                    1755.0005825889361
                ],
                [
                    1758.2681305996598,
                    1756.732255817152
                ],
                [
                    1778.217006188705,
                    1746.7578180226292
                ],
                [
                    1792.6245274474602,
                    1744.5412762905132
                ],
                [
                    1800.3824235098673,
                    1754.515714085036
                ],
                [
                    1814.7899447686225,
                    1757.84052668321
                ],
                [
                    1829.1974660273777,
                    1746.7578180226292
                ],
                [
                    1836.9553620897843,
                    1745.6495471565709
                ],
                [
                    1851.3628833485393,
                    1757.84052668321
                ],
                [
                    1897.9102597229796,
                    1758.9487975492684
                ],
                [
                    1930.0501148386638,
                    1758.9487975492684
                ],
                [
                    1943.349365231361,
                    1730.1337550317578
                ],
                [
                    2002.08772113244,
                    1729.0254841657
                ],
                [
                    2033.1193053820664,
                    1746.7578180226292
                ],
                [
                    2086.316306952855,
                    1808.8209865218826
                ],
                [
                    2121.780974666714,
                    1852.0435502981484
                ],
                [
                    2166.1118093090367,
                    1883.075134547774
                ],
                [
                    2211.5509148174187,
                    1877.5337802174838
                ],
                [
                    2355.6261274049707,
                    1873.1006967532517
                ],
                [
                    3467.453177553402,
                    1836.325751426036
                ],
                [
                    3525.6964892507963,
                    1836.325751426036
                ],
                [
                    3552.7590381202926,
                    1824.5594258306028
                ],
                [
                    3580.9982195493335,
                    1802.20340719928
                ],
                [
                    3601.0009730615693,
                    1775.1408583297832
                ],
                [
                    3621.003726573806,
                    1730.4288210671368
                ],
                [
                    3633.9466847287827,
                    1671.5971930899705
                ],
                [
                    3638.653214966956,
                    1610.4122999937176
                ],
                [
                    3642.1831126455863,
                    1540.9909789806613
                ],
                [
                    3642.1831126455863,
                    1460.1798547912256
                ],
                [
                    3628.6283055596477,
                    1391.050338652936
                ],
                [
                    3615.0734984737082,
                    1335.4756296005858
                ],
                [
                    3593.385807136205,
                    1289.3892855083925
                ],
                [
                    3564.9207122557336,
                    1251.435825667763
                ],
                [
                    3537.811098083855,
                    1237.881018581824
                ],
                [
                    3484.947350448692,
                    1233.8145764560422
                ],
                [
                    3425.306199270561,
                    1233.8145764560422
                ],
                [
                    3293.824570536951,
                    1241.9474607076056
                ],
                [
                    3099.9908292080213,
                    1243.3029414162
                ],
                [
                    3034.9277551955133,
                    1236.5255378732304
                ],
                [
                    2999.6852567720716,
                    1246.0139028333876
                ],
                [
                    2457.4929733345066,
                    1244.658422124794
                ],
                [
                    2201.307119410257,
                    1246.0139028333879
                ],
                [
                    2147.0878910665006,
                    1254.1467870849513
                ],
                [
                    2115.9118347688404,
                    1266.3461134622967
                ],
                [
                    2096.935104848526,
                    1283.9673626740175
                ],
                [
                    2079.313855636805,
                    1315.1434189716774
                ],
                [
                    2044.0713572133634,
                    1369.3626473154338
                ],
                [
                    2025.0946272930485,
                    1388.3393772357488
                ],
                [
                    2000.695974538358,
                    1404.6051457388758
                ],
                [
                    1988.4966481610131,
                    1403.2496650302817
                ],
                [
                    1981.7192446180434,
                    1377.2244354252782
                ],
                [
                    1958.2965379735404,
                    1365.079328276277
                ],
                [
                    1937.4763542895382,
                    1365.9468359297769
                ],
                [
                    1934.8738313290378,
                    1384.164496653279
                ],
                [
                    1934.8738313290378,
                    1398.0446191092808
                ],
                [
                    1930.5362930615372,
                    1402.3821573767812
                ],
                [
                    1914.9211552985355,
                    1385.0320043067793
                ],
                [
                    1904.5110634565344,
                    1385.0320043067793
                ],
                [
                    1894.1009716145327,
                    1391.97206553478
                ],
                [
                    1888.0284180400322,
                    1390.23705022778
                ],
                [
                    1878.485833851531,
                    1378.0919430787785
                ],
                [
                    1856.798142514028,
                    1385.8995119602794
                ],
                [
                    1847.2555583255273,
                    1390.23705022778
                ],
                [
                    1821.2303287205239,
                    1391.97206553478
                ],
                [
                    1804.747683304022,
                    1391.97206553478
                ],
                [
                    1783.0599919665196,
                    1385.8995119602794
                ],
                [
                    1756.1672547080163,
                    1385.0320043067793
                ],
                [
                    1747.624857175104,
                    1385.0519823734742
                ],
                [
                    1731.7709152663901,
                    1398.924181543599
                ],
                [
                    1712.2837783369296,
                    1408.5026047801134
                ]
            ]
        }
    ]
}