{
    "IMAGE_INFO": {
        "FILE_NAME": "255699@1_07001_220823_P1_T1.jpg",
        "DATE": "2022-08-23 10:41:06",
        "RESOLUTION": "4032 x 3024",
        "IMAGE_PHOTOGRAPHER": "이정미",
        "FOCUS_DISTANCE": "5.7",
        "EXPOSURE_TIME": "0.00051",
        "SENSITIVITY_ISO": null,
        "PLACE": "주택가분리수거장",
        "REGION_NAME": null,
        "Direction": "1",
        "HEIGHT": null,
        "DAY/NIGHT": "주간",
        "WEATHER": "흐림",
        "IMAGE_HEIGHT": 2268,
        "IMAGE_WIDTH": 4032,
        "IMAGE_SIZE": "3.8 MB"
    },
    "ANNOTATION_INFO": [
        {
            "ID": "1",
            "CLASS": "유리병",
            "DETAILS": "갈색",
            "DAMAGE": "원형",
            "DIRTINESS": "이물질(외부)",
            "COVER": "없음",
            "TRANSPARENCY": "불투명",
            "SHAPE": "유리병형",
            "SHAPE_TYPE": "POLYGON",
            "POINTS": [
                [
                    1224.784340425532,
                    909.7253617021278
                ],
                [
                    1235.391101494468,
                    897.8456641241874
                ],
                [
                    1258.7072909747744,
                    889.2100383907404
                ],
                [
                    1379.2013617021278,
                    887.0775319148936
                ],
                [
                    1780.7778554553197,
                    880.082564384681
                ],
                [
                    2143.743999564256,
                    869.2880322178726
                ],
                [
                    2199.0659769191493,
                    869.2880322178726
                ],
                [
                    2259.284813134771,
                    864.1351481250742
                ],
                [
                    2295.0411783092554,
                    867.5732601610823
                ],
                [
                    2312.919360896497,
                    872.3866170114935
                ],
                [
                    2332.8604107053434,
                    879.2628410835098
                ],
                [
                    2350.738593292586,
                    889.5771771915339
                ],
                [
                    2376.180622359045,
                    903.3296253355661
                ],
                [
                    2394.058804946287,
                    915.7068286651951
                ],
                [
                    2418.8132116055453,
                    937.7107456956468
                ],
                [
                    2429.560567197595,
                    943.1535958854053
                ],
                [
                    2441.241161720307,
                    947.8258336944899
                ],
                [
                    2450.001607612341,
                    947.2418039683542
                ],
                [
                    2454.089815695291,
                    935.5612094456421
                ],
                [
                    2461.6822021350536,
                    923.88061492293
                ],
                [
                    2471.0266777532233,
                    919.2083771138452
                ],
                [
                    2480.9551830975283,
                    916.8722582093027
                ],
                [
                    2493.8038370725117,
                    914.5361393047604
                ],
                [
                    2504.9004018690885,
                    914.5361393047604
                ],
                [
                    2514.244877487258,
                    914.5361393047604
                ],
                [
                    2525.341442283834,
                    926.2167338274725
                ],
                [
                    2558.047106947429,
                    923.2965851967944
                ],
                [
                    2569.727701470141,
                    925.0486743752012
                ],
                [
                    2585.4965040758025,
                    931.4730013626931
                ],
                [
                    2591.3368013371587,
                    925.0486743752012
                ],
                [
                    2600.097247229193,
                    922.1285257445232
                ],
                [
                    2608.2736633950913,
                    921.5444960183876
                ],
                [
                    2617.6181390132606,
                    923.2965851967944
                ],
                [
                    2622.8744065484816,
                    926.800763553608
                ],
                [
                    2637.104330648193,
                    921.9168946323225
                ],
                [
                    2652.8189931263596,
                    921.9168946323225
                ],
                [
                    2662.104930045276,
                    928.3456201915724
                ],
                [
                    2670.6765641242764,
                    932.6314372310725
                ],
                [
                    2679.9625010431932,
                    936.2029514306558
                ],
                [
                    2692.105649321777,
                    947.6317968693224
                ],
                [
                    2698.534374881027,
                    960.4892479878226
                ],
                [
                    2707.1060089600264,
                    993.3471786239894
                ],
                [
                    2714.249037359193,
                    1025.4908064202398
                ],
                [
                    2716.3919458789433,
                    1044.7769830979896
                ],
                [
                    2719.24915723861,
                    1066.9203711354064
                ],
                [
                    2719.24915723861,
                    1104.77842165099
                ],
                [
                    2719.24915723861,
                    1140.4935636468235
                ],
                [
                    2712.82043167936,
                    1184.0660368817403
                ],
                [
                    2708.5346146398597,
                    1206.923727759074
                ],
                [
                    2700.479557718528,
                    1228.4273405125377
                ],
                [
                    2692.3256352497215,
                    1238.3285320818031
                ],
                [
                    2685.3365588478873,
                    1242.4054933162065
                ],
                [
                    2674.2705212116493,
                    1244.152762416665
                ],
                [
                    2655.6329841400907,
                    1242.9879163496926
                ],
                [
                    2645.149369537339,
                    1255.801223086389
                ],
                [
                    2633.5009088676156,
                    1258.1309152203337
                ],
                [
                    2617.193063930002,
                    1255.2188000529027
                ],
                [
                    2611.6267042419836,
                    1248.2759139049188
                ],
                [
                    2601.0280728593193,
                    1256.947521399826
                ],
                [
                    2589.4659295327756,
                    1260.8015691753405
                ],
                [
                    2586.0936377292,
                    1257.9110333437047
                ],
                [
                    2582.721345925625,
                    1255.020497512069
                ],
                [
                    2578.8672981501113,
                    1249.239425848797
                ],
                [
                    2534.8196214690734,
                    1254.3093098393622
                ],
                [
                    2524.564116882628,
                    1262.6879926657634
                ],
                [
                    2509.122414754968,
                    1269.4437373466144
                ],
                [
                    2495.3172966749107,
                    1270.3460928263082
                ],
                [
                    2478.0747422489053,
                    1265.2410092210655
                ],
                [
                    2468.7482664567824,
                    1258.6779336636462
                ],
                [
                    2462.5306159287006,
                    1249.3514578715235
                ],
                [
                    2455.5377693336495,
                    1238.6407944661325
                ],
                [
                    2440.121578231592,
                    1240.5678183538898
                ],
                [
                    2420.8513393540197,
                    1250.2029377926758
                ],
                [
                    2398.6905646448117,
                    1275.2542483335196
                ],
                [
                    2374.6027660478467,
                    1296.451511098849
                ],
                [
                    2353.4055032825177,
                    1309.9406783131494
                ],
                [
                    2334.397339653681,
                    1317.1092071756061
                ],
                [
                    2313.1846606972495,
                    1319.5757977519354
                ],
                [
                    2251.0265781737526,
                    1325.9889332503915
                ],
                [
                    2162.2293174259007,
                    1333.3887049793789
                ],
                [
                    1647.9658056305066,
                    1351.037224101102
                ],
                [
                    1473.6197138491023,
                    1356.2502301676557
                ],
                [
                    1321.4969007523393,
                    1359.646464094957
                ],
                [
                    1275.5910383061569,
                    1361.9134202651387
                ],
                [
                    1260.8558231999748,
                    1358.5129860098662
                ],
                [
                    1246.687347136338,
                    1352.278856541866
                ],
                [
                    1236.4860443705195,
                    1343.2110318611385
                ],
                [
                    1226.8514806472467,
                    1327.3423386698657
                ],
                [
                    1214.9499607537919,
                    1301.2723427127744
                ],
                [
                    1206.44887511561,
                    1272.935390585501
                ],
                [
                    1199.081267562519,
                    1220.7953986713183
                ],
                [
                    1188.3974856060427,
                    1127.0281548998055
                ],
                [
                    1190.6155826074294,
                    1063.8123903602882
                ],
                [
                    1190.0610583570826,
                    1024.995692836023
                ],
                [
                    1194.4972523598558,
                    990.615189314531
                ],
                [
                    1204.4786888660954,
                    950.134919039226
                ]
            ]
        }
    ]
}