{
    "IMAGE_INFO": {
        "FILE_NAME": "255678@4_07001_220823_P1_T1.jpg",
        "DATE": "2022-08-23 10:43:17",
        "RESOLUTION": "4032 x 3024",
        "IMAGE_PHOTOGRAPHER": "이정미",
        "FOCUS_DISTANCE": "5.7",
        "EXPOSURE_TIME": "0.00055",
        "SENSITIVITY_ISO": null,
        "PLACE": "주택가분리수거장",
        "REGION_NAME": null,
        "Direction": "4",
        "HEIGHT": null,
        "DAY/NIGHT": "주간",
        "WEATHER": "흐림",
        "IMAGE_HEIGHT": 2268,
        "IMAGE_WIDTH": 4032,
        "IMAGE_SIZE": "3.2 MB"
    },
    "ANNOTATION_INFO": [
        {
            "ID": "1",
            "CLASS": "유리병",
            "DETAILS": "갈색",
            "DAMAGE": "원형",
            "DIRTINESS": "이물질(외부)",
            "COVER": "없음",
            "TRANSPARENCY": "불투명",
            "SHAPE": "유리병형",
            "SHAPE_TYPE": "BOX",
            "POINTS": [
                [
                    1528.0851063829787,
                    304.41063829787237,
                    698.0936170212767,
                    1618.1617021276597
                ]
            ]
        }
    ]
}