{
    "IMAGE_INFO": {
        "FILE_NAME": "255738@5_07001_220823_P1_T1.jpg",
        "DATE": "2022-08-23 10:45:41",
        "RESOLUTION": "4032 x 3024",
        "IMAGE_PHOTOGRAPHER": "이정미",
        "FOCUS_DISTANCE": "5.7",
        "EXPOSURE_TIME": "0.00057",
        "SENSITIVITY_ISO": null,
        "PLACE": "주택가분리수거장",
        "REGION_NAME": null,
        "Direction": "5",
        "HEIGHT": null,
        "DAY/NIGHT": "주간",
        "WEATHER": "흐림",
        "IMAGE_HEIGHT": 2268,
        "IMAGE_WIDTH": 4032,
        "IMAGE_SIZE": "2.8 MB"
    },
    "ANNOTATION_INFO": [
        {
            "ID": "1",
            "CLASS": "유리병",
            "DETAILS": "갈색",
            "DAMAGE": "원형",
            "DIRTINESS": "이물질(외부)",
            "COVER": "없음",
            "TRANSPARENCY": "불투명",
            "SHAPE": "유리병형",
            "SHAPE_TYPE": "POLYGON",
            "POINTS": [
                [
                    832.5569620253165,
                    750.3778334991841
                ],
                [
                    1647.9774136708838,
                    689.5364846384248
                ],
                [
                    1853.3705559493649,
                    681.6970517270324
                ],
                [
                    2392.405063291139,
                    740.8082132460196
                ],
                [
                    2863.077265822785,
                    829.1549474232351
                ],
                [
                    2942.658227848101,
                    826.9347955245005
                ],
                [
                    2990.5063291139236,
                    798.225934765007
                ],
                [
                    3114.911392405063,
                    812.5803651447537
                ],
                [
                    3181.5542278481016,
                    789.957782866273
                ],
                [
                    3253.670886075949,
                    826.9347955245005
                ],
                [
                    3301.5189873417717,
                    941.7702385624754
                ],
                [
                    3311.0886075949365,
                    1107.3246689422222
                ],
                [
                    3284.2936708860757,
                    1222.1601119801967
                ],
                [
                    3223.0481012658224,
                    1271.9221372966526
                ],
                [
                    3198.6172435443023,
                    1279.0618395751333
                ],
                [
                    3156.284305822783,
                    1263.3829737523483
                ],
                [
                    3046.813974683544,
                    1279.9223398282988
                ],
                [
                    2997.817518987342,
                    1284.8219853979188
                ],
                [
                    2916.9733670886076,
                    1275.0226942586783
                ],
                [
                    2560.830379746835,
                    1386.7575803346272
                ],
                [
                    2249.2435443037966,
                    1468.673529701716
                ],
                [
                    1964.4516455696198,
                    1523.7945423599435
                ],
                [
                    1756.2167088607591,
                    1578.9155550181713
                ],
                [
                    1306.0617721518984,
                    1615.6628967903234
                ],
                [
                    932.4637974683538,
                    1630.9742891953867
                ],
                [
                    748.7270886075943,
                    1637.0988461574116
                ],
                [
                    650.7341772151891,
                    1588.1023904612093
                ],
                [
                    583.3640506329108,
                    1480.922643625766
                ],
                [
                    545.7531463291114,
                    1371.5671479295636
                ],
                [
                    531.3053164556954,
                    1257.3763145118423
                ],
                [
                    512.9316455696195,
                    1082.8264410941206
                ],
                [
                    558.8658227848094,
                    911.3388461574117
                ],
                [
                    610.9245569620246,
                    813.3459347650065
                ],
                [
                    681.3569620253157,
                    764.349479068804
                ],
                [
                    770.1630379746829,
                    755.1626436257661
                ]
            ]
        }
    ]
}