{
    "IMAGE_INFO": {
        "FILE_NAME": "258781@2_07001_220824_P1_T1.jpg",
        "DATE": "2022-08-24 11:10:09",
        "RESOLUTION": "4032 x 2268",
        "IMAGE_PHOTOGRAPHER": "이윤경",
        "FOCUS_DISTANCE": "5.4",
        "EXPOSURE_TIME": "0.00356",
        "SENSITIVITY_ISO": null,
        "PLACE": "주택가분리수거장",
        "REGION_NAME": null,
        "Direction": "2",
        "HEIGHT": null,
        "DAY/NIGHT": "주간",
        "WEATHER": "맑음",
        "IMAGE_HEIGHT": 2268,
        "IMAGE_WIDTH": 4032,
        "IMAGE_SIZE": "3.2 MB"
    },
    "ANNOTATION_INFO": [
        {
            "ID": "1",
            "CLASS": "유리병",
            "DETAILS": "갈색",
            "DAMAGE": "원형",
            "DIRTINESS": "이물질(외부)",
            "COVER": "없음",
            "TRANSPARENCY": "불투명",
            "SHAPE": "유리병형",
            "SHAPE_TYPE": "POLYGON",
            "POINTS": [
                [
                    930.8178227848098,
                    770.8568208409561
                ],
                [
                    1782.8202531645568,
                    760.9044157776651
                ],
                [
                    2567.5291139240508,
                    741.765175271336
                ],
                [
                    2823.9949367088607,
                    730.2816309675385
                ],
                [
                    2923.5189873417717,
                    776.2158081827283
                ],
                [
                    3000.0759493670885,
                    894.879099321969
                ],
                [
                    3023.0430379746826,
                    933.1575803346271
                ],
                [
                    3080.460759493671,
                    929.3297322333614
                ],
                [
                    3114.911392405063,
                    891.0512512207031
                ],
                [
                    3267.9487594936713,
                    893.3479600814625
                ],
                [
                    3455.5898734177213,
                    944.6411246384246
                ],
                [
                    3528.318987341772,
                    1074.7879600814626
                ],
                [
                    3528.318987341772,
                    1227.9018841320953
                ],
                [
                    3513.0075949367088,
                    1350.3930233726016
                ],
                [
                    3425.7326582278483,
                    1430.777833499184
                ],
                [
                    3373.6739240506326,
                    1433.8401119801968
                ],
                [
                    3324.6774683544304,
                    1464.4628967903236
                ],
                [
                    3153.189873417721,
                    1467.525175271336
                ],
                [
                    3076.632911392405,
                    1452.2137828662728
                ],
                [
                    3030.6987341772156,
                    1467.525175271336
                ],
                [
                    2972.5154430379744,
                    1565.5180866637413
                ],
                [
                    2892.896202531646,
                    1651.2618841320955
                ],
                [
                    2715.284050632911,
                    1669.6355550181713
                ],
                [
                    2240.6308860759495,
                    1678.8223904612094
                ],
                [
                    1594.4901265822784,
                    1703.3206183093105
                ],
                [
                    1043.28,
                    1724.7565676763993
                ],
                [
                    874.8546835443037,
                    1715.5697322333615
                ],
                [
                    801.3599999999999,
                    1660.4487195751335
                ],
                [
                    749.3012658227847,
                    1519.5839094485511
                ],
                [
                    715.6162025316455,
                    1345.0340360308296
                ],
                [
                    715.6162025316455,
                    1078.6158081827282
                ],
                [
                    746.2389873417721,
                    953.0623904612092
                ],
                [
                    783.8284556962021,
                    844.3515043852601
                ],
                [
                    847.2941772151898,
                    781.5747955245002
                ]
            ]
        }
    ]
}