{
    "IMAGE_INFO": {
        "FILE_NAME": "258763@1_07001_220824_P1_T1.jpg",
        "DATE": "2022-08-24 11:04:49",
        "RESOLUTION": "4032 x 2268",
        "IMAGE_PHOTOGRAPHER": "이윤경",
        "FOCUS_DISTANCE": "5.4",
        "EXPOSURE_TIME": "0.00465",
        "SENSITIVITY_ISO": null,
        "PLACE": "주택가분리수거장",
        "REGION_NAME": null,
        "Direction": "1",
        "HEIGHT": null,
        "DAY/NIGHT": "주간",
        "WEATHER": "맑음",
        "IMAGE_HEIGHT": 2268,
        "IMAGE_WIDTH": 4032,
        "IMAGE_SIZE": "5.3 MB"
    },
    "ANNOTATION_INFO": [
        {
            "ID": "1",
            "CLASS": "유리병",
            "DETAILS": "갈색",
            "DAMAGE": "원형",
            "DIRTINESS": "이물질(외부)",
            "COVER": "없음",
            "TRANSPARENCY": "불투명",
            "SHAPE": "유리병형",
            "SHAPE_TYPE": "POLYGON",
            "POINTS": [
                [
                    1592.0057000506322,
                    864.6510422080448
                ],
                [
                    1796.3228801620212,
                    862.5556475346267
                ],
                [
                    2145.1560862784804,
                    869.6682792713359
                ],
                [
                    2311.0914028556926,
                    866.5694371852595
                ],
                [
                    2382.220537518987,
                    885.9742997270323
                ],
                [
                    2427.3756710886073,
                    917.3320313726018
                ],
                [
                    2465.004949063291,
                    953.7070000814626
                ],
                [
                    2488.836825113924,
                    954.9613093472855
                ],
                [
                    2506.763648324049,
                    939.8210983093106
                ],
                [
                    2608.11183700253,
                    940.8245457219688
                ],
                [
                    2624.302225822784,
                    959.9785464105765
                ],
                [
                    2634.3366999493664,
                    962.4871649422222
                ],
                [
                    2655.6599574683537,
                    1011.4052263093107
                ],
                [
                    2659.4228852658225,
                    1070.3577618029817
                ],
                [
                    2654.4056482025308,
                    1125.5473694991842
                ],
                [
                    2630.5737721518985,
                    1169.4481938029817
                ],
                [
                    2579.1470922531635,
                    1181.2387009017161
                ],
                [
                    2564.095381063291,
                    1178.2283586637413
                ],
                [
                    2522.9540371443036,
                    1188.262832790324
                ],
                [
                    2498.8712992405053,
                    1182.2421483143744
                ],
                [
                    2491.847167351898,
                    1171.204226775134
                ],
                [
                    2465.757534622784,
                    1171.204226775134
                ],
                [
                    2445.6885863696198,
                    1189.266280202982
                ],
                [
                    2401.5369002126577,
                    1226.3938344713363
                ],
                [
                    2345.3438451037964,
                    1251.4800197877921
                ],
                [
                    2153.685389286075,
                    1259.507599089058
                ],
                [
                    1853.6546129012652,
                    1262.5179413270328
                ],
                [
                    1595.7686278481006,
                    1263.521388739691
                ],
                [
                    1565.6652054683539,
                    1254.490362025767
                ],
                [
                    1556.6341787544297,
                    1233.417966359944
                ],
                [
                    1546.5997046278474,
                    1121.0318561422223
                ],
                [
                    1547.6031520405056,
                    992.5905873219692
                ],
                [
                    1548.6065994531639,
                    920.3423736105768
                ],
                [
                    1559.644520992404,
                    883.2148193422224
                ],
                [
                    1567.6721002936697,
                    867.1596607396908
                ]
            ]
        }
    ]
}