{
    "IMAGE_INFO": {
        "FILE_NAME": "1011075@0_01001_220906_P1_T3__1286.jpg",
        "DATE": "2022-10-21 12:16:40",
        "RESOLUTION": "1920 x 1080",
        "IMAGE_PHOTOGRAPHER": "김건무",
        "FOCUS_DISTANCE": "5.0",
        "EXPOSURE_TIME": "1/320",
        "SENSITIVITY_ISO": "6400",
        "PLACE": "삼오자원",
        "REGION_NAME": null,
        "Direction": "0",
        "HEIGHT": "100",
        "DAY/NIGHT": "주간",
        "WEATHER": "맑음",
        "IMAGE_HEIGHT": 1080,
        "IMAGE_WIDTH": 1920,
        "IMAGE_SIZE": "578.7 KB"
    },
    "ANNOTATION_INFO": [
        {
            "ID": "1",
            "CLASS": "금속캔",
            "DETAILS": "철캔",
            "DAMAGE": "원형",
            "DIRTINESS": "이물질(외부)",
            "COVER": "겹침",
            "TRANSPARENCY": "불투명",
            "SHAPE": "낮은 원통형",
            "SHAPE_TYPE": "BOX",
            "POINTS": [
                [
                    1050.2817386961044,
                    327.4470017648017,
                    139.4924049304177,
                    173.25347117296235
                ]
            ]
        }
    ]
}