{
    "IMAGE_INFO": {
        "FILE_NAME": "1014862@0_01001_221006_P1_T3__0212.jpg",
        "DATE": "2022-10-28 13:12:25",
        "RESOLUTION": "1920 x 1080",
        "IMAGE_PHOTOGRAPHER": "권현진",
        "FOCUS_DISTANCE": "11.0",
        "EXPOSURE_TIME": "1/160",
        "SENSITIVITY_ISO": "5000",
        "PLACE": "강북재활용센터",
        "REGION_NAME": null,
        "Direction": "0",
        "HEIGHT": "115",
        "DAY/NIGHT": "주간",
        "WEATHER": "맑음",
        "IMAGE_HEIGHT": 1080,
        "IMAGE_WIDTH": 1920,
        "IMAGE_SIZE": "491.8 KB"
    },
    "ANNOTATION_INFO": [
        {
            "ID": "1",
            "CLASS": "금속캔",
            "DETAILS": "철캔",
            "DAMAGE": "원형",
            "DIRTINESS": "오염없음",
            "COVER": "없음",
            "TRANSPARENCY": "불투명",
            "SHAPE": "중간 원통형",
            "SHAPE_TYPE": "BOX",
            "POINTS": [
                [
                    777.9769825198637,
                    638.2838639727582,
                    191.78069694787757,
                    244.46684421167765
                ]
            ]
        }
    ]
}