{
    "IMAGE_INFO": {
        "FILE_NAME": "1014373@0_01001_221006_P1_T3__0895.jpg",
        "DATE": "2022-10-28 13:05:49",
        "RESOLUTION": "1920 x 1080",
        "IMAGE_PHOTOGRAPHER": "권현진",
        "FOCUS_DISTANCE": "11.0",
        "EXPOSURE_TIME": "1/160",
        "SENSITIVITY_ISO": "5000",
        "PLACE": "강북재활용센터",
        "REGION_NAME": null,
        "Direction": "0",
        "HEIGHT": "115",
        "DAY/NIGHT": "주간",
        "WEATHER": "맑음",
        "IMAGE_HEIGHT": 1080,
        "IMAGE_WIDTH": 1920,
        "IMAGE_SIZE": "441.6 KB"
    },
    "ANNOTATION_INFO": [
        {
            "ID": "1",
            "CLASS": "금속캔",
            "DETAILS": "철캔",
            "DAMAGE": "원형",
            "DIRTINESS": "이물질(외부)",
            "COVER": "없음",
            "TRANSPARENCY": "불투명",
            "SHAPE": "낮은 원통형",
            "SHAPE_TYPE": "BOX",
            "POINTS": [
                [
                    1408.4001868573353,
                    457.8610082218569,
                    141.05155543551382,
                    144.5569506430694
                ]
            ]
        },
        {
            "ID": "2",
            "CLASS": "금속캔",
            "DETAILS": "철캔",
            "DAMAGE": "완전압착",
            "DIRTINESS": "오염없음",
            "COVER": "없음",
            "TRANSPARENCY": "불투명",
            "SHAPE": "높은 원통형",
            "SHAPE_TYPE": "BOX",
            "POINTS": [
                [
                    801.3829024472686,
                    769.8280110783201,
                    305.01432255559394,
                    310.17198892167994
                ]
            ]
        }
    ]
}