{
    "IMAGE_INFO": {
        "FILE_NAME": "1014363@0_01001_221006_P1_T3__0282.jpg",
        "DATE": "2022-10-28 13:04:38",
        "RESOLUTION": "1920 x 1080",
        "IMAGE_PHOTOGRAPHER": "권현진",
        "FOCUS_DISTANCE": "11.0",
        "EXPOSURE_TIME": "1/160",
        "SENSITIVITY_ISO": "5000",
        "PLACE": "강북재활용센터",
        "REGION_NAME": null,
        "Direction": "0",
        "HEIGHT": "115",
        "DAY/NIGHT": "주간",
        "WEATHER": "맑음",
        "IMAGE_HEIGHT": 1080,
        "IMAGE_WIDTH": 1920,
        "IMAGE_SIZE": "438.9 KB"
    },
    "ANNOTATION_INFO": [
        {
            "ID": "1",
            "CLASS": "금속캔",
            "DETAILS": "철캔",
            "DAMAGE": "원형",
            "DIRTINESS": "오염없음",
            "COVER": "없음",
            "TRANSPARENCY": "불투명",
            "SHAPE": "낮은 원통형",
            "SHAPE_TYPE": "BOX",
            "POINTS": [
                [
                    848.480275260957,
                    700.414932694178,
                    237.51037344398344,
                    233.02904564315338
                ]
            ]
        },
        {
            "ID": "2",
            "CLASS": "금속캔",
            "DETAILS": "철캔",
            "DAMAGE": "찌그러짐",
            "DIRTINESS": "오염없음",
            "COVER": "없음",
            "TRANSPARENCY": "불투명",
            "SHAPE": "낮은 원통형",
            "SHAPE_TYPE": "BOX",
            "POINTS": [
                [
                    669.2271632277619,
                    948.3817376734311,
                    165.80912863070546,
                    128.4647302904565
                ]
            ]
        }
    ]
}