{
    "IMAGE_INFO": {
        "FILE_NAME": "1014610@0_01001_221006_P1_T3__0763.jpg",
        "DATE": "2022-10-28 13:05:34",
        "RESOLUTION": "1920 x 1080",
        "IMAGE_PHOTOGRAPHER": "권현진",
        "FOCUS_DISTANCE": "11.0",
        "EXPOSURE_TIME": "1/160",
        "SENSITIVITY_ISO": "5000",
        "PLACE": "강북재활용센터",
        "REGION_NAME": null,
        "Direction": "0",
        "HEIGHT": "115",
        "DAY/NIGHT": "주간",
        "WEATHER": "맑음",
        "IMAGE_HEIGHT": 1080,
        "IMAGE_WIDTH": 1920,
        "IMAGE_SIZE": "434.6 KB"
    },
    "ANNOTATION_INFO": [
        {
            "ID": "1",
            "CLASS": "금속캔",
            "DETAILS": "철캔",
            "DAMAGE": "원형",
            "DIRTINESS": "오염없음",
            "COVER": "없음",
            "TRANSPARENCY": "불투명",
            "SHAPE": "높은 원통형",
            "SHAPE_TYPE": "BOX",
            "POINTS": [
                [
                    982.3670217478141,
                    2.488272816883622,
                    283.6697328492353,
                    392.4694188970779
                ]
            ]
        },
        {
            "ID": "2",
            "CLASS": "금속캔",
            "DETAILS": "철캔",
            "DAMAGE": "원형",
            "DIRTINESS": "이물질(외부)",
            "COVER": "없음",
            "TRANSPARENCY": "불투명",
            "SHAPE": "중간 원통형",
            "SHAPE_TYPE": "BOX",
            "POINTS": [
                [
                    1253.8941816726426,
                    227.551072883813,
                    252.6494084401047,
                    239.4573067008942
                ]
            ]
        },
        {
            "ID": "3",
            "CLASS": "금속캔",
            "DETAILS": "철캔",
            "DAMAGE": "찌그러짐",
            "DIRTINESS": "오염없음",
            "COVER": "없음",
            "TRANSPARENCY": "불투명",
            "SHAPE": "높은 원통형",
            "SHAPE_TYPE": "BOX",
            "POINTS": [
                [
                    1431.3516313280365,
                    722.1275223609534,
                    360.58500940566205,
                    347.090926411571
                ]
            ]
        }
    ]
}