{
    "IMAGE_INFO": {
        "FILE_NAME": "1014773@0_01001_221006_P1_T3__0151.jpg",
        "DATE": "2022-10-28 13:12:16",
        "RESOLUTION": "1920 x 1080",
        "IMAGE_PHOTOGRAPHER": "권현진",
        "FOCUS_DISTANCE": "11.0",
        "EXPOSURE_TIME": "1/160",
        "SENSITIVITY_ISO": "5000",
        "PLACE": "강북재활용센터",
        "REGION_NAME": null,
        "Direction": "0",
        "HEIGHT": "115",
        "DAY/NIGHT": "주간",
        "WEATHER": "맑음",
        "IMAGE_HEIGHT": 1080,
        "IMAGE_WIDTH": 1920,
        "IMAGE_SIZE": "488.9 KB"
    },
    "ANNOTATION_INFO": [
        {
            "ID": "1",
            "CLASS": "금속캔",
            "DETAILS": "철캔",
            "DAMAGE": "원형",
            "DIRTINESS": "오염없음",
            "COVER": "없음",
            "TRANSPARENCY": "불투명",
            "SHAPE": "높은 원통형",
            "SHAPE_TYPE": "BOX",
            "POINTS": [
                [
                    1127.6727936435868,
                    488.5810847673098,
                    361.0014894347337,
                    342.044501720772
                ]
            ]
        }
    ]
}