{
    "IMAGE_INFO": {
        "FILE_NAME": "1267665@1_07002_220927_P1_T1.jpg",
        "DATE": "2022-09-27 13:42:46",
        "RESOLUTION": "4000 x 2252",
        "IMAGE_PHOTOGRAPHER": "이연주",
        "FOCUS_DISTANCE": "7",
        "EXPOSURE_TIME": "0.01667",
        "SENSITIVITY_ISO": null,
        "PLACE": "성남시재활용센터",
        "REGION_NAME": null,
        "Direction": "1",
        "HEIGHT": null,
        "DAY/NIGHT": "주간",
        "WEATHER": "맑음",
        "IMAGE_HEIGHT": 2252,
        "IMAGE_WIDTH": 4000,
        "IMAGE_SIZE": "3.9 MB"
    },
    "ANNOTATION_INFO": [
        {
            "ID": "1",
            "CLASS": "유리병",
            "DETAILS": "녹색",
            "DAMAGE": "원형",
            "DIRTINESS": "이물질(외부)",
            "COVER": "없음",
            "TRANSPARENCY": "불투명",
            "SHAPE": "유리병형",
            "SHAPE_TYPE": "POLYGON",
            "POINTS": [
                [
                    2326.360436228957,
                    926.0211003474985
                ],
                [
                    2026.6525167048112,
                    929.2869871486835
                ],
                [
                    1949.8029784038833,
                    931.0995442029448
                ],
                [
                    1916.526002458866,
                    932.2603689452129
                ],
                [
                    1908.7871708437458,
                    934.388547639371
                ],
                [
                    1894.2768615653954,
                    938.6449050276872
                ],
                [
                    1884.603322046495,
                    943.4816747871374
                ],
                [
                    1858.4847653454647,
                    962.2483414538042
                ],
                [
                    1798.9627492354998,
                    1009.4180060036324
                ],
                [
                    1782.3242612629908,
                    1021.6066657974471
                ],
                [
                    1769.5551890980423,
                    1026.8303771376534
                ],
                [
                    1750.2081100602418,
                    1028.3781434606774
                ],
                [
                    1642.057938238936,
                    1038.051682979578
                ],
                [
                    1500.1237040278427,
                    1051.9458912048815
                ],
                [
                    1496.5799900508623,
                    1047.3118036965225
                ],
                [
                    1494.1266496052606,
                    1043.7680897195419
                ],
                [
                    1487.584408416989,
                    1042.4051228053188
                ],
                [
                    1480.910273663758,
                    1043.3854969119354
                ],
                [
                    1475.2268757256138,
                    1036.6991463964714
                ],
                [
                    1457.5420977187407,
                    1034.6805495579833
                ],
                [
                    1455.6073898149607,
                    1035.4544327194953
                ],
                [
                    1451.1575616362663,
                    1038.7434361559215
                ],
                [
                    1442.0644344885002,
                    1038.1630237847876
                ],
                [
                    1434.9060152445138,
                    1042.2259103827257
                ],
                [
                    1420.2022351757853,
                    1042.9997935442377
                ],
                [
                    1413.2372867221773,
                    1045.5149138191516
                ],
                [
                    1404.7245719455448,
                    1046.095326190286
                ],
                [
                    1401.8225100898744,
                    1043.9671474961276
                ],
                [
                    1388.859967134548,
                    1042.4193811731038
                ],
                [
                    1372.2198075744104,
                    1042.8346972480779
                ],
                [
                    1361.772384893998,
                    1049.9931164920642
                ],
                [
                    1355.5813196019017,
                    1058.1188896879407
                ],
                [
                    1352.8727285366097,
                    1069.146724739487
                ],
                [
                    1349.3902543098054,
                    1095.845693811652
                ],
                [
                    1348.3000077118675,
                    1140.392885014401
                ],
                [
                    1355.5212662685685,
                    1176.4991777979064
                ],
                [
                    1361.538981732486,
                    1195.3546862515145
                ],
                [
                    1375.0451002204582,
                    1204.905952230896
                ],
                [
                    1396.7138287427952,
                    1205.8733061827859
                ],
                [
                    1401.5505985022453,
                    1202.3908319559819
                ],
                [
                    1408.3220761654757,
                    1205.292893811652
                ],
                [
                    1417.0282617324858,
                    1203.745127488628
                ],
                [
                    1421.284619120802,
                    1198.7148869387997
                ],
                [
                    1427.28221362252,
                    1204.3255398597619
                ],
                [
                    1437.7296363029327,
                    1206.647189344298
                ],
                [
                    1450.305237677503,
                    1205.679835392408
                ],
                [
                    1451.659533210149,
                    1201.6169487944699
                ],
                [
                    1467.5241380211457,
                    1204.51901065014
                ],
                [
                    1481.4941666022705,
                    1202.1686865285399
                ],
                [
                    1487.6070101122414,
                    1204.5349485323998
                ],
                [
                    1499.8326971321837,
                    1200.9855555266101
                ],
                [
                    1499.8326971321837,
                    1196.450220019212
                ],
                [
                    1626.4277143386823,
                    1205.5208910340082
                ],
                [
                    1780.336244727849,
                    1219.4481455122461
                ],
                [
                    1799.4898529752718,
                    1228.9282142407685
                ],
                [
                    1854.716891831628,
                    1274.2604919567818
                ],
                [
                    1887.606926195889,
                    1296.7031036406308
                ],
                [
                    1915.2732492199443,
                    1307.9244094825551
                ],
                [
                    1980.2794347869547,
                    1309.4721758055796
                ],
                [
                    2094.8141426907346,
                    1308.8917634344455
                ],
                [
                    2231.5979914879854,
                    1307.5374679017993
                ],
                [
                    2438.820687587579,
                    1306.7666751615911
                ],
                [
                    2539.860075152392,
                    1304.4004131577317
                ],
                [
                    2576.063883811447,
                    1298.721384348468
                ],
                [
                    2609.664804266256,
                    1292.8057293388188
                ],
                [
                    2631.413309819383,
                    1288.6910987369326
                ],
                [
                    2643.8578458642683,
                    1275.9571548770502
                ],
                [
                    2653.6977115741774,
                    1249.6210437122932
                ],
                [
                    2659.7752756891214,
                    1220.6802622125601
                ],
                [
                    2662.0905382091,
                    1194.0547432328055
                ],
                [
                    2663.8269850990837,
                    1139.0672583833125
                ],
                [
                    2665.563431989068,
                    1104.62772839863
                ],
                [
                    2662.958761654091,
                    1062.3741874090197
                ],
                [
                    2660.9329069491096,
                    1035.1698527992705
                ],
                [
                    2653.697711574177,
                    995.5209821446359
                ],
                [
                    2645.8837005692494,
                    966.0013850149081
                ],
                [
                    2638.9379130093134,
                    951.820402080039
                ],
                [
                    2628.2298238544117,
                    942.2699441851271
                ],
                [
                    2613.4700252895473,
                    933.0088941052127
                ],
                [
                    2583.6610203448226,
                    926.352514360274
                ],
                [
                    2559.3507638850465,
                    923.7478440252981
                ],
                [
                    2436.9312581411746,
                    924.0372518402955
                ]
            ]
        }
    ]
}