{
    "IMAGE_INFO": {
        "FILE_NAME": "1267592@2_07002_220927_P1_T1.jpg",
        "DATE": "2022-09-27 13:42:27",
        "RESOLUTION": "4000 x 2252",
        "IMAGE_PHOTOGRAPHER": "이연주",
        "FOCUS_DISTANCE": "7",
        "EXPOSURE_TIME": "0.01667",
        "SENSITIVITY_ISO": null,
        "PLACE": "성남시재활용센터",
        "REGION_NAME": null,
        "Direction": "2",
        "HEIGHT": null,
        "DAY/NIGHT": "주간",
        "WEATHER": "맑음",
        "IMAGE_HEIGHT": 2252,
        "IMAGE_WIDTH": 4000,
        "IMAGE_SIZE": "2.6 MB"
    },
    "ANNOTATION_INFO": [
        {
            "ID": "1",
            "CLASS": "유리병",
            "DETAILS": "녹색",
            "DAMAGE": "원형",
            "DIRTINESS": "이물질(외부)",
            "COVER": "없음",
            "TRANSPARENCY": "불투명",
            "SHAPE": "유리병형",
            "SHAPE_TYPE": "POLYGON",
            "POINTS": [
                [
                    1893.9559546441692,
                    255.80147784594192
                ],
                [
                    1868.9609570646323,
                    257.92871168249826
                ],
                [
                    1835.4570241388706,
                    266.17174279915395
                ],
                [
                    1799.8258573765515,
                    282.12599657332635
                ],
                [
                    1768.4491582873459,
                    306.0573772345849
                ],
                [
                    1753.5585214314517,
                    324.13886484531355
                ],
                [
                    1745.3154903147956,
                    354.1860427866716
                ],
                [
                    1741.8587353303915,
                    396.4648152882284
                ],
                [
                    1743.7200649373783,
                    410.29183522584447
                ],
                [
                    1741.8587353303915,
                    419.0666748016393
                ],
                [
                    1747.4427241513515,
                    441.9344385446199
                ],
                [
                    1739.4655972642652,
                    488.4676787192895
                ],
                [
                    1741.3269268712522,
                    505.7514536413095
                ],
                [
                    1753.5585214314508,
                    535.0009188939591
                ],
                [
                    1758.8766060228413,
                    542.1803330923367
                ],
                [
                    1754.6221383497286,
                    559.995916473496
                ],
                [
                    1751.9630960540333,
                    570.3661814267081
                ],
                [
                    1754.6221383497286,
                    585.7886267417412
                ],
                [
                    1763.3969779255235,
                    605.465539729887
                ],
                [
                    1769.2468709760533,
                    620.6220808153508
                ],
                [
                    1763.1310736959538,
                    722.729304970054
                ],
                [
                    1748.3656288738805,
                    950.8924332189212
                ],
                [
                    1713.8926720880695,
                    977.2349756684561
                ],
                [
                    1671.9397341128843,
                    1014.9600981887778
                ],
                [
                    1642.9954590757409,
                    1049.1078384011378
                ],
                [
                    1619.9050823607167,
                    1092.686859243578
                ],
                [
                    1606.2459862757735,
                    1133.013714351508
                ],
                [
                    1599.4164382333015,
                    1175.2918689001442
                ],
                [
                    1598.7660050863994,
                    1218.5456731691334
                ],
                [
                    1608.5225022899313,
                    1307.980230868171
                ],
                [
                    1655.4899861103884,
                    1751.8655857859294
                ],
                [
                    1683.4149407871291,
                    1842.7019360086872
                ],
                [
                    1697.3135606910957,
                    1889.3295640736087
                ],
                [
                    1751.5630125743223,
                    1950.304154620045
                ],
                [
                    1824.1945101369884,
                    1998.7251529951557
                ],
                [
                    1882.9273877956878,
                    2012.6237728991225
                ],
                [
                    1976.1826439255306,
                    2011.2787451664808
                ],
                [
                    2055.0909375738597,
                    1983.9298479360937
                ],
                [
                    2097.6834824408547,
                    1951.649182352686
                ],
                [
                    2146.104480815966,
                    1888.881221496061
                ],
                [
                    2168.0732671157843,
                    1839.1151953883073
                ],
                [
                    2181.971887019751,
                    1799.6610485641431
                ],
                [
                    2204.837358474664,
                    1578.6281578333128
                ],
                [
                    2239.3251789926076,
                    1273.8743229952622
                ],
                [
                    2244.7904519894296,
                    1192.1975780506184
                ],
                [
                    2241.928953323913,
                    1151.2781471337269
                ],
                [
                    2235.347506393224,
                    1121.5185610123513
                ],
                [
                    2219.0369639997784,
                    1082.8883290278732
                ],
                [
                    2207.3048194711573,
                    1057.7071407713247
                ],
                [
                    2185.8435794797806,
                    1029.3783039827072
                ],
                [
                    2163.8100397552985,
                    1005.0555653258134
                ],
                [
                    2145.2102984294384,
                    987.0281237330568
                ],
                [
                    2128.6136061694406,
                    973.2929301385757
                ],
                [
                    2102.860118179788,
                    954.6931888127154
                ],
                [
                    2097.709420581858,
                    951.8316901471986
                ],
                [
                    2091.414123517721,
                    869.9928283134153
                ],
                [
                    2073.697312041207,
                    618.0203496524913
                ],
                [
                    2084.550105103607,
                    601.7411600588915
                ],
                [
                    2087.2633033692073,
                    595.4103641058248
                ],
                [
                    2103.9946926737402,
                    567.3739820279583
                ],
                [
                    2113.49088660334,
                    539.7897996610252
                ],
                [
                    2112.13428747054,
                    517.632013825292
                ],
                [
                    2100.3770949862737,
                    486.88243348182556
                ],
                [
                    2100.377094986274,
                    463.8202482242257
                ],
                [
                    2094.9506984550744,
                    452.96745516182574
                ],
                [
                    2094.4984987441408,
                    422.21787481835935
                ],
                [
                    2098.116096431609,
                    375.6413045922263
                ],
                [
                    2098.116096431609,
                    349.8659210690265
                ],
                [
                    2093.036722952681,
                    332.8082411136067
                ],
                [
                    2083.169712643403,
                    317.3305778833661
                ],
                [
                    2067.498578622784,
                    299.3377943782116
                ],
                [
                    2048.1514995849834,
                    286.568722213263
                ],
                [
                    2028.0305373856709,
                    275.9278287424727
                ],
                [
                    1999.5903312001033,
                    267.2216431754624
                ],
                [
                    1968.2480631588664,
                    259.86975314109816
                ],
                [
                    1927.619197179485,
                    255.80686654316006
                ]
            ]
        }
    ]
}