{
    "IMAGE_INFO": {
        "FILE_NAME": "211432@2_07002_220817_P1_T1.jpg",
        "DATE": "2022-08-17 17:53:43",
        "RESOLUTION": "4032 x 3024",
        "IMAGE_PHOTOGRAPHER": "김태진",
        "FOCUS_DISTANCE": "5.7",
        "EXPOSURE_TIME": "0.00758",
        "SENSITIVITY_ISO": null,
        "PLACE": "주택가분리수거장",
        "REGION_NAME": null,
        "Direction": "2",
        "HEIGHT": null,
        "DAY/NIGHT": "주간",
        "WEATHER": "맑음",
        "IMAGE_HEIGHT": 3024,
        "IMAGE_WIDTH": 4032,
        "IMAGE_SIZE": "4.7 MB"
    },
    "ANNOTATION_INFO": [
        {
            "ID": "1",
            "CLASS": "유리병",
            "DETAILS": "녹색",
            "DAMAGE": "원형",
            "DIRTINESS": "이물질(외부)",
            "COVER": "없음",
            "TRANSPARENCY": "불투명",
            "SHAPE": "유리병형",
            "SHAPE_TYPE": "BOX",
            "POINTS": [
                [
                    264.59999999999985,
                    947.8349999999998,
                    3449.310967741935,
                    991.091612903226
                ]
            ]
        }
    ]
}