{
    "IMAGE_INFO": {
        "FILE_NAME": "214917@2_07002_220818_P1_T1.jpg",
        "DATE": "2022-08-18 11:28:35",
        "RESOLUTION": "4032 x 2268",
        "IMAGE_PHOTOGRAPHER": "이정미",
        "FOCUS_DISTANCE": "5.4",
        "EXPOSURE_TIME": "0.00276",
        "SENSITIVITY_ISO": null,
        "PLACE": "주택가분리수거장",
        "REGION_NAME": null,
        "Direction": "2",
        "HEIGHT": null,
        "DAY/NIGHT": "주간",
        "WEATHER": "맑음",
        "IMAGE_HEIGHT": 2268,
        "IMAGE_WIDTH": 4032,
        "IMAGE_SIZE": "4.2 MB"
    },
    "ANNOTATION_INFO": [
        {
            "ID": "1",
            "CLASS": "유리병",
            "DETAILS": "녹색",
            "DAMAGE": "원형",
            "DIRTINESS": "이물질(외부)",
            "COVER": "없음",
            "TRANSPARENCY": "불투명",
            "SHAPE": "유리병형",
            "SHAPE_TYPE": "BOX",
            "POINTS": [
                [
                    362.47724750277473,
                    678.7008879023308,
                    3279.9156492785796,
                    802.9877913429525
                ]
            ]
        }
    ]
}