{
    "IMAGE_INFO": {
        "FILE_NAME": "216482@5_07002_220819_P1_T1.jpg",
        "DATE": "2022-08-19 13:43:00",
        "RESOLUTION": "4032 x 3024",
        "IMAGE_PHOTOGRAPHER": "이윤경",
        "FOCUS_DISTANCE": "5.7",
        "EXPOSURE_TIME": "0.01667",
        "SENSITIVITY_ISO": null,
        "PLACE": "주택가분리수거장",
        "REGION_NAME": null,
        "Direction": "5",
        "HEIGHT": null,
        "DAY/NIGHT": "야간",
        "WEATHER": "비",
        "IMAGE_HEIGHT": 3024,
        "IMAGE_WIDTH": 4032,
        "IMAGE_SIZE": "3.4 MB"
    },
    "ANNOTATION_INFO": [
        {
            "ID": "1",
            "CLASS": "유리병",
            "DETAILS": "녹색",
            "DAMAGE": "원형",
            "DIRTINESS": "이물질(외부)",
            "COVER": "없음",
            "TRANSPARENCY": "불투명",
            "SHAPE": "유리병형",
            "SHAPE_TYPE": "BOX",
            "POINTS": [
                [
                    281.92159183884337,
                    930.191321887044,
                    3281.4381985246364,
                    943.1763075829209
                ]
            ]
        }
    ]
}