{
    "IMAGE_INFO": {
        "FILE_NAME": "247733@2_07002_220823_P1_T1.jpg",
        "DATE": "2022-08-23 13:50:08",
        "RESOLUTION": "4000 x 2250",
        "IMAGE_PHOTOGRAPHER": "유은주",
        "FOCUS_DISTANCE": "4.6",
        "EXPOSURE_TIME": "0.02000",
        "SENSITIVITY_ISO": null,
        "PLACE": "주택가분리수거장",
        "REGION_NAME": null,
        "Direction": "2",
        "HEIGHT": null,
        "DAY/NIGHT": "주간",
        "WEATHER": "맑음",
        "IMAGE_HEIGHT": 2250,
        "IMAGE_WIDTH": 4000,
        "IMAGE_SIZE": "2.1 MB"
    },
    "ANNOTATION_INFO": [
        {
            "ID": "1",
            "CLASS": "유리병",
            "DETAILS": "녹색",
            "DAMAGE": "원형",
            "DIRTINESS": "이물질(외부)",
            "COVER": "없음",
            "TRANSPARENCY": "불투명",
            "SHAPE": "유리병형",
            "SHAPE_TYPE": "BOX",
            "POINTS": [
                [
                    1127.0725552050467,
                    356.05717665615146,
                    1653.9842271293378,
                    1499.4227129337542
                ]
            ]
        }
    ]
}