{
    "IMAGE_INFO": {
        "FILE_NAME": "247748@5_07002_220823_P1_T1.jpg",
        "DATE": "2022-08-23 13:48:53",
        "RESOLUTION": "4000 x 2250",
        "IMAGE_PHOTOGRAPHER": "유은주",
        "FOCUS_DISTANCE": "4.6",
        "EXPOSURE_TIME": "0.02000",
        "SENSITIVITY_ISO": null,
        "PLACE": "주택가분리수거장",
        "REGION_NAME": null,
        "Direction": "5",
        "HEIGHT": null,
        "DAY/NIGHT": "주간",
        "WEATHER": "맑음",
        "IMAGE_HEIGHT": 2250,
        "IMAGE_WIDTH": 4000,
        "IMAGE_SIZE": "3.6 MB"
    },
    "ANNOTATION_INFO": [
        {
            "ID": "1",
            "CLASS": "유리병",
            "DETAILS": "녹색",
            "DAMAGE": "원형",
            "DIRTINESS": "이물질(외부)",
            "COVER": "없음",
            "TRANSPARENCY": "투명",
            "SHAPE": "유리병형",
            "SHAPE_TYPE": "BOX",
            "POINTS": [
                [
                    325.28712561826535,
                    639.8824618805029,
                    3132.9782564638062,
                    820.1758178622624
                ]
            ]
        }
    ]
}