{
    "IMAGE_INFO": {
        "FILE_NAME": "249684@1_07002_220823_P1_T1.jpg",
        "DATE": "2022-08-23 11:34:56",
        "RESOLUTION": "4032 x 2268",
        "IMAGE_PHOTOGRAPHER": "오명순",
        "FOCUS_DISTANCE": "4.32",
        "EXPOSURE_TIME": "0.00179",
        "SENSITIVITY_ISO": null,
        "PLACE": "주택가분리수거장",
        "REGION_NAME": null,
        "Direction": "1",
        "HEIGHT": null,
        "DAY/NIGHT": "주간",
        "WEATHER": "맑음",
        "IMAGE_HEIGHT": 2268,
        "IMAGE_WIDTH": 4032,
        "IMAGE_SIZE": "4.0 MB"
    },
    "ANNOTATION_INFO": [
        {
            "ID": "1",
            "CLASS": "유리병",
            "DETAILS": "녹색",
            "DAMAGE": "원형",
            "DIRTINESS": "이물질(외부)",
            "COVER": "없음",
            "TRANSPARENCY": "불투명",
            "SHAPE": "유리병형",
            "SHAPE_TYPE": "BOX",
            "POINTS": [
                [
                    1422.6640138447387,
                    946.6253848629365,
                    1232.581878014938,
                    370.36785564149454
                ]
            ]
        }
    ]
}