{
    "IMAGE_INFO": {
        "FILE_NAME": "249703@5_07002_220823_P1_T1.jpg",
        "DATE": "2022-08-23 10:42:32",
        "RESOLUTION": "4032 x 2268",
        "IMAGE_PHOTOGRAPHER": "오명순",
        "FOCUS_DISTANCE": "4.2",
        "EXPOSURE_TIME": "0.00571",
        "SENSITIVITY_ISO": null,
        "PLACE": "주택가분리수거장",
        "REGION_NAME": null,
        "Direction": "5",
        "HEIGHT": null,
        "DAY/NIGHT": "주간",
        "WEATHER": "맑음",
        "IMAGE_HEIGHT": 2268,
        "IMAGE_WIDTH": 4032,
        "IMAGE_SIZE": "4.4 MB"
    },
    "ANNOTATION_INFO": [
        {
            "ID": "1",
            "CLASS": "유리병",
            "DETAILS": "녹색",
            "DAMAGE": "원형",
            "DIRTINESS": "이물질(외부)",
            "COVER": "없음",
            "TRANSPARENCY": "불투명",
            "SHAPE": "유리병형",
            "SHAPE_TYPE": "BOX",
            "POINTS": [
                [
                    1532.780777994116,
                    390.0382339915675,
                    691.9564481327805,
                    1650.2382074688799
                ]
            ]
        }
    ]
}