{
    "IMAGE_INFO": {
        "FILE_NAME": "249729@1_07002_220823_P1_T1.jpg",
        "DATE": "2022-08-23 10:44:02",
        "RESOLUTION": "4032 x 2268",
        "IMAGE_PHOTOGRAPHER": "오명순",
        "FOCUS_DISTANCE": "4.2",
        "EXPOSURE_TIME": "0.01000",
        "SENSITIVITY_ISO": null,
        "PLACE": "주택가분리수거장",
        "REGION_NAME": null,
        "Direction": "1",
        "HEIGHT": null,
        "DAY/NIGHT": "주간",
        "WEATHER": "맑음",
        "IMAGE_HEIGHT": 2268,
        "IMAGE_WIDTH": 4032,
        "IMAGE_SIZE": "5.5 MB"
    },
    "ANNOTATION_INFO": [
        {
            "ID": "1",
            "CLASS": "유리병",
            "DETAILS": "녹색",
            "DAMAGE": "원형",
            "DIRTINESS": "이물질(외부)",
            "COVER": "없음",
            "TRANSPARENCY": "불투명",
            "SHAPE": "유리병형",
            "SHAPE_TYPE": "BOX",
            "POINTS": [
                [
                    1740.4823742586752,
                    801.154472933754,
                    363.105512176656,
                    859.511615394322
                ]
            ]
        }
    ]
}