{
    "IMAGE_INFO": {
        "FILE_NAME": "249750@2_07002_220823_P1_T1.jpg",
        "DATE": "2022-08-23 11:13:53",
        "RESOLUTION": "4032 x 2268",
        "IMAGE_PHOTOGRAPHER": "오명순",
        "FOCUS_DISTANCE": "4.32",
        "EXPOSURE_TIME": "0.00195",
        "SENSITIVITY_ISO": null,
        "PLACE": "주택가분리수거장",
        "REGION_NAME": null,
        "Direction": "2",
        "HEIGHT": null,
        "DAY/NIGHT": "주간",
        "WEATHER": "맑음",
        "IMAGE_HEIGHT": 2268,
        "IMAGE_WIDTH": 4032,
        "IMAGE_SIZE": "3.4 MB"
    },
    "ANNOTATION_INFO": [
        {
            "ID": "1",
            "CLASS": "유리병",
            "DETAILS": "녹색",
            "DAMAGE": "원형",
            "DIRTINESS": "이물질(외부)",
            "COVER": "겹침",
            "TRANSPARENCY": "불투명",
            "SHAPE": "유리병형",
            "SHAPE_TYPE": "BOX",
            "POINTS": [
                [
                    693.9407447990957,
                    651.9216530787043,
                    2369.297726141079,
                    819.3785228215769
                ]
            ]
        }
    ]
}