{
    "IMAGE_INFO": {
        "FILE_NAME": "251798@1_07002_220823_P1_T1.jpg",
        "DATE": "2022-08-23 11:44:48",
        "RESOLUTION": "5664 x 3184",
        "IMAGE_PHOTOGRAPHER": "김정민",
        "FOCUS_DISTANCE": "3.93",
        "EXPOSURE_TIME": "0.00515",
        "SENSITIVITY_ISO": null,
        "PLACE": "주택가분리수거장",
        "REGION_NAME": null,
        "Direction": "1",
        "HEIGHT": null,
        "DAY/NIGHT": "주간",
        "WEATHER": "맑음",
        "IMAGE_HEIGHT": 3184,
        "IMAGE_WIDTH": 5664,
        "IMAGE_SIZE": "6.6 MB"
    },
    "ANNOTATION_INFO": [
        {
            "ID": "1",
            "CLASS": "유리병",
            "DETAILS": "녹색",
            "DAMAGE": "원형",
            "DIRTINESS": "이물질(외부)",
            "COVER": "없음",
            "TRANSPARENCY": "불투명",
            "SHAPE": "유리병형",
            "SHAPE_TYPE": "BOX",
            "POINTS": [
                [
                    1423.1932166185816,
                    1240.3313183897658,
                    2122.0712630705393,
                    618.2825958506228
                ]
            ]
        }
    ]
}