{
    "IMAGE_INFO": {
        "FILE_NAME": "251839@2_07002_220823_P1_T1.jpg",
        "DATE": "2022-08-23 11:47:40",
        "RESOLUTION": "5664 x 3184",
        "IMAGE_PHOTOGRAPHER": "김정민",
        "FOCUS_DISTANCE": "3.93",
        "EXPOSURE_TIME": "0.00833",
        "SENSITIVITY_ISO": null,
        "PLACE": "주택가분리수거장",
        "REGION_NAME": null,
        "Direction": "2",
        "HEIGHT": null,
        "DAY/NIGHT": "주간",
        "WEATHER": "맑음",
        "IMAGE_HEIGHT": 3184,
        "IMAGE_WIDTH": 5664,
        "IMAGE_SIZE": "4.3 MB"
    },
    "ANNOTATION_INFO": [
        {
            "ID": "1",
            "CLASS": "유리병",
            "DETAILS": "녹색",
            "DAMAGE": "원형",
            "DIRTINESS": "이물질(외부)",
            "COVER": "없음",
            "TRANSPARENCY": "불투명",
            "SHAPE": "유리병형",
            "SHAPE_TYPE": "POLYGON",
            "POINTS": [
                [
                    874.2557626766727,
                    1043.795285194745
                ],
                [
                    809.3180166185814,
                    1122.261728348272
                ],
                [
                    757.9089676559258,
                    1241.3142627881061
                ],
                [
                    738.9687917223159,
                    1422.5988038669443
                ],
                [
                    760.6147070750128,
                    1693.1727457756583
                ],
                [
                    812.0237560376685,
                    1877.163026273584
                ],
                [
                    858.0213261621498,
                    1982.6868636179818
                ],
                [
                    906.724635705718,
                    2031.3901731615501
                ],
                [
                    960.8394240874609,
                    2061.153306771509
                ],
                [
                    998.7197759546808,
                    2069.2705250287704
                ],
                [
                    1042.0116066600751,
                    2055.7418279333347
                ],
                [
                    1082.5976979463821,
                    2053.0360885142477
                ],
                [
                    1412.697907075013,
                    2015.1557366470279
                ],
                [
                    1437.0495618467974,
                    2001.627039551592
                ],
                [
                    1504.6930473239756,
                    2001.627039551592
                ],
                [
                    1553.396356867544,
                    1961.040948265285
                ],
                [
                    1553.396356867544,
                    1928.5720752362388
                ],
                [
                    1967.3744879878761,
                    1917.7491175598911
                ],
                [
                    2043.1351917223158,
                    1917.7491175598911
                ],
                [
                    2129.7188531331044,
                    1969.158166522546
                ],
                [
                    2213.5967751248054,
                    2001.627039551592
                ],
                [
                    2319.1206124692044,
                    2036.8016519997245
                ],
                [
                    2375.941140270034,
                    2053.0360885142477
                ],
                [
                    2505.8166323862165,
                    2074.682003866945
                ],
                [
                    2908.9718058301996,
                    2074.682003866945
                ],
                [
                    3896.025545913187,
                    2038.9662435349942
                ],
                [
                    4084.8645114501164,
                    2031.8230914686046
                ],
                [
                    4180.452873647627,
                    2013.121020603874
                ],
                [
                    4332.147448439328,
                    1973.6388710005542
                ],
                [
                    4423.579794889121,
                    1950.7807843881067
                ],
                [
                    4475.529991735594,
                    1932.078713523376
                ],
                [
                    4512.934133465055,
                    1913.3766426586456
                ],
                [
                    4573.196361806963,
                    1855.192422190596
                ],
                [
                    4631.380582275014,
                    1765.838083614662
                ],
                [
                    4683.330779121487,
                    1618.299524570679
                ],
                [
                    4710.344881481651,
                    1514.3991308777324
                ],
                [
                    4710.344881481651,
                    1395.9526820677743
                ],
                [
                    4708.266873607793,
                    1229.7120521590602
                ],
                [
                    4668.784724004473,
                    1028.145288394745
                ],
                [
                    4596.054448419411,
                    866.0606742337487
                ],
                [
                    4548.260267320656,
                    787.0963750271098
                ],
                [
                    4478.054968633615,
                    721.380230866607
                ],
                [
                    4422.0284326784,
                    691.559655277541
                ],
                [
                    4319.915552630992,
                    662.6427334942042
                ],
                [
                    4192.9209208907805,
                    654.1038711001388
                ],
                [
                    4032.9143146036436,
                    654.1038711001388
                ],
                [
                    3731.6031728941,
                    676.9619577125869
                ],
                [
                    2765.6614719546815,
                    769.497992182297
                ],
                [
                    2729.2963341621503,
                    788.5463976926704
                ],
                [
                    2328.555530152744,
                    856.4918635762034
                ],
                [
                    2196.4141782509055,
                    902.4540729333644
                ],
                [
                    2087.2539310276475,
                    971.3973869691064
                ],
                [
                    1946.4946648713417,
                    1066.1944437682512
                ],
                [
                    1845.9523319025518,
                    1094.920824616477
                ],
                [
                    1458.1461904515043,
                    1126.5198435495251
                ],
                [
                    1417.9292572639883,
                    1071.9397199378964
                ],
                [
                    1377.7123240764724,
                    1063.3218056834285
                ],
                [
                    1317.3869242951982,
                    1063.3218056834285
                ],
                [
                    958.3071636923767,
                    1066.1944437682512
                ],
                [
                    938.1986970986186,
                    1040.3407010048481
                ],
                [
                    906.5996781655704,
                    1031.7227867503802
                ]
            ]
        }
    ]
}