{
    "IMAGE_INFO": {
        "FILE_NAME": "251844@4_07002_220823_P1_T1.jpg",
        "DATE": "2022-08-23 11:47:45",
        "RESOLUTION": "5664 x 3184",
        "IMAGE_PHOTOGRAPHER": "김정민",
        "FOCUS_DISTANCE": "3.93",
        "EXPOSURE_TIME": "0.00493",
        "SENSITIVITY_ISO": null,
        "PLACE": "주택가분리수거장",
        "REGION_NAME": null,
        "Direction": "4",
        "HEIGHT": null,
        "DAY/NIGHT": "주간",
        "WEATHER": "맑음",
        "IMAGE_HEIGHT": 3184,
        "IMAGE_WIDTH": 5664,
        "IMAGE_SIZE": "5.0 MB"
    },
    "ANNOTATION_INFO": [
        {
            "ID": "1",
            "CLASS": "유리병",
            "DETAILS": "녹색",
            "DAMAGE": "원형",
            "DIRTINESS": "이물질(외부)",
            "COVER": "없음",
            "TRANSPARENCY": "불투명",
            "SHAPE": "유리병형",
            "SHAPE_TYPE": "POLYGON",
            "POINTS": [
                [
                    1142.2352361078108,
                    1055.3202338838312
                ],
                [
                    1103.556609149702,
                    1144.844083203044
                ],
                [
                    1086.2398768675441,
                    1266.061209178148
                ],
                [
                    1066.758553050117,
                    1417.5826166470274
                ],
                [
                    1053.7710038384985,
                    1584.2561648627952
                ],
                [
                    1060.2647784443077,
                    1750.929713078563
                ],
                [
                    1066.758553050117,
                    1906.7803036179823
                ],
                [
                    1084.0752853322745,
                    2051.807936481053
                ],
                [
                    1103.556609149702,
                    2125.404048680223
                ],
                [
                    1127.3671160376687,
                    2177.354245526696
                ],
                [
                    1181.4819044194114,
                    2233.6336254437083
                ],
                [
                    1322.1803542119426,
                    2276.9254561491025
                ],
                [
                    1417.4223817638099,
                    2281.254639219642
                ],
                [
                    1638.2107183613202,
                    2283.4192307549115
                ],
                [
                    1796.2259004360094,
                    2270.431681543293
                ],
                [
                    2285.423587406964,
                    2240.1274000495173
                ],
                [
                    2495.388966328125,
                    2229.3044423731685
                ],
                [
                    2679.379246826051,
                    2211.9877100910107
                ],
                [
                    2837.39442890074,
                    2207.6585270204714
                ],
                [
                    3030.043075539744,
                    2186.0126116677748
                ],
                [
                    3175.0707084028145,
                    2164.3666963150777
                ],
                [
                    3298.452425913188,
                    2123.239457144953
                ],
                [
                    3391.5298619297846,
                    2071.2892602984803
                ],
                [
                    3430.49250956464,
                    2040.9849788047038
                ],
                [
                    3484.607297946383,
                    2004.1869227051186
                ],
                [
                    3519.240762510698,
                    1999.8577396345797
                ],
                [
                    3791.9792959546817,
                    1989.0347819582312
                ],
                [
                    3823.062830401154,
                    2013.8842927831274
                ],
                [
                    3866.0083264609048,
                    2036.049710104289
                ],
                [
                    3921.42186976381,
                    2027.7376786088535
                ],
                [
                    3947.7433028326886,
                    2034.6643715217165
                ],
                [
                    4029.478279204473,
                    2036.049710104289
                ],
                [
                    4104.286562663394,
                    2036.049710104289
                ],
                [
                    4166.6267988791615,
                    2044.3617415997248
                ],
                [
                    4190.177554782897,
                    2058.215127425451
                ],
                [
                    4208.186956356341,
                    2067.9124975034592
                ],
                [
                    4235.8937280077935,
                    2067.9124975034592
                ],
                [
                    4267.7565154069625,
                    2062.371143173169
                ],
                [
                    4295.463287058415,
                    2048.5177573474425
                ],
                [
                    4342.564798865884,
                    2011.1136156179816
                ],
                [
                    4378.583602012773,
                    1964.0121038105128
                ],
                [
                    4410.446389411943,
                    1909.9838990901808
                ],
                [
                    4433.997145315677,
                    1842.1023085441227
                ],
                [
                    4456.162562636839,
                    1754.825977842048
                ],
                [
                    4461.703916967129,
                    1686.9443872959898
                ],
                [
                    4456.162562636839,
                    1580.2733164378983
                ],
                [
                    4450.621208306548,
                    1499.9236786486865
                ],
                [
                    4413.217066577087,
                    1400.1793007034585
                ],
                [
                    4375.812924847627,
                    1322.6003400793918
                ],
                [
                    4309.316672884142,
                    1265.8014581939146
                ],
                [
                    4274.683208319826,
                    1246.406718037898
                ],
                [
                    4234.50838942522,
                    1239.480025125035
                ],
                [
                    4204.030940608623,
                    1239.480025125035
                ],
                [
                    4152.773413053436,
                    1254.7187495333337
                ],
                [
                    3910.339161103228,
                    1268.5721353590598
                ],
                [
                    3866.0083264609048,
                    1271.3428125242053
                ],
                [
                    3832.760200479162,
                    1282.4255211847862
                ],
                [
                    3807.824105992855,
                    1311.517631418811
                ],
                [
                    3552.9218067994943,
                    1290.7375526802218
                ],
                [
                    3510.2533784562565,
                    1288.5210109481056
                ],
                [
                    3467.0308146799907,
                    1268.5721353590598
                ],
                [
                    3368.3947076008208,
                    1196.5345290652838
                ],
                [
                    3307.439809967625,
                    1164.3946739495993
                ],
                [
                    3224.319495013268,
                    1136.687902298147
                ],
                [
                    3101.30142888082,
                    1106.7645889145783
                ],
                [
                    2987.1495296768358,
                    1091.2487967897655
                ],
                [
                    2759.954002134927,
                    1060.217212540139
                ],
                [
                    2406.1939416891837,
                    1021.6493864013173
                ],
                [
                    2017.8558302224285,
                    991.0611104981139
                ],
                [
                    1709.9090275294486,
                    968.0800058195332
                ],
                [
                    1590.4072832008299,
                    956.5894534802429
                ],
                [
                    1523.762079632946,
                    954.2913430123849
                ],
                [
                    1436.9708964639738,
                    959.7480994975979
                ],
                [
                    1281.5412363207067,
                    976.3532035038222
                ],
                [
                    1216.591877023396,
                    988.317546465392
                ],
                [
                    1184.8155347517784,
                    1009.8800644354183
                ]
            ]
        }
    ]
}