{
    "IMAGE_INFO": {
        "FILE_NAME": "251831@1_07002_220823_P1_T1.jpg",
        "DATE": "2022-08-23 11:47:38",
        "RESOLUTION": "5664 x 3184",
        "IMAGE_PHOTOGRAPHER": "김정민",
        "FOCUS_DISTANCE": "3.93",
        "EXPOSURE_TIME": "0.00641",
        "SENSITIVITY_ISO": null,
        "PLACE": "주택가분리수거장",
        "REGION_NAME": null,
        "Direction": "1",
        "HEIGHT": null,
        "DAY/NIGHT": "주간",
        "WEATHER": "맑음",
        "IMAGE_HEIGHT": 3184,
        "IMAGE_WIDTH": 5664,
        "IMAGE_SIZE": "5.7 MB"
    },
    "ANNOTATION_INFO": [
        {
            "ID": "1",
            "CLASS": "유리병",
            "DETAILS": "녹색",
            "DAMAGE": "원형",
            "DIRTINESS": "이물질(외부)",
            "COVER": "없음",
            "TRANSPARENCY": "불투명",
            "SHAPE": "유리병형",
            "SHAPE_TYPE": "POLYGON",
            "POINTS": [
                [
                    1696.4348484858012,
                    1473.2447497590604
                ],
                [
                    1676.9535246683733,
                    1533.8533127466123
                ],
                [
                    1663.9659754567551,
                    1572.815960381467
                ],
                [
                    1655.3076093156762,
                    1717.8435932445377
                ],
                [
                    1663.9659754567551,
                    1804.4272546553261
                ],
                [
                    1679.1181162036435,
                    1869.3650007134174
                ],
                [
                    1695.9153465173365,
                    1902.0936247266957
                ],
                [
                    1726.392795333934,
                    1925.6443806304303
                ],
                [
                    1747.1728740725227,
                    1922.873703465285
                ],
                [
                    1765.1822756459671,
                    1915.947010552422
                ],
                [
                    1899.5601181555107,
                    1906.2496404744134
                ],
                [
                    1930.0375669721082,
                    1895.1669318138327
                ],
                [
                    1952.2029842932698,
                    1885.4695617358243
                ],
                [
                    1967.4417087015688,
                    1871.6161759100983
                ],
                [
                    2164.1597874268805,
                    1867.4601601623804
                ],
                [
                    2194.6372362434777,
                    1874.3868530752434
                ],
                [
                    2230.6560393903655,
                    1897.9376089789778
                ],
                [
                    2276.372212615262,
                    1917.3323491349943
                ],
                [
                    2329.015078753021,
                    1933.9564121258657
                ],
                [
                    2392.7406535513614,
                    1949.1951365341647
                ],
                [
                    2475.8609685057186,
                    1958.8925066121728
                ],
                [
                    2667.03769290074,
                    1961.6631837773182
                ],
                [
                    2854.0584015480426,
                    1961.6631837773182
                ],
                [
                    3009.216322796175,
                    1961.6631837773182
                ],
                [
                    3167.144921209453,
                    1956.1218294470277
                ],
                [
                    3251.6505747463825,
                    1950.580475116737
                ],
                [
                    3332.000212535595,
                    1928.4150577955752
                ],
                [
                    3351.3949526916117,
                    1906.2496404744131
                ],
                [
                    3370.7896928476284,
                    1853.606774336654
                ],
                [
                    3384.6430786733545,
                    1758.0184121391437
                ],
                [
                    3383.2577400907817,
                    1638.8792940378987
                ],
                [
                    3380.4870629256366,
                    1536.364238927525
                ],
                [
                    3366.63367709991,
                    1440.7758767300147
                ],
                [
                    3350.951644345188,
                    1374.2796247665292
                ],
                [
                    3318.1468267098685,
                    1336.1551069741308
                ],
                [
                    3293.3215593101677,
                    1324.6290899671267
                ],
                [
                    3181.6078560115116,
                    1310.443222881583
                ],
                [
                    3034.429484998997,
                    1321.9692398885875
                ],
                [
                    2506.793887212592,
                    1362.7248501697698
                ],
                [
                    2326.063126066737,
                    1396.6118678846174
                ],
                [
                    2250.758642255965,
                    1432.3814976947344
                ],
                [
                    2180.160688683365,
                    1474.7402698382944
                ],
                [
                    2171.688934254653,
                    1480.3881061241025
                ],
                [
                    1958.9537674892188,
                    1507.6859815055072
                ],
                [
                    1939.186340488891,
                    1483.2120242670062
                ],
                [
                    1922.242831631467,
                    1477.5641879811983
                ],
                [
                    1898.7101804406007,
                    1474.7402698382944
                ],
                [
                    1874.2362232020992,
                    1479.4468000764678
                ],
                [
                    1724.5685616281885,
                    1466.2685154095823
                ],
                [
                    1702.9185225325912,
                    1468.1511275048517
                ]
            ]
        }
    ]
}