{
    "IMAGE_INFO": {
        "FILE_NAME": "255763@3_07002_220823_P1_T1.jpg",
        "DATE": "2022-08-23 10:40:50",
        "RESOLUTION": "4032 x 3024",
        "IMAGE_PHOTOGRAPHER": "이정미",
        "FOCUS_DISTANCE": "5.7",
        "EXPOSURE_TIME": "0.00058",
        "SENSITIVITY_ISO": null,
        "PLACE": "주택가분리수거장",
        "REGION_NAME": null,
        "Direction": "3",
        "HEIGHT": null,
        "DAY/NIGHT": "주간",
        "WEATHER": "흐림",
        "IMAGE_HEIGHT": 2268,
        "IMAGE_WIDTH": 4032,
        "IMAGE_SIZE": "3.4 MB"
    },
    "ANNOTATION_INFO": [
        {
            "ID": "1",
            "CLASS": "유리병",
            "DETAILS": "녹색",
            "DAMAGE": "원형",
            "DIRTINESS": "이물질(외부)",
            "COVER": "없음",
            "TRANSPARENCY": "불투명",
            "SHAPE": "유리병형",
            "SHAPE_TYPE": "POLYGON",
            "POINTS": [
                [
                    2190.2946835443036,
                    379.26796008146266
                ],
                [
                    2252.765164556962,
                    858.2083145118426
                ],
                [
                    2296.8619746835443,
                    1255.079605651083
                ],
                [
                    2294.412151898734,
                    1335.9237575498175
                ],
                [
                    2257.6648101265823,
                    1424.1173778029822
                ],
                [
                    2191.5195949367085,
                    1512.3109980561467
                ],
                [
                    2142.523139240506,
                    1539.259048689058
                ],
                [
                    2137.6234936708856,
                    1705.8469980561465
                ],
                [
                    2091.0768607594937,
                    1779.3416816004506
                ],
                [
                    2002.883240506329,
                    1850.3865423599443
                ],
                [
                    1885.6837184810122,
                    1865.1834719801973
                ],
                [
                    1816.696708860759,
                    1857.3440390688052
                ],
                [
                    1733.5987199999997,
                    1827.5541940055139
                ],
                [
                    1672.4511432911388,
                    1777.3818233726024
                ],
                [
                    1653.6365043037972,
                    1733.480999068805
                ],
                [
                    1644.229184810126,
                    1680.1728552713366
                ],
                [
                    1623.846659240506,
                    1619.025278562476
                ],
                [
                    1636.3897518987337,
                    1524.952083625767
                ],
                [
                    1576.8100617721514,
                    1479.483372739691
                ],
                [
                    1532.9092374683541,
                    1415.2000228662732
                ],
                [
                    1498.4157326582274,
                    1339.9414669169062
                ],
                [
                    1499.983619240506,
                    1245.8682719801975
                ],
                [
                    1504.6872789873416,
                    1151.7950770434888
                ],
                [
                    1537.6128972151896,
                    1038.907243119438
                ],
                [
                    1568.9706288607595,
                    899.3653372966531
                ],
                [
                    1616.0072263291136,
                    629.6888451447543
                ],
                [
                    1650.5007311392403,
                    436.8387955245009
                ],
                [
                    1681.8584627848102,
                    352.17292008146296
                ],
                [
                    1750.8454724050632,
                    280.0501372966528
                ],
                [
                    1822.9682551898734,
                    239.28508615741225
                ],
                [
                    1912.3377903797468,
                    217.3346740055135
                ],
                [
                    1984.4605731645568,
                    225.1741069169059
                ],
                [
                    2078.5337681012666,
                    258.099725144754
                ],
                [
                    2138.113458227848,
                    309.8399823599439
                ]
            ]
        }
    ]
}