{
    "IMAGE_INFO": {
        "FILE_NAME": "255766@3_07002_220823_P1_T1.jpg",
        "DATE": "2022-08-23 10:46:23",
        "RESOLUTION": "4032 x 3024",
        "IMAGE_PHOTOGRAPHER": "이정미",
        "FOCUS_DISTANCE": "5.7",
        "EXPOSURE_TIME": "0.00042",
        "SENSITIVITY_ISO": null,
        "PLACE": "주택가분리수거장",
        "REGION_NAME": null,
        "Direction": "3",
        "HEIGHT": null,
        "DAY/NIGHT": "주간",
        "WEATHER": "흐림",
        "IMAGE_HEIGHT": 2268,
        "IMAGE_WIDTH": 4032,
        "IMAGE_SIZE": "4.0 MB"
    },
    "ANNOTATION_INFO": [
        {
            "ID": "1",
            "CLASS": "유리병",
            "DETAILS": "녹색",
            "DAMAGE": "원형",
            "DIRTINESS": "이물질(외부)",
            "COVER": "없음",
            "TRANSPARENCY": "불투명",
            "SHAPE": "유리병형",
            "SHAPE_TYPE": "POLYGON",
            "POINTS": [
                [
                    2226.797043037974,
                    416.94929679032344
                ],
                [
                    2260.1146329113917,
                    722.6871803346272
                ],
                [
                    2293.43222278481,
                    999.4191621067793
                ],
                [
                    2272.26575392405,
                    1112.30699603083
                ],
                [
                    2241.9741851544304,
                    1203.746141509311
                ],
                [
                    2196.81905158481,
                    1280.5098685776652
                ],
                [
                    2138.117377944304,
                    1346.7373978131086
                ],
                [
                    2105.003613326582,
                    1403.9339003346277
                ],
                [
                    2094.467415493671,
                    1450.594205023235
                ],
                [
                    2101.993271088608,
                    1504.7803653067795
                ],
                [
                    2121.560495635443,
                    1566.4923811852602
                ],
                [
                    2115.5398111594936,
                    1647.7716216105769
                ],
                [
                    2104.333770531647,
                    1774.8352325877918
                ],
                [
                    2046.301939686076,
                    1849.4645515548812
                ],
                [
                    1987.60026604557,
                    1875.052460577666
                ],
                [
                    1922.8779079291141,
                    1887.093829529565
                ],
                [
                    1843.103838622785,
                    1875.052460577666
                ],
                [
                    1782.896993863291,
                    1856.9904071498179
                ],
                [
                    1736.2366891746835,
                    1808.8249313422227
                ],
                [
                    1712.1539512708862,
                    1756.1439421776658
                ],
                [
                    1700.1125823189875,
                    1706.4732952510833
                ],
                [
                    1715.164293508861,
                    1519.832076496653
                ],
                [
                    1719.6798068658231,
                    1494.244167473868
                ],
                [
                    1739.247031412658,
                    1467.1510873320958
                ],
                [
                    1734.7315180556964,
                    1432.5321515953867
                ],
                [
                    1722.6901491037977,
                    1364.7994512409566
                ],
                [
                    1691.0815556050634,
                    1324.1598310282984
                ],
                [
                    1659.4729621063293,
                    1301.5822642434882
                ],
                [
                    1611.3074862987344,
                    1223.3133660561466
                ],
                [
                    1581.2040639189877,
                    1125.4772433219694
                ],
                [
                    1561.2178584303792,
                    1041.0643120814623
                ],
                [
                    1567.6575238481016,
                    880.1343509270323
                ],
                [
                    1603.7816307037979,
                    726.6068967903236
                ],
                [
                    1653.4522776303802,
                    437.61404194475386
                ],
                [
                    1675.3600016202536,
                    331.12526762576596
                ],
                [
                    1718.1746357468357,
                    270.54004773715883
                ],
                [
                    1808.4849028860763,
                    201.3021762637411
                ],
                [
                    1891.1011953417724,
                    174.33660939791778
                ],
                [
                    1978.569239331646,
                    177.2194383599436
                ],
                [
                    2068.8795064708866,
                    207.32286073969047
                ],
                [
                    2135.1070357063295,
                    247.96248095234873
                ],
                [
                    2199.8293938227853,
                    333.7572347346272
                ]
            ]
        }
    ]
}