{
    "IMAGE_INFO": {
        "FILE_NAME": "258814@5_07002_220824_P1_T1.jpg",
        "DATE": "2022-08-24 10:58:41",
        "RESOLUTION": "4032 x 2268",
        "IMAGE_PHOTOGRAPHER": "이윤경",
        "FOCUS_DISTANCE": "5.4",
        "EXPOSURE_TIME": "0.00245",
        "SENSITIVITY_ISO": null,
        "PLACE": "주택가분리수거장",
        "REGION_NAME": null,
        "Direction": "5",
        "HEIGHT": null,
        "DAY/NIGHT": "주간",
        "WEATHER": "맑음",
        "IMAGE_HEIGHT": 2268,
        "IMAGE_WIDTH": 4032,
        "IMAGE_SIZE": "4.7 MB"
    },
    "ANNOTATION_INFO": [
        {
            "ID": "1",
            "CLASS": "유리병",
            "DETAILS": "녹색",
            "DAMAGE": "원형",
            "DIRTINESS": "이물질(외부)",
            "COVER": "없음",
            "TRANSPARENCY": "불투명",
            "SHAPE": "유리병형",
            "SHAPE_TYPE": "POLYGON",
            "POINTS": [
                [
                    2269.5311392405065,
                    395.61287147386764
                ],
                [
                    2291.5795443037973,
                    665.0933778029816
                ],
                [
                    2330.7767088607593,
                    1074.2137828662728
                ],
                [
                    2335.67635443038,
                    1136.9292461574123
                ],
                [
                    2314.4566631696202,
                    1225.5628545827285
                ],
                [
                    2278.840465822785,
                    1287.8383297017165
                ],
                [
                    2241.6031594936712,
                    1338.7946436257669
                ],
                [
                    2212.2052860759495,
                    1505.3825929928557
                ],
                [
                    2186.7271291139236,
                    1766.0437372966533
                ],
                [
                    2178.887696202531,
                    1895.394380334628
                ],
                [
                    2202.405994936709,
                    1932.6316866637421
                ],
                [
                    2182.8074126582273,
                    2001.2267246384256
                ],
                [
                    2184.7672708860755,
                    2032.5844562839952
                ],
                [
                    2190.64684556962,
                    2061.9823297017165
                ],
                [
                    2165.1686886075945,
                    2105.099210714375
                ],
                [
                    2116.1722329113923,
                    2128.6175094485525
                ],
                [
                    2026.0187544303794,
                    2134.4970841320965
                ],
                [
                    1961.343432911392,
                    2118.8182183093118
                ],
                [
                    1924.106126582278,
                    2087.460486663742
                ],
                [
                    1916.2666936708858,
                    2050.223180334628
                ],
                [
                    1926.0659848101263,
                    2020.8253069169066
                ],
                [
                    1914.3068354430372,
                    1971.828851220704
                ],
                [
                    1902.547686075949,
                    1942.4309778029824
                ],
                [
                    1916.2666936708858,
                    1899.3140967903241
                ],
                [
                    1896.6681113924049,
                    1687.6494081827293
                ],
                [
                    1861.3906632911387,
                    1417.188972739691
                ],
                [
                    1851.591372151898,
                    1376.031949954881
                ],
                [
                    1810.434349367088,
                    1301.5573372966533
                ],
                [
                    1757.518177215189,
                    1244.7214486890582
                ],
                [
                    1739.8794531645565,
                    1140.8489626131088
                ],
                [
                    1761.4378936708854,
                    811.5927803346276
                ],
                [
                    1788.8759088607587,
                    472.53730691690595
                ],
                [
                    1792.795625316455,
                    325.54793982829835
                ],
                [
                    1826.1132151898728,
                    245.19375248652622
                ],
                [
                    1896.6681113924044,
                    184.43814742323502
                ],
                [
                    2012.691718481012,
                    155.04027400551342
                ],
                [
                    2097.35759392405,
                    164.44759349918436
                ],
                [
                    2191.430788860759,
                    216.18785071437426
                ],
                [
                    2240.8192162025307,
                    284.3909170434882
                ]
            ]
        }
    ]
}