{
    "IMAGE_INFO": {
        "FILE_NAME": "268764@5_07002_220825_P1_T1.jpg",
        "DATE": "2022-08-25 18:09:35",
        "RESOLUTION": "4032 x 3024",
        "IMAGE_PHOTOGRAPHER": "김태진",
        "FOCUS_DISTANCE": "5.7",
        "EXPOSURE_TIME": "0.00826",
        "SENSITIVITY_ISO": null,
        "PLACE": "주택가분리수거장",
        "REGION_NAME": null,
        "Direction": "5",
        "HEIGHT": null,
        "DAY/NIGHT": "주간",
        "WEATHER": "비",
        "IMAGE_HEIGHT": 2268,
        "IMAGE_WIDTH": 4032,
        "IMAGE_SIZE": "3.4 MB"
    },
    "ANNOTATION_INFO": [
        {
            "ID": "1",
            "CLASS": "유리병",
            "DETAILS": "녹색",
            "DAMAGE": "원형",
            "DIRTINESS": "이물질(외부)",
            "COVER": "없음",
            "TRANSPARENCY": "불투명",
            "SHAPE": "유리병형",
            "SHAPE_TYPE": "BOX",
            "POINTS": [
                [
                    742.8163487738419,
                    630.7392200272478,
                    2390.3607629427797,
                    807.0866485013622
                ]
            ]
        }
    ]
}