{
    "IMAGE_INFO": {
        "FILE_NAME": "278693@1_07002_220824_P1_T1.jpg",
        "DATE": "2022-08-24 10:20:49",
        "RESOLUTION": "4624 x 2600",
        "IMAGE_PHOTOGRAPHER": "정영길",
        "FOCUS_DISTANCE": "4.7",
        "EXPOSURE_TIME": "0.00800",
        "SENSITIVITY_ISO": null,
        "PLACE": "주택가분리수거장",
        "REGION_NAME": null,
        "Direction": "1",
        "HEIGHT": null,
        "DAY/NIGHT": "주간",
        "WEATHER": "맑음",
        "IMAGE_HEIGHT": 2600,
        "IMAGE_WIDTH": 4624,
        "IMAGE_SIZE": "6.8 MB"
    },
    "ANNOTATION_INFO": [
        {
            "ID": "1",
            "CLASS": "유리병",
            "DETAILS": "녹색",
            "DAMAGE": "원형",
            "DIRTINESS": "이물질(외부)",
            "COVER": "없음",
            "TRANSPARENCY": "불투명",
            "SHAPE": "유리병형",
            "SHAPE_TYPE": "POLYGON",
            "POINTS": [
                [
                    1566.8047435179537,
                    1268.024268099516
                ],
                [
                    1575.3287582761632,
                    1250.9762385830973
                ],
                [
                    1592.3767877925814,
                    1235.4780299318077
                ],
                [
                    1636.9341376650386,
                    1231.216022552703
                ],
                [
                    1679.9708595744676,
                    1228.7213503546097
                ],
                [
                    1708.1117723597165,
                    1227.4969163710641
                ],
                [
                    1722.267143262411,
                    1233.5552113475178
                ],
                [
                    1727.5986582750822,
                    1242.0647686086058
                ],
                [
                    1790.2796750615603,
                    1242.3465373412769
                ],
                [
                    1855.1983205673755,
                    1237.1806070921984
                ],
                [
                    2069.4525493015603,
                    1185.4229902887944
                ],
                [
                    2244.324130496454,
                    1138.0864567375886
                ],
                [
                    2326.499767375886,
                    1118.7510127659573
                ],
                [
                    2408.6754042553193,
                    1105.4578950354608
                ],
                [
                    2484.8087148936165,
                    1099.4155687943262
                ],
                [
                    2569.4012822695036,
                    1093.3732425531914
                ],
                [
                    2741.0033475177306,
                    1099.4155687943262
                ],
                [
                    2869.100663829787,
                    1110.2917560283686
                ],
                [
                    3029.826541843972,
                    1144.1287829787234
                ],
                [
                    3062.4551035460995,
                    1151.3795744680851
                ],
                [
                    3081.7905475177313,
                    1162.2557617021278
                ],
                [
                    3093.8752,
                    1180.382740425532
                ],
                [
                    3105.9598524822695,
                    1206.9689758865247
                ],
                [
                    3116.8360397163124,
                    1371.32024964539
                ],
                [
                    3105.9598524822695,
                    1528.4207319148938
                ],
                [
                    3092.6667347517737,
                    1591.2609248226952
                ],
                [
                    3074.5397560283686,
                    1615.430229787234
                ],
                [
                    3050.37045106383,
                    1621.472556028369
                ],
                [
                    3015.3249588652484,
                    1631.1402780141846
                ],
                [
                    2895.6868992907803,
                    1643.2249304964541
                ],
                [
                    2779.6742354609933,
                    1651.6841872340428
                ],
                [
                    2595.9875177304966,
                    1650.4757219858159
                ],
                [
                    2414.717730496454,
                    1632.3487432624115
                ],
                [
                    2198.4024510638296,
                    1575.5508765957447
                ],
                [
                    2077.555926241135,
                    1532.0461276595745
                ],
                [
                    2001.4226156028367,
                    1505.4598921985817
                ],
                [
                    1950.6670751773047,
                    1486.1244482269506
                ],
                [
                    1899.9115347517727,
                    1467.9974695035462
                ],
                [
                    1810.4851063829783,
                    1448.6620255319149
                ],
                [
                    1729.5179347517726,
                    1438.9943035460994
                ],
                [
                    1718.6417475177302,
                    1448.6620255319149
                ],
                [
                    1707.7655602836876,
                    1453.4958865248225
                ],
                [
                    1695.680907801418,
                    1455.9128170212766
                ],
                [
                    1675.13699858156,
                    1452.2874212765958
                ],
                [
                    1659.1586106462414,
                    1452.890908051064
                ],
                [
                    1646.296250353475,
                    1449.563057220993
                ],
                [
                    1631.9343055341847,
                    1452.39592068539
                ],
                [
                    1619.566932607092,
                    1449.563057220993
                ],
                [
                    1613.9983247432622,
                    1442.880727784397
                ],
                [
                    1593.9513364334746,
                    1445.108170929929
                ],
                [
                    1579.4729559875175,
                    1435.0846767750356
                ],
                [
                    1563.8808539687939,
                    1419.4925747563118
                ],
                [
                    1556.2012385860994,
                    1382.1077147597161
                ],
                [
                    1554.2212891234042,
                    1340.0337886774464
                ],
                [
                    1559.4259676777301,
                    1293.6420370337587
                ]
            ]
        }
    ]
}