{
    "IMAGE_INFO": {
        "FILE_NAME": "278680@4_07002_220824_P1_T1.jpg",
        "DATE": "2022-08-24 10:24:47",
        "RESOLUTION": "4624 x 2600",
        "IMAGE_PHOTOGRAPHER": "정영길",
        "FOCUS_DISTANCE": "4.7",
        "EXPOSURE_TIME": "0.00800",
        "SENSITIVITY_ISO": null,
        "PLACE": "주택가분리수거장",
        "REGION_NAME": null,
        "Direction": "4",
        "HEIGHT": null,
        "DAY/NIGHT": "주간",
        "WEATHER": "맑음",
        "IMAGE_HEIGHT": 2600,
        "IMAGE_WIDTH": 4624,
        "IMAGE_SIZE": "4.8 MB"
    },
    "ANNOTATION_INFO": [
        {
            "ID": "1",
            "CLASS": "유리병",
            "DETAILS": "녹색",
            "DAMAGE": "원형",
            "DIRTINESS": "이물질(외부)",
            "COVER": "없음",
            "TRANSPARENCY": "불투명",
            "SHAPE": "유리병형",
            "SHAPE_TYPE": "POLYGON",
            "POINTS": [
                [
                    2518.9589873417726,
                    571.0839495051257
                ],
                [
                    2559.4005063291143,
                    858.6680845262229
                ],
                [
                    2606.5822784810125,
                    1186.6937385346619
                ],
                [
                    2611.075780590717,
                    1359.6935697582908
                ],
                [
                    2584.114767932489,
                    1481.0181267203159
                ],
                [
                    2550.4135021097045,
                    1582.1219241886704
                ],
                [
                    2505.478481012658,
                    1671.9919663827632
                ],
                [
                    2496.4914767932487,
                    1871.9528102646198
                ],
                [
                    2491.997974683544,
                    1923.6280845262236
                ],
                [
                    2525.8370010686676,
                    1957.4070738333046
                ],
                [
                    2531.5728606253297,
                    2049.1808267399038
                ],
                [
                    2552.660253164556,
                    2085.39416047559
                ],
                [
                    2559.4005063291133,
                    2249.4069874798097
                ],
                [
                    2522.969071290337,
                    2314.464331235537
                ],
                [
                    2414.080648101265,
                    2356.9814279861394
                ],
                [
                    2334.995010970463,
                    2369.9227140620887
                ],
                [
                    2242.9680877637124,
                    2356.9814279861394
                ],
                [
                    2172.5099746835435,
                    2333.9746971844515
                ],
                [
                    2129.372354430379,
                    2293.712918281498
                ],
                [
                    2120.744830379746,
                    2254.8890600536497
                ],
                [
                    2113.5552270042185,
                    2116.848675243523
                ],
                [
                    2127.934433755274,
                    2076.586896340569
                ],
                [
                    2130.810275105485,
                    1981.6841317836074
                ],
                [
                    2152.379085232067,
                    1935.6706701802325
                ],
                [
                    2113.555227004219,
                    1717.106727564198
                ],
                [
                    2084.796813502109,
                    1643.7727731338182
                ],
                [
                    2034.4695898734171,
                    1576.1905014038607
                ],
                [
                    1991.3319696202527,
                    1410.8296237667296
                ],
                [
                    1966.8873181434594,
                    1228.213698028333
                ],
                [
                    1981.2665248945145,
                    947.819166382763
                ],
                [
                    1994.2078109704637,
                    647.2937452857167
                ],
                [
                    1998.52157299578,
                    573.959790855337
                ],
                [
                    2037.3454312236283,
                    504.93959845027365
                ],
                [
                    2106.3656236286915,
                    445.9848507709487
                ],
                [
                    2212.7717535864977,
                    407.16099254310063
                ],
                [
                    2323.49164556962,
                    407.16099254310063
                ],
                [
                    2405.453124050633,
                    440.23316807052674
                ],
                [
                    2470.1595544303796,
                    487.68455034900774
                ],
                [
                    2500.355888607595,
                    530.8221706021724
                ]
            ]
        }
    ]
}