{
    "IMAGE_INFO": {
        "FILE_NAME": "278689@5_07002_220824_P1_T1.jpg",
        "DATE": "2022-08-24 08:23:54",
        "RESOLUTION": "4624 x 2600",
        "IMAGE_PHOTOGRAPHER": "정영길",
        "FOCUS_DISTANCE": "4.7",
        "EXPOSURE_TIME": "0.00600",
        "SENSITIVITY_ISO": null,
        "PLACE": "주택가분리수거장",
        "REGION_NAME": null,
        "Direction": "5",
        "HEIGHT": null,
        "DAY/NIGHT": "주간",
        "WEATHER": "맑음",
        "IMAGE_HEIGHT": 2600,
        "IMAGE_WIDTH": 4624,
        "IMAGE_SIZE": "5.7 MB"
    },
    "ANNOTATION_INFO": [
        {
            "ID": "1",
            "CLASS": "유리병",
            "DETAILS": "녹색",
            "DAMAGE": "원형",
            "DIRTINESS": "이물질(외부)",
            "COVER": "없음",
            "TRANSPARENCY": "불투명",
            "SHAPE": "유리병형",
            "SHAPE_TYPE": "BOX",
            "POINTS": [
                [
                    623.2624113475177,
                    872.6595744680852,
                    3691.6312056737597,
                    921.9858156028369
                ]
            ]
        }
    ]
}