{
    "IMAGE_INFO": {
        "FILE_NAME": "278696@1_07002_220824_P1_T1.jpg",
        "DATE": "2022-08-24 10:21:14",
        "RESOLUTION": "4624 x 2600",
        "IMAGE_PHOTOGRAPHER": "정영길",
        "FOCUS_DISTANCE": "4.7",
        "EXPOSURE_TIME": "0.00800",
        "SENSITIVITY_ISO": null,
        "PLACE": "주택가분리수거장",
        "REGION_NAME": null,
        "Direction": "1",
        "HEIGHT": null,
        "DAY/NIGHT": "주간",
        "WEATHER": "맑음",
        "IMAGE_HEIGHT": 2600,
        "IMAGE_WIDTH": 4624,
        "IMAGE_SIZE": "6.2 MB"
    },
    "ANNOTATION_INFO": [
        {
            "ID": "1",
            "CLASS": "유리병",
            "DETAILS": "녹색",
            "DAMAGE": "원형",
            "DIRTINESS": "이물질(외부)",
            "COVER": "없음",
            "TRANSPARENCY": "불투명",
            "SHAPE": "유리병형",
            "SHAPE_TYPE": "BOX",
            "POINTS": [
                [
                    1666.1752980153287,
                    964.2371204980035,
                    1411.5132581693142,
                    475.92384202148617
                ]
            ]
        }
    ]
}