{
    "IMAGE_INFO": {
        "FILE_NAME": "278701@5_07002_220824_P1_T1.jpg",
        "DATE": "2022-08-24 10:19:08",
        "RESOLUTION": "4624 x 2600",
        "IMAGE_PHOTOGRAPHER": "정영길",
        "FOCUS_DISTANCE": "4.7",
        "EXPOSURE_TIME": "0.00800",
        "SENSITIVITY_ISO": null,
        "PLACE": "주택가분리수거장",
        "REGION_NAME": null,
        "Direction": "5",
        "HEIGHT": null,
        "DAY/NIGHT": "주간",
        "WEATHER": "맑음",
        "IMAGE_HEIGHT": 2600,
        "IMAGE_WIDTH": 4624,
        "IMAGE_SIZE": "5.0 MB"
    },
    "ANNOTATION_INFO": [
        {
            "ID": "1",
            "CLASS": "유리병",
            "DETAILS": "녹색",
            "DAMAGE": "원형",
            "DIRTINESS": "이물질(외부)",
            "COVER": "없음",
            "TRANSPARENCY": "불투명",
            "SHAPE": "유리병형",
            "SHAPE_TYPE": "BOX",
            "POINTS": [
                [
                    417.58729078014187,
                    813.6524822695035,
                    3569.079375886525,
                    1055.0468085106384
                ]
            ]
        }
    ]
}