{
    "IMAGE_INFO": {
        "FILE_NAME": "280293@2_07002_220824_P1_T1.jpg",
        "DATE": "2022-08-24 09:00:00",
        "RESOLUTION": "4032 x 2268",
        "IMAGE_PHOTOGRAPHER": "박하림",
        "FOCUS_DISTANCE": "4.2",
        "EXPOSURE_TIME": "0.00417",
        "SENSITIVITY_ISO": null,
        "PLACE": "주택가분리수거장",
        "REGION_NAME": null,
        "Direction": "2",
        "HEIGHT": null,
        "DAY/NIGHT": "주간",
        "WEATHER": "맑음",
        "IMAGE_HEIGHT": 2268,
        "IMAGE_WIDTH": 4032,
        "IMAGE_SIZE": "4.7 MB"
    },
    "ANNOTATION_INFO": [
        {
            "ID": "1",
            "CLASS": "유리병",
            "DETAILS": "녹색",
            "DAMAGE": "원형",
            "DIRTINESS": "이물질(외부)",
            "COVER": "없음",
            "TRANSPARENCY": "불투명",
            "SHAPE": "유리병형",
            "SHAPE_TYPE": "POLYGON",
            "POINTS": [
                [
                    1822.8617491443035,
                    135.1995267447537
                ],
                [
                    1848.9513818734176,
                    136.20297415741194
                ],
                [
                    1875.0410146025313,
                    140.21676380804487
                ],
                [
                    1900.1271999189873,
                    151.2546853472854
                ],
                [
                    1926.2168326481012,
                    167.30984394981706
                ],
                [
                    1945.2823334886073,
                    191.3925818536145
                ],
                [
                    1955.3168076151896,
                    212.46497751943733
                ],
                [
                    1959.3305972658227,
                    272.671822278931
                ],
                [
                    1964.3478343291138,
                    303.7786920713361
                ],
                [
                    1964.3478343291138,
                    313.8131661979184
                ],
                [
                    1964.3478343291138,
                    323.8476403245007
                ],
                [
                    1970.368518805063,
                    339.90279892703234
                ],
                [
                    1971.3719662177214,
                    355.9579575295639
                ],
                [
                    1971.3719662177214,
                    378.033800608045
                ],
                [
                    1971.3719662177214,
                    394.08895921057666
                ],
                [
                    1966.35472915443,
                    400.109643686526
                ],
                [
                    1971.3719662177214,
                    417.1682497017159
                ],
                [
                    1983.4133351696203,
                    444.26132984348806
                ],
                [
                    1995.4547041215187,
                    472.35785739791845
                ],
                [
                    2003.4822834227846,
                    516.5095435548805
                ],
                [
                    2007.4960730734178,
                    551.6302029979184
                ],
                [
                    2015.3905748898237,
                    556.5241152143692
                ],
                [
                    2033.7178880620227,
                    561.760490406426
                ],
                [
                    2053.3542950322358,
                    570.9241469925255
                ],
                [
                    2062.5179516183352,
                    582.0514442756463
                ],
                [
                    2082.8089054875554,
                    597.1060229528097
                ],
                [
                    2110.954422144861,
                    613.4696954279873
                ],
                [
                    2130.590829115074,
                    632.4515554991933
                ],
                [
                    2154.809064378337,
                    664.5243535505413
                ],
                [
                    2165.936361661458,
                    682.1971198237333
                ],
                [
                    2173.790924449543,
                    700.524432995932
                ],
                [
                    2179.681846540607,
                    728.0154027542305
                ],
                [
                    2185.2716216993417,
                    746.4345946240976
                ],
                [
                    2186.0875544623054,
                    763.5691826463215
                ],
                [
                    2192.6150165660097,
                    780.7037706685453
                ],
                [
                    2195.8787476178613,
                    795.3905604018801
                ],
                [
                    2195.8787476178613,
                    810.0773501352148
                ],
                [
                    2195.062814854899,
                    832.9234674981799
                ],
                [
                    2195.062814854899,
                    844.3465261796624
                ],
                [
                    2229.2832447496708,
                    1075.4634880515393
                ],
                [
                    2274.5496658578986,
                    1381.2113376740367
                ],
                [
                    2297.1946011992586,
                    1536.5087361184865
                ],
                [
                    2318.056146953486,
                    1662.5765715004807
                ],
                [
                    2330.5978850972247,
                    1677.398625670354
                ],
                [
                    2341.9994652278965,
                    1701.3419439447644
                ],
                [
                    2351.1207293324337,
                    1729.8458942714435
                ],
                [
                    2359.1018354239036,
                    1777.7325308202644
                ],
                [
                    2360.241993436971,
                    1825.6191673690855
                ],
                [
                    2359.1018354239036,
                    1870.085329878705
                ],
                [
                    2347.700255293232,
                    1906.5703862968542
                ],
                [
                    2323.7569370188216,
                    1944.1956007280708
                ],
                [
                    2323.7569370188216,
                    1944.1956007280708
                ],
                [
                    2318.1630173307376,
                    1960.3781649526384
                ],
                [
                    2295.4225896125095,
                    1977.4334857413094
                ],
                [
                    2268.8920906079097,
                    2000.1739134595377
                ],
                [
                    2225.306270814639,
                    2017.229234248209
                ],
                [
                    2178.8778975565897,
                    2037.1271085016585
                ],
                [
                    2093.6012936132333,
                    2054.1824292903298
                ],
                [
                    2062.3332055006695,
                    2059.867536219887
                ],
                [
                    2060.8328291197286,
                    2051.1704773549845
                ],
                [
                    2057.244221524792,
                    2043.5147811524525
                ],
                [
                    2054.851816461501,
                    2035.859084949921
                ],
                [
                    2049.8277658285897,
                    2031.313515329668
                ],
                [
                    2041.2151076007415,
                    2031.791996342326
                ],
                [
                    2038.8227025374504,
                    2034.4236419119463
                ],
                [
                    2032.6024493728937,
                    2035.3806039372628
                ],
                [
                    2029.2530822842862,
                    2032.9881988739717
                ],
                [
                    2022.0758670944124,
                    2032.9881988739717
                ],
                [
                    2012.7454873475772,
                    2036.337565962579
                ],
                [
                    2005.5682721577039,
                    2041.8400976081489
                ],
                [
                    1997.9125759551719,
                    2049.2565533043517
                ],
                [
                    1996.2378924108682,
                    2057.390730519541
                ],
                [
                    1995.9986519045392,
                    2062.4147811524526
                ],
                [
                    1992.8885253222604,
                    2065.0464267220727
                ],
                [
                    1985.4720696260579,
                    2065.7641482410604
                ],
                [
                    1981.1657405121339,
                    2066.721110266377
                ],
                [
                    1970.1606772209948,
                    2066.9603507727056
                ],
                [
                    1967.0505506387165,
                    2067.917312798022
                ],
                [
                    1953.892322790615,
                    2073.419844443592
                ],
                [
                    1951.0214367146655,
                    2074.137565962579
                ],
                [
                    1938.5809303855517,
                    2071.9844014056175
                ],
                [
                    1925.9640354489302,
                    2072.462520775436
                ],
                [
                    1900.6829405070398,
                    2075.2715313245353
                ],
                [
                    1889.0957719920068,
                    2074.920405005898
                ],
                [
                    1872.5928350160505,
                    2072.462520775436
                ],
                [
                    1861.3567928196546,
                    2070.706889182249
                ],
                [
                    1848.3651190300723,
                    2070.3557628636117
                ],
                [
                    1837.1290768336762,
                    2071.0580155008865
                ],
                [
                    1825.1907820000058,
                    2071.409141819524
                ],
                [
                    1817.114876671346,
                    2068.9512575890626
                ],
                [
                    1809.038971342687,
                    2068.249004951788
                ],
                [
                    1804.8254555190385,
                    2068.249004951788
                ],
                [
                    1798.8267543668653,
                    2067.3473338082476
                ],
                [
                    1790.780402773544,
                    2066.1422470399634
                ],
                [
                    1763.9289797057743,
                    2063.9713053243267
                ],
                [
                    1737.3568710661382,
                    2056.724366604426
                ],
                [
                    1725.278639866304,
                    2051.8930741244926
                ],
                [
                    1693.0700233334119,
                    2042.2304891646247
                ],
                [
                    1664.887483867131,
                    2024.515750071534
                ],
                [
                    1640.7310214674621,
                    2003.5801493251543
                ],
                [
                    1620.6006361344048,
                    1972.1767482055845
                ],
                [
                    1605.7561750874522,
                    1952.7392079987217
                ],
                [
                    1592.625161813258,
                    1916.6289214946878
                ],
                [
                    1586.0596551761614,
                    1886.4275909640417
                ],
                [
                    1580.8072498664835,
                    1844.4083484866205
                ],
                [
                    1581.463800530193,
                    1827.3380312301686
                ],
                [
                    1582.307191964783,
                    1805.3851457831472
                ],
                [
                    1584.3628725501785,
                    1779.8947065242444
                ],
                [
                    1586.8296892526528,
                    1759.3379006702905
                ],
                [
                    1595.4635477113138,
                    1740.425639284653
                ],
                [
                    1603.2751339358163,
                    1729.3249641235175
                ],
                [
                    1588.891369885038,
                    1321.4678258226156
                ],
                [
                    1569.6900556578178,
                    877.9148490414734
                ],
                [
                    1561.2279113907857,
                    850.4128801736192
                ],
                [
                    1565.4589835243016,
                    774.253581770331
                ],
                [
                    1577.0706925976283,
                    741.9881049082801
                ],
                [
                    1584.4187050949647,
                    708.6394328049851
                ],
                [
                    1602.506120473023,
                    682.0735414684618
                ],
                [
                    1616.0716820065668,
                    658.8990405153245
                ],
                [
                    1623.6291953304433,
                    651.8525066173004
                ],
                [
                    1626.7262721110214,
                    643.4461553557315
                ],
                [
                    1638.2297001531683,
                    632.385166853667
                ],
                [
                    1659.024358537049,
                    615.5724643305292
                ],
                [
                    1676.2795006002698,
                    603.184157208217
                ],
                [
                    1699.1067961159538,
                    587.7720133675704
                ],
                [
                    1700.1457651053613,
                    582.9234914170022
                ],
                [
                    1705.6869330488678,
                    581.1918764346564
                ],
                [
                    1704.301641062991,
                    495.6500963067761
                ],
                [
                    1716.3358678593884,
                    446.11198963903496
                ],
                [
                    1720.9245804923078,
                    421.7565148950778
                ],
                [
                    1709.6292878574288,
                    402.69570857372
                ],
                [
                    1707.5114204883894,
                    391.4004159388414
                ],
                [
                    1698.841892788696,
                    233.3671614684659
                ],
                [
                    1711.275221643637,
                    197.93217423188315
                ],
                [
                    1728.681882040555,
                    178.03884806397707
                ],
                [
                    1752.3052068649436,
                    156.90218901057685
                ],
                [
                    1770.3335337046083,
                    148.19885881211792
                ]
            ]
        }
    ]
}