{
    "IMAGE_INFO": {
        "FILE_NAME": "280290@4_07002_220824_P1_T1.jpg",
        "DATE": "2022-08-24 08:56:40",
        "RESOLUTION": "4032 x 2268",
        "IMAGE_PHOTOGRAPHER": "박하림",
        "FOCUS_DISTANCE": "4.2",
        "EXPOSURE_TIME": "0.00633",
        "SENSITIVITY_ISO": null,
        "PLACE": "주택가분리수거장",
        "REGION_NAME": null,
        "Direction": "4",
        "HEIGHT": null,
        "DAY/NIGHT": "주간",
        "WEATHER": "맑음",
        "IMAGE_HEIGHT": 2268,
        "IMAGE_WIDTH": 4032,
        "IMAGE_SIZE": "4.3 MB"
    },
    "ANNOTATION_INFO": [
        {
            "ID": "1",
            "CLASS": "유리병",
            "DETAILS": "녹색",
            "DAMAGE": "원형",
            "DIRTINESS": "이물질(외부)",
            "COVER": "없음",
            "TRANSPARENCY": "불투명",
            "SHAPE": "유리병형",
            "SHAPE_TYPE": "POLYGON",
            "POINTS": [
                [
                    627.6369417721519,
                    1394.6888816004498
                ],
                [
                    623.7172253164557,
                    1253.579089195387
                ],
                [
                    625.6770835443039,
                    1120.308729701716
                ],
                [
                    627.6369417721519,
                    955.6806385624752
                ],
                [
                    637.4362329113923,
                    820.4504208409563
                ],
                [
                    651.1552405063292,
                    696.9793524865257
                ],
                [
                    674.6735392405063,
                    638.1836056510828
                ],
                [
                    715.8305620253165,
                    606.8258740055131
                ],
                [
                    774.6263088607595,
                    593.1068664105765
                ],
                [
                    988.6770701613359,
                    576.3748373409632
                ],
                [
                    1163.5638197397966,
                    567.1702715736757
                ],
                [
                    1398.2802468056252,
                    564.8691301318538
                ],
                [
                    1651.4058054060288,
                    578.675978782785
                ],
                [
                    1842.400545077242,
                    599.3862517591816
                ],
                [
                    2005.781587446593,
                    626.9999490610438
                ],
                [
                    2207.8179665150533,
                    682.9682823277595
                ],
                [
                    2508.9319761315655,
                    787.461761307256
                ],
                [
                    2659.4490880302997,
                    853.3129977629521
                ],
                [
                    2825.645065751819,
                    912.8926878895345
                ],
                [
                    2957.3475386632113,
                    959.929285357889
                ],
                [
                    3107.8646505619454,
                    981.8796975097878
                ],
                [
                    3139.222382207515,
                    956.7935121933319
                ],
                [
                    3292.394528746452,
                    973.9237304482385
                ],
                [
                    3362.635847632527,
                    1019.0788640178589
                ],
                [
                    3397.173849113924,
                    1098.9983337523488
                ],
                [
                    3408.1490551898733,
                    1155.442250714374
                ],
                [
                    3387.766529620253,
                    1230.7008066637409
                ],
                [
                    3337.99286764557,
                    1300.5424982080447
                ],
                [
                    3299.109280405063,
                    1325.6286835245005
                ],
                [
                    3179.5066948224007,
                    1342.6906546001376
                ],
                [
                    3112.2171997974688,
                    1338.1717761827285
                ],
                [
                    3083.3680866835443,
                    1323.1200649928549
                ],
                [
                    3054.627440195538,
                    1322.3396981603105
                ],
                [
                    2991.9119769043987,
                    1327.3569352236016
                ],
                [
                    2904.110328296804,
                    1347.4258834767659
                ],
                [
                    2813.800061157563,
                    1372.5120687932217
                ],
                [
                    2700.9122272335126,
                    1410.1413467679054
                ],
                [
                    2525.3089300183224,
                    1470.348191527399
                ],
                [
                    2340.2638423230974,
                    1537.3348455598293
                ],
                [
                    2229.3076807743514,
                    1571.9185842243733
                ],
                [
                    2118.9127278917404,
                    1603.3049737046144
                ],
                [
                    1968.395615993006,
                    1635.9170146160068
                ],
                [
                    1725.0596184233855,
                    1653.4773443375257
                ],
                [
                    1496.7753320436389,
                    1668.5290555273991
                ],
                [
                    1238.387623284145,
                    1673.5462925906904
                ],
                [
                    920.691166874798,
                    1641.4893805459312
                ],
                [
                    710.8270673806452,
                    1619.3984227044416
                ],
                [
                    648.2360201630911,
                    1575.2165070214623
                ],
                [
                    629.8268886285163,
                    1512.625459803908
                ]
            ]
        }
    ]
}