{
    "IMAGE_INFO": {
        "FILE_NAME": "280357@1_07002_220824_P1_T1.jpg",
        "DATE": "2022-08-24 08:56:50",
        "RESOLUTION": "4032 x 2268",
        "IMAGE_PHOTOGRAPHER": "박하림",
        "FOCUS_DISTANCE": "4.2",
        "EXPOSURE_TIME": "0.00833",
        "SENSITIVITY_ISO": null,
        "PLACE": "주택가분리수거장",
        "REGION_NAME": null,
        "Direction": "1",
        "HEIGHT": null,
        "DAY/NIGHT": "주간",
        "WEATHER": "맑음",
        "IMAGE_HEIGHT": 2268,
        "IMAGE_WIDTH": 4032,
        "IMAGE_SIZE": "5.8 MB"
    },
    "ANNOTATION_INFO": [
        {
            "ID": "1",
            "CLASS": "유리병",
            "DETAILS": "녹색",
            "DAMAGE": "원형",
            "DIRTINESS": "이물질(외부)",
            "COVER": "없음",
            "TRANSPARENCY": "불투명",
            "SHAPE": "유리병형",
            "SHAPE_TYPE": "POLYGON",
            "POINTS": [
                [
                    1763.46692703605,
                    1017.7241635496166
                ],
                [
                    1755.285523384299,
                    956.8153937077238
                ],
                [
                    1752.576945903797,
                    930.085723046526
                ],
                [
                    1753.3797038339237,
                    906.0029851427286
                ],
                [
                    1761.4072831351893,
                    875.4981837979185
                ],
                [
                    1775.0541679473413,
                    855.4292355447539
                ],
                [
                    1798.3341479210121,
                    831.3464976409564
                ],
                [
                    1821.6141278946832,
                    816.896854898678
                ],
                [
                    1851.4332238420252,
                    806.8700609665258
                ],
                [
                    1884.2292464445563,
                    803.2499700865259
                ],
                [
                    1906.7064684881007,
                    807.2637597371589
                ],
                [
                    1928.3809326015185,
                    812.8830652480449
                ],
                [
                    1952.463670505316,
                    826.5299500601969
                ],
                [
                    1973.335376688607,
                    844.9933824531082
                ],
                [
                    1983.7712297802527,
                    865.0623307062729
                ],
                [
                    1992.6015670116449,
                    885.9340368895639
                ],
                [
                    1999.8263883827842,
                    917.2415961645007
                ],
                [
                    2004.642935963544,
                    937.3105444176653
                ],
                [
                    2010.6827365046763,
                    963.9232279323506
                ],
                [
                    2025.4791706727694,
                    1049.9275015343921
                ],
                [
                    2053.2224847379443,
                    1174.7724148276782
                ],
                [
                    2066.39184190238,
                    1259.9684576086559
                ],
                [
                    2070.5499000148634,
                    1288.381854710628
                ],
                [
                    2069.8568903294495,
                    1323.0323389813257
                ],
                [
                    2065.698832216966,
                    1342.4366101729165
                ],
                [
                    2043.5225222837191,
                    1381.245152556098
                ],
                [
                    2029.66232857544,
                    1399.2634043768608
                ],
                [
                    2012.3370864400913,
                    1413.816607770554
                ],
                [
                    2017.8811639234027,
                    1486.5826247390191
                ],
                [
                    2028.4333622083452,
                    1500.489778715184
                ],
                [
                    2032.447151858978,
                    1524.5725166189814
                ],
                [
                    2032.447151858978,
                    1524.5725166189814
                ],
                [
                    2043.771054823443,
                    1602.9400207591614
                ],
                [
                    2049.3759569329814,
                    1631.9836044176793
                ],
                [
                    2045.8092010450932,
                    1648.2887741908824
                ],
                [
                    2027.4658850502396,
                    1666.1225536303232
                ],
                [
                    2002.4985938350223,
                    1677.3323578494005
                ],
                [
                    1978.2080308574625,
                    1680.1348089041696
                ],
                [
                    1950.0163286275251,
                    1676.8228212939878
                ],
                [
                    1930.1444029664337,
                    1667.6511632965612
                ],
                [
                    1920.4632084135944,
                    1656.4413590774836
                ],
                [
                    1915.877379414881,
                    1642.1743355259312
                ],
                [
                    1913.8392331932307,
                    1613.1307518674132
                ],
                [
                    1905.1771117512167,
                    1544.343316886713
                ],
                [
                    1899.0626730862655,
                    1526.0000008918594
                ],
                [
                    1897.0245268646152,
                    1509.1852945632436
                ],
                [
                    1906.1961848620417,
                    1491.351515123803
                ],
                [
                    1896.2375785335107,
                    1458.9242321270563
                ],
                [
                    1889.9576192615095,
                    1430.2484598291078
                ],
                [
                    1874.2394295241563,
                    1425.1870182512134
                ],
                [
                    1863.8679865323957,
                    1420.2139857025256
                ],
                [
                    1845.1603644314919,
                    1409.864053079077
                ],
                [
                    1835.882515692477,
                    1400.9895890678456
                ],
                [
                    1824.184358586763,
                    1386.467738867649
                ],
                [
                    1806.8388152920834,
                    1358.6341926506054
                ],
                [
                    1799.9812749197683,
                    1344.1123424504087
                ],
                [
                    1792.645921175527,
                    1317.0588807475085
                ],
                [
                    1789.6146968115265,
                    1300.3871467455049
                ],
                [
                    1785.5908442250995,
                    1256.274271067273
                ]
            ]
        }
    ]
}