{
    "IMAGE_INFO": {
        "FILE_NAME": "280335@5_07002_220824_P1_T1.jpg",
        "DATE": "2022-08-24 08:57:32",
        "RESOLUTION": "4032 x 2268",
        "IMAGE_PHOTOGRAPHER": "박하림",
        "FOCUS_DISTANCE": "4.2",
        "EXPOSURE_TIME": "0.01000",
        "SENSITIVITY_ISO": null,
        "PLACE": "주택가분리수거장",
        "REGION_NAME": null,
        "Direction": "5",
        "HEIGHT": null,
        "DAY/NIGHT": "주간",
        "WEATHER": "맑음",
        "IMAGE_HEIGHT": 2268,
        "IMAGE_WIDTH": 4032,
        "IMAGE_SIZE": "3.1 MB"
    },
    "ANNOTATION_INFO": [
        {
            "ID": "1",
            "CLASS": "유리병",
            "DETAILS": "녹색",
            "DAMAGE": "원형",
            "DIRTINESS": "이물질(외부)",
            "COVER": "없음",
            "TRANSPARENCY": "불투명",
            "SHAPE": "유리병형",
            "SHAPE_TYPE": "POLYGON",
            "POINTS": [
                [
                    1816.6930341265818,
                    229.53081051184242
                ],
                [
                    1849.3050750379741,
                    224.51357344855123
                ],
                [
                    1907.0033012658223,
                    234.5480475751335
                ],
                [
                    1945.8868885063291,
                    245.8368309675386
                ],
                [
                    1994.8049498734176,
                    265.90577922070315
                ],
                [
                    2042.4687019746832,
                    298.5178201320956
                ],
                [
                    2075.0807428860758,
                    331.129861043488
                ],
                [
                    2102.675546734177,
                    359.97897415741204
                ],
                [
                    2141.5591339746834,
                    400.11687066374117
                ],
                [
                    2166.645319291139,
                    456.5607876257665
                ],
                [
                    2225.5978547848104,
                    589.5175698029817
                ],
                [
                    2280.7874624810124,
                    726.2372797776654
                ],
                [
                    2311.1795235378645,
                    807.0170185760717
                ],
                [
                    2348.1063883236875,
                    880.8707481477171
                ],
                [
                    2391.455316550523,
                    986.8347949244262
                ],
                [
                    2436.4097606376117,
                    1091.193325840882
                ],
                [
                    2446.042855799131,
                    1126.5146747664517
                ],
                [
                    2448.4263178721367,
                    1157.5640824887348
                ],
                [
                    2450.878840340274,
                    1228.687234064725
                ],
                [
                    2436.163705531448,
                    1303.489169342922
                ],
                [
                    2417.769787020416,
                    1357.4446636419498
                ],
                [
                    2405.5071746797285,
                    1369.7072759826376
                ],
                [
                    2464.367713915031,
                    1531.5737588797194
                ],
                [
                    2483.479884781113,
                    1585.2151731773367
                ],
                [
                    2503.5488330342773,
                    1669.5047558406277
                ],
                [
                    2495.5212537330117,
                    1739.7460747267037
                ],
                [
                    2471.438515829214,
                    1803.9667091368303
                ],
                [
                    2415.245460720353,
                    1888.2562918001215
                ],
                [
                    2340.990352183644,
                    1964.5182951621468
                ],
                [
                    2264.7283488216185,
                    2010.6768761444255
                ],
                [
                    2148.3284489532643,
                    2058.8423519520206
                ],
                [
                    2047.9837076874417,
                    2072.8906157292354
                ],
                [
                    1969.0882592040293,
                    2076.0767819725597
                ],
                [
                    1890.9095964966361,
                    2065.9425108808605
                ],
                [
                    1793.9101446189447,
                    2036.987450618863
                ],
                [
                    1696.9106927412531,
                    1987.7638481734673
                ],
                [
                    1637.5528192041584,
                    1925.510468610173
                ],
                [
                    1607.150005929061,
                    1883.5256312302765
                ],
                [
                    1585.433710732563,
                    1827.0632637193814
                ],
                [
                    1572.4039336146643,
                    1770.6008962084866
                ],
                [
                    1569.4900551551987,
                    1696.075361689089
                ],
                [
                    1564.3904753866793,
                    1537.9883888649997
                ],
                [
                    1559.163501797628,
                    1511.2285385341083
                ],
                [
                    1550.4403348199698,
                    1487.7430889788743
                ],
                [
                    1534.3360265535239,
                    1474.3228320901694
                ],
                [
                    1504.1404485539374,
                    1423.3258559130902
                ],
                [
                    1485.0922314672648,
                    1383.257289602132
                ],
                [
                    1473.7675856759056,
                    1346.7095690936553
                ],
                [
                    1463.7298314517463,
                    1309.1323353314185
                ],
                [
                    1456.0121191720045,
                    1235.1270125780504
                ],
                [
                    1510.0927557336277,
                    507.864927317865
                ],
                [
                    1524.423471354607,
                    447.35746136261935
                ],
                [
                    1549.9002991252366,
                    396.40380582135975
                ],
                [
                    1569.007919953209,
                    366.15007284373684
                ],
                [
                    1597.6693511951676,
                    332.7117363947853
                ],
                [
                    1632.6999893797836,
                    299.2733999458337
                ],
                [
                    1671.8938226493513,
                    273.14151132735867
                ],
                [
                    1704.3518066893964,
                    258.85999834973876
                ],
                [
                    1730.3181939214326,
                    247.17512409532242
                ],
                [
                    1780.9526490239036,
                    238.08688856410973
                ]
            ]
        }
    ]
}