{
    "IMAGE_INFO": {
        "FILE_NAME": "280371@3_07002_220824_P1_T1.jpg",
        "DATE": "2022-08-24 08:56:38",
        "RESOLUTION": "4032 x 2268",
        "IMAGE_PHOTOGRAPHER": "박하림",
        "FOCUS_DISTANCE": "4.2",
        "EXPOSURE_TIME": "0.00645",
        "SENSITIVITY_ISO": null,
        "PLACE": "주택가분리수거장",
        "REGION_NAME": null,
        "Direction": "3",
        "HEIGHT": null,
        "DAY/NIGHT": "주간",
        "WEATHER": "맑음",
        "IMAGE_HEIGHT": 2268,
        "IMAGE_WIDTH": 4032,
        "IMAGE_SIZE": "4.1 MB"
    },
    "ANNOTATION_INFO": [
        {
            "ID": "1",
            "CLASS": "유리병",
            "DETAILS": "녹색",
            "DAMAGE": "원형",
            "DIRTINESS": "이물질(외부)",
            "COVER": "없음",
            "TRANSPARENCY": "불투명",
            "SHAPE": "유리병형",
            "SHAPE_TYPE": "POLYGON",
            "POINTS": [
                [
                    913.3980516455691,
                    792.1840593219689
                ],
                [
                    980.8171746835438,
                    792.1840593219689
                ],
                [
                    1032.5574318987337,
                    782.776739828298
                ],
                [
                    1103.1123281012653,
                    762.3942142586777
                ],
                [
                    1172.0993377215186,
                    737.308028942222
                ],
                [
                    1256.7652131645568,
                    707.5181838789309
                ],
                [
                    1360.2457275949362,
                    665.1852461574119
                ],
                [
                    1457.4546956962022,
                    632.2596279295639
                ],
                [
                    1588.3643530103968,
                    579.173488543372
                ],
                [
                    1669.364531762526,
                    549.7188780880523
                ],
                [
                    1762.1465546967831,
                    518.7915371099667
                ],
                [
                    1849.037655539976,
                    493.75511822294493
                ],
                [
                    1946.2378700425313,
                    471.66416038145525
                ],
                [
                    2145.6067918682525,
                    441.1198371449379
                ],
                [
                    2304.968659634472,
                    423.19162702123816
                ],
                [
                    2542.0194379367226,
                    403.2713935504607
                ],
                [
                    2783.054262933129,
                    413.2315102858495
                ],
                [
                    3028.073134623691,
                    433.1517437566269
                ],
                [
                    3217.1081718127502,
                    456.14880941573216
                ],
                [
                    3285.366853787283,
                    488.4818692984057
                ],
                [
                    3307.589179146923,
                    526.312167334256
                ],
                [
                    3310.963706411972,
                    666.3550488338028
                ],
                [
                    3309.2764427794473,
                    841.8304666163675
                ],
                [
                    3299.874110400058,
                    1411.7159032664608
                ],
                [
                    3287.492372103532,
                    1458.76650879326
                ],
                [
                    3260.252547851175,
                    1498.3880713421431
                ],
                [
                    3195.8675087092392,
                    1515.7225049572799
                ],
                [
                    2930.8983091635814,
                    1533.0569385724164
                ],
                [
                    2618.8785040911243,
                    1547.9150245282474
                ],
                [
                    2158.2778394603547,
                    1518.198852616585
                ],
                [
                    1771.967604608741,
                    1438.955727518818
                ],
                [
                    1445.0897135804528,
                    1315.1383445535573
                ],
                [
                    1142.2531962058838,
                    1183.7346571362095
                ],
                [
                    984.2102287122129,
                    1126.0364309083614
                ],
                [
                    906.4430542312002,
                    1123.5278123767157
                ],
                [
                    873.8310133198079,
                    1146.105379161526
                ],
                [
                    824.0600216519597,
                    1154.0326137215259
                ],
                [
                    756.6283555213267,
                    1142.7940026997537
                ],
                [
                    684.3801418099343,
                    1123.5278123767157
                ],
                [
                    644.2422453036052,
                    1091.4174951716525
                ],
                [
                    618.5539915395545,
                    1065.7292414076019
                ],
                [
                    600.8933170767698,
                    1003.1141228577283
                ],
                [
                    594.4712536357571,
                    958.1596787706397
                ],
                [
                    600.8933170767698,
                    913.2052346835509
                ],
                [
                    618.5539915395545,
                    866.6452747362092
                ],
                [
                    644.2422453036052,
                    834.5349575311458
                ],
                [
                    684.3801418099343,
                    796.00257688507
                ],
                [
                    753.4173238008204,
                    776.736386562032
                ],
                [
                    827.2710533724661,
                    771.9198389812725
                ],
                [
                    867.4089498787952,
                    773.5253548415255
                ]
            ]
        }
    ]
}