{
    "IMAGE_INFO": {
        "FILE_NAME": "280315@2_07002_220824_P1_T1.jpg",
        "DATE": "2022-08-24 08:58:28",
        "RESOLUTION": "4032 x 2268",
        "IMAGE_PHOTOGRAPHER": "박하림",
        "FOCUS_DISTANCE": "4.2",
        "EXPOSURE_TIME": "0.00962",
        "SENSITIVITY_ISO": null,
        "PLACE": "주택가분리수거장",
        "REGION_NAME": null,
        "Direction": "2",
        "HEIGHT": null,
        "DAY/NIGHT": "주간",
        "WEATHER": "맑음",
        "IMAGE_HEIGHT": 2268,
        "IMAGE_WIDTH": 4032,
        "IMAGE_SIZE": "5.6 MB"
    },
    "ANNOTATION_INFO": [
        {
            "ID": "1",
            "CLASS": "유리병",
            "DETAILS": "녹색",
            "DAMAGE": "원형",
            "DIRTINESS": "이물질(외부)",
            "COVER": "없음",
            "TRANSPARENCY": "불투명",
            "SHAPE": "유리병형",
            "SHAPE_TYPE": "POLYGON",
            "POINTS": [
                [
                    1814.1199852556958,
                    148.2310405715892
                ],
                [
                    1839.8082390197467,
                    149.03379850171578
                ],
                [
                    1859.8771872729112,
                    149.83655643184238
                ],
                [
                    1890.3819886177216,
                    156.25861987285504
                ],
                [
                    1920.0840320324048,
                    164.28619917412084
                ],
                [
                    1958.616412678481,
                    181.94687363690568
                ],
                [
                    1990.7267298835443,
                    205.22685361057657
                ],
                [
                    2009.9929202065823,
                    224.49304393361453
                ],
                [
                    2030.0618684597466,
                    254.99784527842473
                ],
                [
                    2045.314269132152,
                    290.31919420399436
                ],
                [
                    2048.5253008526583,
                    317.6129638282982
                ],
                [
                    2054.947364293671,
                    359.3563761948804
                ],
                [
                    2064.58045945519,
                    409.12736786272865
                ],
                [
                    2075.8190704769618,
                    471.742486412602
                ],
                [
                    2109.14664932797,
                    654.7886084630255
                ],
                [
                    2140.848409770469,
                    803.2104868983604
                ],
                [
                    2146.6123662145596,
                    863.7320295613125
                ],
                [
                    2142.6682312952944,
                    918.2896995781342
                ],
                [
                    2136.133131730633,
                    949.3447476379183
                ],
                [
                    2118.9673000541375,
                    1003.1140850728023
                ],
                [
                    2089.0292816442548,
                    1084.196218266235
                ],
                [
                    2061.586098101862,
                    1155.299011989707
                ],
                [
                    2044.1222540294305,
                    1202.7008744720215
                ],
                [
                    2037.8851668607047,
                    1236.38114518314
                ],
                [
                    2029.153244824489,
                    1282.535590231709
                ],
                [
                    2021.6687402220182,
                    1346.1538793527104
                ],
                [
                    2024.492191959064,
                    1430.275763261737
                ],
                [
                    2039.5394433610925,
                    1692.5278591256572
                ],
                [
                    2038.2693252579384,
                    1717.09833201512
                ],
                [
                    2039.116216586111,
                    1728.1079192813618
                ],
                [
                    2056.05404314956,
                    1741.234734868035
                ],
                [
                    2057.7478258059054,
                    1751.8208764701906
                ],
                [
                    2058.1712714699916,
                    1772.5697140104162
                ],
                [
                    2063.648582854358,
                    1782.1836034852506
                ],
                [
                    2067.6260475592762,
                    1791.1328990713162
                ],
                [
                    2067.957502951352,
                    1807.0427578909878
                ],
                [
                    2073.9237000087296,
                    1862.3958083677621
                ],
                [
                    2081.758050836594,
                    1925.1352949536208
                ],
                [
                    2086.094542988841,
                    1972.5335605812522
                ],
                [
                    2084.6083262476345,
                    1977.4876163852737
                ],
                [
                    2080.3973788142166,
                    1982.1939693990942
                ],
                [
                    2077.9203509122053,
                    1984.423294510904
                ],
                [
                    2081.8835955554227,
                    1990.3681614757302
                ],
                [
                    2080.149676024015,
                    1993.340594958143
                ],
                [
                    2075.1956202199935,
                    1996.313028440556
                ],
                [
                    2070.241564415972,
                    1998.2946507621646
                ],
                [
                    2067.2691309335587,
                    2000.7716786641754
                ],
                [
                    2069.7461588355695,
                    2005.9734372583982
                ],
                [
                    2077.9203509122053,
                    2013.1568181742293
                ],
                [
                    2085.103731828037,
                    2023.3126325724738
                ],
                [
                    2090.2006906821975,
                    2035.8784569267423
                ],
                [
                    2095.579153719307,
                    2054.703077556627
                ],
                [
                    2095.915307659127,
                    2069.15769696886
                ],
                [
                    2086.166843404365,
                    2084.2846242607316
                ],
                [
                    2075.4099173301456,
                    2093.360780635854
                ],
                [
                    2052.9926431610643,
                    2107.2948069813274
                ],
                [
                    2018.6185588732972,
                    2116.570353535169
                ],
                [
                    1991.3375395972917,
                    2120.93531661933
                ],
                [
                    1949.3247699122426,
                    2126.9371408600514
                ],
                [
                    1903.4926575285529,
                    2128.0283816310916
                ],
                [
                    1875.9632257117898,
                    2126.9908876420186
                ],
                [
                    1852.3469341000687,
                    2123.2122809841435
                ],
                [
                    1834.3985524751606,
                    2118.9613484940337
                ],
                [
                    1814.0885416890803,
                    2107.625528520407
                ],
                [
                    1804.1696992121574,
                    2095.3450568823123
                ],
                [
                    1802.2803958832196,
                    2081.6476077475136
                ],
                [
                    1802.752721715454,
                    2068.8948102771847
                ],
                [
                    1809.8376091989705,
                    2058.5036419680273
                ],
                [
                    1813.6162158568459,
                    2050.0017769878077
                ],
                [
                    1807.4759800377985,
                    2046.6954961621666
                ],
                [
                    1804.1696992121574,
                    2038.6659570141815
                ],
                [
                    1804.1696992121574,
                    2027.3301370405554
                ],
                [
                    1806.0590025410952,
                    2018.3559462281012
                ],
                [
                    1808.4206317022672,
                    2015.9943170669292
                ],
                [
                    1804.1696992121574,
                    2011.2710587445847
                ],
                [
                    1800.391092554282,
                    2006.5478004222407
                ],
                [
                    1802.2803958832196,
                    1994.2673287841458
                ],
                [
                    1786.548292983538,
                    1804.33385614533
                ],
                [
                    1795.3327623566156,
                    1800.3409155212034
                ],
                [
                    1791.3398217324896,
                    1768.397390528193
                ],
                [
                    1797.7285267310915,
                    1755.6199805309889
                ],
                [
                    1805.7144079793443,
                    1746.8355111579108
                ],
                [
                    1804.0407278678504,
                    1734.8656708813987
                ],
                [
                    1804.0407278678504,
                    1720.463342102669
                ],
                [
                    1774.5159538714547,
                    1461.221424085535
                ],
                [
                    1769.9660019987762,
                    1411.9569880163142
                ],
                [
                    1759.1939715165997,
                    1347.3248051232554
                ],
                [
                    1743.933595000183,
                    1290.7716450918288
                ],
                [
                    1725.0825416563741,
                    1239.6045003014901
                ],
                [
                    1698.1524654509328,
                    1187.5396863043038
                ],
                [
                    1666.15742260759,
                    1128.773487299399
                ],
                [
                    1610.7669425588265,
                    1036.4560205514597
                ],
                [
                    1593.981948604656,
                    1001.2075332477012
                ],
                [
                    1570.4829570688169,
                    947.4955525943548
                ],
                [
                    1563.7689594871485,
                    876.9985779868376
                ],
                [
                    1562.0904600917313,
                    830.0005949151594
                ],
                [
                    1575.303662484776,
                    399.1305199896393
                ],
                [
                    1577.6173402510726,
                    371.8451711769849
                ],
                [
                    1579.2628329826637,
                    316.72116466869795
                ],
                [
                    1583.060815372689,
                    296.01073198808655
                ],
                [
                    1592.9528262798817,
                    268.80770199330624
                ],
                [
                    1617.0646028661643,
                    234.18566381813136
                ],
                [
                    1647.977136951142,
                    203.89138041485324
                ],
                [
                    1681.3626737629177,
                    181.01610519196987
                ],
                [
                    1738.859987160976,
                    159.37733133248548
                ],
                [
                    1771.136483939496,
                    151.95014167796012
                ],
                [
                    1794.0380776552477,
                    148.04011348258786
                ]
            ]
        }
    ]
}