{
    "IMAGE_INFO": {
        "FILE_NAME": "280369@1_07002_220824_P1_T1.jpg",
        "DATE": "2022-08-24 08:57:37",
        "RESOLUTION": "4032 x 2268",
        "IMAGE_PHOTOGRAPHER": "박하림",
        "FOCUS_DISTANCE": "4.2",
        "EXPOSURE_TIME": "0.00758",
        "SENSITIVITY_ISO": null,
        "PLACE": "주택가분리수거장",
        "REGION_NAME": null,
        "Direction": "1",
        "HEIGHT": null,
        "DAY/NIGHT": "주간",
        "WEATHER": "맑음",
        "IMAGE_HEIGHT": 2268,
        "IMAGE_WIDTH": 4032,
        "IMAGE_SIZE": "5.2 MB"
    },
    "ANNOTATION_INFO": [
        {
            "ID": "1",
            "CLASS": "유리병",
            "DETAILS": "녹색",
            "DAMAGE": "원형",
            "DIRTINESS": "이물질(외부)",
            "COVER": "없음",
            "TRANSPARENCY": "불투명",
            "SHAPE": "유리병형",
            "SHAPE_TYPE": "POLYGON",
            "POINTS": [
                [
                    1866.2900654930324,
                    704.0147092452809
                ],
                [
                    1894.0012632184491,
                    705.0339355249058
                ],
                [
                    1910.3965171038626,
                    709.9525116905301
                ],
                [
                    1928.832995658947,
                    722.3606354272825
                ],
                [
                    1942.7771435275542,
                    735.7750365600563
                ],
                [
                    1953.0162619897671,
                    754.0490533780124
                ],
                [
                    1954.6840734608584,
                    768.2254508822865
                ],
                [
                    1953.0162619897671,
                    773.2288852955596
                ],
                [
                    1958.0196964030406,
                    784.0696598576516
                ],
                [
                    1959.6875078741314,
                    795.744340155289
                ],
                [
                    1958.853602138586,
                    802.4155860396531
                ],
                [
                    1959.1791589377428,
                    805.8779626536382
                ],
                [
                    1973.8665738767593,
                    811.6846150713889
                ],
                [
                    1989.2371243943344,
                    822.9563521176105
                ],
                [
                    2001.191997019115,
                    833.8865213745529
                ],
                [
                    2014.5131408010134,
                    847.5492329457309
                ],
                [
                    2023.3939033222791,
                    863.9444868311444
                ],
                [
                    2029.8836913185885,
                    876.2409272452044
                ],
                [
                    2043.6689396663912,
                    967.3389995365868
                ],
                [
                    2056.167188796204,
                    1065.4502552056133
                ],
                [
                    2067.415613013035,
                    1172.9351977219992
                ],
                [
                    2083.6965173588314,
                    1263.78543878041
                ],
                [
                    2090.947104060505,
                    1310.914252341286
                ],
                [
                    2091.465003110624,
                    1332.1481133961865
                ],
                [
                    2097.6797917120584,
                    1360.1146621026408
                ],
                [
                    2099.2334888624173,
                    1393.26020131029
                ],
                [
                    2110.755608331454,
                    1452.6306892108378
                ],
                [
                    2106.482473624428,
                    1484.4080321682152
                ],
                [
                    2099.025157435966,
                    1503.709321126588
                ],
                [
                    2084.987856375331,
                    1521.6946131105265
                ],
                [
                    2058.229251228496,
                    1544.066561675913
                ],
                [
                    2038.0506309538334,
                    1556.7878657621131
                ],
                [
                    2037.6119652956886,
                    1556.7878657621131
                ],
                [
                    2019.5427115001394,
                    1563.949647152105
                ],
                [
                    1991.0623164002,
                    1572.1245753752355
                ],
                [
                    1957.0440666974948,
                    1578.7172594261474
                ],
                [
                    1914.1304709329174,
                    1582.436010875343
                ],
                [
                    1878.4836354898794,
                    1579.5651247993937
                ],
                [
                    1842.5975595405123,
                    1570.9524665715455
                ],
                [
                    1815.550862116949,
                    1561.2116110914487
                ],
                [
                    1790.4306089523923,
                    1544.2255351420815
                ],
                [
                    1773.2052924966956,
                    1522.693889572461
                ],
                [
                    1763.1571912308732,
                    1500.923003496512
                ],
                [
                    1758.8922535998543,
                    1491.7133183546923
                ],
                [
                    1757.9352915745374,
                    1469.9424322787431
                ],
                [
                    1756.978329549221,
                    1426.8791411395025
                ],
                [
                    1746.4650287670604,
                    1182.7468953918963
                ],
                [
                    1730.6917439208119,
                    915.21691725102
                ],
                [
                    1731.9018981041613,
                    893.4341419507251
                ],
                [
                    1739.1628232042597,
                    874.0716750171296
                ],
                [
                    1753.0795963127816,
                    852.2888997168345
                ],
                [
                    1766.9963694213031,
                    835.9518182416132
                ],
                [
                    1776.0725257964264,
                    828.08581604984
                ],
                [
                    1782.72837380485,
                    822.0350451330912
                ],
                [
                    1785.1486821715491,
                    799.6471927411213
                ],
                [
                    1785.7537592632243,
                    792.3862676410231
                ],
                [
                    1784.562943533314,
                    769.7951883722892
                ],
                [
                    1787.9012004887963,
                    754.4366983587316
                ],
                [
                    1803.6150675917754,
                    732.1753866295109
                ],
                [
                    1819.328934694755,
                    721.6994752275247
                ],
                [
                    1831.7690794846135,
                    713.1877972134108
                ],
                [
                    1849.4471799754651,
                    707.9498415124178
                ]
            ]
        }
    ]
}