{
    "IMAGE_INFO": {
        "FILE_NAME": "280303@3_07002_220824_P1_T1.jpg",
        "DATE": "2022-08-24 08:56:54",
        "RESOLUTION": "4032 x 2268",
        "IMAGE_PHOTOGRAPHER": "박하림",
        "FOCUS_DISTANCE": "4.2",
        "EXPOSURE_TIME": "0.00508",
        "SENSITIVITY_ISO": null,
        "PLACE": "주택가분리수거장",
        "REGION_NAME": null,
        "Direction": "3",
        "HEIGHT": null,
        "DAY/NIGHT": "주간",
        "WEATHER": "맑음",
        "IMAGE_HEIGHT": 2268,
        "IMAGE_WIDTH": 4032,
        "IMAGE_SIZE": "4.3 MB"
    },
    "ANNOTATION_INFO": [
        {
            "ID": "1",
            "CLASS": "유리병",
            "DETAILS": "녹색",
            "DAMAGE": "원형",
            "DIRTINESS": "이물질(외부)",
            "COVER": "없음",
            "TRANSPARENCY": "불투명",
            "SHAPE": "유리병형",
            "SHAPE_TYPE": "POLYGON",
            "POINTS": [
                [
                    702.118965891245,
                    857.8746095252338
                ],
                [
                    1233.938321334517,
                    814.4086045130433
                ],
                [
                    1684.2531645569618,
                    783.8715043852601
                ],
                [
                    2034.6903611623752,
                    759.7460801318531
                ],
                [
                    2153.2396545936654,
                    753.3875416079813
                ],
                [
                    2219.5341915844124,
                    762.5667851913155
                ],
                [
                    2282.768980714048,
                    778.8854404505762
                ],
                [
                    2356.2029293807223,
                    812.5426669228018
                ],
                [
                    2406.7594936708856,
                    846.0740360308297
                ],
                [
                    2449.822784810126,
                    889.1373271700702
                ],
                [
                    2483.316455696202,
                    927.4158081827284
                ],
                [
                    2515.95302280025,
                    951.9264272573101
                ],
                [
                    2553.971638371045,
                    958.0916081606823
                ],
                [
                    2615.623447404767,
                    960.1466684618063
                ],
                [
                    2684.5540860759484,
                    961.9261555245005
                ],
                [
                    2758.244755443037,
                    960.3582689422219
                ],
                [
                    2835.0711979746825,
                    961.9261555245005
                ],
                [
                    2919.7370734177207,
                    961.9261555245005
                ],
                [
                    2988.724083037974,
                    958.7903823599435
                ],
                [
                    3015.378154936708,
                    921.1611043852599
                ],
                [
                    3070.254185316455,
                    927.4326507143737
                ],
                [
                    3081.2293913924045,
                    938.4078567903232
                ],
                [
                    3426.16443949367,
                    924.2968775498167
                ],
                [
                    3463.793717468354,
                    914.8895580561461
                ],
                [
                    3501.422995443037,
                    910.1858983093106
                ],
                [
                    3524.9412941772143,
                    954.0867226131081
                ],
                [
                    3534.3486136708852,
                    1005.8269798282979
                ],
                [
                    3540.620159999999,
                    1052.8635772966525
                ],
                [
                    3545.323819746835,
                    1093.628628435893
                ],
                [
                    3550.02747949367,
                    1145.3688856510828
                ],
                [
                    3545.323819746835,
                    1197.1091428662728
                ],
                [
                    3540.8976024303797,
                    1278.250029549817
                ],
                [
                    3531.906713612962,
                    1296.4927035119433
                ],
                [
                    3519.0625867309363,
                    1312.547862114475
                ],
                [
                    3460.6218094177216,
                    1301.6303542647538
                ],
                [
                    3446.4932698474936,
                    1308.6946240498673
                ],
                [
                    3427.869285868557,
                    1303.5569732970573
                ],
                [
                    3415.667365330633,
                    1293.9238781355384
                ],
                [
                    3392.547936942987,
                    1309.336830393969
                ],
                [
                    3368.5063291139236,
                    1300.6309980561462
                ],
                [
                    3349.5201118882023,
                    1310.621243082171
                ],
                [
                    3130.5342185371182,
                    1318.5079680571841
                ],
                [
                    3131.1887654361253,
                    1330.944359138319
                ],
                [
                    3113.515999162933,
                    1329.6352653403048
                ],
                [
                    3101.734154980805,
                    1304.762483178035
                ],
                [
                    3046.0976685652013,
                    1308.0352176730705
                ],
                [
                    3034.970371282081,
                    1325.7079839462622
                ],
                [
                    2988.4975414525766,
                    1332.2534529363334
                ],
                [
                    2971.4793220783918,
                    1333.5625467343475
                ],
                [
                    2947.2610868151287,
                    1294.9442796929281
                ],
                [
                    2570.6971816702007,
                    1321.271541453077
                ],
                [
                    2524.4583248949098,
                    1334.115668335102
                ],
                [
                    2479.5038808078207,
                    1384.2077631750008
                ],
                [
                    2424.274135215112,
                    1447.143984896925
                ],
                [
                    2375.466453063416,
                    1484.3919528547983
                ],
                [
                    2309.589583059103,
                    1520.6989987155494
                ],
                [
                    2184.3608334635487,
                    1554.942065358222
                ],
                [
                    2075.1857549663337,
                    1558.7953034228296
                ],
                [
                    1928.2829243348174,
                    1548.0044815245024
                ],
                [
                    1819.17715443038,
                    1545.22283603083
                ],
                [
                    1674.6835443037971,
                    1539.87150438526
                ],
                [
                    1521.5696202531644,
                    1535.0866942586779
                ],
                [
                    1272.7594936708858,
                    1535.0866942586779
                ],
                [
                    1148.3544303797466,
                    1535.0866942586779
                ],
                [
                    925.4818025316457,
                    1533.4636866637413
                ],
                [
                    796.1311594936709,
                    1533.4636866637413
                ],
                [
                    666.7805164556961,
                    1521.7045372966527
                ],
                [
                    590.3460455696202,
                    1498.1862385624752
                ],
                [
                    513.9115746835441,
                    1429.591200587792
                ],
                [
                    478.4810126582278,
                    1377.1879600814627
                ],
                [
                    459.34177215189874,
                    1324.5550486890575
                ],
                [
                    440.6912712911391,
                    1226.079522208045
                ],
                [
                    443.1998898227847,
                    1175.9071515751334
                ],
                [
                    445.7085083544303,
                    1115.7003068156398
                ],
                [
                    464.5231473417721,
                    1056.747771321969
                ],
                [
                    501.4082956878948,
                    984.4373888254356
                ],
                [
                    531.1139240506328,
                    946.5550486890576
                ],
                [
                    566.6073032061805,
                    910.2894979222872
                ],
                [
                    608.7948963062478,
                    880.8860239434522
                ]
            ]
        }
    ]
}