{
    "IMAGE_INFO": {
        "FILE_NAME": "280348@3_07002_220824_P1_T1.jpg",
        "DATE": "2022-08-24 08:57:12",
        "RESOLUTION": "4032 x 2268",
        "IMAGE_PHOTOGRAPHER": "박하림",
        "FOCUS_DISTANCE": "4.2",
        "EXPOSURE_TIME": "0.00549",
        "SENSITIVITY_ISO": null,
        "PLACE": "주택가분리수거장",
        "REGION_NAME": null,
        "Direction": "3",
        "HEIGHT": null,
        "DAY/NIGHT": "주간",
        "WEATHER": "맑음",
        "IMAGE_HEIGHT": 2268,
        "IMAGE_WIDTH": 4032,
        "IMAGE_SIZE": "3.9 MB"
    },
    "ANNOTATION_INFO": [
        {
            "ID": "1",
            "CLASS": "유리병",
            "DETAILS": "녹색",
            "DAMAGE": "원형",
            "DIRTINESS": "이물질(외부)",
            "COVER": "없음",
            "TRANSPARENCY": "불투명",
            "SHAPE": "유리병형",
            "SHAPE_TYPE": "POLYGON",
            "POINTS": [
                [
                    561.6524962025316,
                    1036.1496613472852
                ],
                [
                    617.2405063291138,
                    1037.466441094121
                ],
                [
                    691.0031392405062,
                    1028.310228435893
                ],
                [
                    722.3608708860759,
                    1051.8285271700702
                ],
                [
                    875.620253164557,
                    1037.466441094121
                ],
                [
                    1055.5367696202532,
                    1014.5912208409561
                ],
                [
                    1179.0078379746835,
                    1004.7919297017156
                ],
                [
                    1291.8987341772151,
                    994.4031499548804
                ],
                [
                    1378.91337721519,
                    991.0729221067791
                ],
                [
                    1421.0886075949368,
                    960.9094790688043
                ],
                [
                    1492.8607594936707,
                    913.0613778029816
                ],
                [
                    1559.8481012658226,
                    879.5677069169058
                ],
                [
                    1645.9746835443036,
                    846.0740360308297
                ],
                [
                    1722.53164556962,
                    836.5044157776651
                ],
                [
                    1909.2706724692416,
                    845.4303158629576
                ],
                [
                    2143.5949367088606,
                    846.0740360308297
                ],
                [
                    2414.6013330933197,
                    837.1462066723992
                ],
                [
                    2765.6202531645567,
                    841.2892259042475
                ],
                [
                    3023.9999999999995,
                    841.2892259042475
                ],
                [
                    3258.4556962025313,
                    822.1499853979183
                ],
                [
                    3340.817643528778,
                    830.1939454246142
                ],
                [
                    3421.873281023803,
                    863.967127714208
                ],
                [
                    3459.417721518987,
                    922.6309980561462
                ],
                [
                    3483.3417721518986,
                    1099.6689727396904
                ],
                [
                    3482.665009145072,
                    1318.7793158807383
                ],
                [
                    3475.9103726871535,
                    1573.2039557956784
                ],
                [
                    3462.401099771316,
                    1672.2719571784871
                ],
                [
                    3421.873281023803,
                    1739.8183217576745
                ],
                [
                    3358.830007416562,
                    1766.8368675893498
                ],
                [
                    3272.810126582278,
                    1774.3272005877916
                ],
                [
                    3061.626003268136,
                    1744.3214127296205
                ],
                [
                    2636.0839064192537,
                    1708.2966849540535
                ],
                [
                    2155.032578455815,
                    1665.557125728265
                ],
                [
                    1867.8501265164482,
                    1637.9434284264028
                ],
                [
                    1762.918076769372,
                    1640.7047981565886
                ],
                [
                    1613.804111339316,
                    1621.3752100452853
                ],
                [
                    1526.3544303797466,
                    1587.719605651083
                ],
                [
                    1440.2278481012656,
                    1535.0866942586779
                ],
                [
                    1390.6725265822786,
                    1482.9973372966524
                ],
                [
                    1351.4753620253168,
                    1455.559322106779
                ],
                [
                    1253.4824506329114,
                    1449.6797474232349
                ],
                [
                    1149.609964556962,
                    1432.0410233726018
                ],
                [
                    945.7847088607595,
                    1392.8438588156398
                ],
                [
                    763.517893670886,
                    1365.4058436257665
                ],
                [
                    696.8827139240506,
                    1353.646694258678
                ],
                [
                    634.1672506329113,
                    1365.4058436257665
                ],
                [
                    598.8898025316455,
                    1351.6868360308297
                ],
                [
                    550.2531645569619,
                    1353.2639094485512
                ],
                [
                    520.4954734177214,
                    1345.8072613472852
                ],
                [
                    485.21802531645557,
                    1318.369246157412
                ],
                [
                    449.77215189873414,
                    1257.5677069169055
                ],
                [
                    442.10114430379735,
                    1187.0587448915892
                ],
                [
                    459.7398683544303,
                    1124.34328160045
                ],
                [
                    475.4187341772151,
                    1094.9454081827284
                ],
                [
                    512.6560405063291,
                    1057.7081018536144
                ]
            ]
        }
    ]
}