{
    "IMAGE_INFO": {
        "FILE_NAME": "280352@4_07002_220824_P1_T1.jpg",
        "DATE": "2022-08-24 09:00:03",
        "RESOLUTION": "4032 x 2268",
        "IMAGE_PHOTOGRAPHER": "박하림",
        "FOCUS_DISTANCE": "4.2",
        "EXPOSURE_TIME": "0.00442",
        "SENSITIVITY_ISO": null,
        "PLACE": "주택가분리수거장",
        "REGION_NAME": null,
        "Direction": "4",
        "HEIGHT": null,
        "DAY/NIGHT": "주간",
        "WEATHER": "맑음",
        "IMAGE_HEIGHT": 2268,
        "IMAGE_WIDTH": 4032,
        "IMAGE_SIZE": "3.9 MB"
    },
    "ANNOTATION_INFO": [
        {
            "ID": "1",
            "CLASS": "유리병",
            "DETAILS": "녹색",
            "DAMAGE": "원형",
            "DIRTINESS": "이물질(외부)",
            "COVER": "없음",
            "TRANSPARENCY": "불투명",
            "SHAPE": "유리병형",
            "SHAPE_TYPE": "POLYGON",
            "POINTS": [
                [
                    1056.4860759493672,
                    623.2932765371586
                ],
                [
                    1971.4850867848104,
                    648.8106306637411
                ],
                [
                    2236.144341873418,
                    651.3192491953865
                ],
                [
                    2388.833223239168,
                    651.4242871395139
                ],
                [
                    2442.833342407254,
                    649.4606464424926
                ],
                [
                    2487.0152580902336,
                    647.4970057454713
                ],
                [
                    2542.979017955341,
                    653.3879278365351
                ],
                [
                    2595.9973167749163,
                    671.060694109727
                ],
                [
                    2642.042922490373,
                    690.7034970013253
                ],
                [
                    2681.145603007084,
                    725.3794589689749
                ],
                [
                    2722.4616427983265,
                    773.3355765838094
                ],
                [
                    2762.302109739881,
                    834.5718498458288
                ],
                [
                    2782.222343210658,
                    875.8878896370708
                ],
                [
                    2833.5134393375824,
                    875.1787685993241
                ],
                [
                    2924.046007009068,
                    869.4306690646268
                ],
                [
                    3000.208325843811,
                    880.9268681340218
                ],
                [
                    3086.429818864273,
                    896.7341418544398
                ],
                [
                    3155.4070132806432,
                    911.1043906911837
                ],
                [
                    3175.525361652085,
                    893.8600920870911
                ],
                [
                    3218.636108162316,
                    895.2971169707656
                ],
                [
                    3363.775621413428,
                    898.1711667381144
                ],
                [
                    3440.0674695407656,
                    895.8894054225917
                ],
                [
                    3497.0834822110396,
                    912.7350455297179
                ],
                [
                    3537.2538547741865,
                    958.0886919719808
                ],
                [
                    3563.1702241697653,
                    1017.696341581812
                ],
                [
                    3568.353498048881,
                    1044.9085294471697
                ],
                [
                    3569.8465249567103,
                    1098.9904282024822
                ],
                [
                    3561.0828692658984,
                    1154.4935809109595
                ],
                [
                    3539.660599799468,
                    1203.1805569710277
                ],
                [
                    3497.7898003878095,
                    1249.9200539886926
                ],
                [
                    3463.000256906899,
                    1269.4766660336072
                ],
                [
                    3437.375043489527,
                    1272.1740569196465
                ],
                [
                    3314.6437581747446,
                    1276.8944909702152
                ],
                [
                    3273.508547162647,
                    1276.8944909702152
                ],
                [
                    3242.1937318130117,
                    1281.592989043194
                ],
                [
                    3220.097723455326,
                    1280.0147027319306
                ],
                [
                    3199.0539059718158,
                    1282.1190844802813
                ],
                [
                    3176.9578976141293,
                    1281.592989043194
                ],
                [
                    3151.1792211968295,
                    1275.8059392352284
                ],
                [
                    3133.291976335846,
                    1267.914507678912
                ],
                [
                    3092.2565322430005,
                    1278.4364164206675
                ],
                [
                    3031.755556977909,
                    1291.0627069107732
                ],
                [
                    2980.1982041433084,
                    1304.2150928379672
                ],
                [
                    2918.118942566953,
                    1310.5282380830204
                ],
                [
                    2875.7103878460302,
                    1309.5739343669354
                ],
                [
                    2838.635795622239,
                    1307.5776101702697
                ],
                [
                    2801.8463925693995,
                    1305.2960968026518
                ],
                [
                    2784.449853141312,
                    1301.873826751225
                ],
                [
                    2766.7681245422737,
                    1332.6742572140674
                ],
                [
                    2743.6678016951414,
                    1373.7414978311908
                ],
                [
                    2728.837964805625,
                    1392.5639831140388
                ],
                [
                    2709.489460644767,
                    1426.8698755952423
                ],
                [
                    2687.2400935561595,
                    1451.2724072408116
                ],
                [
                    2667.3831315308435,
                    1471.3686097724571
                ],
                [
                    2648.483131530843,
                    1484.7660781268876
                ],
                [
                    2625.3381910353246,
                    1500.5231869865977
                ],
                [
                    2606.438191035325,
                    1511.5282502777372
                ],
                [
                    2586.341988503679,
                    1520.8586300245724
                ],
                [
                    2560.9824948327932,
                    1528.7535667334332
                ],
                [
                    2541.6040138201347,
                    1533.2991363536864
                ],
                [
                    2510.024266984692,
                    1539.0409085055853
                ],
                [
                    2487.438942210838,
                    1541.194526147472
                ],
                [
                    2455.135320896201,
                    1543.1608335318413
                ],
                [
                    2424.517105911022,
                    1545.4080419711206
                ],
                [
                    2393.617989870934,
                    1545.1271409162107
                ],
                [
                    2371.1459054781426,
                    1541.194526147472
                ],
                [
                    2361.7589893470786,
                    1538.5087060491373
                ],
                [
                    2278.205543578552,
                    1542.081715243186
                ],
                [
                    2269.9601377461317,
                    1543.1811026875089
                ],
                [
                    2262.8141193580336,
                    1547.0289587426385
                ],
                [
                    2253.7441729423713,
                    1547.5786524648
                ],
                [
                    1417.074171932485,
                    1598.4307716305743
                ],
                [
                    1233.4555777802716,
                    1612.9789752610673
                ],
                [
                    1197.9092962967627,
                    1608.6816827452208
                ],
                [
                    1155.3351923590908,
                    1609.6873702398116
                ],
                [
                    1138.2385049510492,
                    1616.727182701946
                ],
                [
                    1108.067880113329,
                    1621.0851618451725
                ],
                [
                    1071.1926719783376,
                    1621.7556201748996
                ],
                [
                    1014.2037139515326,
                    1620.749932680309
                ],
                [
                    976.3261850294185,
                    1628.1452608856944
                ],
                [
                    938.93372331086,
                    1643.3974492182645
                ],
                [
                    911.8733891724295,
                    1658.649637550834
                ],
                [
                    890.2251218616851,
                    1666.5217347547414
                ],
                [
                    845.9445750897079,
                    1669.4737712062063
                ],
                [
                    788.8718703613818,
                    1674.3938319586482
                ],
                [
                    757.3834815457534,
                    1670.4577833566948
                ],
                [
                    728.3551231063462,
                    1676.3618562596253
                ],
                [
                    669.5745846303502,
                    1661.1569160320614
                ],
                [
                    630.0888384584342,
                    1644.2978333968615
                ],
                [
                    603.469234297592,
                    1629.2133910390512
                ],
                [
                    585.4453861940294,
                    1611.6697390423649
                ],
                [
                    566.6923539300585,
                    1580.1646448388938
                ],
                [
                    555.4405345716759,
                    1537.40773127704
                ],
                [
                    541.6764175323354,
                    1471.6673617512054
                ],
                [
                    528.4652436557961,
                    1348.3630722368384
                ],
                [
                    517.4559320920134,
                    1217.352264627824
                ],
                [
                    515.254069779257,
                    1149.094532932371
                ],
                [
                    513.9018215166574,
                    1066.8125869126025
                ],
                [
                    510.02389054307395,
                    938.8408647843459
                ],
                [
                    511.31653420093505,
                    809.5764989982281
                ],
                [
                    522.9503271216856,
                    708.750293685056
                ],
                [
                    539.754694673881,
                    644.1181107919972
                ],
                [
                    575.948717093994,
                    620.850524950496
                ],
                [
                    644.4588309606365,
                    594.9976517932724
                ],
                [
                    692.2866463015,
                    584.6565025303829
                ],
                [
                    740.1144616423635,
                    579.4859278989383
                ],
                [
                    807.331931851145,
                    579.4859278989383
                ],
                [
                    859.0376781655921,
                    588.5344335039664
                ],
                [
                    890.0611259542603,
                    594.9976517932724
                ],
                [
                    915.913999111484,
                    605.3388010561619
                ],
                [
                    941.7668722687074,
                    618.2652376347735
                ],
                [
                    992.1799749252933,
                    624.7284559240795
                ],
                [
                    1060.690088791936,
                    623.4358122662182
                ],
                [
                    1058.977216118442,
                    623.3126377668868
                ],
                [
                    1039.1202540931254,
                    623.7911187795451
                ]
            ]
        }
    ]
}