{
    "IMAGE_INFO": {
        "FILE_NAME": "284923@2_07002_220824_P1_T1.jpg",
        "DATE": "2022-08-24 11:23:42",
        "RESOLUTION": "4000 x 2250",
        "IMAGE_PHOTOGRAPHER": "박하림",
        "FOCUS_DISTANCE": "4.6",
        "EXPOSURE_TIME": "0.00678",
        "SENSITIVITY_ISO": null,
        "PLACE": "주택가분리수거장",
        "REGION_NAME": null,
        "Direction": "2",
        "HEIGHT": null,
        "DAY/NIGHT": "주간",
        "WEATHER": "맑음",
        "IMAGE_HEIGHT": 2250,
        "IMAGE_WIDTH": 4000,
        "IMAGE_SIZE": "3.6 MB"
    },
    "ANNOTATION_INFO": [
        {
            "ID": "1",
            "CLASS": "유리병",
            "DETAILS": "녹색",
            "DAMAGE": "원형",
            "DIRTINESS": "이물질(외부)",
            "COVER": "없음",
            "TRANSPARENCY": "불투명",
            "SHAPE": "유리병형",
            "SHAPE_TYPE": "BOX",
            "POINTS": [
                [
                    366.828793774319,
                    618.0277237354085,
                    2739.9221789883277,
                    829.2607003891053
                ]
            ]
        }
    ]
}