{
    "IMAGE_INFO": {
        "FILE_NAME": "100580@2_01002_220809_P1_T1.jpg",
        "DATE": "2022-08-09 09:39:18",
        "RESOLUTION": "4624 x 2600",
        "IMAGE_PHOTOGRAPHER": "최선율",
        "FOCUS_DISTANCE": "4.7",
        "EXPOSURE_TIME": "0.02500",
        "SENSITIVITY_ISO": null,
        "PLACE": "주택가분리수거장",
        "REGION_NAME": null,
        "Direction": "2",
        "HEIGHT": null,
        "DAY/NIGHT": "주간",
        "WEATHER": "비",
        "IMAGE_HEIGHT": 2600,
        "IMAGE_WIDTH": 4624,
        "IMAGE_SIZE": "5.5 MB"
    },
    "ANNOTATION_INFO": [
        {
            "ID": "1",
            "CLASS": "금속캔",
            "DETAILS": "알루미늄캔",
            "DAMAGE": "찌그러짐",
            "DIRTINESS": "오염없음",
            "COVER": "없음",
            "TRANSPARENCY": "불투명",
            "SHAPE": "뚱뚱하고 긴 원통형",
            "SHAPE_TYPE": "POLYGON",
            "POINTS": [
                [
                    3177.2935337579615,
                    1202.1681494692143
                ],
                [
                    3154.1402632696386,
                    1141.3908144373672
                ],
                [
                    3123.751595753715,
                    1099.4255116772822
                ],
                [
                    3099.1512458598727,
                    1084.9547176220806
                ],
                [
                    3064.4213401273873,
                    1032.8598590233544
                ],
                [
                    3042.7151490445854,
                    1005.3653503184712
                ],
                [
                    3016.667719745222,
                    992.3416356687898
                ],
                [
                    2951.5491464968145,
                    992.3416356687898
                ],
                [
                    2805.3941265392773,
                    988.0003974522292
                ],
                [
                    2536.2373571125254,
                    976.4237622080678
                ],
                [
                    2437.8359575371537,
                    974.9766828025477
                ],
                [
                    2106.454773673034,
                    961.9529681528659
                ],
                [
                    1967.5351507430983,
                    948.9292535031846
                ],
                [
                    1646.2835227176204,
                    919.987665392781
                ],
                [
                    1478.422311677281,
                    908.4110301486196
                ],
                [
                    1442.2453265392764,
                    909.8581095541397
                ],
                [
                    1387.25630912951,
                    930.1172212314221
                ],
                [
                    1356.8676416135866,
                    948.9292535031846
                ],
                [
                    1314.9023388535018,
                    970.6354445859869
                ],
                [
                    1268.5957978768563,
                    976.4237622080676
                ],
                [
                    1249.7837656050938,
                    961.9529681528662
                ],
                [
                    1228.0775745222913,
                    966.2942063694267
                ],
                [
                    1225.1834157112507,
                    1035.754017834395
                ],
                [
                    1210.7126216560494,
                    1187.6973554140127
                ],
                [
                    1203.4772246284485,
                    1300.5695490445862
                ],
                [
                    1177.4297953290854,
                    1385.9472339702763
                ],
                [
                    1171.6414777070047,
                    1438.0420925690023
                ],
                [
                    1177.4297953290854,
                    1453.959966029724
                ],
                [
                    1200.583065817408,
                    1445.2774895966031
                ],
                [
                    1197.6889070063678,
                    1532.1022539278135
                ],
                [
                    1206.3713834394887,
                    1639.1861299363056
                ],
                [
                    1223.736336305731,
                    1637.7390505307856
                ],
                [
                    1243.9954479830133,
                    1627.6094946921444
                ],
                [
                    1272.9370360934167,
                    1627.6094946921444
                ],
                [
                    1312.0081800424612,
                    1639.1861299363056
                ],
                [
                    1353.9734828025462,
                    1665.233559235669
                ],
                [
                    1416.1978972399133,
                    1695.6222267515923
                ],
                [
                    1450.9278029723976,
                    1707.198861995754
                ],
                [
                    1818.4859719745207,
                    1711.5401002123144
                ],
                [
                    2256.951031847132,
                    1715.8813384288746
                ],
                [
                    2488.4837367303594,
                    1717.328417834395
                ],
                [
                    2858.936064543523,
                    1705.7517825902337
                ],
                [
                    3009.4323227176214,
                    1702.8576237791933
                ],
                [
                    3054.2917842887464,
                    1685.4926709129513
                ],
                [
                    3097.7041664543513,
                    1655.104003397028
                ],
                [
                    3130.986992781315,
                    1608.7974624203823
                ],
                [
                    3158.4815014861983,
                    1542.2318097664543
                ],
                [
                    3177.2935337579606,
                    1510.3960628450104
                ],
                [
                    3198.9997248407635,
                    1417.78298089172
                ],
                [
                    3201.8938836518037,
                    1343.9819312101913
                ],
                [
                    3193.211407218683,
                    1260.0513256900213
                ]
            ]
        }
    ]
}