{
    "IMAGE_INFO": {
        "FILE_NAME": "100581@3_01002_220809_P1_T1.jpg",
        "DATE": "2022-08-09 09:37:34",
        "RESOLUTION": "4624 x 2600",
        "IMAGE_PHOTOGRAPHER": "최선율",
        "FOCUS_DISTANCE": "4.7",
        "EXPOSURE_TIME": "0.03300",
        "SENSITIVITY_ISO": null,
        "PLACE": "주택가분리수거장",
        "REGION_NAME": null,
        "Direction": "3",
        "HEIGHT": null,
        "DAY/NIGHT": "주간",
        "WEATHER": "비",
        "IMAGE_HEIGHT": 2600,
        "IMAGE_WIDTH": 4624,
        "IMAGE_SIZE": "4.0 MB"
    },
    "ANNOTATION_INFO": [
        {
            "ID": "1",
            "CLASS": "금속캔",
            "DETAILS": "알루미늄캔",
            "DAMAGE": "원형",
            "DIRTINESS": "오염없음",
            "COVER": "없음",
            "TRANSPARENCY": "불투명",
            "SHAPE": "홀쭉한 원통형",
            "SHAPE_TYPE": "BOX",
            "POINTS": [
                [
                    1883.2775678513958,
                    298.48634326241137,
                    845.7045392030395,
                    1883.483524040974
                ]
            ]
        }
    ]
}