{
    "IMAGE_INFO": {
        "FILE_NAME": "100537@2_01002_220809_P1_T1.jpg",
        "DATE": "2022-08-09 09:38:49",
        "RESOLUTION": "4624 x 2600",
        "IMAGE_PHOTOGRAPHER": "최선율",
        "FOCUS_DISTANCE": "4.7",
        "EXPOSURE_TIME": "0.02500",
        "SENSITIVITY_ISO": null,
        "PLACE": "주택가분리수거장",
        "REGION_NAME": null,
        "Direction": "2",
        "HEIGHT": null,
        "DAY/NIGHT": "주간",
        "WEATHER": "비",
        "IMAGE_HEIGHT": 2600,
        "IMAGE_WIDTH": 4624,
        "IMAGE_SIZE": "3.8 MB"
    },
    "ANNOTATION_INFO": [
        {
            "ID": "1",
            "CLASS": "금속캔",
            "DETAILS": "알루미늄캔",
            "DAMAGE": "찌그러짐",
            "DIRTINESS": "오염없음",
            "COVER": "없음",
            "TRANSPARENCY": "불투명",
            "SHAPE": "뚱뚱한 원통형",
            "SHAPE_TYPE": "BOX",
            "POINTS": [
                [
                    1417.991650543211,
                    685.3091087865023,
                    1659.1902636922496,
                    988.5396352539801
                ]
            ]
        }
    ]
}