{
    "IMAGE_INFO": {
        "FILE_NAME": "100637@4_01002_220809_P1_T1.jpg",
        "DATE": "2022-08-09 09:43:52",
        "RESOLUTION": "4624 x 2600",
        "IMAGE_PHOTOGRAPHER": "김준미",
        "FOCUS_DISTANCE": "4.7",
        "EXPOSURE_TIME": "0.03300",
        "SENSITIVITY_ISO": null,
        "PLACE": "주택가분리수거장",
        "REGION_NAME": null,
        "Direction": "4",
        "HEIGHT": null,
        "DAY/NIGHT": "주간",
        "WEATHER": "비",
        "IMAGE_HEIGHT": 2600,
        "IMAGE_WIDTH": 4624,
        "IMAGE_SIZE": "4.6 MB"
    },
    "ANNOTATION_INFO": [
        {
            "ID": "1",
            "CLASS": "금속캔",
            "DETAILS": "알루미늄캔",
            "DAMAGE": "원형",
            "DIRTINESS": "오염없음",
            "COVER": "없음",
            "TRANSPARENCY": "불투명",
            "SHAPE": "뚱뚱하고 긴 원통형",
            "SHAPE_TYPE": "BOX",
            "POINTS": [
                [
                    2073.8055673024514,
                    167.7443562833784,
                    902.5753634877378,
                    1789.9266957602185
                ]
            ]
        }
    ]
}