{
    "IMAGE_INFO": {
        "FILE_NAME": "100611@5_01002_220809_P1_T1.jpg",
        "DATE": "2022-08-09 09:39:50",
        "RESOLUTION": "4624 x 2600",
        "IMAGE_PHOTOGRAPHER": "최선율",
        "FOCUS_DISTANCE": "4.7",
        "EXPOSURE_TIME": "0.02500",
        "SENSITIVITY_ISO": null,
        "PLACE": "주택가분리수거장",
        "REGION_NAME": null,
        "Direction": "5",
        "HEIGHT": null,
        "DAY/NIGHT": "주간",
        "WEATHER": "비",
        "IMAGE_HEIGHT": 2600,
        "IMAGE_WIDTH": 4624,
        "IMAGE_SIZE": "4.0 MB"
    },
    "ANNOTATION_INFO": [
        {
            "ID": "1",
            "CLASS": "금속캔",
            "DETAILS": "알루미늄캔",
            "DAMAGE": "찌그러짐",
            "DIRTINESS": "이물질(외부)",
            "COVER": "없음",
            "TRANSPARENCY": "불투명",
            "SHAPE": "뚱뚱하고 긴 원통형",
            "SHAPE_TYPE": "POLYGON",
            "POINTS": [
                [
                    1108.4376781218143,
                    1050.787589130733
                ],
                [
                    1087.3761515982092,
                    1252.9782437573426
                ],
                [
                    1087.3761515982092,
                    1463.5935089933942
                ],
                [
                    1112.6499834265353,
                    1722.6502852337376
                ],
                [
                    1127.3930519930589,
                    1771.0917962380292
                ],
                [
                    1146.3484258643036,
                    1790.0471701092742
                ],
                [
                    1156.8791891261062,
                    1787.9410174569139
                ],
                [
                    1188.471478911514,
                    1779.5164068474717
                ],
                [
                    1310.628332748424,
                    1821.6394598946815
                ],
                [
                    1411.7236600617287,
                    1861.6563602895314
                ],
                [
                    1474.9082396325439,
                    1851.1255970277286
                ],
                [
                    1982.4910288514284,
                    1872.187123551334
                ],
                [
                    2129.9217145166645,
                    1874.2932762036944
                ],
                [
                    2384.766185452287,
                    1849.0194443753687
                ],
                [
                    3170.3611247827585,
                    1766.8794909333087
                ],
                [
                    3229.3333990488536,
                    1756.348727671506
                ],
                [
                    3273.5626047484243,
                    1731.07489584318
                ],
                [
                    3313.5795051432738,
                    1676.3149268818065
                ],
                [
                    3330.428726362158,
                    1634.1918738345962
                ],
                [
                    3362.021016147566,
                    1598.3872787444673
                ],
                [
                    3377.7750379872223,
                    1546.4916773903042
                ],
                [
                    3400.689978844905,
                    1480.4427302122788
                ],
                [
                    3403.3858542399266,
                    1417.0896584292743
                ],
                [
                    3403.3858542399266,
                    1334.8654588811196
                ],
                [
                    3395.298228054862,
                    1276.9041378881582
                ],
                [
                    3388.5585395673083,
                    1239.1618823578576
                ],
                [
                    3380.470913382244,
                    1200.0716891300465
                ],
                [
                    3350.8162840370073,
                    1131.3268665569992
                ],
                [
                    3337.3369070619005,
                    1109.7598633968275
                ],
                [
                    3310.3781531116856,
                    1085.4969848416342
                ],
                [
                    3294.2029007415567,
                    1050.4506047063553
                ],
                [
                    3248.373019026192,
                    997.8810345034369
                ],
                [
                    3230.8498289585527,
                    981.705782133308
                ],
                [
                    3202.543137310827,
                    957.4429035781151
                ],
                [
                    2455.785652889883,
                    953.3990904855829
                ],
                [
                    1819.5590596648185,
                    946.6594019980294
                ],
                [
                    1397.65456034396,
                    948.0073396955399
                ],
                [
                    1369.3478686962346,
                    950.7032150905615
                ],
                [
                    1334.3014885609555,
                    970.9222805532225
                ],
                [
                    1297.9071707281657,
                    989.7934083183726
                ],
                [
                    1268.2525413829298,
                    1003.27278529348
                ],
                [
                    1234.5540989451615,
                    1022.1439130586303
                ],
                [
                    1203.5515319024148,
                    1035.6232900337375
                ],
                [
                    1173.8969025571787,
                    1042.362978521291
                ],
                [
                    1152.329899397007,
                    1042.362978521291
                ],
                [
                    1141.5463978169212,
                    1035.6232900337375
                ],
                [
                    1136.1546470268781,
                    1034.275352336227
                ],
                [
                    1124.0232077492817,
                    1034.275352336227
                ],
                [
                    1114.5876438667067,
                    1042.362978521291
                ]
            ]
        }
    ]
}