{
    "IMAGE_INFO": {
        "FILE_NAME": "100601@3_01002_220809_P1_T1.jpg",
        "DATE": "2022-08-09 09:37:12",
        "RESOLUTION": "4624 x 2600",
        "IMAGE_PHOTOGRAPHER": "최선율",
        "FOCUS_DISTANCE": "4.7",
        "EXPOSURE_TIME": "0.03300",
        "SENSITIVITY_ISO": null,
        "PLACE": "주택가분리수거장",
        "REGION_NAME": null,
        "Direction": "3",
        "HEIGHT": null,
        "DAY/NIGHT": "주간",
        "WEATHER": "비",
        "IMAGE_HEIGHT": 2600,
        "IMAGE_WIDTH": 4624,
        "IMAGE_SIZE": "4.2 MB"
    },
    "ANNOTATION_INFO": [
        {
            "ID": "1",
            "CLASS": "금속캔",
            "DETAILS": "알루미늄캔",
            "DAMAGE": "원형",
            "DIRTINESS": "오염없음",
            "COVER": "없음",
            "TRANSPARENCY": "불투명",
            "SHAPE": "홀쭉한 원통형",
            "SHAPE_TYPE": "BOX",
            "POINTS": [
                [
                    1940.5030880687777,
                    411.36242609929076,
                    842.30542576264,
                    1830.3226242329245
                ]
            ]
        }
    ]
}