{
    "IMAGE_INFO": {
        "FILE_NAME": "101778@1_01002_220808_P1_T1.jpg",
        "DATE": "2022-08-08 07:58:42",
        "RESOLUTION": "4000 x 2250",
        "IMAGE_PHOTOGRAPHER": "황서현",
        "FOCUS_DISTANCE": "4.6",
        "EXPOSURE_TIME": "0.03333",
        "SENSITIVITY_ISO": null,
        "PLACE": "주택가분리수거장",
        "REGION_NAME": null,
        "Direction": "1",
        "HEIGHT": null,
        "DAY/NIGHT": "주간",
        "WEATHER": "비",
        "IMAGE_HEIGHT": 2250,
        "IMAGE_WIDTH": 4000,
        "IMAGE_SIZE": "3.2 MB"
    },
    "ANNOTATION_INFO": [
        {
            "ID": "1",
            "CLASS": "금속캔",
            "DETAILS": "알루미늄캔",
            "DAMAGE": "원형",
            "DIRTINESS": "오염없음",
            "COVER": "없음",
            "TRANSPARENCY": "불투명",
            "SHAPE": "뚱뚱한 원통형",
            "SHAPE_TYPE": "POLYGON",
            "POINTS": [
                [
                    2793.481681528663,
                    1121.737566878981
                ],
                [
                    2787.070006624205,
                    1053.6135210191082
                ],
                [
                    2771.842278726116,
                    983.8865564331207
                ],
                [
                    2759.0189289171985,
                    941.4092101910825
                ],
                [
                    2740.58536356688,
                    913.3581324840762
                ],
                [
                    2708.526989044587,
                    886.1085141401271
                ],
                [
                    2692.4978017834405,
                    854.8515989808915
                ],
                [
                    2675.6671551592362,
                    830.0063587261144
                ],
                [
                    2644.4102400000015,
                    805.1611184713373
                ],
                [
                    2465.6848020382176,
                    806.7640371974519
                ],
                [
                    2114.6456010191087,
                    813.9771714649683
                ],
                [
                    1729.3039392611474,
                    819.4270951337581
                ],
                [
                    1580.2324977324847,
                    822.3123488407646
                ],
                [
                    1548.4947069554144,
                    837.7003686114654
                ],
                [
                    1495.598388993631,
                    869.4381593885353
                ],
                [
                    1458.0900908025483,
                    890.5966865732488
                ],
                [
                    1435.9698123821663,
                    895.4054427515927
                ],
                [
                    1421.5435438471343,
                    891.5584378089175
                ],
                [
                    1409.04077778344,
                    887.7114328662425
                ],
                [
                    1385.9587481273888,
                    889.6349353375799
                ],
                [
                    1369.6089771210193,
                    923.2962285859876
                ],
                [
                    1359.9914647643316,
                    974.2690440764337
                ],
                [
                    1354.220957350319,
                    1012.7390935031852
                ],
                [
                    1343.6416937579622,
                    1017.5478496815292
                ],
                [
                    1338.0635365910832,
                    1050.2473916942681
                ],
                [
                    1340.3717395566885,
                    1069.4824164076438
                ],
                [
                    1347.2963484535037,
                    1099.48905496051
                ],
                [
                    1348.0657494420384,
                    1191.047772596179
                ],
                [
                    1349.604551419109,
                    1256.4468566216567
                ],
                [
                    1357.2985613044596,
                    1346.4667722802553
                ],
                [
                    1372.68658107516,
                    1418.0210642140137
                ],
                [
                    1388.0746008458605,
                    1465.7239255031855
                ],
                [
                    1402.693219628026,
                    1479.573143296816
                ],
                [
                    1429.6222542267524,
                    1471.8791334114658
                ],
                [
                    1441.1632690547776,
                    1461.1075195719754
                ],
                [
                    1462.7064967337587,
                    1467.2627274802558
                ],
                [
                    1523.4891748280263,
                    1499.5775689987272
                ],
                [
                    1581.1942489681537,
                    1534.9700144713383
                ],
                [
                    1608.1232835668798,
                    1534.9700144713383
                ],
                [
                    1673.5223675923573,
                    1534.9700144713383
                ],
                [
                    1872.0278226343958,
                    1532.6618115057336
                ],
                [
                    2066.6862727337593,
                    1532.6618115057336
                ],
                [
                    2325.9744058700653,
                    1534.200613482803
                ],
                [
                    2472.1605936917213,
                    1527.276004585988
                ],
                [
                    2638.3512072152885,
                    1518.8125937121024
                ],
                [
                    2668.3578457681547,
                    1512.6573858038219
                ],
                [
                    2687.592870481531,
                    1494.1917620789811
                ],
                [
                    2701.442088275161,
                    1474.9567373656057
                ],
                [
                    2718.3689100229317,
                    1442.6418958471343
                ],
                [
                    2724.5241179312115,
                    1424.9456731108285
                ],
                [
                    2738.373335724843,
                    1414.174059271338
                ],
                [
                    2759.1471624152887,
                    1385.7062226955418
                ],
                [
                    2782.2291920713387,
                    1321.0765396585991
                ],
                [
                    2794.5396078879,
                    1226.44021806879
                ],
                [
                    2795.309008876435,
                    1144.1143122955414
                ]
            ]
        }
    ]
}