{
    "IMAGE_INFO": {
        "FILE_NAME": "101779@3_01002_220808_P1_T1.jpg",
        "DATE": "2022-08-08 07:57:04",
        "RESOLUTION": "4000 x 2250",
        "IMAGE_PHOTOGRAPHER": "황서현",
        "FOCUS_DISTANCE": "4.6",
        "EXPOSURE_TIME": "0.04167",
        "SENSITIVITY_ISO": null,
        "PLACE": "주택가분리수거장",
        "REGION_NAME": null,
        "Direction": "3",
        "HEIGHT": null,
        "DAY/NIGHT": "주간",
        "WEATHER": "비",
        "IMAGE_HEIGHT": 2250,
        "IMAGE_WIDTH": 4000,
        "IMAGE_SIZE": "2.7 MB"
    },
    "ANNOTATION_INFO": [
        {
            "ID": "1",
            "CLASS": "금속캔",
            "DETAILS": "알루미늄캔",
            "DAMAGE": "원형",
            "DIRTINESS": "오염없음",
            "COVER": "없음",
            "TRANSPARENCY": "불투명",
            "SHAPE": "홀쭉한 원통형",
            "SHAPE_TYPE": "POLYGON",
            "POINTS": [
                [
                    2283.966878980892,
                    1202.3818471337581
                ],
                [
                    2221.3528662420385,
                    963.665923566879
                ],
                [
                    2137.2152866242036,
                    629.0722929936303
                ],
                [
                    2076.5579617834396,
                    415.7933121019106
                ],
                [
                    2039.380891719745,
                    370.78949044585954
                ],
                [
                    2000.2471337579618,
                    331.6557324840761
                ],
                [
                    1925.8929936305733,
                    296.43535031847097
                ],
                [
                    1859.3656050955415,
                    280.7818471337576
                ],
                [
                    1783.0547770700637,
                    282.7385350318468
                ],
                [
                    1714.5707006369425,
                    300.3487261146493
                ],
                [
                    1644.1299363057324,
                    349.26592356687866
                ],
                [
                    1604.9961783439487,
                    386.44299363057297
                ],
                [
                    1577.6025477707005,
                    425.57675159235635
                ],
                [
                    1561.9490445859872,
                    468.6238853503181
                ],
                [
                    1514.988535031847,
                    775.8238853503183
                ],
                [
                    1454.3312101910826,
                    1161.2914012738854
                ],
                [
                    1426.9375796178344,
                    1345.2200636942675
                ],
                [
                    1442.5910828025478,
                    1433.2710191082804
                ],
                [
                    1491.5082802547772,
                    1517.4085987261146
                ],
                [
                    1548.2522292993633,
                    1578.0659235668793
                ],
                [
                    1630.4331210191085,
                    1646.55
                ],
                [
                    1745.8777070063697,
                    1695.4671974522294
                ],
                [
                    1876.9757961783441,
                    1707.2073248407644
                ],
                [
                    1988.507006369427,
                    1687.6404458598727
                ],
                [
                    2090.254777070064,
                    1650.4633757961788
                ],
                [
                    2166.5656050955417,
                    1599.58949044586
                ],
                [
                    2235.049681528663,
                    1521.3219745222932
                ],
                [
                    2280.053503184714,
                    1437.1843949044587
                ],
                [
                    2301.577070063695,
                    1364.7869426751595
                ],
                [
                    2307.447133757962,
                    1308.0429936305732
                ],
                [
                    2299.620382165606,
                    1243.4722929936306
                ]
            ]
        }
    ]
}