{
    "IMAGE_INFO": {
        "FILE_NAME": "101784@2_01002_220808_P1_T1.jpg",
        "DATE": "2022-08-08 07:57:57",
        "RESOLUTION": "4000 x 2250",
        "IMAGE_PHOTOGRAPHER": "황서현",
        "FOCUS_DISTANCE": "4.6",
        "EXPOSURE_TIME": "0.03333",
        "SENSITIVITY_ISO": null,
        "PLACE": "주택가분리수거장",
        "REGION_NAME": null,
        "Direction": "2",
        "HEIGHT": null,
        "DAY/NIGHT": "주간",
        "WEATHER": "비",
        "IMAGE_HEIGHT": 2250,
        "IMAGE_WIDTH": 4000,
        "IMAGE_SIZE": "2.9 MB"
    },
    "ANNOTATION_INFO": [
        {
            "ID": "1",
            "CLASS": "금속캔",
            "DETAILS": "알루미늄캔",
            "DAMAGE": "원형",
            "DIRTINESS": "오염없음",
            "COVER": "없음",
            "TRANSPARENCY": "불투명",
            "SHAPE": "뚱뚱한 원통형",
            "SHAPE_TYPE": "POLYGON",
            "POINTS": [
                [
                    3046.672203821657,
                    1104.4080382165605
                ],
                [
                    3042.915363057326,
                    1016.7484203821656
                ],
                [
                    3031.644840764332,
                    926.5842420382164
                ],
                [
                    3010.356076433122,
                    851.4474267515922
                ],
                [
                    2986.5627515923575,
                    786.3288535031845
                ],
                [
                    2947.742063694268,
                    729.9762420382165
                ],
                [
                    2900.1554140127396,
                    704.9306369426749
                ],
                [
                    2865.0915668789817,
                    703.6783566878979
                ],
                [
                    2847.5596433121027,
                    708.6874777070061
                ],
                [
                    2842.550522292994,
                    716.2011592356686
                ],
                [
                    2791.207031847134,
                    686.1464331210187
                ],
                [
                    2653.456203821657,
                    600.9913757961781
                ],
                [
                    2548.264662420383,
                    599.7390955414008
                ],
                [
                    2019.8023949044593,
                    582.2071719745221
                ],
                [
                    1473.8082038216567,
                    562.1706878980889
                ],
                [
                    1046.7806369426755,
                    544.63876433121
                ],
                [
                    1004.2031082802552,
                    558.4138471337577
                ],
                [
                    969.1392611464971,
                    585.9640127388533
                ],
                [
                    946.5982165605099,
                    624.7847006369425
                ],
                [
                    925.3094522292996,
                    658.5962675159233
                ],
                [
                    921.5526114649684,
                    677.3804713375794
                ],
                [
                    882.7319235668791,
                    696.1646751592355
                ],
                [
                    851.4249171974525,
                    734.9853630573247
                ],
                [
                    832.6407133757964,
                    772.553770700637
                ],
                [
                    808.8473885350321,
                    843.9337452229298
                ],
                [
                    790.063184713376,
                    941.6116050955412
                ],
                [
                    782.5495031847136,
                    1053.0645477707005
                ],
                [
                    781.2972229299364,
                    1180.7971337579615
                ],
                [
                    795.0723057324843,
                    1314.7911210191082
                ],
                [
                    808.8473885350321,
                    1368.6391719745222
                ],
                [
                    838.9021146496817,
                    1426.2440636942677
                ],
                [
                    868.9568407643316,
                    1480.0921146496814
                ],
                [
                    900.2638471337584,
                    1507.642280254777
                ],
                [
                    924.0571719745226,
                    1551.4720891719744
                ],
                [
                    960.3732993630576,
                    1610.3292611464967
                ],
                [
                    1016.725910828026,
                    1641.6362675159235
                ],
                [
                    1086.853605095542,
                    1645.3931082802546
                ],
                [
                    1324.7868535031853,
                    1642.8885477707004
                ],
                [
                    1445.0057579617842,
                    1639.1317070063692
                ],
                [
                    1773.1031847133765,
                    1641.6362675159235
                ],
                [
                    2269.006165605096,
                    1641.6362675159235
                ],
                [
                    2639.6811210191095,
                    1642.8885477707006
                ],
                [
                    2679.7540891719755,
                    1625.3566242038214
                ],
                [
                    2732.3498598726123,
                    1592.7973375796178
                ],
                [
                    2792.459312101912,
                    1558.985770700637
                ],
                [
                    2818.7571974522302,
                    1542.7061273885352
                ],
                [
                    2831.280000000001,
                    1543.958407643312
                ],
                [
                    2865.091566878982,
                    1558.985770700637
                ],
                [
                    2910.1736560509567,
                    1542.7061273885347
                ],
                [
                    2942.73294267516,
                    1515.1559617834391
                ],
                [
                    2970.283108280256,
                    1475.082993630573
                ],
                [
                    3001.5901146496826,
                    1409.9644203821651
                ],
                [
                    3030.392560509556,
                    1301.0160382165598
                ],
                [
                    3042.915363057327,
                    1222.1223821656042
                ],
                [
                    3046.6722038216576,
                    1131.9582038216556
                ]
            ]
        }
    ]
}