{
    "IMAGE_INFO": {
        "FILE_NAME": "101771@5_01002_220808_P1_T1.jpg",
        "DATE": "2022-08-08 09:31:57",
        "RESOLUTION": "4000 x 2250",
        "IMAGE_PHOTOGRAPHER": "황서현",
        "FOCUS_DISTANCE": "4.6",
        "EXPOSURE_TIME": "0.02500",
        "SENSITIVITY_ISO": null,
        "PLACE": "주택가분리수거장",
        "REGION_NAME": null,
        "Direction": "5",
        "HEIGHT": null,
        "DAY/NIGHT": "주간",
        "WEATHER": "비",
        "IMAGE_HEIGHT": 2250,
        "IMAGE_WIDTH": 4000,
        "IMAGE_SIZE": "3.5 MB"
    },
    "ANNOTATION_INFO": [
        {
            "ID": "1",
            "CLASS": "금속캔",
            "DETAILS": "알루미늄캔",
            "DAMAGE": "원형",
            "DIRTINESS": "이물질(외부)",
            "COVER": "없음",
            "TRANSPARENCY": "불투명",
            "SHAPE": "뚱뚱한 원통형",
            "SHAPE_TYPE": "POLYGON",
            "POINTS": [
                [
                    3094.585253503184,
                    966.0485579617836
                ],
                [
                    3084.5670114649674,
                    888.9080942675159
                ],
                [
                    3063.5287031847133,
                    799.7457401273884
                ],
                [
                    3041.488570700636,
                    736.6308152866242
                ],
                [
                    3006.424723566879,
                    683.5341324840763
                ],
                [
                    2952.326216560509,
                    621.4210318471337
                ],
                [
                    2923.273314649681,
                    597.3772509554138
                ],
                [
                    2884.2021707006365,
                    585.3553605095541
                ],
                [
                    2838.11825732484,
                    578.3425910828024
                ],
                [
                    2599.6840968152856,
                    566.3207006369425
                ],
                [
                    2258.0620433121007,
                    553.2969859872609
                ],
                [
                    1959.5184305732469,
                    537.2677987261143
                ],
                [
                    1667.9875872611447,
                    522.2404356687895
                ],
                [
                    1608.8799592356668,
                    520.2367872611461
                ],
                [
                    1570.810639490444,
                    531.2568535031843
                ],
                [
                    1544.7632101910806,
                    538.2696229299358
                ],
                [
                    1489.6628789808897,
                    578.3425910828022
                ],
                [
                    1437.5680203821637,
                    612.4046140127385
                ],
                [
                    1385.4731617834373,
                    660.4921757961779
                ],
                [
                    1317.3491159235646,
                    719.5998038216557
                ],
                [
                    1296.3108076433098,
                    736.6308152866237
                ],
                [
                    1260.2451363057303,
                    740.6381121019105
                ],
                [
                    1217.1666955413991,
                    757.6691235668786
                ],
                [
                    1187.1119694267495,
                    756.6672993630572
                ],
                [
                    1170.0809579617812,
                    736.6308152866238
                ],
                [
                    1129.0061656050934,
                    722.6052764331207
                ],
                [
                    1097.9496152866222,
                    729.6180458598723
                ],
                [
                    1073.9058343949023,
                    739.6362878980889
                ],
                [
                    1066.8930649681508,
                    726.6125732484073
                ],
                [
                    1049.8620535031826,
                    721.603452229299
                ],
                [
                    1027.8219210191062,
                    720.6016280254773
                ],
                [
                    1006.7836127388514,
                    733.625342675159
                ],
                [
                    995.7635464968131,
                    727.614397452229
                ],
                [
                    976.7288866242017,
                    726.6125732484073
                ],
                [
                    964.7069961783419,
                    732.6235184713373
                ],
                [
                    945.6723363057303,
                    723.6071006369423
                ],
                [
                    929.6431490445839,
                    723.6071006369423
                ],
                [
                    912.6121375796156,
                    726.6125732484073
                ],
                [
                    886.5647082802526,
                    721.603452229299
                ],
                [
                    840.4807949044564,
                    722.6052764331207
                ],
                [
                    814.4333656050933,
                    736.6308152866238
                ],
                [
                    779.3695184713353,
                    771.694662420382
                ],
                [
                    755.3257375796155,
                    821.7858726114647
                ],
                [
                    734.2874292993607,
                    883.8989732484075
                ],
                [
                    720.2618904458575,
                    960.0376127388535
                ],
                [
                    720.2618904458575,
                    1023.1525375796176
                ],
                [
                    718.2582420382142,
                    1097.2875286624203
                ],
                [
                    732.2837808917175,
                    1173.4261681528662
                ],
                [
                    755.3257375796155,
                    1236.5410929936306
                ],
                [
                    778.3676942675136,
                    1280.6213579617834
                ],
                [
                    802.4114751592333,
                    1308.6724356687898
                ],
                [
                    829.4607286624182,
                    1317.6888535031849
                ],
                [
                    868.5318726114627,
                    1324.7016229299363
                ],
                [
                    899.588422929934,
                    1326.7052713375797
                ],
                [
                    918.6230828025455,
                    1317.6888535031849
                ],
                [
                    951.6832815286601,
                    1324.7016229299363
                ],
                [
                    966.7106445859849,
                    1316.687029299363
                ],
                [
                    997.7671949044563,
                    1327.7070955414015
                ],
                [
                    1017.8036789808896,
                    1335.7216891719747
                ],
                [
                    1037.8401630573226,
                    1337.7253375796179
                ],
                [
                    1074.907658598724,
                    1313.681556687898
                ],
                [
                    1093.9423184713353,
                    1328.7089197452228
                ],
                [
                    1111.9751541401254,
                    1336.7235133757958
                ],
                [
                    1142.029880254775,
                    1336.7235133757958
                ],
                [
                    1163.0681885350298,
                    1321.6961503184714
                ],
                [
                    1177.093727388533,
                    1306.6687872611462
                ],
                [
                    1205.1448050955394,
                    1309.6742598726112
                ],
                [
                    1233.1958828025458,
                    1324.701622929936
                ],
                [
                    1265.2542573248386,
                    1331.7143923566873
                ],
                [
                    1288.2962140127368,
                    1336.7235133757958
                ],
                [
                    1310.3363464968131,
                    1352.7527006369426
                ],
                [
                    1401.502349044584,
                    1432.898636942675
                ],
                [
                    1505.6920662420364,
                    1530.0755847133755
                ],
                [
                    1533.7431439490426,
                    1549.1102445859874
                ],
                [
                    1585.8380025477686,
                    1564.1376076433119
                ],
                [
                    1854.3268891719727,
                    1569.1467286624202
                ],
                [
                    2087.751928662419,
                    1575.1576738853498
                ],
                [
                    2179.9197554140114,
                    1587.1795643312096
                ],
                [
                    2332.1970343949033,
                    1585.1759159235662
                ],
                [
                    2421.3593885350306,
                    1586.177740127388
                ],
                [
                    2491.4870828025464,
                    1591.1868611464959
                ],
                [
                    2544.5837656050944,
                    1592.1886853503179
                ],
                [
                    2813.072652229298,
                    1603.208751592356
                ],
                [
                    2859.1565656050943,
                    1597.1978063694262
                ],
                [
                    2897.225885350317,
                    1580.1667949044581
                ],
                [
                    2935.2952050955405,
                    1548.1084203821651
                ],
                [
                    2972.362700636941,
                    1507.0336280254771
                ],
                [
                    3012.4356687898076,
                    1450.9314726114642
                ],
                [
                    3048.5013401273877,
                    1372.7891847133747
                ],
                [
                    3080.559714649681,
                    1252.570280254776
                ],
                [
                    3093.5834292993645,
                    1129.3459031847126
                ],
                [
                    3096.58890191083,
                    1028.1616585987251
                ]
            ]
        }
    ]
}