{
    "IMAGE_INFO": {
        "FILE_NAME": "101820@4_01002_220808_P1_T1.jpg",
        "DATE": "2022-08-08 07:57:07",
        "RESOLUTION": "4000 x 2250",
        "IMAGE_PHOTOGRAPHER": "황서현",
        "FOCUS_DISTANCE": "4.6",
        "EXPOSURE_TIME": "0.04167",
        "SENSITIVITY_ISO": null,
        "PLACE": "주택가분리수거장",
        "REGION_NAME": null,
        "Direction": "4",
        "HEIGHT": null,
        "DAY/NIGHT": "주간",
        "WEATHER": "비",
        "IMAGE_HEIGHT": 2250,
        "IMAGE_WIDTH": 4000,
        "IMAGE_SIZE": "3.3 MB"
    },
    "ANNOTATION_INFO": [
        {
            "ID": "1",
            "CLASS": "금속캔",
            "DETAILS": "알루미늄캔",
            "DAMAGE": "원형",
            "DIRTINESS": "오염없음",
            "COVER": "없음",
            "TRANSPARENCY": "불투명",
            "SHAPE": "홀쭉한 원통형",
            "SHAPE_TYPE": "POLYGON",
            "POINTS": [
                [
                    2234.6610955414017,
                    1286.8279108280253
                ],
                [
                    2197.092687898089,
                    1053.9037834394903
                ],
                [
                    2150.7583184713376,
                    750.8519617834393
                ],
                [
                    2110.685350318471,
                    471.5934649681527
                ],
                [
                    2084.387464968153,
                    421.5022547770698
                ],
                [
                    2050.5758980891724,
                    381.42928662420366
                ],
                [
                    2005.4938089171976,
                    341.3563184713374
                ],
                [
                    1942.8797961783437,
                    301.2833503184711
                ],
                [
                    1880.26578343949,
                    285.0037070063692
                ],
                [
                    1820.156331210191,
                    285.0037070063692
                ],
                [
                    1728.7398726114648,
                    295.02194904458577
                ],
                [
                    1697.432866242038,
                    312.5538726114648
                ],
                [
                    1626.0528917197448,
                    361.39280254777054
                ],
                [
                    1588.4844840764324,
                    400.2134904458597
                ],
                [
                    1567.1957197452223,
                    439.0341783439489
                ],
                [
                    1548.4115159235664,
                    500.39591082802525
                ],
                [
                    1485.797503184713,
                    778.4021273885351
                ],
                [
                    1423.1834904458594,
                    1040.128700636943
                ],
                [
                    1366.830878980891,
                    1256.7731847133762
                ],
                [
                    1363.0740382165598,
                    1300.6029936305738
                ],
                [
                    1360.5694777070057,
                    1324.396318471338
                ],
                [
                    1353.0557961783434,
                    1400.7854140127392
                ],
                [
                    1359.3171974522286,
                    1465.9039872611468
                ],
                [
                    1385.615082802547,
                    1533.5271210191086
                ],
                [
                    1425.6880509554135,
                    1594.8888535031851
                ],
                [
                    1490.8066242038212,
                    1657.5028662420384
                ],
                [
                    1567.1957197452227,
                    1703.8372356687898
                ],
                [
                    1638.5756942675157,
                    1731.3874012738856
                ],
                [
                    1713.7125095541398,
                    1747.6670445859875
                ],
                [
                    1813.894929936305,
                    1753.928445859873
                ],
                [
                    1905.3113885350313,
                    1741.4056433121023
                ],
                [
                    1966.6731210191078,
                    1726.3782802547773
                ],
                [
                    2028.034853503184,
                    1702.584955414013
                ],
                [
                    2091.901146496815,
                    1666.2688280254781
                ],
                [
                    2155.767439490445,
                    1618.6821783439495
                ],
                [
                    2204.606369426751,
                    1563.5818471337584
                ],
                [
                    2230.9042547770696,
                    1498.4632738853509
                ],
                [
                    2244.679337579617,
                    1437.1015414012743
                ],
                [
                    2244.679337579617,
                    1380.7489299363062
                ],
                [
                    2238.417936305732,
                    1334.4145605095548
                ]
            ]
        }
    ]
}