{
    "IMAGE_INFO": {
        "FILE_NAME": "101815@5_01002_220808_P1_T1.jpg",
        "DATE": "2022-08-08 07:54:50",
        "RESOLUTION": "4000 x 2250",
        "IMAGE_PHOTOGRAPHER": "황서현",
        "FOCUS_DISTANCE": "4.6",
        "EXPOSURE_TIME": "0.03333",
        "SENSITIVITY_ISO": null,
        "PLACE": "주택가분리수거장",
        "REGION_NAME": null,
        "Direction": "5",
        "HEIGHT": null,
        "DAY/NIGHT": "주간",
        "WEATHER": "비",
        "IMAGE_HEIGHT": 2250,
        "IMAGE_WIDTH": 4000,
        "IMAGE_SIZE": "3.0 MB"
    },
    "ANNOTATION_INFO": [
        {
            "ID": "1",
            "CLASS": "금속캔",
            "DETAILS": "알루미늄캔",
            "DAMAGE": "원형",
            "DIRTINESS": "오염없음",
            "COVER": "없음",
            "TRANSPARENCY": "불투명",
            "SHAPE": "홀쭉한 원통형",
            "SHAPE_TYPE": "POLYGON",
            "POINTS": [
                [
                    3024.595872611466,
                    1036.301847133758
                ],
                [
                    3017.082191082803,
                    942.3808280254779
                ],
                [
                    2997.04570700637,
                    840.9461273885352
                ],
                [
                    2972.0001019108286,
                    765.8093121019109
                ],
                [
                    2929.4225732484088,
                    710.7089808917198
                ],
                [
                    2850.528917197453,
                    660.6177707006368
                ],
                [
                    2802.9422675159244,
                    643.085847133758
                ],
                [
                    2565.0090191082804,
                    636.8244458598726
                ],
                [
                    2129.21549044586,
                    620.5448025477705
                ],
                [
                    1703.4402038216556,
                    603.0128789808915
                ],
                [
                    1262.6375541401271,
                    584.2286751592355
                ],
                [
                    1238.8442292993627,
                    596.7514777070062
                ],
                [
                    1227.573707006369,
                    603.0128789808915
                ],
                [
                    1193.7621401273882,
                    601.7605987261145
                ],
                [
                    1186.2484585987256,
                    586.7332356687897
                ],
                [
                    1136.1572484076428,
                    582.9763949044584
                ],
                [
                    1107.35480254777,
                    604.2651592356686
                ],
                [
                    1077.3000764331207,
                    659.3654904458598
                ],
                [
                    1056.01131210191,
                    753.28650955414
                ],
                [
                    1039.731668789808,
                    863.4871719745222
                ],
                [
                    1028.4611464968145,
                    1055.0860509554138
                ],
                [
                    1030.9657070063688,
                    1171.5481146496816
                ],
                [
                    1042.2362292993623,
                    1290.514738853503
                ],
                [
                    1058.5158726114644,
                    1405.7245222929932
                ],
                [
                    1089.8228789808911,
                    1474.599936305732
                ],
                [
                    1101.0934012738844,
                    1494.6364203821654
                ],
                [
                    1147.4277707006363,
                    1493.3841401273883
                ],
                [
                    1162.4551337579612,
                    1479.6090573248405
                ],
                [
                    1182.4916178343942,
                    1469.590815286624
                ],
                [
                    1203.7803821656044,
                    1470.843095541401
                ],
                [
                    1235.087388535031,
                    1490.8795796178342
                ],
                [
                    1283.9263184713368,
                    1494.6364203821654
                ],
                [
                    1637.0693503184707,
                    1498.3932611464966
                ],
                [
                    2140.486012738854,
                    1505.906942675159
                ],
                [
                    2577.5318216560518,
                    1513.4206242038215
                ],
                [
                    2810.4559490445868,
                    1517.1774649681527
                ],
                [
                    2839.258394904459,
                    1504.654662420382
                ],
                [
                    2879.3313630573252,
                    1475.8522165605093
                ],
                [
                    2936.9362547770706,
                    1435.7792484076424
                ],
                [
                    2966.9909808917205,
                    1376.9220764331203
                ],
                [
                    2994.541146496816,
                    1301.785261146496
                ],
                [
                    3020.839031847134,
                    1137.7365477706996
                ]
            ]
        }
    ]
}