{
    "IMAGE_INFO": {
        "FILE_NAME": "101819@5_01002_220808_P1_T1.jpg",
        "DATE": "2022-08-08 07:55:30",
        "RESOLUTION": "4000 x 2250",
        "IMAGE_PHOTOGRAPHER": "황서현",
        "FOCUS_DISTANCE": "4.6",
        "EXPOSURE_TIME": "0.02500",
        "SENSITIVITY_ISO": null,
        "PLACE": "주택가분리수거장",
        "REGION_NAME": null,
        "Direction": "5",
        "HEIGHT": null,
        "DAY/NIGHT": "주간",
        "WEATHER": "비",
        "IMAGE_HEIGHT": 2250,
        "IMAGE_WIDTH": 4000,
        "IMAGE_SIZE": "1.6 MB"
    },
    "ANNOTATION_INFO": [
        {
            "ID": "1",
            "CLASS": "금속캔",
            "DETAILS": "알루미늄캔",
            "DAMAGE": "찌그러짐",
            "DIRTINESS": "오염없음",
            "COVER": "없음",
            "TRANSPARENCY": "불투명",
            "SHAPE": "뚱뚱하고 긴 원통형",
            "SHAPE_TYPE": "POLYGON",
            "POINTS": [
                [
                    3070.1059872611468,
                    628.4807006369425
                ],
                [
                    2808.692484076433,
                    628.4807006369425
                ],
                [
                    2271.777324840764,
                    625.3499999999997
                ],
                [
                    1764.6038216560507,
                    628.4807006369423
                ],
                [
                    1294.998726114649,
                    625.3499999999996
                ],
                [
                    1180.728152866241,
                    625.3499999999996
                ],
                [
                    1147.8557961783429,
                    637.8728025477702
                ],
                [
                    1089.9378343949033,
                    669.179808917197
                ],
                [
                    1050.80407643312,
                    695.7907643312097
                ],
                [
                    1022.6277707006357,
                    708.3135668789805
                ],
                [
                    996.016815286623,
                    691.0947133757958
                ],
                [
                    956.8830573248397,
                    692.6600636942671
                ],
                [
                    925.5760509554129,
                    713.0096178343944
                ],
                [
                    897.3997452229287,
                    758.4047770700633
                ],
                [
                    875.4848407643301,
                    850.7604458598722
                ],
                [
                    862.9620382165592,
                    1007.295477707006
                ],
                [
                    866.0927388535019,
                    1159.1344585987258
                ],
                [
                    883.3115923566867,
                    1292.1892356687893
                ],
                [
                    903.661146496814,
                    1382.9795541401272
                ],
                [
                    939.6642038216548,
                    1442.4628662420378
                ],
                [
                    1002.2782165605084,
                    1439.3321656050955
                ],
                [
                    1027.3238216560496,
                    1429.940063694267
                ],
                [
                    1060.1961783439478,
                    1429.940063694267
                ],
                [
                    1091.5031847133746,
                    1454.9856687898086
                ],
                [
                    1141.5943949044577,
                    1489.4233757961779
                ],
                [
                    1172.9014012738844,
                    1498.815477707006
                ],
                [
                    1547.0201273885343,
                    1508.207579617834
                ],
                [
                    2046.3668789808908,
                    1503.51152866242
                ],
                [
                    2442.4005095541393,
                    1494.119426751592
                ],
                [
                    2922.9630573248405,
                    1478.4659235668785
                ],
                [
                    3101.412993630573,
                    1476.9005732484072
                ],
                [
                    3140.546751592357,
                    1436.2014649681525
                ],
                [
                    3185.9419108280254,
                    1356.3685987261142
                ],
                [
                    3237.5984713375788,
                    1229.5752229299362
                ],
                [
                    3261.0787261146493,
                    1123.131401273885
                ],
                [
                    3264.2094267515918,
                    1043.2985350318468
                ],
                [
                    3253.2519745222917,
                    938.4200636942671
                ],
                [
                    3240.7291719745213,
                    861.7178980891716
                ],
                [
                    3223.5103184713366,
                    805.3652866242036
                ],
                [
                    3196.899363057324,
                    763.1008280254774
                ],
                [
                    3171.8537579617823,
                    706.7482165605091
                ],
                [
                    3132.719999999999,
                    662.9184076433118
                ],
                [
                    3107.6743949044576,
                    642.5688535031844
                ]
            ]
        }
    ]
}