{
    "IMAGE_INFO": {
        "FILE_NAME": "103407@4_01002_220804_P1_T1.jpg",
        "DATE": "2022-08-04 13:52:40",
        "RESOLUTION": "4032 x 3024",
        "IMAGE_PHOTOGRAPHER": "송명임",
        "FOCUS_DISTANCE": "4.2",
        "EXPOSURE_TIME": "0.01667",
        "SENSITIVITY_ISO": null,
        "PLACE": "주택가분리수거장",
        "REGION_NAME": null,
        "Direction": "4",
        "HEIGHT": null,
        "DAY/NIGHT": "주간",
        "WEATHER": "맑음",
        "IMAGE_HEIGHT": 3024,
        "IMAGE_WIDTH": 4032,
        "IMAGE_SIZE": "5.2 MB"
    },
    "ANNOTATION_INFO": [
        {
            "ID": "1",
            "CLASS": "금속캔",
            "DETAILS": "알루미늄캔",
            "DAMAGE": "찌그러짐",
            "DIRTINESS": "이물질(전체)",
            "COVER": "없음",
            "TRANSPARENCY": "불투명",
            "SHAPE": "사각기둥형",
            "SHAPE_TYPE": "POLYGON",
            "POINTS": [
                [
                    2595.536202531646,
                    907.1042843280262
                ],
                [
                    2342.3878481012657,
                    898.9382083786589
                ],
                [
                    1787.0946835443037,
                    894.8551704039754
                ],
                [
                    1680.9356962025313,
                    903.0212463533426
                ],
                [
                    1595.1918987341771,
                    935.685550150811
                ],
                [
                    1550.278481012658,
                    976.5159298976464
                ],
                [
                    1529.8632911392401,
                    1041.8445374925832
                ],
                [
                    1513.531139240506,
                    1160.252638758406
                ],
                [
                    1484.9498734177214,
                    1229.664284328026
                ],
                [
                    1444.119493670886,
                    1294.992891922963
                ],
                [
                    1415.538227848101,
                    1392.985803315368
                ],
                [
                    1419.6212658227846,
                    1539.9751704039757
                ],
                [
                    1448.2025316455695,
                    1682.8814995178996
                ],
                [
                    1525.7802531645568,
                    1752.29314508752
                ],
                [
                    1603.3579746835442,
                    1793.1235248343553
                ],
                [
                    1713.5999999999997,
                    1797.2065628090386
                ],
                [
                    1905.5027848101263,
                    1780.874410910305
                ],
                [
                    2019.8278481012658,
                    1760.4592210368867
                ],
                [
                    2085.1564556962026,
                    1748.2101071128366
                ],
                [
                    2211.730632911392,
                    1768.6252969862542
                ],
                [
                    2432.214683544304,
                    1797.2065628090386
                ],
                [
                    2579.2040506329113,
                    1813.5387147077734
                ],
                [
                    2677.1969620253167,
                    1801.2896007837226
                ],
                [
                    2771.106835443038,
                    1752.29314508752
                ],
                [
                    2816.0202531645573,
                    1703.2966893913172
                ],
                [
                    2848.684556962025,
                    1609.386815973596
                ],
                [
                    2869.0997468354435,
                    1466.4804868596718
                ],
                [
                    2865.016708860759,
                    1376.6536514166337
                ],
                [
                    2828.269367088608,
                    1339.906309644482
                ],
                [
                    2787.438987341772,
                    1294.992891922963
                ],
                [
                    2771.106835443038,
                    1245.9964362267604
                ],
                [
                    2730.276455696202,
                    1131.671372935621
                ],
                [
                    2701.695189873418,
                    1033.678461543216
                ],
                [
                    2673.1139240506327,
                    947.9346640748614
                ],
                [
                    2640.4496202531645,
                    923.4364362267604
                ]
            ]
        }
    ]
}