{
    "IMAGE_INFO": {
        "FILE_NAME": "103571@5_01002_220804_P1_T1.jpg",
        "DATE": "2022-08-04 13:34:34",
        "RESOLUTION": "4032 x 3024",
        "IMAGE_PHOTOGRAPHER": "송명임",
        "FOCUS_DISTANCE": "4.2",
        "EXPOSURE_TIME": "0.00833",
        "SENSITIVITY_ISO": null,
        "PLACE": "주택가분리수거장",
        "REGION_NAME": null,
        "Direction": "5",
        "HEIGHT": null,
        "DAY/NIGHT": "주간",
        "WEATHER": "맑음",
        "IMAGE_HEIGHT": 3024,
        "IMAGE_WIDTH": 4032,
        "IMAGE_SIZE": "4.8 MB"
    },
    "ANNOTATION_INFO": [
        {
            "ID": "1",
            "CLASS": "금속캔",
            "DETAILS": "알루미늄캔",
            "DAMAGE": "찌그러짐",
            "DIRTINESS": "오염없음",
            "COVER": "없음",
            "TRANSPARENCY": "불투명",
            "SHAPE": "뚱뚱하고 긴 원통형",
            "SHAPE_TYPE": "POLYGON",
            "POINTS": [
                [
                    2140.8813611465253,
                    1935.219555952991
                ],
                [
                    2324.6026771293577,
                    1899.495966734107
                ],
                [
                    2806.020569936225,
                    1754.9004865624331
                ],
                [
                    2857.0542688203454,
                    1715.774650751274
                ],
                [
                    2908.0879677044654,
                    1651.1319654980553
                ],
                [
                    2943.8115569233496,
                    1656.2353353864673
                ],
                [
                    2966.334429364208,
                    1634.635152221434
                ],
                [
                    2982.360371712459,
                    1589.3444455850736
                ],
                [
                    2983.0571518145566,
                    1525.2406761920709
                ],
                [
                    2973.999010487284,
                    1440.9302838382307
                ],
                [
                    2937.069665076098,
                    1304.3613838270508
                ],
                [
                    2891.082178337639,
                    1186.6055465725133
                ],
                [
                    2833.946209965615,
                    1064.6690287053887
                ],
                [
                    2807.468566085897,
                    1020.7718822732239
                ],
                [
                    2790.0490635334504,
                    1023.5590026816153
                ],
                [
                    2767.055320164221,
                    1038.8881649277682
                ],
                [
                    2747.545477305481,
                    1043.7656256424532
                ],
                [
                    2629.789640050944,
                    1025.649342987909
                ],
                [
                    2592.8602946397573,
                    1020.075102171126
                ],
                [
                    2549.6599283096907,
                    1039.5849450298663
                ],
                [
                    2371.981002274738,
                    1129.4695782004892
                ],
                [
                    2299.5158716565606,
                    1135.74059911937
                ],
                [
                    2092.5721813334976,
                    1165.7021435095776
                ],
                [
                    1843.1249047824656,
                    1198.4508083081769
                ],
                [
                    1702.375324158699,
                    1229.8059129025803
                ],
                [
                    1703.0721042607968,
                    1220.0509914732104
                ],
                [
                    1627.1230731321305,
                    1177.5474052452412
                ],
                [
                    1540.0255603698988,
                    1133.6502588130766
                ],
                [
                    1418.0890425027742,
                    1059.7915679907037
                ],
                [
                    1275.945901674812,
                    976.8747358410591
                ],
                [
                    1259.9199593265614,
                    967.119814411689
                ],
                [
                    1219.5067134048859,
                    983.1457567599398
                ],
                [
                    1170.7321062580359,
                    1021.4686623753216
                ],
                [
                    1139.3770016636327,
                    1024.2557827837131
                ],
                [
                    1128.9253001321647,
                    1034.707484315181
                ],
                [
                    1108.7186771713268,
                    1108.5661751375535
                ],
                [
                    1052.9762690034986,
                    1266.7352583137665
                ],
                [
                    1008.3823424692357,
                    1436.749603225643
                ],
                [
                    993.0531802230832,
                    1516.1825348647988
                ],
                [
                    988.872499610496,
                    1551.7183200717893
                ],
                [
                    986.7821593042024,
                    1599.796147116541
                ],
                [
                    990.2660598146916,
                    1612.3381889543027
                ],
                [
                    1002.8081016524532,
                    1616.5188695668896
                ],
                [
                    1027.195405225878,
                    1651.3578746717826
                ],
                [
                    1041.827787369933,
                    1707.1002828396106
                ],
                [
                    1087.8152741083913,
                    1730.09402620884
                ],
                [
                    1234.139095548941,
                    1758.6620103948521
                ],
                [
                    1545.5998011866818,
                    1826.9464604004415
                ],
                [
                    1821.524721617432,
                    1881.2953083640741
                ],
                [
                    2123.2305058258025,
                    1931.463475715119
                ],
                [
                    2123.927285927901,
                    1935.6441563277067
                ]
            ]
        }
    ]
}