{
    "IMAGE_INFO": {
        "FILE_NAME": "103521@4_01002_220804_P1_T1.jpg",
        "DATE": "2022-08-04 13:33:53",
        "RESOLUTION": "4032 x 3024",
        "IMAGE_PHOTOGRAPHER": "송명임",
        "FOCUS_DISTANCE": "4.2",
        "EXPOSURE_TIME": "0.00833",
        "SENSITIVITY_ISO": null,
        "PLACE": "주택가분리수거장",
        "REGION_NAME": null,
        "Direction": "4",
        "HEIGHT": null,
        "DAY/NIGHT": "주간",
        "WEATHER": "맑음",
        "IMAGE_HEIGHT": 3024,
        "IMAGE_WIDTH": 4032,
        "IMAGE_SIZE": "4.8 MB"
    },
    "ANNOTATION_INFO": [
        {
            "ID": "1",
            "CLASS": "금속캔",
            "DETAILS": "알루미늄캔",
            "DAMAGE": "찌그러짐",
            "DIRTINESS": "오염없음",
            "COVER": "없음",
            "TRANSPARENCY": "불투명",
            "SHAPE": "홀쭉한 원통형",
            "SHAPE_TYPE": "POLYGON",
            "POINTS": [
                [
                    1451.3463944059322,
                    1425.730565841938
                ],
                [
                    1472.0179559213836,
                    1545.46961084653
                ],
                [
                    1497.8379063425698,
                    1687.206317539262
                ],
                [
                    1513.439084844797,
                    1790.79814279405
                ],
                [
                    1529.664310487113,
                    1848.2104796822457
                ],
                [
                    1535.5927583179594,
                    1880.9729545369225
                ],
                [
                    1557.7464317911222,
                    1941.817550695608
                ],
                [
                    1578.3399874140619,
                    1979.5724026709975
                ],
                [
                    1609.6671538465341,
                    2025.0030344694828
                ],
                [
                    1640.1206542828813,
                    2054.458059481688
                ],
                [
                    1668.5772038709435,
                    2079.419945085251
                ],
                [
                    1713.7582168133931,
                    2108.3757323853847
                ],
                [
                    1758.9392297558422,
                    2130.342191716521
                ],
                [
                    1807.8645255388265,
                    2148.813987063158
                ],
                [
                    1862.7773476558439,
                    2160.22646147989
                ],
                [
                    1902.2800503585465,
                    2166.3561912096197
                ],
                [
                    1957.674644953141,
                    2168.6264614798897
                ],
                [
                    2006.0314017098979,
                    2165.2210560744843
                ],
                [
                    2074.8205908990863,
                    2150.9183533717824
                ],
                [
                    2139.2962665747627,
                    2125.718353371782
                ],
                [
                    2179.025996304492,
                    2103.015650669079
                ],
                [
                    2224.4314017098977,
                    2070.0967317501595
                ],
                [
                    2263.707077385573,
                    2026.5075425609703
                ],
                [
                    2295.2638341423303,
                    1981.3291641825924
                ],
                [
                    2312.290861169358,
                    1947.275110128538
                ],
                [
                    2335.2205908990877,
                    1912.0859209393489
                ],
                [
                    2356.7881584666547,
                    1868.7237587771865
                ],
                [
                    2380.6259963044927,
                    1816.50754256097
                ],
                [
                    2409.0043746828715,
                    1759.296731750159
                ],
                [
                    2419.447617926114,
                    1736.1399749934023
                ],
                [
                    2447.371942250439,
                    1685.2859209393482
                ],
                [
                    2456.907077385574,
                    1646.9183533717803
                ],
                [
                    2455.317888196385,
                    1636.4751101285374
                ],
                [
                    2450.550320628817,
                    1632.1615966150234
                ],
                [
                    2443.7395098180077,
                    1555.4264614798883
                ],
                [
                    2430.7989692774668,
                    1480.5075425609693
                ],
                [
                    2426.2584287369264,
                    1373.5778128312395
                ],
                [
                    2431.480050358548,
                    1285.9453803988072
                ],
                [
                    2410.3665368450343,
                    1221.6967317501583
                ],
                [
                    2379.944915223413,
                    1123.3940290474552
                ],
                [
                    2330.6800503585478,
                    976.5075425609689
                ],
                [
                    2271.653023331521,
                    908.8534885069147
                ],
                [
                    2230.334104412602,
                    875.4805155339418
                ],
                [
                    2177.890861169359,
                    851.4156506690767
                ],
                [
                    2081.1773476558456,
                    822.1291641825904
                ],
                [
                    1995.1341044126013,
                    807.1453803988067
                ],
                [
                    1903.8692395477367,
                    803.9670020204284
                ],
                [
                    1838.031401709899,
                    818.2697047231309
                ],
                [
                    1762.4314017098989,
                    853.6859209393473
                ],
                [
                    1747.4476179261146,
                    862.0859209393471
                ],
                [
                    1679.5665368450336,
                    947.4480831015094
                ],
                [
                    1620.7665368450334,
                    1025.772407425834
                ],
                [
                    1586.9395098180064,
                    1065.7291641825907
                ],
                [
                    1546.0746449531416,
                    1117.71835337178
                ],
                [
                    1500.215185493682,
                    1208.5291641825909
                ],
                [
                    1471.6097800882767,
                    1259.6102452636724
                ],
                [
                    1449.1341044126018,
                    1358.8210560744833
                ],
                [
                    1444.820590899088,
                    1397.6426776961052
                ]
            ]
        }
    ]
}