{
    "IMAGE_INFO": {
        "FILE_NAME": "103585@4_01002_220804_P1_T1.jpg",
        "DATE": "2022-08-04 13:40:05",
        "RESOLUTION": "4032 x 3024",
        "IMAGE_PHOTOGRAPHER": "송명임",
        "FOCUS_DISTANCE": "4.2",
        "EXPOSURE_TIME": "0.00833",
        "SENSITIVITY_ISO": null,
        "PLACE": "주택가분리수거장",
        "REGION_NAME": null,
        "Direction": "4",
        "HEIGHT": null,
        "DAY/NIGHT": "주간",
        "WEATHER": "맑음",
        "IMAGE_HEIGHT": 3024,
        "IMAGE_WIDTH": 4032,
        "IMAGE_SIZE": "5.0 MB"
    },
    "ANNOTATION_INFO": [
        {
            "ID": "1",
            "CLASS": "금속캔",
            "DETAILS": "알루미늄캔",
            "DAMAGE": "찌그러짐",
            "DIRTINESS": "오염없음",
            "COVER": "없음",
            "TRANSPARENCY": "불투명",
            "SHAPE": "홀쭉한 원통형",
            "SHAPE_TYPE": "POLYGON",
            "POINTS": [
                [
                    1552.6871721941898,
                    2017.021071784327
                ],
                [
                    1574.8293631999745,
                    2077.6964263586206
                ],
                [
                    1592.3705794513098,
                    2107.890323184691
                ],
                [
                    1628.0281337982876,
                    2150.4493396633425
                ],
                [
                    1664.260809989572,
                    2178.630310034341
                ],
                [
                    1722.3481162644878,
                    2209.6868896268697
                ],
                [
                    1792.8005421919845,
                    2232.691763399114
                ],
                [
                    1879.3563797600525,
                    2247.3573704289192
                ],
                [
                    1951.2466102983146,
                    2246.782248584613
                ],
                [
                    2039.8153743214539,
                    2238.1554209200212
                ],
                [
                    2116.594140536318,
                    2221.7644483572976
                ],
                [
                    2173.8187640447745,
                    2202.21030565089
                ],
                [
                    2254.910944091934,
                    2170.5786042140544
                ],
                [
                    2306.096788235177,
                    2135.208610789229
                ],
                [
                    2356.41994961196,
                    2088.048619556129
                ],
                [
                    2384.313359060806,
                    2038.3005800236515
                ],
                [
                    2398.9789660906117,
                    1995.4540026228472
                ],
                [
                    2404.4426236115196,
                    1954.620351677114
                ],
                [
                    2404.4426236115196,
                    1939.6671837251556
                ],
                [
                    2418.8206697191713,
                    1889.3440223483724
                ],
                [
                    2425.4345709286913,
                    1835.8576908279056
                ],
                [
                    2439.5250561141916,
                    1733.1984416192665
                ],
                [
                    2445.8513964015588,
                    1681.437475631718
                ],
                [
                    2458.5040769762927,
                    1597.1821254408746
                ],
                [
                    2470.0065138624145,
                    1505.1626303518995
                ],
                [
                    2485.2472427365265,
                    1432.1221561250247
                ],
                [
                    2475.7577323054757,
                    1384.9621648919249
                ],
                [
                    2463.680173575048,
                    1353.3304634550893
                ],
                [
                    2465.1179781858127,
                    1332.3385161379165
                ],
                [
                    2451.315053922466,
                    1271.9507224857762
                ],
                [
                    2447.2892010123232,
                    1250.0960924021442
                ],
                [
                    2445.8513964015574,
                    1227.0912186299006
                ],
                [
                    2426.5848146173034,
                    1211.2753679114828
                ],
                [
                    2409.9062811324266,
                    1196.8973218038302
                ],
                [
                    2340.891659815695,
                    1122.1314820440377
                ],
                [
                    2293.731668582596,
                    1061.4561274697444
                ],
                [
                    2243.983629050118,
                    999.0554073625331
                ],
                [
                    2242.2582635171993,
                    962.5351702490957
                ],
                [
                    2210.339001158211,
                    851.2490933758659
                ],
                [
                    2175.544129577692,
                    792.2991043344911
                ],
                [
                    2140.46169707502,
                    764.6932558077983
                ],
                [
                    2078.060976967809,
                    725.2974094728305
                ],
                [
                    2026.5875719024132,
                    707.7561932214944
                ],
                [
                    1954.6973413641513,
                    694.5283908024543
                ],
                [
                    1903.2239362987555,
                    693.6657080359952
                ],
                [
                    1865.8410164188588,
                    696.8288781796788
                ],
                [
                    1805.453222766719,
                    711.7820461316373
                ],
                [
                    1750.8166475576397,
                    737.9500900475648
                ],
                [
                    1680.3642216301428,
                    782.8095939034403
                ],
                [
                    1647.294715582542,
                    821.9178793162549
                ],
                [
                    1612.4998440020233,
                    884.8937212677725
                ],
                [
                    1569.078144756913,
                    987.5529704764109
                ],
                [
                    1512.7162040149155,
                    1104.0151439483957
                ],
                [
                    1462.3930426381319,
                    1204.3739057798098
                ],
                [
                    1417.2459778601035,
                    1321.4112010961005
                ],
                [
                    1398.8420788423082,
                    1430.684351514259
                ],
                [
                    1414.08280771642,
                    1541.6828674653352
                ],
                [
                    1445.4269482311022,
                    1667.9221122905233
                ],
                [
                    1487.9859647097528,
                    1819.4667182651795
                ],
                [
                    1526.5191282782614,
                    1950.3069378448167
                ],
                [
                    1549.5240020505048,
                    2009.2569268861919
                ]
            ]
        }
    ]
}