{
    "IMAGE_INFO": {
        "FILE_NAME": "103612@3_01002_220804_P1_T1.jpg",
        "DATE": "2022-08-04 13:36:52",
        "RESOLUTION": "4032 x 3024",
        "IMAGE_PHOTOGRAPHER": "송명임",
        "FOCUS_DISTANCE": "4.2",
        "EXPOSURE_TIME": "0.00787",
        "SENSITIVITY_ISO": null,
        "PLACE": "주택가분리수거장",
        "REGION_NAME": null,
        "Direction": "3",
        "HEIGHT": null,
        "DAY/NIGHT": "주간",
        "WEATHER": "맑음",
        "IMAGE_HEIGHT": 3024,
        "IMAGE_WIDTH": 4032,
        "IMAGE_SIZE": "5.0 MB"
    },
    "ANNOTATION_INFO": [
        {
            "ID": "1",
            "CLASS": "금속캔",
            "DETAILS": "알루미늄캔",
            "DAMAGE": "찌그러짐",
            "DIRTINESS": "오염없음",
            "COVER": "없음",
            "TRANSPARENCY": "불투명",
            "SHAPE": "홀쭉한 원통형",
            "SHAPE_TYPE": "POLYGON",
            "POINTS": [
                [
                    2095.5716763533933,
                    2111.7742255495573
                ],
                [
                    2158.6411627823445,
                    2102.215273523903
                ],
                [
                    2229.0159530942274,
                    2082.7054306651626
                ],
                [
                    2294.513282691426,
                    2048.563205662368
                ],
                [
                    2352.346031165548,
                    1997.6982582092246
                ],
                [
                    2405.998099027083,
                    1941.2590699392983
                ],
                [
                    2421.3272612732358,
                    1898.7554837113294
                ],
                [
                    2435.2628633151926,
                    1845.1034158497944
                ],
                [
                    2444.3210046424647,
                    1755.2187826791712
                ],
                [
                    2469.4050883179866,
                    1578.2366367463158
                ],
                [
                    2484.037470462042,
                    1491.8359040861822
                ],
                [
                    2477.766449543161,
                    1473.0228413295401
                ],
                [
                    2461.043727092813,
                    1453.5129984708
                ],
                [
                    2446.4113449487572,
                    1420.0675535701032
                ],
                [
                    2417.1465806606475,
                    1383.1382081589168
                ],
                [
                    2369.7655337179935,
                    1310.67307754074
                ],
                [
                    2288.9390418746425,
                    1208.2464025323552
                ],
                [
                    2201.144749010313,
                    1115.5746489533406
                ],
                [
                    2166.3057439054196,
                    1075.161403031665
                ],
                [
                    2145.402340842484,
                    1054.9547800708272
                ],
                [
                    2090.3567127767533,
                    1006.1801729239775
                ],
                [
                    2028.3432836900447,
                    977.6121887379653
                ],
                [
                    1962.1491739907483,
                    970.6443877169869
                ],
                [
                    1903.6196454145286,
                    976.9154086358674
                ],
                [
                    1854.148258165581,
                    997.1220315967053
                ],
                [
                    1794.9219494872632,
                    1031.2642565995002
                ],
                [
                    1767.7475255054467,
                    1054.2579999687293
                ],
                [
                    1734.9988607068478,
                    1096.7615861966985
                ],
                [
                    1693.1920545809762,
                    1169.9234969169731
                ],
                [
                    1654.1723688634966,
                    1247.962868351933
                ],
                [
                    1600.520301001962,
                    1361.5380249938833
                ],
                [
                    1558.7134948760906,
                    1443.75807704143
                ],
                [
                    1535.7197515068613,
                    1500.8940454134543
                ],
                [
                    1535.7197515068613,
                    1515.5264275575091
                ],
                [
                    1551.745693855112,
                    1555.2428933770868
                ],
                [
                    1560.107055080286,
                    1574.752736235827
                ],
                [
                    1583.7975785516135,
                    1649.3082071602971
                ],
                [
                    1613.7591229418208,
                    1721.7733377784737
                ],
                [
                    1669.5015311096495,
                    1854.858337279164
                ],
                [
                    1721.7600387669886,
                    1973.3109546357994
                ],
                [
                    1736.3924209110435,
                    1997.001478107126
                ],
                [
                    1795.6187295893612,
                    2047.1696454581715
                ],
                [
                    1861.1160591865596,
                    2087.582891379847
                ],
                [
                    1930.097289294247,
                    2107.789514340685
                ],
                [
                    2029.7368438942406,
                    2116.847655667957
                ]
            ]
        }
    ]
}