{
    "IMAGE_INFO": {
        "FILE_NAME": "103629@1_01002_220804_P1_T1.jpg",
        "DATE": "2022-08-04 13:34:39",
        "RESOLUTION": "4032 x 3024",
        "IMAGE_PHOTOGRAPHER": "송명임",
        "FOCUS_DISTANCE": "4.2",
        "EXPOSURE_TIME": "0.00833",
        "SENSITIVITY_ISO": null,
        "PLACE": "주택가분리수거장",
        "REGION_NAME": null,
        "Direction": "1",
        "HEIGHT": null,
        "DAY/NIGHT": "주간",
        "WEATHER": "맑음",
        "IMAGE_HEIGHT": 3024,
        "IMAGE_WIDTH": 4032,
        "IMAGE_SIZE": "5.6 MB"
    },
    "ANNOTATION_INFO": [
        {
            "ID": "1",
            "CLASS": "금속캔",
            "DETAILS": "알루미늄캔",
            "DAMAGE": "찌그러짐",
            "DIRTINESS": "오염없음",
            "COVER": "없음",
            "TRANSPARENCY": "불투명",
            "SHAPE": "뚱뚱하고 긴 원통형",
            "SHAPE_TYPE": "POLYGON",
            "POINTS": [
                [
                    1535.532878657414,
                    1468.977260093375
                ],
                [
                    1534.532596694007,
                    1410.9609062157724
                ],
                [
                    1540.5342884744484,
                    1328.9377852164034
                ],
                [
                    1547.536262218297,
                    1275.9228411558354
                ],
                [
                    1563.540773632808,
                    1271.921713302208
                ],
                [
                    1594.5495144984232,
                    1238.9124085097787
                ],
                [
                    1611.5543078763412,
                    1233.910998692744
                ],
                [
                    1796.606471106625,
                    1266.920303485173
                ],
                [
                    1953.650739361515,
                    1287.9262247167187
                ],
                [
                    2059.6806274826504,
                    1287.9262247167187
                ],
                [
                    2252.73504642019,
                    1276.9231231192423
                ],
                [
                    2366.767190248581,
                    1269.921149375394
                ],
                [
                    2387.7731114801268,
                    1274.9225591924287
                ],
                [
                    2435.78664572366,
                    1300.9298902410092
                ],
                [
                    2456.792566955206,
                    1298.9293263141954
                ],
                [
                    2472.797078369717,
                    1298.9293263141954
                ],
                [
                    2485.8007438940076,
                    1316.9344016555203
                ],
                [
                    2493.8029996012624,
                    1358.9462441186117
                ],
                [
                    2505.806383162146,
                    1406.9597783621448
                ],
                [
                    2512.808356905995,
                    1467.976978129968
                ],
                [
                    2512.808356905995,
                    1519.991640227129
                ],
                [
                    2504.8061011987393,
                    1558.0023548365925
                ],
                [
                    2495.803563528077,
                    1586.0102498119873
                ],
                [
                    2485.8007438940076,
                    1604.0153251533118
                ],
                [
                    2466.7953865892755,
                    1619.0195546044163
                ],
                [
                    2453.791721064985,
                    1622.0204004946372
                ],
                [
                    2446.7897473211365,
                    1613.0178628239746
                ],
                [
                    2411.779878601894,
                    1633.0235020921134
                ],
                [
                    2389.773675406941,
                    1644.0266036895896
                ],
                [
                    2350.7626788340704,
                    1643.026321726183
                ],
                [
                    2318.7536560050485,
                    1633.0235020921134
                ],
                [
                    2225.7274334082026,
                    1628.0220922750784
                ],
                [
                    2005.6654014586761,
                    1625.0212463848577
                ],
                [
                    2008.6662473488966,
                    1610.017016933754
                ],
                [
                    1829.6157758990544,
                    1605.015607116719
                ],
                [
                    1793.3655575451874,
                    1602.774975518687
                ],
                [
                    1724.86624869108,
                    1610.4571409976522
                ],
                [
                    1650.605315727749,
                    1616.8589455634572
                ],
                [
                    1584.6667286999634,
                    1611.0973214542328
                ],
                [
                    1564.1809540893892,
                    1584.8499227344346
                ],
                [
                    1558.4193299801655,
                    1568.8454113199236
                ],
                [
                    1545.6157208485563,
                    1558.6025240146364
                ],
                [
                    1538.5737358261713,
                    1536.8363884909015
                ],
                [
                    1534.0924726301084,
                    1492.6639369868512
                ]
            ]
        }
    ]
}