{
    "IMAGE_INFO": {
        "FILE_NAME": "103628@2_01002_220804_P1_T1.jpg",
        "DATE": "2022-08-04 13:40:00",
        "RESOLUTION": "4032 x 3024",
        "IMAGE_PHOTOGRAPHER": "송명임",
        "FOCUS_DISTANCE": "4.2",
        "EXPOSURE_TIME": "0.00813",
        "SENSITIVITY_ISO": null,
        "PLACE": "주택가분리수거장",
        "REGION_NAME": null,
        "Direction": "2",
        "HEIGHT": null,
        "DAY/NIGHT": "주간",
        "WEATHER": "맑음",
        "IMAGE_HEIGHT": 3024,
        "IMAGE_WIDTH": 4032,
        "IMAGE_SIZE": "4.5 MB"
    },
    "ANNOTATION_INFO": [
        {
            "ID": "1",
            "CLASS": "금속캔",
            "DETAILS": "알루미늄캔",
            "DAMAGE": "찌그러짐",
            "DIRTINESS": "오염없음",
            "COVER": "없음",
            "TRANSPARENCY": "불투명",
            "SHAPE": "홀쭉한 원통형",
            "SHAPE_TYPE": "POLYGON",
            "POINTS": [
                [
                    886.0247308216213,
                    1725.3429396
                ],
                [
                    1405.9370515135133,
                    1844.370485545946
                ],
                [
                    1670.6543136972973,
                    1894.8381650270271
                ],
                [
                    1875.3816927243245,
                    1890.077063189189
                ],
                [
                    2259.1265008540545,
                    1827.2305189297297
                ],
                [
                    2440.048370691892,
                    1791.9983653297295
                ],
                [
                    2755.2333123567573,
                    1705.3463118810805
                ],
                [
                    2838.0764843351362,
                    1688.2063452648642
                ],
                [
                    2844.780115722812,
                    1679.0650297362158
                ],
                [
                    2876.470009555461,
                    1682.721555947675
                ],
                [
                    2935.5838499740553,
                    1649.2033990092964
                ],
                [
                    2981.2904276172985,
                    1592.5272427316752
                ],
                [
                    3015.41800559092,
                    1507.208297797621
                ],
                [
                    3030.6535314720013,
                    1428.5929842512426
                ],
                [
                    3028.8252683662713,
                    1307.3181982378374
                ],
                [
                    3009.9332162737305,
                    1162.8854128851885
                ],
                [
                    2964.836059665731,
                    1023.327995814486
                ],
                [
                    2916.691797881515,
                    914.8510515411887
                ],
                [
                    2876.4700095554613,
                    863.6596845807561
                ],
                [
                    2855.749694357191,
                    855.127790087351
                ],
                [
                    2813.090221890164,
                    860.61257940454
                ],
                [
                    2797.7084349606243,
                    867.1455729023475
                ],
                [
                    2773.526608282172,
                    862.0751898891237
                ],
                [
                    2747.7846637534976,
                    853.1045122503432
                ],
                [
                    2618.2948821850136,
                    856.2247479507887
                ],
                [
                    2363.2156136736016,
                    858.174895263567
                ],
                [
                    2286.7698390126893,
                    852.324453325232
                ],
                [
                    2088.634872034406,
                    877.286338928795
                ],
                [
                    1757.1098288620813,
                    885.4769576424643
                ],
                [
                    1732.5379727210736,
                    877.286338928795
                ],
                [
                    1700.1655273289523,
                    847.6440997745635
                ],
                [
                    1675.9837006505004,
                    828.1426266467798
                ],
                [
                    1632.300400844265,
                    783.6792679154328
                ],
                [
                    1483.3091461479964,
                    780.5590322149873
                ],
                [
                    1348.3589521037327,
                    780.1690027524315
                ],
                [
                    1120.1917165086622,
                    788.3596214661009
                ],
                [
                    1007.4732018300718,
                    791.869886629102
                ],
                [
                    909.9658361911529,
                    841.0135989111171
                ],
                [
                    881.8837148871443,
                    861.2951309640122
                ],
                [
                    843.660827556688,
                    922.9197860478091
                ],
                [
                    806.9980580764543,
                    1021.5972400743954
                ],
                [
                    772.675465371555,
                    1161.617817131883
                ],
                [
                    752.3939333186597,
                    1282.5269505241424
                ],
                [
                    739.9129905168782,
                    1403.0460544538462
                ],
                [
                    743.4232556798794,
                    1495.4830370795416
                ],
                [
                    759.0244341821063,
                    1584.01972507968
                ],
                [
                    802.3177045257862,
                    1649.934704251589
                ],
                [
                    846.7810632571333,
                    1690.8877978199348
                ],
                [
                    852.6315051954684,
                    1694.0080335203802
                ]
            ]
        }
    ]
}