{
    "IMAGE_INFO": {
        "FILE_NAME": "103690@1_01002_220804_P1_T1.jpg",
        "DATE": "2022-08-04 13:43:23",
        "RESOLUTION": "4032 x 3024",
        "IMAGE_PHOTOGRAPHER": "송명임",
        "FOCUS_DISTANCE": "4.2",
        "EXPOSURE_TIME": "0.00667",
        "SENSITIVITY_ISO": null,
        "PLACE": "주택가분리수거장",
        "REGION_NAME": null,
        "Direction": "1",
        "HEIGHT": null,
        "DAY/NIGHT": "주간",
        "WEATHER": "맑음",
        "IMAGE_HEIGHT": 3024,
        "IMAGE_WIDTH": 4032,
        "IMAGE_SIZE": "4.8 MB"
    },
    "ANNOTATION_INFO": [
        {
            "ID": "1",
            "CLASS": "금속캔",
            "DETAILS": "알루미늄캔",
            "DAMAGE": "원형",
            "DIRTINESS": "이물질(외부)",
            "COVER": "없음",
            "TRANSPARENCY": "불투명",
            "SHAPE": "뚱뚱한 원통형",
            "SHAPE_TYPE": "POLYGON",
            "POINTS": [
                [
                    1576.0897211356469,
                    1545.1088888328072
                ],
                [
                    1577.6526617034701,
                    1440.3918707886432
                ],
                [
                    1601.0967702208204,
                    1329.4230904731858
                ],
                [
                    1622.9779381703472,
                    1276.2831111671921
                ],
                [
                    1653.3283108353612,
                    1255.1569016337767
                ],
                [
                    1684.5691171164872,
                    1242.8654368674322
                ],
                [
                    1703.0063142660035,
                    1246.4504474242826
                ],
                [
                    1795.1923000135873,
                    1298.1770283159822
                ],
                [
                    1877.135398455884,
                    1352.4643310340036
                ],
                [
                    1982.4542687697165,
                    1338.8007338801258
                ],
                [
                    2155.9406717981074,
                    1298.1642791167187
                ],
                [
                    2274.724154952682,
                    1384.1260103470026
                ],
                [
                    2332.5529559621455,
                    1396.6295348895894
                ],
                [
                    2465.40290422713,
                    1416.947762271293
                ],
                [
                    2465.40290422713,
                    1479.465384984227
                ],
                [
                    2451.33643911672,
                    1609.1894521135641
                ],
                [
                    2434.144092870663,
                    1649.8259068769714
                ],
                [
                    2410.6999843533126,
                    1656.0776691482645
                ],
                [
                    2276.2870955205053,
                    1637.3223823343847
                ],
                [
                    2230.9618190536285,
                    1640.4482634700314
                ],
                [
                    2176.258899179811,
                    1663.8923719873817
                ],
                [
                    2119.993038738171,
                    1693.5882427760248
                ],
                [
                    2088.734227381704,
                    1692.0253022082015
                ],
                [
                    1819.9084497160889,
                    1615.4412143848579
                ],
                [
                    1624.5408787381707,
                    1635.7594417665612
                ],
                [
                    1588.5932456782336,
                    1609.1894521135641
                ],
                [
                    1577.6526617034701,
                    1577.9306407570973
                ]
            ]
        }
    ]
}