{
    "IMAGE_INFO": {
        "FILE_NAME": "103743@4_01002_220804_P1_T1.jpg",
        "DATE": "2022-08-04 13:41:43",
        "RESOLUTION": "4032 x 3024",
        "IMAGE_PHOTOGRAPHER": "송명임",
        "FOCUS_DISTANCE": "4.2",
        "EXPOSURE_TIME": "0.00833",
        "SENSITIVITY_ISO": null,
        "PLACE": "주택가분리수거장",
        "REGION_NAME": null,
        "Direction": "4",
        "HEIGHT": null,
        "DAY/NIGHT": "주간",
        "WEATHER": "맑음",
        "IMAGE_HEIGHT": 3024,
        "IMAGE_WIDTH": 4032,
        "IMAGE_SIZE": "4.7 MB"
    },
    "ANNOTATION_INFO": [
        {
            "ID": "1",
            "CLASS": "금속캔",
            "DETAILS": "알루미늄캔",
            "DAMAGE": "찌그러짐",
            "DIRTINESS": "오염없음",
            "COVER": "없음",
            "TRANSPARENCY": "불투명",
            "SHAPE": "뚱뚱한 원통형",
            "SHAPE_TYPE": "BOX",
            "POINTS": [
                [
                    1553.6830388411354,
                    787.8564056509779,
                    943.035014143084,
                    1473.9900559703235
                ]
            ]
        }
    ]
}