{
    "IMAGE_INFO": {
        "FILE_NAME": "10385@1_01002_220715_P1_T1.jpg",
        "DATE": "2022-07-15 18:31:47",
        "RESOLUTION": "4032 x 2268",
        "IMAGE_PHOTOGRAPHER": "박성빈",
        "FOCUS_DISTANCE": null,
        "EXPOSURE_TIME": null,
        "SENSITIVITY_ISO": null,
        "PLACE": "주택가분리수거장",
        "REGION_NAME": null,
        "Direction": "1",
        "HEIGHT": null,
        "DAY/NIGHT": "주간",
        "WEATHER": "맑음",
        "IMAGE_HEIGHT": 2268,
        "IMAGE_WIDTH": 4032,
        "IMAGE_SIZE": "5.6 MB"
    },
    "ANNOTATION_INFO": [
        {
            "ID": "1",
            "CLASS": "금속캔",
            "DETAILS": "알루미늄캔",
            "DAMAGE": "원형",
            "DIRTINESS": "오염없음",
            "COVER": "없음",
            "TRANSPARENCY": "불투명",
            "SHAPE": "뚱뚱하고 긴 원통형",
            "SHAPE_TYPE": "BOX",
            "POINTS": [
                [
                    1889.3895829451722,
                    740.8902167568477,
                    582.4801740402222,
                    273.6611584397782
                ]
            ]
        }
    ]
}