{
    "IMAGE_INFO": {
        "FILE_NAME": "10390@3_01002_220715_P1_T1.jpg",
        "DATE": "2022-07-15 14:41:09",
        "RESOLUTION": "4032 x 3024",
        "IMAGE_PHOTOGRAPHER": "박성빈",
        "FOCUS_DISTANCE": null,
        "EXPOSURE_TIME": null,
        "SENSITIVITY_ISO": null,
        "PLACE": "주택가분리수거장",
        "REGION_NAME": null,
        "Direction": "3",
        "HEIGHT": null,
        "DAY/NIGHT": "주간",
        "WEATHER": "맑음",
        "IMAGE_HEIGHT": 3024,
        "IMAGE_WIDTH": 4032,
        "IMAGE_SIZE": "3.8 MB"
    },
    "ANNOTATION_INFO": [
        {
            "ID": "1",
            "CLASS": "금속캔",
            "DETAILS": "알루미늄캔",
            "DAMAGE": "찌그러짐",
            "DIRTINESS": "오염없음",
            "COVER": "없음",
            "TRANSPARENCY": "불투명",
            "SHAPE": "뚱뚱하고 긴 원통형",
            "SHAPE_TYPE": "BOX",
            "POINTS": [
                [
                    832.9604004741142,
                    943.5212771738616,
                    2034.6016868438242,
                    871.0717114599706
                ]
            ]
        }
    ]
}