{
    "IMAGE_INFO": {
        "FILE_NAME": "10506@3_01002_220719_P1_T1.jpg",
        "DATE": "2022-07-19 09:23:28",
        "RESOLUTION": "4000 x 2250",
        "IMAGE_PHOTOGRAPHER": "전성애",
        "FOCUS_DISTANCE": null,
        "EXPOSURE_TIME": null,
        "SENSITIVITY_ISO": null,
        "PLACE": "주택가분리수거장",
        "REGION_NAME": null,
        "Direction": "3",
        "HEIGHT": null,
        "DAY/NIGHT": "주간",
        "WEATHER": "맑음",
        "IMAGE_HEIGHT": 2250,
        "IMAGE_WIDTH": 4000,
        "IMAGE_SIZE": "3.6 MB"
    },
    "ANNOTATION_INFO": [
        {
            "ID": "1",
            "CLASS": "금속캔",
            "DETAILS": "알루미늄캔",
            "DAMAGE": "찌그러짐",
            "DIRTINESS": "오염없음",
            "COVER": "없음",
            "TRANSPARENCY": "불투명",
            "SHAPE": "뚱뚱한 원통형",
            "SHAPE_TYPE": "BOX",
            "POINTS": [
                [
                    1290.485636602281,
                    158.37575139643744,
                    1327.7490493075425,
                    1254.2860384075034
                ]
            ]
        }
    ]
}