{
    "IMAGE_INFO": {
        "FILE_NAME": "105270@5_01002_220805_P1_T1.jpg",
        "DATE": "2022-08-05 08:52:14",
        "RESOLUTION": "4032 x 2268",
        "IMAGE_PHOTOGRAPHER": "이윤경",
        "FOCUS_DISTANCE": "5.4",
        "EXPOSURE_TIME": "0.00450",
        "SENSITIVITY_ISO": null,
        "PLACE": "주택가분리수거장",
        "REGION_NAME": null,
        "Direction": "5",
        "HEIGHT": null,
        "DAY/NIGHT": "주간",
        "WEATHER": "맑음",
        "IMAGE_HEIGHT": 2268,
        "IMAGE_WIDTH": 4032,
        "IMAGE_SIZE": "3.2 MB"
    },
    "ANNOTATION_INFO": [
        {
            "ID": "1",
            "CLASS": "금속캔",
            "DETAILS": "알루미늄캔",
            "DAMAGE": "원형",
            "DIRTINESS": "오염없음",
            "COVER": "없음",
            "TRANSPARENCY": "불투명",
            "SHAPE": "홀쭉한 원통형",
            "SHAPE_TYPE": "BOX",
            "POINTS": [
                [
                    744.8083381703469,
                    654.6928996845425,
                    2532.842873943219,
                    938.3221604344251
                ]
            ]
        }
    ]
}