{
    "IMAGE_INFO": {
        "FILE_NAME": "105271@4_01002_220805_P1_T1.jpg",
        "DATE": "2022-08-05 08:53:25",
        "RESOLUTION": "4032 x 2268",
        "IMAGE_PHOTOGRAPHER": "이윤경",
        "FOCUS_DISTANCE": "5.4",
        "EXPOSURE_TIME": "0.00415",
        "SENSITIVITY_ISO": null,
        "PLACE": "주택가분리수거장",
        "REGION_NAME": null,
        "Direction": "4",
        "HEIGHT": null,
        "DAY/NIGHT": "주간",
        "WEATHER": "맑음",
        "IMAGE_HEIGHT": 2268,
        "IMAGE_WIDTH": 4032,
        "IMAGE_SIZE": "3.6 MB"
    },
    "ANNOTATION_INFO": [
        {
            "ID": "1",
            "CLASS": "금속캔",
            "DETAILS": "알루미늄캔",
            "DAMAGE": "원형",
            "DIRTINESS": "오염없음",
            "COVER": "없음",
            "TRANSPARENCY": "불투명",
            "SHAPE": "홀쭉한 원통형",
            "SHAPE_TYPE": "POLYGON",
            "POINTS": [
                [
                    1961.389367088607,
                    1882.4639094485515
                ],
                [
                    2093.0673417721514,
                    1857.96568160045
                ],
                [
                    2181.8734177215188,
                    1821.2183398282982
                ],
                [
                    2279.866329113924,
                    1750.7859347650071
                ],
                [
                    2307.426835443038,
                    1704.8517575498172
                ],
                [
                    2313.5513924050633,
                    1646.6684664105767
                ],
                [
                    2316.613670886076,
                    1619.1079600814626
                ],
                [
                    2319.6759493670884,
                    1573.1737828662729
                ],
                [
                    2169.624303797469,
                    345.20011198019625
                ],
                [
                    2148.18835443038,
                    296.2036562839938
                ],
                [
                    2068.569113924051,
                    228.8335297017153
                ],
                [
                    1952.20253164557,
                    185.96163096753807
                ],
                [
                    1826.649113924051,
                    176.77479552450006
                ],
                [
                    1716.4070886075954,
                    210.4598588156393
                ],
                [
                    1624.5387341772155,
                    287.0168208409558
                ],
                [
                    1600.0405063291141,
                    339.07555501817103
                ],
                [
                    1511.2344303797474,
                    1481.3054284358925
                ],
                [
                    1498.9853164556966,
                    1677.291251220703
                ],
                [
                    1523.483544303798,
                    1747.7236562839944
                ],
                [
                    1627.6010126582287,
                    1824.2806183093105
                ],
                [
                    1750.0921518987348,
                    1873.277074005513
                ],
                [
                    1875.645569620254,
                    1882.4639094485512
                ]
            ]
        }
    ]
}