{
    "IMAGE_INFO": {
        "FILE_NAME": "105361@5_01002_220801_P1_T1.jpg",
        "DATE": "2022-08-01 18:26:18",
        "RESOLUTION": "4032 x 2268",
        "IMAGE_PHOTOGRAPHER": "김복선",
        "FOCUS_DISTANCE": "4.32",
        "EXPOSURE_TIME": "0.01667",
        "SENSITIVITY_ISO": null,
        "PLACE": "주택가분리수거장",
        "REGION_NAME": null,
        "Direction": "5",
        "HEIGHT": null,
        "DAY/NIGHT": "주간",
        "WEATHER": "맑음",
        "IMAGE_HEIGHT": 2268,
        "IMAGE_WIDTH": 4032,
        "IMAGE_SIZE": "2.9 MB"
    },
    "ANNOTATION_INFO": [
        {
            "ID": "1",
            "CLASS": "금속캔",
            "DETAILS": "알루미늄캔",
            "DAMAGE": "찌그러짐",
            "DIRTINESS": "오염없음",
            "COVER": "없음",
            "TRANSPARENCY": "불투명",
            "SHAPE": "뚱뚱하고 긴 원통형",
            "SHAPE_TYPE": "POLYGON",
            "POINTS": [
                [
                    606.9267692307694,
                    1462.5124404109076
                ],
                [
                    564.3913846153847,
                    1377.4416711801382
                ],
                [
                    551.6307692307693,
                    1283.863825026292
                ],
                [
                    538.8701538461538,
                    1179.6521327186001
                ],
                [
                    572.8984615384616,
                    990.3696711801382
                ],
                [
                    645.2086153846155,
                    756.4250557955228
                ],
                [
                    736.6596923076926,
                    499.0859788724457
                ],
                [
                    781.3218461538463,
                    482.0718250262919
                ],
                [
                    860.0123076923079,
                    401.2545942570611
                ],
                [
                    885.5335384615387,
                    403.38136348783036
                ],
                [
                    1391.7046153846159,
                    486.3253634878303
                ],
                [
                    1787.2836923076925,
                    522.4804404109072
                ],
                [
                    2025.4818461538466,
                    511.8465942570611
                ],
                [
                    2840.034461538463,
                    326.81767118013795
                ],
                [
                    2925.1052307692316,
                    354.46567118013803
                ],
                [
                    3037.824000000001,
                    377.8601327185996
                ],
                [
                    3101.6270769230773,
                    377.8601327185996
                ],
                [
                    3171.810461538462,
                    377.8601327185996
                ],
                [
                    3214.3458461538467,
                    458.67736348783035
                ],
                [
                    3312.1772307692313,
                    720.2699788724458
                ],
                [
                    3350.4590769230776,
                    903.1721327185996
                ],
                [
                    3371.7267692307696,
                    1052.0459788724459
                ],
                [
                    3375.980307692309,
                    1158.3844404109077
                ],
                [
                    3346.2055384615396,
                    1241.3284404109077
                ],
                [
                    3327.064615384616,
                    1277.4835173339848
                ],
                [
                    3244.1206153846165,
                    1285.9905942570615
                ],
                [
                    3205.83876923077,
                    1303.0047481032154
                ],
                [
                    3099.5003076923085,
                    1417.850286564754
                ],
                [
                    3071.8523076923084,
                    1434.864440410908
                ],
                [
                    2659.259076923079,
                    1594.3721327186
                ],
                [
                    2153.088000000002,
                    1685.8232096416773
                ],
                [
                    1182.6897230769237,
                    1736.4921573339846
                ]
            ]
        }
    ]
}