{
    "IMAGE_INFO": {
        "FILE_NAME": "105392@2_01002_220801_P1_T1.jpg",
        "DATE": "2022-08-01 17:19:20",
        "RESOLUTION": "4032 x 2268",
        "IMAGE_PHOTOGRAPHER": "김복선",
        "FOCUS_DISTANCE": "4.32",
        "EXPOSURE_TIME": "0.02500",
        "SENSITIVITY_ISO": null,
        "PLACE": "주택가분리수거장",
        "REGION_NAME": null,
        "Direction": "2",
        "HEIGHT": null,
        "DAY/NIGHT": "주간",
        "WEATHER": "맑음",
        "IMAGE_HEIGHT": 2268,
        "IMAGE_WIDTH": 4032,
        "IMAGE_SIZE": "2.7 MB"
    },
    "ANNOTATION_INFO": [
        {
            "ID": "1",
            "CLASS": "금속캔",
            "DETAILS": "알루미늄캔",
            "DAMAGE": "원형",
            "DIRTINESS": "오염없음",
            "COVER": "없음",
            "TRANSPARENCY": "불투명",
            "SHAPE": "뚱뚱하고 긴 원통형",
            "SHAPE_TYPE": "POLYGON",
            "POINTS": [
                [
                    807.9928615384613,
                    1305.1381634878305
                ],
                [
                    753.5475692307689,
                    1305.1381634878305
                ],
                [
                    717.8178461538457,
                    1271.109855795523
                ],
                [
                    722.922092307692,
                    1163.9206865647534
                ],
                [
                    743.3390769230766,
                    1117.9824711801382
                ],
                [
                    814.7985230769228,
                    1100.9683173339843
                ],
                [
                    828.4098461538459,
                    966.5565019493689
                ],
                [
                    865.8409846153843,
                    874.6800711801382
                ],
                [
                    879.4523076923074,
                    855.9645019493689
                ],
                [
                    939.0018461538459,
                    854.2630865647535
                ],
                [
                    964.5230769230766,
                    850.8602557955227
                ],
                [
                    1104.0391384615384,
                    765.7894865647534
                ],
                [
                    1131.2617846153846,
                    755.5809942570612
                ],
                [
                    1570.226953846154,
                    765.7894865647534
                ],
                [
                    3069.173907692308,
                    755.5809942570612
                ],
                [
                    3127.022030769231,
                    793.0121327185996
                ],
                [
                    3171.2588307692313,
                    861.0687481032151
                ],
                [
                    3206.9885538461544,
                    893.3956404109073
                ],
                [
                    3239.315446153847,
                    929.1253634878304
                ],
                [
                    3268.2395076923085,
                    1007.3904711801382
                ],
                [
                    3293.7607384615394,
                    1119.6838865647535
                ],
                [
                    3297.1635692307696,
                    1279.6169327185999
                ],
                [
                    3268.2395076923085,
                    1415.7301634878306
                ],
                [
                    3235.912615384616,
                    1468.4740404109077
                ],
                [
                    3206.9885538461544,
                    1495.6966865647537
                ],
                [
                    3183.1687384615393,
                    1519.5165019493693
                ],
                [
                    3159.3489230769233,
                    1568.857548103215
                ],
                [
                    3130.424861538462,
                    1606.2886865647538
                ],
                [
                    3084.486646153847,
                    1619.9000096416767
                ],
                [
                    3041.9512615384624,
                    1621.6014250262922
                ],
                [
                    1127.8589538461536,
                    1670.9424711801385
                ],
                [
                    1042.7881846153841,
                    1631.8099173339845
                ],
                [
                    998.5513846153842,
                    1592.6773634878307
                ],
                [
                    916.8834461538457,
                    1582.4688711801384
                ],
                [
                    867.5423999999996,
                    1573.9617942570615
                ],
                [
                    833.5140923076918,
                    1502.5023481032154
                ],
                [
                    806.2914461538456,
                    1332.360809641677
                ]
            ]
        }
    ]
}