{
    "IMAGE_INFO": {
        "FILE_NAME": "105474@2_01002_220801_P1_T1.jpg",
        "DATE": "2022-08-01 18:26:11",
        "RESOLUTION": "4032 x 2268",
        "IMAGE_PHOTOGRAPHER": "김복선",
        "FOCUS_DISTANCE": "4.32",
        "EXPOSURE_TIME": "0.00833",
        "SENSITIVITY_ISO": null,
        "PLACE": "주택가분리수거장",
        "REGION_NAME": null,
        "Direction": "2",
        "HEIGHT": null,
        "DAY/NIGHT": "주간",
        "WEATHER": "맑음",
        "IMAGE_HEIGHT": 2268,
        "IMAGE_WIDTH": 4032,
        "IMAGE_SIZE": "2.8 MB"
    },
    "ANNOTATION_INFO": [
        {
            "ID": "1",
            "CLASS": "금속캔",
            "DETAILS": "알루미늄캔",
            "DAMAGE": "찌그러짐",
            "DIRTINESS": "오염없음",
            "COVER": "없음",
            "TRANSPARENCY": "불투명",
            "SHAPE": "뚱뚱하고 긴 원통형",
            "SHAPE_TYPE": "POLYGON",
            "POINTS": [
                [
                    562.2646153846155,
                    1395.6853634878303
                ],
                [
                    551.6307692307693,
                    1262.7622865647536
                ],
                [
                    533.0215384615384,
                    1156.423825026292
                ],
                [
                    564.9230769230769,
                    975.6484404109074
                ],
                [
                    618.0923076923077,
                    792.2145942570611
                ],
                [
                    681.8953846153847,
                    603.4638250262919
                ],
                [
                    727.0892307692309,
                    417.3715173339842
                ],
                [
                    780.2584615384617,
                    374.8361327185996
                ],
                [
                    812.1600000000002,
                    342.934594257061
                ],
                [
                    857.3538461538463,
                    300.39920964167646
                ],
                [
                    905.206153846154,
                    300.39920964167646
                ],
                [
                    955.7169230769233,
                    305.7161327185995
                ],
                [
                    1397.0215384615387,
                    369.51920964167647
                ],
                [
                    1761.2307692307695,
                    422.6884404109073
                ],
                [
                    1928.7138461538468,
                    433.32228656475337
                ],
                [
                    2072.27076923077,
                    420.0299788724457
                ],
                [
                    2957.538461538463,
                    313.6915173339841
                ],
                [
                    3125.021538461539,
                    377.49459425706107
                ],
                [
                    3202.116923076924,
                    382.81151733398417
                ],
                [
                    3239.3353846153855,
                    372.177671180138
                ],
                [
                    3268.5784615384623,
                    390.78690194936877
                ],
                [
                    3316.4307692307702,
                    420.02997887244567
                ],
                [
                    3361.6246153846164,
                    563.5869019493688
                ],
                [
                    3420.11076923077,
                    770.9469019493688
                ],
                [
                    3462.6461538461544,
                    1015.5253634878304
                ],
                [
                    3444.0369230769247,
                    1185.6669019493688
                ],
                [
                    3398.843076923078,
                    1276.0545942570614
                ],
                [
                    3348.3323076923093,
                    1302.6392096416766
                ],
                [
                    3308.455384615386,
                    1315.9315173339844
                ],
                [
                    3284.529230769232,
                    1321.2484404109075
                ],
                [
                    3162.2400000000007,
                    1440.8792096416767
                ],
                [
                    2715.6184615384627,
                    1613.6792096416766
                ],
                [
                    2183.926153846155,
                    1701.4084404109074
                ],
                [
                    1189.6615384615393,
                    1727.9930557955229
                ]
            ]
        }
    ]
}