{
    "IMAGE_INFO": {
        "FILE_NAME": "10549@4_01002_220719_P1_T1.jpg",
        "DATE": "2022-07-19 09:15:41",
        "RESOLUTION": "4000 x 2250",
        "IMAGE_PHOTOGRAPHER": "전성애",
        "FOCUS_DISTANCE": null,
        "EXPOSURE_TIME": null,
        "SENSITIVITY_ISO": null,
        "PLACE": "주택가분리수거장",
        "REGION_NAME": null,
        "Direction": "4",
        "HEIGHT": null,
        "DAY/NIGHT": "주간",
        "WEATHER": "맑음",
        "IMAGE_HEIGHT": 2250,
        "IMAGE_WIDTH": 4000,
        "IMAGE_SIZE": "3.6 MB"
    },
    "ANNOTATION_INFO": [
        {
            "ID": "1",
            "CLASS": "금속캔",
            "DETAILS": "알루미늄캔",
            "DAMAGE": "찌그러짐",
            "DIRTINESS": "오염없음",
            "COVER": "없음",
            "TRANSPARENCY": "불투명",
            "SHAPE": "뚱뚱하고 긴 원통형",
            "SHAPE_TYPE": "BOX",
            "POINTS": [
                [
                    1129.6883984681597,
                    34.179952829322296,
                    1234.2659731123206,
                    1442.688474824129
                ]
            ]
        }
    ]
}