{
    "IMAGE_INFO": {
        "FILE_NAME": "105400@4_01002_220801_P1_T1.jpg",
        "DATE": "2022-08-01 18:26:15",
        "RESOLUTION": "4032 x 2268",
        "IMAGE_PHOTOGRAPHER": "김복선",
        "FOCUS_DISTANCE": "4.32",
        "EXPOSURE_TIME": "0.01667",
        "SENSITIVITY_ISO": null,
        "PLACE": "주택가분리수거장",
        "REGION_NAME": null,
        "Direction": "4",
        "HEIGHT": null,
        "DAY/NIGHT": "주간",
        "WEATHER": "맑음",
        "IMAGE_HEIGHT": 2268,
        "IMAGE_WIDTH": 4032,
        "IMAGE_SIZE": "2.8 MB"
    },
    "ANNOTATION_INFO": [
        {
            "ID": "1",
            "CLASS": "금속캔",
            "DETAILS": "알루미늄캔",
            "DAMAGE": "찌그러짐",
            "DIRTINESS": "오염없음",
            "COVER": "없음",
            "TRANSPARENCY": "불투명",
            "SHAPE": "뚱뚱하고 긴 원통형",
            "SHAPE_TYPE": "POLYGON",
            "POINTS": [
                [
                    1387.052307692308,
                    713.1585942570613
                ],
                [
                    1540.179692307693,
                    266.5370557955228
                ],
                [
                    1633.7575384615388,
                    213.36782502629194
                ],
                [
                    1720.9550769230773,
                    181.4662865647535
                ],
                [
                    1840.0541538461543,
                    145.31120964167658
                ],
                [
                    1954.899692307693,
                    141.0576711801381
                ],
                [
                    2067.6184615384623,
                    141.0576711801381
                ],
                [
                    2199.478153846155,
                    175.0859788724458
                ],
                [
                    2456.817230769231,
                    523.8761327185997
                ],
                [
                    2529.1273846153854,
                    819.497055795523
                ],
                [
                    2571.6627692307698,
                    981.1315173339846
                ],
                [
                    2552.5218461538466,
                    1300.1469019493693
                ],
                [
                    2486.5920000000006,
                    1587.2607481032153
                ],
                [
                    2446.183384615385,
                    1653.1905942570615
                ],
                [
                    2380.253538461539,
                    1753.1487481032157
                ],
                [
                    2369.6196923076927,
                    1821.2053634878312
                ],
                [
                    2312.1969230769237,
                    1897.7690557955234
                ],
                [
                    2224.999384615385,
                    1931.7973634878313
                ],
                [
                    2105.900307692308,
                    1957.318594257062
                ],
                [
                    1999.5618461538465,
                    1978.5862865647541
                ],
                [
                    1837.9273846153849,
                    1978.5862865647541
                ],
                [
                    1706.0676923076924,
                    1948.811517333985
                ],
                [
                    1623.1236923076926,
                    1889.2619788724467
                ],
                [
                    1599.729230769231,
                    1848.853363487831
                ],
                [
                    1578.4615384615386,
                    1778.6699788724466
                ],
                [
                    1491.2640000000001,
                    1704.2330557955236
                ],
                [
                    1467.869538461539,
                    1661.697671180139
                ],
                [
                    1421.0806153846158,
                    1487.3025942570619
                ],
                [
                    1336.0098461538464,
                    1161.9069019493695
                ]
            ]
        }
    ]
}