{
    "IMAGE_INFO": {
        "FILE_NAME": "105465@3_01002_220801_P1_T1.jpg",
        "DATE": "2022-08-01 18:10:31",
        "RESOLUTION": "4032 x 2268",
        "IMAGE_PHOTOGRAPHER": "김복선",
        "FOCUS_DISTANCE": "4.32",
        "EXPOSURE_TIME": "0.03333",
        "SENSITIVITY_ISO": null,
        "PLACE": "주택가분리수거장",
        "REGION_NAME": null,
        "Direction": "3",
        "HEIGHT": null,
        "DAY/NIGHT": "주간",
        "WEATHER": "맑음",
        "IMAGE_HEIGHT": 2268,
        "IMAGE_WIDTH": 4032,
        "IMAGE_SIZE": "2.3 MB"
    },
    "ANNOTATION_INFO": [
        {
            "ID": "1",
            "CLASS": "금속캔",
            "DETAILS": "알루미늄캔",
            "DAMAGE": "원형",
            "DIRTINESS": "오염없음",
            "COVER": "없음",
            "TRANSPARENCY": "불투명",
            "SHAPE": "뚱뚱한 원통형",
            "SHAPE_TYPE": "POLYGON",
            "POINTS": [
                [
                    1724.4843441230778,
                    317.313511672446
                ],
                [
                    1766.2983286153858,
                    259.8192829955229
                ],
                [
                    1822.0503079384623,
                    220.61867253398438
                ],
                [
                    1915.260648369232,
                    179.67581271859976
                ],
                [
                    1985.821747200001,
                    170.964565949369
                ],
                [
                    2044.1871005538474,
                    170.0934412724459
                ],
                [
                    2098.196830523078,
                    178.80468804167666
                ],
                [
                    2135.6551916307703,
                    191.87155819552285
                ],
                [
                    2194.020544984616,
                    216.26304914936898
                ],
                [
                    2249.772524307694,
                    249.36578687244594
                ],
                [
                    2284.6175113846166,
                    295.535394749369
                ],
                [
                    2299.426630892309,
                    317.313511672446
                ],
                [
                    2356.9208595692317,
                    361.7408701955229
                ],
                [
                    2394.3792206769244,
                    425.3329716109076
                ],
                [
                    2418.77071163077,
                    503.73419253398447
                ],
                [
                    2557.8607496459836,
                    1551.9759387690615
                ],
                [
                    2557.8607496459836,
                    1589.9095855004832
                ],
                [
                    2541.603472475374,
                    1663.9705148332587
                ],
                [
                    2451.2852659719897,
                    1761.514177856914
                ],
                [
                    2379.030700769282,
                    1815.7051017589447
                ],
                [
                    2314.001592086845,
                    1862.6705691407049
                ],
                [
                    2182.137010591903,
                    1906.0233082623297
                ],
                [
                    2019.564238885811,
                    1929.5060419532094
                ],
                [
                    1866.0232878300571,
                    1907.829672392397
                ],
                [
                    1755.8350758959277,
                    1871.7023897910433
                ],
                [
                    1665.516869392543,
                    1822.9305582792158
                ],
                [
                    1634.8086791813923,
                    1797.6414604582678
                ],
                [
                    1564.3604781087524,
                    1741.6441724261692
                ],
                [
                    1495.7186411661799,
                    1600.7477702808894
                ],
                [
                    1483.0740922557059,
                    1535.7186615984524
                ],
                [
                    1521.0077389871276,
                    1344.2440638112769
                ],
                [
                    1613.13230962058,
                    480.80200963891986
                ],
                [
                    1651.0659563520016,
                    386.8710748753998
                ],
                [
                    1705.2568802540322,
                    336.2928792335045
                ]
            ]
        }
    ]
}