{
    "IMAGE_INFO": {
        "FILE_NAME": "105500@2_01002_220801_P1_T1.jpg",
        "DATE": "2022-08-01 16:57:05",
        "RESOLUTION": "4032 x 2268",
        "IMAGE_PHOTOGRAPHER": "김복선",
        "FOCUS_DISTANCE": "4.32",
        "EXPOSURE_TIME": "0.02500",
        "SENSITIVITY_ISO": null,
        "PLACE": "주택가분리수거장",
        "REGION_NAME": null,
        "Direction": "2",
        "HEIGHT": null,
        "DAY/NIGHT": "주간",
        "WEATHER": "맑음",
        "IMAGE_HEIGHT": 2268,
        "IMAGE_WIDTH": 4032,
        "IMAGE_SIZE": "3.0 MB"
    },
    "ANNOTATION_INFO": [
        {
            "ID": "1",
            "CLASS": "금속캔",
            "DETAILS": "알루미늄캔",
            "DAMAGE": "원형",
            "DIRTINESS": "오염없음",
            "COVER": "없음",
            "TRANSPARENCY": "불투명",
            "SHAPE": "뚱뚱한 원통형",
            "SHAPE_TYPE": "POLYGON",
            "POINTS": [
                [
                    1301.815384615385,
                    1895.6422865647537
                ],
                [
                    1075.8461538461538,
                    1746.1038250262923
                ],
                [
                    976.1538461538462,
                    1732.8115173339845
                ],
                [
                    899.7230769230771,
                    1672.9961327186
                ],
                [
                    839.9076923076925,
                    1420.4422865647537
                ],
                [
                    843.2307692307693,
                    1091.4576711801383
                ],
                [
                    866.4923076923078,
                    812.3192096416768
                ],
                [
                    962.8615384615385,
                    619.5807481032151
                ],
                [
                    1059.2307692307693,
                    586.3499788724458
                ],
                [
                    1122.369230769231,
                    589.6730557955228
                ],
                [
                    1354.9846153846156,
                    456.7499788724459
                ],
                [
                    2893.5692307692307,
                    506.5961327185998
                ],
                [
                    2979.969230769231,
                    622.9038250262921
                ],
                [
                    3033.138461538462,
                    705.9807481032152
                ],
                [
                    3096.2769230769236,
                    769.1192096416765
                ],
                [
                    3149.446153846154,
                    1048.2576711801382
                ],
                [
                    3136.153846153846,
                    1317.426901949369
                ],
                [
                    3109.569230769231,
                    1533.4269019493688
                ],
                [
                    3063.046153846154,
                    1663.0269019493692
                ],
                [
                    3033.138461538462,
                    1716.1961327186
                ],
                [
                    3009.876923076923,
                    1729.4884404109075
                ],
                [
                    2950.061538461539,
                    1862.4115173339846
                ],
                [
                    2850.369230769231,
                    1935.5192096416765
                ]
            ]
        }
    ]
}