{
    "IMAGE_INFO": {
        "FILE_NAME": "105520@3_01002_220801_P1_T1.jpg",
        "DATE": "2022-08-01 16:53:26",
        "RESOLUTION": "4032 x 2268",
        "IMAGE_PHOTOGRAPHER": "김복선",
        "FOCUS_DISTANCE": "4.32",
        "EXPOSURE_TIME": "0.02500",
        "SENSITIVITY_ISO": null,
        "PLACE": "주택가분리수거장",
        "REGION_NAME": null,
        "Direction": "3",
        "HEIGHT": null,
        "DAY/NIGHT": "주간",
        "WEATHER": "맑음",
        "IMAGE_HEIGHT": 2268,
        "IMAGE_WIDTH": 4032,
        "IMAGE_SIZE": "2.9 MB"
    },
    "ANNOTATION_INFO": [
        {
            "ID": "1",
            "CLASS": "금속캔",
            "DETAILS": "알루미늄캔",
            "DAMAGE": "원형",
            "DIRTINESS": "오염없음",
            "COVER": "없음",
            "TRANSPARENCY": "불투명",
            "SHAPE": "뚱뚱한 원통형",
            "SHAPE_TYPE": "POLYGON",
            "POINTS": [
                [
                    1720.224,
                    1959.3456711801382
                ],
                [
                    1588.3643076923076,
                    1857.2607481032148
                ],
                [
                    1547.9556923076923,
                    1736.034901949369
                ],
                [
                    1540.3578851930954,
                    1663.2034811019003
                ],
                [
                    1554.3359999999998,
                    1585.0342865647535
                ],
                [
                    1737.2381538461536,
                    566.3118250262917
                ],
                [
                    1781.9003076923075,
                    491.87490194936856
                ],
                [
                    1879.7316923076921,
                    406.80413271859925
                ],
                [
                    1954.1686153846154,
                    353.63490194936855
                ],
                [
                    2055.0778212483974,
                    311.48916725841235
                ],
                [
                    2165.3209466520807,
                    311.48916725841235
                ],
                [
                    2254.043076923077,
                    332.3672096416762
                ],
                [
                    2313.592615384616,
                    360.0152096416763
                ],
                [
                    2385.902769230769,
                    419.56474810321464
                ],
                [
                    2486.476022613576,
                    522.1482370743474
                ],
                [
                    2524.142769230769,
                    600.3401327185994
                ],
                [
                    2532.6498461538463,
                    664.1432096416761
                ],
                [
                    2677.270153846154,
                    1695.6262865647539
                ],
                [
                    2656.0024615384614,
                    1808.3450557955232
                ],
                [
                    2573.058461538462,
                    1897.6693634878307
                ],
                [
                    2528.396307692308,
                    1935.9512096416768
                ],
                [
                    2447.579076923077,
                    1986.9936711801386
                ],
                [
                    2388.0295384615383,
                    2025.2755173339847
                ],
                [
                    2206.602830769231,
                    2082.3659788724462
                ],
                [
                    1977.932603076923,
                    2072.8380527186005
                ],
                [
                    1830.8159999999998,
                    2025.2755173339847
                ]
            ]
        }
    ]
}